game,player,team,role,pp,market,side,line,book,odds,alt,model_mean,mkt_mean,model_p,mkt_p,toi_x,hist_min,note,mkt_src,cal,implied,blend_p,edge,ev,gap,fair_blend,ceiling,decision,run_ts_utc,snapshot,key,sog,goals,assists,points,toi_y,actual,settled,win,dec,pnl_per_unit,entity,oddID,close_odds,clv_prob
PIT@PHI,Sean Couturier,PHI,f4,-,G,over,1.5,fanduel,10000,False,0.1755213243938973,0.1857171457951012,0.0137146798195522,0.0152518619667885,13.676273301042125,1913.6066666666663,,sgo_fair@0.5,1.0777230155902748,0.0099009900990099,0.014636989107894,0.0047359990088841,0.4783358998973002,-0.0015371821472363,6732,,pass,2026-09-30T22:56:39+00:00,sgo_slate_alt_20260930T225639Z.json,seancouturier,0.0,0.0,0.0,0.0,15:04,0.0,True,0.0,101.0,-1.0,SEAN_COUTURIER_1_NHL,points-SEAN_COUTURIER_1_NHL-game-ou-over,8000.0,0.002444688913335779
PIT@PHI,Sean Couturier,PHI,f4,-,G,over,1.5,fanduel,10000,False,0.1755213243938973,0.1857171457951012,0.0137146798195522,0.0152518619667885,13.676273301042125,1913.6066666666663,,sgo_fair@0.5,1.0777230155902748,0.0099009900990099,0.014636989107894,0.0047359990088841,0.4783358998973002,-0.0015371821472363,6732,,pass,2026-09-30T22:56:39+00:00,sgo_slate_alt_20260930T225639Z.json,seancouturier,0.0,0.0,0.0,0.0,15:04,0.0,True,0.0,101.0,-1.0,SEAN_COUTURIER_1_NHL,points-SEAN_COUTURIER_1_NHL-game-ou-over,10000.0,1.734723475976807e-18
PIT@PHI,Christian Dvorak,PHI,f2,-,G,over,1.5,fanduel,4500,False,0.2479207918604918,0.2439206792559677,0.0260954635368986,0.0253262210158867,16.72216638152267,2039.2425,,sgo_fair@0.5,1.0777230155902748,0.0217391304347826,0.0256339180242914,0.0038947875895088,0.1791602291174083,0.0007692425210119,3801,157649.0,pass,2026-09-30T22:56:39+00:00,sgo_slate_alt_20260930T225639Z.json,christiandvorak,2.0,0.0,0.0,0.0,14:58,0.0,True,0.0,46.0,-1.0,CHRISTIAN_DVORAK_1_NHL,points-CHRISTIAN_DVORAK_1_NHL-game-ou-over,4000.0,0.002651113467656424
PIT@PHI,Christian Dvorak,PHI,f2,-,G,over,1.5,fanduel,4500,False,0.2479207918604918,0.2439206792559677,0.0260954635368986,0.0253262210158867,16.72216638152267,2039.2425,,sgo_fair@0.5,1.0777230155902748,0.0217391304347826,0.0256339180242914,0.0038947875895088,0.1791602291174083,0.0007692425210119,3801,157649.0,pass,2026-09-30T22:56:39+00:00,sgo_slate_alt_20260930T225639Z.json,christiandvorak,2.0,0.0,0.0,0.0,14:58,0.0,True,0.0,46.0,-1.0,CHRISTIAN_DVORAK_1_NHL,points-CHRISTIAN_DVORAK_1_NHL-game-ou-over,7000.0,-0.00765462339252908
PIT@PHI,Travis Konecny,PHI,f2,PP2,PTS,over,1.5,draftkings,370,True,0.8535395290243577,1.0191197854576215,0.2105686942992354,0.2712744691683035,17.79007170032192,2230.1783333333337,,"draftkings@0.5,sgo_fair@1.0",1.0472579744117947,0.2127659574468085,0.2469921592206763,0.0342262017738677,0.1608631483371787,-0.0607057748690681,305,350.0,BET,2026-09-30T22:56:39+00:00,sgo_slate_alt_20260930T225639Z.json,traviskonecny,2.0,0.0,0.0,0.0,14:47,0.0,True,0.0,4.7,-1.0,TRAVIS_KONECNY_1_NHL,goals+assists-TRAVIS_KONECNY_1_NHL-game-ou-over,370.0,0.0
PIT@PHI,Travis Konecny,PHI,f2,PP2,PTS,over,1.5,draftkings,370,True,0.8535395290243577,1.0191197854576215,0.2105686942992354,0.2712744691683035,17.79007170032192,2230.1783333333337,,"draftkings@0.5,sgo_fair@1.0",1.0472579744117947,0.2127659574468085,0.2469921592206763,0.0342262017738677,0.1608631483371787,-0.0607057748690681,305,350.0,BET,2026-09-30T22:56:39+00:00,sgo_slate_alt_20260930T225639Z.json,traviskonecny,2.0,0.0,0.0,0.0,14:47,0.0,True,0.0,4.7,-1.0,TRAVIS_KONECNY_1_NHL,goals+assists-TRAVIS_KONECNY_1_NHL-game-ou-over,550.0,-0.05891980360065466
PIT@PHI,Porter Martone,PHI,f1,PP1,SOG,over,3.5,fanduel,255,True,2.858866874003733,2.863320513474742,0.3227486468765457,0.3236872375838907,17.520370370370372,153.36666666666667,,"draftkings@2.5,fanduel@2.5,pinnacle@2.5,sgo_fair@3.0",1.049054075237431,0.2816901408450704,0.3233118013009527,0.0416216604558822,0.147756894618382,-0.0009385907073449,209,235.0,BET,2026-09-30T22:56:39+00:00,sgo_slate_alt_20260930T225639Z.json,portermartone,0.0,0.0,0.0,0.0,14:05,0.0,True,0.0,3.55,-1.0,PORTER_MARTONE_1_NHL,shots_onGoal-PORTER_MARTONE_1_NHL-game-ou-over,265.0,-0.007717538105344368
PIT@PHI,Porter Martone,PHI,f1,PP1,SOG,over,3.5,fanduel,255,True,2.858866874003733,2.863320513474742,0.3227486468765457,0.3236872375838907,17.520370370370372,153.36666666666667,,"draftkings@2.5,fanduel@2.5,pinnacle@2.5,sgo_fair@3.0",1.049054075237431,0.2816901408450704,0.3233118013009527,0.0416216604558822,0.147756894618382,-0.0009385907073449,209,235.0,BET,2026-09-30T22:56:39+00:00,sgo_slate_alt_20260930T225639Z.json,portermartone,0.0,0.0,0.0,0.0,14:05,0.0,True,0.0,3.55,-1.0,PORTER_MARTONE_1_NHL,shots_onGoal-PORTER_MARTONE_1_NHL-game-ou-over,305.0,-0.034776560598156814
PIT@PHI,Porter Martone,PHI,f1,PP1,SOG,over,4.5,fanduel,560,True,2.858866874003733,2.863320513474742,0.1721254507137642,0.1728272822456009,17.520370370370372,153.36666666666667,,"draftkings@2.5,fanduel@2.5,pinnacle@2.5,sgo_fair@3.0",1.049054075237431,0.1515151515151515,0.1725465496328662,0.0210313981177147,0.1388072275769174,-0.0007018315318367,480,578.0,lean,2026-09-30T22:56:39+00:00,sgo_slate_alt_20260930T225639Z.json,portermartone,0.0,0.0,0.0,0.0,14:05,0.0,True,0.0,6.6,-1.0,PORTER_MARTONE_1_NHL,shots_onGoal-PORTER_MARTONE_1_NHL-game-ou-over,600.0,-0.008658008658008642
PIT@PHI,Porter Martone,PHI,f1,PP1,SOG,over,4.5,fanduel,560,True,2.858866874003733,2.863320513474742,0.1721254507137642,0.1728272822456009,17.520370370370372,153.36666666666667,,"draftkings@2.5,fanduel@2.5,pinnacle@2.5,sgo_fair@3.0",1.049054075237431,0.1515151515151515,0.1725465496328662,0.0210313981177147,0.1388072275769174,-0.0007018315318367,480,578.0,lean,2026-09-30T22:56:39+00:00,sgo_slate_alt_20260930T225639Z.json,portermartone,0.0,0.0,0.0,0.0,14:05,0.0,True,0.0,6.6,-1.0,PORTER_MARTONE_1_NHL,shots_onGoal-PORTER_MARTONE_1_NHL-game-ou-over,680.0,-0.023310023310023298
NYI@TOR,Tony DeAngelo,NYI,d3,PP2,SOG,over,3.5,draftkings,650,True,1.9083498808556525,2.0493637849142767,0.1342108990206972,0.1593436013364778,18.18105358764759,1822.348333333333,,"draftkings@1.5,sgo_fair@2.0",1.049054075237431,0.1333333333333333,0.1492905204101655,0.0159571870768322,0.1196789030762417,-0.0251327023157806,570,705.0,lean,2026-09-30T22:56:39+00:00,sgo_slate_alt_20260930T225639Z.json,tonydeangelo,0.0,0.0,0.0,0.0,17:14,0.0,True,0.0,7.5,-1.0,,shots_onGoal-nan-game-ou-over,,
LAK@COL,Adrian Kempe,LAK,f1,PP1,SOG,over,3.5,draftkings,255,True,2.724080635461652,2.864901153745354,0.2943791883258133,0.3240203553663434,18.62954093940684,2261.9791666666665,,"draftkings@2.5,fanduel@2.5,pinnacle@2.5,sgo_fair@3.0",1.049054075237431,0.2816901408450704,0.3121638885501314,0.0304737477050609,0.1081818043529663,-0.0296411670405301,220,248.0,BET,2026-09-30T22:56:39+00:00,sgo_slate_alt_20260930T225639Z.json,adriankempe,3.0,0.0,0.0,0.0,19:23,3.0,True,0.0,3.55,-1.0,,shots_onGoal-nan-game-ou-over,,
NYI@TOR,Bo Horvat,NYI,f1,PP1,PTS,over,1.5,fanduel,350,True,0.801267980022136,1.0427583078969032,0.1916637287677118,0.2799663281494883,19.278630126057124,2147.205833333333,,"draftkings@0.5,sgo_fair@1.0",1.0472579744117947,0.2222222222222222,0.2446452883967777,0.0224230661745555,0.1009037977854998,-0.0883025993817764,309,355.0,lean,2026-09-30T22:56:39+00:00,sgo_slate_alt_20260930T225639Z.json,bohorvat,4.0,0.0,1.0,1.0,22:31,1.0,True,0.0,4.5,-1.0,,goals+assists-nan-game-ou-over,,
PIT@PHI,Travis Konecny,PHI,f2,PP2,SOG,over,2.5,fanduel,215,True,2.143814949348693,2.0711828002167736,0.3602627022367241,0.341570833091898,17.79007170032192,2230.1783333333337,,"draftkings@1.5,fanduel@1.5,pinnacle@1.5,sgo_fair@2.0",1.049054075237431,0.3174603174603174,0.3490475807498284,0.031587263289511,0.0994998793619594,0.018691869144826,186,209.0,BET,2026-09-30T22:56:39+00:00,sgo_slate_alt_20260930T225639Z.json,traviskonecny,2.0,0.0,0.0,0.0,14:47,2.0,True,0.0,3.15,-1.0,TRAVIS_KONECNY_1_NHL,shots_onGoal-TRAVIS_KONECNY_1_NHL-game-ou-over,225.0,-0.009768009768009678
PIT@PHI,Travis Konecny,PHI,f2,PP2,SOG,over,2.5,fanduel,215,True,2.143814949348693,2.0711828002167736,0.3602627022367241,0.341570833091898,17.79007170032192,2230.1783333333337,,"draftkings@1.5,fanduel@1.5,pinnacle@1.5,sgo_fair@2.0",1.049054075237431,0.3174603174603174,0.3490475807498284,0.031587263289511,0.0994998793619594,0.018691869144826,186,209.0,BET,2026-09-30T22:56:39+00:00,sgo_slate_alt_20260930T225639Z.json,traviskonecny,2.0,0.0,0.0,0.0,14:47,2.0,True,0.0,3.15,-1.0,TRAVIS_KONECNY_1_NHL,shots_onGoal-TRAVIS_KONECNY_1_NHL-game-ou-over,240.0,-0.023342670401493848
LAK@COL,Artturi Lehkonen,COL,f1,PP2,G,over,1.5,fanduel,2500,True,0.3519480134015632,0.3032419220004773,0.0491524061821035,0.0376595335524623,18.532657100445324,1926.55,,"fanduel@0.5,pinnacle@0.5,sgo_fair@0.5",1.0777230155902748,0.0384615384615384,0.0422566826043188,0.0037951441427803,0.0986737477122894,0.0114928726296412,2266,5695.0,pass,2026-09-30T22:56:39+00:00,sgo_slate_alt_20260930T225639Z.json,artturilehkonen,3.0,2.0,0.0,2.0,19:27,2.0,True,1.0,26.0,25.0,,points-nan-game-ou-over,,
PIT@PHI,Trevor Zegras,PHI,f1,PP1,SOG,over,2.5,fanduel,240,True,2.175144573449077,1.8772992790423828,0.3682849477242504,0.2913122454974509,18.15746991717456,1953.2883333333332,,"draftkings@1.5,fanduel@1.5,pinnacle@1.5,sgo_fair@1.5",1.049054075237431,0.2941176470588235,0.3221013263881707,0.0279836793293472,0.0951445097197805,0.0769727022267994,210,237.0,BET,2026-09-30T22:56:39+00:00,sgo_slate_alt_20260930T225639Z.json,trevorzegras,1.0,0.0,0.0,0.0,16:25,1.0,True,0.0,3.4,-1.0,TREVOR_ZEGRAS_1_NHL,shots_onGoal-TREVOR_ZEGRAS_1_NHL-game-ou-over,245.0,-0.004262574595055357
PIT@PHI,Trevor Zegras,PHI,f1,PP1,SOG,over,2.5,fanduel,240,True,2.175144573449077,1.8772992790423828,0.3682849477242504,0.2913122454974509,18.15746991717456,1953.2883333333332,,"draftkings@1.5,fanduel@1.5,pinnacle@1.5,sgo_fair@1.5",1.049054075237431,0.2941176470588235,0.3221013263881707,0.0279836793293472,0.0951445097197805,0.0769727022267994,210,237.0,BET,2026-09-30T22:56:39+00:00,sgo_slate_alt_20260930T225639Z.json,trevorzegras,1.0,0.0,0.0,0.0,16:25,1.0,True,0.0,3.4,-1.0,TREVOR_ZEGRAS_1_NHL,shots_onGoal-TREVOR_ZEGRAS_1_NHL-game-ou-over,260.0,-0.016339869281045694
PIT@PHI,Travis Konecny,PHI,f2,PP2,PTS,over,2.5,draftkings,1400,True,0.8535395290243577,1.0191197854576215,0.0554265554074256,0.0838516908574217,17.79007170032192,2230.1783333333337,,"draftkings@0.5,sgo_fair@1.0",1.0472579744117947,0.0666666666666666,0.0724816366774233,0.0058149700107566,0.0872245501613497,-0.0284251354499961,1280,2006.0,pass,2026-09-30T22:56:39+00:00,sgo_slate_alt_20260930T225639Z.json,traviskonecny,2.0,0.0,0.0,0.0,14:47,0.0,True,0.0,15.0,-1.0,TRAVIS_KONECNY_1_NHL,goals+assists-TRAVIS_KONECNY_1_NHL-game-ou-over,1400.0,6.938893903907228e-17
LAK@COL,Adrian Kempe,LAK,f1,PP1,SOG,over,5.5,draftkings,1300,True,2.724080635461652,2.864901153745354,0.0694726735442048,0.0826755683110646,18.62954093940684,2261.9791666666665,,"draftkings@2.5,fanduel@2.5,pinnacle@2.5,sgo_fair@3.0",1.049054075237431,0.0714285714285714,0.0773944104043207,0.0059658389757493,0.0835217456604904,-0.0132028947668597,1192,1809.0,pass,2026-09-30T22:56:39+00:00,sgo_slate_alt_20260930T225639Z.json,adriankempe,3.0,0.0,0.0,0.0,19:23,3.0,True,0.0,14.0,-1.0,,shots_onGoal-nan-game-ou-over,,
NYI@TOR,Tony DeAngelo,NYI,d3,PP2,SOG,over,4.5,draftkings,1700,True,1.9083498808556525,2.0493637849142767,0.0518492875408972,0.0653252255145233,18.18105358764759,1822.348333333333,,"draftkings@1.5,sgo_fair@2.0",1.049054075237431,0.0555555555555555,0.0599348503250728,0.0043792947695173,0.0788273058513118,-0.013475937973626,1568,2762.0,pass,2026-09-30T22:56:39+00:00,sgo_slate_alt_20260930T225639Z.json,tonydeangelo,0.0,0.0,0.0,0.0,17:14,0.0,True,0.0,18.0,-1.0,,shots_onGoal-nan-game-ou-over,,
LAK@COL,Nazem Kadri,COL,f2,PP2,SOG,over,3.5,fanduel,325,True,2.725185691129943,2.396569607305325,0.2946112467874801,0.2266346641593574,17.56882499268364,2179.7783333333336,,"draftkings@2.5,fanduel@2.5,pinnacle@2.5,sgo_fair@2.5",1.049054075237431,0.2352941176470588,0.2538252972106065,0.0185311795635476,0.0787575131450775,0.0679765826281227,294,337.0,lean,2026-09-30T22:56:39+00:00,sgo_slate_alt_20260930T225639Z.json,nazemkadri,2.0,0.0,2.0,2.0,17:57,2.0,True,0.0,4.25,-1.0,,shots_onGoal-nan-game-ou-over,,
PIT@PHI,Evgeni Malkin,PIT,f2,PP2,SOG,over,2.5,fanduel,225,True,2.137186161373,1.9634612706407568,0.3585619396665029,0.3136799677914277,16.83075923787529,1529.4875,,"draftkings@1.5,fanduel@1.5,pinnacle@1.5,sgo_fair@2.5",1.049054075237431,0.3076923076923077,0.3316327565414578,0.02394044884915,0.0778064587597378,0.0448819718750752,202,226.0,lean,2026-09-30T22:56:39+00:00,sgo_slate_alt_20260930T225639Z.json,evgenimalkin,2.0,1.0,0.0,1.0,15:47,2.0,True,0.0,3.25,-1.0,,shots_onGoal-nan-game-ou-over,,
NYI@TOR,Tony DeAngelo,NYI,d3,PP2,SOG,over,2.5,draftkings,235,True,1.9083498808556525,2.0493637849142767,0.2993732649300041,0.3359345690675413,18.18105358764759,1822.348333333333,,"draftkings@1.5,sgo_fair@2.0",1.049054075237431,0.2985074626865671,0.3213100474125264,0.0228025847259593,0.0763886588319635,-0.0365613041375372,211,237.0,lean,2026-09-30T22:56:39+00:00,sgo_slate_alt_20260930T225639Z.json,tonydeangelo,0.0,0.0,0.0,0.0,17:14,0.0,True,0.0,3.35,-1.0,,shots_onGoal-nan-game-ou-over,,
PIT@PHI,Evgeni Malkin,PIT,f2,PP2,A,over,0.5,fanduel,164,False,0.5916498419328473,0.4771154795841031,0.446586513645648,0.3794291381095816,16.83075923787529,1529.4875,,"draftkings@0.5,pinnacle@0.5,sgo_fair@0.5",1.1144430424849077,0.3787878787878788,0.4062920883240082,0.0275042095361294,0.0726111131753814,0.0671573755360664,146,162.0,BET,2026-09-30T22:56:39+00:00,sgo_slate_alt_20260930T225639Z.json,evgenimalkin,2.0,1.0,0.0,1.0,15:47,0.0,True,0.0,2.6399999999999997,-1.0,,assists-nan-game-ou-over,,
LAK@COL,Adrian Kempe,LAK,f1,PP1,SOG,over,4.5,draftkings,550,True,2.724080635461652,2.864901153745354,0.1513708963065102,0.1730766038736317,18.62954093940684,2261.9791666666665,,"draftkings@2.5,fanduel@2.5,pinnacle@2.5,sgo_fair@3.0",1.049054075237431,0.1538461538461538,0.1643943208467831,0.0105481670006293,0.0685630855040906,-0.0217057075671215,508,617.0,lean,2026-09-30T22:56:39+00:00,sgo_slate_alt_20260930T225639Z.json,adriankempe,3.0,0.0,0.0,0.0,19:23,3.0,True,0.0,6.5,-1.0,,shots_onGoal-nan-game-ou-over,,
LAK@COL,Adrian Kempe,LAK,f1,PP1,SOG,over,2.5,draftkings,105,False,2.724080635461652,2.864901153745354,0.5020732573861634,0.5336404952478936,18.62954093940684,2261.9791666666665,,"draftkings@2.5,fanduel@2.5,pinnacle@2.5,sgo_fair@3.0",1.049054075237431,0.4878048780487805,0.5210136001032015,0.033208722054421,0.0680778802115631,-0.0315672378617302,-109,102.0,BET,2026-09-30T22:56:39+00:00,sgo_slate_alt_20260930T225639Z.json,adriankempe,3.0,0.0,0.0,0.0,19:23,3.0,True,1.0,2.05,1.0499999999999998,,shots_onGoal-nan-game-ou-over,,
NYI@TOR,Kyle Palmieri,NYI,f1,PP1,G,over,1.5,fanduel,2700,True,0.3325927556950446,0.2862985470676921,0.0444481679556836,0.0339404459452245,18.330910070005388,1155.1666666666667,,"fanduel@0.5,pinnacle@0.5,sgo_fair@0.5",1.0777230155902748,0.0357142857142857,0.0381435347494082,0.0024292490351224,0.0680189729834297,0.0105077220104591,2522,7508.0,pass,2026-09-30T22:56:39+00:00,sgo_slate_alt_20260930T225639Z.json,kylepalmieri,4.0,0.0,0.0,0.0,18:35,0.0,True,0.0,28.0,-1.0,,points-nan-game-ou-over,,
PIT@PHI,Travis Konecny,PHI,f2,PP2,PTS,over,0.5,draftkings,-135,False,0.8535395290243577,1.0191197854576215,0.5740952413805303,0.6390875191852301,17.79007170032192,2230.1783333333337,,"draftkings@0.5,sgo_fair@1.0",1.0472579744117947,0.574468085106383,0.6130906080633503,0.0386225229569672,0.0672317992213875,-0.0649922778046998,-158,-143.0,BET,2026-09-30T22:56:39+00:00,sgo_slate_alt_20260930T225639Z.json,traviskonecny,2.0,0.0,0.0,0.0,14:47,0.0,True,0.0,1.7407407407407407,-1.0,TRAVIS_KONECNY_1_NHL,goals+assists-TRAVIS_KONECNY_1_NHL-game-ou-over,-135.0,0.0
PIT@PHI,Travis Konecny,PHI,f2,PP2,PTS,over,0.5,draftkings,-135,False,0.8535395290243577,1.0191197854576215,0.5740952413805303,0.6390875191852301,17.79007170032192,2230.1783333333337,,"draftkings@0.5,sgo_fair@1.0",1.0472579744117947,0.574468085106383,0.6130906080633503,0.0386225229569672,0.0672317992213875,-0.0649922778046998,-158,-143.0,BET,2026-09-30T22:56:39+00:00,sgo_slate_alt_20260930T225639Z.json,traviskonecny,2.0,0.0,0.0,0.0,14:47,0.0,True,0.0,1.7407407407407407,-1.0,TRAVIS_KONECNY_1_NHL,goals+assists-TRAVIS_KONECNY_1_NHL-game-ou-over,105.0,-0.08666320705760255
NYI@TOR,John Tavares,TOR,f2,PP1,G,over,1.5,fanduel,1700,True,0.4369711400369725,0.3590479136630202,0.0717309063494104,0.0509212697677653,17.08891862955032,2122.2625,,"fanduel@0.5,pinnacle@0.5,sgo_fair@0.5",1.0777230155902748,0.0555555555555555,0.0592451244004233,0.0036895688448678,0.0664122392076207,0.020809636581645,1588,2820.0,pass,2026-09-30T22:56:39+00:00,sgo_slate_alt_20260930T225639Z.json,johntavares,1.0,0.0,0.0,0.0,16:58,0.0,True,0.0,18.0,-1.0,,points-nan-game-ou-over,,
NYI@TOR,William Nylander,TOR,f2,PP1,PTS,over,1.5,fanduel,265,True,1.0777115667163069,1.0748049180546095,0.2928019231056463,0.2917355826564342,17.72223436993845,2000.8358333333333,,"draftkings@0.5,sgo_fair@1.0",1.0472579744117947,0.273972602739726,0.2921621188361191,0.018189516096393,0.0663917337518347,0.0010663404492121,242,274.0,lean,2026-09-30T22:56:39+00:00,sgo_slate_alt_20260930T225639Z.json,williamnylander,1.0,0.0,0.0,0.0,17:29,0.0,True,0.0,3.65,-1.0,,goals+assists-nan-game-ou-over,,
PIT@PHI,Connor Dewar,PIT,f4,-,G,over,0.5,fanduel,750,False,0.1435483214384613,0.1273984943558254,0.1337210606685928,0.1196172248803828,11.95554718875502,1335.745,,sgo_fair@0.5,1.0777230155902748,0.1176470588235294,0.1252587591956668,0.0076117003721374,0.0646994531631679,0.0141038357882099,698,897.0,pass,2026-09-30T22:56:39+00:00,sgo_slate_alt_20260930T225639Z.json,connordewar,0.0,0.0,0.0,0.0,14:51,0.0,True,0.0,8.5,-1.0,,points-nan-game-ou-over,,
PIT@PHI,Porter Martone,PHI,f1,PP1,A,over,0.5,draftkings,180,False,0.5615825442545229,0.4257994742178396,0.4296941848692644,0.3467526780820047,17.520370370370372,153.36666666666667,,"draftkings@0.5,pinnacle@0.5,sgo_fair@0.5",1.1144430424849077,0.3571428571428571,0.3799292807969086,0.0227864236540514,0.0638019862313439,0.0829415067872597,163,182.0,lean,2026-09-30T22:56:39+00:00,sgo_slate_alt_20260930T225639Z.json,portermartone,0.0,0.0,0.0,0.0,14:05,0.0,True,0.0,2.8,-1.0,PORTER_MARTONE_1_NHL,assists-PORTER_MARTONE_1_NHL-game-ou-over,180.0,5.551115123125783e-17
PIT@PHI,Porter Martone,PHI,f1,PP1,A,over,0.5,draftkings,180,False,0.5615825442545229,0.4257994742178396,0.4296941848692644,0.3467526780820047,17.520370370370372,153.36666666666667,,"draftkings@0.5,pinnacle@0.5,sgo_fair@0.5",1.1144430424849077,0.3571428571428571,0.3799292807969086,0.0227864236540514,0.0638019862313439,0.0829415067872597,163,182.0,lean,2026-09-30T22:56:39+00:00,sgo_slate_alt_20260930T225639Z.json,portermartone,0.0,0.0,0.0,0.0,14:05,0.0,True,0.0,2.8,-1.0,PORTER_MARTONE_1_NHL,assists-PORTER_MARTONE_1_NHL-game-ou-over,250.0,-0.0714285714285714
NYI@TOR,Tony DeAngelo,NYI,d3,PP2,SOG,over,2.5,fanduel,230,True,1.9083498808556525,2.0493637849142767,0.2993732649300041,0.3359345690675413,18.18105358764759,1822.348333333333,,"draftkings@1.5,sgo_fair@2.0",1.049054075237431,0.303030303030303,0.3213100474125264,0.0182797443822234,0.0603231564613371,-0.0365613041375372,211,237.0,lean,2026-09-30T22:56:39+00:00,sgo_slate_alt_20260930T225639Z.json,tonydeangelo,0.0,0.0,0.0,0.0,17:14,0.0,True,0.0,3.3,-1.0,,shots_onGoal-nan-game-ou-over,,
PIT@PHI,Carl Grundstrom,PHI,f4,-,G,over,1.5,fanduel,10000,False,0.1608415713048953,0.1464600741772896,0.0116282004853394,0.0097333964190713,10.782179132040628,798.8466666666667,,sgo_fair@0.5,1.0777230155902748,0.0099009900990099,0.0104913180455785,0.0005903279465686,0.0596231226034358,0.001894804066268,9432,,pass,2026-09-30T22:56:39+00:00,sgo_slate_alt_20260930T225639Z.json,carlgrundstrom,1.0,0.0,0.0,0.0,12:01,0.0,True,0.0,101.0,-1.0,CARL_GRUNDSTROM_1_NHL,points-CARL_GRUNDSTROM_1_NHL-game-ou-over,10000.0,1.734723475976807e-18
PIT@PHI,Carl Grundstrom,PHI,f4,-,G,over,1.5,fanduel,10000,False,0.1608415713048953,0.1464600741772896,0.0116282004853394,0.0097333964190713,10.782179132040628,798.8466666666667,,sgo_fair@0.5,1.0777230155902748,0.0099009900990099,0.0104913180455785,0.0005903279465686,0.0596231226034358,0.001894804066268,9432,,pass,2026-09-30T22:56:39+00:00,sgo_slate_alt_20260930T225639Z.json,carlgrundstrom,1.0,0.0,0.0,0.0,12:01,0.0,True,0.0,101.0,-1.0,CARL_GRUNDSTROM_1_NHL,points-CARL_GRUNDSTROM_1_NHL-game-ou-over,12500.0,-0.0019644821625019633
NYI@TOR,Emil Heineman,NYI,f3,-,G,over,1.5,fanduel,5500,False,0.2199617586532444,0.2002674696502751,0.0209203152755763,0.0175669168561651,14.394946163178648,1680.3591666666666,,sgo_fair@0.5,1.0777230155902748,0.0178571428571428,0.0189082762239296,0.0010511333667868,0.0588634685400608,0.0033533984194111,5189,,pass,2026-09-30T22:56:39+00:00,sgo_slate_alt_20260930T225639Z.json,emilheineman,1.0,1.0,0.0,1.0,13:26,1.0,True,0.0,56.0,-1.0,,points-nan-game-ou-over,,
LAK@COL,Devon Toews,COL,d1,PP2,SOG,over,2.5,draftkings,250,True,1.7531529742251926,2.031765832456246,0.2591718089165323,0.3313829616268763,22.805984996738424,2362.043333333333,,"draftkings@1.5,sgo_fair@2.0",1.049054075237431,0.2857142857142857,0.3024985005427387,0.0167842148284529,0.0587447518995853,-0.072211152710344,231,260.0,lean,2026-09-30T22:56:39+00:00,sgo_slate_alt_20260930T225639Z.json,devontoews,0.0,0.0,2.0,2.0,20:04,0.0,True,0.0,3.5,-1.0,,shots_onGoal-nan-game-ou-over,,
PIT@PHI,Trevor Zegras,PHI,f1,PP1,PTS,over,1.5,fanduel,320,True,0.8599641291225797,1.0359170848419532,0.2129054728192472,0.2774514843202935,18.15746991717456,1953.2883333333332,,"draftkings@0.5,sgo_fair@1.0",1.0472579744117947,0.238095238095238,0.251633079719875,0.0135378416246369,0.0568589348234751,-0.0645460115010463,297,341.0,lean,2026-09-30T22:56:39+00:00,sgo_slate_alt_20260930T225639Z.json,trevorzegras,1.0,0.0,0.0,0.0,16:25,0.0,True,0.0,4.2,-1.0,TREVOR_ZEGRAS_1_NHL,goals+assists-TREVOR_ZEGRAS_1_NHL-game-ou-over,330.0,-0.005537098560354281
PIT@PHI,Trevor Zegras,PHI,f1,PP1,PTS,over,1.5,fanduel,320,True,0.8599641291225797,1.0359170848419532,0.2129054728192472,0.2774514843202935,18.15746991717456,1953.2883333333332,,"draftkings@0.5,sgo_fair@1.0",1.0472579744117947,0.238095238095238,0.251633079719875,0.0135378416246369,0.0568589348234751,-0.0645460115010463,297,341.0,lean,2026-09-30T22:56:39+00:00,sgo_slate_alt_20260930T225639Z.json,trevorzegras,1.0,0.0,0.0,0.0,16:25,0.0,True,0.0,4.2,-1.0,TREVOR_ZEGRAS_1_NHL,goals+assists-TREVOR_ZEGRAS_1_NHL-game-ou-over,390.0,-0.03401360544217677
PIT@PHI,Trevor Zegras,PHI,f1,PP1,PTS,over,1.5,draftkings,320,True,0.8599641291225797,1.0359170848419532,0.2129054728192472,0.2774514843202935,18.15746991717456,1953.2883333333332,,"draftkings@0.5,sgo_fair@1.0",1.0472579744117947,0.238095238095238,0.251633079719875,0.0135378416246369,0.0568589348234751,-0.0645460115010463,297,341.0,lean,2026-09-30T22:56:39+00:00,sgo_slate_alt_20260930T225639Z.json,trevorzegras,1.0,0.0,0.0,0.0,16:25,0.0,True,0.0,4.2,-1.0,TREVOR_ZEGRAS_1_NHL,goals+assists-TREVOR_ZEGRAS_1_NHL-game-ou-over,320.0,8.326672684688674e-17
PIT@PHI,Trevor Zegras,PHI,f1,PP1,PTS,over,1.5,draftkings,320,True,0.8599641291225797,1.0359170848419532,0.2129054728192472,0.2774514843202935,18.15746991717456,1953.2883333333332,,"draftkings@0.5,sgo_fair@1.0",1.0472579744117947,0.238095238095238,0.251633079719875,0.0135378416246369,0.0568589348234751,-0.0645460115010463,297,341.0,lean,2026-09-30T22:56:39+00:00,sgo_slate_alt_20260930T225639Z.json,trevorzegras,1.0,0.0,0.0,0.0,16:25,0.0,True,0.0,4.2,-1.0,TREVOR_ZEGRAS_1_NHL,goals+assists-TREVOR_ZEGRAS_1_NHL-game-ou-over,500.0,-0.07142857142857134
PIT@PHI,Porter Martone,PHI,f1,PP1,SOG,over,2.5,fanduel,-102,False,2.858866874003733,2.863320513474742,0.5323147129326429,0.5332934524010678,17.520370370370372,153.36666666666667,,"draftkings@2.5,fanduel@2.5,pinnacle@2.5,sgo_fair@3.0",1.049054075237431,0.504950495049505,0.5329019566136979,0.0279514615641929,0.0553548552545781,-0.0009787394684249,-114,-103.0,BET,2026-09-30T22:56:39+00:00,sgo_slate_alt_20260930T225639Z.json,portermartone,0.0,0.0,0.0,0.0,14:05,0.0,True,0.0,1.9803921568627452,-1.0,PORTER_MARTONE_1_NHL,shots_onGoal-PORTER_MARTONE_1_NHL-game-ou-over,104.0,-0.014754416618132427
PIT@PHI,Porter Martone,PHI,f1,PP1,SOG,over,2.5,fanduel,-102,False,2.858866874003733,2.863320513474742,0.5323147129326429,0.5332934524010678,17.520370370370372,153.36666666666667,,"draftkings@2.5,fanduel@2.5,pinnacle@2.5,sgo_fair@3.0",1.049054075237431,0.504950495049505,0.5329019566136979,0.0279514615641929,0.0553548552545781,-0.0009787394684249,-114,-103.0,BET,2026-09-30T22:56:39+00:00,sgo_slate_alt_20260930T225639Z.json,portermartone,0.0,0.0,0.0,0.0,14:05,0.0,True,0.0,1.9803921568627452,-1.0,PORTER_MARTONE_1_NHL,shots_onGoal-PORTER_MARTONE_1_NHL-game-ou-over,122.0,-0.0545000445990545
NYI@TOR,Kyle Palmieri,NYI,f1,PP1,G,over,0.5,fanduel,300,False,0.3325927556950446,0.2862985470676921,0.2829378458192757,0.2489616378273526,18.330910070005388,1155.1666666666667,,"fanduel@0.5,pinnacle@0.5,sgo_fair@0.5",1.0777230155902748,0.25,0.2625521210241219,0.0125521210241218,0.0502084840964875,0.033976207991923,281,321.0,lean,2026-09-30T22:56:39+00:00,sgo_slate_alt_20260930T225639Z.json,kylepalmieri,4.0,0.0,0.0,0.0,18:35,0.0,True,0.0,4.0,-1.0,,points-nan-game-ou-over,,
PIT@PHI,Rickard Rakell,PIT,f1,PP1,G,over,0.5,fanduel,240,False,0.3997800181940286,0.3491563163278002,0.3295324795298034,0.2947171255762059,18.540236737515123,1840.311666666667,,"fanduel@0.5,pinnacle@0.5,sgo_fair@0.5",1.0777230155902748,0.2941176470588235,0.3086432671576449,0.0145256200988213,0.0493871083359926,0.0348153539535975,224,253.0,lean,2026-09-30T22:56:39+00:00,sgo_slate_alt_20260930T225639Z.json,rickardrakell,2.0,0.0,1.0,1.0,18:32,0.0,True,0.0,3.4,-1.0,,points-nan-game-ou-over,,
PIT@PHI,Porter Martone,PHI,f1,PP1,A,over,0.5,fanduel,176,False,0.5615825442545229,0.4257994742178396,0.4296941848692644,0.3467526780820047,17.520370370370372,153.36666666666667,,"draftkings@0.5,pinnacle@0.5,sgo_fair@0.5",1.1144430424849077,0.3623188405797101,0.3799292807969086,0.0176104402171984,0.0486048149994675,0.0829415067872597,163,182.0,lean,2026-09-30T22:56:39+00:00,sgo_slate_alt_20260930T225639Z.json,portermartone,0.0,0.0,0.0,0.0,14:05,0.0,True,0.0,2.76,-1.0,PORTER_MARTONE_1_NHL,assists-PORTER_MARTONE_1_NHL-game-ou-over,182.0,-0.007708911501695892
PIT@PHI,Porter Martone,PHI,f1,PP1,A,over,0.5,fanduel,176,False,0.5615825442545229,0.4257994742178396,0.4296941848692644,0.3467526780820047,17.520370370370372,153.36666666666667,,"draftkings@0.5,pinnacle@0.5,sgo_fair@0.5",1.1144430424849077,0.3623188405797101,0.3799292807969086,0.0176104402171984,0.0486048149994675,0.0829415067872597,163,182.0,lean,2026-09-30T22:56:39+00:00,sgo_slate_alt_20260930T225639Z.json,portermartone,0.0,0.0,0.0,0.0,14:05,0.0,True,0.0,2.76,-1.0,PORTER_MARTONE_1_NHL,assists-PORTER_MARTONE_1_NHL-game-ou-over,190.0,-0.017491254372813514
LAK@COL,Nazem Kadri,COL,f2,PP2,SOG,over,2.5,fanduel,130,False,2.725185691129943,2.396569607305325,0.5023259794104505,0.4240114882375339,17.56882499268364,2179.7783333333336,,"draftkings@2.5,fanduel@2.5,pinnacle@2.5,sgo_fair@2.5",1.049054075237431,0.4347826086956521,0.4553372847067005,0.0205546760110483,0.0472757548254112,0.0783144911729166,120,132.0,lean,2026-09-30T22:56:39+00:00,sgo_slate_alt_20260930T225639Z.json,nazemkadri,2.0,0.0,2.0,2.0,17:57,2.0,True,0.0,2.3,-1.0,,shots_onGoal-nan-game-ou-over,,
LAK@COL,Artemi Panarin,LAK,f1,PP1,PTS,over,1.5,draftkings,285,True,0.950936253207822,1.0666895995264063,0.2461989958309594,0.2887572590646718,19.238125,2334.2925,,"draftkings@0.5,sgo_fair@1.0",1.0472579744117947,0.2597402597402597,0.2717339537711868,0.0119936940309271,0.0461757220190695,-0.0425582632337124,268,305.0,lean,2026-09-30T22:56:39+00:00,sgo_slate_alt_20260930T225639Z.json,artemipanarin,2.0,1.0,0.0,1.0,20:16,1.0,True,0.0,3.85,-1.0,,goals+assists-nan-game-ou-over,,
NYI@TOR,Tony DeAngelo,NYI,d3,PP2,SOG,over,1.5,draftkings,-125,False,1.9083498808556525,2.0493637849142767,0.558032496123993,0.5949674260606098,18.18105358764759,1822.348333333333,,"draftkings@1.5,sgo_fair@2.0",1.049054075237431,0.5555555555555556,0.580193454085963,0.0246378985304074,0.0443482173547333,-0.0369349299366168,-138,-125.0,lean,2026-09-30T22:56:39+00:00,sgo_slate_alt_20260930T225639Z.json,tonydeangelo,0.0,0.0,0.0,0.0,17:14,0.0,True,0.0,1.8,-1.0,,shots_onGoal-nan-game-ou-over,,
NYI@TOR,John Tavares,TOR,f2,PP1,SOG,over,2.5,fanduel,154,False,2.490911008597741,2.248941772184448,0.4471029333589642,0.3870630704962462,17.08891862955032,2122.2625,,"draftkings@2.5,fanduel@2.5,pinnacle@2.5,sgo_fair@2.5",1.049054075237431,0.3937007874015748,0.4110790156413334,0.0173782282397585,0.0441406997289868,0.060039862862718,143,159.0,lean,2026-09-30T22:56:39+00:00,sgo_slate_alt_20260930T225639Z.json,johntavares,1.0,0.0,0.0,0.0,16:58,1.0,True,0.0,2.54,-1.0,,shots_onGoal-nan-game-ou-over,,
NYI@TOR,Brayden Schenn,NYI,f2,PP1,G,over,0.5,fanduel,360,False,0.2816167978149424,0.2413410246983738,0.2454372207555416,0.2144263193246135,16.50940975192472,1989.5,,"fanduel@0.5,pinnacle@0.5,sgo_fair@0.5",1.0777230155902748,0.217391304347826,0.2268306798969847,0.0094393755491586,0.0434211275261298,0.0310109014309281,341,395.0,pass,2026-09-30T22:56:39+00:00,sgo_slate_alt_20260930T225639Z.json,braydenschenn,1.0,0.0,0.0,0.0,14:27,0.0,True,0.0,4.6,-1.0,,points-nan-game-ou-over,,
LAK@COL,Mats Zuccarello,LAK,f2,PP1,A,over,1.5,draftkings,1200,True,0.5444397517237228,0.4104799462630263,0.1039674399985931,0.0643837841328104,17.496636128076993,1710.3441666666663,,"draftkings@0.5,pinnacle@0.5,sgo_fair@0.5",1.1144430424849077,0.0769230769230769,0.0802172464791235,0.0032941695560466,0.0428242042286062,0.0395836558657826,1147,1711.0,pass,2026-09-30T22:56:39+00:00,sgo_slate_alt_20260930T225639Z.json,matszuccarello,0.0,0.0,0.0,0.0,17:59,0.0,True,0.0,13.0,-1.0,,assists-nan-game-ou-over,,
NYI@TOR,William Nylander,TOR,f2,PP1,PTS,over,2.5,fanduel,1000,True,1.0777115667163069,1.0748049180546095,0.0951364092155451,0.0945625803933156,17.72223436993845,2000.8358333333333,,"draftkings@0.5,sgo_fair@1.0",1.0472579744117947,0.0909090909090909,0.0947921119222074,0.0038830210131165,0.0427132311442819,0.0005738288222294,955,1333.0,pass,2026-09-30T22:56:39+00:00,sgo_slate_alt_20260930T225639Z.json,williamnylander,1.0,0.0,0.0,0.0,17:29,0.0,True,0.0,11.0,-1.0,,goals+assists-nan-game-ou-over,,
LAK@COL,Cale Makar,COL,d1,PP1,SOG,over,3.5,fanduel,230,True,2.7498616403632345,2.8657877502754565,0.299796258942165,0.324207204834136,23.81464714714715,2789.351666666667,,"draftkings@2.5,fanduel@2.5,pinnacle@2.5,sgo_fair@3.0",1.049054075237431,0.303030303030303,0.3144428264773476,0.0114125234470446,0.0376613273752473,-0.024410945891971,218,245.0,lean,2026-09-30T22:56:39+00:00,sgo_slate_alt_20260930T225639Z.json,calemakar,1.0,0.0,2.0,2.0,18:14,1.0,True,0.0,3.3,-1.0,,shots_onGoal-nan-game-ou-over,,
LAK@COL,Adrian Kempe,LAK,f1,PP1,SOG,over,1.5,draftkings,-265,True,2.724080635461652,2.864901153745354,0.7376419637853304,0.7609834500822708,18.62954093940684,2261.9791666666665,,"draftkings@2.5,fanduel@2.5,pinnacle@2.5,sgo_fair@3.0",1.049054075237431,0.726027397260274,0.7516468555634945,0.0256194583032205,0.0352871784176433,-0.0233414862969403,-303,-266.0,lean,2026-09-30T22:56:39+00:00,sgo_slate_alt_20260930T225639Z.json,adriankempe,3.0,0.0,0.0,0.0,19:23,3.0,True,1.0,1.3773584905660377,0.37735849056603765,,shots_onGoal-nan-game-ou-over,,
LAK@COL,Adrian Kempe,LAK,f1,PP1,G,over,1.5,fanduel,1900,True,0.3850109942120745,0.345947183290182,0.0575787490740983,0.0476752635053944,18.62954093940684,2261.9791666666665,,"fanduel@0.5,pinnacle@0.5,sgo_fair@0.5",1.0777230155902748,0.05,0.0516366577328759,0.0016366577328759,0.0327331546575198,0.0099034855687039,1837,3654.0,pass,2026-09-30T22:56:39+00:00,sgo_slate_alt_20260930T225639Z.json,adriankempe,3.0,0.0,0.0,0.0,19:23,0.0,True,0.0,20.0,-1.0,,points-nan-game-ou-over,,
PIT@PHI,Trevor Zegras,PHI,f1,PP1,PTS,over,0.5,draftkings,-150,False,0.8599641291225797,1.0359170848419532,0.5768227382148186,0.6450992424694951,18.15746991717456,1953.2883333333332,,"draftkings@0.5,sgo_fair@1.0",1.0472579744117947,0.6,0.6177886407676245,0.0177886407676245,0.0296477346127075,-0.0682765042546765,-162,-146.0,lean,2026-09-30T22:56:39+00:00,sgo_slate_alt_20260930T225639Z.json,trevorzegras,1.0,0.0,0.0,0.0,16:25,0.0,True,0.0,1.6666666666666665,-1.0,TREVOR_ZEGRAS_1_NHL,goals+assists-TREVOR_ZEGRAS_1_NHL-game-ou-over,-150.0,0.0
PIT@PHI,Trevor Zegras,PHI,f1,PP1,PTS,over,0.5,draftkings,-150,False,0.8599641291225797,1.0359170848419532,0.5768227382148186,0.6450992424694951,18.15746991717456,1953.2883333333332,,"draftkings@0.5,sgo_fair@1.0",1.0472579744117947,0.6,0.6177886407676245,0.0177886407676245,0.0296477346127075,-0.0682765042546765,-162,-146.0,lean,2026-09-30T22:56:39+00:00,sgo_slate_alt_20260930T225639Z.json,trevorzegras,1.0,0.0,0.0,0.0,16:25,0.0,True,0.0,1.6666666666666665,-1.0,TREVOR_ZEGRAS_1_NHL,goals+assists-TREVOR_ZEGRAS_1_NHL-game-ou-over,-105.0,-0.08780487804878045
NYI@TOR,John Tavares,TOR,f2,PP1,SOG,over,3.5,fanduel,375,True,2.490911008597741,2.248941772184448,0.2458674034179478,0.1972422566639122,17.08891862955032,2122.2625,,"draftkings@2.5,fanduel@2.5,pinnacle@2.5,sgo_fair@2.5",1.049054075237431,0.2105263157894736,0.2166923153655264,0.0061659995760527,0.0292884979862506,0.0486251467540355,361,422.0,pass,2026-09-30T22:56:39+00:00,sgo_slate_alt_20260930T225639Z.json,johntavares,1.0,0.0,0.0,0.0,16:58,1.0,True,0.0,4.75,-1.0,,shots_onGoal-nan-game-ou-over,,
LAK@COL,Devon Toews,COL,d1,PP2,SOG,over,3.5,draftkings,650,True,1.7531529742251926,2.031765832456246,0.1084852910249615,0.1561252304427501,22.805984996738424,2362.043333333333,,"draftkings@1.5,sgo_fair@2.0",1.049054075237431,0.1333333333333333,0.1370692546756346,0.0037359213423013,0.0280194100672599,-0.0476399394177885,630,792.0,pass,2026-09-30T22:56:39+00:00,sgo_slate_alt_20260930T225639Z.json,devontoews,0.0,0.0,2.0,2.0,20:04,0.0,True,0.0,7.5,-1.0,,shots_onGoal-nan-game-ou-over,,
LAK@COL,Devon Toews,COL,d1,PP2,SOG,over,1.5,draftkings,-120,False,1.7531529742251926,2.031765832456246,0.5143991917893509,0.5904988015015333,22.805984996738424,2362.043333333333,,"draftkings@1.5,sgo_fair@2.0",1.049054075237431,0.5454545454545454,0.5600589576166604,0.0146044121621149,0.0267747556305439,-0.0760996097121824,-127,-115.0,lean,2026-09-30T22:56:39+00:00,sgo_slate_alt_20260930T225639Z.json,devontoews,0.0,0.0,2.0,2.0,20:04,0.0,True,0.0,1.8333333333333335,-1.0,,shots_onGoal-nan-game-ou-over,,
LAK@COL,Devon Toews,COL,d1,PP2,SOG,over,4.5,draftkings,1800,True,1.7531529742251926,2.031765832456246,0.0390065157867648,0.0635508029471723,22.805984996738424,2362.043333333333,,"draftkings@1.5,sgo_fair@2.0",1.049054075237431,0.0526315789473684,0.0537330880830093,0.0011015091356409,0.0209286735771778,-0.0245442871604075,1761,3380.0,pass,2026-09-30T22:56:39+00:00,sgo_slate_alt_20260930T225639Z.json,devontoews,0.0,0.0,2.0,2.0,20:04,0.0,True,0.0,19.0,-1.0,,shots_onGoal-nan-game-ou-over,,
LAK@COL,Nazem Kadri,COL,f2,PP2,A,over,0.5,draftkings,225,False,0.4269966481251803,0.3447852750930656,0.3475342607922828,0.2916275576546619,17.56882499268364,2179.7783333333336,,"draftkings@0.5,pinnacle@0.5,sgo_fair@0.5",1.1144430424849077,0.3076923076923077,0.3139902389097102,0.0062979312174025,0.0204682764565582,0.0559067031376208,218,246.0,pass,2026-09-30T22:56:39+00:00,sgo_slate_alt_20260930T225639Z.json,nazemkadri,2.0,0.0,2.0,2.0,17:57,2.0,True,1.0,3.25,2.25,,assists-nan-game-ou-over,,
PIT@PHI,Rickard Rakell,PIT,f1,PP1,G,over,1.5,fanduel,1800,True,0.3997800181940286,0.3491563163278002,0.061492961997723,0.0484631551733114,18.540236737515123,1840.311666666667,,"fanduel@0.5,pinnacle@0.5,sgo_fair@0.5",1.0777230155902748,0.0526315789473684,0.053675077903076,0.0010434989557076,0.0198264801584455,0.0130298068244115,1763,3387.0,pass,2026-09-30T22:56:39+00:00,sgo_slate_alt_20260930T225639Z.json,rickardrakell,2.0,0.0,1.0,1.0,18:32,0.0,True,0.0,19.0,-1.0,,points-nan-game-ou-over,,
LAK@COL,Artturi Lehkonen,COL,f1,PP2,G,over,0.5,fanduel,270,False,0.3519480134015632,0.3032419220004773,0.2966833159320082,0.2615795653884856,18.532657100445324,1926.55,,"fanduel@0.5,pinnacle@0.5,sgo_fair@0.5",1.0777230155902748,0.2702702702702703,0.2756210656058946,0.0053507953356243,0.01979794274181,0.0351037505435226,263,299.0,pass,2026-09-30T22:56:39+00:00,sgo_slate_alt_20260930T225639Z.json,artturilehkonen,3.0,2.0,0.0,2.0,19:27,2.0,True,1.0,3.7,2.7,,points-nan-game-ou-over,,
PIT@PHI,Porter Martone,PHI,f1,PP1,A,over,1.5,draftkings,1100,True,0.5615825442545229,0.4257994742178396,0.1094203942049963,0.0686003118751104,17.520370370370372,153.36666666666667,,"draftkings@0.5,pinnacle@0.5,sgo_fair@0.5",1.1144430424849077,0.0833333333333333,0.0849283448070647,0.0015950114737314,0.0191401376847772,0.0408200823298858,1077,1569.0,pass,2026-09-30T22:56:39+00:00,sgo_slate_alt_20260930T225639Z.json,portermartone,0.0,0.0,0.0,0.0,14:05,0.0,True,0.0,12.0,-1.0,PORTER_MARTONE_1_NHL,assists-PORTER_MARTONE_1_NHL-game-ou-over,1100.0,2.7755575615628914e-17
PIT@PHI,Porter Martone,PHI,f1,PP1,A,over,1.5,draftkings,1100,True,0.5615825442545229,0.4257994742178396,0.1094203942049963,0.0686003118751104,17.520370370370372,153.36666666666667,,"draftkings@0.5,pinnacle@0.5,sgo_fair@0.5",1.1144430424849077,0.0833333333333333,0.0849283448070647,0.0015950114737314,0.0191401376847772,0.0408200823298858,1077,1569.0,pass,2026-09-30T22:56:39+00:00,sgo_slate_alt_20260930T225639Z.json,portermartone,0.0,0.0,0.0,0.0,14:05,0.0,True,0.0,12.0,-1.0,PORTER_MARTONE_1_NHL,assists-PORTER_MARTONE_1_NHL-game-ou-over,1600.0,-0.024509803921568596
PIT@PHI,Kris Letang,PIT,d2,PP2,A,over,0.5,draftkings,280,False,0.3573561893792695,0.2827726840885747,0.3004767094118828,0.2463089056333187,21.127201770736253,2387.8975,,"draftkings@0.5,sgo_fair@0.5",1.1144430424849077,0.2631578947368421,0.2679760271447443,0.0048181324079022,0.0183089031500283,0.0541678037785641,273,312.0,pass,2026-09-30T22:56:39+00:00,sgo_slate_alt_20260930T225639Z.json,krisletang,4.0,0.0,1.0,1.0,18:44,1.0,True,1.0,3.8,2.8,,assists-nan-game-ou-over,,
PIT@PHI,Travis Konecny,PHI,f2,PP2,SOG,over,1.5,fanduel,-148,False,2.143814949348693,2.0711828002167736,0.6182715395532958,0.600452469350711,17.79007170032192,2230.1783333333337,,"draftkings@1.5,fanduel@1.5,pinnacle@1.5,sgo_fair@2.0",1.049054075237431,0.5967741935483871,0.6075800974317449,0.0108059038833577,0.0181071902910319,0.0178190702025848,-155,-140.0,pass,2026-09-30T22:56:39+00:00,sgo_slate_alt_20260930T225639Z.json,traviskonecny,2.0,0.0,0.0,0.0,14:47,2.0,True,1.0,1.6756756756756757,0.6756756756756757,TRAVIS_KONECNY_1_NHL,shots_onGoal-TRAVIS_KONECNY_1_NHL-game-ou-over,-146.0,-0.0032782585890375193
PIT@PHI,Travis Konecny,PHI,f2,PP2,SOG,over,1.5,fanduel,-148,False,2.143814949348693,2.0711828002167736,0.6182715395532958,0.600452469350711,17.79007170032192,2230.1783333333337,,"draftkings@1.5,fanduel@1.5,pinnacle@1.5,sgo_fair@2.0",1.049054075237431,0.5967741935483871,0.6075800974317449,0.0108059038833577,0.0181071902910319,0.0178190702025848,-155,-140.0,pass,2026-09-30T22:56:39+00:00,sgo_slate_alt_20260930T225639Z.json,traviskonecny,2.0,0.0,0.0,0.0,14:47,2.0,True,1.0,1.6756756756756757,0.6756756756756757,TRAVIS_KONECNY_1_NHL,shots_onGoal-TRAVIS_KONECNY_1_NHL-game-ou-over,-128.0,-0.03537068477645733
LAK@COL,Cale Makar,COL,d1,PP1,SOG,over,2.5,fanduel,-106,False,2.7498616403632345,2.8657877502754565,0.5079490334384509,0.5338350811972468,23.81464714714715,2789.351666666667,,"draftkings@2.5,fanduel@2.5,pinnacle@2.5,sgo_fair@3.0",1.049054075237431,0.5145631067961165,0.5234806620937285,0.0089175552976119,0.0173303433142271,-0.0258860477587958,-110,101.0,pass,2026-09-30T22:56:39+00:00,sgo_slate_alt_20260930T225639Z.json,calemakar,1.0,0.0,2.0,2.0,18:14,1.0,True,0.0,1.9433962264150944,-1.0,,shots_onGoal-nan-game-ou-over,,
LAK@COL,Mats Zuccarello,LAK,f2,PP1,A,over,0.5,draftkings,175,False,0.5444397517237228,0.4104799462630263,0.4198332702836999,0.3366681898980251,17.496636128076993,1710.3441666666663,,"draftkings@0.5,pinnacle@0.5,sgo_fair@0.5",1.1144430424849077,0.3636363636363636,0.3699342220522951,0.0062978584159314,0.0173191106438115,0.0831650803856747,170,190.0,pass,2026-09-30T22:56:39+00:00,sgo_slate_alt_20260930T225639Z.json,matszuccarello,0.0,0.0,0.0,0.0,17:59,0.0,True,0.0,2.75,-1.0,,assists-nan-game-ou-over,,
LAK@COL,Brock Nelson,COL,f2,PP2,A,over,0.5,draftkings,230,False,0.3918413067154837,0.3533171918979406,0.3241886478254012,0.2976456230765205,17.712678062678066,2272.766666666667,,"draftkings@0.5,pinnacle@0.5,sgo_fair@0.5",1.1144430424849077,0.303030303030303,0.3082628329760728,0.0052325299457697,0.0172673488210401,0.0265430247488806,224,253.0,pass,2026-09-30T22:56:39+00:00,sgo_slate_alt_20260930T225639Z.json,brocknelson,1.0,1.0,2.0,3.0,19:14,2.0,True,1.0,3.3,2.3,,assists-nan-game-ou-over,,
LAK@COL,Quinton Byfield,LAK,f1,PP1,SOG,under,2.5,fanduel,-140,False,2.1342015259682805,2.459191254511227,0.6422042032324096,0.5606110213041229,18.790998989461528,2260.741666666667,,"draftkings@2.5,fanduel@2.5,pinnacle@2.5,sgo_fair@2.5",1.049054075237431,0.5833333333333334,0.5932482940754376,0.0099149607421041,0.0169970755578929,0.0815931819282866,-146,-132.0,pass,2026-09-30T22:56:39+00:00,sgo_slate_alt_20260930T225639Z.json,quintonbyfield,3.0,0.0,0.0,0.0,18:59,3.0,True,0.0,1.7142857142857144,-1.0,,shots_onGoal-nan-game-ou-under,,
PIT@PHI,Noel Acciari,PHI,f4,-,G,over,1.5,fanduel,10000,False,0.1631914812773552,0.1389192365916477,0.0119519778797939,0.0088005087509784,12.11283113928165,1407.5666666666666,,sgo_fair@0.5,1.0777230155902748,0.0099009900990099,0.0100610964025046,0.0001601063034947,0.0161707366529688,0.0031514691288154,9839,,pass,2026-09-30T22:56:39+00:00,sgo_slate_alt_20260930T225639Z.json,noelacciari,1.0,0.0,0.0,0.0,15:20,0.0,True,0.0,101.0,-1.0,NOEL_ACCIARI_1_NHL,points-NOEL_ACCIARI_1_NHL-game-ou-over,10000.0,1.734723475976807e-18
PIT@PHI,Noel Acciari,PHI,f4,-,G,over,1.5,fanduel,10000,False,0.1631914812773552,0.1389192365916477,0.0119519778797939,0.0088005087509784,12.11283113928165,1407.5666666666666,,sgo_fair@0.5,1.0777230155902748,0.0099009900990099,0.0100610964025046,0.0001601063034947,0.0161707366529688,0.0031514691288154,9839,,pass,2026-09-30T22:56:39+00:00,sgo_slate_alt_20260930T225639Z.json,noelacciari,1.0,0.0,0.0,0.0,15:20,0.0,True,0.0,101.0,-1.0,NOEL_ACCIARI_1_NHL,points-NOEL_ACCIARI_1_NHL-game-ou-over,17500.0,-0.004219171917191717
LAK@COL,Adrian Kempe,LAK,f1,PP1,G,over,0.5,fanduel,235,False,0.3850109942120745,0.345947183290182,0.3195568447728892,0.2924501434249166,18.62954093940684,2261.9791666666665,,"fanduel@0.5,pinnacle@0.5,sgo_fair@0.5",1.0777230155902748,0.2985074626865671,0.3032928239641056,0.0047853612775384,0.0160309602797539,0.0271067013479726,230,259.0,pass,2026-09-30T22:56:39+00:00,sgo_slate_alt_20260930T225639Z.json,adriankempe,3.0,0.0,0.0,0.0,19:23,0.0,True,0.0,3.35,-1.0,,points-nan-game-ou-over,,
NYI@TOR,Bo Horvat,NYI,f1,PP1,PTS,over,0.5,fanduel,-150,False,0.801267980022136,1.0427583078969032,0.5512404149757026,0.6475189115290818,19.278630126057124,2147.205833333333,,"draftkings@0.5,sgo_fair@1.0",1.0472579744117947,0.6,0.6090075129077301,0.0090075129077301,0.0150125215128835,-0.0962784965533791,-156,-140.0,pass,2026-09-30T22:56:39+00:00,sgo_slate_alt_20260930T225639Z.json,bohorvat,4.0,0.0,1.0,1.0,22:31,1.0,True,1.0,1.6666666666666665,0.6666666666666665,,goals+assists-nan-game-ou-over,,
PIT@PHI,Tyson Foerster,PHI,f2,PP1,G,over,1.5,fanduel,2200,True,0.3522023399781958,0.316415455025257,0.0492153746083828,0.0406535202875314,16.527680162974278,1116.2733333333333,,"fanduel@0.5,pinnacle@0.5,sgo_fair@0.5",1.0777230155902748,0.0434782608695652,0.044078262015872,0.0006000011463067,0.0138000263650561,0.0085618543208513,2169,5142.0,pass,2026-09-30T22:56:39+00:00,sgo_slate_alt_20260930T225639Z.json,tysonfoerster,1.0,0.0,0.0,0.0,17:08,0.0,True,0.0,23.0,-1.0,TYSON_FOERSTER_1_NHL,points-TYSON_FOERSTER_1_NHL-game-ou-over,2200.0,1.3877787807814457e-17
PIT@PHI,Tyson Foerster,PHI,f2,PP1,G,over,1.5,fanduel,2200,True,0.3522023399781958,0.316415455025257,0.0492153746083828,0.0406535202875314,16.527680162974278,1116.2733333333333,,"fanduel@0.5,pinnacle@0.5,sgo_fair@0.5",1.0777230155902748,0.0434782608695652,0.044078262015872,0.0006000011463067,0.0138000263650561,0.0085618543208513,2169,5142.0,pass,2026-09-30T22:56:39+00:00,sgo_slate_alt_20260930T225639Z.json,tysonfoerster,1.0,0.0,0.0,0.0,17:08,0.0,True,0.0,23.0,-1.0,TYSON_FOERSTER_1_NHL,points-TYSON_FOERSTER_1_NHL-game-ou-over,2700.0,-0.00776397515527949
PIT@PHI,Owen Tippett,PHI,f1,PP2,SOG,over,3.5,fanduel,250,True,2.824634523713833,2.618038418092319,0.3155352788111288,0.2721857195034226,17.293983282893787,1918.3983333333333,,"draftkings@2.5,fanduel@2.5,pinnacle@2.5,sgo_fair@2.5",1.049054075237431,0.2857142857142857,0.2895255432265051,0.0038112575122193,0.0133394012927678,0.0433495593077062,245,278.0,pass,2026-09-30T22:56:39+00:00,sgo_slate_alt_20260930T225639Z.json,owentippett,4.0,0.0,0.0,0.0,14:11,4.0,True,1.0,3.5,2.5,OWEN_TIPPETT_1_NHL,shots_onGoal-OWEN_TIPPETT_1_NHL-game-ou-over,260.0,-0.007936507936507908
PIT@PHI,Owen Tippett,PHI,f1,PP2,SOG,over,3.5,fanduel,250,True,2.824634523713833,2.618038418092319,0.3155352788111288,0.2721857195034226,17.293983282893787,1918.3983333333333,,"draftkings@2.5,fanduel@2.5,pinnacle@2.5,sgo_fair@2.5",1.049054075237431,0.2857142857142857,0.2895255432265051,0.0038112575122193,0.0133394012927678,0.0433495593077062,245,278.0,pass,2026-09-30T22:56:39+00:00,sgo_slate_alt_20260930T225639Z.json,owentippett,4.0,0.0,0.0,0.0,14:11,4.0,True,1.0,3.5,2.5,OWEN_TIPPETT_1_NHL,shots_onGoal-OWEN_TIPPETT_1_NHL-game-ou-over,260.0,-0.007936507936507908
PIT@PHI,Alex Bump,PHI,f3,PP2,G,over,0.5,draftkings,400,False,0.256506715170846,0.20679971408241,0.2262502013200635,0.1868174973178062,13.070588235294116,214.9,,"pinnacle@0.5,sgo_fair@0.5",1.0777230155902748,0.2,0.2025905789187091,0.0025905789187091,0.0129528945935457,0.0394327040022573,394,463.0,pass,2026-09-30T22:56:39+00:00,sgo_slate_alt_20260930T225639Z.json,alexbump,1.0,0.0,0.0,0.0,14:39,0.0,True,0.0,5.0,-1.0,ALEX_BUMP_1_NHL,points-ALEX_BUMP_1_NHL-game-ou-over,400.0,0.0
LAK@COL,Artemi Panarin,LAK,f1,PP1,PTS,over,2.5,draftkings,1100,True,0.950936253207822,1.0666895995264063,0.0715015939407732,0.0929680650224581,19.238125,2334.2925,,"draftkings@0.5,sgo_fair@1.0",1.0472579744117947,0.0833333333333333,0.0843814765897842,0.0010481432564508,0.0125777190774105,-0.0214664710816849,1085,1584.0,pass,2026-09-30T22:56:39+00:00,sgo_slate_alt_20260930T225639Z.json,artemipanarin,2.0,1.0,0.0,1.0,20:16,1.0,True,0.0,12.0,-1.0,,goals+assists-nan-game-ou-over,,
PIT@PHI,Sidney Crosby,PIT,f1,PP1,G,over,0.5,fanduel,230,False,0.3676225680737126,0.3650819482254043,0.3076215418862377,0.305860234974763,18.813389423076924,2041.185,,"fanduel@0.5,pinnacle@0.5,sgo_fair@0.5",1.0777230155902748,0.303030303030303,0.3065647577393529,0.0035344547090498,0.0116637005398645,0.0017613069114746,226,255.0,pass,2026-09-30T22:56:39+00:00,sgo_slate_alt_20260930T225639Z.json,sidneycrosby,3.0,0.0,1.0,1.0,17:39,0.0,True,0.0,3.3,-1.0,,points-nan-game-ou-over,,
LAK@COL,Brock Nelson,COL,f2,PP2,SOG,over,1.5,draftkings,-160,False,2.171272883197039,2.149457824821926,0.6248328923595419,0.6196277621230044,17.712678062678066,2272.766666666667,,"draftkings@1.5,fanduel@1.5,pinnacle@2.5,sgo_fair@2.0",1.049054075237431,0.6153846153846154,0.6217098142176194,0.0063251988330039,0.0102784481036315,0.0052051302365374,-164,-148.0,pass,2026-09-30T22:56:39+00:00,sgo_slate_alt_20260930T225639Z.json,brocknelson,1.0,1.0,2.0,3.0,19:14,1.0,True,0.0,1.625,-1.0,,shots_onGoal-nan-game-ou-over,,
NYI@TOR,Brayden Schenn,NYI,f2,PP1,SOG,over,2.5,fanduel,265,True,1.7653238148340504,1.8578812795063333,0.2623117726201462,0.2862732896502065,16.50940975192472,1989.5,,"draftkings@1.5,fanduel@1.5,pinnacle@1.5,sgo_fair@2.0",1.049054075237431,0.273972602739726,0.2766886828381824,0.0027160800984564,0.0099136923593659,-0.0239615170300602,261,297.0,pass,2026-09-30T22:56:39+00:00,sgo_slate_alt_20260930T225639Z.json,braydenschenn,1.0,0.0,0.0,0.0,14:27,1.0,True,0.0,3.65,-1.0,,shots_onGoal-nan-game-ou-over,,
PIT@PHI,Trevor Zegras,PHI,f1,PP1,SOG,over,1.5,fanduel,-135,False,2.175144573449077,1.8772992790423828,0.6257503996028495,0.5495525612982902,18.15746991717456,1953.2883333333332,,"draftkings@1.5,fanduel@1.5,pinnacle@1.5,sgo_fair@1.5",1.049054075237431,0.574468085106383,0.5800316966201139,0.0055636115137308,0.0096848052276057,0.0761978383045592,-138,-125.0,pass,2026-09-30T22:56:39+00:00,sgo_slate_alt_20260930T225639Z.json,trevorzegras,1.0,0.0,0.0,0.0,16:25,1.0,True,0.0,1.7407407407407407,-1.0,TREVOR_ZEGRAS_1_NHL,shots_onGoal-TREVOR_ZEGRAS_1_NHL-game-ou-over,-122.0,-0.024918535556833432
PIT@PHI,Trevor Zegras,PHI,f1,PP1,SOG,over,1.5,fanduel,-135,False,2.175144573449077,1.8772992790423828,0.6257503996028495,0.5495525612982902,18.15746991717456,1953.2883333333332,,"draftkings@1.5,fanduel@1.5,pinnacle@1.5,sgo_fair@1.5",1.049054075237431,0.574468085106383,0.5800316966201139,0.0055636115137308,0.0096848052276057,0.0761978383045592,-138,-125.0,pass,2026-09-30T22:56:39+00:00,sgo_slate_alt_20260930T225639Z.json,trevorzegras,1.0,0.0,0.0,0.0,16:25,1.0,True,0.0,1.7407407407407407,-1.0,TREVOR_ZEGRAS_1_NHL,shots_onGoal-TREVOR_ZEGRAS_1_NHL-game-ou-over,-122.0,-0.024918535556833432
NYI@TOR,Matthew Schaefer,NYI,d1,PP1,SOG,under,2.5,draftkings,120,False,2.8030617277803405,2.966241044314394,0.4800615532550071,0.4444650782439142,23.59136178861789,2023.9833333333331,,"draftkings@2.5,fanduel@2.5,pinnacle@2.5,sgo_fair@3.5",1.049054075237431,0.4545454545454545,0.4587036682483514,0.0041582137028968,0.009148070146373,0.0355964750110928,118,131.0,pass,2026-09-30T22:56:39+00:00,sgo_slate_alt_20260930T225639Z.json,matthewschaefer,3.0,0.0,0.0,0.0,27:45,3.0,True,0.0,2.2,-1.0,,shots_onGoal-nan-game-ou-under,,
PIT@PHI,Trevor Zegras,PHI,f1,PP1,PTS,over,0.5,fanduel,-158,False,0.8599641291225797,1.0359170848419532,0.5768227382148186,0.6450992424694951,18.15746991717456,1953.2883333333332,,"draftkings@0.5,sgo_fair@1.0",1.0472579744117947,0.6124031007751938,0.6177886407676245,0.0053855399924307,0.0087941096078931,-0.0682765042546765,-162,-146.0,pass,2026-09-30T22:56:39+00:00,sgo_slate_alt_20260930T225639Z.json,trevorzegras,1.0,0.0,0.0,0.0,16:25,0.0,True,0.0,1.6329113924050633,-1.0,TREVOR_ZEGRAS_1_NHL,goals+assists-TREVOR_ZEGRAS_1_NHL-game-ou-over,-154.0,-0.006103888176768546
PIT@PHI,Trevor Zegras,PHI,f1,PP1,PTS,over,0.5,fanduel,-158,False,0.8599641291225797,1.0359170848419532,0.5768227382148186,0.6450992424694951,18.15746991717456,1953.2883333333332,,"draftkings@0.5,sgo_fair@1.0",1.0472579744117947,0.6124031007751938,0.6177886407676245,0.0053855399924307,0.0087941096078931,-0.0682765042546765,-162,-146.0,pass,2026-09-30T22:56:39+00:00,sgo_slate_alt_20260930T225639Z.json,trevorzegras,1.0,0.0,0.0,0.0,16:25,0.0,True,0.0,1.6329113924050633,-1.0,TREVOR_ZEGRAS_1_NHL,goals+assists-TREVOR_ZEGRAS_1_NHL-game-ou-over,-132.0,-0.04343758353381444
NYI@TOR,William Nylander,TOR,f2,PP1,PTS,over,1.5,draftkings,245,True,1.0777115667163069,1.0748049180546095,0.2928019231056463,0.2917355826564342,17.72223436993845,2000.8358333333333,,"draftkings@0.5,sgo_fair@1.0",1.0472579744117947,0.2898550724637681,0.2921621188361191,0.0023070463723509,0.0079593099846109,0.0010663404492121,242,274.0,pass,2026-09-30T22:56:39+00:00,sgo_slate_alt_20260930T225639Z.json,williamnylander,1.0,0.0,0.0,0.0,17:29,0.0,True,0.0,3.45,-1.0,,goals+assists-nan-game-ou-over,,
LAK@COL,Brock Nelson,COL,f2,PP2,SOG,over,0.5,draftkings,-650,True,2.171272883197039,2.149457824821926,0.874020751228148,0.8714909428246291,17.712678062678066,2272.766666666667,,"draftkings@1.5,fanduel@1.5,pinnacle@2.5,sgo_fair@2.0",1.049054075237431,0.8666666666666667,0.8725028661860367,0.0058361995193699,0.0067340763685037,0.0025298084035189,-684,-556.0,pass,2026-09-30T22:56:39+00:00,sgo_slate_alt_20260930T225639Z.json,brocknelson,1.0,1.0,2.0,3.0,19:14,1.0,True,1.0,1.1538461538461537,0.15384615384615374,,shots_onGoal-nan-game-ou-over,,
NYI@TOR,Darren Raddysh,TOR,d1,PP1,A,over,0.5,draftkings,130,False,0.6570624784118815,0.5245405133018115,0.4816281714066253,0.4081727613554927,21.772137732023086,2248.580833333333,,"draftkings@0.5,pinnacle@0.5,sgo_fair@0.5",1.1144430424849077,0.4347826086956521,0.4375549253759457,0.0027723166802935,0.0063763283646751,0.0734554100511326,129,142.0,pass,2026-09-30T22:56:39+00:00,sgo_slate_alt_20260930T225639Z.json,darrenraddysh,4.0,0.0,0.0,0.0,20:36,0.0,True,0.0,2.3,-1.0,,assists-nan-game-ou-over,,
LAK@COL,Adrian Kempe,LAK,f1,PP1,SOG,over,0.5,draftkings,-1200,True,2.724080635461652,2.864901153745354,0.9234352633690808,0.932437971612973,18.62954093940684,2261.9791666666665,,"draftkings@2.5,fanduel@2.5,pinnacle@2.5,sgo_fair@3.0",1.049054075237431,0.9230769230769232,0.928836888315416,0.0057599652384929,0.0062399623417006,-0.0090027082438922,-1305,-940.0,pass,2026-09-30T22:56:39+00:00,sgo_slate_alt_20260930T225639Z.json,adriankempe,3.0,0.0,0.0,0.0,19:23,3.0,True,1.0,1.0833333333333333,0.08333333333333326,,shots_onGoal-nan-game-ou-over,,
NYI@TOR,William Nylander,TOR,f2,PP1,PTS,over,0.5,draftkings,-190,False,1.0777115667163069,1.0748049180546095,0.6596264427540173,0.6586356571741441,17.72223436993845,2000.8358333333333,,"draftkings@0.5,sgo_fair@1.0",1.0472579744117947,0.6551724137931034,0.6590319714060934,0.0038595576129899,0.0058909037250898,0.0009907855798731,-193,-173.0,pass,2026-09-30T22:56:39+00:00,sgo_slate_alt_20260930T225639Z.json,williamnylander,1.0,0.0,0.0,0.0,17:29,0.0,True,0.0,1.526315789473684,-1.0,,goals+assists-nan-game-ou-over,,
LAK@COL,Cale Makar,COL,d1,PP1,G,over,1.5,fanduel,3300,False,0.273496562557541,0.25965754243493,0.0312321244775863,0.0284063817177483,23.81464714714715,2789.351666666667,,"pinnacle@0.5,sgo_fair@0.5",1.0777230155902748,0.0294117647058823,0.0295366788216835,0.0001249141158011,0.0042470799372396,0.002825742759838,3286,21943.0,pass,2026-09-30T22:56:39+00:00,sgo_slate_alt_20260930T225639Z.json,calemakar,1.0,0.0,2.0,2.0,18:14,0.0,True,0.0,34.0,-1.0,,points-nan-game-ou-over,,
NYI@TOR,Bo Horvat,NYI,f1,PP1,PTS,over,1.5,draftkings,310,True,0.801267980022136,1.0427583078969032,0.1916637287677118,0.2799663281494883,19.278630126057124,2147.205833333333,,"draftkings@0.5,sgo_fair@1.0",1.0472579744117947,0.2439024390243902,0.2446452883967777,0.0007428493723874,0.0030456824267885,-0.0883025993817764,309,355.0,pass,2026-09-30T22:56:39+00:00,sgo_slate_alt_20260930T225639Z.json,bohorvat,4.0,0.0,1.0,1.0,22:31,1.0,True,0.0,4.1,-1.0,,goals+assists-nan-game-ou-over,,
PIT@PHI,Connor Dewar,PIT,f4,-,G,over,0.5,draftkings,700,False,0.1435483214384613,0.1273984943558254,0.1337210606685928,0.1196172248803828,11.95554718875502,1335.745,,sgo_fair@0.5,1.0777230155902748,0.125,0.1252587591956668,0.0002587591956668,0.0020700735653345,0.0141038357882099,698,897.0,pass,2026-09-30T22:56:39+00:00,sgo_slate_alt_20260930T225639Z.json,connordewar,0.0,0.0,0.0,0.0,14:51,0.0,True,0.0,8.0,-1.0,,points-nan-game-ou-over,,
NYI@TOR,Bo Horvat,NYI,f1,PP1,PTS,over,0.5,draftkings,-155,False,0.801267980022136,1.0427583078969032,0.5512404149757026,0.6475189115290818,19.278630126057124,2147.205833333333,,"draftkings@0.5,sgo_fair@1.0",1.0472579744117947,0.6078431372549019,0.6090075129077301,0.0011643756528282,0.001915585751427,-0.0962784965533791,-156,-140.0,pass,2026-09-30T22:56:39+00:00,sgo_slate_alt_20260930T225639Z.json,bohorvat,4.0,0.0,1.0,1.0,22:31,1.0,True,1.0,1.6451612903225805,0.6451612903225805,,goals+assists-nan-game-ou-over,,
LAK@COL,Nazem Kadri,COL,f2,PP2,SOG,over,2.5,draftkings,120,False,2.725185691129943,2.396569607305325,0.5023259794104505,0.4240114882375339,17.56882499268364,2179.7783333333336,,"draftkings@2.5,fanduel@2.5,pinnacle@2.5,sgo_fair@2.5",1.049054075237431,0.4545454545454545,0.4553372847067005,0.000791830161246,0.0017420263547411,0.0783144911729166,120,132.0,pass,2026-09-30T22:56:39+00:00,sgo_slate_alt_20260930T225639Z.json,nazemkadri,2.0,0.0,2.0,2.0,17:57,2.0,True,0.0,2.2,-1.0,,shots_onGoal-nan-game-ou-over,,
NYI@TOR,Darren Raddysh,TOR,d1,PP1,PTS,over,0.5,draftkings,-110,False,0.8589631358219288,0.6735215396940623,0.5763989285308442,0.4900902550922526,21.772137732023086,2248.580833333333,,"draftkings@0.5,sgo_fair@0.5",1.0472579744117947,0.5238095238095238,0.5246137244676892,0.0008042006581653,0.0015352921655884,0.0863086734385915,-110,100.0,pass,2026-09-30T22:56:39+00:00,sgo_slate_alt_20260930T225639Z.json,darrenraddysh,4.0,0.0,0.0,0.0,20:36,0.0,True,0.0,1.9090909090909092,-1.0,,goals+assists-nan-game-ou-over,,
PIT@PHI,Porter Martone,PHI,f1,PP1,G,over,1.5,fanduel,1500,True,0.4348031288609372,0.3823016904134132,0.0711197787677987,0.0568705103058196,17.520370370370372,153.36666666666667,,"fanduel@0.5,pinnacle@0.5,sgo_fair@0.5",1.0777230155902748,0.0625,0.0625702176906112,7.021769061127392e-05,0.0011234830497803,0.0142492684619791,1498,2562.0,pass,2026-09-30T22:56:39+00:00,sgo_slate_alt_20260930T225639Z.json,portermartone,0.0,0.0,0.0,0.0,14:05,0.0,True,0.0,16.0,-1.0,PORTER_MARTONE_1_NHL,points-PORTER_MARTONE_1_NHL-game-ou-over,1300.0,0.008928571428571425
PIT@PHI,Porter Martone,PHI,f1,PP1,G,over,1.5,fanduel,1500,True,0.4348031288609372,0.3823016904134132,0.0711197787677987,0.0568705103058196,17.520370370370372,153.36666666666667,,"fanduel@0.5,pinnacle@0.5,sgo_fair@0.5",1.0777230155902748,0.0625,0.0625702176906112,7.021769061127392e-05,0.0011234830497803,0.0142492684619791,1498,2562.0,pass,2026-09-30T22:56:39+00:00,sgo_slate_alt_20260930T225639Z.json,portermartone,0.0,0.0,0.0,0.0,14:05,0.0,True,0.0,16.0,-1.0,PORTER_MARTONE_1_NHL,points-PORTER_MARTONE_1_NHL-game-ou-over,2200.0,-0.019021739130434784
LAK@COL,Brock Nelson,COL,f2,PP2,SOG,over,2.5,fanduel,175,True,2.171272883197039,2.149457824821926,0.3672950591630116,0.3617096004351168,17.712678062678066,2272.766666666667,,"draftkings@1.5,fanduel@1.5,pinnacle@2.5,sgo_fair@2.0",1.049054075237431,0.3636363636363636,0.3639437839262747,0.000307420289911,0.0008454057972555,0.0055854587278947,175,195.0,pass,2026-09-30T22:56:39+00:00,sgo_slate_alt_20260930T225639Z.json,brocknelson,1.0,1.0,2.0,3.0,19:14,1.0,True,0.0,2.75,-1.0,,shots_onGoal-nan-game-ou-over,,
LAK@COL,Artturi Lehkonen,COL,f1,PP2,A,over,0.5,draftkings,220,False,0.3761069363195208,0.3743714955812763,0.3134710857585308,0.3122786210861719,18.532657100445324,1926.55,,"draftkings@0.5,pinnacle@0.5,sgo_fair@0.5",1.1144430424849077,0.3125,0.3127556069551154,0.0002556069551154,0.0008179422563694,0.0011924646723588,220,248.0,pass,2026-09-30T22:56:39+00:00,sgo_slate_alt_20260930T225639Z.json,artturilehkonen,3.0,2.0,0.0,2.0,19:27,0.0,True,0.0,3.2,-1.0,,assists-nan-game-ou-over,,
NYI@TOR,Tony DeAngelo,NYI,d3,PP2,SOG,over,1.5,fanduel,-138,False,1.9083498808556525,2.0493637849142767,0.558032496123993,0.5949674260606098,18.18105358764759,1822.348333333333,,"draftkings@1.5,sgo_fair@2.0",1.049054075237431,0.5798319327731093,0.580193454085963,0.0003615213128537,0.0006234932786899,-0.0369349299366168,-138,-125.0,pass,2026-09-30T22:56:39+00:00,sgo_slate_alt_20260930T225639Z.json,tonydeangelo,0.0,0.0,0.0,0.0,17:14,0.0,True,0.0,1.7246376811594204,-1.0,,shots_onGoal-nan-game-ou-over,,
LAK@COL,Devon Toews,COL,d1,PP2,SOG,over,0.5,draftkings,-525,True,1.7531529742251926,2.031765832456246,0.8150061891595242,0.8568960213017884,22.805984996738424,2362.043333333333,,"draftkings@1.5,sgo_fair@2.0",1.049054075237431,0.84,0.8401400884448827,0.0001400884448827,0.0001667719581937,-0.0418898321422642,-526,-441.0,pass,2026-09-30T22:56:39+00:00,sgo_slate_alt_20260930T225639Z.json,devontoews,0.0,0.0,2.0,2.0,20:04,0.0,True,0.0,1.1904761904761905,-1.0,,shots_onGoal-nan-game-ou-over,,
PIT@PHI,Rickard Rakell,PIT,f1,PP1,SOG,over,3.5,fanduel,305,True,2.557960635509841,2.454728443435274,0.259699984378872,0.238456144268788,18.540236737515123,1840.311666666667,,"draftkings@2.5,fanduel@2.5,pinnacle@2.5,sgo_fair@2.5",1.049054075237431,0.2469135802469135,0.2469536803128216,4.010006590809967e-05,0.0001624052669277,0.0212438401100839,305,351.0,pass,2026-09-30T22:56:39+00:00,sgo_slate_alt_20260930T225639Z.json,rickardrakell,2.0,0.0,1.0,1.0,18:32,2.0,True,0.0,4.05,-1.0,,shots_onGoal-nan-game-ou-over,,
NYI@TOR,John Tavares,TOR,f2,PP1,G,over,0.5,fanduel,210,False,0.4369711400369725,0.3590479136630202,0.3540099256087316,0.3016591095201361,17.08891862955032,2122.2625,,"fanduel@0.5,pinnacle@0.5,sgo_fair@0.5",1.0777230155902748,0.3225806451612903,0.3225994359555743,1.87907942840182e-05,5.825146228044531e-05,0.0523508160885954,210,236.0,pass,2026-09-30T22:56:39+00:00,sgo_slate_alt_20260930T225639Z.json,johntavares,1.0,0.0,0.0,0.0,16:58,0.0,True,0.0,3.1,-1.0,,points-nan-game-ou-over,,
PIT@PHI,Christian Dvorak,PHI,f2,-,A,over,0.5,draftkings,240,False,0.3699497231166214,0.3339930272931689,0.3092309405202366,0.2839412249222859,16.72216638152267,2039.2425,,"draftkings@0.5,sgo_fair@0.5",1.1144430424849077,0.2941176470588235,0.2940571111614662,-6.053589735732778e-05,-0.0002058220510149,0.0252897155979506,240,272.0,pass,2026-09-30T22:56:39+00:00,sgo_slate_alt_20260930T225639Z.json,christiandvorak,2.0,0.0,0.0,0.0,14:58,0.0,True,0.0,3.4,-1.0,CHRISTIAN_DVORAK_1_NHL,assists-CHRISTIAN_DVORAK_1_NHL-game-ou-over,240.0,5.551115123125783e-17
NYI@TOR,Tony DeAngelo,NYI,d3,PP2,SOG,over,0.5,draftkings,-575,True,1.9083498808556525,2.0493637849142767,0.8397175589270511,0.859184070756271,18.18105358764759,1822.348333333333,,"draftkings@1.5,sgo_fair@2.0",1.049054075237431,0.8518518518518519,0.851397466024583,-0.0004543858272688,-0.0005334094494027,-0.0194665118292198,-573,-476.0,pass,2026-09-30T22:56:39+00:00,sgo_slate_alt_20260930T225639Z.json,tonydeangelo,0.0,0.0,0.0,0.0,17:14,0.0,True,0.0,1.1739130434782608,-1.0,,shots_onGoal-nan-game-ou-over,,
PIT@PHI,Trevor Zegras,PHI,f1,PP1,G,over,0.5,fanduel,270,False,0.3360841840656494,0.3009290415213593,0.2854370515302168,0.2598697105972334,18.15746991717456,1953.2883333333332,,"fanduel@0.5,pinnacle@0.5,sgo_fair@0.5",1.0777230155902748,0.2702702702702703,0.2700966469704268,-0.0001736232998434,-0.0006424062094207,0.0255673409329834,270,308.0,pass,2026-09-30T22:56:39+00:00,sgo_slate_alt_20260930T225639Z.json,trevorzegras,1.0,0.0,0.0,0.0,16:25,0.0,True,0.0,3.7,-1.0,TREVOR_ZEGRAS_1_NHL,points-TREVOR_ZEGRAS_1_NHL-game-ou-over,275.0,-0.0036036036036036223
PIT@PHI,Trevor Zegras,PHI,f1,PP1,G,over,0.5,fanduel,270,False,0.3360841840656494,0.3009290415213593,0.2854370515302168,0.2598697105972334,18.15746991717456,1953.2883333333332,,"fanduel@0.5,pinnacle@0.5,sgo_fair@0.5",1.0777230155902748,0.2702702702702703,0.2700966469704268,-0.0001736232998434,-0.0006424062094207,0.0255673409329834,270,308.0,pass,2026-09-30T22:56:39+00:00,sgo_slate_alt_20260930T225639Z.json,trevorzegras,1.0,0.0,0.0,0.0,16:25,0.0,True,0.0,3.7,-1.0,TREVOR_ZEGRAS_1_NHL,points-TREVOR_ZEGRAS_1_NHL-game-ou-over,340.0,-0.04299754299754302
PIT@PHI,Nick Robertson,PIT,f1,-,A,over,0.5,draftkings,230,False,0.2119562615844638,0.4737843520856415,0.190999918825598,0.3773584905660377,15.236584899893014,1360.1991666666663,,sgo_fair@0.5,1.1144430424849077,0.303030303030303,0.3028150618698618,-0.0002152411604411,-0.0007102958294559,-0.1863585717404396,230,260.0,data-check,2026-09-30T22:56:39+00:00,sgo_slate_alt_20260930T225639Z.json,nickrobertson,4.0,2.0,0.0,2.0,15:02,0.0,True,0.0,3.3,-1.0,,assists-nan-game-ou-over,,
NYI@TOR,William Nylander,TOR,f2,PP1,PTS,over,0.5,fanduel,-194,False,1.0777115667163069,1.0748049180546095,0.6596264427540173,0.6586356571741441,17.72223436993845,2000.8358333333333,,"draftkings@0.5,sgo_fair@1.0",1.0472579744117947,0.6598639455782312,0.6590319714060934,-0.0008319741721378,-0.0012608268381884,0.0009907855798731,-193,-173.0,pass,2026-09-30T22:56:39+00:00,sgo_slate_alt_20260930T225639Z.json,williamnylander,1.0,0.0,0.0,0.0,17:29,0.0,True,0.0,1.5154639175257731,-1.0,,goals+assists-nan-game-ou-over,,
NYI@TOR,Kyle Palmieri,NYI,f1,PP1,SOG,over,2.5,draftkings,120,False,2.5751143695879755,2.481071999455715,0.4673183248130064,0.4447157693670416,18.330910070005388,1155.1666666666667,,"draftkings@2.5,fanduel@2.5,pinnacle@2.5,sgo_fair@2.5",1.049054075237431,0.4545454545454545,0.4537567915454276,-0.0007886630000269,-0.0017350586000591,0.0226025554459648,120,133.0,pass,2026-09-30T22:56:39+00:00,sgo_slate_alt_20260930T225639Z.json,kylepalmieri,4.0,0.0,0.0,0.0,18:35,4.0,True,1.0,2.2,1.2000000000000002,,shots_onGoal-nan-game-ou-over,,
NYI@TOR,William Nylander,TOR,f2,PP1,G,over,0.5,fanduel,190,False,0.4217549653911107,0.4217549653911107,0.3441052633852937,0.3441052633852937,17.72223436993845,2000.8358333333333,,"fanduel@0.5,pinnacle@0.5,sgo_fair@0.5",1.0777230155902748,0.3448275862068966,0.3441052633852937,-0.0007223228216028,-0.0020947361826482,0.0,191,213.0,pass,2026-09-30T22:56:39+00:00,sgo_slate_alt_20260930T225639Z.json,williamnylander,1.0,0.0,0.0,0.0,17:29,0.0,True,0.0,2.9,-1.0,,points-nan-game-ou-over,,
NYI@TOR,Brayden Schenn,NYI,f2,PP1,SOG,over,1.5,fanduel,-115,False,1.7653238148340504,1.8578812795063333,0.5179334065807382,0.5441858055822649,16.50940975192472,1989.5,,"draftkings@1.5,fanduel@1.5,pinnacle@1.5,sgo_fair@2.0",1.049054075237431,0.5348837209302325,0.5336848459816542,-0.0011988749485782,-0.0022413749038638,-0.0262523990015267,-114,-104.0,pass,2026-09-30T22:56:39+00:00,sgo_slate_alt_20260930T225639Z.json,braydenschenn,1.0,0.0,0.0,0.0,14:27,1.0,True,0.0,1.8695652173913042,-1.0,,shots_onGoal-nan-game-ou-over,,
NYI@TOR,Jean-Gabriel Pageau,NYI,f3,-,G,over,1.5,fanduel,6000,False,0.1999893713058118,0.1878160761116059,0.0175213559356591,0.0155770876061452,14.798847558192604,1763.5024999999998,,sgo_fair@0.5,1.0777230155902748,0.0163934426229508,0.0163547949379508,-3.86476850000074e-05,-0.0023575087850004,0.0019442683295139,6014,,pass,2026-09-30T22:56:39+00:00,sgo_slate_alt_20260930T225639Z.json,jeangabrielpageau,1.0,0.0,0.0,0.0,13:50,0.0,True,0.0,61.0,-1.0,,points-nan-game-ou-over,,
NYI@TOR,Kyle Palmieri,NYI,f1,PP1,SOG,over,1.5,draftkings,-235,True,2.5751143695879755,2.481071999455715,0.7106935921394197,0.6924196565498884,18.330910070005388,1155.1666666666667,,"draftkings@2.5,fanduel@2.5,pinnacle@2.5,sgo_fair@2.5",1.049054075237431,0.7014925373134329,0.6997292307857008,-0.001763306527732,-0.0025136497310223,0.0182739355895313,-233,-207.0,pass,2026-09-30T22:56:39+00:00,sgo_slate_alt_20260930T225639Z.json,kylepalmieri,4.0,0.0,0.0,0.0,18:35,4.0,True,1.0,1.425531914893617,0.42553191489361697,,shots_onGoal-nan-game-ou-over,,
PIT@PHI,Evgeni Malkin,PIT,f2,PP2,PTS,over,0.5,fanduel,-115,False,0.8222159802311847,0.7231705300660348,0.5605432527470283,0.5147885628054228,16.83075923787529,1529.4875,,"draftkings@0.5,sgo_fair@0.5",1.0472579744117947,0.5348837209302325,0.533090438782065,-0.0017932821481675,-0.0033526579291829,0.0457546899416054,-114,-103.0,pass,2026-09-30T22:56:39+00:00,sgo_slate_alt_20260930T225639Z.json,evgenimalkin,2.0,1.0,0.0,1.0,15:47,1.0,True,1.0,1.8695652173913042,0.8695652173913042,,goals+assists-nan-game-ou-over,,
PIT@PHI,Evgeni Malkin,PIT,f2,PP2,A,over,0.5,draftkings,145,False,0.5916498419328473,0.4771154795841031,0.446586513645648,0.3794291381095816,16.83075923787529,1529.4875,,"draftkings@0.5,pinnacle@0.5,sgo_fair@0.5",1.1144430424849077,0.4081632653061224,0.4062920883240082,-0.0018711769821142,-0.0045843836061798,0.0671573755360664,146,162.0,pass,2026-09-30T22:56:39+00:00,sgo_slate_alt_20260930T225639Z.json,evgenimalkin,2.0,1.0,0.0,1.0,15:47,0.0,True,0.0,2.45,-1.0,,assists-nan-game-ou-over,,
NYI@TOR,Brayden Schenn,NYI,f2,PP1,A,over,0.5,fanduel,240,False,0.3440595367221938,0.3478647522215859,0.2911132779987164,0.293805619023009,16.50940975192472,1989.5,,"draftkings@0.5,pinnacle@0.5,sgo_fair@0.5",1.1144430424849077,0.2941176470588235,0.292728682613292,-0.0013889644455315,-0.0047224791148072,-0.0026923410242926,242,274.0,pass,2026-09-30T22:56:39+00:00,sgo_slate_alt_20260930T225639Z.json,braydenschenn,1.0,0.0,0.0,0.0,14:27,0.0,True,0.0,3.4,-1.0,,assists-nan-game-ou-over,,
PIT@PHI,Rickard Rakell,PIT,f1,PP1,SOG,over,2.5,fanduel,122,False,2.557960635509841,2.454728443435274,0.4632319846575476,0.438299510134846,18.540236737515123,1840.311666666667,,"draftkings@2.5,fanduel@2.5,pinnacle@2.5,sgo_fair@2.5",1.049054075237431,0.4504504504504504,0.4482724999439266,-0.0021779505065238,-0.0048350501244829,0.0249324745227015,123,136.0,pass,2026-09-30T22:56:39+00:00,sgo_slate_alt_20260930T225639Z.json,rickardrakell,2.0,0.0,1.0,1.0,18:32,2.0,True,0.0,2.2199999999999998,-1.0,,shots_onGoal-nan-game-ou-over,,
PIT@PHI,Porter Martone,PHI,f1,PP1,G,over,0.5,fanduel,200,False,0.4348031288609372,0.3823016904134132,0.352607892645438,0.3177108179531248,17.520370370370372,153.36666666666667,,"fanduel@0.5,pinnacle@0.5,sgo_fair@0.5",1.0777230155902748,0.3333333333333333,0.3316696478300501,-0.0016636855032831,-0.0049910565098495,0.0348970746923131,202,226.0,pass,2026-09-30T22:56:39+00:00,sgo_slate_alt_20260930T225639Z.json,portermartone,0.0,0.0,0.0,0.0,14:05,0.0,True,0.0,3.0,-1.0,PORTER_MARTONE_1_NHL,points-PORTER_MARTONE_1_NHL-game-ou-over,190.0,0.01149425287356326
PIT@PHI,Porter Martone,PHI,f1,PP1,G,over,0.5,fanduel,200,False,0.4348031288609372,0.3823016904134132,0.352607892645438,0.3177108179531248,17.520370370370372,153.36666666666667,,"fanduel@0.5,pinnacle@0.5,sgo_fair@0.5",1.0777230155902748,0.3333333333333333,0.3316696478300501,-0.0016636855032831,-0.0049910565098495,0.0348970746923131,202,226.0,pass,2026-09-30T22:56:39+00:00,sgo_slate_alt_20260930T225639Z.json,portermartone,0.0,0.0,0.0,0.0,14:05,0.0,True,0.0,3.0,-1.0,PORTER_MARTONE_1_NHL,points-PORTER_MARTONE_1_NHL-game-ou-over,275.0,-0.06666666666666665
NYI@TOR,Darren Raddysh,TOR,d1,PP1,PTS,over,1.5,draftkings,475,True,0.8589631358219288,0.6735215396940623,0.2125412238441695,0.1466550585969797,21.772137732023086,2248.580833333333,,"draftkings@0.5,sgo_fair@0.5",1.0472579744117947,0.1739130434782608,0.1730095246958556,-0.0009035187824052,-0.0051952329988301,0.0658861652471898,478,576.0,pass,2026-09-30T22:56:39+00:00,sgo_slate_alt_20260930T225639Z.json,darrenraddysh,4.0,0.0,0.0,0.0,20:36,0.0,True,0.0,5.75,-1.0,,goals+assists-nan-game-ou-over,,
PIT@PHI,Evgeni Malkin,PIT,f2,PP2,SOG,over,1.5,fanduel,-146,False,2.137186161373,1.9634612706407568,0.6166731944144437,0.5727746935445949,16.83075923787529,1529.4875,,"draftkings@1.5,fanduel@1.5,pinnacle@1.5,sgo_fair@2.5",1.049054075237431,0.5934959349593496,0.5903340938925344,-0.0031618410668151,-0.0053274856331269,0.0438985008698488,-144,-130.0,pass,2026-09-30T22:56:39+00:00,sgo_slate_alt_20260930T225639Z.json,evgenimalkin,2.0,1.0,0.0,1.0,15:47,2.0,True,1.0,1.6849315068493151,0.6849315068493151,,shots_onGoal-nan-game-ou-over,,
LAK@COL,Artemi Panarin,LAK,f1,PP1,SOG,over,1.5,draftkings,-255,True,2.719170564441844,2.517018793316034,0.7367914932754599,0.6995231579991081,19.238125,2334.2925,,"draftkings@2.5,fanduel@2.5,pinnacle@2.5,sgo_fair@2.5",1.049054075237431,0.7183098591549296,0.7144304921096488,-0.0038793670452808,-0.0054006874551948,0.0372683352763517,-250,-222.0,pass,2026-09-30T22:56:39+00:00,sgo_slate_alt_20260930T225639Z.json,artemipanarin,2.0,1.0,0.0,1.0,20:16,2.0,True,1.0,1.392156862745098,0.392156862745098,,shots_onGoal-nan-game-ou-over,,
LAK@COL,Artemi Panarin,LAK,f1,PP1,PTS,over,0.5,draftkings,-180,False,0.950936253207822,1.0666895995264063,0.6136208946193883,0.6558541054746133,19.238125,2334.2925,,"draftkings@0.5,sgo_fair@1.0",1.0472579744117947,0.6428571428571429,0.6389608211325233,-0.0038963217246196,-0.0060609449049637,-0.042233210855225,-177,-159.0,pass,2026-09-30T22:56:39+00:00,sgo_slate_alt_20260930T225639Z.json,artemipanarin,2.0,1.0,0.0,1.0,20:16,1.0,True,1.0,1.5555555555555556,0.5555555555555556,,goals+assists-nan-game-ou-over,,
NYI@TOR,Simon Holmstrom,NYI,f1,PP2,A,over,0.5,draftkings,285,False,0.3314670031890547,0.2770178282597631,0.2821301567585642,0.2419590175615088,17.38473022912047,1890.756666666667,,"draftkings@0.5,sgo_fair@0.5",1.1144430424849077,0.2597402597402597,0.258027473240331,-0.0017127864999287,-0.0065942280247256,0.0401711391970553,288,329.0,pass,2026-09-30T22:56:39+00:00,sgo_slate_alt_20260930T225639Z.json,simonholmstrom,0.0,0.0,0.0,0.0,20:17,0.0,True,0.0,3.85,-1.0,,assists-nan-game-ou-over,,
NYI@TOR,Matias Maccelli,NYI,f2,PP1,SOG,over,0.5,draftkings,-525,True,1.6506556219711694,2.0429238459214494,0.7965279895579107,0.8583512306516404,15.174308093994778,1373.88,,"draftkings@1.5,sgo_fair@2.0",1.049054075237431,0.84,0.8336219342141485,-0.0063780657858514,-0.007592935459347,-0.0618232410937297,-501,-423.0,pass,2026-09-30T22:56:39+00:00,sgo_slate_alt_20260930T225639Z.json,matiasmaccelli,1.0,0.0,0.0,0.0,17:39,1.0,True,1.0,1.1904761904761905,0.19047619047619047,,shots_onGoal-nan-game-ou-over,,
LAK@COL,Artemi Panarin,LAK,f1,PP1,SOG,over,2.5,draftkings,110,False,2.719170564441844,2.517018793316034,0.5009494083002708,0.45341236826297,19.238125,2334.2925,,"draftkings@2.5,fanduel@2.5,pinnacle@2.5,sgo_fair@2.5",1.049054075237431,0.4761904761904761,0.4724271842778903,-0.0037632919125858,-0.0079029130164303,0.0475370400373008,112,124.0,pass,2026-09-30T22:56:39+00:00,sgo_slate_alt_20260930T225639Z.json,artemipanarin,2.0,1.0,0.0,1.0,20:16,2.0,True,0.0,2.1,-1.0,,shots_onGoal-nan-game-ou-over,,
LAK@COL,Nazem Kadri,COL,f2,PP2,SOG,over,1.5,draftkings,-240,True,2.725185691129943,2.396569607305325,0.7378330225139592,0.675130801960929,17.56882499268364,2179.7783333333336,,"draftkings@2.5,fanduel@2.5,pinnacle@2.5,sgo_fair@2.5",1.049054075237431,0.7058823529411765,0.7002116901821411,-0.0056706627590353,-0.0080334389086333,0.0627022205530302,-234,-208.0,pass,2026-09-30T22:56:39+00:00,sgo_slate_alt_20260930T225639Z.json,nazemkadri,2.0,0.0,2.0,2.0,17:57,2.0,True,1.0,1.4166666666666667,0.41666666666666674,,shots_onGoal-nan-game-ou-over,,
LAK@COL,Artemi Panarin,LAK,f1,PP1,PTS,over,1.5,fanduel,265,True,0.950936253207822,1.0666895995264063,0.2461989958309594,0.2887572590646718,19.238125,2334.2925,,"draftkings@0.5,sgo_fair@1.0",1.0472579744117947,0.273972602739726,0.2717339537711868,-0.0022386489685391,-0.0081710687351679,-0.0425582632337124,268,305.0,pass,2026-09-30T22:56:39+00:00,sgo_slate_alt_20260930T225639Z.json,artemipanarin,2.0,1.0,0.0,1.0,20:16,1.0,True,0.0,3.65,-1.0,,goals+assists-nan-game-ou-over,,
PIT@PHI,Travis Konecny,PHI,f2,PP2,PTS,over,0.5,fanduel,-162,False,0.8535395290243577,1.0191197854576215,0.5740952413805303,0.6390875191852301,17.79007170032192,2230.1783333333337,,"draftkings@0.5,sgo_fair@1.0",1.0472579744117947,0.6183206106870229,0.6130906080633503,-0.0052300026236726,-0.008458399304952,-0.0649922778046998,-158,-143.0,pass,2026-09-30T22:56:39+00:00,sgo_slate_alt_20260930T225639Z.json,traviskonecny,2.0,0.0,0.0,0.0,14:47,0.0,True,0.0,1.617283950617284,-1.0,TRAVIS_KONECNY_1_NHL,goals+assists-TRAVIS_KONECNY_1_NHL-game-ou-over,-166.0,0.005739539688916939
PIT@PHI,Travis Konecny,PHI,f2,PP2,PTS,over,0.5,fanduel,-162,False,0.8535395290243577,1.0191197854576215,0.5740952413805303,0.6390875191852301,17.79007170032192,2230.1783333333337,,"draftkings@0.5,sgo_fair@1.0",1.0472579744117947,0.6183206106870229,0.6130906080633503,-0.0052300026236726,-0.008458399304952,-0.0649922778046998,-158,-143.0,pass,2026-09-30T22:56:39+00:00,sgo_slate_alt_20260930T225639Z.json,traviskonecny,2.0,0.0,0.0,0.0,14:47,0.0,True,0.0,1.617283950617284,-1.0,TRAVIS_KONECNY_1_NHL,goals+assists-TRAVIS_KONECNY_1_NHL-game-ou-over,-138.0,-0.03848867791391364
LAK@COL,Mats Zuccarello,LAK,f2,PP1,A,over,0.5,fanduel,168,False,0.5444397517237228,0.4104799462630263,0.4198332702836999,0.3366681898980251,17.496636128076993,1710.3441666666663,,"draftkings@0.5,pinnacle@0.5,sgo_fair@0.5",1.1144430424849077,0.373134328358209,0.3699342220522951,-0.0032001063059138,-0.0085762848998492,0.0831650803856747,170,190.0,pass,2026-09-30T22:56:39+00:00,sgo_slate_alt_20260930T225639Z.json,matszuccarello,0.0,0.0,0.0,0.0,17:59,0.0,True,0.0,2.6799999999999997,-1.0,,assists-nan-game-ou-over,,
NYI@TOR,Brayden Schenn,NYI,f2,PP1,SOG,over,0.5,draftkings,-500,True,1.7653238148340504,1.8578812795063333,0.8170808301369338,0.8320840573010704,16.50940975192472,1989.5,,"draftkings@1.5,fanduel@1.5,pinnacle@1.5,sgo_fair@2.0",1.049054075237431,0.8333333333333334,0.8260827664354158,-0.0072505668979175,-0.0087006802775011,-0.0150032271641366,-475,-403.0,pass,2026-09-30T22:56:39+00:00,sgo_slate_alt_20260930T225639Z.json,braydenschenn,1.0,0.0,0.0,0.0,14:27,1.0,True,1.0,1.2,0.19999999999999996,,shots_onGoal-nan-game-ou-over,,
PIT@PHI,Rickard Rakell,PIT,f1,PP1,SOG,over,1.5,draftkings,-235,True,2.557960635509841,2.454728443435274,0.7074347745960097,0.6871193717511638,18.540236737515123,1840.311666666667,,"draftkings@2.5,fanduel@2.5,pinnacle@2.5,sgo_fair@2.5",1.049054075237431,0.7014925373134329,0.6952455328891021,-0.0062470044243307,-0.0089053041793651,0.0203154028448458,-228,-203.0,pass,2026-09-30T22:56:39+00:00,sgo_slate_alt_20260930T225639Z.json,rickardrakell,2.0,0.0,1.0,1.0,18:32,2.0,True,1.0,1.425531914893617,0.42553191489361697,,shots_onGoal-nan-game-ou-over,,
LAK@COL,Mats Zuccarello,LAK,f2,PP1,SOG,over,2.5,fanduel,215,True,1.9793931685884407,1.9586806431344597,0.3178131934969609,0.3124393914869601,17.496636128076993,1710.3441666666663,,"draftkings@1.5,fanduel@1.5,pinnacle@1.5,sgo_fair@2.5",1.049054075237431,0.3174603174603174,0.3145889122909604,-0.002871405169357,-0.0090449262834747,0.0053738020100008,218,245.0,pass,2026-09-30T22:56:39+00:00,sgo_slate_alt_20260930T225639Z.json,matszuccarello,0.0,0.0,0.0,0.0,17:59,0.0,True,0.0,3.15,-1.0,,shots_onGoal-nan-game-ou-over,,
NYI@TOR,John Tavares,TOR,f2,PP1,SOG,over,0.5,draftkings,-900,True,2.490911008597741,2.248941772184448,0.9056679091627589,0.8826132487882229,17.08891862955032,2122.2625,,"draftkings@2.5,fanduel@2.5,pinnacle@2.5,sgo_fair@2.5",1.049054075237431,0.9,0.8918351129380373,-0.0081648870619627,-0.009072096735514,0.0230546603745359,-825,-651.0,pass,2026-09-30T22:56:39+00:00,sgo_slate_alt_20260930T225639Z.json,johntavares,1.0,0.0,0.0,0.0,16:58,1.0,True,1.0,1.1111111111111112,0.11111111111111116,,shots_onGoal-nan-game-ou-over,,
PIT@PHI,Porter Martone,PHI,f1,PP1,SOG,over,1.5,draftkings,-330,True,2.858866874003733,2.863320513474742,0.7600239719005377,0.760732465819657,17.520370370370372,153.36666666666667,,"draftkings@2.5,fanduel@2.5,pinnacle@2.5,sgo_fair@3.0",1.049054075237431,0.7674418604651163,0.7604490682520093,-0.006992792213107,-0.0091118201564727,-0.0007084939191193,-317,-278.0,pass,2026-09-30T22:56:39+00:00,sgo_slate_alt_20260930T225639Z.json,portermartone,0.0,0.0,0.0,0.0,14:05,0.0,True,0.0,1.303030303030303,-1.0,PORTER_MARTONE_1_NHL,shots_onGoal-PORTER_MARTONE_1_NHL-game-ou-over,-330.0,0.0
PIT@PHI,Porter Martone,PHI,f1,PP1,SOG,over,1.5,draftkings,-330,True,2.858866874003733,2.863320513474742,0.7600239719005377,0.760732465819657,17.520370370370372,153.36666666666667,,"draftkings@2.5,fanduel@2.5,pinnacle@2.5,sgo_fair@3.0",1.049054075237431,0.7674418604651163,0.7604490682520093,-0.006992792213107,-0.0091118201564727,-0.0007084939191193,-317,-278.0,pass,2026-09-30T22:56:39+00:00,sgo_slate_alt_20260930T225639Z.json,portermartone,0.0,0.0,0.0,0.0,14:05,0.0,True,0.0,1.303030303030303,-1.0,PORTER_MARTONE_1_NHL,shots_onGoal-PORTER_MARTONE_1_NHL-game-ou-over,-225.0,-0.07513416815742402
NYI@TOR,Auston Matthews,TOR,f1,PP1,SOG,over,0.5,draftkings,-4000,True,3.7442061530497432,3.6315658225880094,0.9685784073558829,0.9653913632208792,19.35674712013165,1888.035,,"draftkings@3.5,fanduel@3.5,pinnacle@3.5,sgo_fair@3.5",1.049054075237431,0.975609756097561,0.9666661808748808,-0.0089435752226803,-0.0091671646032474,0.0031870441350037,-2900,-1614.0,pass,2026-09-30T22:56:39+00:00,sgo_slate_alt_20260930T225639Z.json,austonmatthews,1.0,0.0,0.0,0.0,20:04,1.0,True,1.0,1.025,0.02499999999999991,,shots_onGoal-nan-game-ou-over,,
PIT@PHI,Porter Martone,PHI,f1,PP1,SOG,over,0.5,draftkings,-1600,True,2.858866874003733,2.863320513474742,0.932075830090238,0.932343306467842,17.520370370370372,153.36666666666667,,"draftkings@2.5,fanduel@2.5,pinnacle@2.5,sgo_fair@3.0",1.049054075237431,0.9411764705882352,0.9322363159168005,-0.0089401546714348,-0.0094989143383995,-0.0002674763776039,-1376,-978.0,pass,2026-09-30T22:56:39+00:00,sgo_slate_alt_20260930T225639Z.json,portermartone,0.0,0.0,0.0,0.0,14:05,0.0,True,0.0,1.0625,-1.0,PORTER_MARTONE_1_NHL,shots_onGoal-PORTER_MARTONE_1_NHL-game-ou-over,-1600.0,1.1102230246251565e-16
PIT@PHI,Porter Martone,PHI,f1,PP1,SOG,over,0.5,draftkings,-1600,True,2.858866874003733,2.863320513474742,0.932075830090238,0.932343306467842,17.520370370370372,153.36666666666667,,"draftkings@2.5,fanduel@2.5,pinnacle@2.5,sgo_fair@3.0",1.049054075237431,0.9411764705882352,0.9322363159168005,-0.0089401546714348,-0.0094989143383995,-0.0002674763776039,-1376,-978.0,pass,2026-09-30T22:56:39+00:00,sgo_slate_alt_20260930T225639Z.json,portermartone,0.0,0.0,0.0,0.0,14:05,0.0,True,0.0,1.0625,-1.0,PORTER_MARTONE_1_NHL,shots_onGoal-PORTER_MARTONE_1_NHL-game-ou-over,-1000.0,-0.03208556149732611
NYI@TOR,Kyle Palmieri,NYI,f1,PP1,SOG,over,0.5,draftkings,-1100,True,2.5751143695879755,2.481071999455715,0.9125354222537424,0.904829453823126,18.330910070005388,1155.1666666666667,,"draftkings@2.5,fanduel@2.5,pinnacle@2.5,sgo_fair@2.5",1.049054075237431,0.9166666666666666,0.9079118411953726,-0.008754825471294,-0.0095507186959572,0.0077059684306164,-986,-754.0,pass,2026-09-30T22:56:39+00:00,sgo_slate_alt_20260930T225639Z.json,kylepalmieri,4.0,0.0,0.0,0.0,18:35,4.0,True,1.0,1.0909090909090908,0.09090909090909083,,shots_onGoal-nan-game-ou-over,,
NYI@TOR,Bo Horvat,NYI,f1,PP1,SOG,over,0.5,draftkings,-2500,True,3.300034301037376,3.233630431286568,0.9538955765537876,0.9511476698681064,19.278630126057124,2147.205833333333,,"draftkings@2.5,fanduel@3.5,pinnacle@3.5,sgo_fair@3.5",1.049054075237431,0.9615384615384616,0.9522468325423789,-0.0092916289960827,-0.0096632941559259,0.0027479066856812,-1994,-1275.0,pass,2026-09-30T22:56:39+00:00,sgo_slate_alt_20260930T225639Z.json,bohorvat,4.0,0.0,1.0,1.0,22:31,4.0,True,1.0,1.04,0.040000000000000036,,shots_onGoal-nan-game-ou-over,,
LAK@COL,Nazem Kadri,COL,f2,PP2,SOG,over,0.5,draftkings,-1100,True,2.725185691129943,2.396569607305325,0.9235105938763456,0.8972995785273131,17.56882499268364,2179.7783333333336,,"draftkings@2.5,fanduel@2.5,pinnacle@2.5,sgo_fair@2.5",1.049054075237431,0.9166666666666666,0.907783984666926,-0.0088826819997406,-0.0096901985451717,0.0262110153490323,-984,-753.0,pass,2026-09-30T22:56:39+00:00,sgo_slate_alt_20260930T225639Z.json,nazemkadri,2.0,0.0,2.0,2.0,17:57,2.0,True,1.0,1.0909090909090908,0.09090909090909083,,shots_onGoal-nan-game-ou-over,,
PIT@PHI,Matvei Michkov,PHI,f3,PP1,SOG,over,0.5,draftkings,-600,True,2.1848627220870838,1.8506993587213365,0.8755703562852226,0.830967279759992,14.45386396011396,1802.7041666666669,,"draftkings@1.5,sgo_fair@1.5",1.049054075237431,0.8571428571428571,0.8488085103700842,-0.0083343467727728,-0.009723404568235,0.0446030765252306,-561,-468.0,pass,2026-09-30T22:56:39+00:00,sgo_slate_alt_20260930T225639Z.json,matveimichkov,1.0,0.0,0.0,0.0,15:47,1.0,True,1.0,1.1666666666666667,0.16666666666666674,MATVEI_MICHKOV_1_NHL,shots_onGoal-MATVEI_MICHKOV_1_NHL-game-ou-over,-600.0,0.0
PIT@PHI,Matvei Michkov,PHI,f3,PP1,SOG,over,0.5,draftkings,-600,True,2.1848627220870838,1.8506993587213365,0.8755703562852226,0.830967279759992,14.45386396011396,1802.7041666666669,,"draftkings@1.5,sgo_fair@1.5",1.049054075237431,0.8571428571428571,0.8488085103700842,-0.0083343467727728,-0.009723404568235,0.0446030765252306,-561,-468.0,pass,2026-09-30T22:56:39+00:00,sgo_slate_alt_20260930T225639Z.json,matveimichkov,1.0,0.0,0.0,0.0,15:47,1.0,True,1.0,1.1666666666666667,0.16666666666666674,MATVEI_MICHKOV_1_NHL,shots_onGoal-MATVEI_MICHKOV_1_NHL-game-ou-over,-650.0,0.009523809523809601
LAK@COL,Artemi Panarin,LAK,f1,PP1,SOG,over,0.5,draftkings,-1200,True,2.719170564441844,2.517018793316034,0.9230996101422424,0.9078555433289957,19.238125,2334.2925,,"draftkings@2.5,fanduel@2.5,pinnacle@2.5,sgo_fair@2.5",1.049054075237431,0.9230769230769232,0.9139531700542944,-0.0091237530226288,-0.0098840657745145,0.0152440668132469,-1062,-801.0,pass,2026-09-30T22:56:39+00:00,sgo_slate_alt_20260930T225639Z.json,artemipanarin,2.0,1.0,0.0,1.0,20:16,2.0,True,1.0,1.0833333333333333,0.08333333333333326,,shots_onGoal-nan-game-ou-over,,
LAK@COL,Martin Necas,COL,f1,PP1,PTS,over,0.5,draftkings,-235,False,1.2272836686262214,1.159090226714486,0.7069123795090482,0.6862284879910121,19.35776089828269,2352.2475,,"draftkings@0.5,sgo_fair@1.5",1.0472579744117947,0.7014925373134329,0.6945020445982265,-0.0069904927152063,-0.009965170466358,0.020683891518036,-227,-203.0,pass,2026-09-30T22:56:39+00:00,sgo_slate_alt_20260930T225639Z.json,martinnecas,4.0,0.0,1.0,1.0,19:11,1.0,True,1.0,1.425531914893617,0.42553191489361697,,goals+assists-nan-game-ou-over,,
LAK@COL,Brock Nelson,COL,f2,PP2,G,over,0.5,fanduel,250,False,0.3327038615926342,0.3323539802851173,0.2830175112278131,0.2827666085666587,17.712678062678066,2272.766666666667,,"fanduel@0.5,pinnacle@0.5,sgo_fair@0.5",1.0777230155902748,0.2857142857142857,0.2828669696311205,-0.0028473160831651,-0.0099656062910782,0.0002509026611544,254,288.0,pass,2026-09-30T22:56:39+00:00,sgo_slate_alt_20260930T225639Z.json,brocknelson,1.0,1.0,2.0,3.0,19:14,1.0,True,1.0,3.5,2.5,,points-nan-game-ou-over,,
LAK@COL,Nazem Kadri,COL,f2,PP2,SOG,over,3.5,draftkings,290,True,2.725185691129943,2.396569607305325,0.2946112467874801,0.2266346641593574,17.56882499268364,2179.7783333333336,,"draftkings@2.5,fanduel@2.5,pinnacle@2.5,sgo_fair@2.5",1.049054075237431,0.2564102564102564,0.2538252972106065,-0.0025849591996499,-0.0100813408786347,0.0679765826281227,294,337.0,pass,2026-09-30T22:56:39+00:00,sgo_slate_alt_20260930T225639Z.json,nazemkadri,2.0,0.0,2.0,2.0,17:57,2.0,True,0.0,3.9,-1.0,,shots_onGoal-nan-game-ou-over,,
PIT@PHI,Owen Tippett,PHI,f1,PP2,G,over,0.5,fanduel,250,False,0.3703362811061936,0.3075680690635958,0.3094979112159758,0.2647671807650811,17.293983282893787,1918.3983333333333,,"fanduel@0.5,pinnacle@0.5,sgo_fair@0.5",1.0777230155902748,0.2857142857142857,0.282659472945439,-0.0030548127688466,-0.0106918446909634,0.0447307304508947,254,288.0,pass,2026-09-30T22:56:39+00:00,sgo_slate_alt_20260930T225639Z.json,owentippett,4.0,0.0,0.0,0.0,14:11,0.0,True,0.0,3.5,-1.0,OWEN_TIPPETT_1_NHL,points-OWEN_TIPPETT_1_NHL-game-ou-over,260.0,-0.007936507936507908
PIT@PHI,Owen Tippett,PHI,f1,PP2,G,over,0.5,fanduel,250,False,0.3703362811061936,0.3075680690635958,0.3094979112159758,0.2647671807650811,17.293983282893787,1918.3983333333333,,"fanduel@0.5,pinnacle@0.5,sgo_fair@0.5",1.0777230155902748,0.2857142857142857,0.282659472945439,-0.0030548127688466,-0.0106918446909634,0.0447307304508947,254,288.0,pass,2026-09-30T22:56:39+00:00,sgo_slate_alt_20260930T225639Z.json,owentippett,4.0,0.0,0.0,0.0,14:11,0.0,True,0.0,3.5,-1.0,OWEN_TIPPETT_1_NHL,points-OWEN_TIPPETT_1_NHL-game-ou-over,290.0,-0.02930402930402931
PIT@PHI,Travis Konecny,PHI,f2,PP2,A,over,0.5,draftkings,145,False,0.5683656423644557,0.48435017147713,0.4335495347754527,0.3839025756102269,17.79007170032192,2230.1783333333337,,"draftkings@0.5,pinnacle@0.5,sgo_fair@0.5",1.1144430424849077,0.4081632653061224,0.4037613592763173,-0.0044019060298051,-0.0107846697730226,0.0496469591652258,148,164.0,pass,2026-09-30T22:56:39+00:00,sgo_slate_alt_20260930T225639Z.json,traviskonecny,2.0,0.0,0.0,0.0,14:47,0.0,True,0.0,2.45,-1.0,TRAVIS_KONECNY_1_NHL,assists-TRAVIS_KONECNY_1_NHL-game-ou-over,145.0,5.551115123125783e-17
PIT@PHI,Travis Konecny,PHI,f2,PP2,A,over,0.5,draftkings,145,False,0.5683656423644557,0.48435017147713,0.4335495347754527,0.3839025756102269,17.79007170032192,2230.1783333333337,,"draftkings@0.5,pinnacle@0.5,sgo_fair@0.5",1.1144430424849077,0.4081632653061224,0.4037613592763173,-0.0044019060298051,-0.0107846697730226,0.0496469591652258,148,164.0,pass,2026-09-30T22:56:39+00:00,sgo_slate_alt_20260930T225639Z.json,traviskonecny,2.0,0.0,0.0,0.0,14:47,0.0,True,0.0,2.45,-1.0,TRAVIS_KONECNY_1_NHL,assists-TRAVIS_KONECNY_1_NHL-game-ou-over,205.0,-0.08029441284710603
NYI@TOR,Matias Maccelli,NYI,f2,PP1,SOG,over,1.5,draftkings,-125,False,1.6506556219711694,2.0429238459214494,0.4838884790621561,0.5933367775623011,15.174308093994778,1373.88,,"draftkings@1.5,sgo_fair@2.0",1.049054075237431,0.5555555555555556,0.5495574581622431,-0.0059980973933124,-0.0107965753079624,-0.1094482985001449,-122,-110.0,pass,2026-09-30T22:56:39+00:00,sgo_slate_alt_20260930T225639Z.json,matiasmaccelli,1.0,0.0,0.0,0.0,17:39,1.0,True,0.0,1.8,-1.0,,shots_onGoal-nan-game-ou-over,,
NYI@TOR,Morgan Rielly,TOR,d1,PP2,SOG,over,0.5,draftkings,-450,True,1.8528291404701855,1.6403602041903742,0.8312992648071869,0.7945682056855903,21.86003738855335,2459.4066666666668,,"draftkings@1.5,sgo_fair@1.5",1.049054075237431,0.8181818181818182,0.8092606293342289,-0.0089211888475893,-0.0109036752581646,0.0367310591215965,-424,-364.0,pass,2026-09-30T22:56:39+00:00,sgo_slate_alt_20260930T225639Z.json,morganrielly,1.0,0.0,1.0,1.0,19:49,1.0,True,1.0,1.2222222222222223,0.22222222222222232,,shots_onGoal-nan-game-ou-over,,
LAK@COL,Trevor Moore,LAK,f3,PP2,SOG,over,0.5,draftkings,-650,True,1.9496769198651105,2.093677665891229,0.8456980571318836,0.8647779406346203,15.137832260194816,1693.503333333333,,"draftkings@1.5,sgo_fair@2.0",1.049054075237431,0.8666666666666667,0.8571459872335256,-0.009520679433141,-0.010985399345932,-0.0190798835027367,-600,-496.0,pass,2026-09-30T22:56:39+00:00,sgo_slate_alt_20260930T225639Z.json,trevormoore,2.0,1.0,0.0,1.0,14:56,2.0,True,1.0,1.1538461538461537,0.15384615384615374,,shots_onGoal-nan-game-ou-over,,
NYI@TOR,Darren Raddysh,TOR,d1,PP1,A,over,0.5,fanduel,126,False,0.6570624784118815,0.5245405133018115,0.4816281714066253,0.4081727613554927,21.772137732023086,2248.580833333333,,"draftkings@0.5,pinnacle@0.5,sgo_fair@0.5",1.1144430424849077,0.4424778761061947,0.4375549253759457,-0.0049229507302489,-0.0111258686503626,0.0734554100511326,129,142.0,pass,2026-09-30T22:56:39+00:00,sgo_slate_alt_20260930T225639Z.json,darrenraddysh,4.0,0.0,0.0,0.0,20:36,0.0,True,0.0,2.26,-1.0,,assists-nan-game-ou-over,,
LAK@COL,Brock Nelson,COL,f2,PP2,SOG,over,3.5,fanduel,450,True,2.171272883197039,2.149457824821926,0.1822088140744621,0.1780481058280107,17.712678062678066,2272.766666666667,,"draftkings@1.5,fanduel@1.5,pinnacle@2.5,sgo_fair@2.0",1.049054075237431,0.1818181818181818,0.1797123891265913,-0.0021057926915905,-0.0115818598037479,0.0041607082464513,456,546.0,pass,2026-09-30T22:56:39+00:00,sgo_slate_alt_20260930T225639Z.json,brocknelson,1.0,1.0,2.0,3.0,19:14,1.0,True,0.0,5.5,-1.0,,shots_onGoal-nan-game-ou-over,,
NYI@TOR,Bo Horvat,NYI,f1,PP1,SOG,over,1.5,draftkings,-475,True,3.300034301037376,3.233630431286568,0.8214219376135992,0.8132441014135523,19.278630126057124,2147.205833333333,,"draftkings@2.5,fanduel@3.5,pinnacle@3.5,sgo_fair@3.5",1.049054075237431,0.8260869565217391,0.816515235893571,-0.0095717206281681,-0.0115868197077825,0.0081778362000468,-445,-380.0,pass,2026-09-30T22:56:39+00:00,sgo_slate_alt_20260930T225639Z.json,bohorvat,4.0,0.0,1.0,1.0,22:31,4.0,True,1.0,1.2105263157894737,0.21052631578947367,,shots_onGoal-nan-game-ou-over,,
PIT@PHI,Rickard Rakell,PIT,f1,PP1,SOG,over,0.5,draftkings,-1100,True,2.557960635509841,2.454728443435274,0.9111800234845724,0.9025459588367368,18.540236737515123,1840.311666666667,,"draftkings@2.5,fanduel@2.5,pinnacle@2.5,sgo_fair@2.5",1.049054075237431,0.9166666666666666,0.905999584695871,-0.0106670819707955,-0.0116368166954134,0.0086340646478355,-964,-740.0,pass,2026-09-30T22:56:39+00:00,sgo_slate_alt_20260930T225639Z.json,rickardrakell,2.0,0.0,1.0,1.0,18:32,2.0,True,1.0,1.0909090909090908,0.09090909090909083,,shots_onGoal-nan-game-ou-over,,
LAK@COL,Artturi Lehkonen,COL,f1,PP2,PTS,over,0.5,draftkings,105,False,0.6800806683348012,0.6433425878303737,0.4934238739352362,0.4744671547849189,18.532657100445324,1926.55,,"draftkings@0.5,sgo_fair@0.5",1.0472579744117947,0.4878048780487805,0.4820498424450458,-0.0057550356037346,-0.0117978229876561,0.0189567191503172,107,119.0,pass,2026-09-30T22:56:39+00:00,sgo_slate_alt_20260930T225639Z.json,artturilehkonen,3.0,2.0,0.0,2.0,19:27,2.0,True,1.0,2.05,1.0499999999999998,,goals+assists-nan-game-ou-over,,
PIT@PHI,Travis Konecny,PHI,f2,PP2,PTS,over,1.5,fanduel,300,True,0.8535395290243577,1.0191197854576215,0.2105686942992354,0.2712744691683035,17.79007170032192,2230.1783333333337,,"draftkings@0.5,sgo_fair@1.0",1.0472579744117947,0.25,0.2469921592206763,-0.0030078407793237,-0.0120313631172948,-0.0607057748690681,305,350.0,pass,2026-09-30T22:56:39+00:00,sgo_slate_alt_20260930T225639Z.json,traviskonecny,2.0,0.0,0.0,0.0,14:47,0.0,True,0.0,4.0,-1.0,TRAVIS_KONECNY_1_NHL,goals+assists-TRAVIS_KONECNY_1_NHL-game-ou-over,310.0,-0.0060975609756097615
PIT@PHI,Travis Konecny,PHI,f2,PP2,PTS,over,1.5,fanduel,300,True,0.8535395290243577,1.0191197854576215,0.2105686942992354,0.2712744691683035,17.79007170032192,2230.1783333333337,,"draftkings@0.5,sgo_fair@1.0",1.0472579744117947,0.25,0.2469921592206763,-0.0030078407793237,-0.0120313631172948,-0.0607057748690681,305,350.0,pass,2026-09-30T22:56:39+00:00,sgo_slate_alt_20260930T225639Z.json,traviskonecny,2.0,0.0,0.0,0.0,14:47,0.0,True,0.0,4.0,-1.0,TRAVIS_KONECNY_1_NHL,goals+assists-TRAVIS_KONECNY_1_NHL-game-ou-over,390.0,-0.04591836734693877
PIT@PHI,Porter Martone,PHI,f1,PP1,SOG,over,1.5,fanduel,-335,True,2.858866874003733,2.863320513474742,0.7600239719005377,0.760732465819657,17.520370370370372,153.36666666666667,,"draftkings@2.5,fanduel@2.5,pinnacle@2.5,sgo_fair@3.0",1.049054075237431,0.7701149425287356,0.7604490682520093,-0.0096658742767262,-0.0125512098817193,-0.0007084939191193,-317,-278.0,pass,2026-09-30T22:56:39+00:00,sgo_slate_alt_20260930T225639Z.json,portermartone,0.0,0.0,0.0,0.0,14:05,0.0,True,0.0,1.2985074626865671,-1.0,PORTER_MARTONE_1_NHL,shots_onGoal-PORTER_MARTONE_1_NHL-game-ou-over,-295.0,-0.023279499490760913
PIT@PHI,Porter Martone,PHI,f1,PP1,SOG,over,1.5,fanduel,-335,True,2.858866874003733,2.863320513474742,0.7600239719005377,0.760732465819657,17.520370370370372,153.36666666666667,,"draftkings@2.5,fanduel@2.5,pinnacle@2.5,sgo_fair@3.0",1.049054075237431,0.7701149425287356,0.7604490682520093,-0.0096658742767262,-0.0125512098817193,-0.0007084939191193,-317,-278.0,pass,2026-09-30T22:56:39+00:00,sgo_slate_alt_20260930T225639Z.json,portermartone,0.0,0.0,0.0,0.0,14:05,0.0,True,0.0,1.2985074626865671,-1.0,PORTER_MARTONE_1_NHL,shots_onGoal-PORTER_MARTONE_1_NHL-game-ou-over,-255.0,-0.05180508337380596
PIT@PHI,Owen Tippett,PHI,f1,PP2,SOG,over,0.5,draftkings,-1400,True,2.824634523713833,2.618038418092319,0.9299826527527224,0.9158331953235104,17.293983282893787,1918.3983333333333,,"draftkings@2.5,fanduel@2.5,pinnacle@2.5,sgo_fair@2.5",1.049054075237431,0.9333333333333332,0.9214929782951952,-0.011840355038138,-0.0126860946837193,0.0141494574292119,-1174,-866.0,pass,2026-09-30T22:56:39+00:00,sgo_slate_alt_20260930T225639Z.json,owentippett,4.0,0.0,0.0,0.0,14:11,4.0,True,1.0,1.0714285714285714,0.0714285714285714,OWEN_TIPPETT_1_NHL,shots_onGoal-OWEN_TIPPETT_1_NHL-game-ou-over,-1400.0,1.1102230246251565e-16
PIT@PHI,Owen Tippett,PHI,f1,PP2,SOG,over,0.5,draftkings,-1400,True,2.824634523713833,2.618038418092319,0.9299826527527224,0.9158331953235104,17.293983282893787,1918.3983333333333,,"draftkings@2.5,fanduel@2.5,pinnacle@2.5,sgo_fair@2.5",1.049054075237431,0.9333333333333332,0.9214929782951952,-0.011840355038138,-0.0126860946837193,0.0141494574292119,-1174,-866.0,pass,2026-09-30T22:56:39+00:00,sgo_slate_alt_20260930T225639Z.json,owentippett,4.0,0.0,0.0,0.0,14:11,4.0,True,1.0,1.0714285714285714,0.0714285714285714,OWEN_TIPPETT_1_NHL,shots_onGoal-OWEN_TIPPETT_1_NHL-game-ou-over,-1200.0,-0.010256410256410109
NYI@TOR,John Tavares,TOR,f2,PP1,SOG,over,1.5,fanduel,-205,True,2.490911008597741,2.248941772184448,0.6943786850747797,0.6428789609259594,17.08891862955032,2122.2625,,"draftkings@2.5,fanduel@2.5,pinnacle@2.5,sgo_fair@2.5",1.049054075237431,0.6721311475409836,0.6634788505854876,-0.0086522969554959,-0.0128729296167136,0.0514997241488203,-197,-177.0,pass,2026-09-30T22:56:39+00:00,sgo_slate_alt_20260930T225639Z.json,johntavares,1.0,0.0,0.0,0.0,16:58,1.0,True,0.0,1.4878048780487805,-1.0,,shots_onGoal-nan-game-ou-over,,
NYI@TOR,John Tavares,TOR,f2,PP1,SOG,over,1.5,draftkings,-205,True,2.490911008597741,2.248941772184448,0.6943786850747797,0.6428789609259594,17.08891862955032,2122.2625,,"draftkings@2.5,fanduel@2.5,pinnacle@2.5,sgo_fair@2.5",1.049054075237431,0.6721311475409836,0.6634788505854876,-0.0086522969554959,-0.0128729296167136,0.0514997241488203,-197,-177.0,pass,2026-09-30T22:56:39+00:00,sgo_slate_alt_20260930T225639Z.json,johntavares,1.0,0.0,0.0,0.0,16:58,1.0,True,0.0,1.4878048780487805,-1.0,,shots_onGoal-nan-game-ou-over,,
LAK@COL,Mats Zuccarello,LAK,f2,PP1,PTS,over,0.5,draftkings,100,False,0.7442434210883441,0.6397969333756965,0.524906390194119,0.4726004895919149,17.496636128076993,1710.3441666666663,,"draftkings@0.5,sgo_fair@0.5",1.0472579744117947,0.5,0.4935228498327966,-0.0064771501672034,-0.0129543003344068,0.052305900602204,103,113.0,pass,2026-09-30T22:56:39+00:00,sgo_slate_alt_20260930T225639Z.json,matszuccarello,0.0,0.0,0.0,0.0,17:59,0.0,True,0.0,2.0,-1.0,,goals+assists-nan-game-ou-over,,
LAK@COL,Mats Zuccarello,LAK,f2,PP1,PTS,over,0.5,fanduel,100,False,0.7442434210883441,0.6397969333756965,0.524906390194119,0.4726004895919149,17.496636128076993,1710.3441666666663,,"draftkings@0.5,sgo_fair@0.5",1.0472579744117947,0.5,0.4935228498327966,-0.0064771501672034,-0.0129543003344068,0.052305900602204,103,113.0,pass,2026-09-30T22:56:39+00:00,sgo_slate_alt_20260930T225639Z.json,matszuccarello,0.0,0.0,0.0,0.0,17:59,0.0,True,0.0,2.0,-1.0,,goals+assists-nan-game-ou-over,,
NYI@TOR,Brayden Schenn,NYI,f2,PP1,PTS,over,0.5,fanduel,128,False,0.5625713374081568,0.5697829284946744,0.4302578206492202,0.4343517885174301,16.50940975192472,1989.5,,"draftkings@0.5,sgo_fair@0.5",1.0472579744117947,0.4385964912280701,0.4327142013701461,-0.0058822898579239,-0.0134116208760666,-0.0040939678682098,131,145.0,pass,2026-09-30T22:56:39+00:00,sgo_slate_alt_20260930T225639Z.json,braydenschenn,1.0,0.0,0.0,0.0,14:27,0.0,True,0.0,2.2800000000000002,-1.0,,goals+assists-nan-game-ou-over,,
LAK@COL,Brock Nelson,COL,f2,PP2,A,over,0.5,fanduel,220,False,0.3918413067154837,0.3533171918979406,0.3241886478254012,0.2976456230765205,17.712678062678066,2272.766666666667,,"draftkings@0.5,pinnacle@0.5,sgo_fair@0.5",1.1144430424849077,0.3125,0.3082628329760728,-0.0042371670239271,-0.0135589344765669,0.0265430247488806,224,253.0,pass,2026-09-30T22:56:39+00:00,sgo_slate_alt_20260930T225639Z.json,brocknelson,1.0,1.0,2.0,3.0,19:14,2.0,True,1.0,3.2,2.2,,assists-nan-game-ou-over,,
LAK@COL,Nathan MacKinnon,COL,f1,PP1,SOG,over,0.5,draftkings,-10000,True,3.989658001380116,4.1680332538125455,0.9745065187929248,0.978073194140478,20.211023366508,2590.8675,,"draftkings@3.5,fanduel@3.5,pinnacle@3.5,sgo_fair@4.0",1.049054075237431,0.99009900990099,0.9766465240014568,-0.0134524858995334,-0.0135870107585287,-0.0035666753475529,-4182,-1968.0,pass,2026-09-30T22:56:39+00:00,sgo_slate_alt_20260930T225639Z.json,nathanmackinnon,8.0,2.0,0.0,2.0,17:44,8.0,True,1.0,1.01,0.010000000000000009,,shots_onGoal-nan-game-ou-over,,
PIT@PHI,Rickard Rakell,PIT,f1,PP1,SOG,over,2.5,draftkings,120,False,2.557960635509841,2.454728443435274,0.4632319846575476,0.438299510134846,18.540236737515123,1840.311666666667,,"draftkings@2.5,fanduel@2.5,pinnacle@2.5,sgo_fair@2.5",1.049054075237431,0.4545454545454545,0.4482724999439266,-0.0062729546015278,-0.0138005001233613,0.0249324745227015,123,136.0,pass,2026-09-30T22:56:39+00:00,sgo_slate_alt_20260930T225639Z.json,rickardrakell,2.0,0.0,1.0,1.0,18:32,2.0,True,0.0,2.2,-1.0,,shots_onGoal-nan-game-ou-over,,
PIT@PHI,Porter Martone,PHI,f1,PP1,SOG,over,3.5,draftkings,205,True,2.858866874003733,2.863320513474742,0.3227486468765457,0.3236872375838907,17.520370370370372,153.36666666666667,,"draftkings@2.5,fanduel@2.5,pinnacle@2.5,sgo_fair@3.0",1.049054075237431,0.3278688524590163,0.3233118013009527,-0.0045570511580636,-0.0138990060320942,-0.0009385907073449,209,235.0,pass,2026-09-30T22:56:39+00:00,sgo_slate_alt_20260930T225639Z.json,portermartone,0.0,0.0,0.0,0.0,14:05,0.0,True,0.0,3.05,-1.0,PORTER_MARTONE_1_NHL,shots_onGoal-PORTER_MARTONE_1_NHL-game-ou-over,205.0,5.551115123125783e-17
PIT@PHI,Porter Martone,PHI,f1,PP1,SOG,over,3.5,draftkings,205,True,2.858866874003733,2.863320513474742,0.3227486468765457,0.3236872375838907,17.520370370370372,153.36666666666667,,"draftkings@2.5,fanduel@2.5,pinnacle@2.5,sgo_fair@3.0",1.049054075237431,0.3278688524590163,0.3233118013009527,-0.0045570511580636,-0.0138990060320942,-0.0009385907073449,209,235.0,pass,2026-09-30T22:56:39+00:00,sgo_slate_alt_20260930T225639Z.json,portermartone,0.0,0.0,0.0,0.0,14:05,0.0,True,0.0,3.05,-1.0,PORTER_MARTONE_1_NHL,shots_onGoal-PORTER_MARTONE_1_NHL-game-ou-over,295.0,-0.07470429549699098
LAK@COL,Nazem Kadri,COL,f2,PP2,SOG,over,1.5,fanduel,-245,True,2.725185691129943,2.396569607305325,0.7378330225139592,0.675130801960929,17.56882499268364,2179.7783333333336,,"draftkings@2.5,fanduel@2.5,pinnacle@2.5,sgo_fair@2.5",1.049054075237431,0.7101449275362319,0.7002116901821411,-0.0099332373540907,-0.0139876199475971,0.0627022205530302,-234,-208.0,pass,2026-09-30T22:56:39+00:00,sgo_slate_alt_20260930T225639Z.json,nazemkadri,2.0,0.0,2.0,2.0,17:57,2.0,True,1.0,1.4081632653061225,0.40816326530612246,,shots_onGoal-nan-game-ou-over,,
PIT@PHI,Owen Tippett,PHI,f1,PP2,SOG,over,1.5,draftkings,-290,True,2.824634523713833,2.618038418092319,0.7545129380854015,0.7187052510632681,17.293983282893787,1918.3983333333333,,"draftkings@2.5,fanduel@2.5,pinnacle@2.5,sgo_fair@2.5",1.049054075237431,0.7435897435897436,0.7330283258721215,-0.010561417717622,-0.0142032858961124,0.0358076870221334,-275,-242.0,pass,2026-09-30T22:56:39+00:00,sgo_slate_alt_20260930T225639Z.json,owentippett,4.0,0.0,0.0,0.0,14:11,4.0,True,1.0,1.3448275862068966,0.3448275862068966,OWEN_TIPPETT_1_NHL,shots_onGoal-OWEN_TIPPETT_1_NHL-game-ou-over,-290.0,0.0
PIT@PHI,Owen Tippett,PHI,f1,PP2,SOG,over,1.5,draftkings,-290,True,2.824634523713833,2.618038418092319,0.7545129380854015,0.7187052510632681,17.293983282893787,1918.3983333333333,,"draftkings@2.5,fanduel@2.5,pinnacle@2.5,sgo_fair@2.5",1.049054075237431,0.7435897435897436,0.7330283258721215,-0.010561417717622,-0.0142032858961124,0.0358076870221334,-275,-242.0,pass,2026-09-30T22:56:39+00:00,sgo_slate_alt_20260930T225639Z.json,owentippett,4.0,0.0,0.0,0.0,14:11,4.0,True,1.0,1.3448275862068966,0.3448275862068966,OWEN_TIPPETT_1_NHL,shots_onGoal-OWEN_TIPPETT_1_NHL-game-ou-over,-270.0,-0.013860013860013898
LAK@COL,Nazem Kadri,COL,f2,PP2,PTS,over,0.5,draftkings,110,False,0.6679977245871291,0.6112380399499037,0.4872658142774713,0.4573214047714215,17.56882499268364,2179.7783333333336,,"draftkings@0.5,sgo_fair@0.5",1.0472579744117947,0.4761904761904761,0.4692991685738414,-0.0068913076166347,-0.0144717459949328,0.0299444095060497,113,125.0,pass,2026-09-30T22:56:39+00:00,sgo_slate_alt_20260930T225639Z.json,nazemkadri,2.0,0.0,2.0,2.0,17:57,2.0,True,1.0,2.1,1.1,,goals+assists-nan-game-ou-over,,
LAK@COL,Trevor Moore,LAK,f3,PP2,SOG,over,1.5,draftkings,-150,False,1.9496769198651105,2.093677665891229,0.5691244347965541,0.6060433431702137,15.137832260194816,1693.503333333333,,"draftkings@1.5,sgo_fair@2.0",1.049054075237431,0.6,0.5912757798207497,-0.0087242201792502,-0.0145403669654171,-0.0369189083736596,-145,-131.0,pass,2026-09-30T22:56:39+00:00,sgo_slate_alt_20260930T225639Z.json,trevormoore,2.0,1.0,0.0,1.0,14:56,2.0,True,1.0,1.6666666666666665,0.6666666666666665,,shots_onGoal-nan-game-ou-over,,
PIT@PHI,Tyson Foerster,PHI,f2,PP1,G,over,0.5,fanduel,250,False,0.3522023399781958,0.316415455025257,0.2968621653125164,0.2712433783344921,16.527680162974278,1116.2733333333333,,"fanduel@0.5,pinnacle@0.5,sgo_fair@0.5",1.0777230155902748,0.2857142857142857,0.2814908931257018,-0.0042233925885838,-0.0147818740600434,0.0256187869780243,255,290.0,pass,2026-09-30T22:56:39+00:00,sgo_slate_alt_20260930T225639Z.json,tysonfoerster,1.0,0.0,0.0,0.0,17:08,0.0,True,0.0,3.5,-1.0,TYSON_FOERSTER_1_NHL,points-TYSON_FOERSTER_1_NHL-game-ou-over,270.0,-0.015444015444015413
PIT@PHI,Tyson Foerster,PHI,f2,PP1,G,over,0.5,fanduel,250,False,0.3522023399781958,0.316415455025257,0.2968621653125164,0.2712433783344921,16.527680162974278,1116.2733333333333,,"fanduel@0.5,pinnacle@0.5,sgo_fair@0.5",1.0777230155902748,0.2857142857142857,0.2814908931257018,-0.0042233925885838,-0.0147818740600434,0.0256187869780243,255,290.0,pass,2026-09-30T22:56:39+00:00,sgo_slate_alt_20260930T225639Z.json,tysonfoerster,1.0,0.0,0.0,0.0,17:08,0.0,True,0.0,3.5,-1.0,TYSON_FOERSTER_1_NHL,points-TYSON_FOERSTER_1_NHL-game-ou-over,320.0,-0.047619047619047616
NYI@TOR,Auston Matthews,TOR,f1,PP1,SOG,over,1.5,draftkings,-700,True,3.7442061530497432,3.6315658225880094,0.8678937687855287,0.857362025078089,19.35674712013165,1888.035,,"draftkings@3.5,fanduel@3.5,pinnacle@3.5,sgo_fair@3.5",1.049054075237431,0.875,0.8615747225610648,-0.0134252774389351,-0.015343174215926,0.0105317437074397,-622,-512.0,pass,2026-09-30T22:56:39+00:00,sgo_slate_alt_20260930T225639Z.json,austonmatthews,1.0,0.0,0.0,0.0,20:04,1.0,True,0.0,1.1428571428571428,-1.0,,shots_onGoal-nan-game-ou-over,,
NYI@TOR,William Nylander,TOR,f2,PP1,SOG,over,0.5,draftkings,-1600,True,2.6257504995545338,2.8720520934455664,0.9164117965028032,0.932864517707196,17.72223436993845,2000.8358333333333,,"draftkings@2.5,fanduel@2.5,pinnacle@2.5,sgo_fair@3.0",1.049054075237431,0.9411764705882352,0.9262834292254388,-0.0148930413627964,-0.0158238564479712,-0.0164527212043928,-1257,-913.0,pass,2026-09-30T22:56:39+00:00,sgo_slate_alt_20260930T225639Z.json,williamnylander,1.0,0.0,0.0,0.0,17:29,1.0,True,1.0,1.0625,0.0625,,shots_onGoal-nan-game-ou-over,,
PIT@PHI,Sidney Crosby,PIT,f1,PP1,SOG,over,2.5,fanduel,140,False,2.4079852528441497,2.295439573681033,0.4268289244528659,0.3987968510612413,18.813389423076924,2041.185,,"draftkings@2.5,fanduel@2.5,pinnacle@2.5,sgo_fair@2.5",1.049054075237431,0.4166666666666667,0.4100096804178912,-0.0066569862487754,-0.0159767669970611,0.0280320733916246,144,160.0,pass,2026-09-30T22:56:39+00:00,sgo_slate_alt_20260930T225639Z.json,sidneycrosby,3.0,0.0,1.0,1.0,17:39,3.0,True,1.0,2.4,1.4,,shots_onGoal-nan-game-ou-over,,
PIT@PHI,Owen Tippett,PHI,f1,PP2,SOG,over,2.5,fanduel,-102,False,2.824634523713833,2.618038418092319,0.5247473516640557,0.4774694054545035,17.293983282893787,1918.3983333333333,,"draftkings@2.5,fanduel@2.5,pinnacle@2.5,sgo_fair@2.5",1.049054075237431,0.504950495049505,0.4963805839383244,-0.0085699111111805,-0.0169717847495928,0.0472779462095522,101,112.0,pass,2026-09-30T22:56:39+00:00,sgo_slate_alt_20260930T225639Z.json,owentippett,4.0,0.0,0.0,0.0,14:11,4.0,True,1.0,1.9803921568627452,0.9803921568627452,OWEN_TIPPETT_1_NHL,shots_onGoal-OWEN_TIPPETT_1_NHL-game-ou-over,106.0,-0.019513601845621453
PIT@PHI,Owen Tippett,PHI,f1,PP2,SOG,over,2.5,fanduel,-102,False,2.824634523713833,2.618038418092319,0.5247473516640557,0.4774694054545035,17.293983282893787,1918.3983333333333,,"draftkings@2.5,fanduel@2.5,pinnacle@2.5,sgo_fair@2.5",1.049054075237431,0.504950495049505,0.4963805839383244,-0.0085699111111805,-0.0169717847495928,0.0472779462095522,101,112.0,pass,2026-09-30T22:56:39+00:00,sgo_slate_alt_20260930T225639Z.json,owentippett,4.0,0.0,0.0,0.0,14:11,4.0,True,1.0,1.9803921568627452,0.9803921568627452,OWEN_TIPPETT_1_NHL,shots_onGoal-OWEN_TIPPETT_1_NHL-game-ou-over,104.0,-0.014754416618132427
NYI@TOR,Darren Raddysh,TOR,d1,PP1,SOG,over,0.5,draftkings,-1400,True,2.705706027404084,2.5881644153857963,0.9221712588596735,0.9135520830440738,21.772137732023086,2248.580833333333,,"draftkings@2.5,fanduel@2.5,pinnacle@2.5,sgo_fair@2.5",1.049054075237431,0.9333333333333332,0.9169997533703136,-0.0163335799630196,-0.0175002642460925,0.0086191758155997,-1105,-826.0,pass,2026-09-30T22:56:39+00:00,sgo_slate_alt_20260930T225639Z.json,darrenraddysh,4.0,0.0,0.0,0.0,20:36,4.0,True,1.0,1.0714285714285714,0.0714285714285714,,shots_onGoal-nan-game-ou-over,,
LAK@COL,Artemi Panarin,LAK,f1,PP1,PTS,over,0.5,fanduel,-186,False,0.950936253207822,1.0666895995264063,0.6136208946193883,0.6558541054746133,19.238125,2334.2925,,"draftkings@0.5,sgo_fair@1.0",1.0472579744117947,0.6503496503496503,0.6389608211325233,-0.011388829217127,-0.0175118556779481,-0.042233210855225,-177,-159.0,pass,2026-09-30T22:56:39+00:00,sgo_slate_alt_20260930T225639Z.json,artemipanarin,2.0,1.0,0.0,1.0,20:16,1.0,True,1.0,1.5376344086021505,0.5376344086021505,,goals+assists-nan-game-ou-over,,
NYI@TOR,Emil Heineman,NYI,f3,-,SOG,over,2.5,fanduel,260,True,1.81017411479442,1.8036624974711064,0.2739075212559252,0.2722218810698987,14.394946163178648,1680.3591666666666,,"draftkings@1.5,sgo_fair@1.5",1.049054075237431,0.2777777777777778,0.2728961371443093,-0.0048816406334684,-0.0175739062804863,0.0016856401860265,266,303.0,pass,2026-09-30T22:56:39+00:00,sgo_slate_alt_20260930T225639Z.json,emilheineman,1.0,1.0,0.0,1.0,13:26,1.0,True,0.0,3.6,-1.0,,shots_onGoal-nan-game-ou-over,,
PIT@PHI,Erik Karlsson,PIT,d1,PP1,SOG,over,0.5,draftkings,-900,True,2.26391480239126,2.260387999371989,0.884198070859909,0.8838268000962416,22.99009532320524,2627.4333333333334,,"draftkings@2.5,fanduel@2.5,pinnacle@2.5,sgo_fair@2.5",1.049054075237431,0.9,0.8839753084017086,-0.0160246915982914,-0.0178052128869904,0.0003712707636673,-762,-609.0,pass,2026-09-30T22:56:39+00:00,sgo_slate_alt_20260930T225639Z.json,erikkarlsson,3.0,0.0,1.0,1.0,19:59,3.0,True,1.0,1.1111111111111112,0.11111111111111116,,shots_onGoal-nan-game-ou-over,,
PIT@PHI,Trevor Zegras,PHI,f1,PP1,SOG,over,0.5,draftkings,-650,True,2.175144573449077,1.8772992790423828,0.874464271019608,0.8350650893372872,18.15746991717456,1953.2883333333332,,"draftkings@1.5,fanduel@1.5,pinnacle@1.5,sgo_fair@1.5",1.049054075237431,0.8666666666666667,0.8508247620102156,-0.015841904656451,-0.0182791207574436,0.0393991816823208,-570,-474.0,pass,2026-09-30T22:56:39+00:00,sgo_slate_alt_20260930T225639Z.json,trevorzegras,1.0,0.0,0.0,0.0,16:25,1.0,True,1.0,1.1538461538461537,0.15384615384615374,TREVOR_ZEGRAS_1_NHL,shots_onGoal-TREVOR_ZEGRAS_1_NHL-game-ou-over,-650.0,0.0
PIT@PHI,Trevor Zegras,PHI,f1,PP1,SOG,over,0.5,draftkings,-650,True,2.175144573449077,1.8772992790423828,0.874464271019608,0.8350650893372872,18.15746991717456,1953.2883333333332,,"draftkings@1.5,fanduel@1.5,pinnacle@1.5,sgo_fair@1.5",1.049054075237431,0.8666666666666667,0.8508247620102156,-0.015841904656451,-0.0182791207574436,0.0393991816823208,-570,-474.0,pass,2026-09-30T22:56:39+00:00,sgo_slate_alt_20260930T225639Z.json,trevorzegras,1.0,0.0,0.0,0.0,16:25,1.0,True,1.0,1.1538461538461537,0.15384615384615374,TREVOR_ZEGRAS_1_NHL,shots_onGoal-TREVOR_ZEGRAS_1_NHL-game-ou-over,-550.0,-0.02051282051282055
NYI@TOR,John Tavares,TOR,f2,PP1,A,over,0.5,draftkings,155,False,0.5107039472568562,0.4697257191879558,0.3999269896527874,0.3748262820760266,17.08891862955032,2122.2625,,"draftkings@0.5,pinnacle@0.5,sgo_fair@0.5",1.1144430424849077,0.392156862745098,0.3848665651067309,-0.0072902976383671,-0.0185902589778362,0.0251007075767608,160,178.0,pass,2026-09-30T22:56:39+00:00,sgo_slate_alt_20260930T225639Z.json,johntavares,1.0,0.0,0.0,0.0,16:58,0.0,True,0.0,2.55,-1.0,,assists-nan-game-ou-over,,
NYI@TOR,Kyle Palmieri,NYI,f1,PP1,SOG,over,3.5,draftkings,290,True,2.5751143695879755,2.481071999455715,0.2632570214298311,0.2438480965923723,18.330910070005388,1155.1666666666667,,"draftkings@2.5,fanduel@2.5,pinnacle@2.5,sgo_fair@2.5",1.049054075237431,0.2564102564102564,0.2516116665273558,-0.0047985898829006,-0.0187145005433124,0.0194089248374587,297,341.0,pass,2026-09-30T22:56:39+00:00,sgo_slate_alt_20260930T225639Z.json,kylepalmieri,4.0,0.0,0.0,0.0,18:35,4.0,True,1.0,3.9,2.9,,shots_onGoal-nan-game-ou-over,,
LAK@COL,Cale Makar,COL,d1,PP1,SOG,over,0.5,draftkings,-1800,True,2.7498616403632345,2.8657877502754565,0.9251727071784928,0.932491009612046,23.81464714714715,2789.351666666667,,"draftkings@2.5,fanduel@2.5,pinnacle@2.5,sgo_fair@3.0",1.049054075237431,0.9473684210526316,0.9295636886386248,-0.0178047324140068,-0.018793884214785,-0.007318302433553,-1320,-948.0,pass,2026-09-30T22:56:39+00:00,sgo_slate_alt_20260930T225639Z.json,calemakar,1.0,0.0,2.0,2.0,18:14,1.0,True,1.0,1.0555555555555556,0.05555555555555558,,shots_onGoal-nan-game-ou-over,,
PIT@PHI,Jamie Drysdale,PHI,d2,PP1,PTS,under,0.5,draftkings,-155,False,0.4273893298617833,0.5812774661178435,0.6522095781263517,0.5591835720327842,20.541472602739724,2308.5825,,"draftkings@0.5,sgo_fair@0.5",1.0472579744117947,0.6078431372549019,0.5963939744702113,-0.0114491627846906,-0.018835719419975,0.0930260060935674,-148,-133.0,pass,2026-09-30T22:56:39+00:00,sgo_slate_alt_20260930T225639Z.json,jamiedrysdale,0.0,0.0,0.0,0.0,17:21,0.0,True,1.0,1.6451612903225805,0.6451612903225805,JAMIE_DRYSDALE_1_NHL,goals+assists-JAMIE_DRYSDALE_1_NHL-game-ou-under,-155.0,0.0
PIT@PHI,Jamie Drysdale,PHI,d2,PP1,PTS,under,0.5,draftkings,-155,False,0.4273893298617833,0.5812774661178435,0.6522095781263517,0.5591835720327842,20.541472602739724,2308.5825,,"draftkings@0.5,sgo_fair@0.5",1.0472579744117947,0.6078431372549019,0.5963939744702113,-0.0114491627846906,-0.018835719419975,0.0930260060935674,-148,-133.0,pass,2026-09-30T22:56:39+00:00,sgo_slate_alt_20260930T225639Z.json,jamiedrysdale,0.0,0.0,0.0,0.0,17:21,0.0,True,1.0,1.6451612903225805,0.6451612903225805,JAMIE_DRYSDALE_1_NHL,goals+assists-JAMIE_DRYSDALE_1_NHL-game-ou-under,-215.0,0.07469654528478065
PIT@PHI,Sidney Crosby,PIT,f1,PP1,SOG,over,0.5,draftkings,-1000,True,2.4079852528441497,2.295439573681033,0.898352164686698,0.8874621578149833,18.813389423076924,2041.185,,"draftkings@2.5,fanduel@2.5,pinnacle@2.5,sgo_fair@2.5",1.049054075237431,0.9090909090909092,0.8918181605636692,-0.0172727485272398,-0.0190000233799637,0.0108900068717147,-824,-651.0,pass,2026-09-30T22:56:39+00:00,sgo_slate_alt_20260930T225639Z.json,sidneycrosby,3.0,0.0,1.0,1.0,17:39,3.0,True,1.0,1.1,0.10000000000000009,,shots_onGoal-nan-game-ou-over,,
PIT@PHI,Travis Konecny,PHI,f2,PP2,SOG,over,0.5,fanduel,-750,True,2.143814949348693,2.0711828002167736,0.8708279567923577,0.8619679628749676,17.79007170032192,2230.1783333333337,,"draftkings@1.5,fanduel@1.5,pinnacle@1.5,sgo_fair@2.0",1.049054075237431,0.8823529411764706,0.8655119604419236,-0.0168409807345469,-0.0190864448324866,0.0088599939173901,-644,-527.0,pass,2026-09-30T22:56:39+00:00,sgo_slate_alt_20260930T225639Z.json,traviskonecny,2.0,0.0,0.0,0.0,14:47,2.0,True,1.0,1.1333333333333333,0.1333333333333333,TRAVIS_KONECNY_1_NHL,shots_onGoal-TRAVIS_KONECNY_1_NHL-game-ou-over,-780.0,0.004010695187165791
PIT@PHI,Travis Konecny,PHI,f2,PP2,SOG,over,0.5,fanduel,-750,True,2.143814949348693,2.0711828002167736,0.8708279567923577,0.8619679628749676,17.79007170032192,2230.1783333333337,,"draftkings@1.5,fanduel@1.5,pinnacle@1.5,sgo_fair@2.0",1.049054075237431,0.8823529411764706,0.8655119604419236,-0.0168409807345469,-0.0190864448324866,0.0088599939173901,-644,-527.0,pass,2026-09-30T22:56:39+00:00,sgo_slate_alt_20260930T225639Z.json,traviskonecny,2.0,0.0,0.0,0.0,14:47,2.0,True,1.0,1.1333333333333333,0.1333333333333333,TRAVIS_KONECNY_1_NHL,shots_onGoal-TRAVIS_KONECNY_1_NHL-game-ou-over,-660.0,-0.01393188854489158
LAK@COL,Artturi Lehkonen,COL,f1,PP2,SOG,over,0.5,draftkings,-800,True,2.166314040625648,2.143388850597425,0.8734503002103824,0.8707777491809442,18.532657100445324,1926.55,,"draftkings@1.5,sgo_fair@2.0",1.049054075237431,0.8888888888888888,0.8718467695927195,-0.0170421192961693,-0.0191723842081905,0.0026725510294381,-680,-553.0,pass,2026-09-30T22:56:39+00:00,sgo_slate_alt_20260930T225639Z.json,artturilehkonen,3.0,2.0,0.0,2.0,19:27,3.0,True,1.0,1.125,0.125,,shots_onGoal-nan-game-ou-over,,
NYI@TOR,Darren Raddysh,TOR,d1,PP1,PTS,over,0.5,fanduel,-115,False,0.8589631358219288,0.6735215396940623,0.5763989285308442,0.4900902550922526,21.772137732023086,2248.580833333333,,"draftkings@0.5,sgo_fair@0.5",1.0472579744117947,0.5348837209302325,0.5246137244676892,-0.0102699964625433,-0.0192004281691029,0.0863086734385915,-110,100.0,pass,2026-09-30T22:56:39+00:00,sgo_slate_alt_20260930T225639Z.json,darrenraddysh,4.0,0.0,0.0,0.0,20:36,0.0,True,0.0,1.8695652173913042,-1.0,,goals+assists-nan-game-ou-over,,
LAK@COL,Martin Necas,COL,f1,PP1,SOG,under,2.5,fanduel,-102,False,2.556363088540212,2.8628088231689897,0.5371494283897753,0.4668189295940649,19.35776089828269,2352.2475,,"draftkings@2.5,fanduel@2.5,pinnacle@2.5,sgo_fair@3.5",1.049054075237431,0.504950495049505,0.494951129112349,-0.0099993659371558,-0.019802665875544,0.0703304987957104,102,113.0,pass,2026-09-30T22:56:39+00:00,sgo_slate_alt_20260930T225639Z.json,martinnecas,4.0,0.0,1.0,1.0,19:11,4.0,True,0.0,1.9803921568627452,-1.0,,shots_onGoal-nan-game-ou-under,,
PIT@PHI,Erik Karlsson,PIT,d1,PP1,A,over,0.5,fanduel,114,False,0.6437313264631185,0.5921936275143265,0.4746714100011113,0.4468873701120058,22.99009532320524,2627.4333333333334,,"draftkings@0.5,pinnacle@0.5,sgo_fair@0.5",1.1144430424849077,0.4672897196261682,0.458000986067648,-0.0092887335585201,-0.0198778898152333,0.0277840398891054,118,131.0,pass,2026-09-30T22:56:39+00:00,sgo_slate_alt_20260930T225639Z.json,erikkarlsson,3.0,0.0,1.0,1.0,19:59,1.0,True,1.0,2.1399999999999997,1.1399999999999997,,assists-nan-game-ou-over,,
PIT@PHI,Trevor Zegras,PHI,f1,PP1,SOG,over,1.5,draftkings,-145,False,2.175144573449077,1.8772992790423828,0.6257503996028495,0.5495525612982902,18.15746991717456,1953.2883333333332,,"draftkings@1.5,fanduel@1.5,pinnacle@1.5,sgo_fair@1.5",1.049054075237431,0.5918367346938775,0.5800316966201139,-0.0118050380737636,-0.0199464436418764,0.0761978383045592,-138,-125.0,pass,2026-09-30T22:56:39+00:00,sgo_slate_alt_20260930T225639Z.json,trevorzegras,1.0,0.0,0.0,0.0,16:25,1.0,True,0.0,1.6896551724137931,-1.0,TREVOR_ZEGRAS_1_NHL,shots_onGoal-TREVOR_ZEGRAS_1_NHL-game-ou-over,-145.0,0.0
PIT@PHI,Trevor Zegras,PHI,f1,PP1,SOG,over,1.5,draftkings,-145,False,2.175144573449077,1.8772992790423828,0.6257503996028495,0.5495525612982902,18.15746991717456,1953.2883333333332,,"draftkings@1.5,fanduel@1.5,pinnacle@1.5,sgo_fair@1.5",1.049054075237431,0.5918367346938775,0.5800316966201139,-0.0118050380737636,-0.0199464436418764,0.0761978383045592,-138,-125.0,pass,2026-09-30T22:56:39+00:00,sgo_slate_alt_20260930T225639Z.json,trevorzegras,1.0,0.0,0.0,0.0,16:25,1.0,True,0.0,1.6896551724137931,-1.0,TREVOR_ZEGRAS_1_NHL,shots_onGoal-TREVOR_ZEGRAS_1_NHL-game-ou-over,-125.0,-0.03628117913832196
PIT@PHI,Trevor Zegras,PHI,f1,PP1,SOG,over,0.5,fanduel,-660,True,2.175144573449077,1.8772992790423828,0.874464271019608,0.8350650893372872,18.15746991717456,1953.2883333333332,,"draftkings@1.5,fanduel@1.5,pinnacle@1.5,sgo_fair@1.5",1.049054075237431,0.868421052631579,0.8508247620102156,-0.0175962906213633,-0.0202623952609637,0.0393991816823208,-570,-474.0,pass,2026-09-30T22:56:39+00:00,sgo_slate_alt_20260930T225639Z.json,trevorzegras,1.0,0.0,0.0,0.0,16:25,1.0,True,1.0,1.1515151515151516,0.1515151515151516,TREVOR_ZEGRAS_1_NHL,shots_onGoal-TREVOR_ZEGRAS_1_NHL-game-ou-over,-620.0,-0.007309941520467822
PIT@PHI,Trevor Zegras,PHI,f1,PP1,SOG,over,0.5,fanduel,-660,True,2.175144573449077,1.8772992790423828,0.874464271019608,0.8350650893372872,18.15746991717456,1953.2883333333332,,"draftkings@1.5,fanduel@1.5,pinnacle@1.5,sgo_fair@1.5",1.049054075237431,0.868421052631579,0.8508247620102156,-0.0175962906213633,-0.0202623952609637,0.0393991816823208,-570,-474.0,pass,2026-09-30T22:56:39+00:00,sgo_slate_alt_20260930T225639Z.json,trevorzegras,1.0,0.0,0.0,0.0,16:25,1.0,True,1.0,1.1515151515151516,0.1515151515151516,TREVOR_ZEGRAS_1_NHL,shots_onGoal-TREVOR_ZEGRAS_1_NHL-game-ou-over,-590.0,-0.013348588863463018
NYI@TOR,Jack Roslovic,TOR,f1,PP2,SOG,over,0.5,draftkings,-650,True,2.19991281185797,1.8456281585303085,0.8772632489967511,0.830174042672711,16.5629364333803,1610.1491666666666,,"draftkings@1.5,sgo_fair@1.5",1.049054075237431,0.8666666666666667,0.849009725202327,-0.0176569414643397,-0.020373393997315,0.0470892063240401,-562,-468.0,pass,2026-09-30T22:56:39+00:00,sgo_slate_alt_20260930T225639Z.json,jackroslovic,2.0,0.0,1.0,1.0,14:53,2.0,True,1.0,1.1538461538461537,0.15384615384615374,,shots_onGoal-nan-game-ou-over,,
LAK@COL,Cale Makar,COL,d1,PP1,SOG,over,4.5,fanduel,490,True,2.7498616403632345,2.8657877502754565,0.1552650556110598,0.1732165045018501,23.81464714714715,2789.351666666667,,"draftkings@2.5,fanduel@2.5,pinnacle@2.5,sgo_fair@3.0",1.049054075237431,0.1694915254237288,0.166035924945534,-0.0034556004781947,-0.020388042821349,-0.0179514488907903,502,609.0,pass,2026-09-30T22:56:39+00:00,sgo_slate_alt_20260930T225639Z.json,calemakar,1.0,0.0,2.0,2.0,18:14,1.0,True,0.0,5.9,-1.0,,shots_onGoal-nan-game-ou-over,,
PIT@PHI,Evgeni Malkin,PIT,f2,PP2,SOG,over,0.5,draftkings,-700,True,2.137186161373,1.9634612706407568,0.8700445669425589,0.8476405637511506,16.83075923787529,1529.4875,,"draftkings@1.5,fanduel@1.5,pinnacle@1.5,sgo_fair@2.5",1.049054075237431,0.875,0.856602165027714,-0.0183978349722859,-0.0210260971111839,0.0224040031914083,-597,-494.0,pass,2026-09-30T22:56:39+00:00,sgo_slate_alt_20260930T225639Z.json,evgenimalkin,2.0,1.0,0.0,1.0,15:47,2.0,True,1.0,1.1428571428571428,0.1428571428571428,,shots_onGoal-nan-game-ou-over,,
LAK@COL,Brock Nelson,COL,f2,PP2,PTS,over,0.5,draftkings,100,False,0.7228409764509541,0.6394598748055366,0.5146286332709864,0.4724226951051392,17.712678062678066,2272.766666666667,,"draftkings@0.5,sgo_fair@0.5",1.0472579744117947,0.5,0.4893050703714781,-0.0106949296285219,-0.0213898592570438,0.0422059381658472,104,115.0,pass,2026-09-30T22:56:39+00:00,sgo_slate_alt_20260930T225639Z.json,brocknelson,1.0,1.0,2.0,3.0,19:14,3.0,True,1.0,2.0,1.0,,goals+assists-nan-game-ou-over,,
LAK@COL,Artemi Panarin,LAK,f1,PP1,SOG,over,3.5,draftkings,265,True,2.719170564441844,2.517018793316034,0.2933482446654178,0.2512392218449933,19.238125,2334.2925,,"draftkings@2.5,fanduel@2.5,pinnacle@2.5,sgo_fair@2.5",1.049054075237431,0.273972602739726,0.2680828309731631,-0.0058897717665628,-0.0214976669479545,0.0421090228204245,273,311.0,pass,2026-09-30T22:56:39+00:00,sgo_slate_alt_20260930T225639Z.json,artemipanarin,2.0,1.0,0.0,1.0,20:16,2.0,True,0.0,3.65,-1.0,,shots_onGoal-nan-game-ou-over,,
NYI@TOR,Tony DeAngelo,NYI,d3,PP2,SOG,over,0.5,fanduel,-670,True,1.9083498808556525,2.0493637849142767,0.8397175589270511,0.859184070756271,18.18105358764759,1822.348333333333,,"draftkings@1.5,sgo_fair@2.0",1.049054075237431,0.8701298701298701,0.851397466024583,-0.018732404105287,-0.0215282853150314,-0.0194665118292198,-573,-476.0,pass,2026-09-30T22:56:39+00:00,sgo_slate_alt_20260930T225639Z.json,tonydeangelo,0.0,0.0,0.0,0.0,17:14,0.0,True,0.0,1.1492537313432836,-1.0,,shots_onGoal-nan-game-ou-over,,
NYI@TOR,Brayden Schenn,NYI,f2,PP1,SOG,over,1.5,draftkings,-120,False,1.7653238148340504,1.8578812795063333,0.5179334065807382,0.5441858055822649,16.50940975192472,1989.5,,"draftkings@1.5,fanduel@1.5,pinnacle@1.5,sgo_fair@2.0",1.049054075237431,0.5454545454545454,0.5336848459816542,-0.0117696994728911,-0.0215777823669671,-0.0262523990015267,-114,-104.0,pass,2026-09-30T22:56:39+00:00,sgo_slate_alt_20260930T225639Z.json,braydenschenn,1.0,0.0,0.0,0.0,14:27,1.0,True,0.0,1.8333333333333335,-1.0,,shots_onGoal-nan-game-ou-over,,
LAK@COL,Mats Zuccarello,LAK,f2,PP1,G,over,0.5,fanduel,370,False,0.2440579738671946,0.2262805913501702,0.2165577862285814,0.2025056997336906,17.496636128076993,1710.3441666666663,,"fanduel@0.5,pinnacle@0.5,sgo_fair@0.5",1.0777230155902748,0.2127659574468085,0.208126534331647,-0.0046394231151615,-0.021805288641259,0.0140520864948907,380,446.0,pass,2026-09-30T22:56:39+00:00,sgo_slate_alt_20260930T225639Z.json,matszuccarello,0.0,0.0,0.0,0.0,17:59,0.0,True,0.0,4.7,-1.0,,points-nan-game-ou-over,,
NYI@TOR,Darren Raddysh,TOR,d1,PP1,A,over,1.5,draftkings,750,True,0.6570624784118815,0.5245405133018115,0.1410254929721636,0.0977353978109089,21.772137732023086,2248.580833333333,,"draftkings@0.5,pinnacle@0.5,sgo_fair@0.5",1.1144430424849077,0.1176470588235294,0.1150514358754108,-0.0025956229481185,-0.0220627950590076,0.0432900951612546,769,1010.0,pass,2026-09-30T22:56:39+00:00,sgo_slate_alt_20260930T225639Z.json,darrenraddysh,4.0,0.0,0.0,0.0,20:36,0.0,True,0.0,8.5,-1.0,,assists-nan-game-ou-over,,
LAK@COL,Cale Makar,COL,d1,PP1,A,over,0.5,draftkings,-160,False,0.8576926868526407,0.9650953990367924,0.575860422986731,0.6190531439573473,23.81464714714715,2789.351666666667,,"draftkings@0.5,pinnacle@0.5,sgo_fair@1.0",1.1144430424849077,0.6153846153846154,0.6017760555691007,-0.0136085598155146,-0.0221139097002113,-0.0431927209706163,-151,-136.0,pass,2026-09-30T22:56:39+00:00,sgo_slate_alt_20260930T225639Z.json,calemakar,1.0,0.0,2.0,2.0,18:14,2.0,True,1.0,1.625,0.625,,assists-nan-game-ou-over,,
NYI@TOR,Simon Holmstrom,NYI,f1,PP2,PTS,over,0.5,draftkings,140,False,0.5708819980908009,0.4926311165943994,0.4349731337553977,0.3889833786088604,17.38473022912047,1890.756666666667,,"draftkings@0.5,sgo_fair@0.5",1.0472579744117947,0.4166666666666667,0.4073792806674753,-0.0092873859991913,-0.0222897263980592,0.0459897551465373,145,162.0,pass,2026-09-30T22:56:39+00:00,sgo_slate_alt_20260930T225639Z.json,simonholmstrom,0.0,0.0,0.0,0.0,20:17,0.0,True,0.0,2.4,-1.0,,goals+assists-nan-game-ou-over,,
PIT@PHI,Matvei Michkov,PHI,f3,PP1,G,over,0.5,fanduel,290,False,0.2989256000805665,0.2815494979305065,0.2583854165522268,0.2453864370588496,14.45386396011396,1802.7041666666669,,"fanduel@0.5,pinnacle@0.5,sgo_fair@0.5",1.0777230155902748,0.2564102564102564,0.2505860288562005,-0.0058242275540558,-0.022714487460818,0.0129989794933772,299,343.0,pass,2026-09-30T22:56:39+00:00,sgo_slate_alt_20260930T225639Z.json,matveimichkov,1.0,0.0,0.0,0.0,15:47,0.0,True,0.0,3.9,-1.0,MATVEI_MICHKOV_1_NHL,points-MATVEI_MICHKOV_1_NHL-game-ou-over,280.0,0.006747638326585703
PIT@PHI,Porter Martone,PHI,f1,PP1,SOG,over,2.5,draftkings,-120,False,2.858866874003733,2.863320513474742,0.5323147129326429,0.5332934524010678,17.520370370370372,153.36666666666667,,"draftkings@2.5,fanduel@2.5,pinnacle@2.5,sgo_fair@3.0",1.049054075237431,0.5454545454545454,0.5329019566136979,-0.0125525888408475,-0.0230130795415538,-0.0009787394684249,-114,-103.0,pass,2026-09-30T22:56:39+00:00,sgo_slate_alt_20260930T225639Z.json,portermartone,0.0,0.0,0.0,0.0,14:05,0.0,True,0.0,1.8333333333333335,-1.0,PORTER_MARTONE_1_NHL,shots_onGoal-PORTER_MARTONE_1_NHL-game-ou-over,-120.0,0.0
PIT@PHI,Porter Martone,PHI,f1,PP1,SOG,over,2.5,draftkings,-120,False,2.858866874003733,2.863320513474742,0.5323147129326429,0.5332934524010678,17.520370370370372,153.36666666666667,,"draftkings@2.5,fanduel@2.5,pinnacle@2.5,sgo_fair@3.0",1.049054075237431,0.5454545454545454,0.5329019566136979,-0.0125525888408475,-0.0230130795415538,-0.0009787394684249,-114,-103.0,pass,2026-09-30T22:56:39+00:00,sgo_slate_alt_20260930T225639Z.json,portermartone,0.0,0.0,0.0,0.0,14:05,0.0,True,0.0,1.8333333333333335,-1.0,PORTER_MARTONE_1_NHL,shots_onGoal-PORTER_MARTONE_1_NHL-game-ou-over,125.0,-0.101010101010101
PIT@PHI,Evgeni Malkin,PIT,f2,PP2,A,over,1.5,fanduel,900,True,0.5916498419328473,0.4771154795841031,0.1191595119205899,0.0833451737228144,16.83075923787529,1529.4875,,"draftkings@0.5,pinnacle@0.5,sgo_fair@0.5",1.1144430424849077,0.1,0.0976709090019246,-0.0023290909980753,-0.0232909099807535,0.0358143381977755,924,1276.0,pass,2026-09-30T22:56:39+00:00,sgo_slate_alt_20260930T225639Z.json,evgenimalkin,2.0,1.0,0.0,1.0,15:47,0.0,True,0.0,10.0,-1.0,,assists-nan-game-ou-over,,
NYI@TOR,Bo Horvat,NYI,f1,PP1,SOG,over,2.5,draftkings,-170,False,3.300034301037376,3.233630431286568,0.6225366618755444,0.6098435995592091,19.278630126057124,2147.205833333333,,"draftkings@2.5,fanduel@3.5,pinnacle@3.5,sgo_fair@3.5",1.049054075237431,0.6296296296296297,0.6149208244857431,-0.0147088051438865,-0.0233610434638196,0.0126930623163352,-160,-144.0,pass,2026-09-30T22:56:39+00:00,sgo_slate_alt_20260930T225639Z.json,bohorvat,4.0,0.0,1.0,1.0,22:31,4.0,True,1.0,1.5882352941176472,0.5882352941176472,,shots_onGoal-nan-game-ou-over,,
PIT@PHI,Porter Martone,PHI,f1,PP1,PTS,over,0.5,draftkings,-130,False,0.9007390304467908,0.7424955546482034,0.5937306966167737,0.5240752638803118,17.520370370370372,153.36666666666667,,"draftkings@0.5,sgo_fair@0.5",1.0472579744117947,0.5652173913043478,0.5519374369748965,-0.0132799543294512,-0.0234953038136447,0.0696554327364619,-123,-111.0,pass,2026-09-30T22:56:39+00:00,sgo_slate_alt_20260930T225639Z.json,portermartone,0.0,0.0,0.0,0.0,14:05,0.0,True,0.0,1.7692307692307692,-1.0,PORTER_MARTONE_1_NHL,goals+assists-PORTER_MARTONE_1_NHL-game-ou-over,-130.0,0.0
PIT@PHI,Porter Martone,PHI,f1,PP1,PTS,over,0.5,draftkings,-130,False,0.9007390304467908,0.7424955546482034,0.5937306966167737,0.5240752638803118,17.520370370370372,153.36666666666667,,"draftkings@0.5,sgo_fair@0.5",1.0472579744117947,0.5652173913043478,0.5519374369748965,-0.0132799543294512,-0.0234953038136447,0.0696554327364619,-123,-111.0,pass,2026-09-30T22:56:39+00:00,sgo_slate_alt_20260930T225639Z.json,portermartone,0.0,0.0,0.0,0.0,14:05,0.0,True,0.0,1.7692307692307692,-1.0,PORTER_MARTONE_1_NHL,goals+assists-PORTER_MARTONE_1_NHL-game-ou-over,115.0,-0.10010111223458035
LAK@COL,Sam Malinski,COL,d2,-,A,over,0.5,draftkings,250,False,0.3485576364522779,0.313018632411546,0.2942947604946157,0.2687637122534999,18.56353628800918,1990.1658333333328,,"draftkings@0.5,sgo_fair@0.5",1.1144430424849077,0.2857142857142857,0.2789761315499462,-0.0067381541643394,-0.0235835395751879,0.0255310482411157,258,294.0,pass,2026-09-30T22:56:39+00:00,sgo_slate_alt_20260930T225639Z.json,sammalinski,2.0,0.0,0.0,0.0,14:27,0.0,True,0.0,3.5,-1.0,,assists-nan-game-ou-over,,
PIT@PHI,Egor Chinakhov,PIT,f2,PP1,SOG,under,2.5,draftkings,-175,False,2.047991151939787,2.32978944517645,0.6644202801943946,0.5925894213763909,14.739930555555556,970.55,,"draftkings@2.5,sgo_fair@2.5",1.049054075237431,0.6363636363636364,0.6213217649035925,-0.0150418714600438,-0.0236372265800689,0.0718308588180036,-164,-148.0,pass,2026-09-30T22:56:39+00:00,sgo_slate_alt_20260930T225639Z.json,egorchinakhov,3.0,1.0,0.0,1.0,16:58,3.0,True,0.0,1.5714285714285714,-1.0,,shots_onGoal-nan-game-ou-under,,
NYI@TOR,Auston Matthews,TOR,f1,PP1,PTS,over,0.5,draftkings,-190,False,0.9384899061711012,1.0790770394883018,0.6087818343430194,0.6600908964071699,19.35674712013165,1888.035,,"draftkings@0.5,sgo_fair@1.0",1.0472579744117947,0.6551724137931034,0.6395672715815097,-0.0156051422115937,-0.0238183749545378,-0.0513090620641505,-177,-159.0,pass,2026-09-30T22:56:39+00:00,sgo_slate_alt_20260930T225639Z.json,austonmatthews,1.0,0.0,0.0,0.0,20:04,0.0,True,0.0,1.526315789473684,-1.0,,goals+assists-nan-game-ou-over,,
PIT@PHI,Jamie Drysdale,PHI,d2,PP1,A,under,0.5,draftkings,-220,False,0.3340815286436491,0.4444236380977365,0.7159954057132751,0.6411937291902043,20.541472602739724,2308.5825,,"draftkings@0.5,sgo_fair@0.5",1.1144430424849077,0.6875,0.6711143997994327,-0.0163856002005673,-0.0238336002917343,0.0748016765230707,-204,-183.0,pass,2026-09-30T22:56:39+00:00,sgo_slate_alt_20260930T225639Z.json,jamiedrysdale,0.0,0.0,0.0,0.0,17:21,0.0,True,1.0,1.4545454545454546,0.4545454545454546,JAMIE_DRYSDALE_1_NHL,assists-JAMIE_DRYSDALE_1_NHL-game-ou-under,-220.0,0.0
PIT@PHI,Jamie Drysdale,PHI,d2,PP1,A,under,0.5,draftkings,-220,False,0.3340815286436491,0.4444236380977365,0.7159954057132751,0.6411937291902043,20.541472602739724,2308.5825,,"draftkings@0.5,sgo_fair@0.5",1.1144430424849077,0.6875,0.6711143997994327,-0.0163856002005673,-0.0238336002917343,0.0748016765230707,-204,-183.0,pass,2026-09-30T22:56:39+00:00,sgo_slate_alt_20260930T225639Z.json,jamiedrysdale,0.0,0.0,0.0,0.0,17:21,0.0,True,1.0,1.4545454545454546,0.4545454545454546,JAMIE_DRYSDALE_1_NHL,assists-JAMIE_DRYSDALE_1_NHL-game-ou-under,-300.0,0.0625
NYI@TOR,Bo Horvat,NYI,f1,PP1,SOG,over,3.5,draftkings,140,True,3.300034301037376,3.233630431286568,0.4149044426596387,0.4012276618177179,19.278630126057124,2147.205833333333,,"draftkings@2.5,fanduel@3.5,pinnacle@3.5,sgo_fair@3.5",1.049054075237431,0.4166666666666667,0.4066983741544862,-0.0099682925121804,-0.0239239020292331,0.0136767808419208,146,162.0,pass,2026-09-30T22:56:39+00:00,sgo_slate_alt_20260930T225639Z.json,bohorvat,4.0,0.0,1.0,1.0,22:31,4.0,True,1.0,2.4,1.4,,shots_onGoal-nan-game-ou-over,,
PIT@PHI,Erik Karlsson,PIT,d1,PP1,SOG,over,2.5,fanduel,150,False,2.26391480239126,2.260387999371989,0.3908503840021738,0.3899590436431697,22.99009532320524,2627.4333333333334,,"draftkings@2.5,fanduel@2.5,pinnacle@2.5,sgo_fair@2.5",1.049054075237431,0.4,0.3903155797867714,-0.0096844202132286,-0.0242110505330714,0.0008913403590041,156,174.0,pass,2026-09-30T22:56:39+00:00,sgo_slate_alt_20260930T225639Z.json,erikkarlsson,3.0,0.0,1.0,1.0,19:59,3.0,True,1.0,2.5,1.5,,shots_onGoal-nan-game-ou-over,,
NYI@TOR,William Nylander,TOR,f2,PP1,SOG,over,3.5,fanduel,220,True,2.6257504995545338,2.8720520934455664,0.2737937812200924,0.3255274147788329,17.72223436993845,2000.8358333333333,,"draftkings@2.5,fanduel@2.5,pinnacle@2.5,sgo_fair@3.0",1.049054075237431,0.3125,0.3048339613553367,-0.0076660386446633,-0.0245313236629225,-0.0517336335587404,228,257.0,pass,2026-09-30T22:56:39+00:00,sgo_slate_alt_20260930T225639Z.json,williamnylander,1.0,0.0,0.0,0.0,17:29,1.0,True,0.0,3.2,-1.0,,shots_onGoal-nan-game-ou-over,,
PIT@PHI,Tyson Foerster,PHI,f2,PP1,A,under,0.5,draftkings,-310,False,0.2483601706406173,0.3437495285925812,0.7800789311465492,0.7091065167153923,16.527680162974278,1116.2733333333333,,"draftkings@0.5,pinnacle@0.5,sgo_fair@0.5",1.1144430424849077,0.7560975609756098,0.737495482487855,-0.0186020784877547,-0.0246027489676756,0.0709724144311569,-281,-248.0,pass,2026-09-30T22:56:39+00:00,sgo_slate_alt_20260930T225639Z.json,tysonfoerster,1.0,0.0,0.0,0.0,17:08,0.0,True,1.0,1.3225806451612903,0.32258064516129026,TYSON_FOERSTER_1_NHL,assists-TYSON_FOERSTER_1_NHL-game-ou-under,-310.0,0.0
PIT@PHI,Tyson Foerster,PHI,f2,PP1,A,under,0.5,draftkings,-310,False,0.2483601706406173,0.3437495285925812,0.7800789311465492,0.7091065167153923,16.527680162974278,1116.2733333333333,,"draftkings@0.5,pinnacle@0.5,sgo_fair@0.5",1.1144430424849077,0.7560975609756098,0.737495482487855,-0.0186020784877547,-0.0246027489676756,0.0709724144311569,-281,-248.0,pass,2026-09-30T22:56:39+00:00,sgo_slate_alt_20260930T225639Z.json,tysonfoerster,1.0,0.0,0.0,0.0,17:08,0.0,True,1.0,1.3225806451612903,0.32258064516129026,TYSON_FOERSTER_1_NHL,assists-TYSON_FOERSTER_1_NHL-game-ou-under,-380.0,0.03556910569105687
NYI@TOR,Auston Matthews,TOR,f1,PP1,SOG,over,2.5,draftkings,-240,True,3.7442061530497432,3.6315658225880094,0.6993221211926094,0.6811704116539018,19.35674712013165,1888.035,,"draftkings@3.5,fanduel@3.5,pinnacle@3.5,sgo_fair@3.5",1.049054075237431,0.7058823529411765,0.6884310954693849,-0.0174512574717916,-0.0247226147517047,0.0181517095387075,-221,-197.0,pass,2026-09-30T22:56:39+00:00,sgo_slate_alt_20260930T225639Z.json,austonmatthews,1.0,0.0,0.0,0.0,20:04,1.0,True,0.0,1.4166666666666667,-1.0,,shots_onGoal-nan-game-ou-over,,
NYI@TOR,Jack Roslovic,TOR,f1,PP2,SOG,over,1.5,draftkings,-145,False,2.19991281185797,1.8456281585303085,0.631575246297488,0.5407740857139267,16.5629364333803,1610.1491666666666,,"draftkings@1.5,sgo_fair@1.5",1.049054075237431,0.5918367346938775,0.5770945499473512,-0.0147421847465263,-0.0249092087096479,0.0908011605835612,-136,-123.0,pass,2026-09-30T22:56:39+00:00,sgo_slate_alt_20260930T225639Z.json,jackroslovic,2.0,0.0,1.0,1.0,14:53,2.0,True,1.0,1.6896551724137931,0.6896551724137931,,shots_onGoal-nan-game-ou-over,,
NYI@TOR,Darren Raddysh,TOR,d1,PP1,SOG,over,1.5,draftkings,-285,True,2.705706027404084,2.5881644153857963,0.7344463443248104,0.7131508687214638,21.772137732023086,2248.580833333333,,"draftkings@2.5,fanduel@2.5,pinnacle@2.5,sgo_fair@2.5",1.049054075237431,0.7402597402597403,0.7216690589628025,-0.0185906812969377,-0.0251137273660386,0.0212954756033465,-259,-230.0,pass,2026-09-30T22:56:39+00:00,sgo_slate_alt_20260930T225639Z.json,darrenraddysh,4.0,0.0,0.0,0.0,20:36,4.0,True,1.0,1.3508771929824561,0.3508771929824561,,shots_onGoal-nan-game-ou-over,,
LAK@COL,Gabriel Landeskog,COL,f2,PP1,SOG,over,0.5,draftkings,-1100,True,2.2425249497046167,2.43859091751729,0.8819271367588307,0.901118921498866,16.206805555555555,984.8166666666668,,"draftkings@2.5,sgo_fair@2.5",1.049054075237431,0.9166666666666666,0.8934422076028519,-0.0232244590638147,-0.0253357735241617,-0.0191917847400352,-838,-660.0,pass,2026-09-30T22:56:39+00:00,sgo_slate_alt_20260930T225639Z.json,gabriellandeskog,1.0,1.0,0.0,1.0,17:52,1.0,True,1.0,1.0909090909090908,0.09090909090909083,,shots_onGoal-nan-game-ou-over,,
LAK@COL,Alex Laferriere,LAK,f2,PP2,SOG,over,0.5,draftkings,-1100,True,2.3035064479336302,2.388241175899168,0.8882818568053401,0.8965244684151653,16.89103086155165,2074.2775,,"draftkings@2.5,sgo_fair@2.5",1.049054075237431,0.9166666666666666,0.8932274237712352,-0.0234392428954314,-0.0255700831586526,-0.0082426116098252,-837,-659.0,pass,2026-09-30T22:56:39+00:00,sgo_slate_alt_20260930T225639Z.json,alexlaferriere,2.0,0.0,2.0,2.0,15:31,2.0,True,1.0,1.0909090909090908,0.09090909090909083,,shots_onGoal-nan-game-ou-over,,
LAK@COL,Nathan MacKinnon,COL,f1,PP1,A,over,0.5,draftkings,-185,False,1.000345352338139,1.0013487503168603,0.6322475849180786,0.6326164018819995,20.211023366508,2590.8675,,"draftkings@0.5,pinnacle@0.5,sgo_fair@1.0",1.1144430424849077,0.6491228070175439,0.6324688750964311,-0.0166539319211127,-0.0256560572838763,-0.0003688169639208,-172,-155.0,pass,2026-09-30T22:56:39+00:00,sgo_slate_alt_20260930T225639Z.json,nathanmackinnon,8.0,2.0,0.0,2.0,17:44,0.0,True,0.0,1.5405405405405406,-1.0,,assists-nan-game-ou-over,,
PIT@PHI,Matvei Michkov,PHI,f3,PP1,SOG,over,1.5,draftkings,-145,False,2.1848627220870838,1.8506993587213365,0.6280450617102956,0.5421884579260069,14.45386396011396,1802.7041666666669,,"draftkings@1.5,sgo_fair@1.5",1.049054075237431,0.5918367346938775,0.5765310994397224,-0.0153056352541551,-0.0258612457742621,0.0858566037842887,-136,-123.0,pass,2026-09-30T22:56:39+00:00,sgo_slate_alt_20260930T225639Z.json,matveimichkov,1.0,0.0,0.0,0.0,15:47,1.0,True,0.0,1.6896551724137931,-1.0,MATVEI_MICHKOV_1_NHL,shots_onGoal-MATVEI_MICHKOV_1_NHL-game-ou-over,-145.0,0.0
PIT@PHI,Matvei Michkov,PHI,f3,PP1,SOG,over,1.5,draftkings,-145,False,2.1848627220870838,1.8506993587213365,0.6280450617102956,0.5421884579260069,14.45386396011396,1802.7041666666669,,"draftkings@1.5,sgo_fair@1.5",1.049054075237431,0.5918367346938775,0.5765310994397224,-0.0153056352541551,-0.0258612457742621,0.0858566037842887,-136,-123.0,pass,2026-09-30T22:56:39+00:00,sgo_slate_alt_20260930T225639Z.json,matveimichkov,1.0,0.0,0.0,0.0,15:47,1.0,True,0.0,1.6896551724137931,-1.0,MATVEI_MICHKOV_1_NHL,shots_onGoal-MATVEI_MICHKOV_1_NHL-game-ou-over,-160.0,0.023547880690737877
PIT@PHI,Travis Konecny,PHI,f2,PP2,SOG,over,0.5,draftkings,-800,True,2.143814949348693,2.0711828002167736,0.8708279567923577,0.8619679628749676,17.79007170032192,2230.1783333333337,,"draftkings@1.5,fanduel@1.5,pinnacle@1.5,sgo_fair@2.0",1.049054075237431,0.8888888888888888,0.8655119604419236,-0.0233769284469652,-0.0262990445028359,0.0088599939173901,-644,-527.0,pass,2026-09-30T22:56:39+00:00,sgo_slate_alt_20260930T225639Z.json,traviskonecny,2.0,0.0,0.0,0.0,14:47,2.0,True,1.0,1.125,0.125,TRAVIS_KONECNY_1_NHL,shots_onGoal-TRAVIS_KONECNY_1_NHL-game-ou-over,-800.0,0.0
PIT@PHI,Travis Konecny,PHI,f2,PP2,SOG,over,0.5,draftkings,-800,True,2.143814949348693,2.0711828002167736,0.8708279567923577,0.8619679628749676,17.79007170032192,2230.1783333333337,,"draftkings@1.5,fanduel@1.5,pinnacle@1.5,sgo_fair@2.0",1.049054075237431,0.8888888888888888,0.8655119604419236,-0.0233769284469652,-0.0262990445028359,0.0088599939173901,-644,-527.0,pass,2026-09-30T22:56:39+00:00,sgo_slate_alt_20260930T225639Z.json,traviskonecny,2.0,0.0,0.0,0.0,14:47,2.0,True,1.0,1.125,0.125,TRAVIS_KONECNY_1_NHL,shots_onGoal-TRAVIS_KONECNY_1_NHL-game-ou-over,-525.0,-0.04888888888888887
NYI@TOR,Darren Raddysh,TOR,d1,PP1,G,over,1.5,fanduel,5000,False,0.2130381979345893,0.2069207158073981,0.01971318130808,0.0186719413529374,21.772137732023086,2248.580833333333,,sgo_fair@0.5,1.0777230155902748,0.0196078431372549,0.0190884373349945,-0.0005194058022603,-0.0264896959152802,0.0010412399551425,5139,,pass,2026-09-30T22:56:39+00:00,sgo_slate_alt_20260930T225639Z.json,darrenraddysh,4.0,0.0,0.0,0.0,20:36,0.0,True,0.0,51.0,-1.0,,points-nan-game-ou-over,,
PIT@PHI,Noah Cates,PHI,f3,PP2,SOG,over,0.5,draftkings,-390,True,1.539117919267638,1.5440198666735991,0.7742118101670799,0.7752444446360018,14.816801878736124,1889.245,,"draftkings@1.5,sgo_fair@1.5",1.049054075237431,0.7959183673469388,0.774831390848433,-0.0210869764985057,-0.0264938935494046,-0.0010326344689219,-344,-300.0,pass,2026-09-30T22:56:39+00:00,sgo_slate_alt_20260930T225639Z.json,noahcates,1.0,0.0,0.0,0.0,14:17,1.0,True,1.0,1.2564102564102564,0.2564102564102564,NOAH_CATES_1_NHL,shots_onGoal-NOAH_CATES_1_NHL-game-ou-over,-390.0,0.0
LAK@COL,Mats Zuccarello,LAK,f2,PP1,PTS,over,1.5,draftkings,550,True,0.7442434210883441,0.6397969333756965,0.1713210966949794,0.1351719001689783,17.496636128076993,1710.3441666666663,,"draftkings@0.5,sgo_fair@0.5",1.0472579744117947,0.1538461538461538,0.1496315787793787,-0.004214575066775,-0.027394737934038,0.0361491965260011,568,702.0,pass,2026-09-30T22:56:39+00:00,sgo_slate_alt_20260930T225639Z.json,matszuccarello,0.0,0.0,0.0,0.0,17:59,0.0,True,0.0,6.5,-1.0,,goals+assists-nan-game-ou-over,,
PIT@PHI,Alex Bump,PHI,f3,PP2,G,over,0.5,fanduel,380,False,0.256506715170846,0.20679971408241,0.2262502013200635,0.1868174973178062,13.070588235294116,214.9,,"pinnacle@0.5,sgo_fair@0.5",1.0777230155902748,0.2083333333333333,0.2025905789187091,-0.0057427544146242,-0.0275652211901962,0.0394327040022573,394,463.0,pass,2026-09-30T22:56:39+00:00,sgo_slate_alt_20260930T225639Z.json,alexbump,1.0,0.0,0.0,0.0,14:39,0.0,True,0.0,4.8,-1.0,ALEX_BUMP_1_NHL,points-ALEX_BUMP_1_NHL-game-ou-over,380.0,5.551115123125783e-17
PIT@PHI,Trevor Zegras,PHI,f1,PP1,PTS,over,2.5,draftkings,1200,True,0.8599641291225797,1.0359170848419532,0.0564275757149606,0.0870251873849933,18.15746991717456,1953.2883333333332,,"draftkings@0.5,sgo_fair@1.0",1.0472579744117947,0.0769230769230769,0.0747861427169802,-0.0021369342060966,-0.0277801446792567,-0.0305976116700327,1237,1909.0,pass,2026-09-30T22:56:39+00:00,sgo_slate_alt_20260930T225639Z.json,trevorzegras,1.0,0.0,0.0,0.0,16:25,0.0,True,0.0,13.0,-1.0,TREVOR_ZEGRAS_1_NHL,goals+assists-TREVOR_ZEGRAS_1_NHL-game-ou-over,1200.0,2.7755575615628914e-17
LAK@COL,Cale Makar,COL,d1,PP1,SOG,over,1.5,fanduel,-345,True,2.7498616403632345,2.8657877502754565,0.74206628472127,0.761124122579514,23.81464714714715,2789.351666666667,,"draftkings@2.5,fanduel@2.5,pinnacle@2.5,sgo_fair@3.0",1.049054075237431,0.7752808988764045,0.7535009874362164,-0.021779911440188,-0.0280929292489382,-0.0190578378582439,-306,-268.0,pass,2026-09-30T22:56:39+00:00,sgo_slate_alt_20260930T225639Z.json,calemakar,1.0,0.0,2.0,2.0,18:14,1.0,True,0.0,1.289855072463768,-1.0,,shots_onGoal-nan-game-ou-over,,
NYI@TOR,Matthew Schaefer,NYI,d1,PP1,SOG,over,0.5,draftkings,-2500,True,2.8030617277803405,2.966241044314394,0.9286290287406008,0.93822740214513,23.59136178861789,2023.9833333333331,,"draftkings@2.5,fanduel@2.5,pinnacle@2.5,sgo_fair@3.5",1.049054075237431,0.9615384615384616,0.9343880527833184,-0.0271504087551432,-0.0282364251053489,-0.0095983734045292,-1424,-1004.0,pass,2026-09-30T22:56:39+00:00,sgo_slate_alt_20260930T225639Z.json,matthewschaefer,3.0,0.0,0.0,0.0,27:45,3.0,True,1.0,1.04,0.040000000000000036,,shots_onGoal-nan-game-ou-over,,
PIT@PHI,Evgeni Malkin,PIT,f2,PP2,SOG,over,1.5,draftkings,-155,False,2.137186161373,1.9634612706407568,0.6166731944144437,0.5727746935445949,16.83075923787529,1529.4875,,"draftkings@1.5,fanduel@1.5,pinnacle@1.5,sgo_fair@2.5",1.049054075237431,0.6078431372549019,0.5903340938925344,-0.0175090433623674,-0.0288052003703466,0.0438985008698488,-144,-130.0,pass,2026-09-30T22:56:39+00:00,sgo_slate_alt_20260930T225639Z.json,evgenimalkin,2.0,1.0,0.0,1.0,15:47,2.0,True,1.0,1.6451612903225805,0.6451612903225805,,shots_onGoal-nan-game-ou-over,,
NYI@TOR,William Nylander,TOR,f2,PP1,SOG,over,1.5,draftkings,-330,True,2.6257504995545338,2.8720520934455664,0.7201232438468648,0.7621158706581322,17.72223436993845,2000.8358333333333,,"draftkings@2.5,fanduel@2.5,pinnacle@2.5,sgo_fair@3.0",1.049054075237431,0.7674418604651163,0.7453188199336253,-0.022123040531491,-0.0288269922077004,-0.0419926268112674,-293,-258.0,pass,2026-09-30T22:56:39+00:00,sgo_slate_alt_20260930T225639Z.json,williamnylander,1.0,0.0,0.0,0.0,17:29,1.0,True,0.0,1.303030303030303,-1.0,,shots_onGoal-nan-game-ou-over,,
PIT@PHI,Evgeni Malkin,PIT,f2,PP2,SOG,over,0.5,fanduel,-750,True,2.137186161373,1.9634612706407568,0.8700445669425589,0.8476405637511506,16.83075923787529,1529.4875,,"draftkings@1.5,fanduel@1.5,pinnacle@1.5,sgo_fair@2.5",1.049054075237431,0.8823529411764706,0.856602165027714,-0.0257507761487565,-0.0291842129685907,0.0224040031914083,-597,-494.0,pass,2026-09-30T22:56:39+00:00,sgo_slate_alt_20260930T225639Z.json,evgenimalkin,2.0,1.0,0.0,1.0,15:47,2.0,True,1.0,1.1333333333333333,0.1333333333333333,,shots_onGoal-nan-game-ou-over,,
LAK@COL,Quinton Byfield,LAK,f1,PP1,A,under,0.5,draftkings,-245,False,0.3345359915719311,0.3979287098877727,0.71567008627297,0.6717099122301684,18.790998989461528,2260.741666666667,,"draftkings@0.5,pinnacle@0.5,sgo_fair@0.5",1.1144430424849077,0.7101449275362319,0.6892939818472891,-0.0208509456889428,-0.0293615357660623,0.0439601740428016,-222,-198.0,pass,2026-09-30T22:56:39+00:00,sgo_slate_alt_20260930T225639Z.json,quintonbyfield,3.0,0.0,0.0,0.0,18:59,0.0,True,1.0,1.4081632653061225,0.40816326530612246,,assists-nan-game-ou-under,,
LAK@COL,Quinton Byfield,LAK,f1,PP1,SOG,over,0.5,draftkings,-1100,True,2.1342015259682805,2.459191254511227,0.869690223419988,0.9029367932206176,18.790998989461528,2260.741666666667,,"draftkings@2.5,fanduel@2.5,pinnacle@2.5,sgo_fair@2.5",1.049054075237431,0.9166666666666666,0.8896381653003658,-0.0270285013663008,-0.0294856378541464,-0.0332465698006294,-806,-639.0,pass,2026-09-30T22:56:39+00:00,sgo_slate_alt_20260930T225639Z.json,quintonbyfield,3.0,0.0,0.0,0.0,18:59,3.0,True,1.0,1.0909090909090908,0.09090909090909083,,shots_onGoal-nan-game-ou-over,,
LAK@COL,Martin Necas,COL,f1,PP1,SOG,over,0.5,draftkings,-2000,True,2.556363088540212,2.8628088231689897,0.91105268126673,0.9323126314512136,19.35776089828269,2352.2475,,"draftkings@2.5,fanduel@2.5,pinnacle@2.5,sgo_fair@3.5",1.049054075237431,0.9523809523809524,0.9238086513774202,-0.0285723010035321,-0.0300009160537088,-0.0212599501844837,-1212,-888.0,pass,2026-09-30T22:56:39+00:00,sgo_slate_alt_20260930T225639Z.json,martinnecas,4.0,0.0,1.0,1.0,19:11,4.0,True,1.0,1.05,0.050000000000000044,,shots_onGoal-nan-game-ou-over,,
NYI@TOR,Bo Horvat,NYI,f1,PP1,G,over,0.5,fanduel,190,False,0.4136074900220949,0.4027431987249163,0.3387395483403957,0.3315162552387392,19.278630126057124,2147.205833333333,,"fanduel@0.5,pinnacle@0.5,sgo_fair@0.5",1.0777230155902748,0.3448275862068966,0.3344055724794018,-0.0104220137274947,-0.0302238398097347,0.0072232931016564,199,223.0,pass,2026-09-30T22:56:39+00:00,sgo_slate_alt_20260930T225639Z.json,bohorvat,4.0,0.0,1.0,1.0,22:31,0.0,True,0.0,2.9,-1.0,,points-nan-game-ou-over,,
PIT@PHI,Owen Tippett,PHI,f1,PP2,SOG,over,1.5,fanduel,-310,True,2.824634523713833,2.618038418092319,0.7545129380854015,0.7187052510632681,17.293983282893787,1918.3983333333333,,"draftkings@2.5,fanduel@2.5,pinnacle@2.5,sgo_fair@2.5",1.049054075237431,0.7560975609756098,0.7330283258721215,-0.0230692351034882,-0.0305109238465489,0.0358076870221334,-275,-242.0,pass,2026-09-30T22:56:39+00:00,sgo_slate_alt_20260930T225639Z.json,owentippett,4.0,0.0,0.0,0.0,14:11,4.0,True,1.0,1.3225806451612903,0.32258064516129026,OWEN_TIPPETT_1_NHL,shots_onGoal-OWEN_TIPPETT_1_NHL-game-ou-over,-295.0,-0.009262117937635095
PIT@PHI,Owen Tippett,PHI,f1,PP2,SOG,over,1.5,fanduel,-310,True,2.824634523713833,2.618038418092319,0.7545129380854015,0.7187052510632681,17.293983282893787,1918.3983333333333,,"draftkings@2.5,fanduel@2.5,pinnacle@2.5,sgo_fair@2.5",1.049054075237431,0.7560975609756098,0.7330283258721215,-0.0230692351034882,-0.0305109238465489,0.0358076870221334,-275,-242.0,pass,2026-09-30T22:56:39+00:00,sgo_slate_alt_20260930T225639Z.json,owentippett,4.0,0.0,0.0,0.0,14:11,4.0,True,1.0,1.3225806451612903,0.32258064516129026,OWEN_TIPPETT_1_NHL,shots_onGoal-OWEN_TIPPETT_1_NHL-game-ou-over,-305.0,-0.003011141222523328
LAK@COL,Mats Zuccarello,LAK,f2,PP1,SOG,over,0.5,draftkings,-700,True,1.9793931685884407,1.9586806431344597,0.8498539092029385,0.846969783021825,17.496636128076993,1710.3441666666663,,"draftkings@1.5,fanduel@1.5,pinnacle@1.5,sgo_fair@2.5",1.049054075237431,0.875,0.8481234334942704,-0.0268765665057295,-0.0307160760065481,0.0028841261811134,-558,-465.0,pass,2026-09-30T22:56:39+00:00,sgo_slate_alt_20260930T225639Z.json,matszuccarello,0.0,0.0,0.0,0.0,17:59,0.0,True,0.0,1.1428571428571428,-1.0,,shots_onGoal-nan-game-ou-over,,
NYI@TOR,Matias Maccelli,NYI,f2,PP1,SOG,over,2.5,draftkings,230,True,1.6506556219711694,2.0429238459214494,0.2328910097796862,0.3342694718615173,15.174308093994778,1373.88,,"draftkings@1.5,sgo_fair@2.0",1.049054075237431,0.303030303030303,0.2937180870287849,-0.0093122160015181,-0.0307303128050099,-0.1013784620818311,240,272.0,pass,2026-09-30T22:56:39+00:00,sgo_slate_alt_20260930T225639Z.json,matiasmaccelli,1.0,0.0,0.0,0.0,17:39,1.0,True,0.0,3.3,-1.0,,shots_onGoal-nan-game-ou-over,,
PIT@PHI,Owen Tippett,PHI,f1,PP2,SOG,over,2.5,draftkings,-105,False,2.824634523713833,2.618038418092319,0.5247473516640557,0.4774694054545035,17.293983282893787,1918.3983333333333,,"draftkings@2.5,fanduel@2.5,pinnacle@2.5,sgo_fair@2.5",1.049054075237431,0.5121951219512195,0.4963805839383244,-0.0158145380128951,-0.0308760027870809,0.0472779462095522,101,112.0,pass,2026-09-30T22:56:39+00:00,sgo_slate_alt_20260930T225639Z.json,owentippett,4.0,0.0,0.0,0.0,14:11,4.0,True,1.0,1.9523809523809523,0.9523809523809523,OWEN_TIPPETT_1_NHL,shots_onGoal-OWEN_TIPPETT_1_NHL-game-ou-over,-105.0,0.0
PIT@PHI,Owen Tippett,PHI,f1,PP2,SOG,over,2.5,draftkings,-105,False,2.824634523713833,2.618038418092319,0.5247473516640557,0.4774694054545035,17.293983282893787,1918.3983333333333,,"draftkings@2.5,fanduel@2.5,pinnacle@2.5,sgo_fair@2.5",1.049054075237431,0.5121951219512195,0.4963805839383244,-0.0158145380128951,-0.0308760027870809,0.0472779462095522,101,112.0,pass,2026-09-30T22:56:39+00:00,sgo_slate_alt_20260930T225639Z.json,owentippett,4.0,0.0,0.0,0.0,14:11,4.0,True,1.0,1.9523809523809523,0.9523809523809523,OWEN_TIPPETT_1_NHL,shots_onGoal-OWEN_TIPPETT_1_NHL-game-ou-over,105.0,-0.024390243902439046
LAK@COL,Brock Nelson,COL,f2,PP2,PTS,over,0.5,fanduel,-102,False,0.7228409764509541,0.6394598748055366,0.5146286332709864,0.4724226951051392,17.712678062678066,2272.766666666667,,"draftkings@0.5,sgo_fair@0.5",1.0472579744117947,0.504950495049505,0.4893050703714781,-0.0156454246780268,-0.0309840763231512,0.0422059381658472,104,115.0,pass,2026-09-30T22:56:39+00:00,sgo_slate_alt_20260930T225639Z.json,brocknelson,1.0,1.0,2.0,3.0,19:14,3.0,True,1.0,1.9803921568627452,0.9803921568627452,,goals+assists-nan-game-ou-over,,
LAK@COL,Cale Makar,COL,d1,PP1,SOG,over,1.5,draftkings,-350,True,2.7498616403632345,2.8657877502754565,0.74206628472127,0.761124122579514,23.81464714714715,2789.351666666667,,"draftkings@2.5,fanduel@2.5,pinnacle@2.5,sgo_fair@3.0",1.049054075237431,0.7777777777777778,0.7535009874362164,-0.0242767903415613,-0.0312130161534361,-0.0190578378582439,-306,-268.0,pass,2026-09-30T22:56:39+00:00,sgo_slate_alt_20260930T225639Z.json,calemakar,1.0,0.0,2.0,2.0,18:14,1.0,True,0.0,1.2857142857142856,-1.0,,shots_onGoal-nan-game-ou-over,,
LAK@COL,Cale Makar,COL,d1,PP1,A,over,0.5,fanduel,-164,False,0.8576926868526407,0.9650953990367924,0.575860422986731,0.6190531439573473,23.81464714714715,2789.351666666667,,"draftkings@0.5,pinnacle@0.5,sgo_fair@1.0",1.1144430424849077,0.6212121212121212,0.6017760555691007,-0.0194360656430204,-0.0312873251814475,-0.0431927209706163,-151,-136.0,pass,2026-09-30T22:56:39+00:00,sgo_slate_alt_20260930T225639Z.json,calemakar,1.0,0.0,2.0,2.0,18:14,2.0,True,1.0,1.6097560975609757,0.6097560975609757,,assists-nan-game-ou-over,,
NYI@TOR,Kyle Palmieri,NYI,f1,PP1,SOG,over,3.5,fanduel,285,True,2.5751143695879755,2.481071999455715,0.2632570214298311,0.2438480965923723,18.330910070005388,1155.1666666666667,,"draftkings@2.5,fanduel@2.5,pinnacle@2.5,sgo_fair@2.5",1.049054075237431,0.2597402597402597,0.2516116665273558,-0.0081285932129039,-0.0312950838696801,0.0194089248374587,297,341.0,pass,2026-09-30T22:56:39+00:00,sgo_slate_alt_20260930T225639Z.json,kylepalmieri,4.0,0.0,0.0,0.0,18:35,4.0,True,1.0,3.85,2.85,,shots_onGoal-nan-game-ou-over,,
LAK@COL,Nazem Kadri,COL,f2,PP2,SOG,over,0.5,fanduel,-1500,True,2.725185691129943,2.396569607305325,0.9235105938763456,0.8972995785273131,17.56882499268364,2179.7783333333336,,"draftkings@2.5,fanduel@2.5,pinnacle@2.5,sgo_fair@2.5",1.049054075237431,0.9375,0.907783984666926,-0.0297160153330739,-0.0316970830219456,0.0262110153490323,-984,-753.0,pass,2026-09-30T22:56:39+00:00,sgo_slate_alt_20260930T225639Z.json,nazemkadri,2.0,0.0,2.0,2.0,17:57,2.0,True,1.0,1.0666666666666667,0.06666666666666665,,shots_onGoal-nan-game-ou-over,,
LAK@COL,Quinton Byfield,LAK,f1,PP1,PTS,under,0.5,draftkings,-120,False,0.5878002593048959,0.6738364210812856,0.5555480031609036,0.5097492090961082,18.790998989461528,2260.741666666667,,"draftkings@0.5,sgo_fair@0.5",1.0472579744117947,0.5454545454545454,0.5280687267220263,-0.017385818732519,-0.0318740010096183,0.0457987940647953,-112,-101.0,pass,2026-09-30T22:56:39+00:00,sgo_slate_alt_20260930T225639Z.json,quintonbyfield,3.0,0.0,0.0,0.0,18:59,0.0,True,1.0,1.8333333333333335,0.8333333333333335,,goals+assists-nan-game-ou-under,,
NYI@TOR,William Nylander,TOR,f2,PP1,A,over,0.5,fanduel,116,False,0.6429644416952655,0.5629542551031987,0.4742683889917386,0.4304759432471389,17.72223436993845,2000.8358333333333,,"draftkings@0.5,pinnacle@0.5,sgo_fair@0.5",1.1144430424849077,0.4629629629629629,0.4479929215449788,-0.0149700414179841,-0.0323352894628456,0.0437924457445997,123,136.0,pass,2026-09-30T22:56:39+00:00,sgo_slate_alt_20260930T225639Z.json,williamnylander,1.0,0.0,0.0,0.0,17:29,0.0,True,0.0,2.16,-1.0,,assists-nan-game-ou-over,,
LAK@COL,Sam Malinski,COL,d2,-,PTS,over,0.5,draftkings,195,False,0.4188889421605983,0.3831521371393304,0.3422227574691306,0.318290821887944,18.56353628800918,1990.1658333333328,,draftkings@0.5,1.0472579744117947,0.3389830508474576,0.3278635961204187,-0.0111194547270389,-0.0328023914447647,0.0239319355811866,205,230.0,pass,2026-09-30T22:56:39+00:00,sgo_slate_alt_20260930T225639Z.json,sammalinski,2.0,0.0,0.0,0.0,14:27,0.0,True,0.0,2.95,-1.0,,goals+assists-nan-game-ou-over,,
NYI@TOR,Emil Heineman,NYI,f3,-,SOG,over,0.5,draftkings,-575,True,1.81017411479442,1.8036624974711064,0.8245185149107075,0.8234585835753927,14.394946163178648,1680.3591666666666,,"draftkings@1.5,sgo_fair@1.5",1.049054075237431,0.8518518518518519,0.8238825561095187,-0.0279692957423332,-0.0328335210888259,0.0010599313353147,-468,-397.0,pass,2026-09-30T22:56:39+00:00,sgo_slate_alt_20260930T225639Z.json,emilheineman,1.0,1.0,0.0,1.0,13:26,1.0,True,1.0,1.1739130434782608,0.17391304347826075,,shots_onGoal-nan-game-ou-over,,
LAK@COL,Brandt Clarke,LAK,d2,PP1,PTS,under,0.5,draftkings,-160,False,0.4555741845183585,0.5636011462404565,0.634083782312211,0.5691557558262386,19.37295046968403,2195.145,,"draftkings@0.5,sgo_fair@0.5",1.0472579744117947,0.6153846153846154,0.5951269664206276,-0.0202576489639878,-0.0329186795664802,0.0649280264859724,-147,-133.0,pass,2026-09-30T22:56:39+00:00,sgo_slate_alt_20260930T225639Z.json,brandtclarke,1.0,0.0,0.0,0.0,18:57,0.0,True,1.0,1.625,0.625,,goals+assists-nan-game-ou-under,,
PIT@PHI,Owen Tippett,PHI,f1,PP2,A,over,0.5,draftkings,225,False,0.3466471605610556,0.3574582934724719,0.2929452389445088,0.3005481299569152,17.293983282893787,1918.3983333333333,,"draftkings@0.5,pinnacle@0.5,sgo_fair@0.5",1.1144430424849077,0.3076923076923077,0.2975069735519526,-0.010185334140355,-0.0331023359561538,-0.0076028910124064,236,267.0,pass,2026-09-30T22:56:39+00:00,sgo_slate_alt_20260930T225639Z.json,owentippett,4.0,0.0,0.0,0.0,14:11,0.0,True,0.0,3.25,-1.0,OWEN_TIPPETT_1_NHL,assists-OWEN_TIPPETT_1_NHL-game-ou-over,225.0,0.0
PIT@PHI,Owen Tippett,PHI,f1,PP2,A,over,0.5,draftkings,225,False,0.3466471605610556,0.3574582934724719,0.2929452389445088,0.3005481299569152,17.293983282893787,1918.3983333333333,,"draftkings@0.5,pinnacle@0.5,sgo_fair@0.5",1.1144430424849077,0.3076923076923077,0.2975069735519526,-0.010185334140355,-0.0331023359561538,-0.0076028910124064,236,267.0,pass,2026-09-30T22:56:39+00:00,sgo_slate_alt_20260930T225639Z.json,owentippett,4.0,0.0,0.0,0.0,14:11,0.0,True,0.0,3.25,-1.0,OWEN_TIPPETT_1_NHL,assists-OWEN_TIPPETT_1_NHL-game-ou-over,250.0,-0.02197802197802201
LAK@COL,Mats Zuccarello,LAK,f2,PP1,SOG,over,1.5,fanduel,-146,False,1.9793931685884407,1.9586806431344597,0.576962899780844,0.5715115234570536,17.496636128076993,1710.3441666666663,,"draftkings@1.5,fanduel@1.5,pinnacle@1.5,sgo_fair@2.5",1.049054075237431,0.5934959349593496,0.5736920739865697,-0.0198038609727798,-0.0333681493103003,0.0054513763237904,-135,-122.0,pass,2026-09-30T22:56:39+00:00,sgo_slate_alt_20260930T225639Z.json,matszuccarello,0.0,0.0,0.0,0.0,17:59,0.0,True,0.0,1.6849315068493151,-1.0,,shots_onGoal-nan-game-ou-over,,
LAK@COL,Martin Necas,COL,f1,PP1,SOG,under,2.5,draftkings,-105,False,2.556363088540212,2.8628088231689897,0.5371494283897753,0.4668189295940649,19.35776089828269,2352.2475,,"draftkings@2.5,fanduel@2.5,pinnacle@2.5,sgo_fair@3.5",1.049054075237431,0.5121951219512195,0.494951129112349,-0.0172439928388704,-0.0336668431616042,0.0703304987957104,102,113.0,pass,2026-09-30T22:56:39+00:00,sgo_slate_alt_20260930T225639Z.json,martinnecas,4.0,0.0,1.0,1.0,19:11,4.0,True,0.0,1.9523809523809523,-1.0,,shots_onGoal-nan-game-ou-under,,
PIT@PHI,Trevor Zegras,PHI,f1,PP1,SOG,over,2.5,draftkings,200,True,2.175144573449077,1.8772992790423828,0.3682849477242504,0.2913122454974509,18.15746991717456,1953.2883333333332,,"draftkings@1.5,fanduel@1.5,pinnacle@1.5,sgo_fair@1.5",1.049054075237431,0.3333333333333333,0.3221013263881707,-0.0112320069451625,-0.0336960208354877,0.0769727022267994,210,237.0,pass,2026-09-30T22:56:39+00:00,sgo_slate_alt_20260930T225639Z.json,trevorzegras,1.0,0.0,0.0,0.0,16:25,1.0,True,0.0,3.0,-1.0,TREVOR_ZEGRAS_1_NHL,shots_onGoal-TREVOR_ZEGRAS_1_NHL-game-ou-over,200.0,0.0
PIT@PHI,Trevor Zegras,PHI,f1,PP1,SOG,over,2.5,draftkings,200,True,2.175144573449077,1.8772992790423828,0.3682849477242504,0.2913122454974509,18.15746991717456,1953.2883333333332,,"draftkings@1.5,fanduel@1.5,pinnacle@1.5,sgo_fair@1.5",1.049054075237431,0.3333333333333333,0.3221013263881707,-0.0112320069451625,-0.0336960208354877,0.0769727022267994,210,237.0,pass,2026-09-30T22:56:39+00:00,sgo_slate_alt_20260930T225639Z.json,trevorzegras,1.0,0.0,0.0,0.0,16:25,1.0,True,0.0,3.0,-1.0,TREVOR_ZEGRAS_1_NHL,shots_onGoal-TREVOR_ZEGRAS_1_NHL-game-ou-over,230.0,-0.030303030303030276
LAK@COL,Cale Makar,COL,d1,PP1,A,over,1.5,fanduel,310,True,0.8576926868526407,0.9650953990367924,0.2120790095776779,0.2514030859130525,23.81464714714715,2789.351666666667,,"draftkings@0.5,pinnacle@0.5,sgo_fair@1.0",1.1144430424849077,0.2439024390243902,0.2356734553789027,-0.0082289836454875,-0.033738832946499,-0.0393240763353745,324,375.0,pass,2026-09-30T22:56:39+00:00,sgo_slate_alt_20260930T225639Z.json,calemakar,1.0,0.0,2.0,2.0,18:14,2.0,True,1.0,4.1,3.0999999999999996,,assists-nan-game-ou-over,,
NYI@TOR,John Tavares,TOR,f2,PP1,SOG,over,0.5,fanduel,-1200,True,2.490911008597741,2.248941772184448,0.9056679091627589,0.8826132487882229,17.08891862955032,2122.2625,,"draftkings@2.5,fanduel@2.5,pinnacle@2.5,sgo_fair@2.5",1.049054075237431,0.9230769230769232,0.8918351129380373,-0.0312418101388858,-0.0338452943171263,0.0230546603745359,-825,-651.0,pass,2026-09-30T22:56:39+00:00,sgo_slate_alt_20260930T225639Z.json,johntavares,1.0,0.0,0.0,0.0,16:58,1.0,True,1.0,1.0833333333333333,0.08333333333333326,,shots_onGoal-nan-game-ou-over,,
NYI@TOR,Brayden Schenn,NYI,f2,PP1,SOG,over,0.5,fanduel,-590,True,1.7653238148340504,1.8578812795063333,0.8170808301369338,0.8320840573010704,16.50940975192472,1989.5,,"draftkings@1.5,fanduel@1.5,pinnacle@1.5,sgo_fair@2.0",1.049054075237431,0.855072463768116,0.8260827664354158,-0.0289896973327001,-0.0339032053551917,-0.0150032271641366,-475,-403.0,pass,2026-09-30T22:56:39+00:00,sgo_slate_alt_20260930T225639Z.json,braydenschenn,1.0,0.0,0.0,0.0,14:27,1.0,True,1.0,1.1694915254237288,0.1694915254237288,,shots_onGoal-nan-game-ou-over,,
NYI@TOR,John Tavares,TOR,f2,PP1,SOG,over,2.5,draftkings,135,False,2.490911008597741,2.248941772184448,0.4471029333589642,0.3870630704962462,17.08891862955032,2122.2625,,"draftkings@2.5,fanduel@2.5,pinnacle@2.5,sgo_fair@2.5",1.049054075237431,0.425531914893617,0.4110790156413334,-0.0144528992522836,-0.0339643132428664,0.060039862862718,143,159.0,pass,2026-09-30T22:56:39+00:00,sgo_slate_alt_20260930T225639Z.json,johntavares,1.0,0.0,0.0,0.0,16:58,1.0,True,0.0,2.35,-1.0,,shots_onGoal-nan-game-ou-over,,
PIT@PHI,Egor Chinakhov,PIT,f2,PP1,SOG,over,0.5,draftkings,-1000,True,2.047991151939787,2.32978944517645,0.8590069861717198,0.8909095420525153,14.739930555555556,970.55,,"draftkings@2.5,sgo_fair@2.5",1.049054075237431,0.9090909090909092,0.878148519700197,-0.030942389390712,-0.0340366283297831,-0.0319025558807954,-721,-581.0,pass,2026-09-30T22:56:39+00:00,sgo_slate_alt_20260930T225639Z.json,egorchinakhov,3.0,1.0,0.0,1.0,16:58,3.0,True,1.0,1.1,0.10000000000000009,,shots_onGoal-nan-game-ou-over,,
LAK@COL,Erik Haula,LAK,f3,PP2,A,under,0.5,draftkings,-400,False,0.2258129170026772,0.2801123719563034,0.797867355120109,0.7556988173297903,14.81408969210174,1807.1625,,"draftkings@0.5,sgo_fair@0.5",1.1144430424849077,0.8,0.7725662324459177,-0.0274337675540823,-0.0342922094426028,0.0421685377903187,-340,-296.0,pass,2026-09-30T22:56:39+00:00,sgo_slate_alt_20260930T225639Z.json,erikhaula,3.0,0.0,1.0,1.0,15:26,1.0,True,0.0,1.25,-1.0,,assists-nan-game-ou-under,,
PIT@PHI,Matvei Michkov,PHI,f3,PP1,A,over,0.5,draftkings,170,False,0.4565116931723393,0.4332479850835946,0.3665103981528717,0.3516003215823157,14.45386396011396,1802.7041666666669,,"draftkings@0.5,sgo_fair@0.5",1.1144430424849077,0.3703703703703703,0.3575643522105381,-0.0128060181598321,-0.0345762490315468,0.0149100765705559,180,201.0,pass,2026-09-30T22:56:39+00:00,sgo_slate_alt_20260930T225639Z.json,matveimichkov,1.0,0.0,0.0,0.0,15:47,0.0,True,0.0,2.7,-1.0,MATVEI_MICHKOV_1_NHL,assists-MATVEI_MICHKOV_1_NHL-game-ou-over,165.0,0.006988120195667469
PIT@PHI,Matvei Michkov,PHI,f3,PP1,A,over,0.5,draftkings,170,False,0.4565116931723393,0.4332479850835946,0.3665103981528717,0.3516003215823157,14.45386396011396,1802.7041666666669,,"draftkings@0.5,sgo_fair@0.5",1.1144430424849077,0.3703703703703703,0.3575643522105381,-0.0128060181598321,-0.0345762490315468,0.0149100765705559,180,201.0,pass,2026-09-30T22:56:39+00:00,sgo_slate_alt_20260930T225639Z.json,matveimichkov,1.0,0.0,0.0,0.0,15:47,0.0,True,0.0,2.7,-1.0,MATVEI_MICHKOV_1_NHL,assists-MATVEI_MICHKOV_1_NHL-game-ou-over,240.0,-0.07625272331154676
NYI@TOR,Darren Raddysh,TOR,d1,PP1,SOG,over,3.5,fanduel,250,True,2.705706027404084,2.5881644153857963,0.2905225367688389,0.2659675296689752,21.772137732023086,2248.580833333333,,"draftkings@2.5,fanduel@2.5,pinnacle@2.5,sgo_fair@2.5",1.049054075237431,0.2857142857142857,0.2757895325089207,-0.009924753205365,-0.0347366362187775,0.0245550070998636,263,299.0,pass,2026-09-30T22:56:39+00:00,sgo_slate_alt_20260930T225639Z.json,darrenraddysh,4.0,0.0,0.0,0.0,20:36,4.0,True,1.0,3.5,2.5,,shots_onGoal-nan-game-ou-over,,
NYI@TOR,Morgan Rielly,TOR,d1,PP2,SOG,over,1.5,draftkings,-110,False,1.8528291404701855,1.6403602041903742,0.5427814650363847,0.4807508715968997,21.86003738855335,2459.4066666666668,,"draftkings@1.5,sgo_fair@1.5",1.049054075237431,0.5238095238095238,0.5055631089726937,-0.01824641483683,-0.0348340646884937,0.0620305934394849,-102,108.0,pass,2026-09-30T22:56:39+00:00,sgo_slate_alt_20260930T225639Z.json,morganrielly,1.0,0.0,1.0,1.0,19:49,1.0,True,0.0,1.9090909090909092,-1.0,,shots_onGoal-nan-game-ou-over,,
LAK@COL,Brandt Clarke,LAK,d2,PP1,SOG,over,2.5,fanduel,215,True,1.905935235202562,1.9549146873457488,0.2987463247839229,0.3114620308103623,19.37295046968403,2195.145,,"draftkings@1.5,fanduel@1.5,pinnacle@1.5,sgo_fair@1.5",1.049054075237431,0.3174603174603174,0.3063757483997865,-0.0110845690605309,-0.0349163925406724,-0.0127157060264394,226,255.0,pass,2026-09-30T22:56:39+00:00,sgo_slate_alt_20260930T225639Z.json,brandtclarke,1.0,0.0,0.0,0.0,18:57,1.0,True,0.0,3.15,-1.0,,shots_onGoal-nan-game-ou-over,,
LAK@COL,Martin Necas,COL,f1,PP1,A,over,0.5,draftkings,-120,False,0.8244862179959197,0.6990938970844605,0.5615397924315846,0.5029645349015739,19.35776089828269,2352.2475,,"draftkings@0.5,pinnacle@0.5,sgo_fair@0.5",1.1144430424849077,0.5454545454545454,0.5263946379135782,-0.0190599075409672,-0.0349431638251065,0.0585752575300106,-111,-101.0,pass,2026-09-30T22:56:39+00:00,sgo_slate_alt_20260930T225639Z.json,martinnecas,4.0,0.0,1.0,1.0,19:11,1.0,True,1.0,1.8333333333333335,0.8333333333333335,,assists-nan-game-ou-over,,
LAK@COL,Artturi Lehkonen,COL,f1,PP2,SOG,over,1.5,draftkings,-180,False,2.166314040625648,2.143388850597425,0.623654987876759,0.6181689657726868,18.532657100445324,1926.55,,"draftkings@1.5,sgo_fair@2.0",1.049054075237431,0.6428571428571429,0.6203633746143157,-0.0224937682428272,-0.0349903061555089,0.0054860221040722,-163,-147.0,pass,2026-09-30T22:56:39+00:00,sgo_slate_alt_20260930T225639Z.json,artturilehkonen,3.0,2.0,0.0,2.0,19:27,3.0,True,1.0,1.5555555555555556,0.5555555555555556,,shots_onGoal-nan-game-ou-over,,
LAK@COL,Brock Nelson,COL,f2,PP2,SOG,over,2.5,draftkings,165,True,2.171272883197039,2.149457824821926,0.3672950591630116,0.3617096004351168,17.712678062678066,2272.766666666667,,"draftkings@1.5,fanduel@1.5,pinnacle@2.5,sgo_fair@2.0",1.049054075237431,0.3773584905660377,0.3639437839262747,-0.013414706639763,-0.0355489725953719,0.0055854587278947,175,195.0,pass,2026-09-30T22:56:39+00:00,sgo_slate_alt_20260930T225639Z.json,brocknelson,1.0,1.0,2.0,3.0,19:14,1.0,True,0.0,2.65,-1.0,,shots_onGoal-nan-game-ou-over,,
PIT@PHI,Sidney Crosby,PIT,f1,PP1,SOG,over,1.5,draftkings,-220,True,2.4079852528441497,2.295439573681033,0.6775154013876803,0.6533236293093161,18.813389423076924,2041.185,,"draftkings@2.5,fanduel@2.5,pinnacle@2.5,sgo_fair@2.5",1.049054075237431,0.6875,0.6630003381406617,-0.0244996618593382,-0.035635871795401,0.0241917720783642,-197,-176.0,pass,2026-09-30T22:56:39+00:00,sgo_slate_alt_20260930T225639Z.json,sidneycrosby,3.0,0.0,1.0,1.0,17:39,3.0,True,1.0,1.4545454545454546,0.4545454545454546,,shots_onGoal-nan-game-ou-over,,
PIT@PHI,Matvei Michkov,PHI,f3,PP1,G,over,1.5,fanduel,2700,True,0.2989256000805665,0.2815494979305065,0.0366978321666017,0.032925367281218,14.45386396011396,1802.7041666666669,,"fanduel@0.5,pinnacle@0.5,sgo_fair@0.5",1.0777230155902748,0.0357142857142857,0.0344343532353715,-0.0012799324789141,-0.0358381094095971,0.0037724648853837,2804,10500.0,pass,2026-09-30T22:56:39+00:00,sgo_slate_alt_20260930T225639Z.json,matveimichkov,1.0,0.0,0.0,0.0,15:47,0.0,True,0.0,28.0,-1.0,MATVEI_MICHKOV_1_NHL,points-MATVEI_MICHKOV_1_NHL-game-ou-over,2500.0,0.0027472527472527652
PIT@PHI,Matvei Michkov,PHI,f3,PP1,G,over,1.5,fanduel,2700,True,0.2989256000805665,0.2815494979305065,0.0366978321666017,0.032925367281218,14.45386396011396,1802.7041666666669,,"fanduel@0.5,pinnacle@0.5,sgo_fair@0.5",1.0777230155902748,0.0357142857142857,0.0344343532353715,-0.0012799324789141,-0.0358381094095971,0.0037724648853837,2804,10500.0,pass,2026-09-30T22:56:39+00:00,sgo_slate_alt_20260930T225639Z.json,matveimichkov,1.0,0.0,0.0,0.0,15:47,0.0,True,0.0,28.0,-1.0,MATVEI_MICHKOV_1_NHL,points-MATVEI_MICHKOV_1_NHL-game-ou-over,3500.0,-0.007936507936507922
LAK@COL,Trevor Moore,LAK,f3,PP2,SOG,over,2.5,draftkings,190,True,1.9496769198651105,2.093677665891229,0.3101025758633409,0.3473723323528498,15.137832260194816,1693.503333333333,,"draftkings@1.5,sgo_fair@2.0",1.049054075237431,0.3448275862068966,0.3324644297570462,-0.0123631564498503,-0.0358531537045658,-0.0372697564895088,201,225.0,pass,2026-09-30T22:56:39+00:00,sgo_slate_alt_20260930T225639Z.json,trevormoore,2.0,1.0,0.0,1.0,14:56,2.0,True,0.0,2.9,-1.0,,shots_onGoal-nan-game-ou-over,,
LAK@COL,Brandt Clarke,LAK,d2,PP1,SOG,over,0.5,draftkings,-700,True,1.905935235202562,1.9549146873457488,0.8393607268122859,0.8464392004163555,19.37295046968403,2195.145,,"draftkings@1.5,fanduel@1.5,pinnacle@1.5,sgo_fair@1.5",1.049054075237431,0.875,0.8436078109747277,-0.0313921890252723,-0.0358767874574541,-0.0070784736040695,-539,-451.0,pass,2026-09-30T22:56:39+00:00,sgo_slate_alt_20260930T225639Z.json,brandtclarke,1.0,0.0,0.0,0.0,18:57,1.0,True,1.0,1.1428571428571428,0.1428571428571428,,shots_onGoal-nan-game-ou-over,,
NYI@TOR,Emil Heineman,NYI,f3,-,SOG,over,1.5,fanduel,-122,False,1.81017411479442,1.8036624974711064,0.5307927388284289,0.5289418471744759,14.394946163178648,1680.3591666666666,,"draftkings@1.5,sgo_fair@1.5",1.049054075237431,0.5495495495495496,0.5296822038360571,-0.0198673457134924,-0.0361520553147156,0.001850891653953,-113,-102.0,pass,2026-09-30T22:56:39+00:00,sgo_slate_alt_20260930T225639Z.json,emilheineman,1.0,1.0,0.0,1.0,13:26,1.0,True,0.0,1.819672131147541,-1.0,,shots_onGoal-nan-game-ou-over,,
LAK@COL,Artemi Panarin,LAK,f1,PP1,SOG,over,2.5,fanduel,104,False,2.719170564441844,2.517018793316034,0.5009494083002708,0.45341236826297,19.238125,2334.2925,,"draftkings@2.5,fanduel@2.5,pinnacle@2.5,sgo_fair@2.5",1.049054075237431,0.4901960784313725,0.4724271842778903,-0.0177688941534822,-0.0362485440731037,0.0475370400373008,112,124.0,pass,2026-09-30T22:56:39+00:00,sgo_slate_alt_20260930T225639Z.json,artemipanarin,2.0,1.0,0.0,1.0,20:16,2.0,True,0.0,2.04,-1.0,,shots_onGoal-nan-game-ou-over,,
NYI@TOR,John Tavares,TOR,f2,PP1,PTS,over,0.5,draftkings,-135,False,0.8807873380757878,0.7590722915246227,0.5855435341694839,0.5318995135729351,17.08891862955032,2122.2625,,"draftkings@0.5,sgo_fair@0.5",1.0472579744117947,0.574468085106383,0.5533571218115546,-0.0211109632948284,-0.0367487138835901,0.0536440205965488,-124,-112.0,pass,2026-09-30T22:56:39+00:00,sgo_slate_alt_20260930T225639Z.json,johntavares,1.0,0.0,0.0,0.0,16:58,0.0,True,0.0,1.7407407407407407,-1.0,,goals+assists-nan-game-ou-over,,
NYI@TOR,William Nylander,TOR,f2,PP1,A,over,0.5,draftkings,115,False,0.6429644416952655,0.5629542551031987,0.4742683889917386,0.4304759432471389,17.72223436993845,2000.8358333333333,,"draftkings@0.5,pinnacle@0.5,sgo_fair@0.5",1.1144430424849077,0.4651162790697674,0.4479929215449788,-0.0171233575247886,-0.0368152186782955,0.0437924457445997,123,136.0,pass,2026-09-30T22:56:39+00:00,sgo_slate_alt_20260930T225639Z.json,williamnylander,1.0,0.0,0.0,0.0,17:29,0.0,True,0.0,2.15,-1.0,,assists-nan-game-ou-over,,
PIT@PHI,Rickard Rakell,PIT,f1,PP1,SOG,over,3.5,draftkings,290,True,2.557960635509841,2.454728443435274,0.259699984378872,0.238456144268788,18.540236737515123,1840.311666666667,,"draftkings@2.5,fanduel@2.5,pinnacle@2.5,sgo_fair@2.5",1.049054075237431,0.2564102564102564,0.2469536803128216,-0.0094565760974347,-0.0368806467799954,0.0212438401100839,305,351.0,pass,2026-09-30T22:56:39+00:00,sgo_slate_alt_20260930T225639Z.json,rickardrakell,2.0,0.0,1.0,1.0,18:32,2.0,True,0.0,3.9,-1.0,,shots_onGoal-nan-game-ou-over,,
PIT@PHI,Owen Tippett,PHI,f1,PP2,SOG,over,4.5,fanduel,550,True,2.824634523713833,2.618038418092319,0.1667639884277149,0.135759557896502,17.293983282893787,1918.3983333333333,,"draftkings@2.5,fanduel@2.5,pinnacle@2.5,sgo_fair@2.5",1.049054075237431,0.1538461538461538,0.1481613301089872,-0.0056848237371666,-0.0369513542915829,0.0310044305312128,575,712.0,pass,2026-09-30T22:56:39+00:00,sgo_slate_alt_20260930T225639Z.json,owentippett,4.0,0.0,0.0,0.0,14:11,4.0,True,0.0,6.5,-1.0,OWEN_TIPPETT_1_NHL,shots_onGoal-OWEN_TIPPETT_1_NHL-game-ou-over,600.0,-0.01098901098901095
PIT@PHI,Owen Tippett,PHI,f1,PP2,SOG,over,4.5,fanduel,550,True,2.824634523713833,2.618038418092319,0.1667639884277149,0.135759557896502,17.293983282893787,1918.3983333333333,,"draftkings@2.5,fanduel@2.5,pinnacle@2.5,sgo_fair@2.5",1.049054075237431,0.1538461538461538,0.1481613301089872,-0.0056848237371666,-0.0369513542915829,0.0310044305312128,575,712.0,pass,2026-09-30T22:56:39+00:00,sgo_slate_alt_20260930T225639Z.json,owentippett,4.0,0.0,0.0,0.0,14:11,4.0,True,0.0,6.5,-1.0,OWEN_TIPPETT_1_NHL,shots_onGoal-OWEN_TIPPETT_1_NHL-game-ou-over,600.0,-0.01098901098901095
NYI@TOR,Auston Matthews,TOR,f1,PP1,SOG,over,1.5,fanduel,-850,True,3.7442061530497432,3.6315658225880094,0.8678937687855287,0.857362025078089,19.35674712013165,1888.035,,"draftkings@3.5,fanduel@3.5,pinnacle@3.5,sgo_fair@3.5",1.049054075237431,0.8947368421052632,0.8615747225610648,-0.0331621195441983,-0.0370635453729275,0.0105317437074397,-622,-512.0,pass,2026-09-30T22:56:39+00:00,sgo_slate_alt_20260930T225639Z.json,austonmatthews,1.0,0.0,0.0,0.0,20:04,1.0,True,0.0,1.1176470588235294,-1.0,,shots_onGoal-nan-game-ou-over,,
NYI@TOR,Darren Raddysh,TOR,d1,PP1,SOG,over,2.5,fanduel,100,False,2.705706027404084,2.5881644153857963,0.4978597571802653,0.4704158365693176,21.772137732023086,2248.580833333333,,"draftkings@2.5,fanduel@2.5,pinnacle@2.5,sgo_fair@2.5",1.049054075237431,0.5,0.4813934048136967,-0.0186065951863033,-0.0372131903726066,0.0274439206109476,108,119.0,pass,2026-09-30T22:56:39+00:00,sgo_slate_alt_20260930T225639Z.json,darrenraddysh,4.0,0.0,0.0,0.0,20:36,4.0,True,1.0,2.0,1.0,,shots_onGoal-nan-game-ou-over,,
LAK@COL,Gabriel Landeskog,COL,f2,PP1,SOG,under,2.5,draftkings,-155,False,2.2425249497046167,2.43859091751729,0.6145624889783436,0.5656483864075874,16.206805555555555,984.8166666666668,,"draftkings@2.5,sgo_fair@2.5",1.049054075237431,0.6078431372549019,0.5852140274358899,-0.022629109819012,-0.0372285355086973,0.0489141025707562,-141,-127.0,pass,2026-09-30T22:56:39+00:00,sgo_slate_alt_20260930T225639Z.json,gabriellandeskog,1.0,1.0,0.0,1.0,17:52,1.0,True,1.0,1.6451612903225805,0.6451612903225805,,shots_onGoal-nan-game-ou-under,,
PIT@PHI,Rickard Rakell,PIT,f1,PP1,SOG,over,1.5,fanduel,-260,True,2.557960635509841,2.454728443435274,0.7074347745960097,0.6871193717511638,18.540236737515123,1840.311666666667,,"draftkings@2.5,fanduel@2.5,pinnacle@2.5,sgo_fair@2.5",1.049054075237431,0.7222222222222222,0.6952455328891021,-0.0269766893331201,-0.0373523390766279,0.0203154028448458,-228,-203.0,pass,2026-09-30T22:56:39+00:00,sgo_slate_alt_20260930T225639Z.json,rickardrakell,2.0,0.0,1.0,1.0,18:32,2.0,True,1.0,1.3846153846153846,0.3846153846153846,,shots_onGoal-nan-game-ou-over,,
PIT@PHI,Rickard Rakell,PIT,f1,PP1,SOG,over,0.5,fanduel,-1600,True,2.557960635509841,2.454728443435274,0.9111800234845724,0.9025459588367368,18.540236737515123,1840.311666666667,,"draftkings@2.5,fanduel@2.5,pinnacle@2.5,sgo_fair@2.5",1.049054075237431,0.9411764705882352,0.905999584695871,-0.0351768858923642,-0.0373754412606369,0.0086340646478355,-964,-740.0,pass,2026-09-30T22:56:39+00:00,sgo_slate_alt_20260930T225639Z.json,rickardrakell,2.0,0.0,1.0,1.0,18:32,2.0,True,1.0,1.0625,0.0625,,shots_onGoal-nan-game-ou-over,,
LAK@COL,Adrian Kempe,LAK,f1,PP1,SOG,over,2.5,fanduel,-118,False,2.724080635461652,2.864901153745354,0.5020732573861634,0.5336404952478936,18.62954093940684,2261.9791666666665,,"draftkings@2.5,fanduel@2.5,pinnacle@2.5,sgo_fair@3.0",1.049054075237431,0.5412844036697247,0.5210136001032015,-0.0202708035665232,-0.0374494506567971,-0.0315672378617302,-109,102.0,pass,2026-09-30T22:56:39+00:00,sgo_slate_alt_20260930T225639Z.json,adriankempe,3.0,0.0,0.0,0.0,19:23,3.0,True,1.0,1.847457627118644,0.847457627118644,,shots_onGoal-nan-game-ou-over,,
LAK@COL,Nathan MacKinnon,COL,f1,PP1,SOG,over,4.5,fanduel,148,True,3.989658001380116,4.1680332538125455,0.3688575532402102,0.400794713621994,20.211023366508,2590.8675,,"draftkings@3.5,fanduel@3.5,pinnacle@3.5,sgo_fair@4.0",1.049054075237431,0.4032258064516129,0.3880198494692805,-0.0152059569823324,-0.0377107733161844,-0.0319371603817837,158,175.0,pass,2026-09-30T22:56:39+00:00,sgo_slate_alt_20260930T225639Z.json,nathanmackinnon,8.0,2.0,0.0,2.0,17:44,8.0,True,1.0,2.48,1.48,,shots_onGoal-nan-game-ou-over,,
NYI@TOR,Matias Maccelli,NYI,f2,PP1,A,over,0.5,fanduel,200,False,0.3714301901181298,0.3970440323597065,0.3102528446841134,0.3276955781692348,15.174308093994778,1373.88,,"draftkings@0.5,pinnacle@0.5,sgo_fair@0.5",1.1144430424849077,0.3333333333333333,0.3207184847751862,-0.012614848558147,-0.0378445456744414,-0.0174427334851213,212,238.0,pass,2026-09-30T22:56:39+00:00,sgo_slate_alt_20260930T225639Z.json,matiasmaccelli,1.0,0.0,0.0,0.0,17:39,0.0,True,0.0,3.0,-1.0,,assists-nan-game-ou-over,,
LAK@COL,Alex Turcotte,LAK,f2,PP2,PTS,under,0.5,draftkings,-270,False,0.3129555047397701,0.3818017278357737,0.7312824504479202,0.6826303863926215,13.5633279337653,1030.3283333333334,,"draftkings@0.5,sgo_fair@0.5",1.0472579744117947,0.7297297297297297,0.702091212014741,-0.0276385177149887,-0.0378750057575771,0.0486520640552986,-236,-210.0,pass,2026-09-30T22:56:39+00:00,sgo_slate_alt_20260930T225639Z.json,alexturcotte,1.0,0.0,1.0,1.0,15:35,1.0,True,0.0,1.3703703703703702,-1.0,,goals+assists-nan-game-ou-under,,
LAK@COL,Alex Laferriere,LAK,f2,PP2,SOG,over,1.5,draftkings,-225,True,2.3035064479336302,2.388241175899168,0.6551086164266715,0.6733813269244511,16.89103086155165,2074.2775,,"draftkings@2.5,sgo_fair@2.5",1.049054075237431,0.6923076923076923,0.6660722427253393,-0.026235449582353,-0.0378956493967321,-0.0182727104977795,-199,-179.0,pass,2026-09-30T22:56:39+00:00,sgo_slate_alt_20260930T225639Z.json,alexlaferriere,2.0,0.0,2.0,2.0,15:31,2.0,True,1.0,1.4444444444444444,0.4444444444444444,,shots_onGoal-nan-game-ou-over,,
NYI@TOR,Kyle Palmieri,NYI,f1,PP1,SOG,over,2.5,fanduel,112,False,2.5751143695879755,2.481071999455715,0.4673183248130064,0.4447157693670416,18.330910070005388,1155.1666666666667,,"draftkings@2.5,fanduel@2.5,pinnacle@2.5,sgo_fair@2.5",1.049054075237431,0.4716981132075472,0.4537567915454276,-0.0179413216621195,-0.0380356019236934,0.0226025554459648,120,133.0,pass,2026-09-30T22:56:39+00:00,sgo_slate_alt_20260930T225639Z.json,kylepalmieri,4.0,0.0,0.0,0.0,18:35,4.0,True,1.0,2.12,1.12,,shots_onGoal-nan-game-ou-over,,
LAK@COL,Drew Doughty,LAK,d1,PP2,A,over,0.5,draftkings,280,False,0.267057565180265,0.308663594833029,0.2343710033744088,0.2655722062215054,22.876091617933724,1988.0616666666667,,"draftkings@0.5,sgo_fair@0.5",1.1144430424849077,0.2631578947368421,0.2530917250826668,-0.0100661696541752,-0.0382514446858661,-0.0312012028470966,295,338.0,pass,2026-09-30T22:56:39+00:00,sgo_slate_alt_20260930T225639Z.json,drewdoughty,1.0,0.0,1.0,1.0,22:41,1.0,True,1.0,3.8,2.8,,assists-nan-game-ou-over,,
LAK@COL,Trevor Moore,LAK,f3,PP2,G,over,1.5,fanduel,5000,False,0.1986561330370293,0.2140329632439011,0.0173036353047509,0.0198847560710632,15.137832260194816,1693.503333333333,,sgo_fair@0.5,1.0777230155902748,0.0196078431372549,0.0188523077645383,-0.0007555353727165,-0.0385323040085453,-0.0025811207663123,5204,,pass,2026-09-30T22:56:39+00:00,sgo_slate_alt_20260930T225639Z.json,trevormoore,2.0,1.0,0.0,1.0,14:56,1.0,True,0.0,51.0,-1.0,,points-nan-game-ou-over,,
PIT@PHI,Tommy Novak,PIT,f2,PP1,SOG,over,0.5,draftkings,-575,True,1.7358105722211197,1.8018267099676777,0.8120074266894018,0.823158555095348,15.020621668234558,1492.5841666666668,,"draftkings@1.5,sgo_fair@1.5",1.049054075237431,0.8518518518518519,0.8186981037329695,-0.0331537481188823,-0.0389196173569489,-0.0111511284059461,-452,-385.0,pass,2026-09-30T22:56:39+00:00,sgo_slate_alt_20260930T225639Z.json,tommynovak,0.0,0.0,1.0,1.0,16:04,0.0,True,0.0,1.1739130434782608,-1.0,,shots_onGoal-nan-game-ou-over,,
PIT@PHI,Erik Karlsson,PIT,d1,PP1,SOG,over,1.5,draftkings,-205,True,2.26391480239126,2.260387999371989,0.6462714239374878,0.6454748483010556,22.99009532320524,2627.4333333333334,,"draftkings@2.5,fanduel@2.5,pinnacle@2.5,sgo_fair@2.5",1.049054075237431,0.6721311475409836,0.6457934785556285,-0.026337668985355,-0.0391853123928453,0.0007965756364322,-182,-164.0,pass,2026-09-30T22:56:39+00:00,sgo_slate_alt_20260930T225639Z.json,erikkarlsson,3.0,0.0,1.0,1.0,19:59,3.0,True,1.0,1.4878048780487805,0.4878048780487805,,shots_onGoal-nan-game-ou-over,,
NYI@TOR,Auston Matthews,TOR,f1,PP1,G,over,0.5,fanduel,150,False,0.5074794123494213,0.4703236671265999,0.3979889102608719,0.3751999916713779,19.35674712013165,1888.035,,"fanduel@0.5,pinnacle@0.5,sgo_fair@0.5",1.0777230155902748,0.4,0.3843155591071755,-0.0156844408928245,-0.0392111022320611,0.022788918589494,160,178.0,pass,2026-09-30T22:56:39+00:00,sgo_slate_alt_20260930T225639Z.json,austonmatthews,1.0,0.0,0.0,0.0,20:04,0.0,True,0.0,2.5,-1.0,,points-nan-game-ou-over,,
LAK@COL,Alex Laferriere,LAK,f2,PP2,G,over,0.5,fanduel,340,False,0.2514937545181477,0.2428807814914833,0.222361685679419,0.2156349809746318,16.89103086155165,2074.2775,,"fanduel@0.5,pinnacle@0.5,sgo_fair@0.5",1.0777230155902748,0.2272727272727272,0.2183256628565467,-0.0089470644161805,-0.0393670834311943,0.0067267047047871,358,417.0,pass,2026-09-30T22:56:39+00:00,sgo_slate_alt_20260930T225639Z.json,alexlaferriere,2.0,0.0,2.0,2.0,15:31,0.0,True,0.0,4.4,-1.0,,points-nan-game-ou-over,,
PIT@PHI,Sidney Crosby,PIT,f1,PP1,SOG,over,0.5,fanduel,-1300,True,2.4079852528441497,2.295439573681033,0.898352164686698,0.8874621578149833,18.813389423076924,2041.185,,"draftkings@2.5,fanduel@2.5,pinnacle@2.5,sgo_fair@2.5",1.049054075237431,0.9285714285714286,0.8918181605636692,-0.0367532680077593,-0.0395804424698946,0.0108900068717147,-824,-651.0,pass,2026-09-30T22:56:39+00:00,sgo_slate_alt_20260930T225639Z.json,sidneycrosby,3.0,0.0,1.0,1.0,17:39,3.0,True,1.0,1.0769230769230769,0.07692307692307687,,shots_onGoal-nan-game-ou-over,,
LAK@COL,Nathan MacKinnon,COL,f1,PP1,SOG,over,1.5,draftkings,-1400,True,3.989658001380116,4.1680332538125455,0.8882773650121085,0.9011157849892322,20.211023366508,2590.8675,,"draftkings@3.5,fanduel@3.5,pinnacle@3.5,sgo_fair@4.0",1.049054075237431,0.9333333333333332,0.8959804169983827,-0.0373529163349506,-0.0400209817874471,-0.0128384199771236,-861,-675.0,pass,2026-09-30T22:56:39+00:00,sgo_slate_alt_20260930T225639Z.json,nathanmackinnon,8.0,2.0,0.0,2.0,17:44,8.0,True,1.0,1.0714285714285714,0.0714285714285714,,shots_onGoal-nan-game-ou-over,,
LAK@COL,Brandt Clarke,LAK,d2,PP1,A,under,0.5,draftkings,-215,False,0.3935217214847194,0.4428110681182439,0.6746766624388935,0.6422285330715318,19.37295046968403,2195.145,,"draftkings@0.5,pinnacle@0.5,sgo_fair@0.5",1.1144430424849077,0.6825396825396826,0.6552077848184765,-0.027331897721206,-0.0400444082892088,0.0324481293673616,-190,-170.0,pass,2026-09-30T22:56:39+00:00,sgo_slate_alt_20260930T225639Z.json,brandtclarke,1.0,0.0,0.0,0.0,18:57,0.0,True,1.0,1.4651162790697674,0.4651162790697674,,assists-nan-game-ou-under,,
LAK@COL,Artemi Panarin,LAK,f1,PP1,SOG,over,0.5,fanduel,-2000,True,2.719170564441844,2.517018793316034,0.9230996101422424,0.9078555433289957,19.238125,2334.2925,,"draftkings@2.5,fanduel@2.5,pinnacle@2.5,sgo_fair@2.5",1.049054075237431,0.9523809523809524,0.9139531700542944,-0.038427782326658,-0.0403491714429908,0.0152440668132469,-1062,-801.0,pass,2026-09-30T22:56:39+00:00,sgo_slate_alt_20260930T225639Z.json,artemipanarin,2.0,1.0,0.0,1.0,20:16,2.0,True,1.0,1.05,0.050000000000000044,,shots_onGoal-nan-game-ou-over,,
LAK@COL,Joel Armia,LAK,f4,-,G,over,1.5,fanduel,10000,False,0.1380345319273715,0.1488627033713115,0.0086938403798819,0.0100394686025904,12.323272112131464,1463.46,,sgo_fair@0.5,1.0777230155902748,0.0099009900990099,0.009501217313507,-0.0003997727855028,-0.0403770513357871,-0.0013456282227085,10425,,pass,2026-09-30T22:56:39+00:00,sgo_slate_alt_20260930T225639Z.json,joelarmia,2.0,1.0,0.0,1.0,12:55,1.0,True,0.0,101.0,-1.0,,points-nan-game-ou-over,,
PIT@PHI,Tommy Novak,PIT,f2,PP1,A,under,0.5,draftkings,-275,False,0.3255327680769072,0.369139404543418,0.7221425166568924,0.6913290293247966,15.020621668234558,1492.5841666666668,,"draftkings@0.5,sgo_fair@0.5",1.1144430424849077,0.7333333333333333,0.7036544242576349,-0.0296789090756983,-0.0404712396486796,0.0308134873320958,-237,-211.0,pass,2026-09-30T22:56:39+00:00,sgo_slate_alt_20260930T225639Z.json,tommynovak,0.0,0.0,1.0,1.0,16:04,1.0,True,0.0,1.3636363636363638,-1.0,,assists-nan-game-ou-under,,
LAK@COL,Artemi Panarin,LAK,f1,PP1,A,over,1.5,draftkings,650,True,0.643416138264927,0.6009854740904411,0.1363943618911839,0.122225992512487,19.238125,2334.2925,,"draftkings@0.5,pinnacle@0.5,sgo_fair@0.5",1.1144430424849077,0.1333333333333333,0.1278933402639658,-0.0054399930693675,-0.0407999480202563,0.0141683693786969,682,872.0,pass,2026-09-30T22:56:39+00:00,sgo_slate_alt_20260930T225639Z.json,artemipanarin,2.0,1.0,0.0,1.0,20:16,0.0,True,0.0,7.5,-1.0,,assists-nan-game-ou-over,,
LAK@COL,Mats Zuccarello,LAK,f2,PP1,SOG,under,1.5,draftkings,125,False,1.9793931685884407,1.9586806431344597,0.4230371002191559,0.4284884765429464,17.496636128076993,1710.3441666666663,,"draftkings@1.5,fanduel@1.5,pinnacle@1.5,sgo_fair@2.5",1.049054075237431,0.4444444444444444,0.4263079260134302,-0.0181365184310141,-0.0408071664697818,-0.0054513763237904,135,149.0,pass,2026-09-30T22:56:39+00:00,sgo_slate_alt_20260930T225639Z.json,matszuccarello,0.0,0.0,0.0,0.0,17:59,0.0,True,1.0,2.25,1.25,,shots_onGoal-nan-game-ou-under,,
LAK@COL,Alex Laferriere,LAK,f2,PP2,PTS,under,0.5,draftkings,-170,False,0.4599351328517968,0.535385524051745,0.6313245964048868,0.5854435440651423,16.89103086155165,2074.2775,,"draftkings@0.5,sgo_fair@0.5",1.0472579744117947,0.6296296296296297,0.60379596500104,-0.0258336646285896,-0.0410299379395245,0.0458810523397444,-152,-137.0,pass,2026-09-30T22:56:39+00:00,sgo_slate_alt_20260930T225639Z.json,alexlaferriere,2.0,0.0,2.0,2.0,15:31,2.0,True,0.0,1.5882352941176472,-1.0,,goals+assists-nan-game-ou-under,,
NYI@TOR,William Nylander,TOR,f2,PP1,SOG,over,2.5,fanduel,-115,False,2.6257504995545338,2.8720520934455664,0.4792817851547738,0.5352084369905237,17.72223436993845,2000.8358333333333,,"draftkings@2.5,fanduel@2.5,pinnacle@2.5,sgo_fair@3.0",1.049054075237431,0.5348837209302325,0.5128377762562237,-0.0220459446740087,-0.04121633134706,-0.0559266518357498,-105,105.0,pass,2026-09-30T22:56:39+00:00,sgo_slate_alt_20260930T225639Z.json,williamnylander,1.0,0.0,0.0,0.0,17:29,1.0,True,0.0,1.8695652173913042,-1.0,,shots_onGoal-nan-game-ou-over,,
NYI@TOR,Darren Raddysh,TOR,d1,PP1,SOG,over,0.5,fanduel,-2200,True,2.705706027404084,2.5881644153857963,0.9221712588596735,0.9135520830440738,21.772137732023086,2248.580833333333,,"draftkings@2.5,fanduel@2.5,pinnacle@2.5,sgo_fair@2.5",1.049054075237431,0.9565217391304348,0.9169997533703136,-0.0395219857601211,-0.0413184396583083,0.0086191758155997,-1105,-826.0,pass,2026-09-30T22:56:39+00:00,sgo_slate_alt_20260930T225639Z.json,darrenraddysh,4.0,0.0,0.0,0.0,20:36,4.0,True,1.0,1.0454545454545454,0.045454545454545414,,shots_onGoal-nan-game-ou-over,,
PIT@PHI,Sidney Crosby,PIT,f1,PP1,A,over,0.5,draftkings,100,False,0.6798868288418827,0.6346763334665567,0.493325669958238,0.4698929615389567,18.813389423076924,2041.185,,"draftkings@0.5,pinnacle@0.5,sgo_fair@0.5",1.1144430424849077,0.5,0.4792660449066693,-0.0207339550933307,-0.0414679101866614,0.0234327084192812,109,120.0,pass,2026-09-30T22:56:39+00:00,sgo_slate_alt_20260930T225639Z.json,sidneycrosby,3.0,0.0,1.0,1.0,17:39,1.0,True,1.0,2.0,1.0,,assists-nan-game-ou-over,,
PIT@PHI,Jamie Drysdale,PHI,d2,PP1,SOG,over,0.5,draftkings,-360,True,1.3078872216235509,1.522209345285188,0.7194058286542071,0.7706116742274627,20.541472602739724,2308.5825,,"draftkings@1.5,sgo_fair@1.5",1.049054075237431,0.782608695652174,0.7501293359981605,-0.0324793596540134,-0.0415014040023505,-0.0512058455732555,-300,-264.0,pass,2026-09-30T22:56:39+00:00,sgo_slate_alt_20260930T225639Z.json,jamiedrysdale,0.0,0.0,0.0,0.0,17:21,0.0,True,0.0,1.2777777777777777,-1.0,JAMIE_DRYSDALE_1_NHL,shots_onGoal-JAMIE_DRYSDALE_1_NHL-game-ou-over,-360.0,0.0
PIT@PHI,Jamie Drysdale,PHI,d2,PP1,SOG,over,0.5,draftkings,-360,True,1.3078872216235509,1.522209345285188,0.7194058286542071,0.7706116742274627,20.541472602739724,2308.5825,,"draftkings@1.5,sgo_fair@1.5",1.049054075237431,0.782608695652174,0.7501293359981605,-0.0324793596540134,-0.0415014040023505,-0.0512058455732555,-300,-264.0,pass,2026-09-30T22:56:39+00:00,sgo_slate_alt_20260930T225639Z.json,jamiedrysdale,0.0,0.0,0.0,0.0,17:21,0.0,True,0.0,1.2777777777777777,-1.0,JAMIE_DRYSDALE_1_NHL,shots_onGoal-JAMIE_DRYSDALE_1_NHL-game-ou-over,-400.0,0.017391304347826098
NYI@TOR,Matias Maccelli,NYI,f2,PP1,PTS,under,0.5,draftkings,-140,False,0.5647292614710051,0.5931816813740372,0.5685140445797079,0.5525663947185009,15.174308093994778,1373.88,,"draftkings@0.5,sgo_fair@0.5",1.0472579744117947,0.5833333333333334,0.5589454546629837,-0.0243878786703496,-0.0418077920063135,0.015947649861207,-127,-115.0,pass,2026-09-30T22:56:39+00:00,sgo_slate_alt_20260930T225639Z.json,matiasmaccelli,1.0,0.0,0.0,0.0,17:39,0.0,True,1.0,1.7142857142857144,0.7142857142857144,,goals+assists-nan-game-ou-under,,
LAK@COL,Nathan MacKinnon,COL,f1,PP1,SOG,over,1.5,fanduel,-1450,True,3.989658001380116,4.1680332538125455,0.8882773650121085,0.9011157849892322,20.211023366508,2590.8675,,"draftkings@3.5,fanduel@3.5,pinnacle@3.5,sgo_fair@4.0",1.049054075237431,0.935483870967742,0.8959804169983827,-0.0395034539693591,-0.0422278301051771,-0.0128384199771236,-861,-675.0,pass,2026-09-30T22:56:39+00:00,sgo_slate_alt_20260930T225639Z.json,nathanmackinnon,8.0,2.0,0.0,2.0,17:44,8.0,True,1.0,1.0689655172413792,0.06896551724137923,,shots_onGoal-nan-game-ou-over,,
PIT@PHI,Sidney Crosby,PIT,f1,PP1,SOG,over,1.5,fanduel,-225,True,2.4079852528441497,2.295439573681033,0.6775154013876803,0.6533236293093161,18.813389423076924,2041.185,,"draftkings@2.5,fanduel@2.5,pinnacle@2.5,sgo_fair@2.5",1.049054075237431,0.6923076923076923,0.6630003381406617,-0.0293073541670305,-0.0423328449079331,0.0241917720783642,-197,-176.0,pass,2026-09-30T22:56:39+00:00,sgo_slate_alt_20260930T225639Z.json,sidneycrosby,3.0,0.0,1.0,1.0,17:39,3.0,True,1.0,1.4444444444444444,0.4444444444444444,,shots_onGoal-nan-game-ou-over,,
LAK@COL,Mats Zuccarello,LAK,f2,PP1,PTS,over,1.5,fanduel,540,True,0.7442434210883441,0.6397969333756965,0.1713210966949794,0.1351719001689783,17.496636128076993,1710.3441666666663,,"draftkings@0.5,sgo_fair@0.5",1.0472579744117947,0.15625,0.1496315787793787,-0.0066184212206212,-0.0423578958119758,0.0361491965260011,568,702.0,pass,2026-09-30T22:56:39+00:00,sgo_slate_alt_20260930T225639Z.json,matszuccarello,0.0,0.0,0.0,0.0,17:59,0.0,True,0.0,6.4,-1.0,,goals+assists-nan-game-ou-over,,
PIT@PHI,Erik Karlsson,PIT,d1,PP1,SOG,over,0.5,fanduel,-1200,True,2.26391480239126,2.260387999371989,0.884198070859909,0.8838268000962416,22.99009532320524,2627.4333333333334,,"draftkings@2.5,fanduel@2.5,pinnacle@2.5,sgo_fair@2.5",1.049054075237431,0.9230769230769232,0.8839753084017086,-0.0391016146752145,-0.0423600825648158,0.0003712707636673,-762,-609.0,pass,2026-09-30T22:56:39+00:00,sgo_slate_alt_20260930T225639Z.json,erikkarlsson,3.0,0.0,1.0,1.0,19:59,3.0,True,1.0,1.0833333333333333,0.08333333333333326,,shots_onGoal-nan-game-ou-over,,
NYI@TOR,Auston Matthews,TOR,f1,PP1,SOG,over,3.5,draftkings,-105,False,3.7442061530497432,3.6315658225880094,0.5030652837620061,0.4813463887128119,19.35674712013165,1888.035,,"draftkings@3.5,fanduel@3.5,pinnacle@3.5,sgo_fair@3.5",1.049054075237431,0.5121951219512195,0.4900339467324895,-0.0221611752187299,-0.0432670563794251,0.0217188950491942,104,115.0,pass,2026-09-30T22:56:39+00:00,sgo_slate_alt_20260930T225639Z.json,austonmatthews,1.0,0.0,0.0,0.0,20:04,1.0,True,0.0,1.9523809523809523,-1.0,,shots_onGoal-nan-game-ou-over,,
PIT@PHI,Erik Karlsson,PIT,d1,PP1,PTS,over,0.5,fanduel,-125,False,0.7767978030575075,0.745662623153935,0.5401237295936997,0.5255801658015481,22.99009532320524,2627.4333333333334,,"draftkings@0.5,sgo_fair@0.5",1.0472579744117947,0.5555555555555556,0.5313975913184088,-0.0241579642371467,-0.0434843356268641,0.0145435637921516,-113,-103.0,pass,2026-09-30T22:56:39+00:00,sgo_slate_alt_20260930T225639Z.json,erikkarlsson,3.0,0.0,1.0,1.0,19:59,1.0,True,1.0,1.8,0.8,,goals+assists-nan-game-ou-over,,
LAK@COL,Brandt Clarke,LAK,d2,PP1,SOG,under,1.5,draftkings,120,False,1.905935235202562,1.9549146873457488,0.4426224489450486,0.4294856340708554,19.37295046968403,2195.145,,"draftkings@1.5,fanduel@1.5,pinnacle@1.5,sgo_fair@1.5",1.049054075237431,0.4545454545454545,0.4347403600205327,-0.0198050945249218,-0.043571207954828,0.0131368148741932,130,144.0,pass,2026-09-30T22:56:39+00:00,sgo_slate_alt_20260930T225639Z.json,brandtclarke,1.0,0.0,0.0,0.0,18:57,1.0,True,1.0,2.2,1.2000000000000002,,shots_onGoal-nan-game-ou-under,,
LAK@COL,Alex Laferriere,LAK,f2,PP2,A,under,0.5,draftkings,-360,False,0.2615014337934488,0.3090251461675067,0.7698947715534699,0.7341623084257602,16.89103086155165,2074.2775,,"draftkings@0.5,pinnacle@0.5,sgo_fair@0.5",1.1144430424849077,0.782608695652174,0.748455293676844,-0.0341534019753299,-0.0436404580795882,0.0357324631277096,-298,-262.0,pass,2026-09-30T22:56:39+00:00,sgo_slate_alt_20260930T225639Z.json,alexlaferriere,2.0,0.0,2.0,2.0,15:31,2.0,True,0.0,1.2777777777777777,-1.0,,assists-nan-game-ou-under,,
LAK@COL,Drew Doughty,LAK,d1,PP2,SOG,over,0.5,draftkings,-360,True,1.3989282266323406,1.440518163632006,0.742480696949639,0.7523535183203021,22.876091617933724,1988.0616666666667,,"draftkings@1.5,pinnacle@1.5,sgo_fair@1.5",1.049054075237431,0.782608695652174,0.7484043897720368,-0.0342043058801371,-0.0437055019579529,-0.009872821370663,-297,-262.0,pass,2026-09-30T22:56:39+00:00,sgo_slate_alt_20260930T225639Z.json,drewdoughty,1.0,0.0,1.0,1.0,22:41,1.0,True,1.0,1.2777777777777777,0.2777777777777777,,shots_onGoal-nan-game-ou-over,,
LAK@COL,Brandt Clarke,LAK,d2,PP1,SOG,over,0.5,fanduel,-750,True,1.905935235202562,1.9549146873457488,0.8393607268122859,0.8464392004163555,19.37295046968403,2195.145,,"draftkings@1.5,fanduel@1.5,pinnacle@1.5,sgo_fair@1.5",1.049054075237431,0.8823529411764706,0.8436078109747277,-0.0387451302017428,-0.0439111475619753,-0.0070784736040695,-539,-451.0,pass,2026-09-30T22:56:39+00:00,sgo_slate_alt_20260930T225639Z.json,brandtclarke,1.0,0.0,0.0,0.0,18:57,1.0,True,1.0,1.1333333333333333,0.1333333333333333,,shots_onGoal-nan-game-ou-over,,
LAK@COL,Brock Nelson,COL,f2,PP2,SOG,over,0.5,fanduel,-1050,True,2.171272883197039,2.149457824821926,0.874020751228148,0.8714909428246291,17.712678062678066,2272.766666666667,,"draftkings@1.5,fanduel@1.5,pinnacle@2.5,sgo_fair@2.0",1.049054075237431,0.9130434782608696,0.8725028661860367,-0.0405406120748328,-0.0444016227486263,0.0025298084035189,-684,-556.0,pass,2026-09-30T22:56:39+00:00,sgo_slate_alt_20260930T225639Z.json,brocknelson,1.0,1.0,2.0,3.0,19:14,1.0,True,1.0,1.0952380952380953,0.09523809523809534,,shots_onGoal-nan-game-ou-over,,
NYI@TOR,Brayden Schenn,NYI,f2,PP1,A,under,0.5,draftkings,-285,False,0.3440595367221938,0.3478647522215859,0.7088867220012836,0.706194380976991,16.50940975192472,1989.5,,"draftkings@0.5,pinnacle@0.5,sgo_fair@0.5",1.1144430424849077,0.7402597402597403,0.707271317386708,-0.0329884228730322,-0.0445633080916401,0.0026923410242924,-242,-215.0,pass,2026-09-30T22:56:39+00:00,sgo_slate_alt_20260930T225639Z.json,braydenschenn,1.0,0.0,0.0,0.0,14:27,0.0,True,1.0,1.3508771929824561,0.3508771929824561,,assists-nan-game-ou-under,,
LAK@COL,Cale Makar,COL,d1,PP1,PTS,over,0.5,draftkings,-235,False,1.1126958860443712,1.1067963259298566,0.6713282958196636,0.6693835464004079,23.81464714714715,2789.351666666667,,"draftkings@0.5,sgo_fair@1.5",1.0472579744117947,0.7014925373134329,0.6701614461681101,-0.0313310911453227,-0.0446634703560984,0.0019447494192557,-203,-182.0,pass,2026-09-30T22:56:39+00:00,sgo_slate_alt_20260930T225639Z.json,calemakar,1.0,0.0,2.0,2.0,18:14,2.0,True,1.0,1.425531914893617,0.42553191489361697,,goals+assists-nan-game-ou-over,,
PIT@PHI,Tommy Novak,PIT,f2,PP1,PTS,under,0.5,draftkings,-150,False,0.5296921538809756,0.5751142697521154,0.5887861973275923,0.562640572334724,15.020621668234558,1492.5841666666668,,"draftkings@0.5,sgo_fair@0.5",1.0472579744117947,0.6,0.5730988223318714,-0.0269011776681286,-0.0448352961135477,0.0261456249928683,-134,-121.0,pass,2026-09-30T22:56:39+00:00,sgo_slate_alt_20260930T225639Z.json,tommynovak,0.0,0.0,1.0,1.0,16:04,1.0,True,0.0,1.6666666666666665,-1.0,,goals+assists-nan-game-ou-under,,
PIT@PHI,Travis Konecny,PHI,f2,PP2,SOG,over,1.5,draftkings,-175,False,2.143814949348693,2.0711828002167736,0.6182715395532958,0.600452469350711,17.79007170032192,2230.1783333333337,,"draftkings@1.5,fanduel@1.5,pinnacle@1.5,sgo_fair@2.0",1.049054075237431,0.6363636363636364,0.6075800974317449,-0.0287835389318914,-0.0452312754644008,0.0178190702025848,-155,-140.0,pass,2026-09-30T22:56:39+00:00,sgo_slate_alt_20260930T225639Z.json,traviskonecny,2.0,0.0,0.0,0.0,14:47,2.0,True,1.0,1.5714285714285714,0.5714285714285714,TRAVIS_KONECNY_1_NHL,shots_onGoal-TRAVIS_KONECNY_1_NHL-game-ou-over,-175.0,0.0
PIT@PHI,Travis Konecny,PHI,f2,PP2,SOG,over,1.5,draftkings,-175,False,2.143814949348693,2.0711828002167736,0.6182715395532958,0.600452469350711,17.79007170032192,2230.1783333333337,,"draftkings@1.5,fanduel@1.5,pinnacle@1.5,sgo_fair@2.0",1.049054075237431,0.6363636363636364,0.6075800974317449,-0.0287835389318914,-0.0452312754644008,0.0178190702025848,-155,-140.0,pass,2026-09-30T22:56:39+00:00,sgo_slate_alt_20260930T225639Z.json,traviskonecny,2.0,0.0,0.0,0.0,14:47,2.0,True,1.0,1.5714285714285714,0.5714285714285714,TRAVIS_KONECNY_1_NHL,shots_onGoal-TRAVIS_KONECNY_1_NHL-game-ou-over,-125.0,-0.08080808080808077
PIT@PHI,Kris Letang,PIT,d2,PP2,PTS,over,0.5,draftkings,195,False,0.396626660239686,0.3873300439239018,0.327414918481706,0.3211329979807341,21.127201770736253,2387.8975,,"draftkings@0.5,sgo_fair@0.5",1.0472579744117947,0.3389830508474576,0.3236457661811229,-0.0153372846663347,-0.0452449897656873,0.0062819205009719,209,235.0,pass,2026-09-30T22:56:39+00:00,sgo_slate_alt_20260930T225639Z.json,krisletang,4.0,0.0,1.0,1.0,18:44,1.0,True,1.0,2.95,1.9500000000000002,,goals+assists-nan-game-ou-over,,
NYI@TOR,Bo Horvat,NYI,f1,PP1,A,under,0.5,draftkings,-210,False,0.4097826858202507,0.4536578228076634,0.6637944864177951,0.635300081256137,19.278630126057124,2147.205833333333,,"draftkings@0.5,pinnacle@0.5,sgo_fair@0.5",1.1144430424849077,0.6774193548387096,0.6466978433208003,-0.0307215115179093,-0.0453508027169138,0.0284944051616581,-183,-164.0,pass,2026-09-30T22:56:39+00:00,sgo_slate_alt_20260930T225639Z.json,bohorvat,4.0,0.0,1.0,1.0,22:31,1.0,True,0.0,1.4761904761904763,-1.0,,assists-nan-game-ou-under,,
NYI@TOR,Brayden Schenn,NYI,f2,PP1,G,over,1.5,fanduel,3300,True,0.2816167978149424,0.2413410246983738,0.032939667114374,0.0248351622543425,16.50940975192472,1989.5,,"fanduel@0.5,pinnacle@0.5,sgo_fair@0.5",1.0777230155902748,0.0294117647058823,0.0280769641983551,-0.0013348005075272,-0.0453832172559263,0.0081045048600315,3462,32400.0,pass,2026-09-30T22:56:39+00:00,sgo_slate_alt_20260930T225639Z.json,braydenschenn,1.0,0.0,0.0,0.0,14:27,0.0,True,0.0,34.0,-1.0,,points-nan-game-ou-over,,
NYI@TOR,Brayden Schenn,NYI,f2,PP1,SOG,over,2.5,draftkings,245,True,1.7653238148340504,1.8578812795063333,0.2623117726201462,0.2862732896502065,16.50940975192472,1989.5,,"draftkings@1.5,fanduel@1.5,pinnacle@1.5,sgo_fair@2.0",1.049054075237431,0.2898550724637681,0.2766886828381824,-0.0131663896255856,-0.0454240442082705,-0.0239615170300602,261,297.0,pass,2026-09-30T22:56:39+00:00,sgo_slate_alt_20260930T225639Z.json,braydenschenn,1.0,0.0,0.0,0.0,14:27,1.0,True,0.0,3.45,-1.0,,shots_onGoal-nan-game-ou-over,,
NYI@TOR,Darren Raddysh,TOR,d1,PP1,SOG,over,1.5,fanduel,-310,True,2.705706027404084,2.5881644153857963,0.7344463443248104,0.7131508687214638,21.772137732023086,2248.580833333333,,"draftkings@2.5,fanduel@2.5,pinnacle@2.5,sgo_fair@2.5",1.049054075237431,0.7560975609756098,0.7216690589628025,-0.0344285020128072,-0.0455344704040353,0.0212954756033465,-259,-230.0,pass,2026-09-30T22:56:39+00:00,sgo_slate_alt_20260930T225639Z.json,darrenraddysh,4.0,0.0,0.0,0.0,20:36,4.0,True,1.0,1.3225806451612903,0.32258064516129026,,shots_onGoal-nan-game-ou-over,,
LAK@COL,Mats Zuccarello,LAK,f2,PP1,SOG,over,0.5,fanduel,-800,True,1.9793931685884407,1.9586806431344597,0.8498539092029385,0.846969783021825,17.496636128076993,1710.3441666666663,,"draftkings@1.5,fanduel@1.5,pinnacle@1.5,sgo_fair@2.5",1.049054075237431,0.8888888888888888,0.8481234334942704,-0.0407654553946184,-0.0458611373189457,0.0028841261811134,-558,-465.0,pass,2026-09-30T22:56:39+00:00,sgo_slate_alt_20260930T225639Z.json,matszuccarello,0.0,0.0,0.0,0.0,17:59,0.0,True,0.0,1.125,-1.0,,shots_onGoal-nan-game-ou-over,,
PIT@PHI,Owen Tippett,PHI,f1,PP2,PTS,over,0.5,draftkings,100,False,0.6740210681690396,0.6313150547570513,0.4903449059215369,0.4681081260525095,17.293983282893787,1918.3983333333333,,"draftkings@0.5,sgo_fair@0.5",1.0472579744117947,0.5,0.4770028380001205,-0.0229971619998795,-0.045994323999759,0.0222367798690274,110,121.0,pass,2026-09-30T22:56:39+00:00,sgo_slate_alt_20260930T225639Z.json,owentippett,4.0,0.0,0.0,0.0,14:11,0.0,True,0.0,2.0,-1.0,OWEN_TIPPETT_1_NHL,goals+assists-OWEN_TIPPETT_1_NHL-game-ou-over,100.0,0.0
PIT@PHI,Owen Tippett,PHI,f1,PP2,PTS,over,0.5,draftkings,100,False,0.6740210681690396,0.6313150547570513,0.4903449059215369,0.4681081260525095,17.293983282893787,1918.3983333333333,,"draftkings@0.5,sgo_fair@0.5",1.0472579744117947,0.5,0.4770028380001205,-0.0229971619998795,-0.045994323999759,0.0222367798690274,110,121.0,pass,2026-09-30T22:56:39+00:00,sgo_slate_alt_20260930T225639Z.json,owentippett,4.0,0.0,0.0,0.0,14:11,0.0,True,0.0,2.0,-1.0,OWEN_TIPPETT_1_NHL,goals+assists-OWEN_TIPPETT_1_NHL-game-ou-over,120.0,-0.04545454545454547
PIT@PHI,Erik Karlsson,PIT,d1,PP1,SOG,over,1.5,fanduel,-210,True,2.26391480239126,2.260387999371989,0.6462714239374878,0.6454748483010556,22.99009532320524,2627.4333333333334,,"draftkings@2.5,fanduel@2.5,pinnacle@2.5,sgo_fair@2.5",1.049054075237431,0.6774193548387096,0.6457934785556285,-0.0316258762830811,-0.0466858173702625,0.0007965756364322,-182,-164.0,pass,2026-09-30T22:56:39+00:00,sgo_slate_alt_20260930T225639Z.json,erikkarlsson,3.0,0.0,1.0,1.0,19:59,3.0,True,1.0,1.4761904761904763,0.4761904761904763,,shots_onGoal-nan-game-ou-over,,
NYI@TOR,Kyle Palmieri,NYI,f1,PP1,SOG,over,0.5,fanduel,-2000,True,2.5751143695879755,2.481071999455715,0.9125354222537424,0.904829453823126,18.330910070005388,1155.1666666666667,,"draftkings@2.5,fanduel@2.5,pinnacle@2.5,sgo_fair@2.5",1.049054075237431,0.9523809523809524,0.9079118411953726,-0.0444691111855797,-0.0466925667448587,0.0077059684306164,-986,-754.0,pass,2026-09-30T22:56:39+00:00,sgo_slate_alt_20260930T225639Z.json,kylepalmieri,4.0,0.0,0.0,0.0,18:35,4.0,True,1.0,1.05,0.050000000000000044,,shots_onGoal-nan-game-ou-over,,
NYI@TOR,Auston Matthews,TOR,f1,PP1,SOG,over,2.5,fanduel,-260,True,3.7442061530497432,3.6315658225880094,0.6993221211926094,0.6811704116539018,19.35674712013165,1888.035,,"draftkings@3.5,fanduel@3.5,pinnacle@3.5,sgo_fair@3.5",1.049054075237431,0.7222222222222222,0.6884310954693849,-0.0337911267528373,-0.0467877139654671,0.0181517095387075,-221,-197.0,pass,2026-09-30T22:56:39+00:00,sgo_slate_alt_20260930T225639Z.json,austonmatthews,1.0,0.0,0.0,0.0,20:04,1.0,True,0.0,1.3846153846153846,-1.0,,shots_onGoal-nan-game-ou-over,,
PIT@PHI,Christian Dvorak,PHI,f2,-,PTS,over,0.5,draftkings,135,False,0.5461256817625981,0.5033453036426875,0.4208105667426705,0.3954949794346094,16.72216638152267,2039.2425,,"draftkings@0.5,sgo_fair@0.5",1.0472579744117947,0.425531914893617,0.4056212143578338,-0.0199107005357832,-0.0467901462590905,0.0253155873080611,147,163.0,pass,2026-09-30T22:56:39+00:00,sgo_slate_alt_20260930T225639Z.json,christiandvorak,2.0,0.0,0.0,0.0,14:58,0.0,True,0.0,2.35,-1.0,CHRISTIAN_DVORAK_1_NHL,goals+assists-CHRISTIAN_DVORAK_1_NHL-game-ou-over,135.0,0.0
NYI@TOR,Kyle Palmieri,NYI,f1,PP1,A,over,0.5,draftkings,190,False,0.4159763815294875,0.3870144094905083,0.340304148692598,0.3209186903595491,18.330910070005388,1155.1666666666667,,"draftkings@0.5,pinnacle@0.5,sgo_fair@0.5",1.1144430424849077,0.3448275862068966,0.3286728736927686,-0.0161547125141279,-0.0468486662909709,0.0193854583330488,204,229.0,pass,2026-09-30T22:56:39+00:00,sgo_slate_alt_20260930T225639Z.json,kylepalmieri,4.0,0.0,0.0,0.0,18:35,0.0,True,0.0,2.9,-1.0,,assists-nan-game-ou-over,,
PIT@PHI,Sidney Crosby,PIT,f1,PP1,PTS,over,0.5,draftkings,-190,False,1.0383083920352354,0.9416197314020612,0.6459469052888442,0.6100043646775866,18.813389423076924,2041.185,,"draftkings@0.5,sgo_fair@0.5",1.0472579744117947,0.6551724137931034,0.6243813809220897,-0.0307910328710137,-0.0469968396452316,0.0359425406112576,-166,-150.0,pass,2026-09-30T22:56:39+00:00,sgo_slate_alt_20260930T225639Z.json,sidneycrosby,3.0,0.0,1.0,1.0,17:39,1.0,True,1.0,1.526315789473684,0.5263157894736841,,goals+assists-nan-game-ou-over,,
NYI@TOR,Bo Horvat,NYI,f1,PP1,SOG,under,3.5,fanduel,-165,False,3.300034301037376,3.233630431286568,0.5850955573403613,0.598772338182282,19.278630126057124,2147.205833333333,,"draftkings@2.5,fanduel@3.5,pinnacle@3.5,sgo_fair@3.5",1.049054075237431,0.6226415094339622,0.5933016258455137,-0.0293398835884485,-0.0471216312178113,-0.0136767808419207,-146,-132.0,pass,2026-09-30T22:56:39+00:00,sgo_slate_alt_20260930T225639Z.json,bohorvat,4.0,0.0,1.0,1.0,22:31,4.0,True,0.0,1.606060606060606,-1.0,,shots_onGoal-nan-game-ou-under,,
LAK@COL,Quinton Byfield,LAK,f1,PP1,SOG,under,2.5,draftkings,-165,False,2.1342015259682805,2.459191254511227,0.6422042032324096,0.5606110213041229,18.790998989461528,2260.741666666667,,"draftkings@2.5,fanduel@2.5,pinnacle@2.5,sgo_fair@2.5",1.049054075237431,0.6226415094339622,0.5932482940754376,-0.0293932153585246,-0.0472072852727821,0.0815931819282866,-146,-132.0,pass,2026-09-30T22:56:39+00:00,sgo_slate_alt_20260930T225639Z.json,quintonbyfield,3.0,0.0,0.0,0.0,18:59,3.0,True,0.0,1.606060606060606,-1.0,,shots_onGoal-nan-game-ou-under,,
LAK@COL,Brandt Clarke,LAK,d2,PP1,SOG,over,1.5,fanduel,-146,False,1.905935235202562,1.9549146873457488,0.5573775510549513,0.5705143659291446,19.37295046968403,2195.145,,"draftkings@1.5,fanduel@1.5,pinnacle@1.5,sgo_fair@1.5",1.049054075237431,0.5934959349593496,0.5652596399794674,-0.0282362949798822,-0.0475762230482946,-0.0131368148741932,-130,-118.0,pass,2026-09-30T22:56:39+00:00,sgo_slate_alt_20260930T225639Z.json,brandtclarke,1.0,0.0,0.0,0.0,18:57,1.0,True,0.0,1.6849315068493151,-1.0,,shots_onGoal-nan-game-ou-over,,
LAK@COL,Brock Nelson,COL,f2,PP2,SOG,over,1.5,fanduel,-188,False,2.171272883197039,2.149457824821926,0.6248328923595419,0.6196277621230044,17.712678062678066,2272.766666666667,,"draftkings@1.5,fanduel@1.5,pinnacle@2.5,sgo_fair@2.0",1.049054075237431,0.6527777777777778,0.6217098142176194,-0.0310679635601583,-0.0475934760921575,0.0052051302365374,-164,-148.0,pass,2026-09-30T22:56:39+00:00,sgo_slate_alt_20260930T225639Z.json,brocknelson,1.0,1.0,2.0,3.0,19:14,1.0,True,0.0,1.5319148936170213,-1.0,,shots_onGoal-nan-game-ou-over,,
LAK@COL,Trevor Moore,LAK,f3,PP2,PTS,under,0.5,draftkings,-220,False,0.4028926808268951,0.4374680341014961,0.668383825874184,0.6456691654930282,15.137832260194816,1693.503333333333,,"draftkings@0.5,sgo_fair@0.5",1.0472579744117947,0.6875,0.6547550296454905,-0.0327449703545095,-0.0476290477883774,0.0227146603811557,-190,-170.0,pass,2026-09-30T22:56:39+00:00,sgo_slate_alt_20260930T225639Z.json,trevormoore,2.0,1.0,0.0,1.0,14:56,1.0,True,0.0,1.4545454545454546,-1.0,,goals+assists-nan-game-ou-under,,
NYI@TOR,William Nylander,TOR,f2,PP1,SOG,over,1.5,fanduel,-360,True,2.6257504995545338,2.8720520934455664,0.7201232438468648,0.7621158706581322,17.72223436993845,2000.8358333333333,,"draftkings@2.5,fanduel@2.5,pinnacle@2.5,sgo_fair@3.0",1.049054075237431,0.782608695652174,0.7453188199336253,-0.0372898757185486,-0.0476481745292567,-0.0419926268112674,-293,-258.0,pass,2026-09-30T22:56:39+00:00,sgo_slate_alt_20260930T225639Z.json,williamnylander,1.0,0.0,0.0,0.0,17:29,1.0,True,0.0,1.2777777777777777,-1.0,,shots_onGoal-nan-game-ou-over,,
NYI@TOR,Auston Matthews,TOR,f1,PP1,SOG,over,3.5,fanduel,-106,False,3.7442061530497432,3.6315658225880094,0.5030652837620061,0.4813463887128119,19.35674712013165,1888.035,,"draftkings@3.5,fanduel@3.5,pinnacle@3.5,sgo_fair@3.5",1.049054075237431,0.5145631067961165,0.4900339467324895,-0.0245291600636269,-0.0476698771047844,0.0217188950491942,104,115.0,pass,2026-09-30T22:56:39+00:00,sgo_slate_alt_20260930T225639Z.json,austonmatthews,1.0,0.0,0.0,0.0,20:04,1.0,True,0.0,1.9433962264150944,-1.0,,shots_onGoal-nan-game-ou-over,,
LAK@COL,Adrian Kempe,LAK,f1,PP1,SOG,over,3.5,fanduel,205,True,2.724080635461652,2.864901153745354,0.2943791883258133,0.3240203553663434,18.62954093940684,2261.9791666666665,,"draftkings@2.5,fanduel@2.5,pinnacle@2.5,sgo_fair@3.0",1.049054075237431,0.3278688524590163,0.3121638885501314,-0.0157049639088849,-0.0479001399220992,-0.0296411670405301,220,248.0,pass,2026-09-30T22:56:39+00:00,sgo_slate_alt_20260930T225639Z.json,adriankempe,3.0,0.0,0.0,0.0,19:23,3.0,True,0.0,3.05,-1.0,,shots_onGoal-nan-game-ou-over,,
LAK@COL,Erik Gustafsson,LAK,not in DF lineup,-,A,over,0.5,draftkings,390,False,0.2177711128209043,0.2148937168789765,0.1956904832640502,0.1933728335256278,16.48183908045977,477.97333333333336,,"draftkings@0.5,sgo_fair@0.5",1.1144430424849077,0.2040816326530612,0.1942998934209967,-0.0097817392320644,-0.0479305222371158,0.0023176497384223,415,491.0,pass,2026-09-30T22:56:39+00:00,sgo_slate_alt_20260930T225639Z.json,erikgustafsson,,,,,,,False,,4.9,,,assists-nan-game-ou-over,,
PIT@PHI,Porter Martone,PHI,f1,PP1,PTS,over,0.5,fanduel,-138,False,0.9007390304467908,0.7424955546482034,0.5937306966167737,0.5240752638803118,17.520370370370372,153.36666666666667,,"draftkings@0.5,sgo_fair@0.5",1.0472579744117947,0.5798319327731093,0.5519374369748965,-0.0278944957982127,-0.0481078985505407,0.0696554327364619,-123,-111.0,pass,2026-09-30T22:56:39+00:00,sgo_slate_alt_20260930T225639Z.json,portermartone,0.0,0.0,0.0,0.0,14:05,0.0,True,0.0,1.7246376811594204,-1.0,PORTER_MARTONE_1_NHL,goals+assists-PORTER_MARTONE_1_NHL-game-ou-over,-142.0,0.006944926731022982
PIT@PHI,Porter Martone,PHI,f1,PP1,PTS,over,0.5,fanduel,-138,False,0.9007390304467908,0.7424955546482034,0.5937306966167737,0.5240752638803118,17.520370370370372,153.36666666666667,,"draftkings@0.5,sgo_fair@0.5",1.0472579744117947,0.5798319327731093,0.5519374369748965,-0.0278944957982127,-0.0481078985505407,0.0696554327364619,-123,-111.0,pass,2026-09-30T22:56:39+00:00,sgo_slate_alt_20260930T225639Z.json,portermartone,0.0,0.0,0.0,0.0,14:05,0.0,True,0.0,1.7246376811594204,-1.0,PORTER_MARTONE_1_NHL,goals+assists-PORTER_MARTONE_1_NHL-game-ou-over,-106.0,-0.0652688259769928
NYI@TOR,Matthew Schaefer,NYI,d1,PP1,A,under,0.5,draftkings,-160,False,0.4813529484915116,0.5724532030294635,0.6179467758264048,0.5641397903134162,23.59136178861789,2023.9833333333331,,"draftkings@0.5,pinnacle@0.5,sgo_fair@0.5",1.1144430424849077,0.6153846153846154,0.5856625845186116,-0.0297220308660037,-0.0482983001572561,0.0538069855129885,-141,-128.0,pass,2026-09-30T22:56:39+00:00,sgo_slate_alt_20260930T225639Z.json,matthewschaefer,3.0,0.0,0.0,0.0,27:45,0.0,True,1.0,1.625,0.625,,assists-nan-game-ou-under,,
LAK@COL,Nathan MacKinnon,COL,f1,PP1,SOG,under,3.5,draftkings,120,False,3.989658001380116,4.1680332538125455,0.45139758940175,0.4199784465117806,20.211023366508,2590.8675,,"draftkings@3.5,fanduel@3.5,pinnacle@3.5,sgo_fair@4.0",1.049054075237431,0.4545454545454545,0.4325461036677683,-0.0219993508776861,-0.0483985719309095,0.0314191428899693,131,145.0,pass,2026-09-30T22:56:39+00:00,sgo_slate_alt_20260930T225639Z.json,nathanmackinnon,8.0,2.0,0.0,2.0,17:44,8.0,True,0.0,2.2,-1.0,,shots_onGoal-nan-game-ou-under,,
LAK@COL,Brett Kulak,COL,d2,-,PTS,over,0.5,draftkings,425,False,0.2089694511055037,0.1940300460588751,0.1885799767505251,0.1763668430335265,19.722643869891577,2331.49,,sgo_fair@0.5,1.0472579744117947,0.1904761904761904,0.1812520965203259,-0.0092240939558644,-0.0484264932682886,0.0122131337169986,452,540.0,pass,2026-09-30T22:56:39+00:00,sgo_slate_alt_20260930T225639Z.json,brettkulak,0.0,0.0,0.0,0.0,19:44,0.0,True,0.0,5.25,-1.0,,goals+assists-nan-game-ou-over,,
PIT@PHI,Trevor Zegras,PHI,f1,PP1,A,over,0.5,draftkings,120,False,0.5584258150106787,0.5718083225343162,0.4278910393008861,0.4354962896094064,18.15746991717456,1953.2883333333332,,"draftkings@0.5,pinnacle@0.5,sgo_fair@0.5",1.1144430424849077,0.4545454545454545,0.4324541894859983,-0.0220912650594562,-0.0486007831308037,-0.0076052503085202,131,145.0,pass,2026-09-30T22:56:39+00:00,sgo_slate_alt_20260930T225639Z.json,trevorzegras,1.0,0.0,0.0,0.0,16:25,0.0,True,0.0,2.2,-1.0,TREVOR_ZEGRAS_1_NHL,assists-TREVOR_ZEGRAS_1_NHL-game-ou-over,120.0,5.551115123125783e-17
PIT@PHI,Trevor Zegras,PHI,f1,PP1,A,over,0.5,draftkings,120,False,0.5584258150106787,0.5718083225343162,0.4278910393008861,0.4354962896094064,18.15746991717456,1953.2883333333332,,"draftkings@0.5,pinnacle@0.5,sgo_fair@0.5",1.1144430424849077,0.4545454545454545,0.4324541894859983,-0.0220912650594562,-0.0486007831308037,-0.0076052503085202,131,145.0,pass,2026-09-30T22:56:39+00:00,sgo_slate_alt_20260930T225639Z.json,trevorzegras,1.0,0.0,0.0,0.0,16:25,0.0,True,0.0,2.2,-1.0,TREVOR_ZEGRAS_1_NHL,assists-TREVOR_ZEGRAS_1_NHL-game-ou-over,160.0,-0.06993006993006984
PIT@PHI,Egor Chinakhov,PIT,f2,PP1,G,over,0.5,fanduel,290,False,0.2681130824628263,0.287164176434916,0.2351787116623585,0.2496114773888789,14.739930555555556,970.55,,"fanduel@0.5,pinnacle@0.5,sgo_fair@0.5",1.0777230155902748,0.2564102564102564,0.2438383710982707,-0.0125718853119856,-0.0490303527167441,-0.0144327657265204,310,357.0,pass,2026-09-30T22:56:39+00:00,sgo_slate_alt_20260930T225639Z.json,egorchinakhov,3.0,1.0,0.0,1.0,16:58,1.0,True,1.0,3.9,2.9,,points-nan-game-ou-over,,
LAK@COL,Nathan MacKinnon,COL,f1,PP1,SOG,over,3.5,fanduel,-148,False,3.989658001380116,4.1680332538125455,0.54860241059825,0.5800215534882194,20.211023366508,2590.8675,,"draftkings@3.5,fanduel@3.5,pinnacle@3.5,sgo_fair@4.0",1.049054075237431,0.5967741935483871,0.5674538963322316,-0.0293202972161554,-0.0491313088486928,-0.0314191428899693,-131,-119.0,pass,2026-09-30T22:56:39+00:00,sgo_slate_alt_20260930T225639Z.json,nathanmackinnon,8.0,2.0,0.0,2.0,17:44,8.0,True,1.0,1.6756756756756757,0.6756756756756757,,shots_onGoal-nan-game-ou-over,,
NYI@TOR,Tony DeAngelo,NYI,d3,PP2,PTS,under,0.5,draftkings,-205,False,0.4293701622823864,0.4601727889571911,0.6509189389409487,0.6311745760873939,18.18105358764759,1822.348333333333,,"draftkings@0.5,sgo_fair@0.5",1.0472579744117947,0.6721311475409836,0.6390723212288159,-0.0330588263121677,-0.0491850830498106,0.0197443628535547,-177,-159.0,pass,2026-09-30T22:56:39+00:00,sgo_slate_alt_20260930T225639Z.json,tonydeangelo,0.0,0.0,0.0,0.0,17:14,0.0,True,1.0,1.4878048780487805,0.4878048780487805,,goals+assists-nan-game-ou-under,,
LAK@COL,Gabriel Landeskog,COL,f2,PP1,SOG,over,1.5,draftkings,-235,True,2.2425249497046167,2.43859091751729,0.6414165860371709,0.6838326737170799,16.206805555555555,984.8166666666668,,"draftkings@2.5,sgo_fair@2.5",1.049054075237431,0.7014925373134329,0.6668662386451163,-0.0346262986683165,-0.0493608938463235,-0.042416087679909,-200,-179.0,pass,2026-09-30T22:56:39+00:00,sgo_slate_alt_20260930T225639Z.json,gabriellandeskog,1.0,1.0,0.0,1.0,17:52,1.0,True,0.0,1.425531914893617,-1.0,,shots_onGoal-nan-game-ou-over,,
LAK@COL,Erik Haula,LAK,f3,PP2,PTS,under,0.5,draftkings,-265,False,0.3560327536346322,0.3812458489837027,0.7004496775867091,0.6830099516745809,14.81408969210174,1807.1625,,"draftkings@0.5,sgo_fair@0.5",1.0472579744117947,0.726027397260274,0.6899858420394321,-0.0360415552208418,-0.0496421420966313,0.0174397259121281,-223,-198.0,pass,2026-09-30T22:56:39+00:00,sgo_slate_alt_20260930T225639Z.json,erikhaula,3.0,0.0,1.0,1.0,15:26,1.0,True,0.0,1.3773584905660377,-1.0,,goals+assists-nan-game-ou-under,,
NYI@TOR,Kyle Palmieri,NYI,f1,PP1,SOG,over,1.5,fanduel,-280,True,2.5751143695879755,2.481071999455715,0.7106935921394197,0.6924196565498884,18.330910070005388,1155.1666666666667,,"draftkings@2.5,fanduel@2.5,pinnacle@2.5,sgo_fair@2.5",1.049054075237431,0.7368421052631579,0.6997292307857008,-0.037112874477457,-0.0503674725051203,0.0182739355895313,-233,-207.0,pass,2026-09-30T22:56:39+00:00,sgo_slate_alt_20260930T225639Z.json,kylepalmieri,4.0,0.0,0.0,0.0,18:35,4.0,True,1.0,1.3571428571428572,0.3571428571428572,,shots_onGoal-nan-game-ou-over,,
LAK@COL,Brent Burns,COL,d3,-,A,under,0.5,draftkings,-380,False,0.2714696999199358,0.2948259921501797,0.7622583796080615,0.7446611530789575,18.010786375105127,2321.115,,"draftkings@0.5,sgo_fair@0.5",1.1144430424849077,0.7916666666666666,0.7517000436905992,-0.0399666229760674,-0.0504841553381906,0.017597226529104,-303,-266.0,pass,2026-09-30T22:56:39+00:00,sgo_slate_alt_20260930T225639Z.json,brentburns,0.0,0.0,1.0,1.0,15:23,1.0,True,0.0,1.263157894736842,-1.0,,assists-nan-game-ou-under,,
LAK@COL,Adrian Kempe,LAK,f1,PP1,SOG,over,1.5,fanduel,-380,True,2.724080635461652,2.864901153745354,0.7376419637853304,0.7609834500822708,18.62954093940684,2261.9791666666665,,"draftkings@2.5,fanduel@2.5,pinnacle@2.5,sgo_fair@3.0",1.049054075237431,0.7916666666666666,0.7516468555634945,-0.0400198111031721,-0.050551340340849,-0.0233414862969403,-303,-266.0,pass,2026-09-30T22:56:39+00:00,sgo_slate_alt_20260930T225639Z.json,adriankempe,3.0,0.0,0.0,0.0,19:23,3.0,True,1.0,1.263157894736842,0.26315789473684204,,shots_onGoal-nan-game-ou-over,,
LAK@COL,Trevor Moore,LAK,f3,PP2,A,under,0.5,draftkings,-425,False,0.2472140283649728,0.2745098204989272,0.7809735251559513,0.7599445411777259,15.137832260194816,1693.503333333333,,"draftkings@0.5,sgo_fair@0.5",1.1144430424849077,0.8095238095238095,0.768356134769016,-0.0411676747547935,-0.0508541864618037,0.0210289839782253,-332,-290.0,pass,2026-09-30T22:56:39+00:00,sgo_slate_alt_20260930T225639Z.json,trevormoore,2.0,1.0,0.0,1.0,14:56,0.0,True,1.0,1.2352941176470589,0.23529411764705888,,assists-nan-game-ou-under,,
PIT@PHI,Sidney Crosby,PIT,f1,PP1,A,over,0.5,fanduel,-102,False,0.6798868288418827,0.6346763334665567,0.493325669958238,0.4698929615389567,18.813389423076924,2041.185,,"draftkings@0.5,pinnacle@0.5,sgo_fair@0.5",1.1144430424849077,0.504950495049505,0.4792660449066693,-0.0256844501428356,-0.0508652836162039,0.0234327084192812,109,120.0,pass,2026-09-30T22:56:39+00:00,sgo_slate_alt_20260930T225639Z.json,sidneycrosby,3.0,0.0,1.0,1.0,17:39,1.0,True,1.0,1.9803921568627452,0.9803921568627452,,assists-nan-game-ou-over,,
PIT@PHI,Porter Martone,PHI,f1,PP1,SOG,over,4.5,draftkings,450,True,2.858866874003733,2.863320513474742,0.1721254507137642,0.1728272822456009,17.520370370370372,153.36666666666667,,"draftkings@2.5,fanduel@2.5,pinnacle@2.5,sgo_fair@3.0",1.049054075237431,0.1818181818181818,0.1725465496328662,-0.0092716321853155,-0.0509939770192354,-0.0007018315318367,480,578.0,pass,2026-09-30T22:56:39+00:00,sgo_slate_alt_20260930T225639Z.json,portermartone,0.0,0.0,0.0,0.0,14:05,0.0,True,0.0,5.5,-1.0,PORTER_MARTONE_1_NHL,shots_onGoal-PORTER_MARTONE_1_NHL-game-ou-over,450.0,2.7755575615628914e-17
PIT@PHI,Porter Martone,PHI,f1,PP1,SOG,over,4.5,draftkings,450,True,2.858866874003733,2.863320513474742,0.1721254507137642,0.1728272822456009,17.520370370370372,153.36666666666667,,"draftkings@2.5,fanduel@2.5,pinnacle@2.5,sgo_fair@3.0",1.049054075237431,0.1818181818181818,0.1725465496328662,-0.0092716321853155,-0.0509939770192354,-0.0007018315318367,480,578.0,pass,2026-09-30T22:56:39+00:00,sgo_slate_alt_20260930T225639Z.json,portermartone,0.0,0.0,0.0,0.0,14:05,0.0,True,0.0,5.5,-1.0,PORTER_MARTONE_1_NHL,shots_onGoal-PORTER_MARTONE_1_NHL-game-ou-over,700.0,-0.056818181818181795
PIT@PHI,Tyson Foerster,PHI,f2,PP1,PTS,over,0.5,draftkings,105,False,0.6241376615026002,0.6197100441035225,0.4642767958701975,0.4618995596277979,16.527680162974278,1116.2733333333333,,"draftkings@0.5,sgo_fair@0.5",1.0472579744117947,0.4878048780487805,0.4628504541247578,-0.0249544239240226,-0.0511565690442465,0.0023772362423995,116,128.0,pass,2026-09-30T22:56:39+00:00,sgo_slate_alt_20260930T225639Z.json,tysonfoerster,1.0,0.0,0.0,0.0,17:08,0.0,True,0.0,2.05,-1.0,TYSON_FOERSTER_1_NHL,goals+assists-TYSON_FOERSTER_1_NHL-game-ou-over,105.0,0.0
PIT@PHI,Tyson Foerster,PHI,f2,PP1,PTS,over,0.5,draftkings,105,False,0.6241376615026002,0.6197100441035225,0.4642767958701975,0.4618995596277979,16.527680162974278,1116.2733333333333,,"draftkings@0.5,sgo_fair@0.5",1.0472579744117947,0.4878048780487805,0.4628504541247578,-0.0249544239240226,-0.0511565690442465,0.0023772362423995,116,128.0,pass,2026-09-30T22:56:39+00:00,sgo_slate_alt_20260930T225639Z.json,tysonfoerster,1.0,0.0,0.0,0.0,17:08,0.0,True,0.0,2.05,-1.0,TYSON_FOERSTER_1_NHL,goals+assists-TYSON_FOERSTER_1_NHL-game-ou-over,125.0,-0.04336043360433606
NYI@TOR,Emil Heineman,NYI,f3,-,SOG,over,0.5,fanduel,-660,True,1.81017411479442,1.8036624974711064,0.8245185149107075,0.8234585835753927,14.394946163178648,1680.3591666666666,,"draftkings@1.5,sgo_fair@1.5",1.049054075237431,0.868421052631579,0.8238825561095187,-0.0445384965220603,-0.0512867535708572,0.0010599313353147,-468,-397.0,pass,2026-09-30T22:56:39+00:00,sgo_slate_alt_20260930T225639Z.json,emilheineman,1.0,1.0,0.0,1.0,13:26,1.0,True,1.0,1.1515151515151516,0.1515151515151516,,shots_onGoal-nan-game-ou-over,,
LAK@COL,Brian Dumoulin,LAK,d1,-,A,over,0.5,draftkings,425,False,0.2054071922434298,0.1952567024057211,0.1856843341296127,0.1773765384717271,20.39904661016949,2159.175,,"draftkings@0.5,sgo_fair@0.5",1.1144430424849077,0.1904761904761904,0.1806996567348814,-0.009776533741309,-0.0513268021418726,0.0083077956578855,453,542.0,pass,2026-09-30T22:56:39+00:00,sgo_slate_alt_20260930T225639Z.json,briandumoulin,2.0,1.0,0.0,1.0,16:30,0.0,True,0.0,5.25,-1.0,,assists-nan-game-ou-over,,
PIT@PHI,Sidney Crosby,PIT,f1,PP1,G,over,1.5,fanduel,1700,True,0.3676225680737126,0.3650819482254043,0.0530875950355389,0.0524423372186251,18.813389423076924,2041.185,,"fanduel@0.5,pinnacle@0.5,sgo_fair@0.5",1.0777230155902748,0.0555555555555555,0.0527004403453906,-0.0028551152101648,-0.0513920737829677,0.0006452578169137,1798,3510.0,pass,2026-09-30T22:56:39+00:00,sgo_slate_alt_20260930T225639Z.json,sidneycrosby,3.0,0.0,1.0,1.0,17:39,0.0,True,0.0,18.0,-1.0,,points-nan-game-ou-over,,
NYI@TOR,Bo Horvat,NYI,f1,PP1,SOG,over,1.5,fanduel,-620,True,3.300034301037376,3.233630431286568,0.8214219376135992,0.8132441014135523,19.278630126057124,2147.205833333333,,"draftkings@2.5,fanduel@3.5,pinnacle@3.5,sgo_fair@3.5",1.049054075237431,0.8611111111111112,0.816515235893571,-0.0445958752175401,-0.0517887583171432,0.0081778362000468,-445,-380.0,pass,2026-09-30T22:56:39+00:00,sgo_slate_alt_20260930T225639Z.json,bohorvat,4.0,0.0,1.0,1.0,22:31,4.0,True,1.0,1.1612903225806452,0.16129032258064524,,shots_onGoal-nan-game-ou-over,,
NYI@TOR,William Nylander,TOR,f2,PP1,PTS,over,2.5,draftkings,900,True,1.0777115667163069,1.0748049180546095,0.0951364092155451,0.0945625803933156,17.72223436993845,2000.8358333333333,,"draftkings@0.5,sgo_fair@1.0",1.0472579744117947,0.1,0.0947921119222074,-0.0052078880777925,-0.0520788807779255,0.0005738288222294,955,1333.0,pass,2026-09-30T22:56:39+00:00,sgo_slate_alt_20260930T225639Z.json,williamnylander,1.0,0.0,0.0,0.0,17:29,0.0,True,0.0,10.0,-1.0,,goals+assists-nan-game-ou-over,,
PIT@PHI,Sidney Crosby,PIT,f1,PP1,SOG,over,3.5,fanduel,340,True,2.4079852528441497,2.295439573681033,0.228945512906366,0.2063933260416746,18.813389423076924,2041.185,,"draftkings@2.5,fanduel@2.5,pinnacle@2.5,sgo_fair@2.5",1.049054075237431,0.2272727272727272,0.2154142007875512,-0.011858526485176,-0.0521775165347746,0.0225521868646914,364,425.0,pass,2026-09-30T22:56:39+00:00,sgo_slate_alt_20260930T225639Z.json,sidneycrosby,3.0,0.0,1.0,1.0,17:39,3.0,True,0.0,4.4,-1.0,,shots_onGoal-nan-game-ou-over,,
LAK@COL,Nathan MacKinnon,COL,f1,PP1,SOG,over,2.5,fanduel,-380,True,3.989658001380116,4.1680332538125455,0.7358842314121686,0.7599882356788107,20.211023366508,2590.8675,,"draftkings@3.5,fanduel@3.5,pinnacle@3.5,sgo_fair@4.0",1.049054075237431,0.7916666666666666,0.7503466339721538,-0.0413200326945127,-0.0521937255088583,-0.024104004266642,-301,-264.0,pass,2026-09-30T22:56:39+00:00,sgo_slate_alt_20260930T225639Z.json,nathanmackinnon,8.0,2.0,0.0,2.0,17:44,8.0,True,1.0,1.263157894736842,0.26315789473684204,,shots_onGoal-nan-game-ou-over,,
LAK@COL,Alex Turcotte,LAK,f2,PP2,A,over,0.5,draftkings,360,False,0.2281126204052376,0.2324626435586768,0.2039653949527344,0.2074206432620047,13.5633279337653,1030.3283333333334,,"draftkings@0.5,sgo_fair@0.5",1.1144430424849077,0.217391304347826,0.2060385439382966,-0.0113527604095294,-0.0522226978838354,-0.0034552483092702,385,452.0,pass,2026-09-30T22:56:39+00:00,sgo_slate_alt_20260930T225639Z.json,alexturcotte,1.0,0.0,1.0,1.0,15:35,1.0,True,1.0,4.6,3.5999999999999996,,assists-nan-game-ou-over,,
LAK@COL,Brent Burns,COL,d3,-,PTS,over,0.5,draftkings,215,False,0.3630923670720937,0.3544379222030298,0.3044778128159878,0.2984323319850485,18.010786375105127,2321.115,,"draftkings@0.5,sgo_fair@0.5",1.0472579744117947,0.3174603174603174,0.3008505243174242,-0.0166097931428932,-0.0523208484001137,0.0060454808309392,232,263.0,pass,2026-09-30T22:56:39+00:00,sgo_slate_alt_20260930T225639Z.json,brentburns,0.0,0.0,1.0,1.0,15:23,1.0,True,1.0,3.15,2.15,,goals+assists-nan-game-ou-over,,
LAK@COL,Martin Necas,COL,f1,PP1,PTS,over,1.5,draftkings,185,True,1.2272836686262214,1.159090226714486,0.3472107294039829,0.3225389949999674,19.35776089828269,2352.2475,,"draftkings@0.5,sgo_fair@1.5",1.0472579744117947,0.3508771929824561,0.3324076887615736,-0.0184695042208824,-0.052638087029515,0.0246717344040154,201,225.0,pass,2026-09-30T22:56:39+00:00,sgo_slate_alt_20260930T225639Z.json,martinnecas,4.0,0.0,1.0,1.0,19:11,1.0,True,0.0,2.85,-1.0,,goals+assists-nan-game-ou-over,,
PIT@PHI,Rickard Rakell,PIT,f1,PP1,PTS,over,0.5,draftkings,-130,False,0.7974154291836085,0.745662623153935,0.5495082113012288,0.5255801658015481,18.540236737515123,1840.311666666667,,"draftkings@0.5,sgo_fair@0.5",1.0472579744117947,0.5652173913043478,0.5351513840014204,-0.0300660073029274,-0.0531937052282562,0.0239280454996807,-115,-104.0,pass,2026-09-30T22:56:39+00:00,sgo_slate_alt_20260930T225639Z.json,rickardrakell,2.0,0.0,1.0,1.0,18:32,1.0,True,1.0,1.7692307692307692,0.7692307692307692,,goals+assists-nan-game-ou-over,,
LAK@COL,Jaden Schwartz,COL,f3,PP2,A,under,0.5,draftkings,-350,False,0.2956137752137483,0.313018632411546,0.7440747526429573,0.7312362877465001,15.187584345479085,1458.8583333333331,,"draftkings@0.5,sgo_fair@0.5",1.1144430424849077,0.7777777777777778,0.7363716737050829,-0.0414061040726948,-0.0532364195220362,0.0128384648964572,-279,-246.0,pass,2026-09-30T22:56:39+00:00,sgo_slate_alt_20260930T225639Z.json,jadenschwartz,1.0,0.0,2.0,2.0,12:49,2.0,True,0.0,1.2857142857142856,-1.0,,assists-nan-game-ou-under,,
PIT@PHI,Sidney Crosby,PIT,f1,PP1,PTS,over,0.5,fanduel,-194,False,1.0383083920352354,0.9416197314020612,0.6459469052888442,0.6100043646775866,18.813389423076924,2041.185,,"draftkings@0.5,sgo_fair@0.5",1.0472579744117947,0.6598639455782312,0.6243813809220897,-0.0354825646561415,-0.0537725464376578,0.0359425406112576,-166,-150.0,pass,2026-09-30T22:56:39+00:00,sgo_slate_alt_20260930T225639Z.json,sidneycrosby,3.0,0.0,1.0,1.0,17:39,1.0,True,1.0,1.5154639175257731,0.5154639175257731,,goals+assists-nan-game-ou-over,,
LAK@COL,Gabriel Landeskog,COL,f2,PP1,G,under,0.5,fanduel,-360,False,0.2795268845249665,0.3149538076458562,0.7561413990395842,0.7298225857137868,16.206805555555555,984.8166666666668,,"fanduel@0.5,pinnacle@0.5,sgo_fair@0.5",1.0777230155902748,0.782608695652174,0.7403501110441058,-0.0422585846080681,-0.0539970803325315,0.0263188133257974,-285,-251.0,pass,2026-09-30T22:56:39+00:00,sgo_slate_alt_20260930T225639Z.json,gabriellandeskog,1.0,1.0,0.0,1.0,17:52,1.0,True,0.0,1.2777777777777777,-1.0,,points-nan-game-ou-under,,
LAK@COL,Erik Gustafsson,LAK,not in DF lineup,-,A,under,0.5,draftkings,-575,False,0.2177711128209043,0.2148937168789765,0.8043095167359497,0.8066271664743722,16.48183908045977,477.97333333333336,,"draftkings@0.5,sgo_fair@0.5",1.1144430424849077,0.8518518518518519,0.8057001065790033,-0.0461517452728486,-0.0541781357550832,-0.0023176497384224,-415,-356.0,pass,2026-09-30T22:56:39+00:00,sgo_slate_alt_20260930T225639Z.json,erikgustafsson,,,,,,,False,,1.1739130434782608,,,assists-nan-game-ou-under,,
LAK@COL,Quinton Byfield,LAK,f1,PP1,SOG,over,1.5,draftkings,-230,True,2.1342015259682805,2.459191254511227,0.6159517099165586,0.6880229454454388,18.790998989461528,2260.741666666667,,"draftkings@2.5,fanduel@2.5,pinnacle@2.5,sgo_fair@2.5",1.049054075237431,0.696969696969697,0.6591944512338868,-0.0377752457358102,-0.0541992656209451,-0.0720712355288802,-193,-173.0,pass,2026-09-30T22:56:39+00:00,sgo_slate_alt_20260930T225639Z.json,quintonbyfield,3.0,0.0,0.0,0.0,18:59,3.0,True,1.0,1.434782608695652,0.4347826086956521,,shots_onGoal-nan-game-ou-over,,
PIT@PHI,Egor Chinakhov,PIT,f2,PP1,A,under,0.5,draftkings,-290,False,0.3361805099919759,0.3627498739147795,0.7144941208468487,0.6957604395714603,14.739930555555556,970.55,,"draftkings@0.5,sgo_fair@0.5",1.1144430424849077,0.7435897435897436,0.7032539120816157,-0.0403358315081279,-0.0542447389247237,0.0187336812753884,-237,-211.0,pass,2026-09-30T22:56:39+00:00,sgo_slate_alt_20260930T225639Z.json,egorchinakhov,3.0,1.0,0.0,1.0,16:58,0.0,True,1.0,1.3448275862068966,0.3448275862068966,,assists-nan-game-ou-under,,
NYI@TOR,Morgan Rielly,TOR,d1,PP2,SOG,over,2.5,draftkings,275,True,1.8528291404701855,1.6403602041903742,0.2849626887267573,0.2302711956518014,21.86003738855335,2459.4066666666668,,"draftkings@1.5,sgo_fair@1.5",1.049054075237431,0.2666666666666666,0.2521477928817838,-0.0145188737848828,-0.0544457766933107,0.0546914930749558,297,340.0,pass,2026-09-30T22:56:39+00:00,sgo_slate_alt_20260930T225639Z.json,morganrielly,1.0,0.0,1.0,1.0,19:49,1.0,True,0.0,3.75,-1.0,,shots_onGoal-nan-game-ou-over,,
PIT@PHI,Matvei Michkov,PHI,f3,PP1,PTS,over,0.5,draftkings,-110,False,0.7178702648571117,0.6613131870978731,0.5122099859719692,0.4838269425624637,14.45386396011396,1802.7041666666669,,"draftkings@0.5,sgo_fair@0.5",1.0472579744117947,0.5238095238095238,0.4951801599262659,-0.0286293638832579,-0.0546560583225832,0.0283830434095054,102,113.0,pass,2026-09-30T22:56:39+00:00,sgo_slate_alt_20260930T225639Z.json,matveimichkov,1.0,0.0,0.0,0.0,15:47,0.0,True,0.0,1.9090909090909092,-1.0,MATVEI_MICHKOV_1_NHL,goals+assists-MATVEI_MICHKOV_1_NHL-game-ou-over,-115.0,0.011074197120708673
PIT@PHI,Matvei Michkov,PHI,f3,PP1,PTS,over,0.5,draftkings,-110,False,0.7178702648571117,0.6613131870978731,0.5122099859719692,0.4838269425624637,14.45386396011396,1802.7041666666669,,"draftkings@0.5,sgo_fair@0.5",1.0472579744117947,0.5238095238095238,0.4951801599262659,-0.0286293638832579,-0.0546560583225832,0.0283830434095054,102,113.0,pass,2026-09-30T22:56:39+00:00,sgo_slate_alt_20260930T225639Z.json,matveimichkov,1.0,0.0,0.0,0.0,15:47,0.0,True,0.0,1.9090909090909092,-1.0,MATVEI_MICHKOV_1_NHL,goals+assists-MATVEI_MICHKOV_1_NHL-game-ou-over,130.0,-0.08902691511387167
LAK@COL,Alex Turcotte,LAK,f2,PP2,A,under,0.5,draftkings,-525,False,0.2281126204052376,0.2324626435586768,0.7960346050472655,0.7925793567379953,13.5633279337653,1030.3283333333334,,"draftkings@0.5,sgo_fair@0.5",1.1144430424849077,0.84,0.7939614560617034,-0.0460385439382965,-0.0548077904027339,0.0034552483092702,-385,-333.0,pass,2026-09-30T22:56:39+00:00,sgo_slate_alt_20260930T225639Z.json,alexturcotte,1.0,0.0,1.0,1.0,15:35,1.0,True,0.0,1.1904761904761905,-1.0,,assists-nan-game-ou-under,,
PIT@PHI,Evgeni Malkin,PIT,f2,PP2,SOG,over,2.5,draftkings,185,True,2.137186161373,1.9634612706407568,0.3585619396665029,0.3136799677914277,16.83075923787529,1529.4875,,"draftkings@1.5,fanduel@1.5,pinnacle@1.5,sgo_fair@2.5",1.049054075237431,0.3508771929824561,0.3316327565414578,-0.0192444364409983,-0.0548466438568452,0.0448819718750752,202,226.0,pass,2026-09-30T22:56:39+00:00,sgo_slate_alt_20260930T225639Z.json,evgenimalkin,2.0,1.0,0.0,1.0,15:47,2.0,True,0.0,2.85,-1.0,,shots_onGoal-nan-game-ou-over,,
NYI@TOR,Matthew Schaefer,NYI,d1,PP1,SOG,under,2.5,fanduel,106,False,2.8030617277803405,2.966241044314394,0.4800615532550071,0.4444650782439142,23.59136178861789,2023.9833333333331,,"draftkings@2.5,fanduel@2.5,pinnacle@2.5,sgo_fair@3.5",1.049054075237431,0.4854368932038835,0.4587036682483514,-0.026733224955532,-0.055070443408396,0.0355964750110928,118,131.0,pass,2026-09-30T22:56:39+00:00,sgo_slate_alt_20260930T225639Z.json,matthewschaefer,3.0,0.0,0.0,0.0,27:45,3.0,True,0.0,2.06,-1.0,,shots_onGoal-nan-game-ou-under,,
LAK@COL,Artemi Panarin,LAK,f1,PP1,SOG,over,1.5,fanduel,-310,True,2.719170564441844,2.517018793316034,0.7367914932754599,0.6995231579991081,19.238125,2334.2925,,"draftkings@2.5,fanduel@2.5,pinnacle@2.5,sgo_fair@2.5",1.049054075237431,0.7560975609756098,0.7144304921096488,-0.0416670688659609,-0.0551080588227226,0.0372683352763517,-250,-222.0,pass,2026-09-30T22:56:39+00:00,sgo_slate_alt_20260930T225639Z.json,artemipanarin,2.0,1.0,0.0,1.0,20:16,2.0,True,1.0,1.3225806451612903,0.32258064516129026,,shots_onGoal-nan-game-ou-over,,
LAK@COL,Artemi Panarin,LAK,f1,PP1,A,over,0.5,draftkings,105,False,0.643416138264927,0.6009854740904411,0.4745058065326125,0.4517289371496655,19.238125,2334.2925,,"draftkings@0.5,pinnacle@0.5,sgo_fair@0.5",1.1144430424849077,0.4878048780487805,0.4608396849028443,-0.0269651931459361,-0.0552786459491692,0.022776869382947,117,129.0,pass,2026-09-30T22:56:39+00:00,sgo_slate_alt_20260930T225639Z.json,artemipanarin,2.0,1.0,0.0,1.0,20:16,0.0,True,0.0,2.05,-1.0,,assists-nan-game-ou-over,,
NYI@TOR,William Nylander,TOR,f2,PP1,G,over,1.5,fanduel,1300,True,0.4217549653911107,0.4217549653911107,0.0674784014441467,0.0674784014441467,17.72223436993845,2000.8358333333333,,"fanduel@0.5,pinnacle@0.5,sgo_fair@0.5",1.0777230155902748,0.0714285714285714,0.0674784014441467,-0.0039501699844247,-0.0553023797819461,0.0,1382,2254.0,pass,2026-09-30T22:56:39+00:00,sgo_slate_alt_20260930T225639Z.json,williamnylander,1.0,0.0,0.0,0.0,17:29,0.0,True,0.0,14.0,-1.0,,points-nan-game-ou-over,,
LAK@COL,Drew Doughty,LAK,d1,PP2,SOG,under,1.5,draftkings,-165,False,1.3989282266323406,1.440518163632006,0.596434982989986,0.5826684981983363,22.876091617933724,1988.0616666666667,,"draftkings@1.5,pinnacle@1.5,sgo_fair@1.5",1.049054075237431,0.6226415094339622,0.5881750921149962,-0.034466417318966,-0.0553551550880364,0.0137664847916496,-143,-129.0,pass,2026-09-30T22:56:39+00:00,sgo_slate_alt_20260930T225639Z.json,drewdoughty,1.0,0.0,1.0,1.0,22:41,1.0,True,1.0,1.606060606060606,0.606060606060606,,shots_onGoal-nan-game-ou-under,,
NYI@TOR,Morgan Rielly,TOR,d1,PP2,PTS,under,0.5,draftkings,-185,False,0.4834960250646395,0.4933268317388351,0.6166238866004572,0.6105916757118484,21.86003738855335,2459.4066666666668,,"draftkings@0.5,sgo_fair@0.5",1.0472579744117947,0.6491228070175439,0.613004560067292,-0.0361182469502519,-0.0556416236801177,0.0060322108886088,-158,-143.0,pass,2026-09-30T22:56:39+00:00,sgo_slate_alt_20260930T225639Z.json,morganrielly,1.0,0.0,1.0,1.0,19:49,1.0,True,0.0,1.5405405405405406,-1.0,,goals+assists-nan-game-ou-under,,
NYI@TOR,Auston Matthews,TOR,f1,PP1,PTS,over,0.5,fanduel,-210,False,0.9384899061711012,1.0790770394883018,0.6087818343430194,0.6600908964071699,19.35674712013165,1888.035,,"draftkings@0.5,sgo_fair@1.0",1.0472579744117947,0.6774193548387096,0.6395672715815097,-0.0378520832571999,-0.0558768848082474,-0.0513090620641505,-177,-159.0,pass,2026-09-30T22:56:39+00:00,sgo_slate_alt_20260930T225639Z.json,austonmatthews,1.0,0.0,0.0,0.0,20:04,0.0,True,0.0,1.4761904761904763,-1.0,,goals+assists-nan-game-ou-over,,
LAK@COL,Nathan MacKinnon,COL,f1,PP1,G,under,0.5,fanduel,-160,False,0.5051771055979473,0.5691816642462283,0.6033987006755777,0.5659884177960292,20.211023366508,2590.8675,,"fanduel@0.5,pinnacle@0.5,sgo_fair@0.5",1.0777230155902748,0.6153846153846154,0.5809525309478485,-0.0344320844367669,-0.0559521372097462,0.0374102828795485,-139,-125.0,pass,2026-09-30T22:56:39+00:00,sgo_slate_alt_20260930T225639Z.json,nathanmackinnon,8.0,2.0,0.0,2.0,17:44,2.0,True,0.0,1.625,-1.0,,points-nan-game-ou-under,,
LAK@COL,Artemi Panarin,LAK,f1,PP1,G,over,0.5,fanduel,235,False,0.3364824287568725,0.3273524252982258,0.2857215657740856,0.2791703403512399,19.238125,2334.2925,,"fanduel@0.5,pinnacle@0.5,sgo_fair@0.5",1.0777230155902748,0.2985074626865671,0.2817908305203782,-0.0167166321661889,-0.0560007177567328,0.0065512254228456,255,289.0,pass,2026-09-30T22:56:39+00:00,sgo_slate_alt_20260930T225639Z.json,artemipanarin,2.0,1.0,0.0,1.0,20:16,1.0,True,1.0,3.35,2.35,,points-nan-game-ou-over,,
NYI@TOR,Matias Maccelli,NYI,f2,PP1,PTS,over,0.5,fanduel,114,False,0.5647292614710051,0.5931816813740372,0.4314859554202921,0.4474336052814991,15.174308093994778,1373.88,,"draftkings@0.5,sgo_fair@0.5",1.0472579744117947,0.4672897196261682,0.4410545453370164,-0.0262351742891518,-0.056143272978785,-0.015947649861207,127,140.0,pass,2026-09-30T22:56:39+00:00,sgo_slate_alt_20260930T225639Z.json,matiasmaccelli,1.0,0.0,0.0,0.0,17:39,0.0,True,0.0,2.1399999999999997,-1.0,,goals+assists-nan-game-ou-over,,
PIT@PHI,Evgeni Malkin,PIT,f2,PP2,PTS,over,1.5,fanduel,430,True,0.8222159802311847,0.7231705300660348,0.1992148925352181,0.163897950575318,16.83075923787529,1529.4875,,"draftkings@0.5,sgo_fair@0.5",1.0472579744117947,0.1886792452830188,0.1780247273592781,-0.0106545179237407,-0.0564689449958261,0.0353169419599,462,553.0,pass,2026-09-30T22:56:39+00:00,sgo_slate_alt_20260930T225639Z.json,evgenimalkin,2.0,1.0,0.0,1.0,15:47,1.0,True,0.0,5.3,-1.0,,goals+assists-nan-game-ou-over,,
LAK@COL,Adrian Kempe,LAK,f1,PP1,PTS,over,0.5,draftkings,-135,False,0.8165022144915082,0.7579243366881738,0.5580251126600573,0.5313618468060591,18.62954093940684,2261.9791666666665,,"draftkings@0.5,sgo_fair@0.5",1.0472579744117947,0.574468085106383,0.5420271531476584,-0.0324409319587246,-0.0564712519281502,0.0266632658539981,-118,-107.0,pass,2026-09-30T22:56:39+00:00,sgo_slate_alt_20260930T225639Z.json,adriankempe,3.0,0.0,0.0,0.0,19:23,0.0,True,0.0,1.7407407407407407,-1.0,,goals+assists-nan-game-ou-over,,
PIT@PHI,Evgeni Malkin,PIT,f2,PP2,PTS,over,0.5,draftkings,-130,False,0.8222159802311847,0.7231705300660348,0.5605432527470283,0.5147885628054228,16.83075923787529,1529.4875,,"draftkings@0.5,sgo_fair@0.5",1.0472579744117947,0.5652173913043478,0.533090438782065,-0.0321269525222828,-0.0568399929240389,0.0457546899416054,-114,-103.0,pass,2026-09-30T22:56:39+00:00,sgo_slate_alt_20260930T225639Z.json,evgenimalkin,2.0,1.0,0.0,1.0,15:47,1.0,True,1.0,1.7692307692307692,0.7692307692307692,,goals+assists-nan-game-ou-over,,
LAK@COL,Devon Toews,COL,d1,PP2,A,over,0.5,draftkings,190,False,0.3892477551692923,0.3960451558677604,0.3224336213559953,0.3270236935778396,22.805984996738424,2362.043333333333,,"draftkings@0.5,sgo_fair@0.5",1.1144430424849077,0.3448275862068966,0.3251876646891019,-0.0196399215177947,-0.0569557724016045,-0.0045900722218443,208,233.0,pass,2026-09-30T22:56:39+00:00,sgo_slate_alt_20260930T225639Z.json,devontoews,0.0,0.0,2.0,2.0,20:04,2.0,True,1.0,2.9,1.9,,assists-nan-game-ou-over,,
PIT@PHI,Sidney Crosby,PIT,f1,PP1,SOG,over,2.5,draftkings,130,False,2.4079852528441497,2.295439573681033,0.4268289244528659,0.3987968510612413,18.813389423076924,2041.185,,"draftkings@2.5,fanduel@2.5,pinnacle@2.5,sgo_fair@2.5",1.049054075237431,0.4347826086956521,0.4100096804178912,-0.0247729282777609,-0.0569777350388502,0.0280320733916246,144,160.0,pass,2026-09-30T22:56:39+00:00,sgo_slate_alt_20260930T225639Z.json,sidneycrosby,3.0,0.0,1.0,1.0,17:39,3.0,True,1.0,2.3,1.2999999999999998,,shots_onGoal-nan-game-ou-over,,
NYI@TOR,Bo Horvat,NYI,f1,PP1,SOG,over,4.5,draftkings,295,True,3.300034301037376,3.233630431286568,0.2456198289572133,0.2341287677282312,19.278630126057124,2147.205833333333,,"draftkings@2.5,fanduel@3.5,pinnacle@3.5,sgo_fair@3.5",1.049054075237431,0.2531645569620253,0.238725192219824,-0.0144393647422012,-0.0570354907316948,0.0114910612289821,319,368.0,pass,2026-09-30T22:56:39+00:00,sgo_slate_alt_20260930T225639Z.json,bohorvat,4.0,0.0,1.0,1.0,22:31,4.0,True,0.0,3.95,-1.0,,shots_onGoal-nan-game-ou-over,,
LAK@COL,Nathan MacKinnon,COL,f1,PP1,PTS,over,1.5,draftkings,105,False,1.5123828405469852,1.5814385355154077,0.4463104890405625,0.46905228091906,20.211023366508,2590.8675,,"draftkings@1.5,sgo_fair@1.5",1.0472579744117947,0.4878048780487805,0.459955564167661,-0.0278493138811194,-0.057091093456295,-0.0227417918784974,117,130.0,pass,2026-09-30T22:56:39+00:00,sgo_slate_alt_20260930T225639Z.json,nathanmackinnon,8.0,2.0,0.0,2.0,17:44,2.0,True,1.0,2.05,1.0499999999999998,,goals+assists-nan-game-ou-over,,
PIT@PHI,Trevor Zegras,PHI,f1,PP1,A,over,0.5,fanduel,118,False,0.5584258150106787,0.5718083225343162,0.4278910393008861,0.4354962896094064,18.15746991717456,1953.2883333333332,,"draftkings@0.5,pinnacle@0.5,sgo_fair@0.5",1.1144430424849077,0.4587155963302752,0.4324541894859983,-0.0262614068442769,-0.0572498669205238,-0.0076052503085202,131,145.0,pass,2026-09-30T22:56:39+00:00,sgo_slate_alt_20260930T225639Z.json,trevorzegras,1.0,0.0,0.0,0.0,16:25,0.0,True,0.0,2.1799999999999997,-1.0,TREVOR_ZEGRAS_1_NHL,assists-TREVOR_ZEGRAS_1_NHL-game-ou-over,120.0,-0.004170141784820669
PIT@PHI,Trevor Zegras,PHI,f1,PP1,A,over,0.5,fanduel,118,False,0.5584258150106787,0.5718083225343162,0.4278910393008861,0.4354962896094064,18.15746991717456,1953.2883333333332,,"draftkings@0.5,pinnacle@0.5,sgo_fair@0.5",1.1144430424849077,0.4587155963302752,0.4324541894859983,-0.0262614068442769,-0.0572498669205238,-0.0076052503085202,131,145.0,pass,2026-09-30T22:56:39+00:00,sgo_slate_alt_20260930T225639Z.json,trevorzegras,1.0,0.0,0.0,0.0,16:25,0.0,True,0.0,2.1799999999999997,-1.0,TREVOR_ZEGRAS_1_NHL,assists-TREVOR_ZEGRAS_1_NHL-game-ou-over,126.0,-0.016237720224080487
LAK@COL,Nathan MacKinnon,COL,f1,PP1,SOG,over,2.5,draftkings,-390,True,3.989658001380116,4.1680332538125455,0.7358842314121686,0.7599882356788107,20.211023366508,2590.8675,,"draftkings@3.5,fanduel@3.5,pinnacle@3.5,sgo_fair@4.0",1.049054075237431,0.7959183673469388,0.7503466339721538,-0.0455717333747849,-0.0572567932144734,-0.024104004266642,-301,-264.0,pass,2026-09-30T22:56:39+00:00,sgo_slate_alt_20260930T225639Z.json,nathanmackinnon,8.0,2.0,0.0,2.0,17:44,8.0,True,1.0,1.2564102564102564,0.2564102564102564,,shots_onGoal-nan-game-ou-over,,
LAK@COL,Cale Makar,COL,d1,PP1,A,over,1.5,draftkings,300,True,0.8576926868526407,0.9650953990367924,0.2120790095776779,0.2514030859130525,23.81464714714715,2789.351666666667,,"draftkings@0.5,pinnacle@0.5,sgo_fair@1.0",1.1144430424849077,0.25,0.2356734553789027,-0.0143265446210973,-0.0573061784843892,-0.0393240763353745,324,375.0,pass,2026-09-30T22:56:39+00:00,sgo_slate_alt_20260930T225639Z.json,calemakar,1.0,0.0,2.0,2.0,18:14,2.0,True,1.0,4.0,3.0,,assists-nan-game-ou-over,,
PIT@PHI,Noah Cates,PHI,f3,PP2,SOG,under,1.5,draftkings,-140,False,1.539117919267638,1.5440198666735991,0.5507929121269504,0.5492373152290508,14.816801878736124,1889.245,,"draftkings@1.5,sgo_fair@1.5",1.049054075237431,0.5833333333333334,0.5498595539882106,-0.0334737793451227,-0.0573836217344959,0.0015555968978995,-122,-110.0,pass,2026-09-30T22:56:39+00:00,sgo_slate_alt_20260930T225639Z.json,noahcates,1.0,0.0,0.0,0.0,14:17,1.0,True,1.0,1.7142857142857144,0.7142857142857144,NOAH_CATES_1_NHL,shots_onGoal-NOAH_CATES_1_NHL-game-ou-under,-140.0,0.0
LAK@COL,Drew Doughty,LAK,d1,PP2,PTS,under,0.5,draftkings,-280,False,0.3216565792043164,0.3941208360030484,0.7249471094986195,0.6742725749146866,22.876091617933724,1988.0616666666667,,"draftkings@0.5,sgo_fair@0.5",1.0472579744117947,0.7368421052631579,0.6945423887482598,-0.042299716514898,-0.0574067581273616,0.0506745345839328,-227,-203.0,pass,2026-09-30T22:56:39+00:00,sgo_slate_alt_20260930T225639Z.json,drewdoughty,1.0,0.0,1.0,1.0,22:41,1.0,True,0.0,1.3571428571428572,-1.0,,goals+assists-nan-game-ou-under,,
LAK@COL,Artturi Lehkonen,COL,f1,PP2,SOG,over,2.5,draftkings,160,True,2.166314040625648,2.143388850597425,0.3660265834430591,0.3601534114938504,18.532657100445324,1926.55,,"draftkings@1.5,sgo_fair@2.0",1.049054075237431,0.3846153846153846,0.3625026802735339,-0.0221127043418506,-0.0574930312888117,0.0058731719492087,176,196.0,pass,2026-09-30T22:56:39+00:00,sgo_slate_alt_20260930T225639Z.json,artturilehkonen,3.0,2.0,0.0,2.0,19:27,3.0,True,1.0,2.6,1.6,,shots_onGoal-nan-game-ou-over,,
NYI@TOR,Morgan Rielly,TOR,d1,PP2,A,under,0.5,draftkings,-260,False,0.3851160492171728,0.3847297579584044,0.6803716750227118,0.6806345474228728,21.86003738855335,2459.4066666666668,,"draftkings@0.5,sgo_fair@0.5",1.1144430424849077,0.7222222222222222,0.6805293984628084,-0.0416928237594138,-0.0577285252053423,-0.0002628724001609,-213,-190.0,pass,2026-09-30T22:56:39+00:00,sgo_slate_alt_20260930T225639Z.json,morganrielly,1.0,0.0,1.0,1.0,19:49,1.0,True,0.0,1.3846153846153846,-1.0,,assists-nan-game-ou-under,,
LAK@COL,Cale Makar,COL,d1,PP1,SOG,over,2.5,draftkings,-125,False,2.7498616403632345,2.8657877502754565,0.5079490334384509,0.5338350811972468,23.81464714714715,2789.351666666667,,"draftkings@2.5,fanduel@2.5,pinnacle@2.5,sgo_fair@3.0",1.049054075237431,0.5555555555555556,0.5234806620937285,-0.0320748934618271,-0.0577348082312887,-0.0258860477587958,-110,101.0,pass,2026-09-30T22:56:39+00:00,sgo_slate_alt_20260930T225639Z.json,calemakar,1.0,0.0,2.0,2.0,18:14,1.0,True,0.0,1.8,-1.0,,shots_onGoal-nan-game-ou-over,,
LAK@COL,Alex Laferriere,LAK,f2,PP2,SOG,under,2.5,draftkings,-165,False,2.3035064479336302,2.388241175899168,0.5991759500961598,0.5780478736273269,16.89103086155165,2074.2775,,"draftkings@2.5,sgo_fair@2.5",1.049054075237431,0.6226415094339622,0.5864991042148601,-0.0361424052191021,-0.0580468932306793,0.0211280764688328,-142,-128.0,pass,2026-09-30T22:56:39+00:00,sgo_slate_alt_20260930T225639Z.json,alexlaferriere,2.0,0.0,2.0,2.0,15:31,2.0,True,1.0,1.606060606060606,0.606060606060606,,shots_onGoal-nan-game-ou-under,,
NYI@TOR,Auston Matthews,TOR,f1,PP1,A,under,0.5,draftkings,-170,False,0.5277102844158762,0.5190368444410947,0.5899542517969666,0.5950934395884411,19.35674712013165,1888.035,,"draftkings@0.5,pinnacle@0.5,sgo_fair@0.5",1.1144430424849077,0.6296296296296297,0.5930377644718513,-0.0365918651577783,-0.0581164917211772,-0.0051391877914744,-146,-132.0,pass,2026-09-30T22:56:39+00:00,sgo_slate_alt_20260930T225639Z.json,austonmatthews,1.0,0.0,0.0,0.0,20:04,0.0,True,1.0,1.5882352941176472,0.5882352941176472,,assists-nan-game-ou-under,,
NYI@TOR,Tony DeAngelo,NYI,d3,PP2,A,over,0.5,draftkings,200,False,0.3834728892680917,0.372398857772767,0.3185094464939912,0.3109206569470584,18.18105358764759,1822.348333333333,,"draftkings@0.5,sgo_fair@0.5",1.1144430424849077,0.3333333333333333,0.3139561727658315,-0.0193771605675017,-0.0581314817025053,0.0075887895469327,219,246.0,pass,2026-09-30T22:56:39+00:00,sgo_slate_alt_20260930T225639Z.json,tonydeangelo,0.0,0.0,0.0,0.0,17:14,0.0,True,0.0,3.0,-1.0,,assists-nan-game-ou-over,,
LAK@COL,Martin Necas,COL,f1,PP1,G,under,0.5,fanduel,-240,False,0.3858860049104521,0.4236935642977052,0.6798480205992041,0.654624451479979,19.35776089828269,2352.2475,,"fanduel@0.5,pinnacle@0.5,sgo_fair@0.5",1.0777230155902748,0.7058823529411765,0.664713879127669,-0.0411684738135075,-0.0583220045691355,0.025223569119225,-198,-178.0,pass,2026-09-30T22:56:39+00:00,sgo_slate_alt_20260930T225639Z.json,martinnecas,4.0,0.0,1.0,1.0,19:11,0.0,True,1.0,1.4166666666666667,0.41666666666666674,,points-nan-game-ou-under,,
PIT@PHI,Owen Tippett,PHI,f1,PP2,SOG,over,3.5,draftkings,225,True,2.824634523713833,2.618038418092319,0.3155352788111288,0.2721857195034226,17.293983282893787,1918.3983333333333,,"draftkings@2.5,fanduel@2.5,pinnacle@2.5,sgo_fair@2.5",1.049054075237431,0.3076923076923077,0.2895255432265051,-0.0181667644658026,-0.0590419845138584,0.0433495593077062,245,278.0,pass,2026-09-30T22:56:39+00:00,sgo_slate_alt_20260930T225639Z.json,owentippett,4.0,0.0,0.0,0.0,14:11,4.0,True,1.0,3.25,2.25,OWEN_TIPPETT_1_NHL,shots_onGoal-OWEN_TIPPETT_1_NHL-game-ou-over,225.0,0.0
PIT@PHI,Owen Tippett,PHI,f1,PP2,SOG,over,3.5,draftkings,225,True,2.824634523713833,2.618038418092319,0.3155352788111288,0.2721857195034226,17.293983282893787,1918.3983333333333,,"draftkings@2.5,fanduel@2.5,pinnacle@2.5,sgo_fair@2.5",1.049054075237431,0.3076923076923077,0.2895255432265051,-0.0181667644658026,-0.0590419845138584,0.0433495593077062,245,278.0,pass,2026-09-30T22:56:39+00:00,sgo_slate_alt_20260930T225639Z.json,owentippett,4.0,0.0,0.0,0.0,14:11,4.0,True,1.0,3.25,2.25,OWEN_TIPPETT_1_NHL,shots_onGoal-OWEN_TIPPETT_1_NHL-game-ou-over,245.0,-0.017837235228539583
PIT@PHI,Matvei Michkov,PHI,f3,PP1,SOG,over,2.5,draftkings,195,True,2.1848627220870838,1.8506993587213365,0.3707676788520144,0.2844102532879372,14.45386396011396,1802.7041666666669,,"draftkings@1.5,sgo_fair@1.5",1.049054075237431,0.3389830508474576,0.3189532235135681,-0.0200298273338895,-0.059087990634974,0.0863574255640772,214,240.0,pass,2026-09-30T22:56:39+00:00,sgo_slate_alt_20260930T225639Z.json,matveimichkov,1.0,0.0,0.0,0.0,15:47,1.0,True,0.0,2.95,-1.0,MATVEI_MICHKOV_1_NHL,shots_onGoal-MATVEI_MICHKOV_1_NHL-game-ou-over,195.0,0.0
PIT@PHI,Matvei Michkov,PHI,f3,PP1,SOG,over,2.5,draftkings,195,True,2.1848627220870838,1.8506993587213365,0.3707676788520144,0.2844102532879372,14.45386396011396,1802.7041666666669,,"draftkings@1.5,sgo_fair@1.5",1.049054075237431,0.3389830508474576,0.3189532235135681,-0.0200298273338895,-0.059087990634974,0.0863574255640772,214,240.0,pass,2026-09-30T22:56:39+00:00,sgo_slate_alt_20260930T225639Z.json,matveimichkov,1.0,0.0,0.0,0.0,15:47,1.0,True,0.0,2.95,-1.0,MATVEI_MICHKOV_1_NHL,shots_onGoal-MATVEI_MICHKOV_1_NHL-game-ou-over,175.0,0.024653312788906034
NYI@TOR,Emil Heineman,NYI,f3,-,SOG,under,1.5,draftkings,100,False,1.81017411479442,1.8036624974711064,0.4692072611715711,0.4710581528255241,14.394946163178648,1680.3591666666666,,"draftkings@1.5,sgo_fair@1.5",1.049054075237431,0.5,0.4703177961639429,-0.029682203836057,-0.0593644076721141,-0.001850891653953,113,125.0,pass,2026-09-30T22:56:39+00:00,sgo_slate_alt_20260930T225639Z.json,emilheineman,1.0,1.0,0.0,1.0,13:26,1.0,True,1.0,2.0,1.0,,shots_onGoal-nan-game-ou-under,,
NYI@TOR,Matias Maccelli,NYI,f2,PP1,A,under,0.5,draftkings,-260,False,0.3714301901181298,0.3970440323597065,0.6897471553158866,0.6723044218307652,15.174308093994778,1373.88,,"draftkings@0.5,pinnacle@0.5,sgo_fair@0.5",1.1144430424849077,0.7222222222222222,0.6792815152248137,-0.0429407069974084,-0.0594563635348733,0.0174427334851213,-212,-189.0,pass,2026-09-30T22:56:39+00:00,sgo_slate_alt_20260930T225639Z.json,matiasmaccelli,1.0,0.0,0.0,0.0,17:39,0.0,True,1.0,1.3846153846153846,0.3846153846153846,,assists-nan-game-ou-under,,
NYI@TOR,Matthew Schaefer,NYI,d1,PP1,SOG,over,1.5,fanduel,-440,True,2.8030617277803405,2.966241044314394,0.750980039456694,0.7765727825219115,23.59136178861789,2023.9833333333331,,"draftkings@2.5,fanduel@2.5,pinnacle@2.5,sgo_fair@3.5",1.049054075237431,0.8148148148148148,0.7663356852958245,-0.0484791295189902,-0.0594971135005789,-0.0255927430652175,-328,-287.0,pass,2026-09-30T22:56:39+00:00,sgo_slate_alt_20260930T225639Z.json,matthewschaefer,3.0,0.0,0.0,0.0,27:45,3.0,True,1.0,1.2272727272727273,0.2272727272727273,,shots_onGoal-nan-game-ou-over,,
NYI@TOR,William Nylander,TOR,f2,PP1,SOG,over,2.5,draftkings,-120,False,2.6257504995545338,2.8720520934455664,0.4792817851547738,0.5352084369905237,17.72223436993845,2000.8358333333333,,"draftkings@2.5,fanduel@2.5,pinnacle@2.5,sgo_fair@3.0",1.049054075237431,0.5454545454545454,0.5128377762562237,-0.0326167691983216,-0.059797410196923,-0.0559266518357498,-105,105.0,pass,2026-09-30T22:56:39+00:00,sgo_slate_alt_20260930T225639Z.json,williamnylander,1.0,0.0,0.0,0.0,17:29,1.0,True,0.0,1.8333333333333335,-1.0,,shots_onGoal-nan-game-ou-over,,
PIT@PHI,Erik Karlsson,PIT,d1,PP1,PTS,over,0.5,draftkings,-130,False,0.7767978030575075,0.745662623153935,0.5401237295936997,0.5255801658015481,22.99009532320524,2627.4333333333334,,"draftkings@0.5,sgo_fair@0.5",1.0472579744117947,0.5652173913043478,0.5313975913184088,-0.0338197999859389,-0.0598350307443537,0.0145435637921516,-113,-103.0,pass,2026-09-30T22:56:39+00:00,sgo_slate_alt_20260930T225639Z.json,erikkarlsson,3.0,0.0,1.0,1.0,19:59,1.0,True,1.0,1.7692307692307692,0.7692307692307692,,goals+assists-nan-game-ou-over,,
NYI@TOR,Tony DeAngelo,NYI,d3,PP2,A,under,0.5,draftkings,-270,False,0.3834728892680917,0.372398857772767,0.6814905535060087,0.6890793430529416,18.18105358764759,1822.348333333333,,"draftkings@0.5,sgo_fair@0.5",1.1144430424849077,0.7297297297297297,0.6860438272341685,-0.0436859024955612,-0.0598658663828063,-0.0075887895469328,-219,-195.0,pass,2026-09-30T22:56:39+00:00,sgo_slate_alt_20260930T225639Z.json,tonydeangelo,0.0,0.0,0.0,0.0,17:14,0.0,True,1.0,1.3703703703703702,0.37037037037037024,,assists-nan-game-ou-under,,
LAK@COL,Nathan MacKinnon,COL,f1,PP1,PTS,under,1.5,draftkings,-135,False,1.5123828405469852,1.5814385355154077,0.5536895109594375,0.53094771908094,20.211023366508,2590.8675,,"draftkings@1.5,sgo_fair@1.5",1.0472579744117947,0.574468085106383,0.540044435832339,-0.034423649274044,-0.0599226487362988,0.0227417918784975,-117,-106.0,pass,2026-09-30T22:56:39+00:00,sgo_slate_alt_20260930T225639Z.json,nathanmackinnon,8.0,2.0,0.0,2.0,17:44,2.0,True,0.0,1.7407407407407407,-1.0,,goals+assists-nan-game-ou-under,,
NYI@TOR,Kyle Palmieri,NYI,f1,PP1,A,over,0.5,fanduel,186,False,0.4159763815294875,0.3870144094905083,0.340304148692598,0.3209186903595491,18.330910070005388,1155.1666666666667,,"draftkings@0.5,pinnacle@0.5,sgo_fair@0.5",1.1144430424849077,0.3496503496503496,0.3286728736927686,-0.0209774759575809,-0.0599955812386815,0.0193854583330488,204,229.0,pass,2026-09-30T22:56:39+00:00,sgo_slate_alt_20260930T225639Z.json,kylepalmieri,4.0,0.0,0.0,0.0,18:35,0.0,True,0.0,2.8600000000000003,-1.0,,assists-nan-game-ou-over,,
NYI@TOR,Darren Raddysh,TOR,d1,PP1,SOG,over,2.5,draftkings,-105,False,2.705706027404084,2.5881644153857963,0.4978597571802653,0.4704158365693176,21.772137732023086,2248.580833333333,,"draftkings@2.5,fanduel@2.5,pinnacle@2.5,sgo_fair@2.5",1.049054075237431,0.5121951219512195,0.4813934048136967,-0.0308017171375228,-0.0601366858399254,0.0274439206109476,108,119.0,pass,2026-09-30T22:56:39+00:00,sgo_slate_alt_20260930T225639Z.json,darrenraddysh,4.0,0.0,0.0,0.0,20:36,4.0,True,1.0,1.9523809523809523,0.9523809523809523,,shots_onGoal-nan-game-ou-over,,
NYI@TOR,William Nylander,TOR,f2,PP1,SOG,over,4.5,fanduel,490,True,2.6257504995545338,2.8720520934455664,0.1368720678263518,0.1742060835242217,17.72223436993845,2000.8358333333333,,"draftkings@2.5,fanduel@2.5,pinnacle@2.5,sgo_fair@3.0",1.049054075237431,0.1694915254237288,0.1592724772450737,-0.010219048178655,-0.0602923842540646,-0.0373340156978699,528,645.0,pass,2026-09-30T22:56:39+00:00,sgo_slate_alt_20260930T225639Z.json,williamnylander,1.0,0.0,0.0,0.0,17:29,1.0,True,0.0,5.9,-1.0,,shots_onGoal-nan-game-ou-over,,
LAK@COL,Devon Toews,COL,d1,PP2,PTS,under,0.5,draftkings,-200,False,0.4430540763122031,0.4844917577716692,0.6420724852368203,0.6160101996134408,22.805984996738424,2362.043333333333,,"draftkings@0.5,sgo_fair@0.5",1.0472579744117947,0.6666666666666666,0.6264351138627926,-0.040231552803874,-0.060347329205811,0.0260622856233794,-168,-151.0,pass,2026-09-30T22:56:39+00:00,sgo_slate_alt_20260930T225639Z.json,devontoews,0.0,0.0,2.0,2.0,20:04,2.0,True,0.0,1.5,-1.0,,goals+assists-nan-game-ou-under,,
LAK@COL,Quinton Byfield,LAK,f1,PP1,G,over,0.5,fanduel,270,False,0.286868889663782,0.2968870187880598,0.2493898648669283,0.2568720328824529,18.790998989461528,2260.741666666667,,"fanduel@0.5,pinnacle@0.5,sgo_fair@0.5",1.0777230155902748,0.2702702702702703,0.2538791656762431,-0.0163911045940271,-0.0606470869979003,-0.0074821680155246,294,337.0,pass,2026-09-30T22:56:39+00:00,sgo_slate_alt_20260930T225639Z.json,quintonbyfield,3.0,0.0,0.0,0.0,18:59,0.0,True,0.0,3.7,-1.0,,points-nan-game-ou-over,,
PIT@PHI,Erik Karlsson,PIT,d1,PP1,SOG,under,2.5,draftkings,-185,False,2.26391480239126,2.260387999371989,0.6091496159978261,0.6100409563568303,22.99009532320524,2627.4333333333334,,"draftkings@2.5,fanduel@2.5,pinnacle@2.5,sgo_fair@2.5",1.049054075237431,0.6491228070175439,0.6096844202132287,-0.0394383868043152,-0.0607564337255666,-0.0008913403590041,-156,-141.0,pass,2026-09-30T22:56:39+00:00,sgo_slate_alt_20260930T225639Z.json,erikkarlsson,3.0,0.0,1.0,1.0,19:59,3.0,True,0.0,1.5405405405405406,-1.0,,shots_onGoal-nan-game-ou-under,,
NYI@TOR,John Tavares,TOR,f2,PP1,A,over,0.5,fanduel,144,False,0.5107039472568562,0.4697257191879558,0.3999269896527874,0.3748262820760266,17.08891862955032,2122.2625,,"draftkings@0.5,pinnacle@0.5,sgo_fair@0.5",1.1144430424849077,0.4098360655737705,0.3848665651067309,-0.0249695004670396,-0.0609255811395766,0.0251007075767608,160,178.0,pass,2026-09-30T22:56:39+00:00,sgo_slate_alt_20260930T225639Z.json,johntavares,1.0,0.0,0.0,0.0,16:58,0.0,True,0.0,2.44,-1.0,,assists-nan-game-ou-over,,
LAK@COL,Martin Necas,COL,f1,PP1,SOG,over,1.5,draftkings,-370,True,2.556363088540212,2.8628088231689897,0.7071296031709292,0.7606511639250932,19.35776089828269,2352.2475,,"draftkings@2.5,fanduel@2.5,pinnacle@2.5,sgo_fair@3.5",1.049054075237431,0.7872340425531915,0.7392425396234277,-0.0479915029297638,-0.0609621793972676,-0.053521560754164,-283,-250.0,pass,2026-09-30T22:56:39+00:00,sgo_slate_alt_20260930T225639Z.json,martinnecas,4.0,0.0,1.0,1.0,19:11,4.0,True,1.0,1.2702702702702702,0.2702702702702702,,shots_onGoal-nan-game-ou-over,,
PIT@PHI,Erik Karlsson,PIT,d1,PP1,A,over,0.5,draftkings,105,False,0.6437313264631185,0.5921936275143265,0.4746714100011113,0.4468873701120058,22.99009532320524,2627.4333333333334,,"draftkings@0.5,pinnacle@0.5,sgo_fair@0.5",1.1144430424849077,0.4878048780487805,0.458000986067648,-0.0298038919811324,-0.0610979785613216,0.0277840398891054,118,131.0,pass,2026-09-30T22:56:39+00:00,sgo_slate_alt_20260930T225639Z.json,erikkarlsson,3.0,0.0,1.0,1.0,19:59,1.0,True,1.0,2.05,1.0499999999999998,,assists-nan-game-ou-over,,
PIT@PHI,Jamie Drysdale,PHI,d2,PP1,SOG,under,1.5,draftkings,-165,False,1.3078872216235509,1.522209345285188,0.6271813406641473,0.556180316931989,20.541472602739724,2308.5825,,"draftkings@1.5,sgo_fair@1.5",1.049054075237431,0.6226415094339622,0.5845807264248524,-0.0380607830091098,-0.0611279242267522,0.0710010237321583,-141,-127.0,pass,2026-09-30T22:56:39+00:00,sgo_slate_alt_20260930T225639Z.json,jamiedrysdale,0.0,0.0,0.0,0.0,17:21,0.0,True,1.0,1.606060606060606,0.606060606060606,JAMIE_DRYSDALE_1_NHL,shots_onGoal-JAMIE_DRYSDALE_1_NHL-game-ou-under,-165.0,0.0
PIT@PHI,Jamie Drysdale,PHI,d2,PP1,SOG,under,1.5,draftkings,-165,False,1.3078872216235509,1.522209345285188,0.6271813406641473,0.556180316931989,20.541472602739724,2308.5825,,"draftkings@1.5,sgo_fair@1.5",1.049054075237431,0.6226415094339622,0.5845807264248524,-0.0380607830091098,-0.0611279242267522,0.0710010237321583,-141,-127.0,pass,2026-09-30T22:56:39+00:00,sgo_slate_alt_20260930T225639Z.json,jamiedrysdale,0.0,0.0,0.0,0.0,17:21,0.0,True,1.0,1.606060606060606,0.606060606060606,JAMIE_DRYSDALE_1_NHL,shots_onGoal-JAMIE_DRYSDALE_1_NHL-game-ou-under,-140.0,-0.03930817610062887
NYI@TOR,Kyle Palmieri,NYI,f1,PP1,PTS,over,0.5,fanduel,-104,False,0.6805069530848493,0.6321730011671364,0.4936397735918811,0.4685642650769178,18.330910070005388,1155.1666666666667,,"draftkings@0.5,sgo_fair@0.5",1.0472579744117947,0.5098039215686274,0.4785944684829031,-0.0312094530857243,-0.0612185425912285,0.0250755085149633,109,120.0,pass,2026-09-30T22:56:39+00:00,sgo_slate_alt_20260930T225639Z.json,kylepalmieri,4.0,0.0,0.0,0.0,18:35,0.0,True,0.0,1.9615384615384617,-1.0,,goals+assists-nan-game-ou-over,,
PIT@PHI,Owen Tippett,PHI,f1,PP2,G,over,1.5,fanduel,2000,True,0.3703362811061936,0.3075680690635958,0.0537799355596414,0.0386330422408133,17.293983282893787,1918.3983333333333,,"fanduel@0.5,pinnacle@0.5,sgo_fair@0.5",1.0777230155902748,0.0476190476190476,0.0446917995683446,-0.002927248050703,-0.0614722090647632,0.0151468933188281,2138,4978.0,pass,2026-09-30T22:56:39+00:00,sgo_slate_alt_20260930T225639Z.json,owentippett,4.0,0.0,0.0,0.0,14:11,0.0,True,0.0,21.0,-1.0,OWEN_TIPPETT_1_NHL,points-OWEN_TIPPETT_1_NHL-game-ou-over,2000.0,1.3877787807814457e-17
PIT@PHI,Owen Tippett,PHI,f1,PP2,G,over,1.5,fanduel,2000,True,0.3703362811061936,0.3075680690635958,0.0537799355596414,0.0386330422408133,17.293983282893787,1918.3983333333333,,"fanduel@0.5,pinnacle@0.5,sgo_fair@0.5",1.0777230155902748,0.0476190476190476,0.0446917995683446,-0.002927248050703,-0.0614722090647632,0.0151468933188281,2138,4978.0,pass,2026-09-30T22:56:39+00:00,sgo_slate_alt_20260930T225639Z.json,owentippett,4.0,0.0,0.0,0.0,14:11,0.0,True,0.0,21.0,-1.0,OWEN_TIPPETT_1_NHL,points-OWEN_TIPPETT_1_NHL-game-ou-over,3000.0,-0.015360983102918571
PIT@PHI,Travis Konecny,PHI,f2,PP2,G,over,0.5,fanduel,230,False,0.3268530725549238,0.3397959396150491,0.2788103021977025,0.2880844182910367,17.79007170032192,2230.1783333333337,,"fanduel@0.5,pinnacle@0.5,sgo_fair@0.5",1.0777230155902748,0.303030303030303,0.2843747718537031,-0.0186555311765999,-0.0615632528827798,-0.0092741160933342,252,286.0,pass,2026-09-30T22:56:39+00:00,sgo_slate_alt_20260930T225639Z.json,traviskonecny,2.0,0.0,0.0,0.0,14:47,0.0,True,0.0,3.3,-1.0,TRAVIS_KONECNY_1_NHL,points-TRAVIS_KONECNY_1_NHL-game-ou-over,230.0,5.551115123125783e-17
PIT@PHI,Travis Konecny,PHI,f2,PP2,G,over,0.5,fanduel,230,False,0.3268530725549238,0.3397959396150491,0.2788103021977025,0.2880844182910367,17.79007170032192,2230.1783333333337,,"fanduel@0.5,pinnacle@0.5,sgo_fair@0.5",1.0777230155902748,0.303030303030303,0.2843747718537031,-0.0186555311765999,-0.0615632528827798,-0.0092741160933342,252,286.0,pass,2026-09-30T22:56:39+00:00,sgo_slate_alt_20260930T225639Z.json,traviskonecny,2.0,0.0,0.0,0.0,14:47,0.0,True,0.0,3.3,-1.0,TRAVIS_KONECNY_1_NHL,points-TRAVIS_KONECNY_1_NHL-game-ou-over,290.0,-0.046620046620046596
LAK@COL,Drew Doughty,LAK,d1,PP2,A,under,0.5,draftkings,-390,False,0.267057565180265,0.308663594833029,0.7656289966255911,0.7344277937784945,22.876091617933724,1988.0616666666667,,"draftkings@0.5,sgo_fair@0.5",1.1144430424849077,0.7959183673469388,0.7469082749173332,-0.0490100924296055,-0.061576782796171,0.0312012028470966,-295,-260.0,pass,2026-09-30T22:56:39+00:00,sgo_slate_alt_20260930T225639Z.json,drewdoughty,1.0,0.0,1.0,1.0,22:41,1.0,True,0.0,1.2564102564102564,-1.0,,assists-nan-game-ou-under,,
LAK@COL,Artemi Panarin,LAK,f1,PP1,SOG,over,3.5,fanduel,250,True,2.719170564441844,2.517018793316034,0.2933482446654178,0.2512392218449933,19.238125,2334.2925,,"draftkings@2.5,fanduel@2.5,pinnacle@2.5,sgo_fair@2.5",1.049054075237431,0.2857142857142857,0.2680828309731631,-0.0176314547411225,-0.0617100915939289,0.0421090228204245,273,311.0,pass,2026-09-30T22:56:39+00:00,sgo_slate_alt_20260930T225639Z.json,artemipanarin,2.0,1.0,0.0,1.0,20:16,2.0,True,0.0,3.5,-1.0,,shots_onGoal-nan-game-ou-over,,
LAK@COL,Cale Makar,COL,d1,PP1,PTS,over,0.5,fanduel,-250,False,1.1126958860443712,1.1067963259298566,0.6713282958196636,0.6693835464004079,23.81464714714715,2789.351666666667,,"draftkings@0.5,sgo_fair@1.5",1.0472579744117947,0.7142857142857143,0.6701614461681101,-0.0441242681176041,-0.0617739753646459,0.0019447494192557,-203,-182.0,pass,2026-09-30T22:56:39+00:00,sgo_slate_alt_20260930T225639Z.json,calemakar,1.0,0.0,2.0,2.0,18:14,2.0,True,1.0,1.4,0.3999999999999999,,goals+assists-nan-game-ou-over,,
NYI@TOR,Matias Maccelli,NYI,f2,PP1,SOG,over,0.5,fanduel,-800,True,1.6506556219711694,2.0429238459214494,0.7965279895579107,0.8583512306516404,15.174308093994778,1373.88,,"draftkings@1.5,sgo_fair@2.0",1.049054075237431,0.8888888888888888,0.8336219342141485,-0.0552669546747403,-0.0621753240090828,-0.0618232410937297,-501,-423.0,pass,2026-09-30T22:56:39+00:00,sgo_slate_alt_20260930T225639Z.json,matiasmaccelli,1.0,0.0,0.0,0.0,17:39,1.0,True,1.0,1.125,0.125,,shots_onGoal-nan-game-ou-over,,
LAK@COL,Erik Haula,LAK,f3,PP2,G,over,1.5,fanduel,6500,False,0.1701791206180689,0.1843438021747296,0.0129378658338764,0.0150406763058716,14.81408969210174,1807.1625,,sgo_fair@0.5,1.0777230155902748,0.0151515151515151,0.0141995521170736,-0.0009519630344415,-0.0628295602731418,-0.0021028104719952,6942,,pass,2026-09-30T22:56:39+00:00,sgo_slate_alt_20260930T225639Z.json,erikhaula,3.0,0.0,1.0,1.0,15:26,0.0,True,0.0,66.0,-1.0,,points-nan-game-ou-over,,
LAK@COL,Nazem Kadri,COL,f2,PP2,G,under,0.5,fanduel,-400,False,0.2772805937552836,0.2953503232738995,0.7578418215915611,0.7442708064041714,17.56882499268364,2179.7783333333336,,"fanduel@0.5,pinnacle@0.5,sgo_fair@0.5",1.0777230155902748,0.8,0.7496992124791273,-0.0503007875208727,-0.0628759844010908,0.0135710151873896,-300,-263.0,pass,2026-09-30T22:56:39+00:00,sgo_slate_alt_20260930T225639Z.json,nazemkadri,2.0,0.0,2.0,2.0,17:57,0.0,True,1.0,1.25,0.25,,points-nan-game-ou-under,,
LAK@COL,Adrian Kempe,LAK,f1,PP1,SOG,over,4.5,fanduel,470,True,2.724080635461652,2.864901153745354,0.1513708963065102,0.1730766038736317,18.62954093940684,2261.9791666666665,,"draftkings@2.5,fanduel@2.5,pinnacle@2.5,sgo_fair@3.0",1.049054075237431,0.175438596491228,0.1643943208467831,-0.0110442756444448,-0.0629523711733358,-0.0217057075671215,508,617.0,pass,2026-09-30T22:56:39+00:00,sgo_slate_alt_20260930T225639Z.json,adriankempe,3.0,0.0,0.0,0.0,19:23,3.0,True,0.0,5.7,-1.0,,shots_onGoal-nan-game-ou-over,,
LAK@COL,Adrian Kempe,LAK,f1,PP1,A,under,0.5,draftkings,-210,False,0.447417316611769,0.4599614329420163,0.6392770716594707,0.6313079927293838,18.62954093940684,2261.9791666666665,,"draftkings@0.5,pinnacle@0.5,sgo_fair@0.5",1.1144430424849077,0.6774193548387096,0.6344956243014186,-0.042923730537291,-0.0633636022217153,0.0079690789300869,-174,-156.0,pass,2026-09-30T22:56:39+00:00,sgo_slate_alt_20260930T225639Z.json,adriankempe,3.0,0.0,0.0,0.0,19:23,0.0,True,1.0,1.4761904761904763,0.4761904761904763,,assists-nan-game-ou-under,,
NYI@TOR,Matthew Schaefer,NYI,d1,PP1,SOG,over,1.5,draftkings,-450,True,2.8030617277803405,2.966241044314394,0.750980039456694,0.7765727825219115,23.59136178861789,2023.9833333333331,,"draftkings@2.5,fanduel@2.5,pinnacle@2.5,sgo_fair@3.5",1.049054075237431,0.8181818181818182,0.7663356852958245,-0.0518461328859937,-0.0633674957495477,-0.0255927430652175,-328,-287.0,pass,2026-09-30T22:56:39+00:00,sgo_slate_alt_20260930T225639Z.json,matthewschaefer,3.0,0.0,0.0,0.0,27:45,3.0,True,1.0,1.2222222222222223,0.22222222222222232,,shots_onGoal-nan-game-ou-over,,
PIT@PHI,Egor Chinakhov,PIT,f2,PP1,PTS,under,0.5,draftkings,-135,False,0.6188586726348237,0.6205277692541304,0.5385587588063645,0.5376606019665289,14.739930555555556,970.55,,"draftkings@0.5,sgo_fair@0.5",1.0472579744117947,0.574468085106383,0.5380198647024631,-0.0364482204039199,-0.0634469021846012,0.0008981568398356,-116,-105.0,pass,2026-09-30T22:56:39+00:00,sgo_slate_alt_20260930T225639Z.json,egorchinakhov,3.0,1.0,0.0,1.0,16:58,1.0,True,0.0,1.7407407407407407,-1.0,,goals+assists-nan-game-ou-under,,
NYI@TOR,Bo Horvat,NYI,f1,PP1,PTS,over,2.5,draftkings,1200,True,0.801267980022136,1.0427583078969032,0.0476050862572467,0.0883320731954682,19.278630126057124,2147.205833333333,,"draftkings@0.5,sgo_fair@1.0",1.0472579744117947,0.0769230769230769,0.0720412784201796,-0.0048817985028972,-0.0634633805376646,-0.0407269869382214,1288,2026.0,pass,2026-09-30T22:56:39+00:00,sgo_slate_alt_20260930T225639Z.json,bohorvat,4.0,0.0,1.0,1.0,22:31,1.0,True,0.0,13.0,-1.0,,goals+assists-nan-game-ou-over,,
NYI@TOR,Bo Horvat,NYI,f1,PP1,PTS,over,2.5,fanduel,1200,True,0.801267980022136,1.0427583078969032,0.0476050862572467,0.0883320731954682,19.278630126057124,2147.205833333333,,"draftkings@0.5,sgo_fair@1.0",1.0472579744117947,0.0769230769230769,0.0720412784201796,-0.0048817985028972,-0.0634633805376646,-0.0407269869382214,1288,2026.0,pass,2026-09-30T22:56:39+00:00,sgo_slate_alt_20260930T225639Z.json,bohorvat,4.0,0.0,1.0,1.0,22:31,1.0,True,0.0,13.0,-1.0,,goals+assists-nan-game-ou-over,,
LAK@COL,Brian Dumoulin,LAK,d1,-,A,under,0.5,draftkings,-700,False,0.2054071922434298,0.1952567024057211,0.8143156658703873,0.8226234615282728,20.39904661016949,2159.175,,"draftkings@0.5,sgo_fair@0.5",1.1144430424849077,0.875,0.8193003432651186,-0.0556996567348814,-0.0636567505541502,-0.0083077956578855,-453,-386.0,pass,2026-09-30T22:56:39+00:00,sgo_slate_alt_20260930T225639Z.json,briandumoulin,2.0,1.0,0.0,1.0,16:30,0.0,True,1.0,1.1428571428571428,0.1428571428571428,,assists-nan-game-ou-under,,
LAK@COL,Brent Burns,COL,d3,-,PTS,under,0.5,draftkings,-295,False,0.3630923670720937,0.3544379222030298,0.6955221871840123,0.7015676680149514,18.010786375105127,2321.115,,"draftkings@0.5,sgo_fair@0.5",1.0472579744117947,0.7468354430379747,0.6991494756825758,-0.0476859673553988,-0.0638507020521442,-0.0060454808309391,-232,-207.0,pass,2026-09-30T22:56:39+00:00,sgo_slate_alt_20260930T225639Z.json,brentburns,0.0,0.0,1.0,1.0,15:23,1.0,True,0.0,1.3389830508474576,-1.0,,goals+assists-nan-game-ou-under,,
NYI@TOR,Auston Matthews,TOR,f1,PP1,A,over,0.5,draftkings,130,False,0.5277102844158762,0.5190368444410947,0.4100457482030334,0.404906560411559,19.35674712013165,1888.035,,"draftkings@0.5,pinnacle@0.5,sgo_fair@0.5",1.1144430424849077,0.4347826086956521,0.4069622355281487,-0.0278203731675034,-0.0639868582852579,0.0051391877914744,146,162.0,pass,2026-09-30T22:56:39+00:00,sgo_slate_alt_20260930T225639Z.json,austonmatthews,1.0,0.0,0.0,0.0,20:04,0.0,True,0.0,2.3,-1.0,,assists-nan-game-ou-over,,
PIT@PHI,Tommy Novak,PIT,f2,PP1,SOG,under,1.5,draftkings,-105,False,1.7358105722211197,1.8018267099676777,0.4906695261039976,0.4715809552621124,15.020621668234558,1492.5841666666668,,"draftkings@1.5,sgo_fair@1.5",1.049054075237431,0.5121951219512195,0.4792163835988665,-0.0329787383523529,-0.0643870605926891,0.0190885708418852,109,120.0,pass,2026-09-30T22:56:39+00:00,sgo_slate_alt_20260930T225639Z.json,tommynovak,0.0,0.0,1.0,1.0,16:04,0.0,True,1.0,1.9523809523809523,0.9523809523809523,,shots_onGoal-nan-game-ou-under,,
LAK@COL,Gabriel Landeskog,COL,f2,PP1,A,under,0.5,draftkings,-240,False,0.4030889953177559,0.4229062255299295,0.6682526253224141,0.6551400656438373,16.206805555555555,984.8166666666668,,"draftkings@0.5,pinnacle@0.5,sgo_fair@0.5",1.1144430424849077,0.7058823529411765,0.6603850895152681,-0.0454972634259084,-0.0644544565200367,0.0131125596785768,-194,-174.0,pass,2026-09-30T22:56:39+00:00,sgo_slate_alt_20260930T225639Z.json,gabriellandeskog,1.0,1.0,0.0,1.0,17:52,0.0,True,1.0,1.4166666666666667,0.41666666666666674,,assists-nan-game-ou-under,,
PIT@PHI,Noah Cates,PHI,f3,PP2,PTS,under,0.5,draftkings,-165,False,0.535102368949273,0.5440388566016648,0.5856093388635675,0.5803993623557535,14.816801878736124,1889.245,,"draftkings@0.5,sgo_fair@0.5",1.0472579744117947,0.6226415094339622,0.5824833529588791,-0.0401581564750831,-0.0644964331266487,0.0052099765078139,-140,-126.0,pass,2026-09-30T22:56:39+00:00,sgo_slate_alt_20260930T225639Z.json,noahcates,1.0,0.0,0.0,0.0,14:17,0.0,True,1.0,1.606060606060606,0.606060606060606,NOAH_CATES_1_NHL,goals+assists-NOAH_CATES_1_NHL-game-ou-under,-165.0,0.0
PIT@PHI,Noah Cates,PHI,f3,PP2,PTS,under,0.5,draftkings,-165,False,0.535102368949273,0.5440388566016648,0.5856093388635675,0.5803993623557535,14.816801878736124,1889.245,,"draftkings@0.5,sgo_fair@0.5",1.0472579744117947,0.6226415094339622,0.5824833529588791,-0.0401581564750831,-0.0644964331266487,0.0052099765078139,-140,-126.0,pass,2026-09-30T22:56:39+00:00,sgo_slate_alt_20260930T225639Z.json,noahcates,1.0,0.0,0.0,0.0,14:17,0.0,True,1.0,1.606060606060606,0.606060606060606,NOAH_CATES_1_NHL,goals+assists-NOAH_CATES_1_NHL-game-ou-under,-250.0,0.09164420485175206
LAK@COL,Jaden Schwartz,COL,f3,PP2,PTS,over,0.5,draftkings,135,False,0.521084778445875,0.4982585502393144,0.406124025432998,0.392412177384286,15.187584345479085,1458.8583333333331,,"draftkings@0.5,sgo_fair@0.5",1.0472579744117947,0.425531914893617,0.3978969166037708,-0.0276349982898462,-0.0649422459811386,0.013711848048712,151,168.0,pass,2026-09-30T22:56:39+00:00,sgo_slate_alt_20260930T225639Z.json,jadenschwartz,1.0,0.0,2.0,2.0,12:49,2.0,True,1.0,2.35,1.35,,goals+assists-nan-game-ou-over,,
PIT@PHI,Rickard Rakell,PIT,f1,PP1,A,under,0.5,draftkings,-230,False,0.4293540536722757,0.4278668899153989,0.650929424424803,0.6518981832460493,18.540236737515123,1840.311666666667,,"draftkings@0.5,pinnacle@0.5,sgo_fair@0.5",1.1144430424849077,0.696969696969697,0.6515106797175507,-0.0454590172521462,-0.0652238073617751,-0.0009687588212463,-187,-168.0,pass,2026-09-30T22:56:39+00:00,sgo_slate_alt_20260930T225639Z.json,rickardrakell,2.0,0.0,1.0,1.0,18:32,1.0,True,0.0,1.434782608695652,-1.0,,assists-nan-game-ou-under,,
PIT@PHI,Egor Chinakhov,PIT,f2,PP1,A,over,0.5,draftkings,215,False,0.3361805099919759,0.3627498739147795,0.2855058791531513,0.3042395604285397,14.739930555555556,970.55,,"draftkings@0.5,sgo_fair@0.5",1.1144430424849077,0.3174603174603174,0.2967460879183843,-0.020714229541933,-0.0652498230570892,-0.0187336812753884,237,268.0,pass,2026-09-30T22:56:39+00:00,sgo_slate_alt_20260930T225639Z.json,egorchinakhov,3.0,1.0,0.0,1.0,16:58,0.0,True,0.0,3.15,-1.0,,assists-nan-game-ou-over,,
NYI@TOR,Kyle Palmieri,NYI,f1,PP1,PTS,over,0.5,draftkings,-105,False,0.6805069530848493,0.6321730011671364,0.4936397735918811,0.4685642650769178,18.330910070005388,1155.1666666666667,,"draftkings@0.5,sgo_fair@0.5",1.0472579744117947,0.5121951219512195,0.4785944684829031,-0.0336006534683164,-0.0656012758190939,0.0250755085149633,109,120.0,pass,2026-09-30T22:56:39+00:00,sgo_slate_alt_20260930T225639Z.json,kylepalmieri,4.0,0.0,0.0,0.0,18:35,0.0,True,0.0,1.9523809523809523,-1.0,,goals+assists-nan-game-ou-over,,
LAK@COL,Devon Toews,COL,d1,PP2,A,under,0.5,draftkings,-260,False,0.3892477551692923,0.3960451558677604,0.6775663786440047,0.6729763064221603,22.805984996738424,2362.043333333333,,"draftkings@0.5,sgo_fair@0.5",1.1144430424849077,0.7222222222222222,0.6748123353108981,-0.047409886911324,-0.0656444588002949,0.0045900722218443,-208,-186.0,pass,2026-09-30T22:56:39+00:00,sgo_slate_alt_20260930T225639Z.json,devontoews,0.0,0.0,2.0,2.0,20:04,2.0,True,0.0,1.3846153846153846,-1.0,,assists-nan-game-ou-under,,
LAK@COL,Quinton Byfield,LAK,f1,PP1,SOG,over,0.5,fanduel,-2000,True,2.1342015259682805,2.459191254511227,0.869690223419988,0.9029367932206176,18.790998989461528,2260.741666666667,,"draftkings@2.5,fanduel@2.5,pinnacle@2.5,sgo_fair@2.5",1.049054075237431,0.9523809523809524,0.8896381653003658,-0.0627427870805865,-0.0658799264346159,-0.0332465698006294,-806,-639.0,pass,2026-09-30T22:56:39+00:00,sgo_slate_alt_20260930T225639Z.json,quintonbyfield,3.0,0.0,0.0,0.0,18:59,3.0,True,1.0,1.05,0.050000000000000044,,shots_onGoal-nan-game-ou-over,,
LAK@COL,Martin Necas,COL,f1,PP1,PTS,over,0.5,fanduel,-290,True,1.2272836686262214,1.159090226714486,0.7069123795090482,0.6862284879910121,19.35776089828269,2352.2475,,"draftkings@0.5,sgo_fair@1.5",1.0472579744117947,0.7435897435897436,0.6945020445982265,-0.0490876989915171,-0.0660144917472126,0.020683891518036,-227,-203.0,pass,2026-09-30T22:56:39+00:00,sgo_slate_alt_20260930T225639Z.json,martinnecas,4.0,0.0,1.0,1.0,19:11,1.0,True,1.0,1.3448275862068966,0.3448275862068966,,goals+assists-nan-game-ou-over,,
LAK@COL,Gabriel Landeskog,COL,f2,PP1,A,over,0.5,draftkings,175,False,0.4030889953177559,0.4229062255299295,0.3317473746775858,0.3448599343561627,16.206805555555555,984.8166666666668,,"draftkings@0.5,pinnacle@0.5,sgo_fair@0.5",1.1144430424849077,0.3636363636363636,0.3396149104847319,-0.0240214531516316,-0.066058996166987,-0.0131125596785768,194,218.0,pass,2026-09-30T22:56:39+00:00,sgo_slate_alt_20260930T225639Z.json,gabriellandeskog,1.0,1.0,0.0,1.0,17:52,0.0,True,0.0,2.75,-1.0,,assists-nan-game-ou-over,,
NYI@TOR,Matthew Schaefer,NYI,d1,PP1,SOG,over,2.5,fanduel,-138,False,2.8030617277803405,2.966241044314394,0.5199384467449929,0.5555349217560858,23.59136178861789,2023.9833333333331,,"draftkings@2.5,fanduel@2.5,pinnacle@2.5,sgo_fair@3.5",1.049054075237431,0.5798319327731093,0.5412963317516486,-0.0385356010214607,-0.0664599495877363,-0.0355964750110928,-118,-107.0,pass,2026-09-30T22:56:39+00:00,sgo_slate_alt_20260930T225639Z.json,matthewschaefer,3.0,0.0,0.0,0.0,27:45,3.0,True,1.0,1.7246376811594204,0.7246376811594204,,shots_onGoal-nan-game-ou-over,,
NYI@TOR,Brayden Schenn,NYI,f2,PP1,PTS,under,0.5,draftkings,-155,False,0.5625713374081568,0.5697829284946744,0.5697421793507798,0.5656482114825698,16.50940975192472,1989.5,,"draftkings@0.5,sgo_fair@0.5",1.0472579744117947,0.6078431372549019,0.5672857986298538,-0.040557338625048,-0.066723363544434,0.0040939678682099,-131,-118.0,pass,2026-09-30T22:56:39+00:00,sgo_slate_alt_20260930T225639Z.json,braydenschenn,1.0,0.0,0.0,0.0,14:27,0.0,True,1.0,1.6451612903225805,0.6451612903225805,,goals+assists-nan-game-ou-under,,
LAK@COL,Brock Nelson,COL,f2,PP2,G,over,1.5,fanduel,2000,True,0.3327038615926342,0.3323539802851173,0.0444746685190091,0.0443912361303943,17.712678062678066,2272.766666666667,,"fanduel@0.5,pinnacle@0.5,sgo_fair@0.5",1.0777230155902748,0.0476190476190476,0.0444246090858402,-0.0031944385332073,-0.0670832091973546,8.343238861481528e-05,2151,5048.0,pass,2026-09-30T22:56:39+00:00,sgo_slate_alt_20260930T225639Z.json,brocknelson,1.0,1.0,2.0,3.0,19:14,1.0,True,0.0,21.0,-1.0,,points-nan-game-ou-over,,
NYI@TOR,Bo Horvat,NYI,f1,PP1,A,over,0.5,fanduel,164,False,0.4097826858202507,0.4536578228076634,0.3362055135822048,0.364699918743863,19.278630126057124,2147.205833333333,,"draftkings@0.5,pinnacle@0.5,sgo_fair@0.5",1.1144430424849077,0.3787878787878788,0.3533021566791997,-0.025485722108679,-0.0672823063669127,-0.0284944051616581,183,205.0,pass,2026-09-30T22:56:39+00:00,sgo_slate_alt_20260930T225639Z.json,bohorvat,4.0,0.0,1.0,1.0,22:31,1.0,True,1.0,2.6399999999999997,1.6399999999999997,,assists-nan-game-ou-over,,
LAK@COL,Quinton Byfield,LAK,f1,PP1,G,under,0.5,fanduel,-400,False,0.286868889663782,0.2968870187880598,0.7506101351330716,0.743127967117547,18.790998989461528,2260.741666666667,,"fanduel@0.5,pinnacle@0.5,sgo_fair@0.5",1.0777230155902748,0.8,0.7461208343237569,-0.0538791656762431,-0.0673489570953038,0.0074821680155245,-294,-259.0,pass,2026-09-30T22:56:39+00:00,sgo_slate_alt_20260930T225639Z.json,quintonbyfield,3.0,0.0,0.0,0.0,18:59,0.0,True,1.0,1.25,0.25,,points-nan-game-ou-under,,
PIT@PHI,Travis Konecny,PHI,f2,PP2,G,under,0.5,fanduel,-330,False,0.3268530725549238,0.3397959396150491,0.7211896978022975,0.7119155817089633,17.79007170032192,2230.1783333333337,,"fanduel@0.5,pinnacle@0.5,sgo_fair@0.5",1.0777230155902748,0.7674418604651163,0.7156252281462969,-0.0518166323188193,-0.067518642112401,0.0092741160933341,-252,-223.0,pass,2026-09-30T22:56:39+00:00,sgo_slate_alt_20260930T225639Z.json,traviskonecny,2.0,0.0,0.0,0.0,14:47,0.0,True,1.0,1.303030303030303,0.303030303030303,TRAVIS_KONECNY_1_NHL,points-TRAVIS_KONECNY_1_NHL-game-ou-under,-320.0,-0.005537098560354448
PIT@PHI,Travis Konecny,PHI,f2,PP2,G,under,0.5,fanduel,-330,False,0.3268530725549238,0.3397959396150491,0.7211896978022975,0.7119155817089633,17.79007170032192,2230.1783333333337,,"fanduel@0.5,pinnacle@0.5,sgo_fair@0.5",1.0777230155902748,0.7674418604651163,0.7156252281462969,-0.0518166323188193,-0.067518642112401,0.0092741160933341,-252,-223.0,pass,2026-09-30T22:56:39+00:00,sgo_slate_alt_20260930T225639Z.json,traviskonecny,2.0,0.0,0.0,0.0,14:47,0.0,True,1.0,1.303030303030303,0.303030303030303,TRAVIS_KONECNY_1_NHL,points-TRAVIS_KONECNY_1_NHL-game-ou-under,-450.0,0.05073995771670192
PIT@PHI,Evgeni Malkin,PIT,f2,PP2,G,over,0.5,fanduel,275,False,0.277712834324563,0.2913171268858408,0.2424856776045089,0.2527213417163445,16.83075923787529,1529.4875,,"fanduel@0.5,pinnacle@0.5,sgo_fair@0.5",1.0777230155902748,0.2666666666666666,0.2486270760716102,-0.0180395905950563,-0.0676484647314614,-0.0102356641118356,302,347.0,pass,2026-09-30T22:56:39+00:00,sgo_slate_alt_20260930T225639Z.json,evgenimalkin,2.0,1.0,0.0,1.0,15:47,1.0,True,1.0,3.75,2.75,,points-nan-game-ou-over,,
LAK@COL,Artemi Panarin,LAK,f1,PP1,SOG,over,4.5,draftkings,600,True,2.719170564441844,2.517018793316034,0.1506334857157412,0.1215371501230243,19.238125,2334.2925,,"draftkings@2.5,fanduel@2.5,pinnacle@2.5,sgo_fair@2.5",1.049054075237431,0.1428571428571428,0.133175684360111,-0.0096814584970317,-0.0677702094792225,0.0290963355927169,651,824.0,pass,2026-09-30T22:56:39+00:00,sgo_slate_alt_20260930T225639Z.json,artemipanarin,2.0,1.0,0.0,1.0,20:16,2.0,True,0.0,7.0,-1.0,,shots_onGoal-nan-game-ou-over,,
LAK@COL,Gabriel Landeskog,COL,f2,PP1,PTS,under,0.5,draftkings,-120,False,0.6375339447445987,0.7031032069981124,0.5285943609608796,0.4950466853619903,16.206805555555555,984.8166666666668,,"draftkings@0.5,sgo_fair@0.5",1.0472579744117947,0.5454545454545454,0.508465755601546,-0.0369887898529993,-0.0678127813971655,0.0335476755988892,-103,107.0,pass,2026-09-30T22:56:39+00:00,sgo_slate_alt_20260930T225639Z.json,gabriellandeskog,1.0,1.0,0.0,1.0,17:52,1.0,True,0.0,1.8333333333333335,-1.0,,goals+assists-nan-game-ou-under,,
LAK@COL,Adrian Kempe,LAK,f1,PP1,A,over,0.5,draftkings,155,False,0.447417316611769,0.4599614329420163,0.3607229283405293,0.3686920072706162,18.62954093940684,2261.9791666666665,,"draftkings@0.5,pinnacle@0.5,sgo_fair@0.5",1.1144430424849077,0.392156862745098,0.3655043756985815,-0.0266524870465165,-0.0679638419686171,-0.0079690789300869,174,194.0,pass,2026-09-30T22:56:39+00:00,sgo_slate_alt_20260930T225639Z.json,adriankempe,3.0,0.0,0.0,0.0,19:23,0.0,True,0.0,2.55,-1.0,,assists-nan-game-ou-over,,
LAK@COL,Nathan MacKinnon,COL,f1,PP1,PTS,over,0.5,draftkings,-550,True,1.5123828405469852,1.5814385355154077,0.7796157886355846,0.7943209912705005,20.211023366508,2590.8675,,"draftkings@1.5,sgo_fair@1.5",1.0472579744117947,0.8461538461538461,0.7884389102165341,-0.057714935937312,-0.0682085606531869,-0.0147052026349159,-373,-323.0,pass,2026-09-30T22:56:39+00:00,sgo_slate_alt_20260930T225639Z.json,nathanmackinnon,8.0,2.0,0.0,2.0,17:44,2.0,True,1.0,1.1818181818181819,0.18181818181818188,,goals+assists-nan-game-ou-over,,
LAK@COL,Drew Doughty,LAK,d1,PP2,PTS,over,0.5,draftkings,205,False,0.3216565792043164,0.3941208360030484,0.2750528905013804,0.3257274250853134,22.876091617933724,1988.0616666666667,,"draftkings@0.5,sgo_fair@0.5",1.0472579744117947,0.3278688524590163,0.3054576112517402,-0.0224112412072761,-0.0683542856821924,-0.0506745345839329,227,257.0,pass,2026-09-30T22:56:39+00:00,sgo_slate_alt_20260930T225639Z.json,drewdoughty,1.0,0.0,1.0,1.0,22:41,1.0,True,1.0,3.05,2.05,,goals+assists-nan-game-ou-over,,
NYI@TOR,Auston Matthews,TOR,f1,PP1,SOG,over,4.5,fanduel,198,True,3.7442061530497432,3.6315658225880094,0.3246238567306634,0.3043596239127463,19.35674712013165,1888.035,,"draftkings@3.5,fanduel@3.5,pinnacle@3.5,sgo_fair@3.5",1.049054075237431,0.3355704697986577,0.3124653170399132,-0.0231051527587445,-0.0688533552210586,0.020264232817917,220,248.0,pass,2026-09-30T22:56:39+00:00,sgo_slate_alt_20260930T225639Z.json,austonmatthews,1.0,0.0,0.0,0.0,20:04,1.0,True,0.0,2.98,-1.0,,shots_onGoal-nan-game-ou-over,,
NYI@TOR,Brayden Schenn,NYI,f2,PP1,PTS,over,0.5,draftkings,115,False,0.5625713374081568,0.5697829284946744,0.4302578206492202,0.4343517885174301,16.50940975192472,1989.5,,"draftkings@0.5,sgo_fair@0.5",1.0472579744117947,0.4651162790697674,0.4327142013701461,-0.0324020776996212,-0.0696644670541858,-0.0040939678682098,131,145.0,pass,2026-09-30T22:56:39+00:00,sgo_slate_alt_20260930T225639Z.json,braydenschenn,1.0,0.0,0.0,0.0,14:27,0.0,True,0.0,2.15,-1.0,,goals+assists-nan-game-ou-over,,
PIT@PHI,Evgeni Malkin,PIT,f2,PP2,G,under,0.5,fanduel,-420,False,0.277712834324563,0.2913171268858408,0.7575143223954911,0.7472786582836555,16.83075923787529,1529.4875,,"fanduel@0.5,pinnacle@0.5,sgo_fair@0.5",1.0777230155902748,0.8076923076923077,0.7513729239283897,-0.0563193837639179,-0.0697287608505651,0.0102356641118356,-302,-265.0,pass,2026-09-30T22:56:39+00:00,sgo_slate_alt_20260930T225639Z.json,evgenimalkin,2.0,1.0,0.0,1.0,15:47,1.0,True,0.0,1.2380952380952381,-1.0,,points-nan-game-ou-under,,
NYI@TOR,Matias Maccelli,NYI,f2,PP1,A,over,0.5,draftkings,190,False,0.3714301901181298,0.3970440323597065,0.3102528446841134,0.3276955781692348,15.174308093994778,1373.88,,"draftkings@0.5,pinnacle@0.5,sgo_fair@0.5",1.1144430424849077,0.3448275862068966,0.3207184847751862,-0.0241091014317103,-0.06991639415196,-0.0174427334851213,212,238.0,pass,2026-09-30T22:56:39+00:00,sgo_slate_alt_20260930T225639Z.json,matiasmaccelli,1.0,0.0,0.0,0.0,17:39,0.0,True,0.0,2.9,-1.0,,assists-nan-game-ou-over,,
NYI@TOR,Kyle Palmieri,NYI,f1,PP1,A,under,0.5,draftkings,-260,False,0.4159763815294875,0.3870144094905083,0.659695851307402,0.6790813096404509,18.330910070005388,1155.1666666666667,,"draftkings@0.5,pinnacle@0.5,sgo_fair@0.5",1.1144430424849077,0.7222222222222222,0.6713271263072313,-0.0508950959149908,-0.0704701328053719,-0.0193854583330488,-204,-183.0,pass,2026-09-30T22:56:39+00:00,sgo_slate_alt_20260930T225639Z.json,kylepalmieri,4.0,0.0,0.0,0.0,18:35,0.0,True,1.0,1.3846153846153846,0.3846153846153846,,assists-nan-game-ou-under,,
LAK@COL,Artemi Panarin,LAK,f1,PP1,G,under,0.5,fanduel,-340,False,0.3364824287568725,0.3273524252982258,0.7142784342259143,0.72082965964876,19.238125,2334.2925,,"fanduel@0.5,pinnacle@0.5,sgo_fair@0.5",1.0777230155902748,0.7727272727272727,0.7182091694796218,-0.0545181032476509,-0.07055283949696,-0.0065512254228456,-255,-226.0,pass,2026-09-30T22:56:39+00:00,sgo_slate_alt_20260930T225639Z.json,artemipanarin,2.0,1.0,0.0,1.0,20:16,1.0,True,0.0,1.2941176470588236,-1.0,,points-nan-game-ou-under,,
PIT@PHI,Egor Chinakhov,PIT,f2,PP1,SOG,over,1.5,draftkings,-215,True,2.047991151939787,2.32978944517645,0.5946203119897719,0.6608692858011096,14.739930555555556,970.55,,"draftkings@2.5,sgo_fair@2.5",1.049054075237431,0.6825396825396826,0.6343696962765746,-0.0481699862631079,-0.0705746310366466,-0.0662489738113376,-174,-156.0,pass,2026-09-30T22:56:39+00:00,sgo_slate_alt_20260930T225639Z.json,egorchinakhov,3.0,1.0,0.0,1.0,16:58,3.0,True,1.0,1.4651162790697674,0.4651162790697674,,shots_onGoal-nan-game-ou-over,,
LAK@COL,Nazem Kadri,COL,f2,PP2,SOG,over,4.5,draftkings,650,True,2.725185691129943,2.396569607305325,0.1515370458453519,0.1054792506016723,17.56882499268364,2179.7783333333336,,"draftkings@2.5,fanduel@2.5,pinnacle@2.5,sgo_fair@2.5",1.049054075237431,0.1333333333333333,0.1239023686991442,-0.0094309646341891,-0.0707322347564185,0.0460577952436795,707,911.0,pass,2026-09-30T22:56:39+00:00,sgo_slate_alt_20260930T225639Z.json,nazemkadri,2.0,0.0,2.0,2.0,17:57,2.0,True,0.0,7.5,-1.0,,shots_onGoal-nan-game-ou-over,,
PIT@PHI,Trevor Zegras,PHI,f1,PP1,G,over,1.5,fanduel,2200,True,0.3360841840656494,0.3009290415213593,0.0452837460302049,0.0371430120063326,18.15746991717456,1953.2883333333332,,"fanduel@0.5,pinnacle@0.5,sgo_fair@0.5",1.0777230155902748,0.0434782608695652,0.0403993056158816,-0.0030789552536836,-0.0708159708347232,0.0081407340238722,2375,6394.0,pass,2026-09-30T22:56:39+00:00,sgo_slate_alt_20260930T225639Z.json,trevorzegras,1.0,0.0,0.0,0.0,16:25,0.0,True,0.0,23.0,-1.0,TREVOR_ZEGRAS_1_NHL,points-TREVOR_ZEGRAS_1_NHL-game-ou-over,2200.0,1.3877787807814457e-17
PIT@PHI,Trevor Zegras,PHI,f1,PP1,G,over,1.5,fanduel,2200,True,0.3360841840656494,0.3009290415213593,0.0452837460302049,0.0371430120063326,18.15746991717456,1953.2883333333332,,"fanduel@0.5,pinnacle@0.5,sgo_fair@0.5",1.0777230155902748,0.0434782608695652,0.0403993056158816,-0.0030789552536836,-0.0708159708347232,0.0081407340238722,2375,6394.0,pass,2026-09-30T22:56:39+00:00,sgo_slate_alt_20260930T225639Z.json,trevorzegras,1.0,0.0,0.0,0.0,16:25,0.0,True,0.0,23.0,-1.0,TREVOR_ZEGRAS_1_NHL,points-TREVOR_ZEGRAS_1_NHL-game-ou-over,3000.0,-0.011220196353436171
PIT@PHI,Owen Tippett,PHI,f1,PP2,A,under,0.5,draftkings,-310,False,0.3466471605610556,0.3574582934724719,0.7070547610554911,0.6994518700430847,17.293983282893787,1918.3983333333333,,"draftkings@0.5,pinnacle@0.5,sgo_fair@0.5",1.1144430424849077,0.7560975609756098,0.7024930264480473,-0.0536045345275624,-0.0708963198590342,0.0076028910124064,-236,-210.0,pass,2026-09-30T22:56:39+00:00,sgo_slate_alt_20260930T225639Z.json,owentippett,4.0,0.0,0.0,0.0,14:11,0.0,True,1.0,1.3225806451612903,0.32258064516129026,OWEN_TIPPETT_1_NHL,assists-OWEN_TIPPETT_1_NHL-game-ou-under,-310.0,0.0
PIT@PHI,Owen Tippett,PHI,f1,PP2,A,under,0.5,draftkings,-310,False,0.3466471605610556,0.3574582934724719,0.7070547610554911,0.6994518700430847,17.293983282893787,1918.3983333333333,,"draftkings@0.5,pinnacle@0.5,sgo_fair@0.5",1.1144430424849077,0.7560975609756098,0.7024930264480473,-0.0536045345275624,-0.0708963198590342,0.0076028910124064,-236,-210.0,pass,2026-09-30T22:56:39+00:00,sgo_slate_alt_20260930T225639Z.json,owentippett,4.0,0.0,0.0,0.0,14:11,0.0,True,1.0,1.3225806451612903,0.32258064516129026,OWEN_TIPPETT_1_NHL,assists-OWEN_TIPPETT_1_NHL-game-ou-under,-350.0,0.02168021680216803
PIT@PHI,Porter Martone,PHI,f1,PP1,PTS,over,1.5,draftkings,380,True,0.9007390304467908,0.7424955546482034,0.2277880781870733,0.1707032629643241,17.520370370370372,153.36666666666667,,"draftkings@0.5,sgo_fair@0.5",1.0472579744117947,0.2083333333333333,0.1935371890534238,-0.0147961442799094,-0.0710214925435656,0.0570848152227491,417,493.0,pass,2026-09-30T22:56:39+00:00,sgo_slate_alt_20260930T225639Z.json,portermartone,0.0,0.0,0.0,0.0,14:05,0.0,True,0.0,4.8,-1.0,PORTER_MARTONE_1_NHL,goals+assists-PORTER_MARTONE_1_NHL-game-ou-over,380.0,5.551115123125783e-17
PIT@PHI,Porter Martone,PHI,f1,PP1,PTS,over,1.5,draftkings,380,True,0.9007390304467908,0.7424955546482034,0.2277880781870733,0.1707032629643241,17.520370370370372,153.36666666666667,,"draftkings@0.5,sgo_fair@0.5",1.0472579744117947,0.2083333333333333,0.1935371890534238,-0.0147961442799094,-0.0710214925435656,0.0570848152227491,417,493.0,pass,2026-09-30T22:56:39+00:00,sgo_slate_alt_20260930T225639Z.json,portermartone,0.0,0.0,0.0,0.0,14:05,0.0,True,0.0,4.8,-1.0,PORTER_MARTONE_1_NHL,goals+assists-PORTER_MARTONE_1_NHL-game-ou-over,650.0,-0.07499999999999996
PIT@PHI,Erik Karlsson,PIT,d1,PP1,SOG,over,3.5,fanduel,365,True,2.26391480239126,2.260387999371989,0.200177383072041,0.1994850129784828,22.99009532320524,2627.4333333333334,,"draftkings@2.5,fanduel@2.5,pinnacle@2.5,sgo_fair@2.5",1.049054075237431,0.2150537634408602,0.1997619610159061,-0.015291802424954,-0.0711068812760364,0.0006923700935581,401,472.0,pass,2026-09-30T22:56:39+00:00,sgo_slate_alt_20260930T225639Z.json,erikkarlsson,3.0,0.0,1.0,1.0,19:59,3.0,True,0.0,4.65,-1.0,,shots_onGoal-nan-game-ou-over,,
NYI@TOR,Auston Matthews,TOR,f1,PP1,SOG,under,3.5,fanduel,-122,False,3.7442061530497432,3.6315658225880094,0.4969347162379939,0.5186536112871881,19.35674712013165,1888.035,,"draftkings@3.5,fanduel@3.5,pinnacle@3.5,sgo_fair@3.5",1.049054075237431,0.5495495495495496,0.5099660532675104,-0.0395834962820391,-0.0720289850378088,-0.0217188950491942,-104,106.0,pass,2026-09-30T22:56:39+00:00,sgo_slate_alt_20260930T225639Z.json,austonmatthews,1.0,0.0,0.0,0.0,20:04,1.0,True,1.0,1.819672131147541,0.819672131147541,,shots_onGoal-nan-game-ou-under,,
LAK@COL,Cale Makar,COL,d1,PP1,SOG,over,3.5,draftkings,195,True,2.7498616403632345,2.8657877502754565,0.299796258942165,0.324207204834136,23.81464714714715,2789.351666666667,,"draftkings@2.5,fanduel@2.5,pinnacle@2.5,sgo_fair@3.0",1.049054075237431,0.3389830508474576,0.3144428264773476,-0.0245402243701099,-0.0723936618918242,-0.024410945891971,218,245.0,pass,2026-09-30T22:56:39+00:00,sgo_slate_alt_20260930T225639Z.json,calemakar,1.0,0.0,2.0,2.0,18:14,1.0,True,0.0,2.95,-1.0,,shots_onGoal-nan-game-ou-over,,
LAK@COL,Jaden Schwartz,COL,f3,PP2,PTS,under,0.5,draftkings,-185,False,0.521084778445875,0.4982585502393144,0.5938759745670019,0.607587822615714,15.187584345479085,1458.8583333333331,,"draftkings@0.5,sgo_fair@0.5",1.0472579744117947,0.6491228070175439,0.6021030833962291,-0.0470197236213147,-0.072435790443647,-0.013711848048712,-151,-136.0,pass,2026-09-30T22:56:39+00:00,sgo_slate_alt_20260930T225639Z.json,jadenschwartz,1.0,0.0,2.0,2.0,12:49,2.0,True,0.0,1.5405405405405406,-1.0,,goals+assists-nan-game-ou-under,,
NYI@TOR,Simon Holmstrom,NYI,f1,PP2,A,under,0.5,draftkings,-400,False,0.3314670031890547,0.2770178282597631,0.7178698432414359,0.7580409824384912,17.38473022912047,1890.756666666667,,"draftkings@0.5,sgo_fair@0.5",1.1144430424849077,0.8,0.7419725267596691,-0.0580274732403309,-0.0725343415504136,-0.0401711391970552,-288,-253.0,pass,2026-09-30T22:56:39+00:00,sgo_slate_alt_20260930T225639Z.json,simonholmstrom,0.0,0.0,0.0,0.0,20:17,0.0,True,1.0,1.25,0.25,,assists-nan-game-ou-under,,
NYI@TOR,Jack Roslovic,TOR,f1,PP2,SOG,over,2.5,draftkings,190,True,2.19991281185797,1.8456281585303085,0.3746069343823004,0.2830950137272333,16.5629364333803,1610.1491666666666,,"draftkings@1.5,sgo_fair@1.5",1.049054075237431,0.3448275862068966,0.3196997819892601,-0.0251278042176364,-0.0728706322311456,0.0915119206550671,213,239.0,pass,2026-09-30T22:56:39+00:00,sgo_slate_alt_20260930T225639Z.json,jackroslovic,2.0,0.0,1.0,1.0,14:53,2.0,True,0.0,2.9,-1.0,,shots_onGoal-nan-game-ou-over,,
PIT@PHI,Sidney Crosby,PIT,f1,PP1,SOG,under,2.5,draftkings,-175,False,2.4079852528441497,2.295439573681033,0.573171075547134,0.6012031489387586,18.813389423076924,2041.185,,"draftkings@2.5,fanduel@2.5,pinnacle@2.5,sgo_fair@2.5",1.049054075237431,0.6363636363636364,0.5899903195821088,-0.0463733167815275,-0.0728723549424005,-0.0280320733916246,-144,-130.0,pass,2026-09-30T22:56:39+00:00,sgo_slate_alt_20260930T225639Z.json,sidneycrosby,3.0,0.0,1.0,1.0,17:39,3.0,True,0.0,1.5714285714285714,-1.0,,shots_onGoal-nan-game-ou-under,,
LAK@COL,Sam Malinski,COL,d2,-,A,under,0.5,draftkings,-350,False,0.3485576364522779,0.313018632411546,0.7057052395053842,0.7312362877465001,18.56353628800918,1990.1658333333328,,"draftkings@0.5,sgo_fair@0.5",1.1144430424849077,0.7777777777777778,0.7210238684500537,-0.056753909327724,-0.0729693119927881,-0.0255310482411158,-258,-229.0,pass,2026-09-30T22:56:39+00:00,sgo_slate_alt_20260930T225639Z.json,sammalinski,2.0,0.0,0.0,0.0,14:27,0.0,True,1.0,1.2857142857142856,0.2857142857142856,,assists-nan-game-ou-under,,
PIT@PHI,Owen Tippett,PHI,f1,PP2,PTS,over,0.5,fanduel,-106,False,0.6740210681690396,0.6313150547570513,0.4903449059215369,0.4681081260525095,17.293983282893787,1918.3983333333333,,"draftkings@0.5,sgo_fair@0.5",1.0472579744117947,0.5145631067961165,0.4770028380001205,-0.037560268795996,-0.0729944846412752,0.0222367798690274,110,121.0,pass,2026-09-30T22:56:39+00:00,sgo_slate_alt_20260930T225639Z.json,owentippett,4.0,0.0,0.0,0.0,14:11,0.0,True,0.0,1.9433962264150944,-1.0,OWEN_TIPPETT_1_NHL,goals+assists-OWEN_TIPPETT_1_NHL-game-ou-over,-113.0,0.015953325128766127
PIT@PHI,Owen Tippett,PHI,f1,PP2,PTS,over,0.5,fanduel,-106,False,0.6740210681690396,0.6313150547570513,0.4903449059215369,0.4681081260525095,17.293983282893787,1918.3983333333333,,"draftkings@0.5,sgo_fair@0.5",1.0472579744117947,0.5145631067961165,0.4770028380001205,-0.037560268795996,-0.0729944846412752,0.0222367798690274,110,121.0,pass,2026-09-30T22:56:39+00:00,sgo_slate_alt_20260930T225639Z.json,owentippett,4.0,0.0,0.0,0.0,14:11,0.0,True,0.0,1.9433962264150944,-1.0,OWEN_TIPPETT_1_NHL,goals+assists-OWEN_TIPPETT_1_NHL-game-ou-over,112.0,-0.04286499358856932
NYI@TOR,Auston Matthews,TOR,f1,PP1,PTS,over,1.5,fanduel,240,True,0.9384899061711012,1.0790770394883018,0.2416275347631689,0.2933027872070961,19.35674712013165,1888.035,,"draftkings@0.5,sgo_fair@1.0",1.0472579744117947,0.2941176470588235,0.2726326862295252,-0.0214849608292982,-0.0730488668196142,-0.0516752524439272,267,304.0,pass,2026-09-30T22:56:39+00:00,sgo_slate_alt_20260930T225639Z.json,austonmatthews,1.0,0.0,0.0,0.0,20:04,0.0,True,0.0,3.4,-1.0,,goals+assists-nan-game-ou-over,,
NYI@TOR,Morgan Rielly,TOR,d1,PP2,A,over,0.5,draftkings,190,False,0.3851160492171728,0.3847297579584044,0.3196283249772882,0.3193654525771272,21.86003738855335,2459.4066666666668,,"draftkings@0.5,sgo_fair@0.5",1.1144430424849077,0.3448275862068966,0.3194706015371916,-0.0253569846697049,-0.0735352555421444,0.000262872400161,213,240.0,pass,2026-09-30T22:56:39+00:00,sgo_slate_alt_20260930T225639Z.json,morganrielly,1.0,0.0,1.0,1.0,19:49,1.0,True,1.0,2.9,1.9,,assists-nan-game-ou-over,,
PIT@PHI,Sidney Crosby,PIT,f1,PP1,SOG,over,3.5,draftkings,330,True,2.4079852528441497,2.295439573681033,0.228945512906366,0.2063933260416746,18.813389423076924,2041.185,,"draftkings@2.5,fanduel@2.5,pinnacle@2.5,sgo_fair@2.5",1.049054075237431,0.2325581395348837,0.2154142007875512,-0.0171439387473325,-0.0737189366135299,0.0225521868646914,364,425.0,pass,2026-09-30T22:56:39+00:00,sgo_slate_alt_20260930T225639Z.json,sidneycrosby,3.0,0.0,1.0,1.0,17:39,3.0,True,0.0,4.3,-1.0,,shots_onGoal-nan-game-ou-over,,
PIT@PHI,Rickard Rakell,PIT,f1,PP1,SOG,over,4.5,fanduel,680,True,2.557960635509841,2.454728443435274,0.1272214828150322,0.1131059376429605,18.540236737515123,1840.311666666667,,"draftkings@2.5,fanduel@2.5,pinnacle@2.5,sgo_fair@2.5",1.049054075237431,0.1282051282051282,0.1187521557117891,-0.009452972493339,-0.0737331854480444,0.0141155451720716,742,967.0,pass,2026-09-30T22:56:39+00:00,sgo_slate_alt_20260930T225639Z.json,rickardrakell,2.0,0.0,1.0,1.0,18:32,2.0,True,0.0,7.8,-1.0,,shots_onGoal-nan-game-ou-over,,
NYI@TOR,Matias Maccelli,NYI,f2,PP1,PTS,over,0.5,draftkings,110,False,0.5647292614710051,0.5931816813740372,0.4314859554202921,0.4474336052814991,15.174308093994778,1373.88,,"draftkings@0.5,sgo_fair@0.5",1.0472579744117947,0.4761904761904761,0.4410545453370164,-0.0351359308534597,-0.0737854547922656,-0.015947649861207,127,140.0,pass,2026-09-30T22:56:39+00:00,sgo_slate_alt_20260930T225639Z.json,matiasmaccelli,1.0,0.0,0.0,0.0,17:39,0.0,True,0.0,2.1,-1.0,,goals+assists-nan-game-ou-over,,
LAK@COL,Nathan MacKinnon,COL,f1,PP1,A,over,1.5,draftkings,250,True,1.000345352338139,1.0013487503168603,0.264368165679752,0.2647372950196282,20.211023366508,2590.8675,,"draftkings@0.5,pinnacle@0.5,sgo_fair@1.0",1.1144430424849077,0.2857142857142857,0.2645896432836777,-0.0211246424306079,-0.0739362485071279,-0.0003691293398762,278,317.0,pass,2026-09-30T22:56:39+00:00,sgo_slate_alt_20260930T225639Z.json,nathanmackinnon,8.0,2.0,0.0,2.0,17:44,0.0,True,0.0,3.5,-1.0,,assists-nan-game-ou-over,,
LAK@COL,Sam Malinski,COL,d2,-,PTS,under,0.5,draftkings,-265,False,0.4188889421605983,0.3831521371393304,0.6577772425308693,0.681709178112056,18.56353628800918,1990.1658333333328,,draftkings@0.5,1.0472579744117947,0.726027397260274,0.6721364038795814,-0.0538909933806925,-0.0742272172979351,-0.0239319355811866,-205,-183.0,pass,2026-09-30T22:56:39+00:00,sgo_slate_alt_20260930T225639Z.json,sammalinski,2.0,0.0,0.0,0.0,14:27,0.0,True,1.0,1.3773584905660377,0.37735849056603765,,goals+assists-nan-game-ou-under,,
LAK@COL,Nathan MacKinnon,COL,f1,PP1,SOG,under,3.5,fanduel,114,False,3.989658001380116,4.1680332538125455,0.45139758940175,0.4199784465117806,20.211023366508,2590.8675,,"draftkings@3.5,fanduel@3.5,pinnacle@3.5,sgo_fair@4.0",1.049054075237431,0.4672897196261682,0.4325461036677683,-0.0347436159583998,-0.0743513381509758,0.0314191428899693,131,145.0,pass,2026-09-30T22:56:39+00:00,sgo_slate_alt_20260930T225639Z.json,nathanmackinnon,8.0,2.0,0.0,2.0,17:44,8.0,True,0.0,2.1399999999999997,-1.0,,shots_onGoal-nan-game-ou-under,,
NYI@TOR,Bo Horvat,NYI,f1,PP1,SOG,over,2.5,fanduel,-198,True,3.300034301037376,3.233630431286568,0.6225366618755444,0.6098435995592091,19.278630126057124,2147.205833333333,,"draftkings@2.5,fanduel@3.5,pinnacle@3.5,sgo_fair@3.5",1.049054075237431,0.6644295302013423,0.6149208244857431,-0.0495087057155991,-0.0745131025416592,0.0126930623163352,-160,-144.0,pass,2026-09-30T22:56:39+00:00,sgo_slate_alt_20260930T225639Z.json,bohorvat,4.0,0.0,1.0,1.0,22:31,4.0,True,1.0,1.5050505050505052,0.5050505050505052,,shots_onGoal-nan-game-ou-over,,
NYI@TOR,Matthew Schaefer,NYI,d1,PP1,PTS,under,0.5,draftkings,-105,False,0.7259272946813883,0.7610323454253813,0.4838756655235537,0.4671838828323736,23.59136178861789,2023.9833333333331,,"draftkings@0.5,sgo_fair@0.5",1.0472579744117947,0.5121951219512195,0.4738605959088457,-0.0383345260423738,-0.0748435984636821,0.0166917826911801,111,123.0,pass,2026-09-30T22:56:39+00:00,sgo_slate_alt_20260930T225639Z.json,matthewschaefer,3.0,0.0,0.0,0.0,27:45,0.0,True,1.0,1.9523809523809523,0.9523809523809523,,goals+assists-nan-game-ou-under,,
LAK@COL,Artemi Panarin,LAK,f1,PP1,A,under,0.5,draftkings,-140,False,0.643416138264927,0.6009854740904411,0.5254941934673875,0.5482710628503344,19.238125,2334.2925,,"draftkings@0.5,pinnacle@0.5,sgo_fair@0.5",1.1144430424849077,0.5833333333333334,0.5391603150971557,-0.0441730182361777,-0.0757251741191616,-0.0227768693829469,-117,-106.0,pass,2026-09-30T22:56:39+00:00,sgo_slate_alt_20260930T225639Z.json,artemipanarin,2.0,1.0,0.0,1.0,20:16,0.0,True,1.0,1.7142857142857144,0.7142857142857144,,assists-nan-game-ou-under,,
PIT@PHI,Egor Chinakhov,PIT,f2,PP1,G,under,0.5,fanduel,-450,False,0.2681130824628263,0.287164176434916,0.7648212883376415,0.7503885226111211,14.739930555555556,970.55,,"fanduel@0.5,pinnacle@0.5,sgo_fair@0.5",1.0777230155902748,0.8181818181818182,0.7561616289017292,-0.062020189280089,-0.075802453564553,0.0144327657265204,-310,-272.0,pass,2026-09-30T22:56:39+00:00,sgo_slate_alt_20260930T225639Z.json,egorchinakhov,3.0,1.0,0.0,1.0,16:58,1.0,True,0.0,1.2222222222222223,-1.0,,points-nan-game-ou-under,,
PIT@PHI,Egor Chinakhov,PIT,f2,PP1,PTS,over,0.5,draftkings,100,False,0.6188586726348237,0.6205277692541304,0.4614412411936354,0.4623393980334712,14.739930555555556,970.55,,"draftkings@0.5,sgo_fair@0.5",1.0472579744117947,0.5,0.4619801352975369,-0.0380198647024631,-0.0760397294049262,-0.0008981568398357,116,129.0,pass,2026-09-30T22:56:39+00:00,sgo_slate_alt_20260930T225639Z.json,egorchinakhov,3.0,1.0,0.0,1.0,16:58,1.0,True,1.0,2.0,1.0,,goals+assists-nan-game-ou-over,,
LAK@COL,Mats Zuccarello,LAK,f2,PP1,G,under,0.5,fanduel,-600,False,0.2440579738671946,0.2262805913501702,0.7834422137714185,0.7974943002663093,17.496636128076993,1710.3441666666663,,"fanduel@0.5,pinnacle@0.5,sgo_fair@0.5",1.0777230155902748,0.8571428571428571,0.791873465668353,-0.065269391474504,-0.0761476233869213,-0.0140520864948907,-380,-329.0,pass,2026-09-30T22:56:39+00:00,sgo_slate_alt_20260930T225639Z.json,matszuccarello,0.0,0.0,0.0,0.0,17:59,0.0,True,1.0,1.1666666666666667,0.16666666666666674,,points-nan-game-ou-under,,
LAK@COL,Alex Laferriere,LAK,f2,PP2,G,under,0.5,fanduel,-550,False,0.2514937545181477,0.2428807814914833,0.777638314320581,0.7843650190253681,16.89103086155165,2074.2775,,"fanduel@0.5,pinnacle@0.5,sgo_fair@0.5",1.0777230155902748,0.8461538461538461,0.7816743371434534,-0.0644795090103927,-0.0762030561031914,-0.0067267047047872,-358,-311.0,pass,2026-09-30T22:56:39+00:00,sgo_slate_alt_20260930T225639Z.json,alexlaferriere,2.0,0.0,2.0,2.0,15:31,0.0,True,1.0,1.1818181818181819,0.18181818181818188,,points-nan-game-ou-under,,
NYI@TOR,Auston Matthews,TOR,f1,PP1,G,under,0.5,fanduel,-200,False,0.5074794123494213,0.4703236671265999,0.6020110897391281,0.624800008328622,19.35674712013165,1888.035,,"fanduel@0.5,pinnacle@0.5,sgo_fair@0.5",1.0777230155902748,0.6666666666666666,0.6156844408928245,-0.0509822257738421,-0.0764733386607632,-0.0227889185894939,-160,-144.0,pass,2026-09-30T22:56:39+00:00,sgo_slate_alt_20260930T225639Z.json,austonmatthews,1.0,0.0,0.0,0.0,20:04,0.0,True,1.0,1.5,0.5,,points-nan-game-ou-under,,
PIT@PHI,Rickard Rakell,PIT,f1,PP1,A,over,0.5,draftkings,165,False,0.4293540536722757,0.4278668899153989,0.3490705755751971,0.3481018167539506,18.540236737515123,1840.311666666667,,"draftkings@0.5,pinnacle@0.5,sgo_fair@0.5",1.1144430424849077,0.3773584905660377,0.3484893202824492,-0.0288691702835885,-0.0765033012515096,0.0009687588212464,187,209.0,pass,2026-09-30T22:56:39+00:00,sgo_slate_alt_20260930T225639Z.json,rickardrakell,2.0,0.0,1.0,1.0,18:32,1.0,True,1.0,2.65,1.65,,assists-nan-game-ou-over,,
PIT@PHI,Noah Cates,PHI,f3,PP2,SOG,over,1.5,draftkings,105,False,1.539117919267638,1.5440198666735991,0.4492070878730497,0.4507626847709491,14.816801878736124,1889.245,,"draftkings@1.5,sgo_fair@1.5",1.049054075237431,0.4878048780487805,0.4501404460117894,-0.0376644320369911,-0.0772120856758318,-0.0015555968978994,122,135.0,pass,2026-09-30T22:56:39+00:00,sgo_slate_alt_20260930T225639Z.json,noahcates,1.0,0.0,0.0,0.0,14:17,1.0,True,0.0,2.05,-1.0,NOAH_CATES_1_NHL,shots_onGoal-NOAH_CATES_1_NHL-game-ou-over,105.0,0.0
LAK@COL,Jaden Schwartz,COL,f3,PP2,A,over,0.5,draftkings,250,False,0.2956137752137483,0.313018632411546,0.2559252473570427,0.2687637122534999,15.187584345479085,1458.8583333333331,,"draftkings@0.5,sgo_fair@0.5",1.1144430424849077,0.2857142857142857,0.263628326294917,-0.0220859594193686,-0.0773008579677902,-0.0128384648964572,279,319.0,pass,2026-09-30T22:56:39+00:00,sgo_slate_alt_20260930T225639Z.json,jadenschwartz,1.0,0.0,2.0,2.0,12:49,2.0,True,1.0,3.5,2.5,,assists-nan-game-ou-over,,
NYI@TOR,Kyle Palmieri,NYI,f1,PP1,PTS,under,0.5,draftkings,-130,False,0.6805069530848493,0.6321730011671364,0.5063602264081188,0.5314357349230823,18.330910070005388,1155.1666666666667,,"draftkings@0.5,sgo_fair@0.5",1.0472579744117947,0.5652173913043478,0.5214055315170969,-0.0438118597872508,-0.0775132903928286,-0.0250755085149634,-109,101.0,pass,2026-09-30T22:56:39+00:00,sgo_slate_alt_20260930T225639Z.json,kylepalmieri,4.0,0.0,0.0,0.0,18:35,0.0,True,1.0,1.7692307692307692,0.7692307692307692,,goals+assists-nan-game-ou-under,,
PIT@PHI,Kris Letang,PIT,d2,PP2,PTS,under,0.5,draftkings,-275,False,0.396626660239686,0.3873300439239018,0.6725850815182939,0.6788670020192659,21.127201770736253,2387.8975,,"draftkings@0.5,sgo_fair@0.5",1.0472579744117947,0.7333333333333333,0.676354233818877,-0.0569790995144562,-0.0776987720651676,-0.0062819205009719,-209,-187.0,pass,2026-09-30T22:56:39+00:00,sgo_slate_alt_20260930T225639Z.json,krisletang,4.0,0.0,1.0,1.0,18:44,1.0,True,0.0,1.3636363636363638,-1.0,,goals+assists-nan-game-ou-under,,
PIT@PHI,Trevor Zegras,PHI,f1,PP1,A,under,0.5,draftkings,-160,False,0.5584258150106787,0.5718083225343162,0.5721089606991139,0.5645037103905937,18.15746991717456,1953.2883333333332,,"draftkings@0.5,pinnacle@0.5,sgo_fair@0.5",1.1144430424849077,0.6153846153846154,0.5675458105140018,-0.0478388048706136,-0.077738057914747,0.0076052503085202,-131,-119.0,pass,2026-09-30T22:56:39+00:00,sgo_slate_alt_20260930T225639Z.json,trevorzegras,1.0,0.0,0.0,0.0,16:25,0.0,True,1.0,1.625,0.625,TREVOR_ZEGRAS_1_NHL,assists-TREVOR_ZEGRAS_1_NHL-game-ou-under,-160.0,0.0
PIT@PHI,Trevor Zegras,PHI,f1,PP1,A,under,0.5,draftkings,-160,False,0.5584258150106787,0.5718083225343162,0.5721089606991139,0.5645037103905937,18.15746991717456,1953.2883333333332,,"draftkings@0.5,pinnacle@0.5,sgo_fair@0.5",1.1144430424849077,0.6153846153846154,0.5675458105140018,-0.0478388048706136,-0.077738057914747,0.0076052503085202,-131,-119.0,pass,2026-09-30T22:56:39+00:00,sgo_slate_alt_20260930T225639Z.json,trevorzegras,1.0,0.0,0.0,0.0,16:25,0.0,True,1.0,1.625,0.625,TREVOR_ZEGRAS_1_NHL,assists-TREVOR_ZEGRAS_1_NHL-game-ou-under,-220.0,0.07211538461538458
LAK@COL,Nathan MacKinnon,COL,f1,PP1,SOG,over,3.5,draftkings,-160,False,3.989658001380116,4.1680332538125455,0.54860241059825,0.5800215534882194,20.211023366508,2590.8675,,"draftkings@3.5,fanduel@3.5,pinnacle@3.5,sgo_fair@4.0",1.049054075237431,0.6153846153846154,0.5674538963322316,-0.0479307190523837,-0.0778874184601235,-0.0314191428899693,-131,-119.0,pass,2026-09-30T22:56:39+00:00,sgo_slate_alt_20260930T225639Z.json,nathanmackinnon,8.0,2.0,0.0,2.0,17:44,8.0,True,1.0,1.625,0.625,,shots_onGoal-nan-game-ou-over,,
LAK@COL,Nathan MacKinnon,COL,f1,PP1,PTS,over,0.5,fanduel,-590,True,1.5123828405469852,1.5814385355154077,0.7796157886355846,0.7943209912705005,20.211023366508,2590.8675,,"draftkings@1.5,sgo_fair@1.5",1.0472579744117947,0.855072463768116,0.7884389102165341,-0.0666335535515818,-0.0779273761874431,-0.0147052026349159,-373,-323.0,pass,2026-09-30T22:56:39+00:00,sgo_slate_alt_20260930T225639Z.json,nathanmackinnon,8.0,2.0,0.0,2.0,17:44,2.0,True,1.0,1.1694915254237288,0.1694915254237288,,goals+assists-nan-game-ou-over,,
NYI@TOR,Emil Heineman,NYI,f3,-,SOG,over,1.5,draftkings,-135,False,1.81017411479442,1.8036624974711064,0.5307927388284289,0.5289418471744759,14.394946163178648,1680.3591666666666,,"draftkings@1.5,sgo_fair@1.5",1.049054075237431,0.574468085106383,0.5296822038360571,-0.0447858812703259,-0.0779606081372339,0.001850891653953,-113,-102.0,pass,2026-09-30T22:56:39+00:00,sgo_slate_alt_20260930T225639Z.json,emilheineman,1.0,1.0,0.0,1.0,13:26,1.0,True,0.0,1.7407407407407407,-1.0,,shots_onGoal-nan-game-ou-over,,
LAK@COL,Martin Necas,COL,f1,PP1,G,over,0.5,fanduel,175,False,0.3858860049104521,0.4236935642977052,0.3201519794007958,0.345375548520021,19.35776089828269,2352.2475,,"fanduel@0.5,pinnacle@0.5,sgo_fair@0.5",1.0777230155902748,0.3636363636363636,0.3352861208723309,-0.0283502427640326,-0.0779631676010899,-0.0252235691192251,198,222.0,pass,2026-09-30T22:56:39+00:00,sgo_slate_alt_20260930T225639Z.json,martinnecas,4.0,0.0,1.0,1.0,19:11,0.0,True,0.0,2.75,-1.0,,points-nan-game-ou-over,,
LAK@COL,Nathan MacKinnon,COL,f1,PP1,G,over,0.5,fanduel,120,False,0.5051771055979473,0.5691816642462283,0.3966012993244223,0.4340115822039708,20.211023366508,2590.8675,,"fanduel@0.5,pinnacle@0.5,sgo_fair@0.5",1.0777230155902748,0.4545454545454545,0.4190474690521514,-0.0354979854933031,-0.0780955680852668,-0.0374102828795485,139,154.0,pass,2026-09-30T22:56:39+00:00,sgo_slate_alt_20260930T225639Z.json,nathanmackinnon,8.0,2.0,0.0,2.0,17:44,2.0,True,1.0,2.2,1.2000000000000002,,points-nan-game-ou-over,,
NYI@TOR,Matthew Schaefer,NYI,d1,PP1,SOG,over,3.5,fanduel,178,True,2.8030617277803405,2.966241044314394,0.3109912509554727,0.3453680955023001,23.59136178861789,2023.9833333333331,,"draftkings@2.5,fanduel@2.5,pinnacle@2.5,sgo_fair@3.5",1.049054075237431,0.3597122302158273,0.3316173576835691,-0.0280948725322581,-0.0781037456396777,-0.0343768445468273,202,226.0,pass,2026-09-30T22:56:39+00:00,sgo_slate_alt_20260930T225639Z.json,matthewschaefer,3.0,0.0,0.0,0.0,27:45,3.0,True,0.0,2.7800000000000002,-1.0,,shots_onGoal-nan-game-ou-over,,
NYI@TOR,Auston Matthews,TOR,f1,PP1,SOG,over,4.5,draftkings,195,True,3.7442061530497432,3.6315658225880094,0.3246238567306634,0.3043596239127463,19.35674712013165,1888.035,,"draftkings@3.5,fanduel@3.5,pinnacle@3.5,sgo_fair@3.5",1.049054075237431,0.3389830508474576,0.3124653170399132,-0.0265177338075444,-0.0782273147322559,0.020264232817917,220,248.0,pass,2026-09-30T22:56:39+00:00,sgo_slate_alt_20260930T225639Z.json,austonmatthews,1.0,0.0,0.0,0.0,20:04,1.0,True,0.0,2.95,-1.0,,shots_onGoal-nan-game-ou-over,,
LAK@COL,Martin Necas,COL,f1,PP1,SOG,over,1.5,fanduel,-405,True,2.556363088540212,2.8628088231689897,0.7071296031709292,0.7606511639250932,19.35776089828269,2352.2475,,"draftkings@2.5,fanduel@2.5,pinnacle@2.5,sgo_fair@3.5",1.049054075237431,0.801980198019802,0.7392425396234277,-0.0627376583963743,-0.0782284382473309,-0.053521560754164,-283,-250.0,pass,2026-09-30T22:56:39+00:00,sgo_slate_alt_20260930T225639Z.json,martinnecas,4.0,0.0,1.0,1.0,19:11,4.0,True,1.0,1.2469135802469136,0.24691358024691357,,shots_onGoal-nan-game-ou-over,,
LAK@COL,Artemi Panarin,LAK,f1,PP1,A,over,0.5,fanduel,100,False,0.643416138264927,0.6009854740904411,0.4745058065326125,0.4517289371496655,19.238125,2334.2925,,"draftkings@0.5,pinnacle@0.5,sgo_fair@0.5",1.1144430424849077,0.5,0.4608396849028443,-0.0391603150971556,-0.0783206301943113,0.022776869382947,117,129.0,pass,2026-09-30T22:56:39+00:00,sgo_slate_alt_20260930T225639Z.json,artemipanarin,2.0,1.0,0.0,1.0,20:16,0.0,True,0.0,2.0,-1.0,,assists-nan-game-ou-over,,
LAK@COL,Brandt Clarke,LAK,d2,PP1,SOG,under,1.5,fanduel,112,False,1.905935235202562,1.9549146873457488,0.4426224489450486,0.4294856340708554,19.37295046968403,2195.145,,"draftkings@1.5,fanduel@1.5,pinnacle@1.5,sgo_fair@1.5",1.049054075237431,0.4716981132075472,0.4347403600205327,-0.0369577531870145,-0.0783504367564706,0.0131368148741932,130,144.0,pass,2026-09-30T22:56:39+00:00,sgo_slate_alt_20260930T225639Z.json,brandtclarke,1.0,0.0,0.0,0.0,18:57,1.0,True,1.0,2.12,1.12,,shots_onGoal-nan-game-ou-under,,
NYI@TOR,Bo Horvat,NYI,f1,PP1,G,under,0.5,fanduel,-260,False,0.4136074900220949,0.4027431987249163,0.6612604516596043,0.6684837447612608,19.278630126057124,2147.205833333333,,"fanduel@0.5,pinnacle@0.5,sgo_fair@0.5",1.0777230155902748,0.7222222222222222,0.6655944275205983,-0.0566277947016239,-0.0784077157407101,-0.0072232931016564,-199,-178.0,pass,2026-09-30T22:56:39+00:00,sgo_slate_alt_20260930T225639Z.json,bohorvat,4.0,0.0,1.0,1.0,22:31,0.0,True,1.0,1.3846153846153846,0.3846153846153846,,points-nan-game-ou-under,,
LAK@COL,Mats Zuccarello,LAK,f2,PP1,SOG,over,1.5,draftkings,-165,False,1.9793931685884407,1.9586806431344597,0.576962899780844,0.5715115234570536,17.496636128076993,1710.3441666666663,,"draftkings@1.5,fanduel@1.5,pinnacle@1.5,sgo_fair@2.5",1.049054075237431,0.6226415094339622,0.5736920739865697,-0.0489494354473925,-0.0786157599609638,0.0054513763237904,-135,-122.0,pass,2026-09-30T22:56:39+00:00,sgo_slate_alt_20260930T225639Z.json,matszuccarello,0.0,0.0,0.0,0.0,17:59,0.0,True,0.0,1.606060606060606,-1.0,,shots_onGoal-nan-game-ou-over,,
PIT@PHI,Tyson Foerster,PHI,f2,PP1,PTS,under,0.5,draftkings,-140,False,0.6241376615026002,0.6197100441035225,0.5357232041298026,0.5381004403722021,16.527680162974278,1116.2733333333333,,"draftkings@0.5,sgo_fair@0.5",1.0472579744117947,0.5833333333333334,0.5371495458752422,-0.0461837874580911,-0.0791722070710132,-0.0023772362423994,-116,-105.0,pass,2026-09-30T22:56:39+00:00,sgo_slate_alt_20260930T225639Z.json,tysonfoerster,1.0,0.0,0.0,0.0,17:08,0.0,True,1.0,1.7142857142857144,0.7142857142857144,TYSON_FOERSTER_1_NHL,goals+assists-TYSON_FOERSTER_1_NHL-game-ou-under,-140.0,0.0
PIT@PHI,Tyson Foerster,PHI,f2,PP1,PTS,under,0.5,draftkings,-140,False,0.6241376615026002,0.6197100441035225,0.5357232041298026,0.5381004403722021,16.527680162974278,1116.2733333333333,,"draftkings@0.5,sgo_fair@0.5",1.0472579744117947,0.5833333333333334,0.5371495458752422,-0.0461837874580911,-0.0791722070710132,-0.0023772362423994,-116,-105.0,pass,2026-09-30T22:56:39+00:00,sgo_slate_alt_20260930T225639Z.json,tysonfoerster,1.0,0.0,0.0,0.0,17:08,0.0,True,1.0,1.7142857142857144,0.7142857142857144,TYSON_FOERSTER_1_NHL,goals+assists-TYSON_FOERSTER_1_NHL-game-ou-under,-165.0,0.03930817610062887
NYI@TOR,Kyle Palmieri,NYI,f1,PP1,SOG,under,2.5,fanduel,-146,False,2.5751143695879755,2.481071999455715,0.5326816751869936,0.5552842306329584,18.330910070005388,1155.1666666666667,,"draftkings@2.5,fanduel@2.5,pinnacle@2.5,sgo_fair@2.5",1.049054075237431,0.5934959349593496,0.5462432084545725,-0.047252726504777,-0.0796176076724325,-0.0226025554459647,-120,-109.0,pass,2026-09-30T22:56:39+00:00,sgo_slate_alt_20260930T225639Z.json,kylepalmieri,4.0,0.0,0.0,0.0,18:35,4.0,True,0.0,1.6849315068493151,-1.0,,shots_onGoal-nan-game-ou-under,,
NYI@TOR,Tony DeAngelo,NYI,d3,PP2,PTS,over,0.5,draftkings,155,False,0.4293701622823864,0.4601727889571911,0.3490810610590514,0.3688254239126061,18.18105358764759,1822.348333333333,,"draftkings@0.5,sgo_fair@0.5",1.0472579744117947,0.392156862745098,0.3609276787711842,-0.0312291839739138,-0.0796344191334803,-0.0197443628535546,177,198.0,pass,2026-09-30T22:56:39+00:00,sgo_slate_alt_20260930T225639Z.json,tonydeangelo,0.0,0.0,0.0,0.0,17:14,0.0,True,0.0,2.55,-1.0,,goals+assists-nan-game-ou-over,,
PIT@PHI,Christian Dvorak,PHI,f2,-,A,under,0.5,draftkings,-330,False,0.3699497231166214,0.3339930272931689,0.6907690594797633,0.7160587750777141,16.72216638152267,2039.2425,,"draftkings@0.5,sgo_fair@0.5",1.1144430424849077,0.7674418604651163,0.7059428888385337,-0.0614989716265825,-0.0801350236346378,-0.0252897155979507,-240,-213.0,pass,2026-09-30T22:56:39+00:00,sgo_slate_alt_20260930T225639Z.json,christiandvorak,2.0,0.0,0.0,0.0,14:58,0.0,True,1.0,1.303030303030303,0.303030303030303,CHRISTIAN_DVORAK_1_NHL,assists-CHRISTIAN_DVORAK_1_NHL-game-ou-under,-330.0,0.0
PIT@PHI,Matvei Michkov,PHI,f3,PP1,G,under,0.5,fanduel,-440,False,0.2989256000805665,0.2815494979305065,0.7416145834477732,0.7546135629411503,14.45386396011396,1802.7041666666669,,"fanduel@0.5,pinnacle@0.5,sgo_fair@0.5",1.0777230155902748,0.8148148148148148,0.7494139711437995,-0.0654008436710152,-0.0802646717780642,-0.0129989794933771,-299,-263.0,pass,2026-09-30T22:56:39+00:00,sgo_slate_alt_20260930T225639Z.json,matveimichkov,1.0,0.0,0.0,0.0,15:47,0.0,True,1.0,1.2272727272727273,0.2272727272727273,MATVEI_MICHKOV_1_NHL,points-MATVEI_MICHKOV_1_NHL-game-ou-under,-420.0,-0.00712250712250706
NYI@TOR,Auston Matthews,TOR,f1,PP1,A,over,0.5,fanduel,126,False,0.5277102844158762,0.5190368444410947,0.4100457482030334,0.404906560411559,19.35674712013165,1888.035,,"draftkings@0.5,pinnacle@0.5,sgo_fair@0.5",1.1144430424849077,0.4424778761061947,0.4069622355281487,-0.0355156405780459,-0.0802653477063839,0.0051391877914744,146,162.0,pass,2026-09-30T22:56:39+00:00,sgo_slate_alt_20260930T225639Z.json,austonmatthews,1.0,0.0,0.0,0.0,20:04,0.0,True,0.0,2.26,-1.0,,assists-nan-game-ou-over,,
NYI@TOR,Auston Matthews,TOR,f1,PP1,SOG,over,5.5,fanduel,410,True,3.7442061530497432,3.6315658225880094,0.189683233368013,0.173979912302463,19.35674712013165,1888.035,,"draftkings@3.5,fanduel@3.5,pinnacle@3.5,sgo_fair@3.5",1.049054075237431,0.196078431372549,0.180261240728683,-0.0158171906438659,-0.0806676722837164,0.01570332106555,455,544.0,pass,2026-09-30T22:56:39+00:00,sgo_slate_alt_20260930T225639Z.json,austonmatthews,1.0,0.0,0.0,0.0,20:04,1.0,True,0.0,5.1,-1.0,,shots_onGoal-nan-game-ou-over,,
NYI@TOR,Bo Horvat,NYI,f1,PP1,SOG,over,3.5,fanduel,126,False,3.300034301037376,3.233630431286568,0.4149044426596387,0.4012276618177179,19.278630126057124,2147.205833333333,,"draftkings@2.5,fanduel@3.5,pinnacle@3.5,sgo_fair@3.5",1.049054075237431,0.4424778761061947,0.4066983741544862,-0.0357795019517084,-0.0808616744108612,0.0136767808419208,146,162.0,pass,2026-09-30T22:56:39+00:00,sgo_slate_alt_20260930T225639Z.json,bohorvat,4.0,0.0,1.0,1.0,22:31,4.0,True,1.0,2.26,1.2599999999999998,,shots_onGoal-nan-game-ou-over,,
LAK@COL,Artturi Lehkonen,COL,f1,PP2,PTS,over,1.5,draftkings,550,True,0.6800806683348012,0.6433425878303737,0.148911243558657,0.1363694941543894,18.532657100445324,1926.55,,"draftkings@0.5,sgo_fair@0.5",1.0472579744117947,0.1538461538461538,0.1413861939160964,-0.0124599599300574,-0.0809897395453731,0.0125417494042676,607,759.0,pass,2026-09-30T22:56:39+00:00,sgo_slate_alt_20260930T225639Z.json,artturilehkonen,3.0,2.0,0.0,2.0,19:27,2.0,True,1.0,6.5,5.5,,goals+assists-nan-game-ou-over,,
LAK@COL,Gabriel Landeskog,COL,f2,PP1,PTS,over,0.5,draftkings,-115,False,0.6375339447445987,0.7031032069981124,0.4714056390391203,0.5049533146380096,16.206805555555555,984.8166666666668,,"draftkings@0.5,sgo_fair@0.5",1.0472579744117947,0.5348837209302325,0.4915342443984539,-0.0433494765317785,-0.081044673515934,-0.0335476755988893,103,114.0,pass,2026-09-30T22:56:39+00:00,sgo_slate_alt_20260930T225639Z.json,gabriellandeskog,1.0,1.0,0.0,1.0,17:52,1.0,True,1.0,1.8695652173913042,0.8695652173913042,,goals+assists-nan-game-ou-over,,
LAK@COL,Brent Burns,COL,d3,-,A,over,0.5,draftkings,270,False,0.2714696999199358,0.2948259921501797,0.2377416203919385,0.2553388469210425,18.010786375105127,2321.115,,"draftkings@0.5,sgo_fair@0.5",1.1144430424849077,0.2702702702702703,0.2482999563094009,-0.0219703139608693,-0.0812901616552165,-0.017597226529104,303,348.0,pass,2026-09-30T22:56:39+00:00,sgo_slate_alt_20260930T225639Z.json,brentburns,0.0,0.0,1.0,1.0,15:23,1.0,True,1.0,3.7,2.7,,assists-nan-game-ou-over,,
PIT@PHI,Noah Cates,PHI,f3,PP2,PTS,over,0.5,draftkings,120,False,0.535102368949273,0.5440388566016648,0.4143906611364326,0.4196006376442465,14.816801878736124,1889.245,,"draftkings@0.5,sgo_fair@0.5",1.0472579744117947,0.4545454545454545,0.4175166470411209,-0.0370288075043336,-0.0814633765095339,-0.0052099765078139,140,155.0,pass,2026-09-30T22:56:39+00:00,sgo_slate_alt_20260930T225639Z.json,noahcates,1.0,0.0,0.0,0.0,14:17,0.0,True,0.0,2.2,-1.0,NOAH_CATES_1_NHL,goals+assists-NOAH_CATES_1_NHL-game-ou-over,120.0,5.551115123125783e-17
PIT@PHI,Noah Cates,PHI,f3,PP2,PTS,over,0.5,draftkings,120,False,0.535102368949273,0.5440388566016648,0.4143906611364326,0.4196006376442465,14.816801878736124,1889.245,,"draftkings@0.5,sgo_fair@0.5",1.0472579744117947,0.4545454545454545,0.4175166470411209,-0.0370288075043336,-0.0814633765095339,-0.0052099765078139,140,155.0,pass,2026-09-30T22:56:39+00:00,sgo_slate_alt_20260930T225639Z.json,noahcates,1.0,0.0,0.0,0.0,14:17,0.0,True,0.0,2.2,-1.0,NOAH_CATES_1_NHL,goals+assists-NOAH_CATES_1_NHL-game-ou-over,180.0,-0.09740259740259732
LAK@COL,Artemi Panarin,LAK,f1,PP1,SOG,under,2.5,fanduel,-135,False,2.719170564441844,2.517018793316034,0.4990505916997292,0.54658763173703,19.238125,2334.2925,,"draftkings@2.5,fanduel@2.5,pinnacle@2.5,sgo_fair@2.5",1.049054075237431,0.574468085106383,0.5275728157221097,-0.0468952693842733,-0.0816325059652165,-0.0475370400373007,-112,-101.0,pass,2026-09-30T22:56:39+00:00,sgo_slate_alt_20260930T225639Z.json,artemipanarin,2.0,1.0,0.0,1.0,20:16,2.0,True,1.0,1.7407407407407407,0.7407407407407407,,shots_onGoal-nan-game-ou-under,,
NYI@TOR,William Nylander,TOR,f2,PP1,SOG,under,2.5,fanduel,-113,False,2.6257504995545338,2.8720520934455664,0.5207182148452262,0.4647915630094763,17.72223436993845,2000.8358333333333,,"draftkings@2.5,fanduel@2.5,pinnacle@2.5,sgo_fair@3.0",1.049054075237431,0.5305164319248826,0.4871622237437762,-0.0433542081811063,-0.0817207640935898,0.0559266518357498,105,116.0,pass,2026-09-30T22:56:39+00:00,sgo_slate_alt_20260930T225639Z.json,williamnylander,1.0,0.0,0.0,0.0,17:29,1.0,True,1.0,1.8849557522123894,0.8849557522123894,,shots_onGoal-nan-game-ou-under,,
PIT@PHI,Tyson Foerster,PHI,f2,PP1,G,under,0.5,fanduel,-360,False,0.3522023399781958,0.316415455025257,0.7031378346874835,0.7287566216655079,16.527680162974278,1116.2733333333333,,"fanduel@0.5,pinnacle@0.5,sgo_fair@0.5",1.0777230155902748,0.782608695652174,0.7185091068742981,-0.0640995887778758,-0.0819050301050635,-0.0256187869780244,-255,-226.0,pass,2026-09-30T22:56:39+00:00,sgo_slate_alt_20260930T225639Z.json,tysonfoerster,1.0,0.0,0.0,0.0,17:08,0.0,True,1.0,1.2777777777777777,0.2777777777777777,TYSON_FOERSTER_1_NHL,points-TYSON_FOERSTER_1_NHL-game-ou-under,-400.0,0.017391304347826098
PIT@PHI,Tyson Foerster,PHI,f2,PP1,G,under,0.5,fanduel,-360,False,0.3522023399781958,0.316415455025257,0.7031378346874835,0.7287566216655079,16.527680162974278,1116.2733333333333,,"fanduel@0.5,pinnacle@0.5,sgo_fair@0.5",1.0777230155902748,0.782608695652174,0.7185091068742981,-0.0640995887778758,-0.0819050301050635,-0.0256187869780244,-255,-226.0,pass,2026-09-30T22:56:39+00:00,sgo_slate_alt_20260930T225639Z.json,tysonfoerster,1.0,0.0,0.0,0.0,17:08,0.0,True,1.0,1.2777777777777777,0.2777777777777777,TYSON_FOERSTER_1_NHL,points-TYSON_FOERSTER_1_NHL-game-ou-under,-490.0,0.04789977892409725
LAK@COL,Nazem Kadri,COL,f2,PP2,SOG,over,5.5,draftkings,1600,True,2.725185691129943,2.396569607305325,0.0695714708142943,0.0436255589617343,17.56882499268364,2179.7783333333336,,"draftkings@2.5,fanduel@2.5,pinnacle@2.5,sgo_fair@2.5",1.049054075237431,0.0588235294117647,0.0540039237027583,-0.0048196057090063,-0.0819332970531085,0.0259459118525599,1752,3348.0,pass,2026-09-30T22:56:39+00:00,sgo_slate_alt_20260930T225639Z.json,nazemkadri,2.0,0.0,2.0,2.0,17:57,2.0,True,0.0,17.0,-1.0,,shots_onGoal-nan-game-ou-over,,
PIT@PHI,Erik Karlsson,PIT,d1,PP1,SOG,under,2.5,fanduel,-198,False,2.26391480239126,2.260387999371989,0.6091496159978261,0.6100409563568303,22.99009532320524,2627.4333333333334,,"draftkings@2.5,fanduel@2.5,pinnacle@2.5,sgo_fair@2.5",1.049054075237431,0.6644295302013423,0.6096844202132287,-0.0547451099881136,-0.0823941554366557,-0.0008913403590041,-156,-141.0,pass,2026-09-30T22:56:39+00:00,sgo_slate_alt_20260930T225639Z.json,erikkarlsson,3.0,0.0,1.0,1.0,19:59,3.0,True,0.0,1.5050505050505052,-1.0,,shots_onGoal-nan-game-ou-under,,
NYI@TOR,Darren Raddysh,TOR,d1,PP1,SOG,under,2.5,fanduel,-130,False,2.705706027404084,2.5881644153857963,0.5021402428197347,0.5295841634306824,21.772137732023086,2248.580833333333,,"draftkings@2.5,fanduel@2.5,pinnacle@2.5,sgo_fair@2.5",1.049054075237431,0.5652173913043478,0.5186065951863033,-0.0466107961180445,-0.0824652546703865,-0.0274439206109476,-108,103.0,pass,2026-09-30T22:56:39+00:00,sgo_slate_alt_20260930T225639Z.json,darrenraddysh,4.0,0.0,0.0,0.0,20:36,4.0,True,0.0,1.7692307692307692,-1.0,,shots_onGoal-nan-game-ou-under,,
NYI@TOR,Darren Raddysh,TOR,d1,PP1,SOG,under,2.5,draftkings,-130,False,2.705706027404084,2.5881644153857963,0.5021402428197347,0.5295841634306824,21.772137732023086,2248.580833333333,,"draftkings@2.5,fanduel@2.5,pinnacle@2.5,sgo_fair@2.5",1.049054075237431,0.5652173913043478,0.5186065951863033,-0.0466107961180445,-0.0824652546703865,-0.0274439206109476,-108,103.0,pass,2026-09-30T22:56:39+00:00,sgo_slate_alt_20260930T225639Z.json,darrenraddysh,4.0,0.0,0.0,0.0,20:36,4.0,True,0.0,1.7692307692307692,-1.0,,shots_onGoal-nan-game-ou-under,,
LAK@COL,Martin Necas,COL,f1,PP1,PTS,over,1.5,fanduel,176,False,1.2272836686262214,1.159090226714486,0.3472107294039829,0.3225389949999674,19.35776089828269,2352.2475,,"draftkings@0.5,sgo_fair@1.5",1.0472579744117947,0.3623188405797101,0.3324076887615736,-0.0299111518181364,-0.0825547790180567,0.0246717344040154,201,225.0,pass,2026-09-30T22:56:39+00:00,sgo_slate_alt_20260930T225639Z.json,martinnecas,4.0,0.0,1.0,1.0,19:11,1.0,True,0.0,2.76,-1.0,,goals+assists-nan-game-ou-over,,
PIT@PHI,Erik Karlsson,PIT,d1,PP1,SOG,over,2.5,draftkings,135,False,2.26391480239126,2.260387999371989,0.3908503840021738,0.3899590436431697,22.99009532320524,2627.4333333333334,,"draftkings@2.5,fanduel@2.5,pinnacle@2.5,sgo_fair@2.5",1.049054075237431,0.425531914893617,0.3903155797867714,-0.0352163351068456,-0.0827583875010872,0.0008913403590041,156,174.0,pass,2026-09-30T22:56:39+00:00,sgo_slate_alt_20260930T225639Z.json,erikkarlsson,3.0,0.0,1.0,1.0,19:59,3.0,True,1.0,2.35,1.35,,shots_onGoal-nan-game-ou-over,,
PIT@PHI,Owen Tippett,PHI,f1,PP2,G,under,0.5,fanduel,-360,False,0.3703362811061936,0.3075680690635958,0.6905020887840241,0.7352328192349189,17.293983282893787,1918.3983333333333,,"fanduel@0.5,pinnacle@0.5,sgo_fair@0.5",1.0777230155902748,0.782608695652174,0.717340527054561,-0.0652681685976129,-0.0833982154302832,-0.0447307304508948,-254,-225.0,pass,2026-09-30T22:56:39+00:00,sgo_slate_alt_20260930T225639Z.json,owentippett,4.0,0.0,0.0,0.0,14:11,0.0,True,1.0,1.2777777777777777,0.2777777777777777,OWEN_TIPPETT_1_NHL,points-OWEN_TIPPETT_1_NHL-game-ou-under,-390.0,0.013309671694764824
PIT@PHI,Owen Tippett,PHI,f1,PP2,G,under,0.5,fanduel,-360,False,0.3703362811061936,0.3075680690635958,0.6905020887840241,0.7352328192349189,17.293983282893787,1918.3983333333333,,"fanduel@0.5,pinnacle@0.5,sgo_fair@0.5",1.0777230155902748,0.782608695652174,0.717340527054561,-0.0652681685976129,-0.0833982154302832,-0.0447307304508948,-254,-225.0,pass,2026-09-30T22:56:39+00:00,sgo_slate_alt_20260930T225639Z.json,owentippett,4.0,0.0,0.0,0.0,14:11,0.0,True,1.0,1.2777777777777777,0.2777777777777777,OWEN_TIPPETT_1_NHL,points-OWEN_TIPPETT_1_NHL-game-ou-under,-440.0,0.03220611916264082
PIT@PHI,Erik Karlsson,PIT,d1,PP1,PTS,over,1.5,fanduel,420,True,0.7767978030575075,0.745662623153935,0.1828928530638055,0.1718230277568756,22.99009532320524,2627.4333333333334,,"draftkings@0.5,sgo_fair@0.5",1.0472579744117947,0.1923076923076923,0.1762509578796475,-0.0160567344280447,-0.0834950190258326,0.0110698253069299,467,561.0,pass,2026-09-30T22:56:39+00:00,sgo_slate_alt_20260930T225639Z.json,erikkarlsson,3.0,0.0,1.0,1.0,19:59,1.0,True,0.0,5.2,-1.0,,goals+assists-nan-game-ou-over,,
LAK@COL,Brock Nelson,COL,f2,PP2,G,under,0.5,fanduel,-360,False,0.3327038615926342,0.3323539802851173,0.7169824887721868,0.7172333914333413,17.712678062678066,2272.766666666667,,"fanduel@0.5,pinnacle@0.5,sgo_fair@0.5",1.0777230155902748,0.782608695652174,0.7171330303688795,-0.0654756652832944,-0.0836633500842095,-0.0002509026611544,-254,-225.0,pass,2026-09-30T22:56:39+00:00,sgo_slate_alt_20260930T225639Z.json,brocknelson,1.0,1.0,2.0,3.0,19:14,1.0,True,0.0,1.2777777777777777,-1.0,,points-nan-game-ou-under,,
NYI@TOR,John Tavares,TOR,f2,PP1,SOG,under,2.5,draftkings,-180,False,2.490911008597741,2.248941772184448,0.5528970666410358,0.6129369295037538,17.08891862955032,2122.2625,,"draftkings@2.5,fanduel@2.5,pinnacle@2.5,sgo_fair@2.5",1.049054075237431,0.6428571428571429,0.5889209843586666,-0.0539361584984763,-0.0839006909976297,-0.060039862862718,-143,-129.0,pass,2026-09-30T22:56:39+00:00,sgo_slate_alt_20260930T225639Z.json,johntavares,1.0,0.0,0.0,0.0,16:58,1.0,True,1.0,1.5555555555555556,0.5555555555555556,,shots_onGoal-nan-game-ou-under,,
NYI@TOR,Matthew Schaefer,NYI,d1,PP1,PTS,over,0.5,draftkings,-135,False,0.7259272946813883,0.7610323454253813,0.5161243344764462,0.5328161171676263,23.59136178861789,2023.9833333333331,,"draftkings@0.5,sgo_fair@0.5",1.0472579744117947,0.574468085106383,0.5261394040911542,-0.0483286810152288,-0.0841277039894723,-0.0166917826911801,-111,-100.0,pass,2026-09-30T22:56:39+00:00,sgo_slate_alt_20260930T225639Z.json,matthewschaefer,3.0,0.0,0.0,0.0,27:45,0.0,True,0.0,1.7407407407407407,-1.0,,goals+assists-nan-game-ou-over,,
PIT@PHI,Porter Martone,PHI,f1,PP1,G,under,0.5,fanduel,-270,False,0.4348031288609372,0.3823016904134132,0.647392107354562,0.6822891820468752,17.520370370370372,153.36666666666667,,"fanduel@0.5,pinnacle@0.5,sgo_fair@0.5",1.0777230155902748,0.7297297297297297,0.66833035216995,-0.0613993775597797,-0.0841398877671056,-0.0348970746923131,-202,-180.0,pass,2026-09-30T22:56:39+00:00,sgo_slate_alt_20260930T225639Z.json,portermartone,0.0,0.0,0.0,0.0,14:05,0.0,True,1.0,1.3703703703703702,0.37037037037037024,PORTER_MARTONE_1_NHL,points-PORTER_MARTONE_1_NHL-game-ou-under,-260.0,-0.007507507507507505
PIT@PHI,Porter Martone,PHI,f1,PP1,G,under,0.5,fanduel,-270,False,0.4348031288609372,0.3823016904134132,0.647392107354562,0.6822891820468752,17.520370370370372,153.36666666666667,,"fanduel@0.5,pinnacle@0.5,sgo_fair@0.5",1.0777230155902748,0.7297297297297297,0.66833035216995,-0.0613993775597797,-0.0841398877671056,-0.0348970746923131,-202,-180.0,pass,2026-09-30T22:56:39+00:00,sgo_slate_alt_20260930T225639Z.json,portermartone,0.0,0.0,0.0,0.0,14:05,0.0,True,1.0,1.3703703703703702,0.37037037037037024,PORTER_MARTONE_1_NHL,points-PORTER_MARTONE_1_NHL-game-ou-under,-420.0,0.077962577962578
PIT@PHI,Matvei Michkov,PHI,f3,PP1,A,under,0.5,draftkings,-235,False,0.4565116931723393,0.4332479850835946,0.6334896018471283,0.6483996784176842,14.45386396011396,1802.7041666666669,,"draftkings@0.5,sgo_fair@0.5",1.1144430424849077,0.7014925373134329,0.6424356477894619,-0.0590568895239709,-0.0841874808107671,-0.0149100765705558,-180,-161.0,pass,2026-09-30T22:56:39+00:00,sgo_slate_alt_20260930T225639Z.json,matveimichkov,1.0,0.0,0.0,0.0,15:47,0.0,True,1.0,1.425531914893617,0.42553191489361697,MATVEI_MICHKOV_1_NHL,assists-MATVEI_MICHKOV_1_NHL-game-ou-under,-225.0,-0.009184845005740572
PIT@PHI,Matvei Michkov,PHI,f3,PP1,A,under,0.5,draftkings,-235,False,0.4565116931723393,0.4332479850835946,0.6334896018471283,0.6483996784176842,14.45386396011396,1802.7041666666669,,"draftkings@0.5,sgo_fair@0.5",1.1144430424849077,0.7014925373134329,0.6424356477894619,-0.0590568895239709,-0.0841874808107671,-0.0149100765705558,-180,-161.0,pass,2026-09-30T22:56:39+00:00,sgo_slate_alt_20260930T225639Z.json,matveimichkov,1.0,0.0,0.0,0.0,15:47,0.0,True,1.0,1.425531914893617,0.42553191489361697,MATVEI_MICHKOV_1_NHL,assists-MATVEI_MICHKOV_1_NHL-game-ou-under,-340.0,0.07123473541383984
PIT@PHI,Erik Karlsson,PIT,d1,PP1,A,under,0.5,draftkings,-145,False,0.6437313264631185,0.5921936275143265,0.5253285899988887,0.5531126298879941,22.99009532320524,2627.4333333333334,,"draftkings@0.5,pinnacle@0.5,sgo_fair@0.5",1.1144430424849077,0.5918367346938775,0.541999013932352,-0.0498377207615255,-0.0842085626660259,-0.0277840398891054,-118,-107.0,pass,2026-09-30T22:56:39+00:00,sgo_slate_alt_20260930T225639Z.json,erikkarlsson,3.0,0.0,1.0,1.0,19:59,1.0,True,0.0,1.6896551724137931,-1.0,,assists-nan-game-ou-under,,
PIT@PHI,Christian Dvorak,PHI,f2,-,PTS,under,0.5,draftkings,-185,False,0.5461256817625981,0.5033453036426875,0.5791894332573295,0.6045050205653906,16.72216638152267,2039.2425,,"draftkings@0.5,sgo_fair@0.5",1.0472579744117947,0.6491228070175439,0.5943787856421662,-0.0547440213753777,-0.0843353842809871,-0.025315587308061,-147,-132.0,pass,2026-09-30T22:56:39+00:00,sgo_slate_alt_20260930T225639Z.json,christiandvorak,2.0,0.0,0.0,0.0,14:58,0.0,True,1.0,1.5405405405405406,0.5405405405405406,CHRISTIAN_DVORAK_1_NHL,goals+assists-CHRISTIAN_DVORAK_1_NHL-game-ou-under,-185.0,0.0
PIT@PHI,Nick Robertson,PIT,f1,-,A,over,1.5,draftkings,1500,True,0.2119562615844638,0.4737843520856415,0.019527285998344,0.082360686437242,15.236584899893014,1360.1991666666663,,sgo_fair@0.5,1.1144430424849077,0.0625,0.0572273262616828,-0.0052726737383171,-0.0843627798130747,-0.0628334004388979,1647,3003.0,pass,2026-09-30T22:56:39+00:00,sgo_slate_alt_20260930T225639Z.json,nickrobertson,4.0,2.0,0.0,2.0,15:02,0.0,True,0.0,16.0,-1.0,,assists-nan-game-ou-over,,
LAK@COL,Brock Nelson,COL,f2,PP2,SOG,under,1.5,fanduel,142,False,2.171272883197039,2.149457824821926,0.3751671076404581,0.3803722378769956,17.712678062678066,2272.766666666667,,"draftkings@1.5,fanduel@1.5,pinnacle@2.5,sgo_fair@2.0",1.049054075237431,0.4132231404958678,0.3782901857823806,-0.0349329547134871,-0.0845377504066389,-0.0052051302365374,164,183.0,pass,2026-09-30T22:56:39+00:00,sgo_slate_alt_20260930T225639Z.json,brocknelson,1.0,1.0,2.0,3.0,19:14,1.0,True,1.0,2.42,1.42,,shots_onGoal-nan-game-ou-under,,
LAK@COL,Devon Toews,COL,d1,PP2,PTS,over,0.5,draftkings,145,False,0.4430540763122031,0.4844917577716692,0.3579275147631798,0.3839898003865592,22.805984996738424,2362.043333333333,,"draftkings@0.5,sgo_fair@0.5",1.0472579744117947,0.4081632653061224,0.3735648861372074,-0.034598379168915,-0.0847660289638416,-0.0260622856233794,168,187.0,pass,2026-09-30T22:56:39+00:00,sgo_slate_alt_20260930T225639Z.json,devontoews,0.0,0.0,2.0,2.0,20:04,2.0,True,1.0,2.45,1.4500000000000002,,goals+assists-nan-game-ou-over,,
PIT@PHI,Kris Letang,PIT,d2,PP2,A,under,0.5,draftkings,-400,False,0.3573561893792695,0.2827726840885747,0.6995232905881172,0.7536910943666812,21.127201770736253,2387.8975,,"draftkings@0.5,sgo_fair@0.5",1.1144430424849077,0.8,0.7320239728552556,-0.0679760271447444,-0.0849700339309305,-0.054167803778564,-273,-241.0,pass,2026-09-30T22:56:39+00:00,sgo_slate_alt_20260930T225639Z.json,krisletang,4.0,0.0,1.0,1.0,18:44,1.0,True,0.0,1.25,-1.0,,assists-nan-game-ou-under,,
PIT@PHI,Erik Karlsson,PIT,d1,PP1,PTS,under,0.5,draftkings,-105,False,0.7767978030575075,0.745662623153935,0.4598762704063003,0.4744198341984519,22.99009532320524,2627.4333333333334,,"draftkings@0.5,sgo_fair@0.5",1.0472579744117947,0.5121951219512195,0.4686024086815912,-0.0435927132696282,-0.0851095830502266,-0.0145435637921516,113,125.0,pass,2026-09-30T22:56:39+00:00,sgo_slate_alt_20260930T225639Z.json,erikkarlsson,3.0,0.0,1.0,1.0,19:59,1.0,True,0.0,1.9523809523809523,-1.0,,goals+assists-nan-game-ou-under,,
LAK@COL,Nazem Kadri,COL,f2,PP2,A,under,0.5,draftkings,-300,False,0.4269966481251803,0.3447852750930656,0.6524657392077172,0.7083724423453381,17.56882499268364,2179.7783333333336,,"draftkings@0.5,pinnacle@0.5,sgo_fair@0.5",1.1144430424849077,0.75,0.6860097610902898,-0.0639902389097102,-0.0853203185462803,-0.0559067031376209,-218,-195.0,pass,2026-09-30T22:56:39+00:00,sgo_slate_alt_20260930T225639Z.json,nazemkadri,2.0,0.0,2.0,2.0,17:57,2.0,True,0.0,1.3333333333333333,-1.0,,assists-nan-game-ou-under,,
LAK@COL,Adrian Kempe,LAK,f1,PP1,SOG,under,2.5,fanduel,-110,False,2.724080635461652,2.864901153745354,0.4979267426138366,0.4663595047521064,18.62954093940684,2261.9791666666665,,"draftkings@2.5,fanduel@2.5,pinnacle@2.5,sgo_fair@3.0",1.049054075237431,0.5238095238095238,0.4789863998967985,-0.0448231239127253,-0.0855714183788391,0.0315672378617302,109,120.0,pass,2026-09-30T22:56:39+00:00,sgo_slate_alt_20260930T225639Z.json,adriankempe,3.0,0.0,0.0,0.0,19:23,3.0,True,0.0,1.9090909090909092,-1.0,,shots_onGoal-nan-game-ou-under,,
PIT@PHI,Alex Bump,PHI,f3,PP2,G,over,1.5,fanduel,4000,True,0.256506715170846,0.20679971408241,0.0277781820965694,0.0186515882663099,13.070588235294116,214.9,,"pinnacle@0.5,sgo_fair@0.5",1.0777230155902748,0.024390243902439,0.0223022257984137,-0.0020880181040252,-0.0856087422650352,0.0091265938302594,4384,,pass,2026-09-30T22:56:39+00:00,sgo_slate_alt_20260930T225639Z.json,alexbump,1.0,0.0,0.0,0.0,14:39,0.0,True,0.0,41.0,-1.0,ALEX_BUMP_1_NHL,points-ALEX_BUMP_1_NHL-game-ou-over,3500.0,0.0033875338753387753
PIT@PHI,Alex Bump,PHI,f3,PP2,G,over,1.5,fanduel,4000,True,0.256506715170846,0.20679971408241,0.0277781820965694,0.0186515882663099,13.070588235294116,214.9,,"pinnacle@0.5,sgo_fair@0.5",1.0777230155902748,0.024390243902439,0.0223022257984137,-0.0020880181040252,-0.0856087422650352,0.0091265938302594,4384,,pass,2026-09-30T22:56:39+00:00,sgo_slate_alt_20260930T225639Z.json,alexbump,1.0,0.0,0.0,0.0,14:39,0.0,True,0.0,41.0,-1.0,ALEX_BUMP_1_NHL,points-ALEX_BUMP_1_NHL-game-ou-over,6000.0,-0.00799680127948818
PIT@PHI,Jamie Drysdale,PHI,d2,PP1,SOG,over,1.5,draftkings,120,False,1.3078872216235509,1.522209345285188,0.3728186593358526,0.4438196830680109,20.541472602739724,2308.5825,,"draftkings@1.5,sgo_fair@1.5",1.049054075237431,0.4545454545454545,0.4154192735751476,-0.0391261809703069,-0.0860775981346751,-0.0710010237321583,141,156.0,pass,2026-09-30T22:56:39+00:00,sgo_slate_alt_20260930T225639Z.json,jamiedrysdale,0.0,0.0,0.0,0.0,17:21,0.0,True,0.0,2.2,-1.0,JAMIE_DRYSDALE_1_NHL,shots_onGoal-JAMIE_DRYSDALE_1_NHL-game-ou-over,120.0,5.551115123125783e-17
PIT@PHI,Jamie Drysdale,PHI,d2,PP1,SOG,over,1.5,draftkings,120,False,1.3078872216235509,1.522209345285188,0.3728186593358526,0.4438196830680109,20.541472602739724,2308.5825,,"draftkings@1.5,sgo_fair@1.5",1.049054075237431,0.4545454545454545,0.4154192735751476,-0.0391261809703069,-0.0860775981346751,-0.0710010237321583,141,156.0,pass,2026-09-30T22:56:39+00:00,sgo_slate_alt_20260930T225639Z.json,jamiedrysdale,0.0,0.0,0.0,0.0,17:21,0.0,True,0.0,2.2,-1.0,JAMIE_DRYSDALE_1_NHL,shots_onGoal-JAMIE_DRYSDALE_1_NHL-game-ou-over,105.0,0.033259423503326
NYI@TOR,Kyle Palmieri,NYI,f1,PP1,SOG,over,4.5,draftkings,650,True,2.5751143695879755,2.481071999455715,0.1296357813502295,0.1166390783580317,18.330910070005388,1155.1666666666667,,"draftkings@2.5,fanduel@2.5,pinnacle@2.5,sgo_fair@2.5",1.049054075237431,0.1333333333333333,0.1218377595549108,-0.0114955737784224,-0.0862168033381685,0.0129967029921978,721,933.0,pass,2026-09-30T22:56:39+00:00,sgo_slate_alt_20260930T225639Z.json,kylepalmieri,4.0,0.0,0.0,0.0,18:35,4.0,True,0.0,7.5,-1.0,,shots_onGoal-nan-game-ou-over,,
LAK@COL,Martin Necas,COL,f1,PP1,A,over,0.5,fanduel,-136,False,0.8244862179959197,0.6990938970844605,0.5615397924315846,0.5029645349015739,19.35776089828269,2352.2475,,"draftkings@0.5,pinnacle@0.5,sgo_fair@0.5",1.1144430424849077,0.576271186440678,0.5263946379135782,-0.0498765485270997,-0.0865504812676142,0.0585752575300106,-111,-101.0,pass,2026-09-30T22:56:39+00:00,sgo_slate_alt_20260930T225639Z.json,martinnecas,4.0,0.0,1.0,1.0,19:11,1.0,True,1.0,1.7352941176470589,0.7352941176470589,,assists-nan-game-ou-over,,
PIT@PHI,Noah Cates,PHI,f3,PP2,G,over,1.5,fanduel,4000,False,0.2507831498609725,0.2109793164962348,0.0266516796042866,0.0193600711118352,14.816801878736124,1889.245,,"pinnacle@0.5,sgo_fair@0.5",1.0777230155902748,0.024390243902439,0.0222767145088158,-0.0021135293936231,-0.0866547051385508,0.0072916084924513,4389,,pass,2026-09-30T22:56:39+00:00,sgo_slate_alt_20260930T225639Z.json,noahcates,1.0,0.0,0.0,0.0,14:17,0.0,True,0.0,41.0,-1.0,NOAH_CATES_1_NHL,points-NOAH_CATES_1_NHL-game-ou-over,4000.0,2.42861286636753e-17
PIT@PHI,Noah Cates,PHI,f3,PP2,G,over,1.5,fanduel,4000,False,0.2507831498609725,0.2109793164962348,0.0266516796042866,0.0193600711118352,14.816801878736124,1889.245,,"pinnacle@0.5,sgo_fair@0.5",1.0777230155902748,0.024390243902439,0.0222767145088158,-0.0021135293936231,-0.0866547051385508,0.0072916084924513,4389,,pass,2026-09-30T22:56:39+00:00,sgo_slate_alt_20260930T225639Z.json,noahcates,1.0,0.0,0.0,0.0,14:17,0.0,True,0.0,41.0,-1.0,NOAH_CATES_1_NHL,points-NOAH_CATES_1_NHL-game-ou-over,6500.0,-0.009238728750923849
NYI@TOR,Auston Matthews,TOR,f1,PP1,PTS,over,1.5,draftkings,235,True,0.9384899061711012,1.0790770394883018,0.2416275347631689,0.2933027872070961,19.35674712013165,1888.035,,"draftkings@0.5,sgo_fair@1.0",1.0472579744117947,0.2985074626865671,0.2726326862295252,-0.0258747764570418,-0.0866805011310903,-0.0516752524439272,267,304.0,pass,2026-09-30T22:56:39+00:00,sgo_slate_alt_20260930T225639Z.json,austonmatthews,1.0,0.0,0.0,0.0,20:04,0.0,True,0.0,3.35,-1.0,,goals+assists-nan-game-ou-over,,
LAK@COL,Adrian Kempe,LAK,f1,PP1,PTS,over,0.5,fanduel,-146,False,0.8165022144915082,0.7579243366881738,0.5580251126600573,0.5313618468060591,18.62954093940684,2261.9791666666665,,"draftkings@0.5,sgo_fair@0.5",1.0472579744117947,0.5934959349593496,0.5420271531476584,-0.0514687818116912,-0.0867213720936714,0.0266632658539981,-118,-107.0,pass,2026-09-30T22:56:39+00:00,sgo_slate_alt_20260930T225639Z.json,adriankempe,3.0,0.0,0.0,0.0,19:23,0.0,True,0.0,1.6849315068493151,-1.0,,goals+assists-nan-game-ou-over,,
LAK@COL,Cale Makar,COL,d1,PP1,SOG,over,4.5,draftkings,450,True,2.7498616403632345,2.8657877502754565,0.1552650556110598,0.1732165045018501,23.81464714714715,2789.351666666667,,"draftkings@2.5,fanduel@2.5,pinnacle@2.5,sgo_fair@3.0",1.049054075237431,0.1818181818181818,0.166035924945534,-0.0157822568726477,-0.0868024127995628,-0.0179514488907903,502,609.0,pass,2026-09-30T22:56:39+00:00,sgo_slate_alt_20260930T225639Z.json,calemakar,1.0,0.0,2.0,2.0,18:14,1.0,True,0.0,5.5,-1.0,,shots_onGoal-nan-game-ou-over,,
NYI@TOR,Matthew Schaefer,NYI,d1,PP1,PTS,over,0.5,fanduel,-136,False,0.7259272946813883,0.7610323454253813,0.5161243344764462,0.5328161171676263,23.59136178861789,2023.9833333333331,,"draftkings@0.5,sgo_fair@0.5",1.0472579744117947,0.576271186440678,0.5261394040911542,-0.0501317823495237,-0.0869933870182911,-0.0166917826911801,-111,-100.0,pass,2026-09-30T22:56:39+00:00,sgo_slate_alt_20260930T225639Z.json,matthewschaefer,3.0,0.0,0.0,0.0,27:45,0.0,True,0.0,1.7352941176470589,-1.0,,goals+assists-nan-game-ou-over,,
LAK@COL,Cale Makar,COL,d1,PP1,PTS,over,1.5,fanduel,200,True,1.1126958860443712,1.1067963259298566,0.3056166427190106,0.3034584702644202,23.81464714714715,2789.351666666667,,"draftkings@0.5,sgo_fair@1.5",1.0472579744117947,0.3333333333333333,0.3043217392462564,-0.0290115940870769,-0.0870347822612308,0.0021581724545903,229,258.0,pass,2026-09-30T22:56:39+00:00,sgo_slate_alt_20260930T225639Z.json,calemakar,1.0,0.0,2.0,2.0,18:14,2.0,True,1.0,3.0,2.0,,goals+assists-nan-game-ou-over,,
NYI@TOR,John Tavares,TOR,f2,PP1,PTS,over,1.5,draftkings,370,True,0.8807873380757878,0.7590722915246227,0.2204955268823249,0.1765774046769523,17.08891862955032,2122.2625,,"draftkings@0.5,sgo_fair@0.5",1.0472579744117947,0.2127659574468085,0.1941446535591013,-0.0186213038877071,-0.0875201282722234,0.0439181222053725,415,491.0,pass,2026-09-30T22:56:39+00:00,sgo_slate_alt_20260930T225639Z.json,johntavares,1.0,0.0,0.0,0.0,16:58,0.0,True,0.0,4.7,-1.0,,goals+assists-nan-game-ou-over,,
PIT@PHI,Trevor Zegras,PHI,f1,PP1,G,under,0.5,fanduel,-400,False,0.3360841840656494,0.3009290415213593,0.7145629484697832,0.7401302894027666,18.15746991717456,1953.2883333333332,,"fanduel@0.5,pinnacle@0.5,sgo_fair@0.5",1.0777230155902748,0.8,0.7299033530295733,-0.0700966469704267,-0.0876208087130333,-0.0255673409329834,-270,-239.0,pass,2026-09-30T22:56:39+00:00,sgo_slate_alt_20260930T225639Z.json,trevorzegras,1.0,0.0,0.0,0.0,16:25,0.0,True,1.0,1.25,0.25,TREVOR_ZEGRAS_1_NHL,points-TREVOR_ZEGRAS_1_NHL-game-ou-under,-420.0,0.007692307692307665
PIT@PHI,Trevor Zegras,PHI,f1,PP1,G,under,0.5,fanduel,-400,False,0.3360841840656494,0.3009290415213593,0.7145629484697832,0.7401302894027666,18.15746991717456,1953.2883333333332,,"fanduel@0.5,pinnacle@0.5,sgo_fair@0.5",1.0777230155902748,0.8,0.7299033530295733,-0.0700966469704267,-0.0876208087130333,-0.0255673409329834,-270,-239.0,pass,2026-09-30T22:56:39+00:00,sgo_slate_alt_20260930T225639Z.json,trevorzegras,1.0,0.0,0.0,0.0,16:25,0.0,True,1.0,1.25,0.25,TREVOR_ZEGRAS_1_NHL,points-TREVOR_ZEGRAS_1_NHL-game-ou-under,-550.0,0.0461538461538461
PIT@PHI,Evgeni Malkin,PIT,f2,PP2,PTS,under,0.5,draftkings,-105,False,0.8222159802311847,0.7231705300660348,0.4394567472529717,0.4852114371945771,16.83075923787529,1529.4875,,"draftkings@0.5,sgo_fair@0.5",1.0472579744117947,0.5121951219512195,0.466909561217935,-0.0452855607332845,-0.0884146661935555,-0.0457546899416054,114,126.0,pass,2026-09-30T22:56:39+00:00,sgo_slate_alt_20260930T225639Z.json,evgenimalkin,2.0,1.0,0.0,1.0,15:47,1.0,True,0.0,1.9523809523809523,-1.0,,goals+assists-nan-game-ou-under,,
PIT@PHI,Travis Konecny,PHI,f2,PP2,A,over,1.5,draftkings,850,True,0.5683656423644557,0.48435017147713,0.1115985522404582,0.0854956824604222,17.79007170032192,2230.1783333333337,,"draftkings@0.5,pinnacle@0.5,sgo_fair@0.5",1.1144430424849077,0.1052631578947368,0.0959368303724366,-0.0093263275223002,-0.0886001114618522,0.0261028697800359,942,1310.0,pass,2026-09-30T22:56:39+00:00,sgo_slate_alt_20260930T225639Z.json,traviskonecny,2.0,0.0,0.0,0.0,14:47,0.0,True,0.0,9.5,-1.0,TRAVIS_KONECNY_1_NHL,assists-TRAVIS_KONECNY_1_NHL-game-ou-over,850.0,4.163336342344337e-17
PIT@PHI,Travis Konecny,PHI,f2,PP2,A,over,1.5,draftkings,850,True,0.5683656423644557,0.48435017147713,0.1115985522404582,0.0854956824604222,17.79007170032192,2230.1783333333337,,"draftkings@0.5,pinnacle@0.5,sgo_fair@0.5",1.1144430424849077,0.1052631578947368,0.0959368303724366,-0.0093263275223002,-0.0886001114618522,0.0261028697800359,942,1310.0,pass,2026-09-30T22:56:39+00:00,sgo_slate_alt_20260930T225639Z.json,traviskonecny,2.0,0.0,0.0,0.0,14:47,0.0,True,0.0,9.5,-1.0,TRAVIS_KONECNY_1_NHL,assists-TRAVIS_KONECNY_1_NHL-game-ou-over,1400.0,-0.03859649122807013
NYI@TOR,John Tavares,TOR,f2,PP1,G,under,0.5,fanduel,-290,False,0.4369711400369725,0.3590479136630202,0.6459900743912683,0.6983408904798638,17.08891862955032,2122.2625,,"fanduel@0.5,pinnacle@0.5,sgo_fair@0.5",1.0777230155902748,0.7435897435897436,0.6774005640444256,-0.066189179545318,-0.0890130345609448,-0.0523508160885954,-210,-188.0,pass,2026-09-30T22:56:39+00:00,sgo_slate_alt_20260930T225639Z.json,johntavares,1.0,0.0,0.0,0.0,16:58,0.0,True,1.0,1.3448275862068966,0.3448275862068966,,points-nan-game-ou-under,,
NYI@TOR,William Nylander,TOR,f2,PP1,SOG,under,2.5,draftkings,-115,False,2.6257504995545338,2.8720520934455664,0.5207182148452262,0.4647915630094763,17.72223436993845,2000.8358333333333,,"draftkings@2.5,fanduel@2.5,pinnacle@2.5,sgo_fair@3.0",1.049054075237431,0.5348837209302325,0.4871622237437762,-0.0477214971864562,-0.0892184512616357,0.0559266518357498,105,116.0,pass,2026-09-30T22:56:39+00:00,sgo_slate_alt_20260930T225639Z.json,williamnylander,1.0,0.0,0.0,0.0,17:29,1.0,True,1.0,1.8695652173913042,0.8695652173913042,,shots_onGoal-nan-game-ou-under,,
PIT@PHI,Egor Chinakhov,PIT,f2,PP1,G,over,1.5,fanduel,2700,True,0.2681130824628263,0.287164176434916,0.0301201185129633,0.034126775287043,14.739930555555556,970.55,,"fanduel@0.5,pinnacle@0.5,sgo_fair@0.5",1.0777230155902748,0.0357142857142857,0.0325241125774111,-0.0031901731368745,-0.0893248478324878,-0.0040066567740796,2975,13191.0,pass,2026-09-30T22:56:39+00:00,sgo_slate_alt_20260930T225639Z.json,egorchinakhov,3.0,1.0,0.0,1.0,16:58,1.0,True,0.0,28.0,-1.0,,points-nan-game-ou-over,,
PIT@PHI,Sidney Crosby,PIT,f1,PP1,SOG,under,2.5,fanduel,-184,False,2.4079852528441497,2.295439573681033,0.573171075547134,0.6012031489387586,18.813389423076924,2041.185,,"draftkings@2.5,fanduel@2.5,pinnacle@2.5,sgo_fair@2.5",1.049054075237431,0.647887323943662,0.5899903195821088,-0.0578970043615532,-0.0893627676015277,-0.0280320733916246,-144,-130.0,pass,2026-09-30T22:56:39+00:00,sgo_slate_alt_20260930T225639Z.json,sidneycrosby,3.0,0.0,1.0,1.0,17:39,3.0,True,0.0,1.5434782608695652,-1.0,,shots_onGoal-nan-game-ou-under,,
PIT@PHI,Owen Tippett,PHI,f1,PP2,PTS,under,0.5,draftkings,-135,False,0.6740210681690396,0.6313150547570513,0.509655094078463,0.5318918739474905,17.293983282893787,1918.3983333333333,,"draftkings@0.5,sgo_fair@0.5",1.0472579744117947,0.574468085106383,0.5229971619998794,-0.0514709231065035,-0.0895975328150247,-0.0222367798690275,-110,101.0,pass,2026-09-30T22:56:39+00:00,sgo_slate_alt_20260930T225639Z.json,owentippett,4.0,0.0,0.0,0.0,14:11,0.0,True,1.0,1.7407407407407407,0.7407407407407407,OWEN_TIPPETT_1_NHL,goals+assists-OWEN_TIPPETT_1_NHL-game-ou-under,-135.0,0.0
PIT@PHI,Owen Tippett,PHI,f1,PP2,PTS,under,0.5,draftkings,-135,False,0.6740210681690396,0.6313150547570513,0.509655094078463,0.5318918739474905,17.293983282893787,1918.3983333333333,,"draftkings@0.5,sgo_fair@0.5",1.0472579744117947,0.574468085106383,0.5229971619998794,-0.0514709231065035,-0.0895975328150247,-0.0222367798690275,-110,101.0,pass,2026-09-30T22:56:39+00:00,sgo_slate_alt_20260930T225639Z.json,owentippett,4.0,0.0,0.0,0.0,14:11,0.0,True,1.0,1.7407407407407407,0.7407407407407407,OWEN_TIPPETT_1_NHL,goals+assists-OWEN_TIPPETT_1_NHL-game-ou-under,-165.0,0.048173424327579206
PIT@PHI,Sidney Crosby,PIT,f1,PP1,G,under,0.5,fanduel,-320,False,0.3676225680737126,0.3650819482254043,0.6923784581137622,0.694139765025237,18.813389423076924,2041.185,,"fanduel@0.5,pinnacle@0.5,sgo_fair@0.5",1.0777230155902748,0.7619047619047619,0.6934352422606471,-0.0684695196441147,-0.0898662445329006,-0.0017613069114748,-226,-202.0,pass,2026-09-30T22:56:39+00:00,sgo_slate_alt_20260930T225639Z.json,sidneycrosby,3.0,0.0,1.0,1.0,17:39,0.0,True,1.0,1.3125,0.3125,,points-nan-game-ou-under,,
NYI@TOR,Darren Raddysh,TOR,d1,PP1,SOG,over,3.5,draftkings,230,True,2.705706027404084,2.5881644153857963,0.2905225367688389,0.2659675296689752,21.772137732023086,2248.580833333333,,"draftkings@2.5,fanduel@2.5,pinnacle@2.5,sgo_fair@2.5",1.049054075237431,0.303030303030303,0.2757895325089207,-0.0272407705213823,-0.0898945427205617,0.0245550070998636,263,299.0,pass,2026-09-30T22:56:39+00:00,sgo_slate_alt_20260930T225639Z.json,darrenraddysh,4.0,0.0,0.0,0.0,20:36,4.0,True,1.0,3.3,2.3,,shots_onGoal-nan-game-ou-over,,
LAK@COL,Cale Makar,COL,d1,PP1,SOG,under,2.5,draftkings,-110,False,2.7498616403632345,2.8657877502754565,0.4920509665615491,0.4661649188027532,23.81464714714715,2789.351666666667,,"draftkings@2.5,fanduel@2.5,pinnacle@2.5,sgo_fair@3.0",1.049054075237431,0.5238095238095238,0.4765193379062716,-0.0472901859032522,-0.0902812639971177,0.0258860477587958,110,121.0,pass,2026-09-30T22:56:39+00:00,sgo_slate_alt_20260930T225639Z.json,calemakar,1.0,0.0,2.0,2.0,18:14,1.0,True,1.0,1.9090909090909092,0.9090909090909092,,shots_onGoal-nan-game-ou-under,,
LAK@COL,Alex Laferriere,LAK,f2,PP2,SOG,over,2.5,draftkings,120,False,2.3035064479336302,2.388241175899168,0.4008240499038402,0.4219521263726731,16.89103086155165,2074.2775,,"draftkings@2.5,sgo_fair@2.5",1.049054075237431,0.4545454545454545,0.4135008957851399,-0.0410445587603146,-0.090298029272692,-0.0211280764688329,142,157.0,pass,2026-09-30T22:56:39+00:00,sgo_slate_alt_20260930T225639Z.json,alexlaferriere,2.0,0.0,2.0,2.0,15:31,2.0,True,0.0,2.2,-1.0,,shots_onGoal-nan-game-ou-over,,
NYI@TOR,Morgan Rielly,TOR,d1,PP2,PTS,over,0.5,draftkings,135,False,0.4834960250646395,0.4933268317388351,0.3833761133995428,0.3894083242881517,21.86003738855335,2459.4066666666668,,"draftkings@0.5,sgo_fair@0.5",1.0472579744117947,0.425531914893617,0.3869954399327081,-0.0385364749609088,-0.0905607161581358,-0.0060322108886088,158,176.0,pass,2026-09-30T22:56:39+00:00,sgo_slate_alt_20260930T225639Z.json,morganrielly,1.0,0.0,1.0,1.0,19:49,1.0,True,1.0,2.35,1.35,,goals+assists-nan-game-ou-over,,
LAK@COL,Artturi Lehkonen,COL,f1,PP2,A,under,0.5,draftkings,-310,False,0.3761069363195208,0.3743714955812763,0.6865289142414692,0.6877213789138281,18.532657100445324,1926.55,,"draftkings@0.5,pinnacle@0.5,sgo_fair@0.5",1.1144430424849077,0.7560975609756098,0.6872443930448846,-0.0688531679307251,-0.0910638672632171,-0.0011924646723588,-220,-196.0,pass,2026-09-30T22:56:39+00:00,sgo_slate_alt_20260930T225639Z.json,artturilehkonen,3.0,2.0,0.0,2.0,19:27,0.0,True,1.0,1.3225806451612903,0.32258064516129026,,assists-nan-game-ou-under,,
LAK@COL,Gabriel Landeskog,COL,f2,PP1,G,over,0.5,fanduel,250,False,0.2795268845249665,0.3149538076458562,0.2438586009604157,0.2701774142862132,16.206805555555555,984.8166666666668,,"fanduel@0.5,pinnacle@0.5,sgo_fair@0.5",1.0777230155902748,0.2857142857142857,0.2596498889558942,-0.0260643967583914,-0.0912253886543701,-0.0263188133257974,285,326.0,pass,2026-09-30T22:56:39+00:00,sgo_slate_alt_20260930T225639Z.json,gabriellandeskog,1.0,1.0,0.0,1.0,17:52,1.0,True,1.0,3.5,2.5,,points-nan-game-ou-over,,
PIT@PHI,Matvei Michkov,PHI,f3,PP1,PTS,under,0.5,draftkings,-125,False,0.7178702648571117,0.6613131870978731,0.4877900140280308,0.5161730574375363,14.45386396011396,1802.7041666666669,,"draftkings@0.5,sgo_fair@0.5",1.0472579744117947,0.5555555555555556,0.504819840073734,-0.0507357154818215,-0.0913242878672787,-0.0283830434095054,-102,108.0,pass,2026-09-30T22:56:39+00:00,sgo_slate_alt_20260930T225639Z.json,matveimichkov,1.0,0.0,0.0,0.0,15:47,0.0,True,1.0,1.8,0.8,MATVEI_MICHKOV_1_NHL,goals+assists-MATVEI_MICHKOV_1_NHL-game-ou-under,-120.0,-0.010101010101010166
PIT@PHI,Matvei Michkov,PHI,f3,PP1,PTS,under,0.5,draftkings,-125,False,0.7178702648571117,0.6613131870978731,0.4877900140280308,0.5161730574375363,14.45386396011396,1802.7041666666669,,"draftkings@0.5,sgo_fair@0.5",1.0472579744117947,0.5555555555555556,0.504819840073734,-0.0507357154818215,-0.0913242878672787,-0.0283830434095054,-102,108.0,pass,2026-09-30T22:56:39+00:00,sgo_slate_alt_20260930T225639Z.json,matveimichkov,1.0,0.0,0.0,0.0,15:47,0.0,True,1.0,1.8,0.8,MATVEI_MICHKOV_1_NHL,goals+assists-MATVEI_MICHKOV_1_NHL-game-ou-under,-180.0,0.08730158730158732
LAK@COL,Brock Nelson,COL,f2,PP2,PTS,over,1.5,fanduel,520,True,0.7228409764509541,0.6394598748055366,0.1637823206032518,0.135058177766829,17.712678062678066,2272.766666666667,,"draftkings@0.5,sgo_fair@0.5",1.0472579744117947,0.1612903225806451,0.1465478349013981,-0.0147424876792469,-0.0914034236113313,0.0287241428364228,582,723.0,pass,2026-09-30T22:56:39+00:00,sgo_slate_alt_20260930T225639Z.json,brocknelson,1.0,1.0,2.0,3.0,19:14,3.0,True,1.0,6.2,5.2,,goals+assists-nan-game-ou-over,,
LAK@COL,Brock Nelson,COL,f2,PP2,A,over,1.5,draftkings,1600,True,0.3918413067154837,0.3533171918979406,0.0593778444961484,0.049491746904689,17.712678062678066,2272.766666666667,,"draftkings@0.5,pinnacle@0.5,sgo_fair@0.5",1.1144430424849077,0.0588235294117647,0.0534461859412728,-0.0053773434704919,-0.0914148389983623,0.0098860975914594,1771,3415.0,pass,2026-09-30T22:56:39+00:00,sgo_slate_alt_20260930T225639Z.json,brocknelson,1.0,1.0,2.0,3.0,19:14,2.0,True,1.0,17.0,16.0,,assists-nan-game-ou-over,,
NYI@TOR,William Nylander,TOR,f2,PP1,G,under,0.5,fanduel,-260,False,0.4217549653911107,0.4217549653911107,0.6558947366147063,0.6558947366147063,17.72223436993845,2000.8358333333333,,"fanduel@0.5,pinnacle@0.5,sgo_fair@0.5",1.0777230155902748,0.7222222222222222,0.6558947366147063,-0.0663274856075158,-0.091838056995022,0.0,-191,-171.0,pass,2026-09-30T22:56:39+00:00,sgo_slate_alt_20260930T225639Z.json,williamnylander,1.0,0.0,0.0,0.0,17:29,0.0,True,1.0,1.3846153846153846,0.3846153846153846,,points-nan-game-ou-under,,
NYI@TOR,John Tavares,TOR,f2,PP1,PTS,over,0.5,fanduel,-156,False,0.8807873380757878,0.7590722915246227,0.5855435341694839,0.5318995135729351,17.08891862955032,2122.2625,,"draftkings@0.5,sgo_fair@0.5",1.0472579744117947,0.609375,0.5533571218115546,-0.0560178781884453,-0.0919267744630899,0.0536440205965488,-124,-112.0,pass,2026-09-30T22:56:39+00:00,sgo_slate_alt_20260930T225639Z.json,johntavares,1.0,0.0,0.0,0.0,16:58,0.0,True,0.0,1.641025641025641,-1.0,,goals+assists-nan-game-ou-over,,
LAK@COL,Brock Nelson,COL,f2,PP2,A,under,0.5,draftkings,-320,False,0.3918413067154837,0.3533171918979406,0.6758113521745988,0.7023543769234795,17.712678062678066,2272.766666666667,,"draftkings@0.5,pinnacle@0.5,sgo_fair@0.5",1.1144430424849077,0.7619047619047619,0.6917371670239272,-0.0701675948808346,-0.0920949682810955,-0.0265430247488807,-224,-200.0,pass,2026-09-30T22:56:39+00:00,sgo_slate_alt_20260930T225639Z.json,brocknelson,1.0,1.0,2.0,3.0,19:14,2.0,True,0.0,1.3125,-1.0,,assists-nan-game-ou-under,,
LAK@COL,Brandt Clarke,LAK,d2,PP1,SOG,over,1.5,draftkings,-165,False,1.905935235202562,1.9549146873457488,0.5573775510549513,0.5705143659291446,19.37295046968403,2195.145,,"draftkings@1.5,fanduel@1.5,pinnacle@1.5,sgo_fair@1.5",1.049054075237431,0.6226415094339622,0.5652596399794674,-0.0573818694544948,-0.0921587600329767,-0.0131368148741932,-130,-118.0,pass,2026-09-30T22:56:39+00:00,sgo_slate_alt_20260930T225639Z.json,brandtclarke,1.0,0.0,0.0,0.0,18:57,1.0,True,0.0,1.606060606060606,-1.0,,shots_onGoal-nan-game-ou-over,,
LAK@COL,Adrian Kempe,LAK,f1,PP1,G,under,0.5,fanduel,-330,False,0.3850109942120745,0.345947183290182,0.6804431552271109,0.7075498565750834,18.62954093940684,2261.9791666666665,,"fanduel@0.5,pinnacle@0.5,sgo_fair@0.5",1.0777230155902748,0.7674418604651163,0.6967071760358944,-0.0707346844292219,-0.0921694372865619,-0.0271067013479725,-230,-205.0,pass,2026-09-30T22:56:39+00:00,sgo_slate_alt_20260930T225639Z.json,adriankempe,3.0,0.0,0.0,0.0,19:23,0.0,True,1.0,1.303030303030303,0.303030303030303,,points-nan-game-ou-under,,
PIT@PHI,Rickard Rakell,PIT,f1,PP1,PTS,under,0.5,draftkings,-105,False,0.7974154291836085,0.745662623153935,0.4504917886987711,0.4744198341984519,18.540236737515123,1840.311666666667,,"draftkings@0.5,sgo_fair@0.5",1.0472579744117947,0.5121951219512195,0.4648486159985796,-0.0473465059526398,-0.0924384163837255,-0.0239280454996807,115,127.0,pass,2026-09-30T22:56:39+00:00,sgo_slate_alt_20260930T225639Z.json,rickardrakell,2.0,0.0,1.0,1.0,18:32,1.0,True,0.0,1.9523809523809523,-1.0,,goals+assists-nan-game-ou-under,,
PIT@PHI,Travis Konecny,PHI,f2,PP2,SOG,over,2.5,draftkings,160,True,2.143814949348693,2.0711828002167736,0.3602627022367241,0.341570833091898,17.79007170032192,2230.1783333333337,,"draftkings@1.5,fanduel@1.5,pinnacle@1.5,sgo_fair@2.0",1.049054075237431,0.3846153846153846,0.3490475807498284,-0.0355678038655561,-0.092476290050446,0.018691869144826,186,209.0,pass,2026-09-30T22:56:39+00:00,sgo_slate_alt_20260930T225639Z.json,traviskonecny,2.0,0.0,0.0,0.0,14:47,2.0,True,0.0,2.6,-1.0,TRAVIS_KONECNY_1_NHL,shots_onGoal-TRAVIS_KONECNY_1_NHL-game-ou-over,160.0,5.551115123125783e-17
PIT@PHI,Travis Konecny,PHI,f2,PP2,SOG,over,2.5,draftkings,160,True,2.143814949348693,2.0711828002167736,0.3602627022367241,0.341570833091898,17.79007170032192,2230.1783333333337,,"draftkings@1.5,fanduel@1.5,pinnacle@1.5,sgo_fair@2.0",1.049054075237431,0.3846153846153846,0.3490475807498284,-0.0355678038655561,-0.092476290050446,0.018691869144826,186,209.0,pass,2026-09-30T22:56:39+00:00,sgo_slate_alt_20260930T225639Z.json,traviskonecny,2.0,0.0,0.0,0.0,14:47,2.0,True,0.0,2.6,-1.0,TRAVIS_KONECNY_1_NHL,shots_onGoal-TRAVIS_KONECNY_1_NHL-game-ou-over,245.0,-0.09476031215161645
NYI@TOR,Brayden Schenn,NYI,f2,PP1,A,over,0.5,draftkings,210,False,0.3440595367221938,0.3478647522215859,0.2911132779987164,0.293805619023009,16.50940975192472,1989.5,,"draftkings@0.5,pinnacle@0.5,sgo_fair@0.5",1.1144430424849077,0.3225806451612903,0.292728682613292,-0.0298519625479983,-0.0925410838987947,-0.0026923410242926,242,274.0,pass,2026-09-30T22:56:39+00:00,sgo_slate_alt_20260930T225639Z.json,braydenschenn,1.0,0.0,0.0,0.0,14:27,0.0,True,0.0,3.1,-1.0,,assists-nan-game-ou-over,,
NYI@TOR,Jack Roslovic,TOR,f1,PP2,A,over,0.5,draftkings,190,False,0.2561465035534728,0.4626235219476513,0.2259714374496605,0.3703703703700796,16.5629364333803,1610.1491666666666,,sgo_fair@0.5,1.1144430424849077,0.3448275862068966,0.312610797201912,-0.0322167890049845,-0.0934286881144552,-0.144398932920419,220,248.0,data-check,2026-09-30T22:56:39+00:00,sgo_slate_alt_20260930T225639Z.json,jackroslovic,2.0,0.0,1.0,1.0,14:53,1.0,True,1.0,2.9,1.9,,assists-nan-game-ou-over,,
PIT@PHI,Tommy Novak,PIT,f2,PP1,SOG,over,1.5,draftkings,-135,False,1.7358105722211197,1.8018267099676777,0.5093304738960024,0.5284190447378876,15.020621668234558,1492.5841666666668,,"draftkings@1.5,sgo_fair@1.5",1.049054075237431,0.574468085106383,0.5207836164011335,-0.0536844687052495,-0.0934507418202491,-0.0190885708418852,-109,102.0,pass,2026-09-30T22:56:39+00:00,sgo_slate_alt_20260930T225639Z.json,tommynovak,0.0,0.0,1.0,1.0,16:04,0.0,True,0.0,1.7407407407407407,-1.0,,shots_onGoal-nan-game-ou-over,,
PIT@PHI,Sidney Crosby,PIT,f1,PP1,A,under,0.5,draftkings,-135,False,0.6798868288418827,0.6346763334665567,0.506674330041762,0.5301070384610432,18.813389423076924,2041.185,,"draftkings@0.5,pinnacle@0.5,sgo_fair@0.5",1.1144430424849077,0.574468085106383,0.5207339550933308,-0.0537341300130522,-0.0935371892819798,-0.0234327084192812,-109,102.0,pass,2026-09-30T22:56:39+00:00,sgo_slate_alt_20260930T225639Z.json,sidneycrosby,3.0,0.0,1.0,1.0,17:39,1.0,True,0.0,1.7407407407407407,-1.0,,assists-nan-game-ou-under,,
LAK@COL,Drew Doughty,LAK,d1,PP2,SOG,over,1.5,draftkings,120,False,1.3989282266323406,1.440518163632006,0.403565017010014,0.4173315018016636,22.876091617933724,1988.0616666666667,,"draftkings@1.5,pinnacle@1.5,sgo_fair@1.5",1.049054075237431,0.4545454545454545,0.4118249078850038,-0.0427205466604507,-0.0939852026529916,-0.0137664847916496,143,159.0,pass,2026-09-30T22:56:39+00:00,sgo_slate_alt_20260930T225639Z.json,drewdoughty,1.0,0.0,1.0,1.0,22:41,1.0,True,0.0,2.2,-1.0,,shots_onGoal-nan-game-ou-over,,
LAK@COL,Artturi Lehkonen,COL,f1,PP2,G,under,0.5,fanduel,-400,False,0.3519480134015632,0.3032419220004773,0.7033166840679919,0.7384204346115144,18.532657100445324,1926.55,,"fanduel@0.5,pinnacle@0.5,sgo_fair@0.5",1.0777230155902748,0.8,0.7243789343941054,-0.0756210656058946,-0.0945263320073682,-0.0351037505435225,-263,-233.0,pass,2026-09-30T22:56:39+00:00,sgo_slate_alt_20260930T225639Z.json,artturilehkonen,3.0,2.0,0.0,2.0,19:27,2.0,True,0.0,1.25,-1.0,,points-nan-game-ou-under,,
NYI@TOR,Simon Holmstrom,NYI,f1,PP2,PTS,under,0.5,draftkings,-190,False,0.5708819980908009,0.4926311165943994,0.5650268662446023,0.6110166213911397,17.38473022912047,1890.756666666667,,"draftkings@0.5,sgo_fair@0.5",1.0472579744117947,0.6551724137931034,0.5926207193325247,-0.0625516944605787,-0.095473638913515,-0.0459897551465373,-145,-131.0,pass,2026-09-30T22:56:39+00:00,sgo_slate_alt_20260930T225639Z.json,simonholmstrom,0.0,0.0,0.0,0.0,20:17,0.0,True,1.0,1.526315789473684,0.5263157894736841,,goals+assists-nan-game-ou-under,,
NYI@TOR,John Tavares,TOR,f2,PP1,A,over,1.5,draftkings,950,True,0.5107039472568562,0.4697257191879558,0.0934673346261614,0.0811661078067799,17.08891862955032,2122.2625,,"draftkings@0.5,pinnacle@0.5,sgo_fair@0.5",1.1144430424849077,0.0952380952380952,0.0860865985345325,-0.0091514967035626,-0.0960907153874083,0.0123012268193815,1062,1537.0,pass,2026-09-30T22:56:39+00:00,sgo_slate_alt_20260930T225639Z.json,johntavares,1.0,0.0,0.0,0.0,16:58,0.0,True,0.0,10.5,-1.0,,assists-nan-game-ou-over,,
LAK@COL,Mats Zuccarello,LAK,f2,PP1,SOG,under,1.5,fanduel,112,False,1.9793931685884407,1.9586806431344597,0.4230371002191559,0.4284884765429464,17.496636128076993,1710.3441666666663,,"draftkings@1.5,fanduel@1.5,pinnacle@1.5,sgo_fair@2.5",1.049054075237431,0.4716981132075472,0.4263079260134302,-0.0453901871941169,-0.0962271968515278,-0.0054513763237904,135,149.0,pass,2026-09-30T22:56:39+00:00,sgo_slate_alt_20260930T225639Z.json,matszuccarello,0.0,0.0,0.0,0.0,17:59,0.0,True,1.0,2.12,1.12,,shots_onGoal-nan-game-ou-under,,
LAK@COL,Brock Nelson,COL,f2,PP2,PTS,under,0.5,draftkings,-130,False,0.7228409764509541,0.6394598748055366,0.4853713667290136,0.5275773048948609,17.712678062678066,2272.766666666667,,"draftkings@0.5,sgo_fair@0.5",1.0472579744117947,0.5652173913043478,0.5106949296285219,-0.0545224616758258,-0.0964628168110766,-0.0422059381658472,-104,106.0,pass,2026-09-30T22:56:39+00:00,sgo_slate_alt_20260930T225639Z.json,brocknelson,1.0,1.0,2.0,3.0,19:14,3.0,True,0.0,1.7692307692307692,-1.0,,goals+assists-nan-game-ou-under,,
LAK@COL,Trevor Moore,LAK,f3,PP2,A,over,0.5,draftkings,290,False,0.2472140283649728,0.2745098204989272,0.2190264748440486,0.240055458822274,15.137832260194816,1693.503333333333,,"draftkings@0.5,sgo_fair@0.5",1.1144430424849077,0.2564102564102564,0.2316438652309839,-0.0247663911792724,-0.0965889255991627,-0.0210289839782253,332,384.0,pass,2026-09-30T22:56:39+00:00,sgo_slate_alt_20260930T225639Z.json,trevormoore,2.0,1.0,0.0,1.0,14:56,0.0,True,0.0,3.9,-1.0,,assists-nan-game-ou-over,,
NYI@TOR,Auston Matthews,TOR,f1,PP1,SOG,over,6.5,fanduel,850,True,3.7442061530497432,3.6315658225880094,0.1014031831073036,0.0908892775285543,19.35674712013165,1888.035,,"draftkings@3.5,fanduel@3.5,pinnacle@3.5,sgo_fair@3.5",1.049054075237431,0.1052631578947368,0.095094839760054,-0.0101683181346828,-0.0965990222794866,0.0105139055787492,952,1327.0,pass,2026-09-30T22:56:39+00:00,sgo_slate_alt_20260930T225639Z.json,austonmatthews,1.0,0.0,0.0,0.0,20:04,1.0,True,0.0,9.5,-1.0,,shots_onGoal-nan-game-ou-over,,
PIT@PHI,Nick Robertson,PIT,f1,-,PTS,over,0.5,draftkings,125,False,0.4200171794088591,0.5807629310229583,0.3429644677639433,0.4405286343613158,15.236584899893014,1360.1991666666663,,sgo_fair@0.5,1.0472579744117947,0.4444444444444444,0.4015029677223667,-0.0429414767220776,-0.0966183226246747,-0.0975641665973724,149,166.0,pass,2026-09-30T22:56:39+00:00,sgo_slate_alt_20260930T225639Z.json,nickrobertson,4.0,2.0,0.0,2.0,15:02,2.0,True,1.0,2.25,1.25,,goals+assists-nan-game-ou-over,,
LAK@COL,Trevor Moore,LAK,f3,PP2,SOG,over,3.5,draftkings,475,True,1.9496769198651105,2.093677665891229,0.1414158058875891,0.1675432354602518,15.137832260194816,1693.503333333333,,"draftkings@1.5,sgo_fair@2.0",1.049054075237431,0.1739130434782608,0.1570922636311867,-0.016820779847074,-0.0967194841206759,-0.0261274295726627,537,657.0,pass,2026-09-30T22:56:39+00:00,sgo_slate_alt_20260930T225639Z.json,trevormoore,2.0,1.0,0.0,1.0,14:56,2.0,True,0.0,5.75,-1.0,,shots_onGoal-nan-game-ou-over,,
NYI@TOR,Matthew Schaefer,NYI,d1,PP1,A,over,0.5,fanduel,118,False,0.4813529484915116,0.5724532030294635,0.3820532241735951,0.4358602096865837,23.59136178861789,2023.9833333333331,,"draftkings@0.5,pinnacle@0.5,sgo_fair@0.5",1.1144430424849077,0.4587155963302752,0.4143374154813883,-0.0443781808488869,-0.0967444342505736,-0.0538069855129885,141,157.0,pass,2026-09-30T22:56:39+00:00,sgo_slate_alt_20260930T225639Z.json,matthewschaefer,3.0,0.0,0.0,0.0,27:45,0.0,True,0.0,2.1799999999999997,-1.0,,assists-nan-game-ou-over,,
NYI@TOR,William Nylander,TOR,f2,PP1,A,over,1.5,draftkings,650,True,0.6429644416952655,0.5629542551031987,0.1362416572382595,0.1098599521144803,17.72223436993845,2000.8358333333333,,"draftkings@0.5,pinnacle@0.5,sgo_fair@0.5",1.1144430424849077,0.1333333333333333,0.1204126341639919,-0.0129206991693413,-0.0969052437700601,0.0263817051237792,730,948.0,pass,2026-09-30T22:56:39+00:00,sgo_slate_alt_20260930T225639Z.json,williamnylander,1.0,0.0,0.0,0.0,17:29,0.0,True,0.0,7.5,-1.0,,assists-nan-game-ou-over,,
PIT@PHI,Trevor Zegras,PHI,f1,PP1,SOG,over,3.5,draftkings,500,True,2.175144573449077,1.8772992790423828,0.182950194832121,0.1288913624765851,18.15746991717456,1953.2883333333332,,"draftkings@1.5,fanduel@1.5,pinnacle@1.5,sgo_fair@1.5",1.049054075237431,0.1666666666666666,0.1505148954187994,-0.0161517712478671,-0.0969106274872031,0.0540588323555359,564,697.0,pass,2026-09-30T22:56:39+00:00,sgo_slate_alt_20260930T225639Z.json,trevorzegras,1.0,0.0,0.0,0.0,16:25,1.0,True,0.0,6.0,-1.0,TREVOR_ZEGRAS_1_NHL,shots_onGoal-TREVOR_ZEGRAS_1_NHL-game-ou-over,500.0,5.551115123125783e-17
PIT@PHI,Trevor Zegras,PHI,f1,PP1,SOG,over,3.5,draftkings,500,True,2.175144573449077,1.8772992790423828,0.182950194832121,0.1288913624765851,18.15746991717456,1953.2883333333332,,"draftkings@1.5,fanduel@1.5,pinnacle@1.5,sgo_fair@1.5",1.049054075237431,0.1666666666666666,0.1505148954187994,-0.0161517712478671,-0.0969106274872031,0.0540588323555359,564,697.0,pass,2026-09-30T22:56:39+00:00,sgo_slate_alt_20260930T225639Z.json,trevorzegras,1.0,0.0,0.0,0.0,16:25,1.0,True,0.0,6.0,-1.0,TREVOR_ZEGRAS_1_NHL,shots_onGoal-TREVOR_ZEGRAS_1_NHL-game-ou-over,600.0,-0.023809523809523753
PIT@PHI,Travis Konecny,PHI,f2,PP2,SOG,under,1.5,draftkings,130,False,2.143814949348693,2.0711828002167736,0.3817284604467041,0.399547530649289,17.79007170032192,2230.1783333333337,,"draftkings@1.5,fanduel@1.5,pinnacle@1.5,sgo_fair@2.0",1.049054075237431,0.4347826086956521,0.3924199025682551,-0.042362706127397,-0.0974342240930133,-0.0178190702025848,155,172.0,pass,2026-09-30T22:56:39+00:00,sgo_slate_alt_20260930T225639Z.json,traviskonecny,2.0,0.0,0.0,0.0,14:47,2.0,True,0.0,2.3,-1.0,TRAVIS_KONECNY_1_NHL,shots_onGoal-TRAVIS_KONECNY_1_NHL-game-ou-under,130.0,5.551115123125783e-17
PIT@PHI,Travis Konecny,PHI,f2,PP2,SOG,under,1.5,draftkings,130,False,2.143814949348693,2.0711828002167736,0.3817284604467041,0.399547530649289,17.79007170032192,2230.1783333333337,,"draftkings@1.5,fanduel@1.5,pinnacle@1.5,sgo_fair@2.0",1.049054075237431,0.4347826086956521,0.3924199025682551,-0.042362706127397,-0.0974342240930133,-0.0178190702025848,155,172.0,pass,2026-09-30T22:56:39+00:00,sgo_slate_alt_20260930T225639Z.json,traviskonecny,2.0,0.0,0.0,0.0,14:47,2.0,True,0.0,2.3,-1.0,TRAVIS_KONECNY_1_NHL,shots_onGoal-TRAVIS_KONECNY_1_NHL-game-ou-under,-110.0,0.08902691511387173
NYI@TOR,Auston Matthews,TOR,f1,PP1,SOG,under,3.5,draftkings,-130,False,3.7442061530497432,3.6315658225880094,0.4969347162379939,0.5186536112871881,19.35674712013165,1888.035,,"draftkings@3.5,fanduel@3.5,pinnacle@3.5,sgo_fair@3.5",1.049054075237431,0.5652173913043478,0.5099660532675104,-0.0552513380368373,-0.0977523672959431,-0.0217188950491942,-104,106.0,pass,2026-09-30T22:56:39+00:00,sgo_slate_alt_20260930T225639Z.json,austonmatthews,1.0,0.0,0.0,0.0,20:04,1.0,True,1.0,1.7692307692307692,0.7692307692307692,,shots_onGoal-nan-game-ou-under,,
NYI@TOR,Brayden Schenn,NYI,f2,PP1,G,under,0.5,fanduel,-600,False,0.2816167978149424,0.2413410246983738,0.7545627792444584,0.7855736806753865,16.50940975192472,1989.5,,"fanduel@0.5,pinnacle@0.5,sgo_fair@0.5",1.0777230155902748,0.8571428571428571,0.7731693201030152,-0.0839735370398419,-0.0979691265464821,-0.0310109014309281,-341,-297.0,pass,2026-09-30T22:56:39+00:00,sgo_slate_alt_20260930T225639Z.json,braydenschenn,1.0,0.0,0.0,0.0,14:27,0.0,True,1.0,1.1666666666666667,0.16666666666666674,,points-nan-game-ou-under,,
PIT@PHI,Rickard Rakell,PIT,f1,PP1,PTS,over,0.5,fanduel,-146,False,0.7974154291836085,0.745662623153935,0.5495082113012288,0.5255801658015481,18.540236737515123,1840.311666666667,,"draftkings@0.5,sgo_fair@0.5",1.0472579744117947,0.5934959349593496,0.5351513840014204,-0.0583445509579292,-0.0983065721619903,0.0239280454996807,-115,-104.0,pass,2026-09-30T22:56:39+00:00,sgo_slate_alt_20260930T225639Z.json,rickardrakell,2.0,0.0,1.0,1.0,18:32,1.0,True,1.0,1.6849315068493151,0.6849315068493151,,goals+assists-nan-game-ou-over,,
PIT@PHI,Sidney Crosby,PIT,f1,PP1,PTS,under,0.5,draftkings,140,False,1.0383083920352354,0.9416197314020612,0.3540530947111557,0.3899956353224134,18.813389423076924,2041.185,,"draftkings@0.5,sgo_fair@0.5",1.0472579744117947,0.4166666666666667,0.3756186190779104,-0.0410480475887563,-0.098515314213015,-0.0359425406112576,166,185.0,pass,2026-09-30T22:56:39+00:00,sgo_slate_alt_20260930T225639Z.json,sidneycrosby,3.0,0.0,1.0,1.0,17:39,1.0,True,0.0,2.4,-1.0,,goals+assists-nan-game-ou-under,,
NYI@TOR,Kyle Palmieri,NYI,f1,PP1,G,under,0.5,fanduel,-450,False,0.3325927556950446,0.2862985470676921,0.7170621541807243,0.7510383621726473,18.330910070005388,1155.1666666666667,,"fanduel@0.5,pinnacle@0.5,sgo_fair@0.5",1.0777230155902748,0.8181818181818182,0.737447878975878,-0.0807339392059401,-0.0986748145850379,-0.033976207991923,-281,-248.0,pass,2026-09-30T22:56:39+00:00,sgo_slate_alt_20260930T225639Z.json,kylepalmieri,4.0,0.0,0.0,0.0,18:35,0.0,True,1.0,1.2222222222222223,0.22222222222222232,,points-nan-game-ou-under,,
NYI@TOR,John Tavares,TOR,f2,PP1,A,under,0.5,draftkings,-215,False,0.5107039472568562,0.4697257191879558,0.6000730103472125,0.6251737179239734,17.08891862955032,2122.2625,,"draftkings@0.5,pinnacle@0.5,sgo_fair@0.5",1.1144430424849077,0.6825396825396826,0.615133434893269,-0.0674062476464135,-0.0987579907377687,-0.0251007075767608,-160,-144.0,pass,2026-09-30T22:56:39+00:00,sgo_slate_alt_20260930T225639Z.json,johntavares,1.0,0.0,0.0,0.0,16:58,0.0,True,1.0,1.4651162790697674,0.4651162790697674,,assists-nan-game-ou-under,,
LAK@COL,Nazem Kadri,COL,f2,PP2,G,over,0.5,fanduel,260,False,0.2772805937552836,0.2953503232738995,0.2421581784084388,0.2557291935958285,17.56882499268364,2179.7783333333336,,"fanduel@0.5,pinnacle@0.5,sgo_fair@0.5",1.0777230155902748,0.2777777777777778,0.2503007875208726,-0.0274769902569051,-0.0989171649248584,-0.0135710151873896,300,344.0,pass,2026-09-30T22:56:39+00:00,sgo_slate_alt_20260930T225639Z.json,nazemkadri,2.0,0.0,2.0,2.0,17:57,0.0,True,0.0,3.6,-1.0,,points-nan-game-ou-over,,
NYI@TOR,Auston Matthews,TOR,f1,PP1,G,over,1.5,fanduel,950,True,0.5074794123494213,0.4703236671265999,0.0924806762122243,0.0813417605335301,19.35674712013165,1888.035,,"fanduel@0.5,pinnacle@0.5,sgo_fair@0.5",1.0777230155902748,0.0952380952380952,0.0857973268050078,-0.0094407684330874,-0.0991280685474177,0.0111389156786941,1066,1545.0,pass,2026-09-30T22:56:39+00:00,sgo_slate_alt_20260930T225639Z.json,austonmatthews,1.0,0.0,0.0,0.0,20:04,0.0,True,0.0,10.5,-1.0,,points-nan-game-ou-over,,
NYI@TOR,Darren Raddysh,TOR,d1,PP1,PTS,over,1.5,fanduel,420,True,0.8589631358219288,0.6735215396940623,0.2125412238441695,0.1466550585969797,21.772137732023086,2248.580833333333,,"draftkings@0.5,sgo_fair@0.5",1.0472579744117947,0.1923076923076923,0.1730095246958556,-0.0192981676118366,-0.1003504715815507,0.0658861652471898,478,576.0,pass,2026-09-30T22:56:39+00:00,sgo_slate_alt_20260930T225639Z.json,darrenraddysh,4.0,0.0,0.0,0.0,20:36,0.0,True,0.0,5.2,-1.0,,goals+assists-nan-game-ou-over,,
LAK@COL,Martin Necas,COL,f1,PP1,SOG,over,2.5,fanduel,-128,False,2.556363088540212,2.8628088231689897,0.4628505716102247,0.5331810704059351,19.35776089828269,2352.2475,,"draftkings@2.5,fanduel@2.5,pinnacle@2.5,sgo_fair@3.5",1.049054075237431,0.5614035087719298,0.5050488708876509,-0.0563546378842788,-0.1003816987313718,-0.0703304987957104,-102,108.0,pass,2026-09-30T22:56:39+00:00,sgo_slate_alt_20260930T225639Z.json,martinnecas,4.0,0.0,1.0,1.0,19:11,4.0,True,1.0,1.78125,0.78125,,shots_onGoal-nan-game-ou-over,,
PIT@PHI,Sidney Crosby,PIT,f1,PP1,PTS,over,1.5,fanduel,250,True,1.0383083920352354,0.9416197314020612,0.2783306058242054,0.2427767792973194,18.813389423076924,2041.185,,"draftkings@0.5,sgo_fair@0.5",1.0472579744117947,0.2857142857142857,0.2569983099080738,-0.0287159758062118,-0.1005059153217415,0.0355538265268859,289,331.0,pass,2026-09-30T22:56:39+00:00,sgo_slate_alt_20260930T225639Z.json,sidneycrosby,3.0,0.0,1.0,1.0,17:39,1.0,True,0.0,3.5,-1.0,,goals+assists-nan-game-ou-over,,
NYI@TOR,William Nylander,TOR,f2,PP1,SOG,over,3.5,draftkings,195,True,2.6257504995545338,2.8720520934455664,0.2737937812200924,0.3255274147788329,17.72223436993845,2000.8358333333333,,"draftkings@2.5,fanduel@2.5,pinnacle@2.5,sgo_fair@3.0",1.049054075237431,0.3389830508474576,0.3048339613553367,-0.0341490894921209,-0.1007398140017566,-0.0517336335587404,228,257.0,pass,2026-09-30T22:56:39+00:00,sgo_slate_alt_20260930T225639Z.json,williamnylander,1.0,0.0,0.0,0.0,17:29,1.0,True,0.0,2.95,-1.0,,shots_onGoal-nan-game-ou-over,,
NYI@TOR,Darren Raddysh,TOR,d1,PP1,SOG,over,4.5,fanduel,550,True,2.705706027404084,2.5881644153857963,0.1486184014780609,0.1314852060417968,21.772137732023086,2248.580833333333,,"draftkings@2.5,fanduel@2.5,pinnacle@2.5,sgo_fair@2.5",1.049054075237431,0.1538461538461538,0.1383384842163024,-0.0155076696298513,-0.100799852594034,0.017133195436264,623,782.0,pass,2026-09-30T22:56:39+00:00,sgo_slate_alt_20260930T225639Z.json,darrenraddysh,4.0,0.0,0.0,0.0,20:36,4.0,True,0.0,6.5,-1.0,,shots_onGoal-nan-game-ou-over,,
LAK@COL,Erik Haula,LAK,f3,PP2,PTS,over,0.5,draftkings,190,False,0.3560327536346322,0.3812458489837027,0.299550322413291,0.316990048325419,14.81408969210174,1807.1625,,"draftkings@0.5,sgo_fair@0.5",1.0472579744117947,0.3448275862068966,0.3100141579605678,-0.0348134282463287,-0.1009589419143532,-0.017439725912128,223,251.0,pass,2026-09-30T22:56:39+00:00,sgo_slate_alt_20260930T225639Z.json,erikhaula,3.0,0.0,1.0,1.0,15:26,1.0,True,1.0,2.9,1.9,,goals+assists-nan-game-ou-over,,
PIT@PHI,Erik Karlsson,PIT,d1,PP1,SOG,over,3.5,draftkings,350,True,2.26391480239126,2.260387999371989,0.200177383072041,0.1994850129784828,22.99009532320524,2627.4333333333334,,"draftkings@2.5,fanduel@2.5,pinnacle@2.5,sgo_fair@2.5",1.049054075237431,0.2222222222222222,0.1997619610159061,-0.022460261206316,-0.1010711754284224,0.0006923700935581,401,472.0,pass,2026-09-30T22:56:39+00:00,sgo_slate_alt_20260930T225639Z.json,erikkarlsson,3.0,0.0,1.0,1.0,19:59,3.0,True,0.0,4.5,-1.0,,shots_onGoal-nan-game-ou-over,,
PIT@PHI,Evgeni Malkin,PIT,f2,PP2,A,under,0.5,draftkings,-195,False,0.5916498419328473,0.4771154795841031,0.553413486354352,0.6205708618904184,16.83075923787529,1529.4875,,"draftkings@0.5,pinnacle@0.5,sgo_fair@0.5",1.1144430424849077,0.6610169491525424,0.5937079116759918,-0.0673090374765505,-0.1018264925927303,-0.0671573755360664,-146,-132.0,pass,2026-09-30T22:56:39+00:00,sgo_slate_alt_20260930T225639Z.json,evgenimalkin,2.0,1.0,0.0,1.0,15:47,0.0,True,1.0,1.5128205128205128,0.5128205128205128,,assists-nan-game-ou-under,,
LAK@COL,Cale Makar,COL,d1,PP1,PTS,over,1.5,draftkings,195,True,1.1126958860443712,1.1067963259298566,0.3056166427190106,0.3034584702644202,23.81464714714715,2789.351666666667,,"draftkings@0.5,sgo_fair@1.5",1.0472579744117947,0.3389830508474576,0.3043217392462564,-0.0346613116012012,-0.1022508692235436,0.0021581724545903,229,258.0,pass,2026-09-30T22:56:39+00:00,sgo_slate_alt_20260930T225639Z.json,calemakar,1.0,0.0,2.0,2.0,18:14,2.0,True,1.0,2.95,1.9500000000000002,,goals+assists-nan-game-ou-over,,
LAK@COL,Trevor Moore,LAK,f3,PP2,PTS,over,0.5,draftkings,160,False,0.4028926808268951,0.4374680341014961,0.331616174125816,0.3543308345069717,15.137832260194816,1693.503333333333,,"draftkings@0.5,sgo_fair@0.5",1.0472579744117947,0.3846153846153846,0.3452449703545094,-0.0393704142608751,-0.1023630770782754,-0.0227146603811557,190,212.0,pass,2026-09-30T22:56:39+00:00,sgo_slate_alt_20260930T225639Z.json,trevormoore,2.0,1.0,0.0,1.0,14:56,1.0,True,1.0,2.6,1.6,,goals+assists-nan-game-ou-over,,
PIT@PHI,Trevor Zegras,PHI,f1,PP1,PTS,over,2.5,fanduel,1100,True,0.8599641291225797,1.0359170848419532,0.0564275757149606,0.0870251873849933,18.15746991717456,1953.2883333333332,,"draftkings@0.5,sgo_fair@1.0",1.0472579744117947,0.0833333333333333,0.0747861427169802,-0.008547190616353,-0.1025662873962369,-0.0305976116700327,1237,1909.0,pass,2026-09-30T22:56:39+00:00,sgo_slate_alt_20260930T225639Z.json,trevorzegras,1.0,0.0,0.0,0.0,16:25,0.0,True,0.0,12.0,-1.0,TREVOR_ZEGRAS_1_NHL,goals+assists-TREVOR_ZEGRAS_1_NHL-game-ou-over,1100.0,2.7755575615628914e-17
PIT@PHI,Trevor Zegras,PHI,f1,PP1,PTS,over,2.5,fanduel,1100,True,0.8599641291225797,1.0359170848419532,0.0564275757149606,0.0870251873849933,18.15746991717456,1953.2883333333332,,"draftkings@0.5,sgo_fair@1.0",1.0472579744117947,0.0833333333333333,0.0747861427169802,-0.008547190616353,-0.1025662873962369,-0.0305976116700327,1237,1909.0,pass,2026-09-30T22:56:39+00:00,sgo_slate_alt_20260930T225639Z.json,trevorzegras,1.0,0.0,0.0,0.0,16:25,0.0,True,0.0,12.0,-1.0,TREVOR_ZEGRAS_1_NHL,goals+assists-TREVOR_ZEGRAS_1_NHL-game-ou-over,1300.0,-0.011904761904761876
PIT@PHI,Owen Tippett,PHI,f1,PP2,SOG,under,2.5,fanduel,-128,False,2.824634523713833,2.618038418092319,0.4752526483359442,0.5225305945454966,17.293983282893787,1918.3983333333333,,"draftkings@2.5,fanduel@2.5,pinnacle@2.5,sgo_fair@2.5",1.049054075237431,0.5614035087719298,0.5036194160616756,-0.0577840927102542,-0.1029279151401403,-0.0472779462095522,-101,109.0,pass,2026-09-30T22:56:39+00:00,sgo_slate_alt_20260930T225639Z.json,owentippett,4.0,0.0,0.0,0.0,14:11,4.0,True,0.0,1.78125,-1.0,OWEN_TIPPETT_1_NHL,shots_onGoal-OWEN_TIPPETT_1_NHL-game-ou-under,-138.0,0.0184284240011795
PIT@PHI,Owen Tippett,PHI,f1,PP2,SOG,under,2.5,fanduel,-128,False,2.824634523713833,2.618038418092319,0.4752526483359442,0.5225305945454966,17.293983282893787,1918.3983333333333,,"draftkings@2.5,fanduel@2.5,pinnacle@2.5,sgo_fair@2.5",1.049054075237431,0.5614035087719298,0.5036194160616756,-0.0577840927102542,-0.1029279151401403,-0.0472779462095522,-101,109.0,pass,2026-09-30T22:56:39+00:00,sgo_slate_alt_20260930T225639Z.json,owentippett,4.0,0.0,0.0,0.0,14:11,4.0,True,0.0,1.78125,-1.0,OWEN_TIPPETT_1_NHL,shots_onGoal-OWEN_TIPPETT_1_NHL-game-ou-under,-135.0,0.013064576334453237
NYI@TOR,William Nylander,TOR,f2,PP1,A,under,0.5,draftkings,-160,False,0.6429644416952655,0.5629542551031987,0.5257316110082614,0.5695240567528611,17.72223436993845,2000.8358333333333,,"draftkings@0.5,pinnacle@0.5,sgo_fair@0.5",1.1144430424849077,0.6153846153846154,0.5520070784550212,-0.0633775369295942,-0.1029884975105905,-0.0437924457445997,-123,-111.0,pass,2026-09-30T22:56:39+00:00,sgo_slate_alt_20260930T225639Z.json,williamnylander,1.0,0.0,0.0,0.0,17:29,0.0,True,1.0,1.625,0.625,,assists-nan-game-ou-under,,
LAK@COL,Artturi Lehkonen,COL,f1,PP2,G,over,2.5,fanduel,20000,True,0.3519480134015632,0.3032419220004773,0.0055934002111232,0.0037085631382804,18.532657100445324,1926.55,,"fanduel@0.5,pinnacle@0.5,sgo_fair@0.5",1.0777230155902748,0.0049751243781094,0.0044624979674175,-0.0005126264106918,-0.1030379085490684,0.0018848370728428,22309,,pass,2026-09-30T22:56:39+00:00,sgo_slate_alt_20260930T225639Z.json,artturilehkonen,3.0,2.0,0.0,2.0,19:27,2.0,True,0.0,201.0,-1.0,,points-nan-game-ou-over,,
LAK@COL,Nazem Kadri,COL,f2,PP2,PTS,under,0.5,draftkings,-145,False,0.6679977245871291,0.6112380399499037,0.5127341857225287,0.5426785952285784,17.56882499268364,2179.7783333333336,,"draftkings@0.5,sgo_fair@0.5",1.0472579744117947,0.5918367346938775,0.5307008314261585,-0.061135903267719,-0.1032985951764907,-0.0299444095060497,-113,-102.0,pass,2026-09-30T22:56:39+00:00,sgo_slate_alt_20260930T225639Z.json,nazemkadri,2.0,0.0,2.0,2.0,17:57,2.0,True,0.0,1.6896551724137931,-1.0,,goals+assists-nan-game-ou-under,,
PIT@PHI,Tommy Novak,PIT,f2,PP1,G,over,1.5,fanduel,3500,False,0.2297708903201341,0.2494240685497372,0.0226818168525088,0.0263869841102489,15.020621668234558,1492.5841666666668,,sgo_fair@0.5,1.0777230155902748,0.0277777777777777,0.0249049172071528,-0.0028728605706248,-0.1034229805424962,-0.00370516725774,3915,,pass,2026-09-30T22:56:39+00:00,sgo_slate_alt_20260930T225639Z.json,tommynovak,0.0,0.0,1.0,1.0,16:04,0.0,True,0.0,36.0,-1.0,,points-nan-game-ou-over,,
PIT@PHI,Rickard Rakell,PIT,f1,PP1,SOG,under,2.5,draftkings,-160,False,2.557960635509841,2.454728443435274,0.5367680153424523,0.561700489865154,18.540236737515123,1840.311666666667,,"draftkings@2.5,fanduel@2.5,pinnacle@2.5,sgo_fair@2.5",1.049054075237431,0.6153846153846154,0.5517275000560733,-0.0636571153285421,-0.1034428124088808,-0.0249324745227016,-123,-111.0,pass,2026-09-30T22:56:39+00:00,sgo_slate_alt_20260930T225639Z.json,rickardrakell,2.0,0.0,1.0,1.0,18:32,2.0,True,1.0,1.625,0.625,,shots_onGoal-nan-game-ou-under,,
PIT@PHI,Rickard Rakell,PIT,f1,PP1,SOG,under,2.5,fanduel,-160,False,2.557960635509841,2.454728443435274,0.5367680153424523,0.561700489865154,18.540236737515123,1840.311666666667,,"draftkings@2.5,fanduel@2.5,pinnacle@2.5,sgo_fair@2.5",1.049054075237431,0.6153846153846154,0.5517275000560733,-0.0636571153285421,-0.1034428124088808,-0.0249324745227016,-123,-111.0,pass,2026-09-30T22:56:39+00:00,sgo_slate_alt_20260930T225639Z.json,rickardrakell,2.0,0.0,1.0,1.0,18:32,2.0,True,1.0,1.625,0.625,,shots_onGoal-nan-game-ou-under,,
NYI@TOR,Brayden Schenn,NYI,f2,PP1,SOG,over,3.5,draftkings,650,True,1.7653238148340504,1.8578812795063333,0.110421873099061,0.1256070027939209,16.50940975192472,1989.5,,"draftkings@1.5,fanduel@1.5,pinnacle@1.5,sgo_fair@2.0",1.049054075237431,0.1333333333333333,0.1195329509159769,-0.0138003824173563,-0.1035028681301727,-0.0151851296948598,737,958.0,pass,2026-09-30T22:56:39+00:00,sgo_slate_alt_20260930T225639Z.json,braydenschenn,1.0,0.0,0.0,0.0,14:27,1.0,True,0.0,7.5,-1.0,,shots_onGoal-nan-game-ou-over,,
PIT@PHI,Tommy Novak,PIT,f2,PP1,PTS,over,0.5,draftkings,110,False,0.5296921538809756,0.5751142697521154,0.4112138026724077,0.437359427665276,15.020621668234558,1492.5841666666668,,"draftkings@0.5,sgo_fair@0.5",1.0472579744117947,0.4761904761904761,0.4269011776681287,-0.0492892985223474,-0.1035075268969297,-0.0261456249928683,134,149.0,pass,2026-09-30T22:56:39+00:00,sgo_slate_alt_20260930T225639Z.json,tommynovak,0.0,0.0,1.0,1.0,16:04,1.0,True,1.0,2.1,1.1,,goals+assists-nan-game-ou-over,,
LAK@COL,Brandt Clarke,LAK,d2,PP1,A,over,0.5,draftkings,160,False,0.3935217214847194,0.4428110681182439,0.3253233375611065,0.3577714669284682,19.37295046968403,2195.145,,"draftkings@0.5,pinnacle@0.5,sgo_fair@0.5",1.1144430424849077,0.3846153846153846,0.3447922151815236,-0.039823169433861,-0.1035402405280386,-0.0324481293673616,190,213.0,pass,2026-09-30T22:56:39+00:00,sgo_slate_alt_20260930T225639Z.json,brandtclarke,1.0,0.0,0.0,0.0,18:57,0.0,True,0.0,2.6,-1.0,,assists-nan-game-ou-over,,
NYI@TOR,Jack Roslovic,TOR,f1,PP2,PTS,over,0.5,draftkings,105,False,0.5456117379590346,0.5949874160873152,0.4205128194162153,0.4484304932733295,16.5629364333803,1610.1491666666666,,sgo_fair@0.5,1.0472579744117947,0.4878048780487805,0.4372634237304839,-0.0505414543182966,-0.1036099813525081,-0.0279176738571142,129,143.0,pass,2026-09-30T22:56:39+00:00,sgo_slate_alt_20260930T225639Z.json,jackroslovic,2.0,0.0,1.0,1.0,14:53,1.0,True,1.0,2.05,1.0499999999999998,,goals+assists-nan-game-ou-over,,
PIT@PHI,Travis Konecny,PHI,f2,PP2,A,over,0.5,fanduel,122,False,0.5683656423644557,0.48435017147713,0.4335495347754527,0.3839025756102269,17.79007170032192,2230.1783333333337,,"draftkings@0.5,pinnacle@0.5,sgo_fair@0.5",1.1144430424849077,0.4504504504504504,0.4037613592763173,-0.0466890911741331,-0.1036497824065757,0.0496469591652258,148,164.0,pass,2026-09-30T22:56:39+00:00,sgo_slate_alt_20260930T225639Z.json,traviskonecny,2.0,0.0,0.0,0.0,14:47,0.0,True,0.0,2.2199999999999998,-1.0,TRAVIS_KONECNY_1_NHL,assists-TRAVIS_KONECNY_1_NHL-game-ou-over,124.0,-0.004021879021878949
PIT@PHI,Travis Konecny,PHI,f2,PP2,A,over,0.5,fanduel,122,False,0.5683656423644557,0.48435017147713,0.4335495347754527,0.3839025756102269,17.79007170032192,2230.1783333333337,,"draftkings@0.5,pinnacle@0.5,sgo_fair@0.5",1.1144430424849077,0.4504504504504504,0.4037613592763173,-0.0466890911741331,-0.1036497824065757,0.0496469591652258,148,164.0,pass,2026-09-30T22:56:39+00:00,sgo_slate_alt_20260930T225639Z.json,traviskonecny,2.0,0.0,0.0,0.0,14:47,0.0,True,0.0,2.2199999999999998,-1.0,TRAVIS_KONECNY_1_NHL,assists-TRAVIS_KONECNY_1_NHL-game-ou-over,132.0,-0.01941596769182974
LAK@COL,Nazem Kadri,COL,f2,PP2,A,over,1.5,draftkings,1500,True,0.4269966481251803,0.3447852750930656,0.0689335771340695,0.0473911702522777,17.56882499268364,2179.7783333333336,,"draftkings@0.5,pinnacle@0.5,sgo_fair@0.5",1.1144430424849077,0.0625,0.0560081330049944,-0.0064918669950055,-0.1038698719200881,0.0215424068817917,1685,3125.0,pass,2026-09-30T22:56:39+00:00,sgo_slate_alt_20260930T225639Z.json,nazemkadri,2.0,0.0,2.0,2.0,17:57,2.0,True,1.0,16.0,15.0,,assists-nan-game-ou-over,,
LAK@COL,Alex Laferriere,LAK,f2,PP2,PTS,over,0.5,fanduel,126,False,0.4599351328517968,0.535385524051745,0.3686754035951132,0.4145564559348577,16.89103086155165,2074.2775,,"draftkings@0.5,sgo_fair@0.5",1.0472579744117947,0.4424778761061947,0.3962040349989598,-0.0462738411072348,-0.1045788809023507,-0.0458810523397444,152,169.0,pass,2026-09-30T22:56:39+00:00,sgo_slate_alt_20260930T225639Z.json,alexlaferriere,2.0,0.0,2.0,2.0,15:31,2.0,True,1.0,2.26,1.2599999999999998,,goals+assists-nan-game-ou-over,,
LAK@COL,Quinton Byfield,LAK,f1,PP1,SOG,over,2.5,draftkings,120,False,2.1342015259682805,2.459191254511227,0.3577957967675904,0.4393889786958772,18.790998989461528,2260.741666666667,,"draftkings@2.5,fanduel@2.5,pinnacle@2.5,sgo_fair@2.5",1.049054075237431,0.4545454545454545,0.4067517059245624,-0.047793748620892,-0.1051462469659625,-0.0815931819282868,146,162.0,pass,2026-09-30T22:56:39+00:00,sgo_slate_alt_20260930T225639Z.json,quintonbyfield,3.0,0.0,0.0,0.0,18:59,3.0,True,1.0,2.2,1.2000000000000002,,shots_onGoal-nan-game-ou-over,,
LAK@COL,Quinton Byfield,LAK,f1,PP1,SOG,over,1.5,fanduel,-280,True,2.1342015259682805,2.459191254511227,0.6159517099165586,0.6880229454454388,18.790998989461528,2260.741666666667,,"draftkings@2.5,fanduel@2.5,pinnacle@2.5,sgo_fair@2.5",1.049054075237431,0.7368421052631579,0.6591944512338868,-0.0776476540292711,-0.105378959039725,-0.0720712355288802,-193,-173.0,pass,2026-09-30T22:56:39+00:00,sgo_slate_alt_20260930T225639Z.json,quintonbyfield,3.0,0.0,0.0,0.0,18:59,3.0,True,1.0,1.3571428571428572,0.3571428571428572,,shots_onGoal-nan-game-ou-over,,
PIT@PHI,Travis Konecny,PHI,f2,PP2,A,under,0.5,draftkings,-200,False,0.5683656423644557,0.48435017147713,0.5664504652245472,0.6160974243897731,17.79007170032192,2230.1783333333337,,"draftkings@0.5,pinnacle@0.5,sgo_fair@0.5",1.1144430424849077,0.6666666666666666,0.5962386407236828,-0.0704280259429838,-0.1056420389144757,-0.0496469591652258,-148,-133.0,pass,2026-09-30T22:56:39+00:00,sgo_slate_alt_20260930T225639Z.json,traviskonecny,2.0,0.0,0.0,0.0,14:47,0.0,True,1.0,1.5,0.5,TRAVIS_KONECNY_1_NHL,assists-TRAVIS_KONECNY_1_NHL-game-ou-under,-200.0,0.0
PIT@PHI,Travis Konecny,PHI,f2,PP2,A,under,0.5,draftkings,-200,False,0.5683656423644557,0.48435017147713,0.5664504652245472,0.6160974243897731,17.79007170032192,2230.1783333333337,,"draftkings@0.5,pinnacle@0.5,sgo_fair@0.5",1.1144430424849077,0.6666666666666666,0.5962386407236828,-0.0704280259429838,-0.1056420389144757,-0.0496469591652258,-148,-133.0,pass,2026-09-30T22:56:39+00:00,sgo_slate_alt_20260930T225639Z.json,traviskonecny,2.0,0.0,0.0,0.0,14:47,0.0,True,1.0,1.5,0.5,TRAVIS_KONECNY_1_NHL,assists-TRAVIS_KONECNY_1_NHL-game-ou-under,-285.0,0.07359307359307365
NYI@TOR,Matthew Schaefer,NYI,d1,PP1,G,over,1.5,fanduel,3500,False,0.2532108520960549,0.2332007348455915,0.0271271780959529,0.0233117060720166,23.59136178861789,2023.9833333333331,,"pinnacle@0.5,sgo_fair@0.5",1.0777230155902748,0.0277777777777777,0.0248378948815911,-0.0029398828961865,-0.1058357842627174,0.0038154720239363,3926,,pass,2026-09-30T22:56:39+00:00,sgo_slate_alt_20260930T225639Z.json,matthewschaefer,3.0,0.0,0.0,0.0,27:45,0.0,True,0.0,36.0,-1.0,,points-nan-game-ou-over,,
LAK@COL,Adrian Kempe,LAK,f1,PP1,PTS,under,0.5,draftkings,-105,False,0.8165022144915082,0.7579243366881738,0.4419748873399427,0.4686381531939408,18.62954093940684,2261.9791666666665,,"draftkings@0.5,sgo_fair@0.5",1.0472579744117947,0.5121951219512195,0.4579728468523416,-0.0542222750988778,-0.1058625370978092,-0.0266632658539981,118,131.0,pass,2026-09-30T22:56:39+00:00,sgo_slate_alt_20260930T225639Z.json,adriankempe,3.0,0.0,0.0,0.0,19:23,0.0,True,1.0,1.9523809523809523,0.9523809523809523,,goals+assists-nan-game-ou-under,,
LAK@COL,Martin Necas,COL,f1,PP1,SOG,over,2.5,draftkings,-130,False,2.556363088540212,2.8628088231689897,0.4628505716102247,0.5331810704059351,19.35776089828269,2352.2475,,"draftkings@2.5,fanduel@2.5,pinnacle@2.5,sgo_fair@3.5",1.049054075237431,0.5652173913043478,0.5050488708876509,-0.0601685204166968,-0.1064519976603098,-0.0703304987957104,-102,108.0,pass,2026-09-30T22:56:39+00:00,sgo_slate_alt_20260930T225639Z.json,martinnecas,4.0,0.0,1.0,1.0,19:11,4.0,True,1.0,1.7692307692307692,0.7692307692307692,,shots_onGoal-nan-game-ou-over,,
NYI@TOR,John Tavares,TOR,f2,PP1,PTS,under,0.5,draftkings,100,False,0.8807873380757878,0.7590722915246227,0.4144564658305161,0.4681004864270649,17.08891862955032,2122.2625,,"draftkings@0.5,sgo_fair@0.5",1.0472579744117947,0.5,0.4466428781884454,-0.0533571218115546,-0.1067142436231092,-0.0536440205965488,124,137.0,pass,2026-09-30T22:56:39+00:00,sgo_slate_alt_20260930T225639Z.json,johntavares,1.0,0.0,0.0,0.0,16:58,0.0,True,1.0,2.0,1.0,,goals+assists-nan-game-ou-under,,
LAK@COL,Artturi Lehkonen,COL,f1,PP2,SOG,over,3.5,draftkings,400,True,2.166314040625648,2.143388850597425,0.1812605429973391,0.1768956923562154,18.532657100445324,1926.55,,"draftkings@1.5,sgo_fair@2.0",1.049054075237431,0.2,0.1786416326126649,-0.021358367387335,-0.1067918369366753,0.0043648506411236,460,551.0,pass,2026-09-30T22:56:39+00:00,sgo_slate_alt_20260930T225639Z.json,artturilehkonen,3.0,2.0,0.0,2.0,19:27,3.0,True,0.0,5.0,-1.0,,shots_onGoal-nan-game-ou-over,,
NYI@TOR,Matias Maccelli,NYI,f2,PP1,SOG,over,1.5,fanduel,-160,False,1.6506556219711694,2.0429238459214494,0.4838884790621561,0.5933367775623011,15.174308093994778,1373.88,,"draftkings@1.5,sgo_fair@2.0",1.049054075237431,0.6153846153846154,0.5495574581622431,-0.0658271572223723,-0.1069691304863549,-0.1094482985001449,-122,-110.0,pass,2026-09-30T22:56:39+00:00,sgo_slate_alt_20260930T225639Z.json,matiasmaccelli,1.0,0.0,0.0,0.0,17:39,1.0,True,0.0,1.625,-1.0,,shots_onGoal-nan-game-ou-over,,
LAK@COL,Alex Laferriere,LAK,f2,PP2,A,over,0.5,draftkings,255,False,0.2615014337934488,0.3090251461675067,0.23010522844653,0.2658376915742397,16.89103086155165,2074.2775,,"draftkings@0.5,pinnacle@0.5,sgo_fair@0.5",1.1144430424849077,0.2816901408450704,0.2515447063231558,-0.0301454345219145,-0.1070162925527967,-0.0357324631277096,298,341.0,pass,2026-09-30T22:56:39+00:00,sgo_slate_alt_20260930T225639Z.json,alexlaferriere,2.0,0.0,2.0,2.0,15:31,2.0,True,1.0,3.55,2.55,,assists-nan-game-ou-over,,
LAK@COL,Mats Zuccarello,LAK,f2,PP1,A,under,0.5,draftkings,-240,False,0.5444397517237228,0.4104799462630263,0.5801667297163,0.6633318101019748,17.496636128076993,1710.3441666666663,,"draftkings@0.5,pinnacle@0.5,sgo_fair@0.5",1.1144430424849077,0.7058823529411765,0.6300657779477049,-0.0758165749934716,-0.1074068145740846,-0.0831650803856748,-170,-153.0,pass,2026-09-30T22:56:39+00:00,sgo_slate_alt_20260930T225639Z.json,matszuccarello,0.0,0.0,0.0,0.0,17:59,0.0,True,1.0,1.4166666666666667,0.41666666666666674,,assists-nan-game-ou-under,,
PIT@PHI,Owen Tippett,PHI,f1,PP2,A,over,0.5,fanduel,200,False,0.3466471605610556,0.3574582934724719,0.2929452389445088,0.3005481299569152,17.293983282893787,1918.3983333333333,,"draftkings@0.5,pinnacle@0.5,sgo_fair@0.5",1.1144430424849077,0.3333333333333333,0.2975069735519526,-0.0358263597813806,-0.107479079344142,-0.0076028910124064,236,267.0,pass,2026-09-30T22:56:39+00:00,sgo_slate_alt_20260930T225639Z.json,owentippett,4.0,0.0,0.0,0.0,14:11,0.0,True,0.0,3.0,-1.0,OWEN_TIPPETT_1_NHL,assists-OWEN_TIPPETT_1_NHL-game-ou-over,190.0,0.01149425287356326
PIT@PHI,Owen Tippett,PHI,f1,PP2,A,over,0.5,fanduel,200,False,0.3466471605610556,0.3574582934724719,0.2929452389445088,0.3005481299569152,17.293983282893787,1918.3983333333333,,"draftkings@0.5,pinnacle@0.5,sgo_fair@0.5",1.1144430424849077,0.3333333333333333,0.2975069735519526,-0.0358263597813806,-0.107479079344142,-0.0076028910124064,236,267.0,pass,2026-09-30T22:56:39+00:00,sgo_slate_alt_20260930T225639Z.json,owentippett,4.0,0.0,0.0,0.0,14:11,0.0,True,0.0,3.0,-1.0,OWEN_TIPPETT_1_NHL,assists-OWEN_TIPPETT_1_NHL-game-ou-over,235.0,-0.03482587064676618
PIT@PHI,Egor Chinakhov,PIT,f2,PP1,G,over,2.5,fanduel,30000,True,0.2681130824628263,0.287164176434916,0.0026306727655758,0.0031870317803445,14.739930555555556,970.55,,"fanduel@0.5,pinnacle@0.5,sgo_fair@0.5",1.0777230155902748,0.0033222591362126,0.002964488174437,-0.0003577709617755,-0.1076890594944395,-0.0005563590147686,33633,,pass,2026-09-30T22:56:39+00:00,sgo_slate_alt_20260930T225639Z.json,egorchinakhov,3.0,1.0,0.0,1.0,16:58,1.0,True,0.0,301.0,-1.0,,points-nan-game-ou-over,,
LAK@COL,Gabriel Landeskog,COL,f2,PP1,SOG,over,2.5,draftkings,115,False,2.2425249497046167,2.43859091751729,0.3854375110216564,0.4343516135924125,16.206805555555555,984.8166666666668,,"draftkings@2.5,sgo_fair@2.5",1.049054075237431,0.4651162790697674,0.4147859725641101,-0.0503303065056573,-0.1082101589871633,-0.0489141025707561,141,157.0,pass,2026-09-30T22:56:39+00:00,sgo_slate_alt_20260930T225639Z.json,gabriellandeskog,1.0,1.0,0.0,1.0,17:52,1.0,True,0.0,2.15,-1.0,,shots_onGoal-nan-game-ou-over,,
LAK@COL,Alex Laferriere,LAK,f2,PP2,PTS,over,0.5,draftkings,125,False,0.4599351328517968,0.535385524051745,0.3686754035951132,0.4145564559348577,16.89103086155165,2074.2775,,"draftkings@0.5,sgo_fair@0.5",1.0472579744117947,0.4444444444444444,0.3962040349989598,-0.0482404094454845,-0.1085409212523403,-0.0458810523397444,152,169.0,pass,2026-09-30T22:56:39+00:00,sgo_slate_alt_20260930T225639Z.json,alexlaferriere,2.0,0.0,2.0,2.0,15:31,2.0,True,1.0,2.25,1.25,,goals+assists-nan-game-ou-over,,
PIT@PHI,Owen Tippett,PHI,f1,PP2,SOG,under,2.5,draftkings,-130,False,2.824634523713833,2.618038418092319,0.4752526483359442,0.5225305945454966,17.293983282893787,1918.3983333333333,,"draftkings@2.5,fanduel@2.5,pinnacle@2.5,sgo_fair@2.5",1.049054075237431,0.5652173913043478,0.5036194160616756,-0.0615979752426721,-0.1089810331216508,-0.0472779462095522,-101,109.0,pass,2026-09-30T22:56:39+00:00,sgo_slate_alt_20260930T225639Z.json,owentippett,4.0,0.0,0.0,0.0,14:11,4.0,True,0.0,1.7692307692307692,-1.0,OWEN_TIPPETT_1_NHL,shots_onGoal-OWEN_TIPPETT_1_NHL-game-ou-under,-130.0,0.0
PIT@PHI,Owen Tippett,PHI,f1,PP2,SOG,under,2.5,draftkings,-130,False,2.824634523713833,2.618038418092319,0.4752526483359442,0.5225305945454966,17.293983282893787,1918.3983333333333,,"draftkings@2.5,fanduel@2.5,pinnacle@2.5,sgo_fair@2.5",1.049054075237431,0.5652173913043478,0.5036194160616756,-0.0615979752426721,-0.1089810331216508,-0.0472779462095522,-101,109.0,pass,2026-09-30T22:56:39+00:00,sgo_slate_alt_20260930T225639Z.json,owentippett,4.0,0.0,0.0,0.0,14:11,4.0,True,0.0,1.7692307692307692,-1.0,OWEN_TIPPETT_1_NHL,shots_onGoal-OWEN_TIPPETT_1_NHL-game-ou-under,-135.0,0.009250693802035248
NYI@TOR,Matthew Schaefer,NYI,d1,PP1,A,over,0.5,draftkings,115,False,0.4813529484915116,0.5724532030294635,0.3820532241735951,0.4358602096865837,23.59136178861789,2023.9833333333331,,"draftkings@0.5,pinnacle@0.5,sgo_fair@0.5",1.1144430424849077,0.4651162790697674,0.4143374154813883,-0.0507788635883791,-0.1091745567150151,-0.0538069855129885,141,157.0,pass,2026-09-30T22:56:39+00:00,sgo_slate_alt_20260930T225639Z.json,matthewschaefer,3.0,0.0,0.0,0.0,27:45,0.0,True,0.0,2.15,-1.0,,assists-nan-game-ou-over,,
NYI@TOR,Kyle Palmieri,NYI,f1,PP1,PTS,over,1.5,fanduel,540,True,0.6805069530848493,0.6321730011671364,0.1490581187555374,0.1326049416031301,18.330910070005388,1155.1666666666667,,"draftkings@0.5,sgo_fair@0.5",1.0472579744117947,0.15625,0.139186212464093,-0.0170637875359069,-0.1092082402298042,0.0164531771524073,618,776.0,pass,2026-09-30T22:56:39+00:00,sgo_slate_alt_20260930T225639Z.json,kylepalmieri,4.0,0.0,0.0,0.0,18:35,0.0,True,0.0,6.4,-1.0,,goals+assists-nan-game-ou-over,,
PIT@PHI,Rickard Rakell,PIT,f1,PP1,SOG,over,4.5,draftkings,650,True,2.557960635509841,2.454728443435274,0.1272214828150322,0.1131059376429605,18.540236737515123,1840.311666666667,,"draftkings@2.5,fanduel@2.5,pinnacle@2.5,sgo_fair@2.5",1.049054075237431,0.1333333333333333,0.1187521557117891,-0.0145811776215441,-0.1093588321615811,0.0141155451720716,742,967.0,pass,2026-09-30T22:56:39+00:00,sgo_slate_alt_20260930T225639Z.json,rickardrakell,2.0,0.0,1.0,1.0,18:32,2.0,True,0.0,7.5,-1.0,,shots_onGoal-nan-game-ou-over,,
LAK@COL,Cale Makar,COL,d1,PP1,PTS,under,0.5,draftkings,170,False,1.1126958860443712,1.1067963259298566,0.3286717041803364,0.3306164535995921,23.81464714714715,2789.351666666667,,"draftkings@0.5,sgo_fair@1.5",1.0472579744117947,0.3703703703703703,0.3298385538318898,-0.0405318165384804,-0.1094359046538973,-0.0019447494192557,203,228.0,pass,2026-09-30T22:56:39+00:00,sgo_slate_alt_20260930T225639Z.json,calemakar,1.0,0.0,2.0,2.0,18:14,2.0,True,0.0,2.7,-1.0,,goals+assists-nan-game-ou-under,,
NYI@TOR,Matthew Schaefer,NYI,d1,PP1,SOG,over,2.5,draftkings,-155,False,2.8030617277803405,2.966241044314394,0.5199384467449929,0.5555349217560858,23.59136178861789,2023.9833333333331,,"draftkings@2.5,fanduel@2.5,pinnacle@2.5,sgo_fair@3.5",1.049054075237431,0.6078431372549019,0.5412963317516486,-0.0665468055032533,-0.1094802284085781,-0.0355964750110928,-118,-107.0,pass,2026-09-30T22:56:39+00:00,sgo_slate_alt_20260930T225639Z.json,matthewschaefer,3.0,0.0,0.0,0.0,27:45,3.0,True,1.0,1.6451612903225805,0.6451612903225805,,shots_onGoal-nan-game-ou-over,,
NYI@TOR,Morgan Rielly,TOR,d1,PP2,SOG,under,1.5,draftkings,-125,False,1.8528291404701855,1.6403602041903742,0.4572185349636153,0.5192491284031002,21.86003738855335,2459.4066666666668,,"draftkings@1.5,sgo_fair@1.5",1.049054075237431,0.5555555555555556,0.4944368910273062,-0.0611186645282493,-0.1100135961508487,-0.0620305934394849,102,113.0,pass,2026-09-30T22:56:39+00:00,sgo_slate_alt_20260930T225639Z.json,morganrielly,1.0,0.0,1.0,1.0,19:49,1.0,True,1.0,1.8,0.8,,shots_onGoal-nan-game-ou-under,,
LAK@COL,Gabriel Landeskog,COL,f2,PP1,A,over,0.5,fanduel,162,False,0.4030889953177559,0.4229062255299295,0.3317473746775858,0.3448599343561627,16.206805555555555,984.8166666666668,,"draftkings@0.5,pinnacle@0.5,sgo_fair@0.5",1.1144430424849077,0.3816793893129771,0.3396149104847319,-0.0420644788282451,-0.1102089345300022,-0.0131125596785768,194,218.0,pass,2026-09-30T22:56:39+00:00,sgo_slate_alt_20260930T225639Z.json,gabriellandeskog,1.0,1.0,0.0,1.0,17:52,0.0,True,0.0,2.62,-1.0,,assists-nan-game-ou-over,,
NYI@TOR,Morgan Rielly,TOR,d1,PP2,SOG,over,3.5,draftkings,750,True,1.8528291404701855,1.6403602041903742,0.1247579262617798,0.091248083856485,21.86003738855335,2459.4066666666668,,"draftkings@1.5,sgo_fair@1.5",1.049054075237431,0.1176470588235294,0.1046520208186029,-0.0129950380049264,-0.1104578230418746,0.0335098424052948,856,1155.0,pass,2026-09-30T22:56:39+00:00,sgo_slate_alt_20260930T225639Z.json,morganrielly,1.0,0.0,1.0,1.0,19:49,1.0,True,0.0,8.5,-1.0,,shots_onGoal-nan-game-ou-over,,
NYI@TOR,Kyle Palmieri,NYI,f1,PP1,SOG,over,4.5,fanduel,630,True,2.5751143695879755,2.481071999455715,0.1296357813502295,0.1166390783580317,18.330910070005388,1155.1666666666667,,"draftkings@2.5,fanduel@2.5,pinnacle@2.5,sgo_fair@2.5",1.049054075237431,0.136986301369863,0.1218377595549108,-0.0151485418149521,-0.1105843552491506,0.0129967029921978,721,933.0,pass,2026-09-30T22:56:39+00:00,sgo_slate_alt_20260930T225639Z.json,kylepalmieri,4.0,0.0,0.0,0.0,18:35,4.0,True,0.0,7.3,-1.0,,shots_onGoal-nan-game-ou-over,,
PIT@PHI,Tommy Novak,PIT,f2,PP1,A,over,0.5,draftkings,200,False,0.3255327680769072,0.369139404543418,0.2778574833431076,0.3086709706752034,15.020621668234558,1492.5841666666668,,"draftkings@0.5,sgo_fair@0.5",1.1144430424849077,0.3333333333333333,0.2963455757423651,-0.0369877575909682,-0.1109632727729047,-0.0308134873320958,237,269.0,pass,2026-09-30T22:56:39+00:00,sgo_slate_alt_20260930T225639Z.json,tommynovak,0.0,0.0,1.0,1.0,16:04,1.0,True,1.0,3.0,2.0,,assists-nan-game-ou-over,,
NYI@TOR,Brayden Schenn,NYI,f2,PP1,PTS,over,1.5,fanduel,700,True,0.5625713374081568,0.5697829284946744,0.1097372008340141,0.1120550940811165,16.50940975192472,1989.5,,"draftkings@0.5,sgo_fair@0.5",1.0472579744117947,0.125,0.1111279367822756,-0.0138720632177243,-0.1109765057417951,-0.0023178932471024,800,1061.0,pass,2026-09-30T22:56:39+00:00,sgo_slate_alt_20260930T225639Z.json,braydenschenn,1.0,0.0,0.0,0.0,14:27,0.0,True,0.0,8.0,-1.0,,goals+assists-nan-game-ou-over,,
PIT@PHI,Owen Tippett,PHI,f1,PP2,SOG,over,4.5,draftkings,500,True,2.824634523713833,2.618038418092319,0.1667639884277149,0.135759557896502,17.293983282893787,1918.3983333333333,,"draftkings@2.5,fanduel@2.5,pinnacle@2.5,sgo_fair@2.5",1.049054075237431,0.1666666666666666,0.1481613301089872,-0.0185053365576794,-0.1110320193460765,0.0310044305312128,575,712.0,pass,2026-09-30T22:56:39+00:00,sgo_slate_alt_20260930T225639Z.json,owentippett,4.0,0.0,0.0,0.0,14:11,4.0,True,0.0,6.0,-1.0,OWEN_TIPPETT_1_NHL,shots_onGoal-OWEN_TIPPETT_1_NHL-game-ou-over,500.0,5.551115123125783e-17
PIT@PHI,Owen Tippett,PHI,f1,PP2,SOG,over,4.5,draftkings,500,True,2.824634523713833,2.618038418092319,0.1667639884277149,0.135759557896502,17.293983282893787,1918.3983333333333,,"draftkings@2.5,fanduel@2.5,pinnacle@2.5,sgo_fair@2.5",1.049054075237431,0.1666666666666666,0.1481613301089872,-0.0185053365576794,-0.1110320193460765,0.0310044305312128,575,712.0,pass,2026-09-30T22:56:39+00:00,sgo_slate_alt_20260930T225639Z.json,owentippett,4.0,0.0,0.0,0.0,14:11,4.0,True,0.0,6.0,-1.0,OWEN_TIPPETT_1_NHL,shots_onGoal-OWEN_TIPPETT_1_NHL-game-ou-over,550.0,-0.012820512820512747
PIT@PHI,Rickard Rakell,PIT,f1,PP1,G,under,0.5,fanduel,-350,False,0.3997800181940286,0.3491563163278002,0.6704675204701966,0.7052828744237941,18.540236737515123,1840.311666666667,,"fanduel@0.5,pinnacle@0.5,sgo_fair@0.5",1.0777230155902748,0.7777777777777778,0.6913567328423551,-0.0864210449354226,-0.1111127720598292,-0.0348153539535974,-224,-200.0,pass,2026-09-30T22:56:39+00:00,sgo_slate_alt_20260930T225639Z.json,rickardrakell,2.0,0.0,1.0,1.0,18:32,0.0,True,1.0,1.2857142857142856,0.2857142857142856,,points-nan-game-ou-under,,
NYI@TOR,Bo Horvat,NYI,f1,PP1,G,over,1.5,fanduel,1300,True,0.4136074900220949,0.4027431987249163,0.0652372726785899,0.0622889735779784,19.278630126057124,2147.205833333333,,"fanduel@0.5,pinnacle@0.5,sgo_fair@0.5",1.0777230155902748,0.0714285714285714,0.063468293218223,-0.0079602782103483,-0.1114438949448771,0.0029482991006114,1476,2500.0,pass,2026-09-30T22:56:39+00:00,sgo_slate_alt_20260930T225639Z.json,bohorvat,4.0,0.0,1.0,1.0,22:31,0.0,True,0.0,14.0,-1.0,,points-nan-game-ou-over,,
LAK@COL,Martin Necas,COL,f1,PP1,SOG,over,3.5,fanduel,198,True,2.556363088540212,2.8628088231689897,0.2593690626072956,0.323579399809706,19.35776089828269,2352.2475,,"draftkings@2.5,fanduel@2.5,pinnacle@2.5,sgo_fair@3.5",1.049054075237431,0.3355704697986577,0.2978952649287419,-0.0376752048699158,-0.112272110512349,-0.0642103372024104,236,266.0,pass,2026-09-30T22:56:39+00:00,sgo_slate_alt_20260930T225639Z.json,martinnecas,4.0,0.0,1.0,1.0,19:11,4.0,True,1.0,2.98,1.98,,shots_onGoal-nan-game-ou-over,,
PIT@PHI,Sidney Crosby,PIT,f1,PP1,PTS,over,1.5,draftkings,245,True,1.0383083920352354,0.9416197314020612,0.2783306058242054,0.2427767792973194,18.813389423076924,2041.185,,"draftkings@0.5,sgo_fair@0.5",1.0472579744117947,0.2898550724637681,0.2569983099080738,-0.0328567625556943,-0.1133558308171452,0.0355538265268859,289,331.0,pass,2026-09-30T22:56:39+00:00,sgo_slate_alt_20260930T225639Z.json,sidneycrosby,3.0,0.0,1.0,1.0,17:39,1.0,True,0.0,3.45,-1.0,,goals+assists-nan-game-ou-over,,
LAK@COL,Adrian Kempe,LAK,f1,PP1,PTS,over,1.5,draftkings,380,True,0.8165022144915082,0.7579243366881738,0.1971516383973595,0.1761695853997706,18.62954093940684,2261.9791666666665,,"draftkings@0.5,sgo_fair@0.5",1.0472579744117947,0.2083333333333333,0.1845624065988061,-0.0237709267345271,-0.1141004483257303,0.0209820529975888,442,527.0,pass,2026-09-30T22:56:39+00:00,sgo_slate_alt_20260930T225639Z.json,adriankempe,3.0,0.0,0.0,0.0,19:23,0.0,True,0.0,4.8,-1.0,,goals+assists-nan-game-ou-over,,
LAK@COL,Nathan MacKinnon,COL,f1,PP1,A,over,0.5,fanduel,-250,False,1.000345352338139,1.0013487503168603,0.6322475849180786,0.6326164018819995,20.211023366508,2590.8675,,"draftkings@0.5,pinnacle@0.5,sgo_fair@1.0",1.1144430424849077,0.7142857142857143,0.6324688750964311,-0.0818168391892831,-0.1145435748649964,-0.0003688169639208,-172,-155.0,pass,2026-09-30T22:56:39+00:00,sgo_slate_alt_20260930T225639Z.json,nathanmackinnon,8.0,2.0,0.0,2.0,17:44,0.0,True,0.0,1.4,-1.0,,assists-nan-game-ou-over,,
LAK@COL,Martin Necas,COL,f1,PP1,A,under,0.5,draftkings,-115,False,0.8244862179959197,0.6990938970844605,0.4384602075684154,0.4970354650984261,19.35776089828269,2352.2475,,"draftkings@0.5,pinnacle@0.5,sgo_fair@0.5",1.1144430424849077,0.5348837209302325,0.4736053620864218,-0.0612783588438106,-0.1145638882732114,-0.0585752575300106,111,123.0,pass,2026-09-30T22:56:39+00:00,sgo_slate_alt_20260930T225639Z.json,martinnecas,4.0,0.0,1.0,1.0,19:11,1.0,True,0.0,1.8695652173913042,-1.0,,assists-nan-game-ou-under,,
LAK@COL,Artemi Panarin,LAK,f1,PP1,SOG,over,5.5,draftkings,1400,True,2.719170564441844,2.517018793316034,0.0690346192208711,0.0523307134188807,19.238125,2334.2925,,"draftkings@2.5,fanduel@2.5,pinnacle@2.5,sgo_fair@2.5",1.049054075237431,0.0666666666666666,0.0590122757396769,-0.0076543909269897,-0.1148158639048463,0.0167039058019903,1595,2840.0,pass,2026-09-30T22:56:39+00:00,sgo_slate_alt_20260930T225639Z.json,artemipanarin,2.0,1.0,0.0,1.0,20:16,2.0,True,0.0,15.0,-1.0,,shots_onGoal-nan-game-ou-over,,
PIT@PHI,Erik Karlsson,PIT,d1,PP1,A,over,1.5,fanduel,600,True,0.6437313264631185,0.5921936275143265,0.136500939932127,0.1193375953946455,22.99009532320524,2627.4333333333334,,"draftkings@0.5,pinnacle@0.5,sgo_fair@0.5",1.1144430424849077,0.1428571428571428,0.1262029332096381,-0.0166542096475046,-0.1165794675325329,0.0171633445374815,692,888.0,pass,2026-09-30T22:56:39+00:00,sgo_slate_alt_20260930T225639Z.json,erikkarlsson,3.0,0.0,1.0,1.0,19:59,1.0,True,0.0,7.0,-1.0,,assists-nan-game-ou-over,,
NYI@TOR,Bo Horvat,NYI,f1,PP1,SOG,over,4.5,fanduel,270,True,3.300034301037376,3.233630431286568,0.2456198289572133,0.2341287677282312,19.278630126057124,2147.205833333333,,"draftkings@2.5,fanduel@3.5,pinnacle@3.5,sgo_fair@3.5",1.049054075237431,0.2702702702702703,0.238725192219824,-0.0315450780504462,-0.1167167887866508,0.0114910612289821,319,368.0,pass,2026-09-30T22:56:39+00:00,sgo_slate_alt_20260930T225639Z.json,bohorvat,4.0,0.0,1.0,1.0,22:31,4.0,True,0.0,3.7,-1.0,,shots_onGoal-nan-game-ou-over,,
NYI@TOR,Auston Matthews,TOR,f1,PP1,SOG,over,5.5,draftkings,390,True,3.7442061530497432,3.6315658225880094,0.189683233368013,0.173979912302463,19.35674712013165,1888.035,,"draftkings@3.5,fanduel@3.5,pinnacle@3.5,sgo_fair@3.5",1.049054075237431,0.2040816326530612,0.180261240728683,-0.0238203919243781,-0.1167199204294529,0.01570332106555,455,544.0,pass,2026-09-30T22:56:39+00:00,sgo_slate_alt_20260930T225639Z.json,austonmatthews,1.0,0.0,0.0,0.0,20:04,1.0,True,0.0,4.9,-1.0,,shots_onGoal-nan-game-ou-over,,
NYI@TOR,Bo Horvat,NYI,f1,PP1,A,over,0.5,draftkings,150,False,0.4097826858202507,0.4536578228076634,0.3362055135822048,0.364699918743863,19.278630126057124,2147.205833333333,,"draftkings@0.5,pinnacle@0.5,sgo_fair@0.5",1.1144430424849077,0.4,0.3533021566791997,-0.0466978433208002,-0.1167446083020007,-0.0284944051616581,183,205.0,pass,2026-09-30T22:56:39+00:00,sgo_slate_alt_20260930T225639Z.json,bohorvat,4.0,0.0,1.0,1.0,22:31,1.0,True,1.0,2.5,1.5,,assists-nan-game-ou-over,,
LAK@COL,Mats Zuccarello,LAK,f2,PP1,A,over,1.5,fanduel,1000,True,0.5444397517237228,0.4104799462630263,0.1039674399985931,0.0643837841328104,17.496636128076993,1710.3441666666663,,"draftkings@0.5,pinnacle@0.5,sgo_fair@0.5",1.1144430424849077,0.0909090909090909,0.0802172464791235,-0.0106918444299673,-0.1176102887296409,0.0395836558657826,1147,1711.0,pass,2026-09-30T22:56:39+00:00,sgo_slate_alt_20260930T225639Z.json,matszuccarello,0.0,0.0,0.0,0.0,17:59,0.0,True,0.0,11.0,-1.0,,assists-nan-game-ou-over,,
LAK@COL,Quinton Byfield,LAK,f1,PP1,PTS,over,0.5,draftkings,-115,False,0.5878002593048959,0.6738364210812856,0.4444519968390964,0.4902507909038918,18.790998989461528,2260.741666666667,,"draftkings@0.5,sgo_fair@0.5",1.0472579744117947,0.5348837209302325,0.4719312732779736,-0.0629524476522588,-0.1176937064803101,-0.0457987940647953,112,124.0,pass,2026-09-30T22:56:39+00:00,sgo_slate_alt_20260930T225639Z.json,quintonbyfield,3.0,0.0,0.0,0.0,18:59,0.0,True,0.0,1.8695652173913042,-1.0,,goals+assists-nan-game-ou-over,,
NYI@TOR,Bo Horvat,NYI,f1,PP1,SOG,over,5.5,draftkings,600,True,3.300034301037376,3.233630431286568,0.1308265766026285,0.1228081007848427,19.278630126057124,2147.205833333333,,"draftkings@2.5,fanduel@3.5,pinnacle@3.5,sgo_fair@3.5",1.049054075237431,0.1428571428571428,0.126015491111957,-0.0168416517451857,-0.1178915622163006,0.0080184758177857,694,890.0,pass,2026-09-30T22:56:39+00:00,sgo_slate_alt_20260930T225639Z.json,bohorvat,4.0,0.0,1.0,1.0,22:31,4.0,True,0.0,7.0,-1.0,,shots_onGoal-nan-game-ou-over,,
LAK@COL,Nathan MacKinnon,COL,f1,PP1,A,under,0.5,draftkings,140,False,1.000345352338139,1.0013487503168603,0.3677524150819213,0.3673835981180005,20.211023366508,2590.8675,,"draftkings@0.5,pinnacle@0.5,sgo_fair@1.0",1.1144430424849077,0.4166666666666667,0.3675311249035688,-0.0491355417630978,-0.1179253002314348,0.0003688169639208,172,192.0,pass,2026-09-30T22:56:39+00:00,sgo_slate_alt_20260930T225639Z.json,nathanmackinnon,8.0,2.0,0.0,2.0,17:44,0.0,True,1.0,2.4,1.4,,assists-nan-game-ou-under,,
PIT@PHI,Jamie Drysdale,PHI,d2,PP1,SOG,over,2.5,draftkings,390,True,1.3078872216235509,1.522209345285188,0.1491358484970282,0.20056691430355,20.541472602739724,2308.5825,,"draftkings@1.5,sgo_fair@1.5",1.049054075237431,0.2040816326530612,0.1799944879809413,-0.0240871446721199,-0.1180270088933875,-0.0514310658065218,456,545.0,pass,2026-09-30T22:56:39+00:00,sgo_slate_alt_20260930T225639Z.json,jamiedrysdale,0.0,0.0,0.0,0.0,17:21,0.0,True,0.0,4.9,-1.0,JAMIE_DRYSDALE_1_NHL,shots_onGoal-JAMIE_DRYSDALE_1_NHL-game-ou-over,390.0,2.7755575615628914e-17
PIT@PHI,Jamie Drysdale,PHI,d2,PP1,SOG,over,2.5,draftkings,390,True,1.3078872216235509,1.522209345285188,0.1491358484970282,0.20056691430355,20.541472602739724,2308.5825,,"draftkings@1.5,sgo_fair@1.5",1.049054075237431,0.2040816326530612,0.1799944879809413,-0.0240871446721199,-0.1180270088933875,-0.0514310658065218,456,545.0,pass,2026-09-30T22:56:39+00:00,sgo_slate_alt_20260930T225639Z.json,jamiedrysdale,0.0,0.0,0.0,0.0,17:21,0.0,True,0.0,4.9,-1.0,JAMIE_DRYSDALE_1_NHL,shots_onGoal-JAMIE_DRYSDALE_1_NHL-game-ou-over,310.0,0.03982080637132904
LAK@COL,Mats Zuccarello,LAK,f2,PP1,PTS,under,0.5,draftkings,-135,False,0.7442434210883441,0.6397969333756965,0.475093609805881,0.5273995104080851,17.496636128076993,1710.3441666666663,,"draftkings@0.5,sgo_fair@0.5",1.0472579744117947,0.574468085106383,0.5064771501672034,-0.0679909349391796,-0.118354590449683,-0.052305900602204,-103,108.0,pass,2026-09-30T22:56:39+00:00,sgo_slate_alt_20260930T225639Z.json,matszuccarello,0.0,0.0,0.0,0.0,17:59,0.0,True,1.0,1.7407407407407407,0.7407407407407407,,goals+assists-nan-game-ou-under,,
PIT@PHI,Erik Karlsson,PIT,d1,PP1,PTS,over,1.5,draftkings,400,True,0.7767978030575075,0.745662623153935,0.1828928530638055,0.1718230277568756,22.99009532320524,2627.4333333333334,,"draftkings@0.5,sgo_fair@0.5",1.0472579744117947,0.2,0.1762509578796475,-0.0237490421203524,-0.1187452106017621,0.0110698253069299,467,561.0,pass,2026-09-30T22:56:39+00:00,sgo_slate_alt_20260930T225639Z.json,erikkarlsson,3.0,0.0,1.0,1.0,19:59,1.0,True,0.0,5.0,-1.0,,goals+assists-nan-game-ou-over,,
PIT@PHI,Evgeni Malkin,PIT,f2,PP2,SOG,under,1.5,draftkings,115,False,2.137186161373,1.9634612706407568,0.3833268055855563,0.4272253064554051,16.83075923787529,1529.4875,,"draftkings@1.5,fanduel@1.5,pinnacle@1.5,sgo_fair@2.5",1.049054075237431,0.4651162790697674,0.4096659061074655,-0.0554503729623018,-0.1192183018689491,-0.0438985008698488,144,160.0,pass,2026-09-30T22:56:39+00:00,sgo_slate_alt_20260930T225639Z.json,evgenimalkin,2.0,1.0,0.0,1.0,15:47,2.0,True,0.0,2.15,-1.0,,shots_onGoal-nan-game-ou-under,,
LAK@COL,Nathan MacKinnon,COL,f1,PP1,PTS,over,2.5,draftkings,330,True,1.5123828405469852,1.5814385355154077,0.1942678811551212,0.2118560444454766,20.211023366508,2590.8675,,"draftkings@1.5,sgo_fair@1.5",1.0472579744117947,0.2325581395348837,0.2048207791293345,-0.0277373604055491,-0.1192706497438615,-0.0175881632903554,388,456.0,pass,2026-09-30T22:56:39+00:00,sgo_slate_alt_20260930T225639Z.json,nathanmackinnon,8.0,2.0,0.0,2.0,17:44,2.0,True,0.0,4.3,-1.0,,goals+assists-nan-game-ou-over,,
LAK@COL,Brock Nelson,COL,f2,PP2,SOG,over,3.5,draftkings,390,True,2.171272883197039,2.149457824821926,0.1822088140744621,0.1780481058280107,17.712678062678066,2272.766666666667,,"draftkings@1.5,fanduel@1.5,pinnacle@2.5,sgo_fair@2.0",1.049054075237431,0.2040816326530612,0.1797123891265913,-0.0243692435264699,-0.1194092932797026,0.0041607082464513,456,546.0,pass,2026-09-30T22:56:39+00:00,sgo_slate_alt_20260930T225639Z.json,brocknelson,1.0,1.0,2.0,3.0,19:14,1.0,True,0.0,4.9,-1.0,,shots_onGoal-nan-game-ou-over,,
PIT@PHI,Matvei Michkov,PHI,f3,PP1,A,over,1.5,draftkings,1100,True,0.4565116931723393,0.4332479850835946,0.0773149874065681,0.0706824673790031,14.45386396011396,1802.7041666666669,,"draftkings@0.5,sgo_fair@0.5",1.1144430424849077,0.0833333333333333,0.0733354753900291,-0.0099978579433042,-0.1199742953196505,0.006632520027565,1264,1969.0,pass,2026-09-30T22:56:39+00:00,sgo_slate_alt_20260930T225639Z.json,matveimichkov,1.0,0.0,0.0,0.0,15:47,0.0,True,0.0,12.0,-1.0,MATVEI_MICHKOV_1_NHL,assists-MATVEI_MICHKOV_1_NHL-game-ou-over,1000.0,0.007575757575757611
LAK@COL,Artturi Lehkonen,COL,f1,PP2,A,over,1.5,draftkings,1500,True,0.3761069363195208,0.3743714955812763,0.0552627991284047,0.0548153399189844,18.532657100445324,1926.55,,"draftkings@0.5,pinnacle@0.5,sgo_fair@0.5",1.1144430424849077,0.0625,0.0549943236027525,-0.0075056763972474,-0.1200908223559588,0.0004474592094202,1718,3234.0,pass,2026-09-30T22:56:39+00:00,sgo_slate_alt_20260930T225639Z.json,artturilehkonen,3.0,2.0,0.0,2.0,19:27,0.0,True,0.0,16.0,-1.0,,assists-nan-game-ou-over,,
NYI@TOR,Simon Holmstrom,NYI,f1,PP2,PTS,over,1.5,draftkings,800,True,0.5708819980908009,0.4926311165943994,0.1124094673786954,0.0879775781552059,17.38473022912047,1890.756666666667,,"draftkings@0.5,sgo_fair@0.5",1.0472579744117947,0.1111111111111111,0.0977503338446017,-0.0133607772665093,-0.1202469953985841,0.0244318892234895,923,1275.0,pass,2026-09-30T22:56:39+00:00,sgo_slate_alt_20260930T225639Z.json,simonholmstrom,0.0,0.0,0.0,0.0,20:17,0.0,True,0.0,9.0,-1.0,,goals+assists-nan-game-ou-over,,
LAK@COL,Artemi Panarin,LAK,f1,PP1,SOG,under,2.5,draftkings,-150,False,2.719170564441844,2.517018793316034,0.4990505916997292,0.54658763173703,19.238125,2334.2925,,"draftkings@2.5,fanduel@2.5,pinnacle@2.5,sgo_fair@2.5",1.049054075237431,0.6,0.5275728157221097,-0.0724271842778903,-0.1207119737964839,-0.0475370400373007,-112,-101.0,pass,2026-09-30T22:56:39+00:00,sgo_slate_alt_20260930T225639Z.json,artemipanarin,2.0,1.0,0.0,1.0,20:16,2.0,True,1.0,1.6666666666666665,0.6666666666666665,,shots_onGoal-nan-game-ou-under,,
LAK@COL,Brock Nelson,COL,f2,PP2,PTS,over,1.5,draftkings,500,True,0.7228409764509541,0.6394598748055366,0.1637823206032518,0.135058177766829,17.712678062678066,2272.766666666667,,"draftkings@0.5,sgo_fair@0.5",1.0472579744117947,0.1666666666666666,0.1465478349013981,-0.0201188317652684,-0.120712990591611,0.0287241428364228,582,723.0,pass,2026-09-30T22:56:39+00:00,sgo_slate_alt_20260930T225639Z.json,brocknelson,1.0,1.0,2.0,3.0,19:14,3.0,True,1.0,6.0,5.0,,goals+assists-nan-game-ou-over,,
PIT@PHI,Evgeni Malkin,PIT,f2,PP2,A,over,1.5,draftkings,800,True,0.5916498419328473,0.4771154795841031,0.1191595119205899,0.0833451737228144,16.83075923787529,1529.4875,,"draftkings@0.5,pinnacle@0.5,sgo_fair@0.5",1.1144430424849077,0.1111111111111111,0.0976709090019246,-0.0134402021091864,-0.1209618189826782,0.0358143381977755,924,1276.0,pass,2026-09-30T22:56:39+00:00,sgo_slate_alt_20260930T225639Z.json,evgenimalkin,2.0,1.0,0.0,1.0,15:47,0.0,True,0.0,9.0,-1.0,,assists-nan-game-ou-over,,
NYI@TOR,William Nylander,TOR,f2,PP1,A,over,1.5,fanduel,630,True,0.6429644416952655,0.5629542551031987,0.1362416572382595,0.1098599521144803,17.72223436993845,2000.8358333333333,,"draftkings@0.5,pinnacle@0.5,sgo_fair@0.5",1.1144430424849077,0.136986301369863,0.1204126341639919,-0.016573667205871,-0.1209877706028585,0.0263817051237792,730,948.0,pass,2026-09-30T22:56:39+00:00,sgo_slate_alt_20260930T225639Z.json,williamnylander,1.0,0.0,0.0,0.0,17:29,0.0,True,0.0,7.3,-1.0,,assists-nan-game-ou-over,,
NYI@TOR,Brayden Schenn,NYI,f2,PP1,SOG,under,1.5,fanduel,-113,False,1.7653238148340504,1.8578812795063333,0.4820665934192618,0.4558141944177351,16.50940975192472,1989.5,,"draftkings@1.5,fanduel@1.5,pinnacle@1.5,sgo_fair@2.0",1.049054075237431,0.5305164319248826,0.4663151540183458,-0.0642012779065368,-0.1210165680893128,0.0262523990015267,114,127.0,pass,2026-09-30T22:56:39+00:00,sgo_slate_alt_20260930T225639Z.json,braydenschenn,1.0,0.0,0.0,0.0,14:27,1.0,True,1.0,1.8849557522123894,0.8849557522123894,,shots_onGoal-nan-game-ou-under,,
LAK@COL,Alex Turcotte,LAK,f2,PP2,PTS,over,0.5,draftkings,195,False,0.3129555047397701,0.3818017278357737,0.2687175495520798,0.3173696136073785,13.5633279337653,1030.3283333333334,,"draftkings@0.5,sgo_fair@0.5",1.0472579744117947,0.3389830508474576,0.297908787985259,-0.0410742628621986,-0.1211690754434858,-0.0486520640552986,236,266.0,pass,2026-09-30T22:56:39+00:00,sgo_slate_alt_20260930T225639Z.json,alexturcotte,1.0,0.0,1.0,1.0,15:35,1.0,True,1.0,2.95,1.9500000000000002,,goals+assists-nan-game-ou-over,,
PIT@PHI,Rickard Rakell,PIT,f1,PP1,PTS,over,1.5,draftkings,390,True,0.7974154291836085,0.745662623153935,0.1902791082723067,0.1718230277568756,18.540236737515123,1840.311666666667,,"draftkings@0.5,sgo_fair@0.5",1.0472579744117947,0.2040816326530612,0.179205459963048,-0.0248761726900131,-0.1218932461810645,0.0184560805154311,458,548.0,pass,2026-09-30T22:56:39+00:00,sgo_slate_alt_20260930T225639Z.json,rickardrakell,2.0,0.0,1.0,1.0,18:32,1.0,True,0.0,4.9,-1.0,,goals+assists-nan-game-ou-over,,
NYI@TOR,Kyle Palmieri,NYI,f1,PP1,SOG,under,2.5,draftkings,-165,False,2.5751143695879755,2.481071999455715,0.5326816751869936,0.5552842306329584,18.330910070005388,1155.1666666666667,,"draftkings@2.5,fanduel@2.5,pinnacle@2.5,sgo_fair@2.5",1.049054075237431,0.6226415094339622,0.5462432084545725,-0.0763983009793897,-0.1227003015729593,-0.0226025554459647,-120,-109.0,pass,2026-09-30T22:56:39+00:00,sgo_slate_alt_20260930T225639Z.json,kylepalmieri,4.0,0.0,0.0,0.0,18:35,4.0,True,0.0,1.606060606060606,-1.0,,shots_onGoal-nan-game-ou-under,,
NYI@TOR,Matthew Schaefer,NYI,d1,PP1,SOG,over,4.5,fanduel,390,True,2.8030617277803405,2.966241044314394,0.1634159929340333,0.189307848432637,23.59136178861789,2023.9833333333331,,"draftkings@2.5,fanduel@2.5,pinnacle@2.5,sgo_fair@3.5",1.049054075237431,0.2040816326530612,0.1789511062331955,-0.0251305264198656,-0.1231395794573417,-0.0258918554986037,459,550.0,pass,2026-09-30T22:56:39+00:00,sgo_slate_alt_20260930T225639Z.json,matthewschaefer,3.0,0.0,0.0,0.0,27:45,3.0,True,0.0,4.9,-1.0,,shots_onGoal-nan-game-ou-over,,
NYI@TOR,John Tavares,TOR,f2,PP1,SOG,under,2.5,fanduel,-205,False,2.490911008597741,2.248941772184448,0.5528970666410358,0.6129369295037538,17.08891862955032,2122.2625,,"draftkings@2.5,fanduel@2.5,pinnacle@2.5,sgo_fair@2.5",1.049054075237431,0.6721311475409836,0.5889209843586666,-0.083210163182317,-0.1238004866858862,-0.060039862862718,-143,-129.0,pass,2026-09-30T22:56:39+00:00,sgo_slate_alt_20260930T225639Z.json,johntavares,1.0,0.0,0.0,0.0,16:58,1.0,True,1.0,1.4878048780487805,0.4878048780487805,,shots_onGoal-nan-game-ou-under,,
LAK@COL,Cale Makar,COL,d1,PP1,A,under,0.5,draftkings,120,False,0.8576926868526407,0.9650953990367924,0.424139577013269,0.3809468560426526,23.81464714714715,2789.351666666667,,"draftkings@0.5,pinnacle@0.5,sgo_fair@1.0",1.1144430424849077,0.4545454545454545,0.3982239444308992,-0.0563215101145553,-0.1239073222520217,0.0431927209706163,151,168.0,pass,2026-09-30T22:56:39+00:00,sgo_slate_alt_20260930T225639Z.json,calemakar,1.0,0.0,2.0,2.0,18:14,2.0,True,0.0,2.2,-1.0,,assists-nan-game-ou-under,,
LAK@COL,Erik Haula,LAK,f3,PP2,A,over,0.5,draftkings,285,False,0.2258129170026772,0.2801123719563034,0.202132644879891,0.2443011826702097,14.81408969210174,1807.1625,,"draftkings@0.5,sgo_fair@0.5",1.1144430424849077,0.2597402597402597,0.2274337675540823,-0.0323064921861774,-0.1243799949167832,-0.0421685377903187,340,394.0,pass,2026-09-30T22:56:39+00:00,sgo_slate_alt_20260930T225639Z.json,erikhaula,3.0,0.0,1.0,1.0,15:26,1.0,True,1.0,3.85,2.85,,assists-nan-game-ou-over,,
LAK@COL,Gabriel Landeskog,COL,f2,PP1,PTS,over,0.5,fanduel,-128,False,0.6375339447445987,0.7031032069981124,0.4714056390391203,0.5049533146380096,16.206805555555555,984.8166666666668,,"draftkings@0.5,sgo_fair@0.5",1.0472579744117947,0.5614035087719298,0.4915342443984539,-0.0698692643734758,-0.1244546271652539,-0.0335476755988893,103,114.0,pass,2026-09-30T22:56:39+00:00,sgo_slate_alt_20260930T225639Z.json,gabriellandeskog,1.0,1.0,0.0,1.0,17:52,1.0,True,1.0,1.78125,0.78125,,goals+assists-nan-game-ou-over,,
LAK@COL,Drew Doughty,LAK,d1,PP2,SOG,over,0.5,fanduel,-590,True,1.3989282266323406,1.440518163632006,0.742480696949639,0.7523535183203021,22.876091617933724,1988.0616666666667,,"draftkings@1.5,pinnacle@1.5,sgo_fair@1.5",1.049054075237431,0.855072463768116,0.7484043897720368,-0.1066680739960791,-0.1247474085716857,-0.009872821370663,-297,-262.0,pass,2026-09-30T22:56:39+00:00,sgo_slate_alt_20260930T225639Z.json,drewdoughty,1.0,0.0,1.0,1.0,22:41,1.0,True,1.0,1.1694915254237288,0.1694915254237288,,shots_onGoal-nan-game-ou-over,,
PIT@PHI,Cam York,PHI,d2,PP2,G,over,0.5,fanduel,750,False,0.088178587275023,0.1225521754132857,0.0844026519137196,0.1153402537485582,21.01691176470588,2284.9075000000003,,sgo_fair@0.5,1.0777230155902748,0.1176470588235294,0.1029652130146228,-0.0146818458089065,-0.1247956893757059,-0.0309376018348385,871,1183.0,pass,2026-09-30T22:56:39+00:00,sgo_slate_alt_20260930T225639Z.json,camyork,1.0,0.0,0.0,0.0,21:08,0.0,True,0.0,8.5,-1.0,CAM_YORK_1_NHL,points-CAM_YORK_1_NHL-game-ou-over,800.0,-0.006535947712418291
PIT@PHI,Cam York,PHI,d2,PP2,G,over,0.5,draftkings,750,False,0.088178587275023,0.1225521754132857,0.0844026519137196,0.1153402537485582,21.01691176470588,2284.9075000000003,,sgo_fair@0.5,1.0777230155902748,0.1176470588235294,0.1029652130146228,-0.0146818458089065,-0.1247956893757059,-0.0309376018348385,871,1183.0,pass,2026-09-30T22:56:39+00:00,sgo_slate_alt_20260930T225639Z.json,camyork,1.0,0.0,0.0,0.0,21:08,0.0,True,0.0,8.5,-1.0,CAM_YORK_1_NHL,points-CAM_YORK_1_NHL-game-ou-over,750.0,1.3877787807814457e-17
LAK@COL,Artturi Lehkonen,COL,f1,PP2,PTS,under,0.5,draftkings,-145,False,0.6800806683348012,0.6433425878303737,0.5065761260647639,0.5255328452150811,18.532657100445324,1926.55,,"draftkings@0.5,sgo_fair@0.5",1.0472579744117947,0.5918367346938775,0.5179501575549542,-0.0738865771389233,-0.1248428372347325,-0.0189567191503172,-107,103.0,pass,2026-09-30T22:56:39+00:00,sgo_slate_alt_20260930T225639Z.json,artturilehkonen,3.0,2.0,0.0,2.0,19:27,2.0,True,0.0,1.6896551724137931,-1.0,,goals+assists-nan-game-ou-under,,
NYI@TOR,Darren Raddysh,TOR,d1,PP1,A,under,0.5,draftkings,-180,False,0.6570624784118815,0.5245405133018115,0.5183718285933747,0.5918272386445074,21.772137732023086,2248.580833333333,,"draftkings@0.5,pinnacle@0.5,sgo_fair@0.5",1.1144430424849077,0.6428571428571429,0.5624450746240544,-0.0804120682330885,-0.1250854394736932,-0.0734554100511326,-129,-116.0,pass,2026-09-30T22:56:39+00:00,sgo_slate_alt_20260930T225639Z.json,darrenraddysh,4.0,0.0,0.0,0.0,20:36,0.0,True,1.0,1.5555555555555556,0.5555555555555556,,assists-nan-game-ou-under,,
PIT@PHI,Porter Martone,PHI,f1,PP1,PTS,under,0.5,draftkings,-105,False,0.9007390304467908,0.7424955546482034,0.4062693033832263,0.4759247361196882,17.520370370370372,153.36666666666667,,"draftkings@0.5,sgo_fair@0.5",1.0472579744117947,0.5121951219512195,0.4480625630251035,-0.064132558926116,-0.1252111864747979,-0.0696554327364619,123,136.0,pass,2026-09-30T22:56:39+00:00,sgo_slate_alt_20260930T225639Z.json,portermartone,0.0,0.0,0.0,0.0,14:05,0.0,True,1.0,1.9523809523809523,0.9523809523809523,PORTER_MARTONE_1_NHL,goals+assists-PORTER_MARTONE_1_NHL-game-ou-under,-105.0,0.0
PIT@PHI,Porter Martone,PHI,f1,PP1,PTS,under,0.5,draftkings,-105,False,0.9007390304467908,0.7424955546482034,0.4062693033832263,0.4759247361196882,17.520370370370372,153.36666666666667,,"draftkings@0.5,sgo_fair@0.5",1.0472579744117947,0.5121951219512195,0.4480625630251035,-0.064132558926116,-0.1252111864747979,-0.0696554327364619,123,136.0,pass,2026-09-30T22:56:39+00:00,sgo_slate_alt_20260930T225639Z.json,portermartone,0.0,0.0,0.0,0.0,14:05,0.0,True,1.0,1.9523809523809523,0.9523809523809523,PORTER_MARTONE_1_NHL,goals+assists-PORTER_MARTONE_1_NHL-game-ou-under,-155.0,0.09564801530368239
LAK@COL,Nazem Kadri,COL,f2,PP2,SOG,under,2.5,draftkings,-165,False,2.725185691129943,2.396569607305325,0.4976740205895494,0.5759885117624661,17.56882499268364,2179.7783333333336,,"draftkings@2.5,fanduel@2.5,pinnacle@2.5,sgo_fair@2.5",1.049054075237431,0.6226415094339622,0.5446627152932995,-0.0779787941406627,-0.1252386693774282,-0.0783144911729166,-120,-108.0,pass,2026-09-30T22:56:39+00:00,sgo_slate_alt_20260930T225639Z.json,nazemkadri,2.0,0.0,2.0,2.0,17:57,2.0,True,1.0,1.606060606060606,0.606060606060606,,shots_onGoal-nan-game-ou-under,,
PIT@PHI,Porter Martone,PHI,f1,PP1,SOG,under,2.5,draftkings,-115,False,2.858866874003733,2.863320513474742,0.4676852870673571,0.4667065475989321,17.520370370370372,153.36666666666667,,"draftkings@2.5,fanduel@2.5,pinnacle@2.5,sgo_fair@3.0",1.049054075237431,0.5348837209302325,0.4670980433863021,-0.0677856775439303,-0.1267297449734352,0.0009787394684249,114,126.0,pass,2026-09-30T22:56:39+00:00,sgo_slate_alt_20260930T225639Z.json,portermartone,0.0,0.0,0.0,0.0,14:05,0.0,True,1.0,1.8695652173913042,0.8695652173913042,PORTER_MARTONE_1_NHL,shots_onGoal-PORTER_MARTONE_1_NHL-game-ou-under,-115.0,0.0
PIT@PHI,Porter Martone,PHI,f1,PP1,SOG,under,2.5,draftkings,-115,False,2.858866874003733,2.863320513474742,0.4676852870673571,0.4667065475989321,17.520370370370372,153.36666666666667,,"draftkings@2.5,fanduel@2.5,pinnacle@2.5,sgo_fair@3.0",1.049054075237431,0.5348837209302325,0.4670980433863021,-0.0677856775439303,-0.1267297449734352,0.0009787394684249,114,126.0,pass,2026-09-30T22:56:39+00:00,sgo_slate_alt_20260930T225639Z.json,portermartone,0.0,0.0,0.0,0.0,14:05,0.0,True,1.0,1.8695652173913042,0.8695652173913042,PORTER_MARTONE_1_NHL,shots_onGoal-PORTER_MARTONE_1_NHL-game-ou-under,-165.0,0.08775778850372973
LAK@COL,Artturi Lehkonen,COL,f1,PP2,SOG,under,1.5,draftkings,130,False,2.166314040625648,2.143388850597425,0.376345012123241,0.3818310342273132,18.532657100445324,1926.55,,"draftkings@1.5,sgo_fair@2.0",1.049054075237431,0.4347826086956521,0.3796366253856843,-0.0551459833099678,-0.1268357616129261,-0.0054860221040722,163,182.0,pass,2026-09-30T22:56:39+00:00,sgo_slate_alt_20260930T225639Z.json,artturilehkonen,3.0,2.0,0.0,2.0,19:27,3.0,True,0.0,2.3,-1.0,,shots_onGoal-nan-game-ou-under,,
LAK@COL,Nathan MacKinnon,COL,f1,PP1,SOG,over,4.5,draftkings,125,True,3.989658001380116,4.1680332538125455,0.3688575532402102,0.400794713621994,20.211023366508,2590.8675,,"draftkings@3.5,fanduel@3.5,pinnacle@3.5,sgo_fair@4.0",1.049054075237431,0.4444444444444444,0.3880198494692805,-0.0564245949751639,-0.1269553386941189,-0.0319371603817837,158,175.0,pass,2026-09-30T22:56:39+00:00,sgo_slate_alt_20260930T225639Z.json,nathanmackinnon,8.0,2.0,0.0,2.0,17:44,8.0,True,1.0,2.25,1.25,,shots_onGoal-nan-game-ou-over,,
LAK@COL,Alex Laferriere,LAK,f2,PP2,SOG,over,3.5,draftkings,300,True,2.3035064479336302,2.388241175899168,0.2079915442838691,0.2249518504375157,16.89103086155165,2074.2775,,"draftkings@2.5,sgo_fair@2.5",1.049054075237431,0.25,0.2181677279760571,-0.0318322720239429,-0.1273290880957716,-0.0169603061536466,358,418.0,pass,2026-09-30T22:56:39+00:00,sgo_slate_alt_20260930T225639Z.json,alexlaferriere,2.0,0.0,2.0,2.0,15:31,2.0,True,0.0,4.0,-1.0,,shots_onGoal-nan-game-ou-over,,
NYI@TOR,Brayden Schenn,NYI,f2,PP1,SOG,under,1.5,draftkings,-115,False,1.7653238148340504,1.8578812795063333,0.4820665934192618,0.4558141944177351,16.50940975192472,1989.5,,"draftkings@1.5,fanduel@1.5,pinnacle@1.5,sgo_fair@2.0",1.049054075237431,0.5348837209302325,0.4663151540183458,-0.0685685669118867,-0.1281934077048319,0.0262523990015267,114,127.0,pass,2026-09-30T22:56:39+00:00,sgo_slate_alt_20260930T225639Z.json,braydenschenn,1.0,0.0,0.0,0.0,14:27,1.0,True,1.0,1.8695652173913042,0.8695652173913042,,shots_onGoal-nan-game-ou-under,,
PIT@PHI,Jamie Drysdale,PHI,d2,PP1,A,over,0.5,draftkings,165,False,0.3340815286436491,0.4444236380977365,0.2840045942867249,0.3588062708097957,20.541472602739724,2308.5825,,"draftkings@0.5,sgo_fair@0.5",1.1144430424849077,0.3773584905660377,0.3288856002005674,-0.0484728903654703,-0.1284531594684964,-0.0748016765230707,204,229.0,pass,2026-09-30T22:56:39+00:00,sgo_slate_alt_20260930T225639Z.json,jamiedrysdale,0.0,0.0,0.0,0.0,17:21,0.0,True,0.0,2.65,-1.0,JAMIE_DRYSDALE_1_NHL,assists-JAMIE_DRYSDALE_1_NHL-game-ou-over,165.0,5.551115123125783e-17
PIT@PHI,Jamie Drysdale,PHI,d2,PP1,A,over,0.5,draftkings,165,False,0.3340815286436491,0.4444236380977365,0.2840045942867249,0.3588062708097957,20.541472602739724,2308.5825,,"draftkings@0.5,sgo_fair@0.5",1.1144430424849077,0.3773584905660377,0.3288856002005674,-0.0484728903654703,-0.1284531594684964,-0.0748016765230707,204,229.0,pass,2026-09-30T22:56:39+00:00,sgo_slate_alt_20260930T225639Z.json,jamiedrysdale,0.0,0.0,0.0,0.0,17:21,0.0,True,0.0,2.65,-1.0,JAMIE_DRYSDALE_1_NHL,assists-JAMIE_DRYSDALE_1_NHL-game-ou-over,220.0,-0.06485849056603771
NYI@TOR,Darren Raddysh,TOR,d1,PP1,PTS,under,0.5,draftkings,-120,False,0.8589631358219288,0.6735215396940623,0.4236010714691558,0.5099097449077474,21.772137732023086,2248.580833333333,,"draftkings@0.5,sgo_fair@0.5",1.0472579744117947,0.5454545454545454,0.4753862755323108,-0.0700682699222346,-0.1284584948574302,-0.0863086734385916,110,122.0,pass,2026-09-30T22:56:39+00:00,sgo_slate_alt_20260930T225639Z.json,darrenraddysh,4.0,0.0,0.0,0.0,20:36,0.0,True,1.0,1.8333333333333335,0.8333333333333335,,goals+assists-nan-game-ou-under,,
PIT@PHI,Egor Chinakhov,PIT,f2,PP1,SOG,over,2.5,draftkings,130,False,2.047991151939787,2.32978944517645,0.3355797198056054,0.4074105786236091,14.739930555555556,970.55,,"draftkings@2.5,sgo_fair@2.5",1.049054075237431,0.4347826086956521,0.3786782350964076,-0.0561043735992445,-0.1290400592782625,-0.0718308588180036,164,183.0,pass,2026-09-30T22:56:39+00:00,sgo_slate_alt_20260930T225639Z.json,egorchinakhov,3.0,1.0,0.0,1.0,16:58,3.0,True,1.0,2.3,1.2999999999999998,,shots_onGoal-nan-game-ou-over,,
PIT@PHI,Porter Martone,PHI,f1,PP1,PTS,over,1.5,fanduel,350,True,0.9007390304467908,0.7424955546482034,0.2277880781870733,0.1707032629643241,17.520370370370372,153.36666666666667,,"draftkings@0.5,sgo_fair@0.5",1.0472579744117947,0.2222222222222222,0.1935371890534238,-0.0286850331687983,-0.1290826492595926,0.0570848152227491,417,493.0,pass,2026-09-30T22:56:39+00:00,sgo_slate_alt_20260930T225639Z.json,portermartone,0.0,0.0,0.0,0.0,14:05,0.0,True,0.0,4.5,-1.0,PORTER_MARTONE_1_NHL,goals+assists-PORTER_MARTONE_1_NHL-game-ou-over,360.0,-0.004830917874396129
PIT@PHI,Porter Martone,PHI,f1,PP1,PTS,over,1.5,fanduel,350,True,0.9007390304467908,0.7424955546482034,0.2277880781870733,0.1707032629643241,17.520370370370372,153.36666666666667,,"draftkings@0.5,sgo_fair@0.5",1.0472579744117947,0.2222222222222222,0.1935371890534238,-0.0286850331687983,-0.1290826492595926,0.0570848152227491,417,493.0,pass,2026-09-30T22:56:39+00:00,sgo_slate_alt_20260930T225639Z.json,portermartone,0.0,0.0,0.0,0.0,14:05,0.0,True,0.0,4.5,-1.0,PORTER_MARTONE_1_NHL,goals+assists-PORTER_MARTONE_1_NHL-game-ou-over,470.0,-0.04678362573099415
PIT@PHI,Egor Chinakhov,PIT,f2,PP1,PTS,over,0.5,fanduel,-113,False,0.6188586726348237,0.6205277692541304,0.4614412411936354,0.4623393980334712,14.739930555555556,970.55,,"draftkings@0.5,sgo_fair@0.5",1.0472579744117947,0.5305164319248826,0.4619801352975369,-0.0685362966273457,-0.1291878865630499,-0.0008981568398357,116,129.0,pass,2026-09-30T22:56:39+00:00,sgo_slate_alt_20260930T225639Z.json,egorchinakhov,3.0,1.0,0.0,1.0,16:58,1.0,True,1.0,1.8849557522123894,0.8849557522123894,,goals+assists-nan-game-ou-over,,
PIT@PHI,Erik Karlsson,PIT,d1,PP1,G,over,1.5,fanduel,6000,False,0.1557488404149285,0.1936531228035244,0.0109400771354236,0.0164970748731718,22.99009532320524,2627.4333333333334,,sgo_fair@0.5,1.0777230155902748,0.0163934426229508,0.0142742757780725,-0.0021191668448782,-0.1292691775375719,-0.0055569977377482,6906,,pass,2026-09-30T22:56:39+00:00,sgo_slate_alt_20260930T225639Z.json,erikkarlsson,3.0,0.0,1.0,1.0,19:59,0.0,True,0.0,61.0,-1.0,,points-nan-game-ou-over,,
LAK@COL,Brandt Clarke,LAK,d2,PP1,PTS,over,0.5,draftkings,115,False,0.4555741845183585,0.5636011462404565,0.3659162176877891,0.4308442441737614,19.37295046968403,2195.145,,"draftkings@0.5,sgo_fair@0.5",1.0472579744117947,0.4651162790697674,0.4048730335793724,-0.060243245490395,-0.1295229778043493,-0.0649280264859722,147,163.0,pass,2026-09-30T22:56:39+00:00,sgo_slate_alt_20260930T225639Z.json,brandtclarke,1.0,0.0,0.0,0.0,18:57,0.0,True,0.0,2.15,-1.0,,goals+assists-nan-game-ou-over,,
LAK@COL,Quinton Byfield,LAK,f1,PP1,A,over,0.5,draftkings,180,False,0.3345359915719311,0.3979287098877727,0.28432991372703,0.3282900877698316,18.790998989461528,2260.741666666667,,"draftkings@0.5,pinnacle@0.5,sgo_fair@0.5",1.1144430424849077,0.3571428571428571,0.3107060181527109,-0.0464368389901462,-0.1300231491724094,-0.0439601740428016,222,250.0,pass,2026-09-30T22:56:39+00:00,sgo_slate_alt_20260930T225639Z.json,quintonbyfield,3.0,0.0,0.0,0.0,18:59,0.0,True,0.0,2.8,-1.0,,assists-nan-game-ou-over,,
LAK@COL,Adrian Kempe,LAK,f1,PP1,A,over,0.5,fanduel,138,False,0.447417316611769,0.4599614329420163,0.3607229283405293,0.3686920072706162,18.62954093940684,2261.9791666666665,,"draftkings@0.5,pinnacle@0.5,sgo_fair@0.5",1.1144430424849077,0.4201680672268907,0.3655043756985815,-0.0546636915283092,-0.130099585837376,-0.0079690789300869,174,194.0,pass,2026-09-30T22:56:39+00:00,sgo_slate_alt_20260930T225639Z.json,adriankempe,3.0,0.0,0.0,0.0,19:23,0.0,True,0.0,2.38,-1.0,,assists-nan-game-ou-over,,
PIT@PHI,Christian Dvorak,PHI,f2,-,PTS,over,1.5,draftkings,800,True,0.5461256817625981,0.5033453036426875,0.1045003426353183,0.0912202163045938,16.72216638152267,2039.2425,,"draftkings@0.5,sgo_fair@0.5",1.0472579744117947,0.1111111111111111,0.0965322668368836,-0.0145788442742274,-0.1312095984680471,0.0132801263307245,936,1298.0,pass,2026-09-30T22:56:39+00:00,sgo_slate_alt_20260930T225639Z.json,christiandvorak,2.0,0.0,0.0,0.0,14:58,0.0,True,0.0,9.0,-1.0,CHRISTIAN_DVORAK_1_NHL,goals+assists-CHRISTIAN_DVORAK_1_NHL-game-ou-over,800.0,0.0
PIT@PHI,Evgeni Malkin,PIT,f2,PP2,SOG,under,1.5,fanduel,112,False,2.137186161373,1.9634612706407568,0.3833268055855563,0.4272253064554051,16.83075923787529,1529.4875,,"draftkings@1.5,fanduel@1.5,pinnacle@1.5,sgo_fair@2.5",1.049054075237431,0.4716981132075472,0.4096659061074655,-0.0620322071000816,-0.131508279052173,-0.0438985008698488,144,160.0,pass,2026-09-30T22:56:39+00:00,sgo_slate_alt_20260930T225639Z.json,evgenimalkin,2.0,1.0,0.0,1.0,15:47,2.0,True,0.0,2.12,-1.0,,shots_onGoal-nan-game-ou-under,,
PIT@PHI,Matvei Michkov,PHI,f3,PP1,SOG,under,1.5,draftkings,105,False,2.1848627220870838,1.8506993587213365,0.3719549382897044,0.4578115420739931,14.45386396011396,1802.7041666666669,,"draftkings@1.5,sgo_fair@1.5",1.049054075237431,0.4878048780487805,0.4234689005602776,-0.0643359774885028,-0.1318887538514309,-0.0858566037842887,136,151.0,pass,2026-09-30T22:56:39+00:00,sgo_slate_alt_20260930T225639Z.json,matveimichkov,1.0,0.0,0.0,0.0,15:47,1.0,True,1.0,2.05,1.0499999999999998,MATVEI_MICHKOV_1_NHL,shots_onGoal-MATVEI_MICHKOV_1_NHL-game-ou-under,105.0,0.0
PIT@PHI,Matvei Michkov,PHI,f3,PP1,SOG,under,1.5,draftkings,105,False,2.1848627220870838,1.8506993587213365,0.3719549382897044,0.4578115420739931,14.45386396011396,1802.7041666666669,,"draftkings@1.5,sgo_fair@1.5",1.049054075237431,0.4878048780487805,0.4234689005602776,-0.0643359774885028,-0.1318887538514309,-0.0858566037842887,136,151.0,pass,2026-09-30T22:56:39+00:00,sgo_slate_alt_20260930T225639Z.json,matveimichkov,1.0,0.0,0.0,0.0,15:47,1.0,True,1.0,2.05,1.0499999999999998,MATVEI_MICHKOV_1_NHL,shots_onGoal-MATVEI_MICHKOV_1_NHL-game-ou-under,115.0,-0.02268859897901304
PIT@PHI,Porter Martone,PHI,f1,PP1,A,under,0.5,draftkings,-250,False,0.5615825442545229,0.4257994742178396,0.5703058151307356,0.6532473219179953,17.520370370370372,153.36666666666667,,"draftkings@0.5,pinnacle@0.5,sgo_fair@0.5",1.1144430424849077,0.7142857142857143,0.6200707192030914,-0.0942149950826228,-0.131900993115672,-0.0829415067872596,-163,-147.0,pass,2026-09-30T22:56:39+00:00,sgo_slate_alt_20260930T225639Z.json,portermartone,0.0,0.0,0.0,0.0,14:05,0.0,True,1.0,1.4,0.3999999999999999,PORTER_MARTONE_1_NHL,assists-PORTER_MARTONE_1_NHL-game-ou-under,-250.0,0.0
PIT@PHI,Porter Martone,PHI,f1,PP1,A,under,0.5,draftkings,-250,False,0.5615825442545229,0.4257994742178396,0.5703058151307356,0.6532473219179953,17.520370370370372,153.36666666666667,,"draftkings@0.5,pinnacle@0.5,sgo_fair@0.5",1.1144430424849077,0.7142857142857143,0.6200707192030914,-0.0942149950826228,-0.131900993115672,-0.0829415067872596,-163,-147.0,pass,2026-09-30T22:56:39+00:00,sgo_slate_alt_20260930T225639Z.json,portermartone,0.0,0.0,0.0,0.0,14:05,0.0,True,1.0,1.4,0.3999999999999999,PORTER_MARTONE_1_NHL,assists-PORTER_MARTONE_1_NHL-game-ou-under,-350.0,0.06349206349206349
PIT@PHI,Jamie Drysdale,PHI,d2,PP1,PTS,over,0.5,draftkings,115,False,0.4273893298617833,0.5812774661178435,0.3477904218736482,0.4408164279672157,20.541472602739724,2308.5825,,"draftkings@0.5,sgo_fair@0.5",1.0472579744117947,0.4651162790697674,0.4036060255297887,-0.0615102535399786,-0.1322470451109542,-0.0930260060935674,148,164.0,pass,2026-09-30T22:56:39+00:00,sgo_slate_alt_20260930T225639Z.json,jamiedrysdale,0.0,0.0,0.0,0.0,17:21,0.0,True,0.0,2.15,-1.0,JAMIE_DRYSDALE_1_NHL,goals+assists-JAMIE_DRYSDALE_1_NHL-game-ou-over,115.0,5.551115123125783e-17
PIT@PHI,Jamie Drysdale,PHI,d2,PP1,PTS,over,0.5,draftkings,115,False,0.4273893298617833,0.5812774661178435,0.3477904218736482,0.4408164279672157,20.541472602739724,2308.5825,,"draftkings@0.5,sgo_fair@0.5",1.0472579744117947,0.4651162790697674,0.4036060255297887,-0.0615102535399786,-0.1322470451109542,-0.0930260060935674,148,164.0,pass,2026-09-30T22:56:39+00:00,sgo_slate_alt_20260930T225639Z.json,jamiedrysdale,0.0,0.0,0.0,0.0,17:21,0.0,True,0.0,2.15,-1.0,JAMIE_DRYSDALE_1_NHL,goals+assists-JAMIE_DRYSDALE_1_NHL-game-ou-over,160.0,-0.08050089445438274
LAK@COL,Cale Makar,COL,d1,PP1,SOG,under,2.5,fanduel,-122,False,2.7498616403632345,2.8657877502754565,0.4920509665615491,0.4661649188027532,23.81464714714715,2789.351666666667,,"draftkings@2.5,fanduel@2.5,pinnacle@2.5,sgo_fair@3.0",1.049054075237431,0.5495495495495496,0.4765193379062716,-0.073030211643278,-0.1328910408590795,0.0258860477587958,110,121.0,pass,2026-09-30T22:56:39+00:00,sgo_slate_alt_20260930T225639Z.json,calemakar,1.0,0.0,2.0,2.0,18:14,1.0,True,1.0,1.819672131147541,0.819672131147541,,shots_onGoal-nan-game-ou-under,,
NYI@TOR,Jack Roslovic,TOR,f1,PP2,SOG,under,1.5,draftkings,105,False,2.19991281185797,1.8456281585303085,0.368424753702512,0.4592259142860733,16.5629364333803,1610.1491666666666,,"draftkings@1.5,sgo_fair@1.5",1.049054075237431,0.4878048780487805,0.4229054500526488,-0.0648994279961316,-0.1330438273920701,-0.0908011605835612,136,151.0,pass,2026-09-30T22:56:39+00:00,sgo_slate_alt_20260930T225639Z.json,jackroslovic,2.0,0.0,1.0,1.0,14:53,2.0,True,0.0,2.05,-1.0,,shots_onGoal-nan-game-ou-under,,
NYI@TOR,John Tavares,TOR,f2,PP1,SOG,over,3.5,draftkings,300,True,2.490911008597741,2.248941772184448,0.2458674034179478,0.1972422566639122,17.08891862955032,2122.2625,,"draftkings@2.5,fanduel@2.5,pinnacle@2.5,sgo_fair@2.5",1.049054075237431,0.25,0.2166923153655264,-0.0333076846344735,-0.1332307385378941,0.0486251467540355,361,422.0,pass,2026-09-30T22:56:39+00:00,sgo_slate_alt_20260930T225639Z.json,johntavares,1.0,0.0,0.0,0.0,16:58,1.0,True,0.0,4.0,-1.0,,shots_onGoal-nan-game-ou-over,,
NYI@TOR,Matias Maccelli,NYI,f2,PP1,SOG,over,2.5,fanduel,195,True,1.6506556219711694,2.0429238459214494,0.2328910097796862,0.3342694718615173,15.174308093994778,1373.88,,"draftkings@1.5,sgo_fair@2.0",1.049054075237431,0.3389830508474576,0.2937180870287849,-0.0452649638186727,-0.1335316432650846,-0.1013784620818311,240,272.0,pass,2026-09-30T22:56:39+00:00,sgo_slate_alt_20260930T225639Z.json,matiasmaccelli,1.0,0.0,0.0,0.0,17:39,1.0,True,0.0,2.95,-1.0,,shots_onGoal-nan-game-ou-over,,
NYI@TOR,Bo Horvat,NYI,f1,PP1,SOG,under,2.5,draftkings,125,False,3.300034301037376,3.233630431286568,0.3774633381244556,0.3901564004407909,19.278630126057124,2147.205833333333,,"draftkings@2.5,fanduel@3.5,pinnacle@3.5,sgo_fair@3.5",1.049054075237431,0.4444444444444444,0.3850791755142568,-0.0593652689301875,-0.1335718550929221,-0.0126930623163352,160,178.0,pass,2026-09-30T22:56:39+00:00,sgo_slate_alt_20260930T225639Z.json,bohorvat,4.0,0.0,1.0,1.0,22:31,4.0,True,0.0,2.25,-1.0,,shots_onGoal-nan-game-ou-under,,
LAK@COL,Nazem Kadri,COL,f2,PP2,PTS,over,1.5,draftkings,550,True,0.6679977245871291,0.6112380399499037,0.1447605448967876,0.125615603901138,17.56882499268364,2179.7783333333336,,"draftkings@0.5,sgo_fair@0.5",1.0472579744117947,0.1538461538461538,0.1332735802993978,-0.0205725735467559,-0.1337217280539138,0.0191449409956496,650,824.0,pass,2026-09-30T22:56:39+00:00,sgo_slate_alt_20260930T225639Z.json,nazemkadri,2.0,0.0,2.0,2.0,17:57,2.0,True,1.0,6.5,5.5,,goals+assists-nan-game-ou-over,,
LAK@COL,Artemi Panarin,LAK,f1,PP1,SOG,over,4.5,fanduel,550,True,2.719170564441844,2.517018793316034,0.1506334857157412,0.1215371501230243,19.238125,2334.2925,,"draftkings@2.5,fanduel@2.5,pinnacle@2.5,sgo_fair@2.5",1.049054075237431,0.1538461538461538,0.133175684360111,-0.0206704694860427,-0.134358051659278,0.0290963355927169,651,824.0,pass,2026-09-30T22:56:39+00:00,sgo_slate_alt_20260930T225639Z.json,artemipanarin,2.0,1.0,0.0,1.0,20:16,2.0,True,0.0,6.5,-1.0,,shots_onGoal-nan-game-ou-over,,
LAK@COL,Nazem Kadri,COL,f2,PP2,SOG,under,2.5,fanduel,-170,False,2.725185691129943,2.396569607305325,0.4976740205895494,0.5759885117624661,17.56882499268364,2179.7783333333336,,"draftkings@2.5,fanduel@2.5,pinnacle@2.5,sgo_fair@2.5",1.049054075237431,0.6296296296296297,0.5446627152932995,-0.0849669143363301,-0.1349474521812301,-0.0783144911729166,-120,-108.0,pass,2026-09-30T22:56:39+00:00,sgo_slate_alt_20260930T225639Z.json,nazemkadri,2.0,0.0,2.0,2.0,17:57,2.0,True,1.0,1.5882352941176472,0.5882352941176472,,shots_onGoal-nan-game-ou-under,,
NYI@TOR,Auston Matthews,TOR,f1,PP1,PTS,under,0.5,draftkings,140,False,0.9384899061711012,1.0790770394883018,0.3912181656569806,0.3399091035928301,19.35674712013165,1888.035,,"draftkings@0.5,sgo_fair@1.0",1.0472579744117947,0.4166666666666667,0.3604327284184903,-0.0562339382481763,-0.1349614517956232,0.0513090620641505,177,198.0,pass,2026-09-30T22:56:39+00:00,sgo_slate_alt_20260930T225639Z.json,austonmatthews,1.0,0.0,0.0,0.0,20:04,0.0,True,1.0,2.4,1.4,,goals+assists-nan-game-ou-under,,
PIT@PHI,Porter Martone,PHI,f1,PP1,SOG,over,5.5,draftkings,950,True,2.858866874003733,2.863320513474742,0.0820847451197648,0.0825205916968927,17.520370370370372,153.36666666666667,,"draftkings@2.5,fanduel@2.5,pinnacle@2.5,sgo_fair@3.0",1.049054075237431,0.0952380952380952,0.0823462530660416,-0.0128918421720536,-0.1353643428065631,-0.0004358465771279,1114,1644.0,pass,2026-09-30T22:56:39+00:00,sgo_slate_alt_20260930T225639Z.json,portermartone,0.0,0.0,0.0,0.0,14:05,0.0,True,0.0,10.5,-1.0,PORTER_MARTONE_1_NHL,shots_onGoal-PORTER_MARTONE_1_NHL-game-ou-over,950.0,2.7755575615628914e-17
PIT@PHI,Porter Martone,PHI,f1,PP1,SOG,over,5.5,draftkings,950,True,2.858866874003733,2.863320513474742,0.0820847451197648,0.0825205916968927,17.520370370370372,153.36666666666667,,"draftkings@2.5,fanduel@2.5,pinnacle@2.5,sgo_fair@3.0",1.049054075237431,0.0952380952380952,0.0823462530660416,-0.0128918421720536,-0.1353643428065631,-0.0004358465771279,1114,1644.0,pass,2026-09-30T22:56:39+00:00,sgo_slate_alt_20260930T225639Z.json,portermartone,0.0,0.0,0.0,0.0,14:05,0.0,True,0.0,10.5,-1.0,PORTER_MARTONE_1_NHL,shots_onGoal-PORTER_MARTONE_1_NHL-game-ou-over,1500.0,-0.032738095238095205
PIT@PHI,Matvei Michkov,PHI,f3,PP1,PTS,over,1.5,draftkings,475,True,0.7178702648571117,0.6613131870978731,0.1620400394070127,0.1424748928543932,14.45386396011396,1802.7041666666669,,"draftkings@0.5,sgo_fair@0.5",1.0472579744117947,0.1739130434782608,0.150300951475441,-0.0236120920028198,-0.1357695290162142,0.0195651465526195,565,698.0,pass,2026-09-30T22:56:39+00:00,sgo_slate_alt_20260930T225639Z.json,matveimichkov,1.0,0.0,0.0,0.0,15:47,0.0,True,0.0,5.75,-1.0,MATVEI_MICHKOV_1_NHL,goals+assists-MATVEI_MICHKOV_1_NHL-game-ou-over,450.0,0.007905138339921014
PIT@PHI,Matvei Michkov,PHI,f3,PP1,PTS,over,1.5,draftkings,475,True,0.7178702648571117,0.6613131870978731,0.1620400394070127,0.1424748928543932,14.45386396011396,1802.7041666666669,,"draftkings@0.5,sgo_fair@0.5",1.0472579744117947,0.1739130434782608,0.150300951475441,-0.0236120920028198,-0.1357695290162142,0.0195651465526195,565,698.0,pass,2026-09-30T22:56:39+00:00,sgo_slate_alt_20260930T225639Z.json,matveimichkov,1.0,0.0,0.0,0.0,15:47,0.0,True,0.0,5.75,-1.0,MATVEI_MICHKOV_1_NHL,goals+assists-MATVEI_MICHKOV_1_NHL-game-ou-over,750.0,-0.0562659846547314
PIT@PHI,Rickard Rakell,PIT,f1,PP1,SOG,over,5.5,draftkings,1600,True,2.557960635509841,2.454728443435274,0.0555024793379086,0.0477121480777055,18.540236737515123,1840.311666666667,,"draftkings@2.5,fanduel@2.5,pinnacle@2.5,sgo_fair@2.5",1.049054075237431,0.0588235294117647,0.0508282805817867,-0.0079952488299779,-0.1359192301096246,0.007790331260203,1867,3772.0,pass,2026-09-30T22:56:39+00:00,sgo_slate_alt_20260930T225639Z.json,rickardrakell,2.0,0.0,1.0,1.0,18:32,2.0,True,0.0,17.0,-1.0,,shots_onGoal-nan-game-ou-over,,
PIT@PHI,Evgeni Malkin,PIT,f2,PP2,SOG,over,3.5,draftkings,450,True,2.137186161373,1.9634612706407568,0.1757202236961483,0.1438496290331658,16.83075923787529,1529.4875,,"draftkings@1.5,fanduel@1.5,pinnacle@1.5,sgo_fair@2.5",1.049054075237431,0.1818181818181818,0.1565978668983588,-0.025220314919823,-0.1387117320590265,0.0318705946629824,539,660.0,pass,2026-09-30T22:56:39+00:00,sgo_slate_alt_20260930T225639Z.json,evgenimalkin,2.0,1.0,0.0,1.0,15:47,2.0,True,0.0,5.5,-1.0,,shots_onGoal-nan-game-ou-over,,
PIT@PHI,Trevor Zegras,PHI,f1,PP1,SOG,under,1.5,draftkings,105,False,2.175144573449077,1.8772992790423828,0.3742496003971505,0.4504474387017098,18.15746991717456,1953.2883333333332,,"draftkings@1.5,fanduel@1.5,pinnacle@1.5,sgo_fair@1.5",1.049054075237431,0.4878048780487805,0.4199683033798861,-0.0678365746688943,-0.1390649780712335,-0.0761978383045592,138,153.0,pass,2026-09-30T22:56:39+00:00,sgo_slate_alt_20260930T225639Z.json,trevorzegras,1.0,0.0,0.0,0.0,16:25,1.0,True,1.0,2.05,1.0499999999999998,TREVOR_ZEGRAS_1_NHL,shots_onGoal-TREVOR_ZEGRAS_1_NHL-game-ou-under,105.0,0.0
PIT@PHI,Trevor Zegras,PHI,f1,PP1,SOG,under,1.5,draftkings,105,False,2.175144573449077,1.8772992790423828,0.3742496003971505,0.4504474387017098,18.15746991717456,1953.2883333333332,,"draftkings@1.5,fanduel@1.5,pinnacle@1.5,sgo_fair@1.5",1.049054075237431,0.4878048780487805,0.4199683033798861,-0.0678365746688943,-0.1390649780712335,-0.0761978383045592,138,153.0,pass,2026-09-30T22:56:39+00:00,sgo_slate_alt_20260930T225639Z.json,trevorzegras,1.0,0.0,0.0,0.0,16:25,1.0,True,1.0,2.05,1.0499999999999998,TREVOR_ZEGRAS_1_NHL,shots_onGoal-TREVOR_ZEGRAS_1_NHL-game-ou-under,-105.0,0.024390243902439046
LAK@COL,Nazem Kadri,COL,f2,PP2,PTS,over,0.5,fanduel,-120,False,0.6679977245871291,0.6112380399499037,0.4872658142774713,0.4573214047714215,17.56882499268364,2179.7783333333336,,"draftkings@0.5,sgo_fair@0.5",1.0472579744117947,0.5454545454545454,0.4692991685738414,-0.0761553768807039,-0.1396181909479572,0.0299444095060497,113,125.0,pass,2026-09-30T22:56:39+00:00,sgo_slate_alt_20260930T225639Z.json,nazemkadri,2.0,0.0,2.0,2.0,17:57,2.0,True,1.0,1.8333333333333335,0.8333333333333335,,goals+assists-nan-game-ou-over,,
NYI@TOR,Matias Maccelli,NYI,f2,PP1,SOG,under,1.5,draftkings,-110,False,1.6506556219711694,2.0429238459214494,0.516111520937844,0.4066632224376989,15.174308093994778,1373.88,,"draftkings@1.5,sgo_fair@2.0",1.049054075237431,0.5238095238095238,0.4504425418377569,-0.0733669819717669,-0.1400642383097368,0.109448298500145,122,135.0,pass,2026-09-30T22:56:39+00:00,sgo_slate_alt_20260930T225639Z.json,matiasmaccelli,1.0,0.0,0.0,0.0,17:39,1.0,True,1.0,1.9090909090909092,0.9090909090909092,,shots_onGoal-nan-game-ou-under,,
PIT@PHI,Christian Dvorak,PHI,f2,-,PTS,over,0.5,fanduel,112,False,0.5461256817625981,0.5033453036426875,0.4208105667426705,0.3954949794346094,16.72216638152267,2039.2425,,"draftkings@0.5,sgo_fair@0.5",1.0472579744117947,0.4716981132075472,0.4056212143578338,-0.0660768988497133,-0.1400830255613923,0.0253155873080611,147,163.0,pass,2026-09-30T22:56:39+00:00,sgo_slate_alt_20260930T225639Z.json,christiandvorak,2.0,0.0,0.0,0.0,14:58,0.0,True,0.0,2.12,-1.0,CHRISTIAN_DVORAK_1_NHL,goals+assists-CHRISTIAN_DVORAK_1_NHL-game-ou-over,112.0,0.0
LAK@COL,Nathan MacKinnon,COL,f1,PP1,PTS,over,1.5,fanduel,-115,False,1.5123828405469852,1.5814385355154077,0.4463104890405625,0.46905228091906,20.211023366508,2590.8675,,"draftkings@1.5,sgo_fair@1.5",1.0472579744117947,0.5348837209302325,0.459955564167661,-0.0749281567625715,-0.1400830756865468,-0.0227417918784974,117,130.0,pass,2026-09-30T22:56:39+00:00,sgo_slate_alt_20260930T225639Z.json,nathanmackinnon,8.0,2.0,0.0,2.0,17:44,2.0,True,1.0,1.8695652173913042,0.8695652173913042,,goals+assists-nan-game-ou-over,,
LAK@COL,Quinton Byfield,LAK,f1,PP1,PTS,over,0.5,fanduel,-122,False,0.5878002593048959,0.6738364210812856,0.4444519968390964,0.4902507909038918,18.790998989461528,2260.741666666667,,"draftkings@0.5,sgo_fair@0.5",1.0472579744117947,0.5495495495495496,0.4719312732779736,-0.0776182762715759,-0.1412398141990971,-0.0457987940647953,112,124.0,pass,2026-09-30T22:56:39+00:00,sgo_slate_alt_20260930T225639Z.json,quintonbyfield,3.0,0.0,0.0,0.0,18:59,0.0,True,0.0,1.819672131147541,-1.0,,goals+assists-nan-game-ou-over,,
LAK@COL,Artturi Lehkonen,COL,f1,PP2,PTS,over,0.5,fanduel,-128,False,0.6800806683348012,0.6433425878303737,0.4934238739352362,0.4744671547849189,18.532657100445324,1926.55,,"draftkings@0.5,sgo_fair@0.5",1.0472579744117947,0.5614035087719298,0.4820498424450458,-0.079353666326884,-0.1413487181447622,0.0189567191503172,107,119.0,pass,2026-09-30T22:56:39+00:00,sgo_slate_alt_20260930T225639Z.json,artturilehkonen,3.0,2.0,0.0,2.0,19:27,2.0,True,1.0,1.78125,0.78125,,goals+assists-nan-game-ou-over,,
LAK@COL,Trevor Moore,LAK,f3,PP2,SOG,under,1.5,draftkings,110,False,1.9496769198651105,2.093677665891229,0.4308755652034459,0.3939566568297863,15.137832260194816,1693.503333333333,,"draftkings@1.5,sgo_fair@2.0",1.049054075237431,0.4761904761904761,0.4087242201792501,-0.067466256011226,-0.1416791376235746,0.0369189083736596,145,161.0,pass,2026-09-30T22:56:39+00:00,sgo_slate_alt_20260930T225639Z.json,trevormoore,2.0,1.0,0.0,1.0,14:56,2.0,True,0.0,2.1,-1.0,,shots_onGoal-nan-game-ou-under,,
NYI@TOR,Matias Maccelli,NYI,f2,PP1,SOG,over,3.5,draftkings,550,True,1.6506556219711694,2.0429238459214494,0.0927666079349393,0.1581632882169964,15.174308093994778,1373.88,,"draftkings@1.5,sgo_fair@2.0",1.049054075237431,0.1538461538461538,0.1320046161041736,-0.0218415377419802,-0.1419699953228715,-0.0653966802820571,658,835.0,pass,2026-09-30T22:56:39+00:00,sgo_slate_alt_20260930T225639Z.json,matiasmaccelli,1.0,0.0,0.0,0.0,17:39,1.0,True,0.0,6.5,-1.0,,shots_onGoal-nan-game-ou-over,,
NYI@TOR,Jack Roslovic,TOR,f1,PP2,SOG,over,3.5,draftkings,475,True,2.19991281185797,1.8456281585303085,0.1877134582583426,0.1235516362362222,16.5629364333803,1610.1491666666666,,"draftkings@1.5,sgo_fair@1.5",1.049054075237431,0.1739130434782608,0.1492163650450704,-0.0246966784331904,-0.1420059009908452,0.0641618220221203,570,705.0,pass,2026-09-30T22:56:39+00:00,sgo_slate_alt_20260930T225639Z.json,jackroslovic,2.0,0.0,1.0,1.0,14:53,2.0,True,0.0,5.75,-1.0,,shots_onGoal-nan-game-ou-over,,
NYI@TOR,Jack Roslovic,TOR,f1,PP2,G,over,1.5,fanduel,2700,False,0.3014681374704676,0.2482564250522603,0.0372631582195361,0.026160435830478,16.5629364333803,1610.1491666666666,,"pinnacle@0.5,sgo_fair@0.5",1.0777230155902748,0.0357142857142857,0.0306015247861012,-0.0051127609281844,-0.1431573059891647,0.011102722389058,3168,17752.0,pass,2026-09-30T22:56:39+00:00,sgo_slate_alt_20260930T225639Z.json,jackroslovic,2.0,0.0,1.0,1.0,14:53,0.0,True,0.0,28.0,-1.0,,points-nan-game-ou-over,,
PIT@PHI,Trevor Zegras,PHI,f1,PP1,SOG,under,1.5,fanduel,104,False,2.175144573449077,1.8772992790423828,0.3742496003971505,0.4504474387017098,18.15746991717456,1953.2883333333332,,"draftkings@1.5,fanduel@1.5,pinnacle@1.5,sgo_fair@1.5",1.049054075237431,0.4901960784313725,0.4199683033798861,-0.0702277750514864,-0.1432646611050323,-0.0761978383045592,138,153.0,pass,2026-09-30T22:56:39+00:00,sgo_slate_alt_20260930T225639Z.json,trevorzegras,1.0,0.0,0.0,0.0,16:25,1.0,True,1.0,2.04,1.04,TREVOR_ZEGRAS_1_NHL,shots_onGoal-TREVOR_ZEGRAS_1_NHL-game-ou-under,-106.0,0.024367028364744026
PIT@PHI,Trevor Zegras,PHI,f1,PP1,SOG,under,1.5,fanduel,104,False,2.175144573449077,1.8772992790423828,0.3742496003971505,0.4504474387017098,18.15746991717456,1953.2883333333332,,"draftkings@1.5,fanduel@1.5,pinnacle@1.5,sgo_fair@1.5",1.049054075237431,0.4901960784313725,0.4199683033798861,-0.0702277750514864,-0.1432646611050323,-0.0761978383045592,138,153.0,pass,2026-09-30T22:56:39+00:00,sgo_slate_alt_20260930T225639Z.json,trevorzegras,1.0,0.0,0.0,0.0,16:25,1.0,True,1.0,2.04,1.04,TREVOR_ZEGRAS_1_NHL,shots_onGoal-TREVOR_ZEGRAS_1_NHL-game-ou-under,-106.0,0.024367028364744026
LAK@COL,Alex Laferriere,LAK,f2,PP2,A,over,0.5,fanduel,240,False,0.2615014337934488,0.3090251461675067,0.23010522844653,0.2658376915742397,16.89103086155165,2074.2775,,"draftkings@0.5,pinnacle@0.5,sgo_fair@0.5",1.1144430424849077,0.2941176470588235,0.2515447063231558,-0.0425729407356677,-0.1447479985012701,-0.0357324631277096,298,341.0,pass,2026-09-30T22:56:39+00:00,sgo_slate_alt_20260930T225639Z.json,alexlaferriere,2.0,0.0,2.0,2.0,15:31,2.0,True,1.0,3.4,2.4,,assists-nan-game-ou-over,,
NYI@TOR,Simon Holmstrom,NYI,f1,PP2,G,over,1.5,fanduel,3300,False,0.2475546748749784,0.2399168725365847,0.0260246655531,0.0245657606522879,17.38473022912047,1890.756666666667,,"pinnacle@0.5,sgo_fair@0.5",1.0777230155902748,0.0294117647058823,0.0251493226126128,-0.0042624420932695,-0.1449230311711637,0.001458904900812,3876,669591.0,pass,2026-09-30T22:56:39+00:00,sgo_slate_alt_20260930T225639Z.json,simonholmstrom,0.0,0.0,0.0,0.0,20:17,0.0,True,0.0,34.0,-1.0,,points-nan-game-ou-over,,
LAK@COL,Quinton Byfield,LAK,f1,PP1,SOG,over,3.5,draftkings,300,True,2.1342015259682805,2.459191254511227,0.1751554548650576,0.2393680375734719,18.790998989461528,2260.741666666667,,"draftkings@2.5,fanduel@2.5,pinnacle@2.5,sgo_fair@2.5",1.049054075237431,0.25,0.2136830044901062,-0.0363169955098937,-0.1452679820395751,-0.0642125827084143,368,430.0,pass,2026-09-30T22:56:39+00:00,sgo_slate_alt_20260930T225639Z.json,quintonbyfield,3.0,0.0,0.0,0.0,18:59,3.0,True,0.0,4.0,-1.0,,shots_onGoal-nan-game-ou-over,,
LAK@COL,Alex Turcotte,LAK,f2,PP2,G,over,1.5,fanduel,6000,False,0.1662810989110223,0.1846852249550429,0.0123836440660031,0.0150930591857812,13.5633279337653,1030.3283333333334,,sgo_fair@0.5,1.0777230155902748,0.0163934426229508,0.01400929313787,-0.0023841494850808,-0.1454331185899294,-0.002709415119778,7038,,pass,2026-09-30T22:56:39+00:00,sgo_slate_alt_20260930T225639Z.json,alexturcotte,1.0,0.0,1.0,1.0,15:35,0.0,True,0.0,61.0,-1.0,,points-nan-game-ou-over,,
PIT@PHI,Matvei Michkov,PHI,f3,PP1,SOG,over,3.5,draftkings,475,True,2.1848627220870838,1.8506993587213365,0.1848149393351413,0.124400668801694,14.45386396011396,1802.7041666666669,,"draftkings@1.5,sgo_fair@1.5",1.049054075237431,0.1739130434782608,0.1485663770150729,-0.0253466664631878,-0.1457433321633304,0.0604142705334471,573,709.0,pass,2026-09-30T22:56:39+00:00,sgo_slate_alt_20260930T225639Z.json,matveimichkov,1.0,0.0,0.0,0.0,15:47,1.0,True,0.0,5.75,-1.0,MATVEI_MICHKOV_1_NHL,shots_onGoal-MATVEI_MICHKOV_1_NHL-game-ou-over,475.0,5.551115123125783e-17
PIT@PHI,Matvei Michkov,PHI,f3,PP1,SOG,over,3.5,draftkings,475,True,2.1848627220870838,1.8506993587213365,0.1848149393351413,0.124400668801694,14.45386396011396,1802.7041666666669,,"draftkings@1.5,sgo_fair@1.5",1.049054075237431,0.1739130434782608,0.1485663770150729,-0.0253466664631878,-0.1457433321633304,0.0604142705334471,573,709.0,pass,2026-09-30T22:56:39+00:00,sgo_slate_alt_20260930T225639Z.json,matveimichkov,1.0,0.0,0.0,0.0,15:47,1.0,True,0.0,5.75,-1.0,MATVEI_MICHKOV_1_NHL,shots_onGoal-MATVEI_MICHKOV_1_NHL-game-ou-over,425.0,0.016563146997929656
NYI@TOR,John Tavares,TOR,f2,PP1,PTS,over,1.5,fanduel,340,True,0.8807873380757878,0.7590722915246227,0.2204955268823249,0.1765774046769523,17.08891862955032,2122.2625,,"draftkings@0.5,sgo_fair@0.5",1.0472579744117947,0.2272727272727272,0.1941446535591013,-0.0331280737136258,-0.1457635243399538,0.0439181222053725,415,491.0,pass,2026-09-30T22:56:39+00:00,sgo_slate_alt_20260930T225639Z.json,johntavares,1.0,0.0,0.0,0.0,16:58,0.0,True,0.0,4.4,-1.0,,goals+assists-nan-game-ou-over,,
PIT@PHI,Travis Konecny,PHI,f2,PP2,G,over,1.5,fanduel,1800,True,0.3268530725549238,0.3397959396150491,0.0430872335760645,0.046178394277645,17.79007170032192,2230.1783333333337,,"fanduel@0.5,pinnacle@0.5,sgo_fair@0.5",1.0777230155902748,0.0526315789473684,0.0449419299970128,-0.0076896489503555,-0.146103330056756,-0.0030911607015804,2125,4915.0,pass,2026-09-30T22:56:39+00:00,sgo_slate_alt_20260930T225639Z.json,traviskonecny,2.0,0.0,0.0,0.0,14:47,0.0,True,0.0,19.0,-1.0,TRAVIS_KONECNY_1_NHL,points-TRAVIS_KONECNY_1_NHL-game-ou-over,1700.0,0.002923976608187155
PIT@PHI,Travis Konecny,PHI,f2,PP2,G,over,1.5,fanduel,1800,True,0.3268530725549238,0.3397959396150491,0.0430872335760645,0.046178394277645,17.79007170032192,2230.1783333333337,,"fanduel@0.5,pinnacle@0.5,sgo_fair@0.5",1.0777230155902748,0.0526315789473684,0.0449419299970128,-0.0076896489503555,-0.146103330056756,-0.0030911607015804,2125,4915.0,pass,2026-09-30T22:56:39+00:00,sgo_slate_alt_20260930T225639Z.json,traviskonecny,2.0,0.0,0.0,0.0,14:47,0.0,True,0.0,19.0,-1.0,TRAVIS_KONECNY_1_NHL,points-TRAVIS_KONECNY_1_NHL-game-ou-over,2700.0,-0.016917293233082685
PIT@PHI,Trevor Zegras,PHI,f1,PP1,SOG,over,4.5,draftkings,1300,True,2.175144573449077,1.8772992790423828,0.0787603497352642,0.0491120448506071,18.15746991717456,1953.2883333333332,,"draftkings@1.5,fanduel@1.5,pinnacle@1.5,sgo_fair@1.5",1.049054075237431,0.0714285714285714,0.0609713668044699,-0.0104572046241014,-0.1464008647374204,0.0296483048846571,1540,2680.0,pass,2026-09-30T22:56:39+00:00,sgo_slate_alt_20260930T225639Z.json,trevorzegras,1.0,0.0,0.0,0.0,16:25,1.0,True,0.0,14.0,-1.0,TREVOR_ZEGRAS_1_NHL,shots_onGoal-TREVOR_ZEGRAS_1_NHL-game-ou-over,1300.0,2.7755575615628914e-17
PIT@PHI,Trevor Zegras,PHI,f1,PP1,SOG,over,4.5,draftkings,1300,True,2.175144573449077,1.8772992790423828,0.0787603497352642,0.0491120448506071,18.15746991717456,1953.2883333333332,,"draftkings@1.5,fanduel@1.5,pinnacle@1.5,sgo_fair@1.5",1.049054075237431,0.0714285714285714,0.0609713668044699,-0.0104572046241014,-0.1464008647374204,0.0296483048846571,1540,2680.0,pass,2026-09-30T22:56:39+00:00,sgo_slate_alt_20260930T225639Z.json,trevorzegras,1.0,0.0,0.0,0.0,16:25,1.0,True,0.0,14.0,-1.0,TREVOR_ZEGRAS_1_NHL,shots_onGoal-TREVOR_ZEGRAS_1_NHL-game-ou-over,1600.0,-0.012605042016806692
NYI@TOR,Auston Matthews,TOR,f1,PP1,PTS,over,2.5,draftkings,900,True,0.9384899061711012,1.0790770394883018,0.0693422326816638,0.0954064737095324,19.35674712013165,1888.035,,"draftkings@0.5,sgo_fair@1.0",1.0472579744117947,0.1,0.084980777298385,-0.015019222701615,-0.1501922270161499,-0.0260642410278685,1077,1567.0,pass,2026-09-30T22:56:39+00:00,sgo_slate_alt_20260930T225639Z.json,austonmatthews,1.0,0.0,0.0,0.0,20:04,0.0,True,0.0,10.0,-1.0,,goals+assists-nan-game-ou-over,,
LAK@COL,Martin Necas,COL,f1,PP1,SOG,over,4.5,fanduel,450,True,2.556363088540212,2.8628088231689897,0.1269976093833038,0.1727465973014545,19.35776089828269,2352.2475,,"draftkings@2.5,fanduel@2.5,pinnacle@2.5,sgo_fair@3.5",1.049054075237431,0.1818181818181818,0.1544470021341942,-0.0273711796839875,-0.1505414882619316,-0.0457489879181507,547,673.0,pass,2026-09-30T22:56:39+00:00,sgo_slate_alt_20260930T225639Z.json,martinnecas,4.0,0.0,1.0,1.0,19:11,4.0,True,0.0,5.5,-1.0,,shots_onGoal-nan-game-ou-over,,
LAK@COL,Mats Zuccarello,LAK,f2,PP1,SOG,over,2.5,draftkings,170,True,1.9793931685884407,1.9586806431344597,0.3178131934969609,0.3124393914869601,17.496636128076993,1710.3441666666663,,"draftkings@1.5,fanduel@1.5,pinnacle@1.5,sgo_fair@2.5",1.049054075237431,0.3703703703703703,0.3145889122909604,-0.0557814580794099,-0.1506099368144068,0.0053738020100008,218,245.0,pass,2026-09-30T22:56:39+00:00,sgo_slate_alt_20260930T225639Z.json,matszuccarello,0.0,0.0,0.0,0.0,17:59,0.0,True,0.0,2.7,-1.0,,shots_onGoal-nan-game-ou-over,,
PIT@PHI,Porter Martone,PHI,f1,PP1,A,over,1.5,fanduel,900,True,0.5615825442545229,0.4257994742178396,0.1094203942049963,0.0686003118751104,17.520370370370372,153.36666666666667,,"draftkings@0.5,pinnacle@0.5,sgo_fair@0.5",1.1144430424849077,0.1,0.0849283448070647,-0.0150716551929352,-0.1507165519293521,0.0408200823298858,1077,1569.0,pass,2026-09-30T22:56:39+00:00,sgo_slate_alt_20260930T225639Z.json,portermartone,0.0,0.0,0.0,0.0,14:05,0.0,True,0.0,10.0,-1.0,PORTER_MARTONE_1_NHL,assists-PORTER_MARTONE_1_NHL-game-ou-over,1060.0,-0.013793103448275862
PIT@PHI,Porter Martone,PHI,f1,PP1,A,over,1.5,fanduel,900,True,0.5615825442545229,0.4257994742178396,0.1094203942049963,0.0686003118751104,17.520370370370372,153.36666666666667,,"draftkings@0.5,pinnacle@0.5,sgo_fair@0.5",1.1144430424849077,0.1,0.0849283448070647,-0.0150716551929352,-0.1507165519293521,0.0408200823298858,1077,1569.0,pass,2026-09-30T22:56:39+00:00,sgo_slate_alt_20260930T225639Z.json,portermartone,0.0,0.0,0.0,0.0,14:05,0.0,True,0.0,10.0,-1.0,PORTER_MARTONE_1_NHL,assists-PORTER_MARTONE_1_NHL-game-ou-over,1060.0,-0.013793103448275862
LAK@COL,Martin Necas,COL,f1,PP1,A,over,1.5,draftkings,390,True,0.8244862179959197,0.6990938970844605,0.2000353941517958,0.1554900746167281,19.35776089828269,2352.2475,,"draftkings@0.5,pinnacle@0.5,sgo_fair@0.5",1.1144430424849077,0.2040816326530612,0.1733082024307551,-0.030773430222306,-0.1507898080892995,0.0445453195350677,477,574.0,pass,2026-09-30T22:56:39+00:00,sgo_slate_alt_20260930T225639Z.json,martinnecas,4.0,0.0,1.0,1.0,19:11,1.0,True,0.0,4.9,-1.0,,assists-nan-game-ou-over,,
NYI@TOR,Bo Horvat,NYI,f1,PP1,SOG,over,6.5,draftkings,1300,True,3.300034301037376,3.233630431286568,0.0634842572819661,0.0586500946171919,19.278630126057124,2147.205833333333,,"draftkings@2.5,fanduel@3.5,pinnacle@3.5,sgo_fair@3.5",1.049054075237431,0.0714285714285714,0.0605837596831016,-0.0108448117454697,-0.1518273644365769,0.0048341626647741,1551,2710.0,pass,2026-09-30T22:56:39+00:00,sgo_slate_alt_20260930T225639Z.json,bohorvat,4.0,0.0,1.0,1.0,22:31,4.0,True,0.0,14.0,-1.0,,shots_onGoal-nan-game-ou-over,,
PIT@PHI,Tommy Novak,PIT,f2,PP1,SOG,over,2.5,draftkings,220,True,1.7358105722211197,1.8018267099676777,0.2547035589460747,0.271746772386344,15.020621668234558,1492.5841666666668,,"draftkings@1.5,sgo_fair@1.5",1.049054075237431,0.3125,0.2649294870102363,-0.0475705129897636,-0.1522256415672437,-0.0170432134402692,277,317.0,pass,2026-09-30T22:56:39+00:00,sgo_slate_alt_20260930T225639Z.json,tommynovak,0.0,0.0,1.0,1.0,16:04,0.0,True,0.0,3.2,-1.0,,shots_onGoal-nan-game-ou-over,,
LAK@COL,Quinton Byfield,LAK,f1,PP1,SOG,over,2.5,fanduel,108,False,2.1342015259682805,2.459191254511227,0.3577957967675904,0.4393889786958772,18.790998989461528,2260.741666666667,,"draftkings@2.5,fanduel@2.5,pinnacle@2.5,sgo_fair@2.5",1.049054075237431,0.4807692307692308,0.4067517059245624,-0.0740175248446683,-0.15395645167691,-0.0815931819282868,146,162.0,pass,2026-09-30T22:56:39+00:00,sgo_slate_alt_20260930T225639Z.json,quintonbyfield,3.0,0.0,0.0,0.0,18:59,3.0,True,1.0,2.08,1.08,,shots_onGoal-nan-game-ou-over,,
NYI@TOR,Emil Heineman,NYI,f3,-,SOG,over,2.5,draftkings,210,True,1.81017411479442,1.8036624974711064,0.2739075212559252,0.2722218810698987,14.394946163178648,1680.3591666666666,,"draftkings@1.5,sgo_fair@1.5",1.049054075237431,0.3225806451612903,0.2728961371443093,-0.0496845080169809,-0.154021974852641,0.0016856401860265,266,303.0,pass,2026-09-30T22:56:39+00:00,sgo_slate_alt_20260930T225639Z.json,emilheineman,1.0,1.0,0.0,1.0,13:26,1.0,True,0.0,3.1,-1.0,,shots_onGoal-nan-game-ou-over,,
LAK@COL,Nathan MacKinnon,COL,f1,PP1,SOG,over,5.5,draftkings,250,True,3.989658001380116,4.1680332538125455,0.2253768630336462,0.252341324331218,20.211023366508,2590.8675,,"draftkings@3.5,fanduel@3.5,pinnacle@3.5,sgo_fair@4.0",1.049054075237431,0.2857142857142857,0.2415555398121892,-0.0441587459020964,-0.1545556106573375,-0.0269644612975717,314,362.0,pass,2026-09-30T22:56:39+00:00,sgo_slate_alt_20260930T225639Z.json,nathanmackinnon,8.0,2.0,0.0,2.0,17:44,8.0,True,1.0,3.5,2.5,,shots_onGoal-nan-game-ou-over,,
LAK@COL,Nathan MacKinnon,COL,f1,PP1,A,over,2.5,draftkings,950,True,1.000345352338139,1.0013487503168603,0.0803649320517953,0.0805496530574689,20.211023366508,2590.8675,,"draftkings@0.5,pinnacle@0.5,sgo_fair@1.0",1.1144430424849077,0.0952380952380952,0.0804757646551995,-0.0147623305828956,-0.1550044711204048,-0.0001847210056735,1143,1703.0,pass,2026-09-30T22:56:39+00:00,sgo_slate_alt_20260930T225639Z.json,nathanmackinnon,8.0,2.0,0.0,2.0,17:44,0.0,True,0.0,10.5,-1.0,,assists-nan-game-ou-over,,
PIT@PHI,Travis Konecny,PHI,f2,PP2,SOG,over,3.5,draftkings,400,True,2.143814949348693,2.0711828002167736,0.1769765290418595,0.1633641386994004,17.79007170032192,2230.1783333333337,,"draftkings@1.5,fanduel@1.5,pinnacle@1.5,sgo_fair@2.0",1.049054075237431,0.2,0.1688090948363841,-0.0311909051636159,-0.1559545258180795,0.0136123903424591,492,595.0,pass,2026-09-30T22:56:39+00:00,sgo_slate_alt_20260930T225639Z.json,traviskonecny,2.0,0.0,0.0,0.0,14:47,2.0,True,0.0,5.0,-1.0,TRAVIS_KONECNY_1_NHL,shots_onGoal-TRAVIS_KONECNY_1_NHL-game-ou-over,400.0,0.0
PIT@PHI,Travis Konecny,PHI,f2,PP2,SOG,over,3.5,draftkings,400,True,2.143814949348693,2.0711828002167736,0.1769765290418595,0.1633641386994004,17.79007170032192,2230.1783333333337,,"draftkings@1.5,fanduel@1.5,pinnacle@1.5,sgo_fair@2.0",1.049054075237431,0.2,0.1688090948363841,-0.0311909051636159,-0.1559545258180795,0.0136123903424591,492,595.0,pass,2026-09-30T22:56:39+00:00,sgo_slate_alt_20260930T225639Z.json,traviskonecny,2.0,0.0,0.0,0.0,14:47,2.0,True,0.0,5.0,-1.0,TRAVIS_KONECNY_1_NHL,shots_onGoal-TRAVIS_KONECNY_1_NHL-game-ou-over,650.0,-0.06666666666666668
LAK@COL,Artemi Panarin,LAK,f1,PP1,PTS,over,2.5,fanduel,900,True,0.950936253207822,1.0666895995264063,0.0715015939407732,0.0929680650224581,19.238125,2334.2925,,"draftkings@0.5,sgo_fair@1.0",1.0472579744117947,0.1,0.0843814765897842,-0.0156185234102157,-0.1561852341021578,-0.0214664710816849,1085,1584.0,pass,2026-09-30T22:56:39+00:00,sgo_slate_alt_20260930T225639Z.json,artemipanarin,2.0,1.0,0.0,1.0,20:16,1.0,True,0.0,10.0,-1.0,,goals+assists-nan-game-ou-over,,
PIT@PHI,Noah Cates,PHI,f3,PP2,SOG,over,2.5,draftkings,310,True,1.539117919267638,1.5440198666735991,0.2047715114967909,0.2059936714561019,14.816801878736124,1889.245,,"draftkings@1.5,sgo_fair@1.5",1.049054075237431,0.2439024390243902,0.2055048074723775,-0.0383976315520127,-0.1574302893632522,-0.001222159959311,387,454.0,pass,2026-09-30T22:56:39+00:00,sgo_slate_alt_20260930T225639Z.json,noahcates,1.0,0.0,0.0,0.0,14:17,1.0,True,0.0,4.1,-1.0,NOAH_CATES_1_NHL,shots_onGoal-NOAH_CATES_1_NHL-game-ou-over,310.0,2.7755575615628914e-17
NYI@TOR,Colton Sissons,TOR,f3,-,G,over,1.5,fanduel,10000,False,0.1338136224991747,0.1358939561950538,0.0081930373722281,0.0084381856340507,13.314465962441314,1305.0158333333334,,sgo_fair@0.5,1.0777230155902748,0.0099009900990099,0.0083401263293217,-0.0015608637696881,-0.1576472407385039,-0.0002451482618226,11890,,pass,2026-09-30T22:56:39+00:00,sgo_slate_alt_20260930T225639Z.json,coltonsissons,2.0,1.0,0.0,1.0,11:22,1.0,True,0.0,101.0,-1.0,,points-nan-game-ou-over,,
NYI@TOR,Jack Roslovic,TOR,f1,PP2,PTS,over,0.5,fanduel,-108,False,0.5456117379590346,0.5949874160873152,0.4205128194162153,0.4484304932733295,16.5629364333803,1610.1491666666666,,sgo_fair@0.5,1.0472579744117947,0.5192307692307693,0.4372634237304839,-0.0819673455002854,-0.1578630357783272,-0.0279176738571142,129,143.0,pass,2026-09-30T22:56:39+00:00,sgo_slate_alt_20260930T225639Z.json,jackroslovic,2.0,0.0,1.0,1.0,14:53,1.0,True,1.0,1.925925925925926,0.925925925925926,,goals+assists-nan-game-ou-over,,
LAK@COL,Nazem Kadri,COL,f2,PP2,A,over,0.5,fanduel,168,False,0.4269966481251803,0.3447852750930656,0.3475342607922828,0.2916275576546619,17.56882499268364,2179.7783333333336,,"draftkings@0.5,pinnacle@0.5,sgo_fair@0.5",1.1144430424849077,0.373134328358209,0.3139902389097102,-0.0591440894484987,-0.1585061597219766,0.0559067031376208,218,246.0,pass,2026-09-30T22:56:39+00:00,sgo_slate_alt_20260930T225639Z.json,nazemkadri,2.0,0.0,2.0,2.0,17:57,2.0,True,1.0,2.6799999999999997,1.6799999999999997,,assists-nan-game-ou-over,,
LAK@COL,Mats Zuccarello,LAK,f2,PP1,G,over,1.5,fanduel,3500,True,0.2440579738671946,0.2262805913501702,0.0253524668934993,0.0220482178710398,17.496636128076993,1710.3441666666663,,"fanduel@0.5,pinnacle@0.5,sgo_fair@0.5",1.0777230155902748,0.0277777777777777,0.0233699174800236,-0.0044078602977541,-0.1586829707191477,0.0033042490224595,4179,,pass,2026-09-30T22:56:39+00:00,sgo_slate_alt_20260930T225639Z.json,matszuccarello,0.0,0.0,0.0,0.0,17:59,0.0,True,0.0,36.0,-1.0,,points-nan-game-ou-over,,
PIT@PHI,Travis Konecny,PHI,f2,PP2,PTS,over,2.5,fanduel,1060,True,0.8535395290243577,1.0191197854576215,0.0554265554074256,0.0838516908574217,17.79007170032192,2230.1783333333337,,"draftkings@0.5,sgo_fair@1.0",1.0472579744117947,0.0862068965517241,0.0724816366774233,-0.0137252598743008,-0.1592130145418896,-0.0284251354499961,1280,2006.0,pass,2026-09-30T22:56:39+00:00,sgo_slate_alt_20260930T225639Z.json,traviskonecny,2.0,0.0,0.0,0.0,14:47,0.0,True,0.0,11.6,-1.0,TRAVIS_KONECNY_1_NHL,goals+assists-TRAVIS_KONECNY_1_NHL-game-ou-over,1060.0,4.163336342344337e-17
PIT@PHI,Travis Konecny,PHI,f2,PP2,PTS,over,2.5,fanduel,1060,True,0.8535395290243577,1.0191197854576215,0.0554265554074256,0.0838516908574217,17.79007170032192,2230.1783333333337,,"draftkings@0.5,sgo_fair@1.0",1.0472579744117947,0.0862068965517241,0.0724816366774233,-0.0137252598743008,-0.1592130145418896,-0.0284251354499961,1280,2006.0,pass,2026-09-30T22:56:39+00:00,sgo_slate_alt_20260930T225639Z.json,traviskonecny,2.0,0.0,0.0,0.0,14:47,0.0,True,0.0,11.6,-1.0,TRAVIS_KONECNY_1_NHL,goals+assists-TRAVIS_KONECNY_1_NHL-game-ou-over,1300.0,-0.014778325123152677
PIT@PHI,Owen Tippett,PHI,f1,PP2,A,over,1.5,draftkings,1600,True,0.3466471605610556,0.3574582934724719,0.047846713663447,0.0505232581251849,17.293983282893787,1918.3983333333333,,"draftkings@0.5,pinnacle@0.5,sgo_fair@0.5",1.1144430424849077,0.0588235294117647,0.0494526403404897,-0.0093708890712749,-0.1593051142116738,-0.0026765444617378,1922,3990.0,pass,2026-09-30T22:56:39+00:00,sgo_slate_alt_20260930T225639Z.json,owentippett,4.0,0.0,0.0,0.0,14:11,0.0,True,0.0,17.0,-1.0,OWEN_TIPPETT_1_NHL,assists-OWEN_TIPPETT_1_NHL-game-ou-over,1600.0,6.938893903907228e-18
NYI@TOR,Bo Horvat,NYI,f1,PP1,PTS,under,0.5,draftkings,115,False,0.801267980022136,1.0427583078969032,0.4487595850242973,0.3524810884709182,19.278630126057124,2147.205833333333,,"draftkings@0.5,sgo_fair@1.0",1.0472579744117947,0.4651162790697674,0.3909924870922698,-0.0741237919774975,-0.1593661527516198,0.0962784965533791,156,173.0,pass,2026-09-30T22:56:39+00:00,sgo_slate_alt_20260930T225639Z.json,bohorvat,4.0,0.0,1.0,1.0,22:31,1.0,True,0.0,2.15,-1.0,,goals+assists-nan-game-ou-under,,
NYI@TOR,Kyle Palmieri,NYI,f1,PP1,SOG,over,5.5,draftkings,1500,True,2.5751143695879755,2.481071999455715,0.0568634191550893,0.0496348999126656,18.330910070005388,1155.1666666666667,,"draftkings@2.5,fanduel@2.5,pinnacle@2.5,sgo_fair@2.5",1.049054075237431,0.0625,0.0525263076096351,-0.0099736923903649,-0.1595790782458384,0.0072285192424236,1804,3533.0,pass,2026-09-30T22:56:39+00:00,sgo_slate_alt_20260930T225639Z.json,kylepalmieri,4.0,0.0,0.0,0.0,18:35,4.0,True,0.0,16.0,-1.0,,shots_onGoal-nan-game-ou-over,,
LAK@COL,Martin Necas,COL,f1,PP1,PTS,under,0.5,draftkings,175,False,1.2272836686262214,1.159090226714486,0.2930876204909518,0.3137715120089879,19.35776089828269,2352.2475,,"draftkings@0.5,sgo_fair@1.5",1.0472579744117947,0.3636363636363636,0.3054979554017735,-0.0581384082345901,-0.1598806226451229,-0.020683891518036,227,257.0,pass,2026-09-30T22:56:39+00:00,sgo_slate_alt_20260930T225639Z.json,martinnecas,4.0,0.0,1.0,1.0,19:11,1.0,True,0.0,2.75,-1.0,,goals+assists-nan-game-ou-under,,
PIT@PHI,Tyson Foerster,PHI,f2,PP1,A,over,0.5,draftkings,220,False,0.2483601706406173,0.3437495285925812,0.2199210688534507,0.2908934832846077,16.527680162974278,1116.2733333333333,,"draftkings@0.5,pinnacle@0.5,sgo_fair@0.5",1.1144430424849077,0.3125,0.2625045175121449,-0.0499954824878551,-0.1599855439611364,-0.0709724144311569,281,321.0,pass,2026-09-30T22:56:39+00:00,sgo_slate_alt_20260930T225639Z.json,tysonfoerster,1.0,0.0,0.0,0.0,17:08,0.0,True,0.0,3.2,-1.0,TYSON_FOERSTER_1_NHL,assists-TYSON_FOERSTER_1_NHL-game-ou-over,220.0,0.0
PIT@PHI,Tyson Foerster,PHI,f2,PP1,A,over,0.5,draftkings,220,False,0.2483601706406173,0.3437495285925812,0.2199210688534507,0.2908934832846077,16.527680162974278,1116.2733333333333,,"draftkings@0.5,pinnacle@0.5,sgo_fair@0.5",1.1144430424849077,0.3125,0.2625045175121449,-0.0499954824878551,-0.1599855439611364,-0.0709724144311569,281,321.0,pass,2026-09-30T22:56:39+00:00,sgo_slate_alt_20260930T225639Z.json,tysonfoerster,1.0,0.0,0.0,0.0,17:08,0.0,True,0.0,3.2,-1.0,TYSON_FOERSTER_1_NHL,assists-TYSON_FOERSTER_1_NHL-game-ou-over,270.0,-0.042229729729729715
NYI@TOR,Darren Raddysh,TOR,d1,PP1,A,over,1.5,fanduel,630,True,0.6570624784118815,0.5245405133018115,0.1410254929721636,0.0977353978109089,21.772137732023086,2248.580833333333,,"draftkings@0.5,pinnacle@0.5,sgo_fair@0.5",1.1144430424849077,0.136986301369863,0.1150514358754108,-0.0219348654944521,-0.1601245181095006,0.0432900951612546,769,1010.0,pass,2026-09-30T22:56:39+00:00,sgo_slate_alt_20260930T225639Z.json,darrenraddysh,4.0,0.0,0.0,0.0,20:36,0.0,True,0.0,7.3,-1.0,,assists-nan-game-ou-over,,
PIT@PHI,Travis Konecny,PHI,f2,PP2,SOG,under,1.5,fanduel,114,False,2.143814949348693,2.0711828002167736,0.3817284604467041,0.399547530649289,17.79007170032192,2230.1783333333337,,"draftkings@1.5,fanduel@1.5,pinnacle@1.5,sgo_fair@2.0",1.049054075237431,0.4672897196261682,0.3924199025682551,-0.0748698170579131,-0.1602214085039341,-0.0178190702025848,155,172.0,pass,2026-09-30T22:56:39+00:00,sgo_slate_alt_20260930T225639Z.json,traviskonecny,2.0,0.0,0.0,0.0,14:47,2.0,True,0.0,2.1399999999999997,-1.0,TRAVIS_KONECNY_1_NHL,shots_onGoal-TRAVIS_KONECNY_1_NHL-game-ou-under,112.0,0.004408393581378955
PIT@PHI,Travis Konecny,PHI,f2,PP2,SOG,under,1.5,fanduel,114,False,2.143814949348693,2.0711828002167736,0.3817284604467041,0.399547530649289,17.79007170032192,2230.1783333333337,,"draftkings@1.5,fanduel@1.5,pinnacle@1.5,sgo_fair@2.0",1.049054075237431,0.4672897196261682,0.3924199025682551,-0.0748698170579131,-0.1602214085039341,-0.0178190702025848,155,172.0,pass,2026-09-30T22:56:39+00:00,sgo_slate_alt_20260930T225639Z.json,traviskonecny,2.0,0.0,0.0,0.0,14:47,2.0,True,0.0,2.1399999999999997,-1.0,TRAVIS_KONECNY_1_NHL,shots_onGoal-TRAVIS_KONECNY_1_NHL-game-ou-under,-102.0,0.037660775423336734
LAK@COL,Artturi Lehkonen,COL,f1,PP2,SOG,over,4.5,draftkings,1000,True,2.166314040625648,2.143388850597425,0.0777746415601705,0.0752452452998704,18.532657100445324,1926.55,,"draftkings@1.5,sgo_fair@2.0",1.049054075237431,0.0909090909090909,0.0762570038039904,-0.0146520871051004,-0.1611729581561051,0.0025293962603,1211,1851.0,pass,2026-09-30T22:56:39+00:00,sgo_slate_alt_20260930T225639Z.json,artturilehkonen,3.0,2.0,0.0,2.0,19:27,3.0,True,0.0,11.0,-1.0,,shots_onGoal-nan-game-ou-over,,
PIT@PHI,Tyson Foerster,PHI,f2,PP1,PTS,over,1.5,draftkings,550,True,0.6241376615026002,0.6197100441035225,0.129911768031942,0.1284333119926158,16.527680162974278,1116.2733333333333,,"draftkings@0.5,sgo_fair@0.5",1.0472579744117947,0.1538461538461538,0.1290246944083463,-0.0248214594378075,-0.1613394863457491,0.0014784560393261,675,861.0,pass,2026-09-30T22:56:39+00:00,sgo_slate_alt_20260930T225639Z.json,tysonfoerster,1.0,0.0,0.0,0.0,17:08,0.0,True,0.0,6.5,-1.0,TYSON_FOERSTER_1_NHL,goals+assists-TYSON_FOERSTER_1_NHL-game-ou-over,550.0,5.551115123125783e-17
PIT@PHI,Tyson Foerster,PHI,f2,PP1,PTS,over,1.5,draftkings,550,True,0.6241376615026002,0.6197100441035225,0.129911768031942,0.1284333119926158,16.527680162974278,1116.2733333333333,,"draftkings@0.5,sgo_fair@0.5",1.0472579744117947,0.1538461538461538,0.1290246944083463,-0.0248214594378075,-0.1613394863457491,0.0014784560393261,675,861.0,pass,2026-09-30T22:56:39+00:00,sgo_slate_alt_20260930T225639Z.json,tysonfoerster,1.0,0.0,0.0,0.0,17:08,0.0,True,0.0,6.5,-1.0,TYSON_FOERSTER_1_NHL,goals+assists-TYSON_FOERSTER_1_NHL-game-ou-over,700.0,-0.0288461538461538
PIT@PHI,Sidney Crosby,PIT,f1,PP1,A,over,1.5,draftkings,500,True,0.6798868288418827,0.6346763334665567,0.1488444664505591,0.1334465700236867,18.813389423076924,2041.185,,"draftkings@0.5,pinnacle@0.5,sgo_fair@0.5",1.1144430424849077,0.1666666666666666,0.1396057285944357,-0.0270609380722309,-0.1623656284333857,0.0153978964268723,616,773.0,pass,2026-09-30T22:56:39+00:00,sgo_slate_alt_20260930T225639Z.json,sidneycrosby,3.0,0.0,1.0,1.0,17:39,1.0,True,0.0,6.0,-1.0,,assists-nan-game-ou-over,,
PIT@PHI,Sidney Crosby,PIT,f1,PP1,A,over,1.5,fanduel,500,True,0.6798868288418827,0.6346763334665567,0.1488444664505591,0.1334465700236867,18.813389423076924,2041.185,,"draftkings@0.5,pinnacle@0.5,sgo_fair@0.5",1.1144430424849077,0.1666666666666666,0.1396057285944357,-0.0270609380722309,-0.1623656284333857,0.0153978964268723,616,773.0,pass,2026-09-30T22:56:39+00:00,sgo_slate_alt_20260930T225639Z.json,sidneycrosby,3.0,0.0,1.0,1.0,17:39,1.0,True,0.0,6.0,-1.0,,assists-nan-game-ou-over,,
LAK@COL,Artemi Panarin,LAK,f1,PP1,G,over,1.5,fanduel,1800,True,0.3364824287568725,0.3273524252982258,0.045379423417094,0.0432050030383237,19.238125,2334.2925,,"fanduel@0.5,pinnacle@0.5,sgo_fair@0.5",1.0777230155902748,0.0526315789473684,0.0440747711898318,-0.0085568077575365,-0.1625793473931948,0.0021744203787702,2169,5143.0,pass,2026-09-30T22:56:39+00:00,sgo_slate_alt_20260930T225639Z.json,artemipanarin,2.0,1.0,0.0,1.0,20:16,1.0,True,0.0,19.0,-1.0,,points-nan-game-ou-over,,
PIT@PHI,Sidney Crosby,PIT,f1,PP1,SOG,over,4.5,draftkings,750,True,2.4079852528441497,2.295439573681033,0.1069571232880659,0.0928077471925159,18.813389423076924,2041.185,,"draftkings@2.5,fanduel@2.5,pinnacle@2.5,sgo_fair@2.5",1.049054075237431,0.1176470588235294,0.0984674976307359,-0.0191795611927934,-0.1630262701387443,0.0141493760955499,916,1261.0,pass,2026-09-30T22:56:39+00:00,sgo_slate_alt_20260930T225639Z.json,sidneycrosby,3.0,0.0,1.0,1.0,17:39,3.0,True,0.0,8.5,-1.0,,shots_onGoal-nan-game-ou-over,,
PIT@PHI,Evgeni Malkin,PIT,f2,PP2,PTS,over,1.5,draftkings,370,True,0.8222159802311847,0.7231705300660348,0.1992148925352181,0.163897950575318,16.83075923787529,1529.4875,,"draftkings@0.5,sgo_fair@0.5",1.0472579744117947,0.2127659574468085,0.1780247273592781,-0.0347412300875304,-0.1632837814113928,0.0353169419599,462,553.0,pass,2026-09-30T22:56:39+00:00,sgo_slate_alt_20260930T225639Z.json,evgenimalkin,2.0,1.0,0.0,1.0,15:47,1.0,True,0.0,4.7,-1.0,,goals+assists-nan-game-ou-over,,
NYI@TOR,William Nylander,TOR,f2,PP1,SOG,over,4.5,draftkings,425,True,2.6257504995545338,2.8720520934455664,0.1368720678263518,0.1742060835242217,17.72223436993845,2000.8358333333333,,"draftkings@2.5,fanduel@2.5,pinnacle@2.5,sgo_fair@3.0",1.049054075237431,0.1904761904761904,0.1592724772450737,-0.0312037132311167,-0.1638194944633627,-0.0373340156978699,528,645.0,pass,2026-09-30T22:56:39+00:00,sgo_slate_alt_20260930T225639Z.json,williamnylander,1.0,0.0,0.0,0.0,17:29,1.0,True,0.0,5.25,-1.0,,shots_onGoal-nan-game-ou-over,,
NYI@TOR,Kyle Palmieri,NYI,f1,PP1,PTS,over,1.5,draftkings,500,True,0.6805069530848493,0.6321730011671364,0.1490581187555374,0.1326049416031301,18.330910070005388,1155.1666666666667,,"draftkings@0.5,sgo_fair@0.5",1.0472579744117947,0.1666666666666666,0.139186212464093,-0.0274804542025735,-0.1648827252154415,0.0164531771524073,618,776.0,pass,2026-09-30T22:56:39+00:00,sgo_slate_alt_20260930T225639Z.json,kylepalmieri,4.0,0.0,0.0,0.0,18:35,0.0,True,0.0,6.0,-1.0,,goals+assists-nan-game-ou-over,,
LAK@COL,Trevor Moore,LAK,f3,PP2,SOG,over,4.5,draftkings,1200,True,1.9496769198651105,2.093677665891229,0.0556219363895363,0.0699088508426126,15.137832260194816,1693.503333333333,,"draftkings@1.5,sgo_fair@2.0",1.049054075237431,0.0769230769230769,0.0641940850613821,-0.0127289918616947,-0.1654768942020322,-0.0142869144530763,1458,2451.0,pass,2026-09-30T22:56:39+00:00,sgo_slate_alt_20260930T225639Z.json,trevormoore,2.0,1.0,0.0,1.0,14:56,2.0,True,0.0,13.0,-1.0,,shots_onGoal-nan-game-ou-over,,
LAK@COL,Martin Necas,COL,f1,PP1,SOG,over,3.5,draftkings,180,True,2.556363088540212,2.8628088231689897,0.2593690626072956,0.323579399809706,19.35776089828269,2352.2475,,"draftkings@2.5,fanduel@2.5,pinnacle@2.5,sgo_fair@3.5",1.049054075237431,0.3571428571428571,0.2978952649287419,-0.0592475922141152,-0.1658932581995227,-0.0642103372024104,236,266.0,pass,2026-09-30T22:56:39+00:00,sgo_slate_alt_20260930T225639Z.json,martinnecas,4.0,0.0,1.0,1.0,19:11,4.0,True,1.0,2.8,1.7999999999999998,,shots_onGoal-nan-game-ou-over,,
LAK@COL,Gabriel Landeskog,COL,f2,PP1,SOG,over,3.5,draftkings,280,True,2.2425249497046167,2.43859091751729,0.1959878875418383,0.2351642103904486,16.206805555555555,984.8166666666668,,"draftkings@2.5,sgo_fair@2.5",1.049054075237431,0.2631578947368421,0.2194936812510045,-0.0436642134858375,-0.1659240112461827,-0.0391763228486103,356,414.0,pass,2026-09-30T22:56:39+00:00,sgo_slate_alt_20260930T225639Z.json,gabriellandeskog,1.0,1.0,0.0,1.0,17:52,1.0,True,0.0,3.8,-1.0,,shots_onGoal-nan-game-ou-over,,
PIT@PHI,Trevor Zegras,PHI,f1,PP1,A,over,1.5,draftkings,650,True,0.5584258150106787,0.5718083225343162,0.1084106266475713,0.1127083699065634,18.15746991717456,1953.2883333333332,,"draftkings@0.5,pinnacle@0.5,sgo_fair@0.5",1.1144430424849077,0.1333333333333333,0.1109892726029666,-0.0223440607303667,-0.1675804554777505,-0.0042977432589921,801,1063.0,pass,2026-09-30T22:56:39+00:00,sgo_slate_alt_20260930T225639Z.json,trevorzegras,1.0,0.0,0.0,0.0,16:25,0.0,True,0.0,7.5,-1.0,TREVOR_ZEGRAS_1_NHL,assists-TREVOR_ZEGRAS_1_NHL-game-ou-over,650.0,2.7755575615628914e-17
PIT@PHI,Trevor Zegras,PHI,f1,PP1,A,over,1.5,draftkings,650,True,0.5584258150106787,0.5718083225343162,0.1084106266475713,0.1127083699065634,18.15746991717456,1953.2883333333332,,"draftkings@0.5,pinnacle@0.5,sgo_fair@0.5",1.1144430424849077,0.1333333333333333,0.1109892726029666,-0.0223440607303667,-0.1675804554777505,-0.0042977432589921,801,1063.0,pass,2026-09-30T22:56:39+00:00,sgo_slate_alt_20260930T225639Z.json,trevorzegras,1.0,0.0,0.0,0.0,16:25,0.0,True,0.0,7.5,-1.0,TREVOR_ZEGRAS_1_NHL,assists-TREVOR_ZEGRAS_1_NHL-game-ou-over,1000.0,-0.04242424242424239
LAK@COL,Brock Nelson,COL,f2,PP2,SOG,under,1.5,draftkings,120,False,2.171272883197039,2.149457824821926,0.3751671076404581,0.3803722378769956,17.712678062678066,2272.766666666667,,"draftkings@1.5,fanduel@1.5,pinnacle@2.5,sgo_fair@2.0",1.049054075237431,0.4545454545454545,0.3782901857823806,-0.0762552687630739,-0.1677615912787625,-0.0052051302365374,164,183.0,pass,2026-09-30T22:56:39+00:00,sgo_slate_alt_20260930T225639Z.json,brocknelson,1.0,1.0,2.0,3.0,19:14,1.0,True,1.0,2.2,1.2000000000000002,,shots_onGoal-nan-game-ou-under,,
PIT@PHI,Porter Martone,PHI,f1,PP1,SOG,under,2.5,fanduel,-128,False,2.858866874003733,2.863320513474742,0.4676852870673571,0.4667065475989321,17.520370370370372,153.36666666666667,,"draftkings@2.5,fanduel@2.5,pinnacle@2.5,sgo_fair@3.0",1.049054075237431,0.5614035087719298,0.4670980433863021,-0.0943054653856276,-0.1679816102181494,0.0009787394684249,114,126.0,pass,2026-09-30T22:56:39+00:00,sgo_slate_alt_20260930T225639Z.json,portermartone,0.0,0.0,0.0,0.0,14:05,0.0,True,1.0,1.78125,0.78125,PORTER_MARTONE_1_NHL,shots_onGoal-PORTER_MARTONE_1_NHL-game-ou-under,-135.0,0.013064576334453237
PIT@PHI,Porter Martone,PHI,f1,PP1,SOG,under,2.5,fanduel,-128,False,2.858866874003733,2.863320513474742,0.4676852870673571,0.4667065475989321,17.520370370370372,153.36666666666667,,"draftkings@2.5,fanduel@2.5,pinnacle@2.5,sgo_fair@3.0",1.049054075237431,0.5614035087719298,0.4670980433863021,-0.0943054653856276,-0.1679816102181494,0.0009787394684249,114,126.0,pass,2026-09-30T22:56:39+00:00,sgo_slate_alt_20260930T225639Z.json,portermartone,0.0,0.0,0.0,0.0,14:05,0.0,True,1.0,1.78125,0.78125,PORTER_MARTONE_1_NHL,shots_onGoal-PORTER_MARTONE_1_NHL-game-ou-under,-160.0,0.053981106612685625
PIT@PHI,Porter Martone,PHI,f1,PP1,PTS,over,2.5,draftkings,1600,True,0.9007390304467908,0.7424955546482034,0.0629786785253092,0.0395146930556932,17.520370370370372,153.36666666666667,,"draftkings@0.5,sgo_fair@0.5",1.0472579744117947,0.0588235294117647,0.0489002872435396,-0.009923242168225,-0.1686951168598259,0.0234639854696159,1945,4084.0,pass,2026-09-30T22:56:39+00:00,sgo_slate_alt_20260930T225639Z.json,portermartone,0.0,0.0,0.0,0.0,14:05,0.0,True,0.0,17.0,-1.0,PORTER_MARTONE_1_NHL,goals+assists-PORTER_MARTONE_1_NHL-game-ou-over,1600.0,6.938893903907228e-18
LAK@COL,Martin Necas,COL,f1,PP1,G,over,1.5,fanduel,1200,True,0.3858860049104521,0.4236935642977052,0.0578081427854901,0.0680153813960385,19.35776089828269,2352.2475,,"fanduel@0.5,pinnacle@0.5,sgo_fair@0.5",1.0777230155902748,0.0769230769230769,0.0639324859518191,-0.0129905909712577,-0.1688776826263505,-0.0102072386105484,1464,2469.0,pass,2026-09-30T22:56:39+00:00,sgo_slate_alt_20260930T225639Z.json,martinnecas,4.0,0.0,1.0,1.0,19:11,0.0,True,0.0,13.0,-1.0,,points-nan-game-ou-over,,
LAK@COL,Nathan MacKinnon,COL,f1,PP1,G,over,1.5,fanduel,700,True,0.5051771055979473,0.5691816642462283,0.0917780901955717,0.1118613526187372,20.211023366508,2590.8675,,"fanduel@0.5,pinnacle@0.5,sgo_fair@0.5",1.0777230155902748,0.125,0.103828047649471,-0.0211719523505289,-0.1693756188042315,-0.0200832624231655,863,1169.0,pass,2026-09-30T22:56:39+00:00,sgo_slate_alt_20260930T225639Z.json,nathanmackinnon,8.0,2.0,0.0,2.0,17:44,2.0,True,1.0,8.0,7.0,,points-nan-game-ou-over,,
LAK@COL,Adrian Kempe,LAK,f1,PP1,PTS,over,1.5,fanduel,350,True,0.8165022144915082,0.7579243366881738,0.1971516383973595,0.1761695853997706,18.62954093940684,2261.9791666666665,,"draftkings@0.5,sgo_fair@0.5",1.0472579744117947,0.2222222222222222,0.1845624065988061,-0.037659815623416,-0.1694691703053721,0.0209820529975888,442,527.0,pass,2026-09-30T22:56:39+00:00,sgo_slate_alt_20260930T225639Z.json,adriankempe,3.0,0.0,0.0,0.0,19:23,0.0,True,0.0,4.5,-1.0,,goals+assists-nan-game-ou-over,,
PIT@PHI,Connor Dewar,PIT,f4,-,G,over,1.5,fanduel,10000,True,0.1435483214384613,0.1273984943558254,0.0093681730300786,0.0074577848733403,11.95554718875502,1335.745,,sgo_fair@0.5,1.0777230155902748,0.0099009900990099,0.0082219401360356,-0.0016790499629742,-0.1695840462603997,0.0019103881567382,12063,,pass,2026-09-30T22:56:39+00:00,sgo_slate_alt_20260930T225639Z.json,connordewar,0.0,0.0,0.0,0.0,14:51,0.0,True,0.0,101.0,-1.0,,points-nan-game-ou-over,,
LAK@COL,Artemi Panarin,LAK,f1,PP1,PTS,under,0.5,draftkings,130,False,0.950936253207822,1.0666895995264063,0.3863791053806117,0.3441458945253867,19.238125,2334.2925,,"draftkings@0.5,sgo_fair@1.0",1.0472579744117947,0.4347826086956521,0.3610391788674767,-0.0737434298281754,-0.1696098886048036,0.042233210855225,177,198.0,pass,2026-09-30T22:56:39+00:00,sgo_slate_alt_20260930T225639Z.json,artemipanarin,2.0,1.0,0.0,1.0,20:16,1.0,True,0.0,2.3,-1.0,,goals+assists-nan-game-ou-under,,
NYI@TOR,Darren Raddysh,TOR,d1,PP1,SOG,over,4.5,draftkings,500,True,2.705706027404084,2.5881644153857963,0.1486184014780609,0.1314852060417968,21.772137732023086,2248.580833333333,,"draftkings@2.5,fanduel@2.5,pinnacle@2.5,sgo_fair@2.5",1.049054075237431,0.1666666666666666,0.1383384842163024,-0.0283281824503641,-0.1699690947021852,0.017133195436264,623,782.0,pass,2026-09-30T22:56:39+00:00,sgo_slate_alt_20260930T225639Z.json,darrenraddysh,4.0,0.0,0.0,0.0,20:36,4.0,True,0.0,6.0,-1.0,,shots_onGoal-nan-game-ou-over,,
LAK@COL,Drew Doughty,LAK,d1,PP2,SOG,over,2.5,draftkings,370,True,1.3989282266323406,1.440518163632006,0.1705092627383296,0.1805210703016381,22.876091617933724,1988.0616666666667,,"draftkings@1.5,pinnacle@1.5,sgo_fair@1.5",1.049054075237431,0.2127659574468085,0.1765163472763147,-0.0362496101704937,-0.1703731678013207,-0.0100118075633085,467,560.0,pass,2026-09-30T22:56:39+00:00,sgo_slate_alt_20260930T225639Z.json,drewdoughty,1.0,0.0,1.0,1.0,22:41,1.0,True,0.0,4.7,-1.0,,shots_onGoal-nan-game-ou-over,,
PIT@PHI,Rickard Rakell,PIT,f1,PP1,A,over,0.5,fanduel,138,False,0.4293540536722757,0.4278668899153989,0.3490705755751971,0.3481018167539506,18.540236737515123,1840.311666666667,,"draftkings@0.5,pinnacle@0.5,sgo_fair@0.5",1.1144430424849077,0.4201680672268907,0.3484893202824492,-0.0716787469444415,-0.1705954177277708,0.0009687588212464,187,209.0,pass,2026-09-30T22:56:39+00:00,sgo_slate_alt_20260930T225639Z.json,rickardrakell,2.0,0.0,1.0,1.0,18:32,1.0,True,1.0,2.38,1.38,,assists-nan-game-ou-over,,
PIT@PHI,Christian Dvorak,PHI,f2,-,A,over,0.5,fanduel,182,False,0.3699497231166214,0.3339930272931689,0.3092309405202366,0.2839412249222859,16.72216638152267,2039.2425,,"draftkings@0.5,sgo_fair@0.5",1.1144430424849077,0.3546099290780142,0.2940571111614662,-0.0605528179165479,-0.1707589465246651,0.0252897155979506,240,272.0,pass,2026-09-30T22:56:39+00:00,sgo_slate_alt_20260930T225639Z.json,christiandvorak,2.0,0.0,0.0,0.0,14:58,0.0,True,0.0,2.8200000000000003,-1.0,CHRISTIAN_DVORAK_1_NHL,assists-CHRISTIAN_DVORAK_1_NHL-game-ou-over,190.0,-0.009782342871117622
NYI@TOR,Matthew Schaefer,NYI,d1,PP1,SOG,over,3.5,draftkings,150,True,2.8030617277803405,2.966241044314394,0.3109912509554727,0.3453680955023001,23.59136178861789,2023.9833333333331,,"draftkings@2.5,fanduel@2.5,pinnacle@2.5,sgo_fair@3.5",1.049054075237431,0.4,0.3316173576835691,-0.0683826423164308,-0.1709566057910772,-0.0343768445468273,202,226.0,pass,2026-09-30T22:56:39+00:00,sgo_slate_alt_20260930T225639Z.json,matthewschaefer,3.0,0.0,0.0,0.0,27:45,3.0,True,0.0,2.5,-1.0,,shots_onGoal-nan-game-ou-over,,
PIT@PHI,Owen Tippett,PHI,f1,PP2,PTS,over,1.5,draftkings,500,True,0.6740210681690396,0.6313150547570513,0.1468266350129787,0.132316778526519,17.293983282893787,1918.3983333333333,,"draftkings@0.5,sgo_fair@0.5",1.0472579744117947,0.1666666666666666,0.1381207211211029,-0.0285459455455637,-0.1712756732733824,0.0145098564864597,624,784.0,pass,2026-09-30T22:56:39+00:00,sgo_slate_alt_20260930T225639Z.json,owentippett,4.0,0.0,0.0,0.0,14:11,0.0,True,0.0,6.0,-1.0,OWEN_TIPPETT_1_NHL,goals+assists-OWEN_TIPPETT_1_NHL-game-ou-over,500.0,5.551115123125783e-17
PIT@PHI,Owen Tippett,PHI,f1,PP2,PTS,over,1.5,draftkings,500,True,0.6740210681690396,0.6313150547570513,0.1468266350129787,0.132316778526519,17.293983282893787,1918.3983333333333,,"draftkings@0.5,sgo_fair@0.5",1.0472579744117947,0.1666666666666666,0.1381207211211029,-0.0285459455455637,-0.1712756732733824,0.0145098564864597,624,784.0,pass,2026-09-30T22:56:39+00:00,sgo_slate_alt_20260930T225639Z.json,owentippett,4.0,0.0,0.0,0.0,14:11,0.0,True,0.0,6.0,-1.0,OWEN_TIPPETT_1_NHL,goals+assists-OWEN_TIPPETT_1_NHL-game-ou-over,700.0,-0.0416666666666666
LAK@COL,Nathan MacKinnon,COL,f1,PP1,SOG,over,6.5,fanduel,500,True,3.989658001380116,4.1680332538125455,0.1262929211435441,0.1459637648377686,20.211023366508,2590.8675,,"draftkings@3.5,fanduel@3.5,pinnacle@3.5,sgo_fair@4.0",1.049054075237431,0.1666666666666666,0.1380954273600788,-0.0285712393065878,-0.1714274358395269,-0.0196708436942244,624,784.0,pass,2026-09-30T22:56:39+00:00,sgo_slate_alt_20260930T225639Z.json,nathanmackinnon,8.0,2.0,0.0,2.0,17:44,8.0,True,1.0,6.0,5.0,,shots_onGoal-nan-game-ou-over,,
PIT@PHI,Kris Letang,PIT,d2,PP2,PTS,over,1.5,draftkings,1300,True,0.396626660239686,0.3873300439239018,0.0606497438720682,0.0581874122701243,21.127201770736253,2387.8975,,"draftkings@0.5,sgo_fair@0.5",1.0472579744117947,0.0714285714285714,0.0591723449109019,-0.0122562265176695,-0.1715871712473734,0.0024623316019438,1590,2826.0,pass,2026-09-30T22:56:39+00:00,sgo_slate_alt_20260930T225639Z.json,krisletang,4.0,0.0,1.0,1.0,18:44,1.0,True,0.0,14.0,-1.0,,goals+assists-nan-game-ou-over,,
PIT@PHI,Porter Martone,PHI,f1,PP1,G,over,2.5,fanduel,10000,True,0.4348031288609372,0.3823016904134132,0.009923822442218,0.0070106650350598,17.520370370370372,153.36666666666667,,"fanduel@0.5,pinnacle@0.5,sgo_fair@0.5",1.0777230155902748,0.0099009900990099,0.0081759279979231,-0.0017250621010867,-0.1742312722097633,0.0029131574071582,12131,,pass,2026-09-30T22:56:39+00:00,sgo_slate_alt_20260930T225639Z.json,portermartone,0.0,0.0,0.0,0.0,14:05,0.0,True,0.0,101.0,-1.0,PORTER_MARTONE_1_NHL,points-PORTER_MARTONE_1_NHL-game-ou-over,7500.0,0.003256904637832205
PIT@PHI,Porter Martone,PHI,f1,PP1,G,over,2.5,fanduel,10000,True,0.4348031288609372,0.3823016904134132,0.009923822442218,0.0070106650350598,17.520370370370372,153.36666666666667,,"fanduel@0.5,pinnacle@0.5,sgo_fair@0.5",1.0777230155902748,0.0099009900990099,0.0081759279979231,-0.0017250621010867,-0.1742312722097633,0.0029131574071582,12131,,pass,2026-09-30T22:56:39+00:00,sgo_slate_alt_20260930T225639Z.json,portermartone,0.0,0.0,0.0,0.0,14:05,0.0,True,0.0,101.0,-1.0,PORTER_MARTONE_1_NHL,points-PORTER_MARTONE_1_NHL-game-ou-over,22500.0,-0.0054762113379479525
PIT@PHI,Tyson Foerster,PHI,f2,PP1,PTS,over,0.5,fanduel,-128,False,0.6241376615026002,0.6197100441035225,0.4642767958701975,0.4618995596277979,16.527680162974278,1116.2733333333333,,"draftkings@0.5,sgo_fair@0.5",1.0472579744117947,0.5614035087719298,0.4628504541247578,-0.098553054647172,-0.1755476285902751,0.0023772362423995,116,128.0,pass,2026-09-30T22:56:39+00:00,sgo_slate_alt_20260930T225639Z.json,tysonfoerster,1.0,0.0,0.0,0.0,17:08,0.0,True,0.0,1.78125,-1.0,TYSON_FOERSTER_1_NHL,goals+assists-TYSON_FOERSTER_1_NHL-game-ou-over,-128.0,0.0
PIT@PHI,Christian Dvorak,PHI,f2,-,G,over,2.5,fanduel,40000,True,0.2479207918604918,0.2439206792559677,0.0021112615375635,0.0020166736216586,16.72216638152267,2039.2425,,sgo_fair@0.5,1.0777230155902748,0.0024937655860349,0.0020545087880205,-0.0004392567980143,-0.1761419760037477,9.458791590493536e-05,48573,,pass,2026-09-30T22:56:39+00:00,sgo_slate_alt_20260930T225639Z.json,christiandvorak,2.0,0.0,0.0,0.0,14:58,0.0,True,0.0,401.0,-1.0,CHRISTIAN_DVORAK_1_NHL,points-CHRISTIAN_DVORAK_1_NHL-game-ou-over,40000.0,1.2576745200831851e-17
PIT@PHI,Christian Dvorak,PHI,f2,-,G,over,2.5,fanduel,40000,True,0.2479207918604918,0.2439206792559677,0.0021112615375635,0.0020166736216586,16.72216638152267,2039.2425,,sgo_fair@0.5,1.0777230155902748,0.0024937655860349,0.0020545087880205,-0.0004392567980143,-0.1761419760037477,9.458791590493536e-05,48573,,pass,2026-09-30T22:56:39+00:00,sgo_slate_alt_20260930T225639Z.json,christiandvorak,2.0,0.0,0.0,0.0,14:58,0.0,True,0.0,401.0,-1.0,CHRISTIAN_DVORAK_1_NHL,points-CHRISTIAN_DVORAK_1_NHL-game-ou-over,40000.0,1.2576745200831851e-17
NYI@TOR,Matias Maccelli,NYI,f2,PP1,SOG,over,4.5,draftkings,1500,True,1.6506556219711694,2.0429238459214494,0.0316739770770296,0.0646728425880658,15.174308093994778,1373.88,,"draftkings@1.5,sgo_fair@2.0",1.049054075237431,0.0625,0.0514732963836514,-0.0110267036163485,-0.1764272578615775,-0.0329988655110361,1843,3677.0,pass,2026-09-30T22:56:39+00:00,sgo_slate_alt_20260930T225639Z.json,matiasmaccelli,1.0,0.0,0.0,0.0,17:39,1.0,True,0.0,16.0,-1.0,,shots_onGoal-nan-game-ou-over,,
LAK@COL,Martin Necas,COL,f1,PP1,PTS,over,2.5,fanduel,600,True,1.2272836686262214,1.159090226714486,0.1264827490280582,0.111764526557634,19.35776089828269,2352.2475,,"draftkings@0.5,sgo_fair@1.5",1.0472579744117947,0.1428571428571428,0.1176518155458037,-0.0252053273113391,-0.1764372911793739,0.0147182224704241,750,979.0,pass,2026-09-30T22:56:39+00:00,sgo_slate_alt_20260930T225639Z.json,martinnecas,4.0,0.0,1.0,1.0,19:11,1.0,True,0.0,7.0,-1.0,,goals+assists-nan-game-ou-over,,
LAK@COL,Martin Necas,COL,f1,PP1,PTS,over,2.5,draftkings,600,True,1.2272836686262214,1.159090226714486,0.1264827490280582,0.111764526557634,19.35776089828269,2352.2475,,"draftkings@0.5,sgo_fair@1.5",1.0472579744117947,0.1428571428571428,0.1176518155458037,-0.0252053273113391,-0.1764372911793739,0.0147182224704241,750,979.0,pass,2026-09-30T22:56:39+00:00,sgo_slate_alt_20260930T225639Z.json,martinnecas,4.0,0.0,1.0,1.0,19:11,1.0,True,0.0,7.0,-1.0,,goals+assists-nan-game-ou-over,,
LAK@COL,Cale Makar,COL,d1,PP1,SOG,over,5.5,draftkings,950,True,2.7498616403632345,2.8657877502754565,0.071797601741095,0.0827625627587699,23.81464714714715,2789.351666666667,,"draftkings@2.5,fanduel@2.5,pinnacle@2.5,sgo_fair@3.0",1.049054075237431,0.0952380952380952,0.0783765783517,-0.0168615168863952,-0.1770459273071498,-0.0109649610176748,1176,1773.0,pass,2026-09-30T22:56:39+00:00,sgo_slate_alt_20260930T225639Z.json,calemakar,1.0,0.0,2.0,2.0,18:14,1.0,True,0.0,10.5,-1.0,,shots_onGoal-nan-game-ou-over,,
LAK@COL,Devon Toews,COL,d1,PP2,SOG,under,1.5,draftkings,-115,False,1.7531529742251926,2.031765832456246,0.4856008082106491,0.4095011984984666,22.805984996738424,2362.043333333333,,"draftkings@1.5,sgo_fair@2.0",1.049054075237431,0.5348837209302325,0.4399410423833396,-0.0949426785468928,-0.1775015294572346,0.0760996097121824,127,141.0,pass,2026-09-30T22:56:39+00:00,sgo_slate_alt_20260930T225639Z.json,devontoews,0.0,0.0,2.0,2.0,20:04,0.0,True,1.0,1.8695652173913042,0.8695652173913042,,shots_onGoal-nan-game-ou-under,,
PIT@PHI,Noah Cates,PHI,f3,PP2,PTS,over,1.5,draftkings,700,True,0.535102368949273,0.5440388566016648,0.1010297166317201,0.1038408321758873,14.816801878736124,1889.245,,"draftkings@0.5,sgo_fair@0.5",1.0472579744117947,0.125,0.1027163859582204,-0.0222836140417795,-0.1782689123342364,-0.0028111155441671,874,1187.0,pass,2026-09-30T22:56:39+00:00,sgo_slate_alt_20260930T225639Z.json,noahcates,1.0,0.0,0.0,0.0,14:17,0.0,True,0.0,8.0,-1.0,NOAH_CATES_1_NHL,goals+assists-NOAH_CATES_1_NHL-game-ou-over,700.0,0.0
PIT@PHI,Noah Cates,PHI,f3,PP2,PTS,over,1.5,draftkings,700,True,0.535102368949273,0.5440388566016648,0.1010297166317201,0.1038408321758873,14.816801878736124,1889.245,,"draftkings@0.5,sgo_fair@0.5",1.0472579744117947,0.125,0.1027163859582204,-0.0222836140417795,-0.1782689123342364,-0.0028111155441671,874,1187.0,pass,2026-09-30T22:56:39+00:00,sgo_slate_alt_20260930T225639Z.json,noahcates,1.0,0.0,0.0,0.0,14:17,0.0,True,0.0,8.0,-1.0,NOAH_CATES_1_NHL,goals+assists-NOAH_CATES_1_NHL-game-ou-over,1100.0,-0.04166666666666667
LAK@COL,Nathan MacKinnon,COL,f1,PP1,SOG,over,5.5,fanduel,240,True,3.989658001380116,4.1680332538125455,0.2253768630336462,0.252341324331218,20.211023366508,2590.8675,,"draftkings@3.5,fanduel@3.5,pinnacle@3.5,sgo_fair@4.0",1.049054075237431,0.2941176470588235,0.2415555398121892,-0.0525621072466342,-0.1787111646385565,-0.0269644612975717,314,362.0,pass,2026-09-30T22:56:39+00:00,sgo_slate_alt_20260930T225639Z.json,nathanmackinnon,8.0,2.0,0.0,2.0,17:44,8.0,True,1.0,3.4,2.4,,shots_onGoal-nan-game-ou-over,,
LAK@COL,Adrian Kempe,LAK,f1,PP1,SOG,under,2.5,draftkings,-140,False,2.724080635461652,2.864901153745354,0.4979267426138366,0.4663595047521064,18.62954093940684,2261.9791666666665,,"draftkings@2.5,fanduel@2.5,pinnacle@2.5,sgo_fair@3.0",1.049054075237431,0.5833333333333334,0.4789863998967985,-0.1043469334365349,-0.1788804573197739,0.0315672378617302,109,120.0,pass,2026-09-30T22:56:39+00:00,sgo_slate_alt_20260930T225639Z.json,adriankempe,3.0,0.0,0.0,0.0,19:23,3.0,True,0.0,1.7142857142857144,-1.0,,shots_onGoal-nan-game-ou-under,,
PIT@PHI,Erik Karlsson,PIT,d1,PP1,A,over,1.5,draftkings,550,True,0.6437313264631185,0.5921936275143265,0.136500939932127,0.1193375953946455,22.99009532320524,2627.4333333333334,,"draftkings@0.5,pinnacle@0.5,sgo_fair@0.5",1.1144430424849077,0.1538461538461538,0.1262029332096381,-0.0276432206365156,-0.1796809341373519,0.0171633445374815,692,888.0,pass,2026-09-30T22:56:39+00:00,sgo_slate_alt_20260930T225639Z.json,erikkarlsson,3.0,0.0,1.0,1.0,19:59,1.0,True,0.0,6.5,-1.0,,assists-nan-game-ou-over,,
NYI@TOR,Tony DeAngelo,NYI,d3,PP2,SOG,under,1.5,draftkings,-105,False,1.9083498808556525,2.0493637849142767,0.441967503876007,0.4050325739393902,18.18105358764759,1822.348333333333,,"draftkings@1.5,sgo_fair@2.0",1.049054075237431,0.5121951219512195,0.4198065459140369,-0.0923885760371825,-0.1803776960725945,0.0369349299366168,138,153.0,pass,2026-09-30T22:56:39+00:00,sgo_slate_alt_20260930T225639Z.json,tonydeangelo,0.0,0.0,0.0,0.0,17:14,0.0,True,1.0,1.9523809523809523,0.9523809523809523,,shots_onGoal-nan-game-ou-under,,
NYI@TOR,Jack Roslovic,TOR,f1,PP2,A,over,1.5,draftkings,1300,True,0.2561465035534728,0.4626235219476513,0.0277067275018706,0.0790888935880906,16.5629364333803,1610.1491666666666,,sgo_fair@0.5,1.1144430424849077,0.0714285714285714,0.0585360271536026,-0.0128925442749687,-0.1804956198495632,-0.05138216608622,1608,2882.0,pass,2026-09-30T22:56:39+00:00,sgo_slate_alt_20260930T225639Z.json,jackroslovic,2.0,0.0,1.0,1.0,14:53,1.0,True,0.0,14.0,-1.0,,assists-nan-game-ou-over,,
NYI@TOR,Bo Horvat,NYI,f1,PP1,SOG,over,5.5,fanduel,550,True,3.300034301037376,3.233630431286568,0.1308265766026285,0.1228081007848427,19.278630126057124,2147.205833333333,,"draftkings@2.5,fanduel@3.5,pinnacle@3.5,sgo_fair@3.5",1.049054075237431,0.1538461538461538,0.126015491111957,-0.0278306627341967,-0.1808993077722791,0.0080184758177857,694,890.0,pass,2026-09-30T22:56:39+00:00,sgo_slate_alt_20260930T225639Z.json,bohorvat,4.0,0.0,1.0,1.0,22:31,4.0,True,0.0,6.5,-1.0,,shots_onGoal-nan-game-ou-over,,
NYI@TOR,Jack Roslovic,TOR,f1,PP2,A,over,0.5,fanduel,162,False,0.2561465035534728,0.4626235219476513,0.2259714374496605,0.3703703703700796,16.5629364333803,1610.1491666666666,,sgo_fair@0.5,1.1144430424849077,0.3816793893129771,0.312610797201912,-0.0690685921110651,-0.1809597113309905,-0.144398932920419,220,248.0,data-check,2026-09-30T22:56:39+00:00,sgo_slate_alt_20260930T225639Z.json,jackroslovic,2.0,0.0,1.0,1.0,14:53,1.0,True,1.0,2.62,1.62,,assists-nan-game-ou-over,,
LAK@COL,Martin Necas,COL,f1,PP1,A,over,1.5,fanduel,370,True,0.8244862179959197,0.6990938970844605,0.2000353941517958,0.1554900746167281,19.35776089828269,2352.2475,,"draftkings@0.5,pinnacle@0.5,sgo_fair@0.5",1.1144430424849077,0.2127659574468085,0.1733082024307551,-0.0394577550160533,-0.1854514485754506,0.0445453195350677,477,574.0,pass,2026-09-30T22:56:39+00:00,sgo_slate_alt_20260930T225639Z.json,martinnecas,4.0,0.0,1.0,1.0,19:11,1.0,True,0.0,4.7,-1.0,,assists-nan-game-ou-over,,
LAK@COL,Quinton Byfield,LAK,f1,PP1,G,over,1.5,fanduel,2200,True,0.286868889663782,0.2968870187880598,0.0340631688309227,0.0362469861468929,18.790998989461528,2260.741666666667,,"fanduel@0.5,pinnacle@0.5,sgo_fair@0.5",1.0777230155902748,0.0434782608695652,0.0353734592205048,-0.0081048016490603,-0.1864104379283878,-0.0021838173159702,2727,9540.0,pass,2026-09-30T22:56:39+00:00,sgo_slate_alt_20260930T225639Z.json,quintonbyfield,3.0,0.0,0.0,0.0,18:59,0.0,True,0.0,23.0,-1.0,,points-nan-game-ou-over,,
LAK@COL,Gabriel Landeskog,COL,f2,PP1,PTS,over,1.5,draftkings,450,True,0.6375339447445987,0.7031032069981124,0.1344087909259808,0.1568844025462085,16.206805555555555,984.8166666666668,,"draftkings@0.5,sgo_fair@0.5",1.0472579744117947,0.1818181818181818,0.1478941578981174,-0.0339240239200644,-0.1865821315603542,-0.0224756116202277,576,714.0,pass,2026-09-30T22:56:39+00:00,sgo_slate_alt_20260930T225639Z.json,gabriellandeskog,1.0,1.0,0.0,1.0,17:52,1.0,True,0.0,5.5,-1.0,,goals+assists-nan-game-ou-over,,
NYI@TOR,Matias Maccelli,NYI,f2,PP1,A,over,1.5,draftkings,1300,True,0.3714301901181298,0.3970440323597065,0.0540599276516944,0.0607611195522868,15.174308093994778,1373.88,,"draftkings@0.5,pinnacle@0.5,sgo_fair@0.5",1.1144430424849077,0.0714285714285714,0.0580806427920499,-0.0133479286365215,-0.1868710009113013,-0.0067011919005923,1622,2923.0,pass,2026-09-30T22:56:39+00:00,sgo_slate_alt_20260930T225639Z.json,matiasmaccelli,1.0,0.0,0.0,0.0,17:39,0.0,True,0.0,14.0,-1.0,,assists-nan-game-ou-over,,
PIT@PHI,Owen Tippett,PHI,f1,PP2,SOG,over,5.5,draftkings,1100,True,2.824634523713833,2.618038418092319,0.078775136685456,0.0603516284083292,17.293983282893787,1918.3983333333333,,"draftkings@2.5,fanduel@2.5,pinnacle@2.5,sgo_fair@2.5",1.049054075237431,0.0833333333333333,0.0677210317191799,-0.0156123016141534,-0.1873476193698409,0.0184235082771267,1377,2241.0,pass,2026-09-30T22:56:39+00:00,sgo_slate_alt_20260930T225639Z.json,owentippett,4.0,0.0,0.0,0.0,14:11,4.0,True,0.0,12.0,-1.0,OWEN_TIPPETT_1_NHL,shots_onGoal-OWEN_TIPPETT_1_NHL-game-ou-over,1100.0,2.7755575615628914e-17
PIT@PHI,Owen Tippett,PHI,f1,PP2,SOG,over,5.5,draftkings,1100,True,2.824634523713833,2.618038418092319,0.078775136685456,0.0603516284083292,17.293983282893787,1918.3983333333333,,"draftkings@2.5,fanduel@2.5,pinnacle@2.5,sgo_fair@2.5",1.049054075237431,0.0833333333333333,0.0677210317191799,-0.0156123016141534,-0.1873476193698409,0.0184235082771267,1377,2241.0,pass,2026-09-30T22:56:39+00:00,sgo_slate_alt_20260930T225639Z.json,owentippett,4.0,0.0,0.0,0.0,14:11,4.0,True,0.0,12.0,-1.0,OWEN_TIPPETT_1_NHL,shots_onGoal-OWEN_TIPPETT_1_NHL-game-ou-over,1200.0,-0.006410256410256374
PIT@PHI,Rickard Rakell,PIT,f1,PP1,G,over,2.5,fanduel,12500,True,0.3997800181940286,0.3491563163278002,0.0079145403998761,0.0054725905798265,18.540236737515123,1840.311666666667,,"fanduel@0.5,pinnacle@0.5,sgo_fair@0.5",1.0777230155902748,0.0079365079365079,0.0064493705078463,-0.0014871374286615,-0.1873793160113537,0.0024419498200495,15405,,pass,2026-09-30T22:56:39+00:00,sgo_slate_alt_20260930T225639Z.json,rickardrakell,2.0,0.0,1.0,1.0,18:32,0.0,True,0.0,126.0,-1.0,,points-nan-game-ou-over,,
PIT@PHI,Matvei Michkov,PHI,f3,PP1,PTS,over,0.5,fanduel,-156,False,0.7178702648571117,0.6613131870978731,0.5122099859719692,0.4838269425624637,14.45386396011396,1802.7041666666669,,"draftkings@0.5,sgo_fair@0.5",1.0472579744117947,0.609375,0.4951801599262659,-0.1141948400737341,-0.1873966606338201,0.0283830434095054,102,113.0,pass,2026-09-30T22:56:39+00:00,sgo_slate_alt_20260930T225639Z.json,matveimichkov,1.0,0.0,0.0,0.0,15:47,0.0,True,0.0,1.641025641025641,-1.0,MATVEI_MICHKOV_1_NHL,goals+assists-MATVEI_MICHKOV_1_NHL-game-ou-over,-162.0,0.008945610687022931
LAK@COL,Brandt Clarke,LAK,d2,PP1,SOG,over,2.5,draftkings,165,True,1.905935235202562,1.9549146873457488,0.2987463247839229,0.3114620308103623,19.37295046968403,2195.145,,"draftkings@1.5,fanduel@1.5,pinnacle@1.5,sgo_fair@1.5",1.049054075237431,0.3773584905660377,0.3063757483997865,-0.0709827421662512,-0.1881042667405656,-0.0127157060264394,226,255.0,pass,2026-09-30T22:56:39+00:00,sgo_slate_alt_20260930T225639Z.json,brandtclarke,1.0,0.0,0.0,0.0,18:57,1.0,True,0.0,2.65,-1.0,,shots_onGoal-nan-game-ou-over,,
NYI@TOR,Matias Maccelli,NYI,f2,PP1,PTS,over,1.5,draftkings,600,True,0.5647292614710051,0.5931816813740372,0.1104294388888996,0.1196613421915889,15.174308093994778,1373.88,,"draftkings@0.5,sgo_fair@0.5",1.0472579744117947,0.1428571428571428,0.1159685808705132,-0.0268885619866296,-0.1882199339064073,-0.0092319033026892,762,999.0,pass,2026-09-30T22:56:39+00:00,sgo_slate_alt_20260930T225639Z.json,matiasmaccelli,1.0,0.0,0.0,0.0,17:39,0.0,True,0.0,7.0,-1.0,,goals+assists-nan-game-ou-over,,
NYI@TOR,Matias Maccelli,NYI,f2,PP1,PTS,over,1.5,fanduel,600,True,0.5647292614710051,0.5931816813740372,0.1104294388888996,0.1196613421915889,15.174308093994778,1373.88,,"draftkings@0.5,sgo_fair@0.5",1.0472579744117947,0.1428571428571428,0.1159685808705132,-0.0268885619866296,-0.1882199339064073,-0.0092319033026892,762,999.0,pass,2026-09-30T22:56:39+00:00,sgo_slate_alt_20260930T225639Z.json,matiasmaccelli,1.0,0.0,0.0,0.0,17:39,0.0,True,0.0,7.0,-1.0,,goals+assists-nan-game-ou-over,,
NYI@TOR,Calum Ritchie,NYI,f2,PP2,G,over,1.5,fanduel,3500,False,0.2452412900860736,0.2176728156822891,0.0255791375053689,0.0205178905192713,14.717241379310344,915.56,,"pinnacle@0.5,sgo_fair@0.5",1.0777230155902748,0.0277777777777777,0.0225423893137104,-0.0052353884640673,-0.1884739847064253,0.0050612469860975,4336,,pass,2026-09-30T22:56:39+00:00,sgo_slate_alt_20260930T225639Z.json,calumritchie,2.0,0.0,0.0,0.0,16:03,0.0,True,0.0,36.0,-1.0,,points-nan-game-ou-over,,
PIT@PHI,Trevor Zegras,PHI,f1,PP1,A,over,1.5,fanduel,630,True,0.5584258150106787,0.5718083225343162,0.1084106266475713,0.1127083699065634,18.15746991717456,1953.2883333333332,,"draftkings@0.5,pinnacle@0.5,sgo_fair@0.5",1.1144430424849077,0.136986301369863,0.1109892726029666,-0.0259970287668964,-0.1897783099983438,-0.0042977432589921,801,1063.0,pass,2026-09-30T22:56:39+00:00,sgo_slate_alt_20260930T225639Z.json,trevorzegras,1.0,0.0,0.0,0.0,16:25,0.0,True,0.0,7.3,-1.0,TREVOR_ZEGRAS_1_NHL,assists-TREVOR_ZEGRAS_1_NHL-game-ou-over,600.0,0.005870841487279843
PIT@PHI,Trevor Zegras,PHI,f1,PP1,A,over,1.5,fanduel,630,True,0.5584258150106787,0.5718083225343162,0.1084106266475713,0.1127083699065634,18.15746991717456,1953.2883333333332,,"draftkings@0.5,pinnacle@0.5,sgo_fair@0.5",1.1144430424849077,0.136986301369863,0.1109892726029666,-0.0259970287668964,-0.1897783099983438,-0.0042977432589921,801,1063.0,pass,2026-09-30T22:56:39+00:00,sgo_slate_alt_20260930T225639Z.json,trevorzegras,1.0,0.0,0.0,0.0,16:25,0.0,True,0.0,7.3,-1.0,TREVOR_ZEGRAS_1_NHL,assists-TREVOR_ZEGRAS_1_NHL-game-ou-over,680.0,-0.008781173164734812
NYI@TOR,Matthew Schaefer,NYI,d1,PP1,PTS,over,1.5,fanduel,370,True,0.7259272946813883,0.7610323454253813,0.1648657816407768,0.1772740710707684,23.59136178861789,2023.9833333333331,,"draftkings@0.5,sgo_fair@0.5",1.0472579744117947,0.2127659574468085,0.1723107552987718,-0.0404552021480367,-0.1901394500957725,-0.0124082894299916,480,579.0,pass,2026-09-30T22:56:39+00:00,sgo_slate_alt_20260930T225639Z.json,matthewschaefer,3.0,0.0,0.0,0.0,27:45,0.0,True,0.0,4.7,-1.0,,goals+assists-nan-game-ou-over,,
NYI@TOR,Matthew Schaefer,NYI,d1,PP1,PTS,over,1.5,draftkings,370,True,0.7259272946813883,0.7610323454253813,0.1648657816407768,0.1772740710707684,23.59136178861789,2023.9833333333331,,"draftkings@0.5,sgo_fair@0.5",1.0472579744117947,0.2127659574468085,0.1723107552987718,-0.0404552021480367,-0.1901394500957725,-0.0124082894299916,480,579.0,pass,2026-09-30T22:56:39+00:00,sgo_slate_alt_20260930T225639Z.json,matthewschaefer,3.0,0.0,0.0,0.0,27:45,0.0,True,0.0,4.7,-1.0,,goals+assists-nan-game-ou-over,,
NYI@TOR,Auston Matthews,TOR,f1,PP1,SOG,over,6.5,draftkings,750,True,3.7442061530497432,3.6315658225880094,0.1014031831073036,0.0908892775285543,19.35674712013165,1888.035,,"draftkings@3.5,fanduel@3.5,pinnacle@3.5,sgo_fair@3.5",1.049054075237431,0.1176470588235294,0.095094839760054,-0.0225522190634753,-0.1916938620395407,0.0105139055787492,952,1327.0,pass,2026-09-30T22:56:39+00:00,sgo_slate_alt_20260930T225639Z.json,austonmatthews,1.0,0.0,0.0,0.0,20:04,1.0,True,0.0,8.5,-1.0,,shots_onGoal-nan-game-ou-over,,
LAK@COL,Adrian Kempe,LAK,f1,PP1,A,over,1.5,draftkings,950,True,0.447417316611769,0.4599614329420163,0.0746992963672193,0.0783146783070609,18.62954093940684,2261.9791666666665,,"draftkings@0.5,pinnacle@0.5,sgo_fair@0.5",1.1144430424849077,0.0952380952380952,0.0768685255311242,-0.0183695697069709,-0.192880481923195,-0.0036153819398416,1201,1828.0,pass,2026-09-30T22:56:39+00:00,sgo_slate_alt_20260930T225639Z.json,adriankempe,3.0,0.0,0.0,0.0,19:23,0.0,True,0.0,10.5,-1.0,,assists-nan-game-ou-over,,
PIT@PHI,Egor Chinakhov,PIT,f2,PP1,SOG,over,3.5,draftkings,320,True,2.047991151939787,2.32978944517645,0.1590917793115563,0.2132193826829588,14.739930555555556,970.55,,"draftkings@2.5,sgo_fair@2.5",1.049054075237431,0.238095238095238,0.1915683413343978,-0.0465268967608402,-0.195412966395529,-0.0541276033714024,422,500.0,pass,2026-09-30T22:56:39+00:00,sgo_slate_alt_20260930T225639Z.json,egorchinakhov,3.0,1.0,0.0,1.0,16:58,3.0,True,0.0,4.2,-1.0,,shots_onGoal-nan-game-ou-over,,
PIT@PHI,Trevor Zegras,PHI,f1,PP1,PTS,under,0.5,draftkings,110,False,0.8599641291225797,1.0359170848419532,0.4231772617851814,0.3549007575305049,18.15746991717456,1953.2883333333332,,"draftkings@0.5,sgo_fair@1.0",1.0472579744117947,0.4761904761904761,0.3822113592323755,-0.0939791169581006,-0.1973561456120114,0.0682765042546765,162,180.0,pass,2026-09-30T22:56:39+00:00,sgo_slate_alt_20260930T225639Z.json,trevorzegras,1.0,0.0,0.0,0.0,16:25,0.0,True,1.0,2.1,1.1,TREVOR_ZEGRAS_1_NHL,goals+assists-TREVOR_ZEGRAS_1_NHL-game-ou-under,110.0,5.551115123125783e-17
PIT@PHI,Trevor Zegras,PHI,f1,PP1,PTS,under,0.5,draftkings,110,False,0.8599641291225797,1.0359170848419532,0.4231772617851814,0.3549007575305049,18.15746991717456,1953.2883333333332,,"draftkings@0.5,sgo_fair@1.0",1.0472579744117947,0.4761904761904761,0.3822113592323755,-0.0939791169581006,-0.1973561456120114,0.0682765042546765,162,180.0,pass,2026-09-30T22:56:39+00:00,sgo_slate_alt_20260930T225639Z.json,trevorzegras,1.0,0.0,0.0,0.0,16:25,0.0,True,1.0,2.1,1.1,TREVOR_ZEGRAS_1_NHL,goals+assists-TREVOR_ZEGRAS_1_NHL-game-ou-under,-130.0,0.08902691511387167
LAK@COL,Cale Makar,COL,d1,PP1,A,over,2.5,draftkings,1100,True,0.8576926868526407,0.9650953990367924,0.056072680630747,0.073994396175973,23.81464714714715,2789.351666666667,,"draftkings@0.5,pinnacle@0.5,sgo_fair@1.0",1.1144430424849077,0.0833333333333333,0.0668257099578826,-0.0165076233754507,-0.1980914805054086,-0.0179217155452259,1396,2291.0,pass,2026-09-30T22:56:39+00:00,sgo_slate_alt_20260930T225639Z.json,calemakar,1.0,0.0,2.0,2.0,18:14,2.0,True,0.0,12.0,-1.0,,assists-nan-game-ou-over,,
LAK@COL,Quinton Byfield,LAK,f1,PP1,A,over,0.5,fanduel,158,False,0.3345359915719311,0.3979287098877727,0.28432991372703,0.3282900877698316,18.790998989461528,2260.741666666667,,"draftkings@0.5,pinnacle@0.5,sgo_fair@0.5",1.1144430424849077,0.3875968992248062,0.3107060181527109,-0.0768908810720953,-0.1983784731660057,-0.0439601740428016,222,250.0,pass,2026-09-30T22:56:39+00:00,sgo_slate_alt_20260930T225639Z.json,quintonbyfield,3.0,0.0,0.0,0.0,18:59,0.0,True,0.0,2.58,-1.0,,assists-nan-game-ou-over,,
NYI@TOR,William Nylander,TOR,f2,PP1,PTS,under,0.5,draftkings,135,False,1.0777115667163069,1.0748049180546095,0.3403735572459827,0.3413643428258559,17.72223436993845,2000.8358333333333,,"draftkings@0.5,sgo_fair@1.0",1.0472579744117947,0.425531914893617,0.3409680285939066,-0.0845638862997104,-0.1987251328043193,-0.0009907855798731,193,216.0,pass,2026-09-30T22:56:39+00:00,sgo_slate_alt_20260930T225639Z.json,williamnylander,1.0,0.0,0.0,0.0,17:29,0.0,True,1.0,2.35,1.35,,goals+assists-nan-game-ou-under,,
PIT@PHI,Owen Tippett,PHI,f1,PP2,PTS,over,1.5,fanduel,480,True,0.6740210681690396,0.6313150547570513,0.1468266350129787,0.132316778526519,17.293983282893787,1918.3983333333333,,"draftkings@0.5,sgo_fair@0.5",1.0472579744117947,0.1724137931034483,0.1381207211211029,-0.0342930719823453,-0.198899817497603,0.0145098564864597,624,784.0,pass,2026-09-30T22:56:39+00:00,sgo_slate_alt_20260930T225639Z.json,owentippett,4.0,0.0,0.0,0.0,14:11,0.0,True,0.0,5.8,-1.0,OWEN_TIPPETT_1_NHL,goals+assists-OWEN_TIPPETT_1_NHL-game-ou-over,480.0,0.0
PIT@PHI,Owen Tippett,PHI,f1,PP2,PTS,over,1.5,fanduel,480,True,0.6740210681690396,0.6313150547570513,0.1468266350129787,0.132316778526519,17.293983282893787,1918.3983333333333,,"draftkings@0.5,sgo_fair@0.5",1.0472579744117947,0.1724137931034483,0.1381207211211029,-0.0342930719823453,-0.198899817497603,0.0145098564864597,624,784.0,pass,2026-09-30T22:56:39+00:00,sgo_slate_alt_20260930T225639Z.json,owentippett,4.0,0.0,0.0,0.0,14:11,0.0,True,0.0,5.8,-1.0,OWEN_TIPPETT_1_NHL,goals+assists-OWEN_TIPPETT_1_NHL-game-ou-over,600.0,-0.029556650246305438
NYI@TOR,John Tavares,TOR,f2,PP1,A,over,1.5,fanduel,830,True,0.5107039472568562,0.4697257191879558,0.0934673346261614,0.0811661078067799,17.08891862955032,2122.2625,,"draftkings@0.5,pinnacle@0.5,sgo_fair@0.5",1.1144430424849077,0.1075268817204301,0.0860865985345325,-0.0214402831858975,-0.1993946336288472,0.0123012268193815,1062,1537.0,pass,2026-09-30T22:56:39+00:00,sgo_slate_alt_20260930T225639Z.json,johntavares,1.0,0.0,0.0,0.0,16:58,0.0,True,0.0,9.3,-1.0,,assists-nan-game-ou-over,,
LAK@COL,Alex Laferriere,LAK,f2,PP2,G,over,1.5,fanduel,3000,True,0.2514937545181477,0.2428807814914833,0.0267905063537726,0.0251277921791682,16.89103086155165,2074.2775,,"fanduel@0.5,pinnacle@0.5,sgo_fair@0.5",1.0777230155902748,0.032258064516129,0.02579287784901,-0.006465186667119,-0.200420786680689,0.0016627141746043,3777,126023.0,pass,2026-09-30T22:56:39+00:00,sgo_slate_alt_20260930T225639Z.json,alexlaferriere,2.0,0.0,2.0,2.0,15:31,0.0,True,0.0,31.0,-1.0,,points-nan-game-ou-over,,
PIT@PHI,Erik Karlsson,PIT,d1,PP1,SOG,over,4.5,draftkings,800,True,2.26391480239126,2.260387999371989,0.0890164043620193,0.0885970506309545,22.99009532320524,2627.4333333333334,,"draftkings@2.5,fanduel@2.5,pinnacle@2.5,sgo_fair@2.5",1.049054075237431,0.1111111111111111,0.0887647921233804,-0.0223463189877306,-0.2011168708895762,0.0004193537310647,1027,1468.0,pass,2026-09-30T22:56:39+00:00,sgo_slate_alt_20260930T225639Z.json,erikkarlsson,3.0,0.0,1.0,1.0,19:59,3.0,True,0.0,9.0,-1.0,,shots_onGoal-nan-game-ou-over,,
NYI@TOR,John Tavares,TOR,f2,PP1,SOG,over,4.5,draftkings,700,True,2.490911008597741,2.248941772184448,0.1179709741270961,0.087242741446486,17.08891862955032,2122.2625,,"draftkings@2.5,fanduel@2.5,pinnacle@2.5,sgo_fair@2.5",1.049054075237431,0.125,0.09953403451873,-0.0254659654812699,-0.2037277238501595,0.0307282326806101,905,1242.0,pass,2026-09-30T22:56:39+00:00,sgo_slate_alt_20260930T225639Z.json,johntavares,1.0,0.0,0.0,0.0,16:58,1.0,True,0.0,8.0,-1.0,,shots_onGoal-nan-game-ou-over,,
NYI@TOR,Kyle Palmieri,NYI,f1,PP1,A,over,1.5,draftkings,1200,True,0.4159763815294875,0.3870144094905083,0.06588625555573,0.058104438313009,18.330910070005388,1155.1666666666667,,"draftkings@0.5,pinnacle@0.5,sgo_fair@0.5",1.1144430424849077,0.0769230769230769,0.0612171652100974,-0.0157059117129794,-0.2041768522687332,0.0077818172427209,1534,2661.0,pass,2026-09-30T22:56:39+00:00,sgo_slate_alt_20260930T225639Z.json,kylepalmieri,4.0,0.0,0.0,0.0,18:35,0.0,True,0.0,13.0,-1.0,,assists-nan-game-ou-over,,
LAK@COL,Artturi Lehkonen,COL,f1,PP2,A,over,0.5,fanduel,154,False,0.3761069363195208,0.3743714955812763,0.3134710857585308,0.3122786210861719,18.532657100445324,1926.55,,"draftkings@0.5,pinnacle@0.5,sgo_fair@0.5",1.1144430424849077,0.3937007874015748,0.3127556069551154,-0.0809451804464593,-0.2056007583340067,0.0011924646723588,220,248.0,pass,2026-09-30T22:56:39+00:00,sgo_slate_alt_20260930T225639Z.json,artturilehkonen,3.0,2.0,0.0,2.0,19:27,0.0,True,0.0,2.54,-1.0,,assists-nan-game-ou-over,,
LAK@COL,Nathan MacKinnon,COL,f1,PP1,SOG,over,6.5,draftkings,475,True,3.989658001380116,4.1680332538125455,0.1262929211435441,0.1459637648377686,20.211023366508,2590.8675,,"draftkings@3.5,fanduel@3.5,pinnacle@3.5,sgo_fair@4.0",1.049054075237431,0.1739130434782608,0.1380954273600788,-0.035817616118182,-0.2059512926795466,-0.0196708436942244,624,784.0,pass,2026-09-30T22:56:39+00:00,sgo_slate_alt_20260930T225639Z.json,nathanmackinnon,8.0,2.0,0.0,2.0,17:44,8.0,True,1.0,5.75,4.75,,shots_onGoal-nan-game-ou-over,,
LAK@COL,Nathan MacKinnon,COL,f1,PP1,A,over,1.5,fanduel,200,True,1.000345352338139,1.0013487503168603,0.264368165679752,0.2647372950196282,20.211023366508,2590.8675,,"draftkings@0.5,pinnacle@0.5,sgo_fair@1.0",1.1144430424849077,0.3333333333333333,0.2645896432836777,-0.0687436900496555,-0.2062310701489668,-0.0003691293398762,278,317.0,pass,2026-09-30T22:56:39+00:00,sgo_slate_alt_20260930T225639Z.json,nathanmackinnon,8.0,2.0,0.0,2.0,17:44,0.0,True,0.0,3.0,-1.0,,assists-nan-game-ou-over,,
LAK@COL,Artemi Panarin,LAK,f1,PP1,A,over,1.5,fanduel,520,True,0.643416138264927,0.6009854740904411,0.1363943618911839,0.122225992512487,19.238125,2334.2925,,"draftkings@0.5,pinnacle@0.5,sgo_fair@0.5",1.1144430424849077,0.1612903225806451,0.1278933402639658,-0.0333969823166793,-0.2070612903634119,0.0141683693786969,682,872.0,pass,2026-09-30T22:56:39+00:00,sgo_slate_alt_20260930T225639Z.json,artemipanarin,2.0,1.0,0.0,1.0,20:16,0.0,True,0.0,6.2,-1.0,,assists-nan-game-ou-over,,
LAK@COL,Sam Malinski,COL,d2,-,PTS,over,1.5,draftkings,1200,True,0.4188889421605983,0.3831521371393304,0.0666871441680595,0.0570924933868132,18.56353628800918,1990.1658333333328,,draftkings@0.5,1.0472579744117947,0.0769230769230769,0.0609303536993117,-0.0159927232237651,-0.2079054019089469,0.0095946507812462,1541,2683.0,pass,2026-09-30T22:56:39+00:00,sgo_slate_alt_20260930T225639Z.json,sammalinski,2.0,0.0,0.0,0.0,14:27,0.0,True,0.0,13.0,-1.0,,goals+assists-nan-game-ou-over,,
LAK@COL,Cale Makar,COL,d1,PP1,PTS,over,2.5,fanduel,680,True,1.1126958860443712,1.1067963259298566,0.1021537167772191,0.1009562053479633,23.81464714714715,2789.351666666667,,"draftkings@0.5,sgo_fair@1.5",1.0472579744117947,0.1282051282051282,0.1014352099196656,-0.0267699182854625,-0.2088053626266077,0.0011975114292557,886,1208.0,pass,2026-09-30T22:56:39+00:00,sgo_slate_alt_20260930T225639Z.json,calemakar,1.0,0.0,2.0,2.0,18:14,2.0,True,0.0,7.8,-1.0,,goals+assists-nan-game-ou-over,,
LAK@COL,Drew Doughty,LAK,d1,PP2,PTS,over,1.5,draftkings,1400,True,0.3216565792043164,0.3941208360030484,0.0418688831559975,0.0599825541660089,22.876091617933724,1988.0616666666667,,"draftkings@0.5,sgo_fair@0.5",1.0472579744117947,0.0666666666666666,0.0527370857620043,-0.0139295809046622,-0.2089437135699341,-0.0181136710100114,1796,3505.0,pass,2026-09-30T22:56:39+00:00,sgo_slate_alt_20260930T225639Z.json,drewdoughty,1.0,0.0,1.0,1.0,22:41,1.0,True,0.0,15.0,-1.0,,goals+assists-nan-game-ou-over,,
LAK@COL,Quinton Byfield,LAK,f1,PP1,SOG,over,3.5,fanduel,270,True,2.1342015259682805,2.459191254511227,0.1751554548650576,0.2393680375734719,18.790998989461528,2260.741666666667,,"draftkings@2.5,fanduel@2.5,pinnacle@2.5,sgo_fair@2.5",1.049054075237431,0.2702702702702703,0.2136830044901062,-0.056587265780164,-0.2093728833866069,-0.0642125827084143,368,430.0,pass,2026-09-30T22:56:39+00:00,sgo_slate_alt_20260930T225639Z.json,quintonbyfield,3.0,0.0,0.0,0.0,18:59,3.0,True,0.0,3.7,-1.0,,shots_onGoal-nan-game-ou-over,,
LAK@COL,Nazem Kadri,COL,f2,PP2,G,over,1.5,fanduel,2200,True,0.2772805937552836,0.2953503232738995,0.0320233481449451,0.0359085703210306,17.56882499268364,2179.7783333333336,,"fanduel@0.5,pinnacle@0.5,sgo_fair@0.5",1.0777230155902748,0.0434782608695652,0.0343544814505964,-0.0091237794189687,-0.2098469266362819,-0.0038852221760855,2811,10590.0,pass,2026-09-30T22:56:39+00:00,sgo_slate_alt_20260930T225639Z.json,nazemkadri,2.0,0.0,2.0,2.0,17:57,0.0,True,0.0,23.0,-1.0,,points-nan-game-ou-over,,
LAK@COL,Nathan MacKinnon,COL,f1,PP1,PTS,over,2.5,fanduel,285,True,1.5123828405469852,1.5814385355154077,0.1942678811551212,0.2118560444454766,20.211023366508,2590.8675,,"draftkings@1.5,sgo_fair@1.5",1.0472579744117947,0.2597402597402597,0.2048207791293345,-0.0549194806109251,-0.2114400003520621,-0.0175881632903554,388,456.0,pass,2026-09-30T22:56:39+00:00,sgo_slate_alt_20260930T225639Z.json,nathanmackinnon,8.0,2.0,0.0,2.0,17:44,2.0,True,0.0,3.85,-1.0,,goals+assists-nan-game-ou-over,,
PIT@PHI,Rickard Rakell,PIT,f1,PP1,PTS,over,1.5,fanduel,340,True,0.7974154291836085,0.745662623153935,0.1902791082723067,0.1718230277568756,18.540236737515123,1840.311666666667,,"draftkings@0.5,sgo_fair@0.5",1.0472579744117947,0.2272727272727272,0.179205459963048,-0.0480672673096792,-0.2114959761625885,0.0184560805154311,458,548.0,pass,2026-09-30T22:56:39+00:00,sgo_slate_alt_20260930T225639Z.json,rickardrakell,2.0,0.0,1.0,1.0,18:32,1.0,True,0.0,4.4,-1.0,,goals+assists-nan-game-ou-over,,
PIT@PHI,Egor Chinakhov,PIT,f2,PP1,A,over,1.5,draftkings,1500,True,0.3361805099919759,0.3627498739147795,0.0453068812205891,0.0518525486991008,14.739930555555556,970.55,,"draftkings@0.5,sgo_fair@0.5",1.1144430424849077,0.0625,0.0492342817076961,-0.0132657182923038,-0.2122514926768614,-0.0065456674785117,1931,4026.0,pass,2026-09-30T22:56:39+00:00,sgo_slate_alt_20260930T225639Z.json,egorchinakhov,3.0,1.0,0.0,1.0,16:58,0.0,True,0.0,16.0,-1.0,,assists-nan-game-ou-over,,
LAK@COL,Gabriel Landeskog,COL,f2,PP1,A,over,1.5,draftkings,1100,True,0.4030889953177559,0.4229062255299295,0.0623820953179214,0.067797122001297,16.206805555555555,984.8166666666668,,"draftkings@0.5,pinnacle@0.5,sgo_fair@0.5",1.1144430424849077,0.0833333333333333,0.0656311113279468,-0.0177022220053865,-0.212426664064638,-0.0054150266833756,1424,2361.0,pass,2026-09-30T22:56:39+00:00,sgo_slate_alt_20260930T225639Z.json,gabriellandeskog,1.0,1.0,0.0,1.0,17:52,0.0,True,0.0,12.0,-1.0,,assists-nan-game-ou-over,,
NYI@TOR,Bo Horvat,NYI,f1,PP1,A,over,1.5,fanduel,1000,True,0.4097826858202507,0.4536578228076634,0.0641940261052468,0.0764910670516722,19.278630126057124,2147.205833333333,,"draftkings@0.5,pinnacle@0.5,sgo_fair@0.5",1.1144430424849077,0.0909090909090909,0.0715722506731021,-0.0193368402359887,-0.2127052425958766,-0.0122970409464254,1297,2047.0,pass,2026-09-30T22:56:39+00:00,sgo_slate_alt_20260930T225639Z.json,bohorvat,4.0,0.0,1.0,1.0,22:31,1.0,True,0.0,11.0,-1.0,,assists-nan-game-ou-over,,
NYI@TOR,Matias Maccelli,NYI,f2,PP1,G,over,1.5,fanduel,3500,False,0.2203512352043513,0.2282237184721455,0.0209891171147721,0.0224000328562749,15.174308093994778,1373.88,,"pinnacle@0.5,sgo_fair@0.5",1.0777230155902748,0.0277777777777777,0.0218356665596738,-0.0059421112181039,-0.2139160038517419,-0.0014109157415027,4480,,pass,2026-09-30T22:56:39+00:00,sgo_slate_alt_20260930T225639Z.json,matiasmaccelli,1.0,0.0,0.0,0.0,17:39,0.0,True,0.0,36.0,-1.0,,points-nan-game-ou-over,,
NYI@TOR,Jack Roslovic,TOR,f1,PP2,SOG,over,4.5,draftkings,1200,True,2.19991281185797,1.8456281585303085,0.0815587309713124,0.0464064125438835,16.5629364333803,1610.1491666666666,,"draftkings@1.5,sgo_fair@1.5",1.049054075237431,0.0769230769230769,0.0604673399148551,-0.0164557370082218,-0.2139245811068836,0.0351523184274289,1554,2719.0,pass,2026-09-30T22:56:39+00:00,sgo_slate_alt_20260930T225639Z.json,jackroslovic,2.0,0.0,1.0,1.0,14:53,2.0,True,0.0,13.0,-1.0,,shots_onGoal-nan-game-ou-over,,
NYI@TOR,Tony DeAngelo,NYI,d3,PP2,PTS,over,1.5,draftkings,950,True,0.4293701622823864,0.4601727889571911,0.0695958906132974,0.078376058915597,18.18105358764759,1822.348333333333,,"draftkings@0.5,sgo_fair@0.5",1.0472579744117947,0.0952380952380952,0.0748639915946771,-0.020374103643418,-0.2139280882558895,-0.0087801683022995,1236,1905.0,pass,2026-09-30T22:56:39+00:00,sgo_slate_alt_20260930T225639Z.json,tonydeangelo,0.0,0.0,0.0,0.0,17:14,0.0,True,0.0,10.5,-1.0,,goals+assists-nan-game-ou-over,,
LAK@COL,Jaden Schwartz,COL,f3,PP2,PTS,over,1.5,draftkings,750,True,0.521084778445875,0.4982585502393144,0.0966642948014237,0.0896763497447187,15.187584345479085,1458.8583333333331,,"draftkings@0.5,sgo_fair@0.5",1.0472579744117947,0.1176470588235294,0.0924715277674007,-0.0251755310561286,-0.2139920139770936,0.006987945056705,981,1382.0,pass,2026-09-30T22:56:39+00:00,sgo_slate_alt_20260930T225639Z.json,jadenschwartz,1.0,0.0,2.0,2.0,12:49,2.0,True,1.0,8.5,7.5,,goals+assists-nan-game-ou-over,,
NYI@TOR,Morgan Rielly,TOR,d1,PP2,SOG,over,4.5,draftkings,2000,True,1.8528291404701855,1.6403602041903742,0.0470139178073546,0.0309876651870925,21.86003738855335,2459.4066666666668,,"draftkings@1.5,sgo_fair@1.5",1.049054075237431,0.0476190476190476,0.0373981662351973,-0.0102208813838502,-0.2146385090608549,0.016026252620262,2574,7966.0,pass,2026-09-30T22:56:39+00:00,sgo_slate_alt_20260930T225639Z.json,morganrielly,1.0,0.0,1.0,1.0,19:49,1.0,True,0.0,21.0,-1.0,,shots_onGoal-nan-game-ou-over,,
PIT@PHI,Sidney Crosby,PIT,f1,PP1,G,over,2.5,fanduel,12500,True,0.3676225680737126,0.3650819482254043,0.006301383433943,0.0061831873046266,18.813389423076924,2041.185,,"fanduel@0.5,pinnacle@0.5,sgo_fair@0.5",1.0777230155902748,0.0079365079365079,0.0062304657563531,-0.0017060421801547,-0.2149613146994977,0.0001181961293164,15950,,pass,2026-09-30T22:56:39+00:00,sgo_slate_alt_20260930T225639Z.json,sidneycrosby,3.0,0.0,1.0,1.0,17:39,0.0,True,0.0,126.0,-1.0,,points-nan-game-ou-over,,
PIT@PHI,Egor Chinakhov,PIT,f2,PP1,A,over,0.5,fanduel,164,False,0.3361805099919759,0.3627498739147795,0.2855058791531513,0.3042395604285397,14.739930555555556,970.55,,"draftkings@0.5,sgo_fair@0.5",1.1144430424849077,0.3787878787878788,0.2967460879183843,-0.0820417908694944,-0.2165903278954654,-0.0187336812753884,237,268.0,pass,2026-09-30T22:56:39+00:00,sgo_slate_alt_20260930T225639Z.json,egorchinakhov,3.0,1.0,0.0,1.0,16:58,0.0,True,0.0,2.6399999999999997,-1.0,,assists-nan-game-ou-over,,
LAK@COL,Quinton Byfield,LAK,f1,PP1,SOG,over,4.5,draftkings,700,True,2.1342015259682805,2.459191254511227,0.0742436502470736,0.1137010799960848,18.790998989461528,2260.741666666667,,"draftkings@2.5,fanduel@2.5,pinnacle@2.5,sgo_fair@2.5",1.049054075237431,0.125,0.0979181080964803,-0.0270818919035196,-0.2166551352281573,-0.0394574297490111,921,1271.0,pass,2026-09-30T22:56:39+00:00,sgo_slate_alt_20260930T225639Z.json,quintonbyfield,3.0,0.0,0.0,0.0,18:59,3.0,True,0.0,8.0,-1.0,,shots_onGoal-nan-game-ou-over,,
NYI@TOR,John Tavares,TOR,f2,PP1,PTS,over,2.5,draftkings,1500,True,0.8807873380757878,0.7590722915246227,0.059730695578161,0.0417198209624347,17.08891862955032,2122.2625,,"draftkings@0.5,sgo_fair@0.5",1.0472579744117947,0.0625,0.0489241708087252,-0.0135758291912747,-0.2172132670603954,0.0180108746157263,1944,4080.0,pass,2026-09-30T22:56:39+00:00,sgo_slate_alt_20260930T225639Z.json,johntavares,1.0,0.0,0.0,0.0,16:58,0.0,True,0.0,16.0,-1.0,,goals+assists-nan-game-ou-over,,
NYI@TOR,William Nylander,TOR,f2,PP1,SOG,over,5.5,draftkings,950,True,2.6257504995545338,2.8720520934455664,0.0609908470003694,0.083378593187399,17.72223436993845,2000.8358333333333,,"draftkings@2.5,fanduel@2.5,pinnacle@2.5,sgo_fair@3.0",1.049054075237431,0.0952380952380952,0.0744234947125872,-0.020814600525508,-0.2185533055178342,-0.0223877461870296,1244,1923.0,pass,2026-09-30T22:56:39+00:00,sgo_slate_alt_20260930T225639Z.json,williamnylander,1.0,0.0,0.0,0.0,17:29,1.0,True,0.0,10.5,-1.0,,shots_onGoal-nan-game-ou-over,,
LAK@COL,Gabriel Landeskog,COL,f2,PP1,G,over,1.5,fanduel,2000,True,0.2795268845249665,0.3149538076458562,0.0324967514265312,0.0403170120097118,16.206805555555555,984.8166666666668,,"fanduel@0.5,pinnacle@0.5,sgo_fair@0.5",1.0777230155902748,0.0476190476190476,0.0371889077764396,-0.0104301398426079,-0.2190329366947679,-0.0078202605831806,2589,8104.0,pass,2026-09-30T22:56:39+00:00,sgo_slate_alt_20260930T225639Z.json,gabriellandeskog,1.0,1.0,0.0,1.0,17:52,1.0,True,0.0,21.0,-1.0,,points-nan-game-ou-over,,
LAK@COL,Fedor Svechkov,COL,f3,-,G,over,1.5,fanduel,8000,False,0.1201850092913524,0.1606007145927409,0.0066688148550783,0.0115952371272506,12.889583333333334,1146.8741666666667,,sgo_fair@0.5,1.0777230155902748,0.0123456790123456,0.0096246682183816,-0.0027210107939639,-0.2204018743110825,-0.0049264222721723,10290,,pass,2026-09-30T22:56:39+00:00,sgo_slate_alt_20260930T225639Z.json,fedorsvechkov,0.0,0.0,0.0,0.0,15:28,0.0,True,0.0,81.0,-1.0,,points-nan-game-ou-over,,
PIT@PHI,Evgeni Malkin,PIT,f2,PP2,G,over,1.5,fanduel,2200,True,0.277712834324563,0.2913171268858408,0.0321142280906063,0.0350262700020439,16.83075923787529,1529.4875,,"fanduel@0.5,pinnacle@0.5,sgo_fair@0.5",1.0777230155902748,0.0434782608695652,0.0338614532374689,-0.0096168076320962,-0.2211865755382148,-0.0029120419114376,2853,11185.0,pass,2026-09-30T22:56:39+00:00,sgo_slate_alt_20260930T225639Z.json,evgenimalkin,2.0,1.0,0.0,1.0,15:47,1.0,True,0.0,23.0,-1.0,,points-nan-game-ou-over,,
LAK@COL,Jaden Schwartz,COL,f3,PP2,G,over,1.5,fanduel,3500,False,0.2529015440509269,0.2027829830682535,0.0270664055721088,0.0179813302088351,15.187584345479085,1458.8583333333331,,"pinnacle@0.5,sgo_fair@0.5",1.0777230155902748,0.0277777777777777,0.0216153603541446,-0.0061624174236331,-0.2218470272507944,0.0090850753632737,4526,,pass,2026-09-30T22:56:39+00:00,sgo_slate_alt_20260930T225639Z.json,jadenschwartz,1.0,0.0,2.0,2.0,12:49,0.0,True,0.0,36.0,-1.0,,points-nan-game-ou-over,,
NYI@TOR,Brayden Schenn,NYI,f2,PP1,PTS,over,1.5,draftkings,600,True,0.5625713374081568,0.5697829284946744,0.1097372008340141,0.1120550940811165,16.50940975192472,1989.5,,"draftkings@0.5,sgo_fair@0.5",1.0472579744117947,0.1428571428571428,0.1111279367822756,-0.0317292060748672,-0.2221044425240708,-0.0023178932471024,800,1061.0,pass,2026-09-30T22:56:39+00:00,sgo_slate_alt_20260930T225639Z.json,braydenschenn,1.0,0.0,0.0,0.0,14:27,0.0,True,0.0,7.0,-1.0,,goals+assists-nan-game-ou-over,,
PIT@PHI,Travis Konecny,PHI,f2,PP2,SOG,over,4.5,draftkings,1000,True,2.143814949348693,2.0711828002167736,0.0752918662403338,0.0675615132625734,17.79007170032192,2230.1783333333337,,"draftkings@1.5,fanduel@1.5,pinnacle@1.5,sgo_fair@2.0",1.049054075237431,0.0909090909090909,0.0706536544536776,-0.0202554364554133,-0.2228098010095462,0.0077303529777603,1315,2090.0,pass,2026-09-30T22:56:39+00:00,sgo_slate_alt_20260930T225639Z.json,traviskonecny,2.0,0.0,0.0,0.0,14:47,2.0,True,0.0,11.0,-1.0,TRAVIS_KONECNY_1_NHL,shots_onGoal-TRAVIS_KONECNY_1_NHL-game-ou-over,1000.0,1.3877787807814457e-17
PIT@PHI,Travis Konecny,PHI,f2,PP2,SOG,over,4.5,draftkings,1000,True,2.143814949348693,2.0711828002167736,0.0752918662403338,0.0675615132625734,17.79007170032192,2230.1783333333337,,"draftkings@1.5,fanduel@1.5,pinnacle@1.5,sgo_fair@2.0",1.049054075237431,0.0909090909090909,0.0706536544536776,-0.0202554364554133,-0.2228098010095462,0.0077303529777603,1315,2090.0,pass,2026-09-30T22:56:39+00:00,sgo_slate_alt_20260930T225639Z.json,traviskonecny,2.0,0.0,0.0,0.0,14:47,2.0,True,0.0,11.0,-1.0,TRAVIS_KONECNY_1_NHL,shots_onGoal-TRAVIS_KONECNY_1_NHL-game-ou-over,1600.0,-0.03208556149732619
NYI@TOR,Auston Matthews,TOR,f1,PP1,A,over,1.5,draftkings,700,True,0.5277102844158762,0.5190368444410947,0.0987208221949007,0.0960311393799775,19.35674712013165,1888.035,,"draftkings@0.5,pinnacle@0.5,sgo_fair@0.5",1.1144430424849077,0.125,0.0971070125059468,-0.0278929874940531,-0.2231438999524253,0.0026896828149231,930,1287.0,pass,2026-09-30T22:56:39+00:00,sgo_slate_alt_20260930T225639Z.json,austonmatthews,1.0,0.0,0.0,0.0,20:04,0.0,True,0.0,8.0,-1.0,,assists-nan-game-ou-over,,
NYI@TOR,Tony DeAngelo,NYI,d3,PP2,A,over,1.5,draftkings,1300,True,0.3834728892680917,0.372398857772767,0.057176294932131,0.0543082966793343,18.18105358764759,1822.348333333333,,"draftkings@0.5,sgo_fair@0.5",1.1144430424849077,0.0714285714285714,0.055455495980453,-0.0159730754481184,-0.2236230562736577,0.0028679982527967,1703,3183.0,pass,2026-09-30T22:56:39+00:00,sgo_slate_alt_20260930T225639Z.json,tonydeangelo,0.0,0.0,0.0,0.0,17:14,0.0,True,0.0,14.0,-1.0,,assists-nan-game-ou-over,,
LAK@COL,Cale Makar,COL,d1,PP1,A,over,2.5,fanduel,1060,True,0.8576926868526407,0.9650953990367924,0.056072680630747,0.073994396175973,23.81464714714715,2789.351666666667,,"draftkings@0.5,pinnacle@0.5,sgo_fair@1.0",1.1144430424849077,0.0862068965517241,0.0668257099578826,-0.0193811865938415,-0.2248217644885616,-0.0179217155452259,1396,2291.0,pass,2026-09-30T22:56:39+00:00,sgo_slate_alt_20260930T225639Z.json,calemakar,1.0,0.0,2.0,2.0,18:14,2.0,True,0.0,11.6,-1.0,,assists-nan-game-ou-over,,
PIT@PHI,Travis Konecny,PHI,f2,PP2,PTS,under,0.5,draftkings,100,False,0.8535395290243577,1.0191197854576215,0.4259047586194697,0.3609124808147699,17.79007170032192,2230.1783333333337,,"draftkings@0.5,sgo_fair@1.0",1.0472579744117947,0.5,0.3869093919366498,-0.1130906080633501,-0.2261812161267002,0.0649922778046998,158,176.0,pass,2026-09-30T22:56:39+00:00,sgo_slate_alt_20260930T225639Z.json,traviskonecny,2.0,0.0,0.0,0.0,14:47,0.0,True,1.0,2.0,1.0,TRAVIS_KONECNY_1_NHL,goals+assists-TRAVIS_KONECNY_1_NHL-game-ou-under,100.0,0.0
PIT@PHI,Travis Konecny,PHI,f2,PP2,PTS,under,0.5,draftkings,100,False,0.8535395290243577,1.0191197854576215,0.4259047586194697,0.3609124808147699,17.79007170032192,2230.1783333333337,,"draftkings@0.5,sgo_fair@1.0",1.0472579744117947,0.5,0.3869093919366498,-0.1130906080633501,-0.2261812161267002,0.0649922778046998,158,176.0,pass,2026-09-30T22:56:39+00:00,sgo_slate_alt_20260930T225639Z.json,traviskonecny,2.0,0.0,0.0,0.0,14:47,0.0,True,1.0,2.0,1.0,TRAVIS_KONECNY_1_NHL,goals+assists-TRAVIS_KONECNY_1_NHL-game-ou-under,-145.0,0.09183673469387754
LAK@COL,Drew Doughty,LAK,d1,PP2,SOG,over,1.5,fanduel,-114,False,1.3989282266323406,1.440518163632006,0.403565017010014,0.4173315018016636,22.876091617933724,1988.0616666666667,,"draftkings@1.5,pinnacle@1.5,sgo_fair@1.5",1.049054075237431,0.5327102803738317,0.4118249078850038,-0.1208853724888279,-0.2269251729176243,-0.0137664847916496,143,159.0,pass,2026-09-30T22:56:39+00:00,sgo_slate_alt_20260930T225639Z.json,drewdoughty,1.0,0.0,1.0,1.0,22:41,1.0,True,0.0,1.8771929824561404,-1.0,,shots_onGoal-nan-game-ou-over,,
LAK@COL,Martin Necas,COL,f1,PP1,SOG,over,4.5,draftkings,400,True,2.556363088540212,2.8628088231689897,0.1269976093833038,0.1727465973014545,19.35776089828269,2352.2475,,"draftkings@2.5,fanduel@2.5,pinnacle@2.5,sgo_fair@3.5",1.049054075237431,0.2,0.1544470021341942,-0.0455529978658057,-0.2277649893290286,-0.0457489879181507,547,673.0,pass,2026-09-30T22:56:39+00:00,sgo_slate_alt_20260930T225639Z.json,martinnecas,4.0,0.0,1.0,1.0,19:11,4.0,True,0.0,5.0,-1.0,,shots_onGoal-nan-game-ou-over,,
PIT@PHI,Jamie Drysdale,PHI,d2,PP1,SOG,over,3.5,draftkings,1100,True,1.3078872216235509,1.522209345285188,0.0487501857804816,0.074656072259986,20.541472602739724,2308.5825,,"draftkings@1.5,sgo_fair@1.5",1.049054075237431,0.0833333333333333,0.0642937176681843,-0.019039615665149,-0.2284753879817884,-0.0259058864795043,1455,2445.0,pass,2026-09-30T22:56:39+00:00,sgo_slate_alt_20260930T225639Z.json,jamiedrysdale,0.0,0.0,0.0,0.0,17:21,0.0,True,0.0,12.0,-1.0,JAMIE_DRYSDALE_1_NHL,shots_onGoal-JAMIE_DRYSDALE_1_NHL-game-ou-over,1100.0,2.7755575615628914e-17
PIT@PHI,Jamie Drysdale,PHI,d2,PP1,SOG,over,3.5,draftkings,1100,True,1.3078872216235509,1.522209345285188,0.0487501857804816,0.074656072259986,20.541472602739724,2308.5825,,"draftkings@1.5,sgo_fair@1.5",1.049054075237431,0.0833333333333333,0.0642937176681843,-0.019039615665149,-0.2284753879817884,-0.0259058864795043,1455,2445.0,pass,2026-09-30T22:56:39+00:00,sgo_slate_alt_20260930T225639Z.json,jamiedrysdale,0.0,0.0,0.0,0.0,17:21,0.0,True,0.0,12.0,-1.0,JAMIE_DRYSDALE_1_NHL,shots_onGoal-JAMIE_DRYSDALE_1_NHL-game-ou-over,850.0,0.021929824561403535
PIT@PHI,Egor Chinakhov,PIT,f2,PP1,PTS,over,1.5,draftkings,500,True,0.6188586726348237,0.6205277692541304,0.1281494825828703,0.1287060640793482,14.739930555555556,970.55,,"draftkings@0.5,sgo_fair@0.5",1.0472579744117947,0.1666666666666666,0.128483431480757,-0.0381832351859095,-0.2290994111154575,-0.0005565814964778,678,866.0,pass,2026-09-30T22:56:39+00:00,sgo_slate_alt_20260930T225639Z.json,egorchinakhov,3.0,1.0,0.0,1.0,16:58,1.0,True,0.0,6.0,-1.0,,goals+assists-nan-game-ou-over,,
PIT@PHI,Nick Robertson,PIT,f1,-,PTS,over,1.5,draftkings,700,True,0.4200171794088591,0.5807629310229583,0.066998256742756,0.1156084042295761,15.236584899893014,1360.1991666666663,,sgo_fair@0.5,1.0472579744117947,0.125,0.096164345234848,-0.0288356547651519,-0.2306852381212154,-0.04861014748682,940,1305.0,pass,2026-09-30T22:56:39+00:00,sgo_slate_alt_20260930T225639Z.json,nickrobertson,4.0,2.0,0.0,2.0,15:02,2.0,True,1.0,8.0,7.0,,goals+assists-nan-game-ou-over,,
PIT@PHI,Sidney Crosby,PIT,f1,PP1,PTS,over,2.5,draftkings,900,True,1.0383083920352354,0.9416197314020612,0.087481061432669,0.0698824091427221,18.813389423076924,2041.185,,"draftkings@0.5,sgo_fair@0.5",1.0472579744117947,0.1,0.0769218700587008,-0.0230781299412991,-0.2307812994129912,0.0175986522899469,1200,1826.0,pass,2026-09-30T22:56:39+00:00,sgo_slate_alt_20260930T225639Z.json,sidneycrosby,3.0,0.0,1.0,1.0,17:39,1.0,True,0.0,10.0,-1.0,,goals+assists-nan-game-ou-over,,
LAK@COL,Nathan MacKinnon,COL,f1,PP1,SOG,over,7.5,draftkings,950,True,3.989658001380116,4.1680332538125455,0.0654886709501289,0.0782260142827172,20.211023366508,2590.8675,,"draftkings@3.5,fanduel@3.5,pinnacle@3.5,sgo_fair@4.0",1.049054075237431,0.0952380952380952,0.0731310769496819,-0.0221070182884133,-0.23212369202834,-0.0127373433325883,1267,1978.0,pass,2026-09-30T22:56:39+00:00,sgo_slate_alt_20260930T225639Z.json,nathanmackinnon,8.0,2.0,0.0,2.0,17:44,8.0,True,1.0,10.5,9.5,,shots_onGoal-nan-game-ou-over,,
PIT@PHI,Evgeni Malkin,PIT,f2,PP2,SOG,over,4.5,draftkings,1100,True,2.137186161373,1.9634612706407568,0.07456827312856,0.0569130380439588,16.83075923787529,1529.4875,,"draftkings@1.5,fanduel@1.5,pinnacle@1.5,sgo_fair@2.5",1.049054075237431,0.0833333333333333,0.0639751320777993,-0.019358201255534,-0.2322984150664082,0.0176552350846012,1463,2466.0,pass,2026-09-30T22:56:39+00:00,sgo_slate_alt_20260930T225639Z.json,evgenimalkin,2.0,1.0,0.0,1.0,15:47,2.0,True,0.0,12.0,-1.0,,shots_onGoal-nan-game-ou-over,,
NYI@TOR,Kyle Palmieri,NYI,f1,PP1,G,over,2.5,fanduel,20000,True,0.3325927556950446,0.2862985470676921,0.0047881983729459,0.0031603185329161,18.330910070005388,1155.1666666666667,,"fanduel@0.5,pinnacle@0.5,sgo_fair@0.5",1.0777230155902748,0.0049751243781094,0.003811470468928,-0.0011636539091813,-0.2338944357454579,0.0016278798400297,26137,,pass,2026-09-30T22:56:39+00:00,sgo_slate_alt_20260930T225639Z.json,kylepalmieri,4.0,0.0,0.0,0.0,18:35,0.0,True,0.0,201.0,-1.0,,points-nan-game-ou-over,,
LAK@COL,Brandt Clarke,LAK,d2,PP1,A,over,0.5,fanduel,122,False,0.3935217214847194,0.4428110681182439,0.3253233375611065,0.3577714669284682,19.37295046968403,2195.145,,"draftkings@0.5,pinnacle@0.5,sgo_fair@0.5",1.1144430424849077,0.4504504504504504,0.3447922151815236,-0.1056582352689268,-0.2345612822970176,-0.0324481293673616,190,213.0,pass,2026-09-30T22:56:39+00:00,sgo_slate_alt_20260930T225639Z.json,brandtclarke,1.0,0.0,0.0,0.0,18:57,0.0,True,0.0,2.2199999999999998,-1.0,,assists-nan-game-ou-over,,
NYI@TOR,Auston Matthews,TOR,f1,PP1,PTS,over,2.5,fanduel,800,True,0.9384899061711012,1.0790770394883018,0.0693422326816638,0.0954064737095324,19.35674712013165,1888.035,,"draftkings@0.5,sgo_fair@1.0",1.0472579744117947,0.1111111111111111,0.084980777298385,-0.0261303338127261,-0.2351730043145349,-0.0260642410278685,1077,1567.0,pass,2026-09-30T22:56:39+00:00,sgo_slate_alt_20260930T225639Z.json,austonmatthews,1.0,0.0,0.0,0.0,20:04,0.0,True,0.0,9.0,-1.0,,goals+assists-nan-game-ou-over,,
NYI@TOR,John Tavares,TOR,f2,PP1,G,over,2.5,fanduel,10000,True,0.4369711400369725,0.3590479136630202,0.0100570139222783,0.0059078206480346,17.08891862955032,2122.2625,,"fanduel@0.5,pinnacle@0.5,sgo_fair@0.5",1.0777230155902748,0.0099009900990099,0.0075674979577321,-0.0023334921412777,-0.2356827062690553,0.0041491932742436,13114,,pass,2026-09-30T22:56:39+00:00,sgo_slate_alt_20260930T225639Z.json,johntavares,1.0,0.0,0.0,0.0,16:58,0.0,True,0.0,101.0,-1.0,,points-nan-game-ou-over,,
LAK@COL,Adrian Kempe,LAK,f1,PP1,G,over,2.5,fanduel,12500,True,0.3850109942120745,0.345947183290182,0.0071465255307096,0.0053356733812187,18.62954093940684,2261.9791666666665,,"fanduel@0.5,pinnacle@0.5,sgo_fair@0.5",1.0777230155902748,0.0079365079365079,0.006060014241015,-0.0018764936954928,-0.2364382056320986,0.0018108521494908,16402,,pass,2026-09-30T22:56:39+00:00,sgo_slate_alt_20260930T225639Z.json,adriankempe,3.0,0.0,0.0,0.0,19:23,0.0,True,0.0,126.0,-1.0,,points-nan-game-ou-over,,
LAK@COL,Brandt Clarke,LAK,d2,PP1,PTS,over,0.5,fanduel,-113,False,0.4555741845183585,0.5636011462404565,0.3659162176877891,0.4308442441737614,19.37295046968403,2195.145,,"draftkings@0.5,sgo_fair@0.5",1.0472579744117947,0.5305164319248826,0.4048730335793724,-0.1256433983455102,-0.236832246438882,-0.0649280264859722,147,163.0,pass,2026-09-30T22:56:39+00:00,sgo_slate_alt_20260930T225639Z.json,brandtclarke,1.0,0.0,0.0,0.0,18:57,0.0,True,0.0,1.8849557522123894,-1.0,,goals+assists-nan-game-ou-over,,
PIT@PHI,Rickard Rakell,PIT,f1,PP1,A,over,1.5,draftkings,1000,True,0.4293540536722757,0.4278668899153989,0.0695913885438469,0.0691761685469647,18.540236737515123,1840.311666666667,,"draftkings@0.5,pinnacle@0.5,sgo_fair@0.5",1.1144430424849077,0.0909090909090909,0.0693422565457176,-0.0215668343633732,-0.237235177997106,0.0004152199968821,1342,2155.0,pass,2026-09-30T22:56:39+00:00,sgo_slate_alt_20260930T225639Z.json,rickardrakell,2.0,0.0,1.0,1.0,18:32,1.0,True,0.0,11.0,-1.0,,assists-nan-game-ou-over,,
PIT@PHI,Nick Robertson,PIT,f1,-,G,over,1.5,fanduel,3300,False,0.2082603184051912,0.2411103046027354,0.0188978993910623,0.0247914356298793,15.236584899893014,1360.1991666666663,,"pinnacle@0.5,sgo_fair@0.5",1.0777230155902748,0.0294117647058823,0.0224340211343525,-0.0069777435715298,-0.2372432814320132,-0.0058935362388169,4358,,pass,2026-09-30T22:56:39+00:00,sgo_slate_alt_20260930T225639Z.json,nickrobertson,4.0,2.0,0.0,2.0,15:02,2.0,True,1.0,34.0,33.0,,points-nan-game-ou-over,,
NYI@TOR,Matthew Schaefer,NYI,d1,PP1,A,over,1.5,draftkings,650,True,0.4813529484915116,0.5724532030294635,0.084602721618732,0.1129165797652985,23.59136178861789,2023.9833333333331,,"draftkings@0.5,pinnacle@0.5,sgo_fair@0.5",1.1144430424849077,0.1333333333333333,0.1015910365066719,-0.0317422968266613,-0.2380672261999603,-0.0283138581465665,884,1206.0,pass,2026-09-30T22:56:39+00:00,sgo_slate_alt_20260930T225639Z.json,matthewschaefer,3.0,0.0,0.0,0.0,27:45,0.0,True,0.0,7.5,-1.0,,assists-nan-game-ou-over,,
NYI@TOR,Emil Heineman,NYI,f3,-,SOG,over,3.5,draftkings,550,True,1.81017411479442,1.8036624974711064,0.1176808729112323,0.1166151918146031,14.394946163178648,1680.3591666666666,,"draftkings@1.5,sgo_fair@1.5",1.049054075237431,0.1538461538461538,0.1170414642532548,-0.036804689592899,-0.2392304823538436,0.0010656810966292,754,986.0,pass,2026-09-30T22:56:39+00:00,sgo_slate_alt_20260930T225639Z.json,emilheineman,1.0,1.0,0.0,1.0,13:26,1.0,True,0.0,6.5,-1.0,,shots_onGoal-nan-game-ou-over,,
LAK@COL,Cale Makar,COL,d1,PP1,PTS,over,2.5,draftkings,650,True,1.1126958860443712,1.1067963259298566,0.1021537167772191,0.1009562053479633,23.81464714714715,2789.351666666667,,"draftkings@0.5,sgo_fair@1.5",1.0472579744117947,0.1333333333333333,0.1014352099196656,-0.0318981234136676,-0.2392359256025074,0.0011975114292557,886,1208.0,pass,2026-09-30T22:56:39+00:00,sgo_slate_alt_20260930T225639Z.json,calemakar,1.0,0.0,2.0,2.0,18:14,2.0,True,0.0,7.5,-1.0,,goals+assists-nan-game-ou-over,,
PIT@PHI,Sidney Crosby,PIT,f1,PP1,SOG,over,5.5,draftkings,1800,True,2.4079852528441497,2.295439573681033,0.0444105184782523,0.0370366100633168,18.813389423076924,2041.185,,"draftkings@2.5,fanduel@2.5,pinnacle@2.5,sgo_fair@2.5",1.049054075237431,0.0526315789473684,0.039986173429291,-0.0126454055180773,-0.2402627048434701,0.0073739084149354,2401,6573.0,pass,2026-09-30T22:56:39+00:00,sgo_slate_alt_20260930T225639Z.json,sidneycrosby,3.0,0.0,1.0,1.0,17:39,3.0,True,0.0,19.0,-1.0,,shots_onGoal-nan-game-ou-over,,
LAK@COL,Brent Burns,COL,d3,-,PTS,over,1.5,draftkings,1400,True,0.3630923670720937,0.3544379222030298,0.0519390155201848,0.0497701454490041,18.010786375105127,2321.115,,"draftkings@0.5,sgo_fair@0.5",1.0472579744117947,0.0666666666666666,0.0506376934774764,-0.0160289731891902,-0.2404345978378538,0.0021688700711806,1875,3801.0,pass,2026-09-30T22:56:39+00:00,sgo_slate_alt_20260930T225639Z.json,brentburns,0.0,0.0,1.0,1.0,15:23,1.0,True,0.0,15.0,-1.0,,goals+assists-nan-game-ou-over,,
LAK@COL,Gabriel Landeskog,COL,f2,PP1,SOG,over,4.5,draftkings,650,True,2.2425249497046167,2.43859091751729,0.0864880046942354,0.1109655859995482,16.206805555555555,984.8166666666668,,"draftkings@2.5,sgo_fair@2.5",1.049054075237431,0.1333333333333333,0.1011745534774231,-0.0321587798559102,-0.2411908489193267,-0.0244775813053127,888,1213.0,pass,2026-09-30T22:56:39+00:00,sgo_slate_alt_20260930T225639Z.json,gabriellandeskog,1.0,1.0,0.0,1.0,17:52,1.0,True,0.0,7.5,-1.0,,shots_onGoal-nan-game-ou-over,,
LAK@COL,Mats Zuccarello,LAK,f2,PP1,SOG,over,3.5,draftkings,425,True,1.9793931685884407,1.9586806431344597,0.1466812184661263,0.1430038373375683,17.496636128076993,1710.3441666666663,,"draftkings@1.5,fanduel@1.5,pinnacle@1.5,sgo_fair@2.5",1.049054075237431,0.1904761904761904,0.1444747897889916,-0.0460014006871988,-0.2415073536077941,0.0036773811285579,592,737.0,pass,2026-09-30T22:56:39+00:00,sgo_slate_alt_20260930T225639Z.json,matszuccarello,0.0,0.0,0.0,0.0,17:59,0.0,True,0.0,5.25,-1.0,,shots_onGoal-nan-game-ou-over,,
PIT@PHI,Matvei Michkov,PHI,f3,PP1,A,over,0.5,fanduel,112,False,0.4565116931723393,0.4332479850835946,0.3665103981528717,0.3516003215823157,14.45386396011396,1802.7041666666669,,"draftkings@0.5,sgo_fair@0.5",1.1144430424849077,0.4716981132075472,0.3575643522105381,-0.114133760997009,-0.241963573313659,0.0149100765705559,180,201.0,pass,2026-09-30T22:56:39+00:00,sgo_slate_alt_20260930T225639Z.json,matveimichkov,1.0,0.0,0.0,0.0,15:47,0.0,True,0.0,2.12,-1.0,MATVEI_MICHKOV_1_NHL,assists-MATVEI_MICHKOV_1_NHL-game-ou-over,108.0,0.009071117561683606
PIT@PHI,Tommy Novak,PIT,f2,PP1,PTS,over,1.5,draftkings,600,True,0.5296921538809756,0.5751142697521154,0.0993383736345664,0.113776805774079,15.020621668234558,1492.5841666666668,,"draftkings@0.5,sgo_fair@0.5",1.0472579744117947,0.1428571428571428,0.108001432918274,-0.0348557099388688,-0.2439899695720819,-0.0144384321395126,826,1105.0,pass,2026-09-30T22:56:39+00:00,sgo_slate_alt_20260930T225639Z.json,tommynovak,0.0,0.0,1.0,1.0,16:04,1.0,True,0.0,7.0,-1.0,,goals+assists-nan-game-ou-over,,
NYI@TOR,Brayden Schenn,NYI,f2,PP1,SOG,over,4.5,draftkings,1600,True,1.7653238148340504,1.8578812795063333,0.0399378296840777,0.0474428324206247,16.50940975192472,1989.5,,"draftkings@1.5,fanduel@1.5,pinnacle@1.5,sgo_fair@2.0",1.049054075237431,0.0588235294117647,0.0444408313260059,-0.0143826980857588,-0.2445058674578997,-0.007505002736547,2150,5044.0,pass,2026-09-30T22:56:39+00:00,sgo_slate_alt_20260930T225639Z.json,braydenschenn,1.0,0.0,0.0,0.0,14:27,1.0,True,0.0,17.0,-1.0,,shots_onGoal-nan-game-ou-over,,
LAK@COL,Martin Necas,COL,f1,PP1,SOG,over,5.5,draftkings,950,True,2.556363088540212,2.8628088231689897,0.0553766957865959,0.0824704547181933,19.35776089828269,2352.2475,,"draftkings@2.5,fanduel@2.5,pinnacle@2.5,sgo_fair@3.5",1.049054075237431,0.0952380952380952,0.0716329511455543,-0.0236051440925408,-0.2478540129716793,-0.0270937589315973,1296,2044.0,pass,2026-09-30T22:56:39+00:00,sgo_slate_alt_20260930T225639Z.json,martinnecas,4.0,0.0,1.0,1.0,19:11,4.0,True,0.0,10.5,-1.0,,shots_onGoal-nan-game-ou-over,,
NYI@TOR,Matthew Schaefer,NYI,d1,PP1,SOG,over,4.5,draftkings,320,True,2.8030617277803405,2.966241044314394,0.1634159929340333,0.189307848432637,23.59136178861789,2023.9833333333331,,"draftkings@2.5,fanduel@2.5,pinnacle@2.5,sgo_fair@3.5",1.049054075237431,0.238095238095238,0.1789511062331955,-0.0591441318620425,-0.2484053538205787,-0.0258918554986037,459,550.0,pass,2026-09-30T22:56:39+00:00,sgo_slate_alt_20260930T225639Z.json,matthewschaefer,3.0,0.0,0.0,0.0,27:45,3.0,True,0.0,4.2,-1.0,,shots_onGoal-nan-game-ou-over,,
LAK@COL,Alex Laferriere,LAK,f2,PP2,SOG,over,4.5,draftkings,650,True,2.3035064479336302,2.388241175899168,0.0937902269071994,0.1044070224892085,16.89103086155165,2074.2775,,"draftkings@2.5,sgo_fair@2.5",1.049054075237431,0.1333333333333333,0.1001603042564049,-0.0331730290769284,-0.2487977180769632,-0.0106167955820091,898,1230.0,pass,2026-09-30T22:56:39+00:00,sgo_slate_alt_20260930T225639Z.json,alexlaferriere,2.0,0.0,2.0,2.0,15:31,2.0,True,0.0,7.5,-1.0,,shots_onGoal-nan-game-ou-over,,
PIT@PHI,Nick Robertson,PIT,f1,-,PTS,over,0.5,fanduel,-115,False,0.4200171794088591,0.5807629310229583,0.3429644677639433,0.4405286343613158,15.236584899893014,1360.1991666666663,,sgo_fair@0.5,1.0472579744117947,0.5348837209302325,0.4015029677223667,-0.1333807532078657,-0.2493640168668796,-0.0975641665973724,149,166.0,pass,2026-09-30T22:56:39+00:00,sgo_slate_alt_20260930T225639Z.json,nickrobertson,4.0,2.0,0.0,2.0,15:02,2.0,True,1.0,1.8695652173913042,0.8695652173913042,,goals+assists-nan-game-ou-over,,
LAK@COL,Artturi Lehkonen,COL,f1,PP2,PTS,over,1.5,fanduel,430,True,0.6800806683348012,0.6433425878303737,0.148911243558657,0.1363694941543894,18.532657100445324,1926.55,,"draftkings@0.5,sgo_fair@0.5",1.0472579744117947,0.1886792452830188,0.1413861939160964,-0.0472930513669224,-0.2506531722446888,0.0125417494042676,607,759.0,pass,2026-09-30T22:56:39+00:00,sgo_slate_alt_20260930T225639Z.json,artturilehkonen,3.0,2.0,0.0,2.0,19:27,2.0,True,1.0,5.3,4.3,,goals+assists-nan-game-ou-over,,
PIT@PHI,Porter Martone,PHI,f1,PP1,SOG,over,6.5,draftkings,2000,True,2.858866874003733,2.863320513474742,0.0355198364253664,0.0357536775322454,17.520370370370372,153.36666666666667,,"draftkings@2.5,fanduel@2.5,pinnacle@2.5,sgo_fair@3.0",1.049054075237431,0.0476190476190476,0.0356601410894938,-0.0119589065295537,-0.251137037120629,-0.000233841106879,2704,9281.0,pass,2026-09-30T22:56:39+00:00,sgo_slate_alt_20260930T225639Z.json,portermartone,0.0,0.0,0.0,0.0,14:05,0.0,True,0.0,21.0,-1.0,PORTER_MARTONE_1_NHL,shots_onGoal-PORTER_MARTONE_1_NHL-game-ou-over,2000.0,1.3877787807814457e-17
LAK@COL,Brock Nelson,COL,f2,PP2,A,over,1.5,fanduel,1300,True,0.3918413067154837,0.3533171918979406,0.0593778444961484,0.049491746904689,17.712678062678066,2272.766666666667,,"draftkings@0.5,pinnacle@0.5,sgo_fair@0.5",1.1144430424849077,0.0714285714285714,0.0534461859412728,-0.0179823854872986,-0.2517533968221808,0.0098860975914594,1771,3415.0,pass,2026-09-30T22:56:39+00:00,sgo_slate_alt_20260930T225639Z.json,brocknelson,1.0,1.0,2.0,3.0,19:14,2.0,True,1.0,14.0,13.0,,assists-nan-game-ou-over,,
NYI@TOR,Morgan Rielly,TOR,d1,PP2,A,over,1.5,draftkings,1200,True,0.3851160492171728,0.3847297579584044,0.0576062734932714,0.0575050878889971,21.86003738855335,2459.4066666666668,,"draftkings@0.5,sgo_fair@0.5",1.1144430424849077,0.0769230769230769,0.0575455621307068,-0.01937751479237,-0.251907692300811,0.0001011856042742,1638,2973.0,pass,2026-09-30T22:56:39+00:00,sgo_slate_alt_20260930T225639Z.json,morganrielly,1.0,0.0,1.0,1.0,19:49,1.0,True,0.0,13.0,-1.0,,assists-nan-game-ou-over,,
PIT@PHI,Sidney Crosby,PIT,f1,PP1,PTS,over,2.5,fanduel,870,True,1.0383083920352354,0.9416197314020612,0.087481061432669,0.0698824091427221,18.813389423076924,2041.185,,"draftkings@0.5,sgo_fair@0.5",1.0472579744117947,0.1030927835051546,0.0769218700587008,-0.0261709134464537,-0.2538578604306015,0.0175986522899469,1200,1826.0,pass,2026-09-30T22:56:39+00:00,sgo_slate_alt_20260930T225639Z.json,sidneycrosby,3.0,0.0,1.0,1.0,17:39,1.0,True,0.0,9.7,-1.0,,goals+assists-nan-game-ou-over,,
LAK@COL,Quinton Byfield,LAK,f1,PP1,PTS,over,1.5,draftkings,450,True,0.5878002593048959,0.6738364210812856,0.1179007365248,0.1467632081975542,18.790998989461528,2260.741666666667,,"draftkings@0.5,sgo_fair@0.5",1.0472579744117947,0.1818181818181818,0.1352182195284525,-0.0465999622897292,-0.2562997925935109,-0.0288624716727541,640,807.0,pass,2026-09-30T22:56:39+00:00,sgo_slate_alt_20260930T225639Z.json,quintonbyfield,3.0,0.0,0.0,0.0,18:59,0.0,True,0.0,5.5,-1.0,,goals+assists-nan-game-ou-over,,
NYI@TOR,Darren Raddysh,TOR,d1,PP1,SOG,over,5.5,draftkings,1100,True,2.705706027404084,2.5881644153857963,0.0678411700605361,0.0579114338737699,21.772137732023086,2248.580833333333,,"draftkings@2.5,fanduel@2.5,pinnacle@2.5,sgo_fair@2.5",1.049054075237431,0.0833333333333333,0.0618833283484764,-0.0214500049848568,-0.2574000598182824,0.0099297361867661,1516,2611.0,pass,2026-09-30T22:56:39+00:00,sgo_slate_alt_20260930T225639Z.json,darrenraddysh,4.0,0.0,0.0,0.0,20:36,4.0,True,0.0,12.0,-1.0,,shots_onGoal-nan-game-ou-over,,
NYI@TOR,Matthew Schaefer,NYI,d1,PP1,A,over,1.5,fanduel,630,True,0.4813529484915116,0.5724532030294635,0.084602721618732,0.1129165797652985,23.59136178861789,2023.9833333333331,,"draftkings@0.5,pinnacle@0.5,sgo_fair@0.5",1.1144430424849077,0.136986301369863,0.1015910365066719,-0.035395264863191,-0.2583854335012948,-0.0283138581465665,884,1206.0,pass,2026-09-30T22:56:39+00:00,sgo_slate_alt_20260930T225639Z.json,matthewschaefer,3.0,0.0,0.0,0.0,27:45,0.0,True,0.0,7.3,-1.0,,assists-nan-game-ou-over,,
NYI@TOR,Auston Matthews,TOR,f1,PP1,SOG,over,7.5,draftkings,1500,True,3.7442061530497432,3.6315658225880094,0.0500812183554027,0.0438332804581544,19.35674712013165,1888.035,,"draftkings@3.5,fanduel@3.5,pinnacle@3.5,sgo_fair@3.5",1.049054075237431,0.0625,0.0463324556170538,-0.0161675443829461,-0.2586807101271391,0.0062479378972482,2058,4588.0,pass,2026-09-30T22:56:39+00:00,sgo_slate_alt_20260930T225639Z.json,austonmatthews,1.0,0.0,0.0,0.0,20:04,1.0,True,0.0,16.0,-1.0,,shots_onGoal-nan-game-ou-over,,
NYI@TOR,William Nylander,TOR,f2,PP1,G,over,2.5,fanduel,8000,True,0.4217549653911107,0.4217549653911107,0.0091440251520266,0.0091440251520266,17.72223436993845,2000.8358333333333,,"fanduel@0.5,pinnacle@0.5,sgo_fair@0.5",1.0777230155902748,0.0123456790123456,0.0091440251520266,-0.003201653860319,-0.2593339626858413,0.0,10836,,pass,2026-09-30T22:56:39+00:00,sgo_slate_alt_20260930T225639Z.json,williamnylander,1.0,0.0,0.0,0.0,17:29,0.0,True,0.0,81.0,-1.0,,points-nan-game-ou-over,,
NYI@TOR,Jack Roslovic,TOR,f1,PP2,PTS,over,1.5,draftkings,550,True,0.5456117379590346,0.5949874160873152,0.1043378116929157,0.120253577673473,16.5629364333803,1610.1491666666666,,sgo_fair@0.5,1.0472579744117947,0.1538461538461538,0.1138872712812501,-0.0399588825649037,-0.2597327366718741,-0.0159157659805572,778,1025.0,pass,2026-09-30T22:56:39+00:00,sgo_slate_alt_20260930T225639Z.json,jackroslovic,2.0,0.0,1.0,1.0,14:53,1.0,True,0.0,6.5,-1.0,,goals+assists-nan-game-ou-over,,
NYI@TOR,Morgan Rielly,TOR,d1,PP2,PTS,over,1.5,draftkings,750,True,0.4834960250646395,0.4933268317388351,0.0852409152683128,0.0881870674231193,21.86003738855335,2459.4066666666668,,"draftkings@0.5,sgo_fair@0.5",1.0472579744117947,0.1176470588235294,0.0870086065611967,-0.0306384522623326,-0.2604268442298278,-0.0029461521548064,1049,1513.0,pass,2026-09-30T22:56:39+00:00,sgo_slate_alt_20260930T225639Z.json,morganrielly,1.0,0.0,1.0,1.0,19:49,1.0,True,0.0,8.5,-1.0,,goals+assists-nan-game-ou-over,,
NYI@TOR,Morgan Rielly,TOR,d1,PP2,G,over,1.5,fanduel,10000,False,0.1149408542732627,0.1331752038407034,0.0061206880664284,0.0081184624735987,21.86003738855335,2459.4066666666668,,sgo_fair@0.5,1.0777230155902748,0.0099009900990099,0.0073193527107306,-0.0025816373882792,-0.2607453762162048,-0.0019977744071703,13562,,pass,2026-09-30T22:56:39+00:00,sgo_slate_alt_20260930T225639Z.json,morganrielly,1.0,0.0,1.0,1.0,19:49,0.0,True,0.0,101.0,-1.0,,points-nan-game-ou-over,,
PIT@PHI,Nick Robertson,PIT,f1,-,A,over,0.5,fanduel,144,False,0.2119562615844638,0.4737843520856415,0.190999918825598,0.3773584905660377,15.236584899893014,1360.1991666666663,,sgo_fair@0.5,1.1144430424849077,0.4098360655737705,0.3028150618698618,-0.1070210037039086,-0.2611312490375371,-0.1863585717404396,230,260.0,data-check,2026-09-30T22:56:39+00:00,sgo_slate_alt_20260930T225639Z.json,nickrobertson,4.0,2.0,0.0,2.0,15:02,0.0,True,0.0,2.44,-1.0,,assists-nan-game-ou-over,,
PIT@PHI,Tommy Novak,PIT,f2,PP1,A,over,1.5,draftkings,1400,True,0.3255327680769072,0.369139404543418,0.0427764309497652,0.0534741844466688,15.020621668234558,1492.5841666666668,,"draftkings@0.5,sgo_fair@0.5",1.1144430424849077,0.0666666666666666,0.0491950830479074,-0.0174715836187592,-0.2620737542813885,-0.0106977534969035,1933,4033.0,pass,2026-09-30T22:56:39+00:00,sgo_slate_alt_20260930T225639Z.json,tommynovak,0.0,0.0,1.0,1.0,16:04,1.0,True,0.0,15.0,-1.0,,assists-nan-game-ou-over,,
PIT@PHI,Owen Tippett,PHI,f1,PP2,G,over,2.5,fanduel,15000,True,0.3703362811061936,0.3075680690635958,0.0064291135013559,0.0038572220731789,17.293983282893787,1918.3983333333333,,"fanduel@0.5,pinnacle@0.5,sgo_fair@0.5",1.0777230155902748,0.0066225165562913,0.0048859786444497,-0.0017365379118416,-0.2622172246880838,0.0025718914281769,20367,,pass,2026-09-30T22:56:39+00:00,sgo_slate_alt_20260930T225639Z.json,owentippett,4.0,0.0,0.0,0.0,14:11,0.0,True,0.0,151.0,-1.0,OWEN_TIPPETT_1_NHL,points-OWEN_TIPPETT_1_NHL-game-ou-over,12500.0,0.0013139913802166364
PIT@PHI,Owen Tippett,PHI,f1,PP2,G,over,2.5,fanduel,15000,True,0.3703362811061936,0.3075680690635958,0.0064291135013559,0.0038572220731789,17.293983282893787,1918.3983333333333,,"fanduel@0.5,pinnacle@0.5,sgo_fair@0.5",1.0777230155902748,0.0066225165562913,0.0048859786444497,-0.0017365379118416,-0.2622172246880838,0.0025718914281769,20367,,pass,2026-09-30T22:56:39+00:00,sgo_slate_alt_20260930T225639Z.json,owentippett,4.0,0.0,0.0,0.0,14:11,0.0,True,0.0,151.0,-1.0,OWEN_TIPPETT_1_NHL,points-OWEN_TIPPETT_1_NHL-game-ou-over,22500.0,-0.002197737795229353
LAK@COL,Alex Laferriere,LAK,f2,PP2,PTS,over,1.5,draftkings,700,True,0.4599351328517968,0.535385524051745,0.0783070414750244,0.1011184572928307,16.89103086155165,2074.2775,,"draftkings@0.5,sgo_fair@0.5",1.0472579744117947,0.125,0.0919938909657081,-0.0330061090342918,-0.2640488722743346,-0.0228114158178063,987,1393.0,pass,2026-09-30T22:56:39+00:00,sgo_slate_alt_20260930T225639Z.json,alexlaferriere,2.0,0.0,2.0,2.0,15:31,2.0,True,1.0,8.0,7.0,,goals+assists-nan-game-ou-over,,
PIT@PHI,Erik Karlsson,PIT,d1,PP1,SOG,over,5.5,draftkings,2000,True,2.26391480239126,2.260387999371989,0.0351160457534998,0.0349051019060095,22.99009532320524,2627.4333333333334,,"draftkings@2.5,fanduel@2.5,pinnacle@2.5,sgo_fair@2.5",1.049054075237431,0.0476190476190476,0.0349894794450056,-0.0126295681740419,-0.2652209316548808,0.0002109438474902,2758,9911.0,pass,2026-09-30T22:56:39+00:00,sgo_slate_alt_20260930T225639Z.json,erikkarlsson,3.0,0.0,1.0,1.0,19:59,3.0,True,0.0,21.0,-1.0,,shots_onGoal-nan-game-ou-over,,
PIT@PHI,Noah Cates,PHI,f3,PP2,SOG,over,3.5,draftkings,850,True,1.539117919267638,1.5440198666735991,0.0769340587957594,0.0776006160487069,14.816801878736124,1889.245,,"draftkings@1.5,sgo_fair@1.5",1.049054075237431,0.1052631578947368,0.0773339931475279,-0.0279291647472089,-0.2653270650984846,-0.0006665572529474,1193,1811.0,pass,2026-09-30T22:56:39+00:00,sgo_slate_alt_20260930T225639Z.json,noahcates,1.0,0.0,0.0,0.0,14:17,1.0,True,0.0,9.5,-1.0,NOAH_CATES_1_NHL,shots_onGoal-NOAH_CATES_1_NHL-game-ou-over,850.0,4.163336342344337e-17
LAK@COL,Brock Nelson,COL,f2,PP2,SOG,over,4.5,draftkings,850,True,2.171272883197039,2.149457824821926,0.0783273936795858,0.0759106746894531,17.712678062678066,2272.766666666667,,"draftkings@1.5,fanduel@1.5,pinnacle@2.5,sgo_fair@2.0",1.049054075237431,0.1052631578947368,0.0768773622855062,-0.0283857956092306,-0.269665058287691,0.0024167189901326,1201,1828.0,pass,2026-09-30T22:56:39+00:00,sgo_slate_alt_20260930T225639Z.json,brocknelson,1.0,1.0,2.0,3.0,19:14,1.0,True,0.0,9.5,-1.0,,shots_onGoal-nan-game-ou-over,,
PIT@PHI,Tommy Novak,PIT,f2,PP1,SOG,over,3.5,draftkings,550,True,1.7358105722211197,1.8018267099676777,0.1057509166132392,0.1163154643984424,15.020621668234558,1492.5841666666668,,"draftkings@1.5,sgo_fair@1.5",1.049054075237431,0.1538461538461538,0.1120896452843611,-0.0417565085617926,-0.2714173056516524,-0.0105645477852032,792,1048.0,pass,2026-09-30T22:56:39+00:00,sgo_slate_alt_20260930T225639Z.json,tommynovak,0.0,0.0,1.0,1.0,16:04,0.0,True,0.0,6.5,-1.0,,shots_onGoal-nan-game-ou-over,,
PIT@PHI,Jamie Drysdale,PHI,d2,PP1,PTS,over,1.5,draftkings,650,True,0.4273893298617833,0.5812774661178435,0.0690430073487901,0.115775618121274,20.541472602739724,2308.5825,,"draftkings@0.5,sgo_fair@0.5",1.0472579744117947,0.1333333333333333,0.0970825738122804,-0.0362507595210528,-0.2718806964078964,-0.0467326107724838,930,1287.0,pass,2026-09-30T22:56:39+00:00,sgo_slate_alt_20260930T225639Z.json,jamiedrysdale,0.0,0.0,0.0,0.0,17:21,0.0,True,0.0,7.5,-1.0,JAMIE_DRYSDALE_1_NHL,goals+assists-JAMIE_DRYSDALE_1_NHL-game-ou-over,650.0,2.7755575615628914e-17
PIT@PHI,Jamie Drysdale,PHI,d2,PP1,PTS,over,1.5,draftkings,650,True,0.4273893298617833,0.5812774661178435,0.0690430073487901,0.115775618121274,20.541472602739724,2308.5825,,"draftkings@0.5,sgo_fair@0.5",1.0472579744117947,0.1333333333333333,0.0970825738122804,-0.0362507595210528,-0.2718806964078964,-0.0467326107724838,930,1287.0,pass,2026-09-30T22:56:39+00:00,sgo_slate_alt_20260930T225639Z.json,jamiedrysdale,0.0,0.0,0.0,0.0,17:21,0.0,True,0.0,7.5,-1.0,JAMIE_DRYSDALE_1_NHL,goals+assists-JAMIE_DRYSDALE_1_NHL-game-ou-over,1000.0,-0.04242424242424239
LAK@COL,Brandt Clarke,LAK,d2,PP1,PTS,over,1.5,draftkings,650,True,0.4555741845183585,0.5636011462404565,0.0770440156445872,0.1100674078007399,19.37295046968403,2195.145,,"draftkings@0.5,sgo_fair@0.5",1.0472579744117947,0.1333333333333333,0.0968580509382788,-0.0364752823950544,-0.2735646179629085,-0.0330233921561527,932,1292.0,pass,2026-09-30T22:56:39+00:00,sgo_slate_alt_20260930T225639Z.json,brandtclarke,1.0,0.0,0.0,0.0,18:57,0.0,True,0.0,7.5,-1.0,,goals+assists-nan-game-ou-over,,
LAK@COL,Devon Toews,COL,d1,PP2,PTS,over,1.5,draftkings,800,True,0.4430540763122031,0.4844917577716692,0.0734546828910998,0.0855379359705665,22.805984996738424,2362.043333333333,,"draftkings@0.5,sgo_fair@0.5",1.0472579744117947,0.1111111111111111,0.0807046347387798,-0.0304064763723312,-0.2736582873509814,-0.0120832530794666,1139,1695.0,pass,2026-09-30T22:56:39+00:00,sgo_slate_alt_20260930T225639Z.json,devontoews,0.0,0.0,2.0,2.0,20:04,2.0,True,1.0,9.0,8.0,,goals+assists-nan-game-ou-over,,
LAK@COL,Gabriel Landeskog,COL,f2,PP1,PTS,over,1.5,fanduel,390,True,0.6375339447445987,0.7031032069981124,0.1344087909259808,0.1568844025462085,16.206805555555555,984.8166666666668,,"draftkings@0.5,sgo_fair@0.5",1.0472579744117947,0.2040816326530612,0.1478941578981174,-0.0561874747549438,-0.2753186262992246,-0.0224756116202277,576,714.0,pass,2026-09-30T22:56:39+00:00,sgo_slate_alt_20260930T225639Z.json,gabriellandeskog,1.0,1.0,0.0,1.0,17:52,1.0,True,0.0,4.9,-1.0,,goals+assists-nan-game-ou-over,,
LAK@COL,Brock Nelson,COL,f2,PP2,G,over,2.5,fanduel,15000,True,0.3327038615926342,0.3323539802851173,0.0047926060567574,0.0047787342148244,17.712678062678066,2272.766666666667,,"fanduel@0.5,pinnacle@0.5,sgo_fair@0.5",1.0777230155902748,0.0066225165562913,0.0047842829515976,-0.0018382336046937,-0.2775732743087542,1.3871841932936065e-05,20802,,pass,2026-09-30T22:56:39+00:00,sgo_slate_alt_20260930T225639Z.json,brocknelson,1.0,1.0,2.0,3.0,19:14,1.0,True,0.0,151.0,-1.0,,points-nan-game-ou-over,,
PIT@PHI,Matvei Michkov,PHI,f3,PP1,SOG,over,4.5,draftkings,1100,True,2.1848627220870838,1.8506993587213365,0.0798524361068516,0.0468337701861815,14.45386396011396,1802.7041666666669,,"draftkings@1.5,sgo_fair@1.5",1.049054075237431,0.0833333333333333,0.0600412365544496,-0.0232920967788837,-0.2795051613466046,0.0330186659206701,1566,2754.0,pass,2026-09-30T22:56:39+00:00,sgo_slate_alt_20260930T225639Z.json,matveimichkov,1.0,0.0,0.0,0.0,15:47,1.0,True,0.0,12.0,-1.0,MATVEI_MICHKOV_1_NHL,shots_onGoal-MATVEI_MICHKOV_1_NHL-game-ou-over,1100.0,2.7755575615628914e-17
PIT@PHI,Matvei Michkov,PHI,f3,PP1,SOG,over,4.5,draftkings,1100,True,2.1848627220870838,1.8506993587213365,0.0798524361068516,0.0468337701861815,14.45386396011396,1802.7041666666669,,"draftkings@1.5,sgo_fair@1.5",1.049054075237431,0.0833333333333333,0.0600412365544496,-0.0232920967788837,-0.2795051613466046,0.0330186659206701,1566,2754.0,pass,2026-09-30T22:56:39+00:00,sgo_slate_alt_20260930T225639Z.json,matveimichkov,1.0,0.0,0.0,0.0,15:47,1.0,True,0.0,12.0,-1.0,MATVEI_MICHKOV_1_NHL,shots_onGoal-MATVEI_MICHKOV_1_NHL-game-ou-over,1000.0,0.007575757575757611
LAK@COL,Nazem Kadri,COL,f2,PP2,PTS,over,1.5,fanduel,440,True,0.6679977245871291,0.6112380399499037,0.1447605448967876,0.125615603901138,17.56882499268364,2179.7783333333336,,"draftkings@0.5,sgo_fair@0.5",1.0472579744117947,0.1851851851851851,0.1332735802993978,-0.0519116048857873,-0.2803226663832514,0.0191449409956496,650,824.0,pass,2026-09-30T22:56:39+00:00,sgo_slate_alt_20260930T225639Z.json,nazemkadri,2.0,0.0,2.0,2.0,17:57,2.0,True,1.0,5.4,4.4,,goals+assists-nan-game-ou-over,,
NYI@TOR,Anthony Duclair,NYI,f4,PP2,G,over,1.5,fanduel,5000,False,0.165823351258492,0.1860636941767234,0.0123192634365746,0.0153053540706066,12.074826813365934,1116.5416666666667,,sgo_fair@0.5,1.0777230155902748,0.0196078431372549,0.0141109178169938,-0.005496925320261,-0.2803431913333135,-0.0029860906340319,6987,,pass,2026-09-30T22:56:39+00:00,sgo_slate_alt_20260930T225639Z.json,anthonyduclair,4.0,0.0,0.0,0.0,12:17,0.0,True,0.0,51.0,-1.0,,points-nan-game-ou-over,,
LAK@COL,Adrian Kempe,LAK,f1,PP1,PTS,over,2.5,draftkings,1500,True,0.8165022144915082,0.7579243366881738,0.049824642953991,0.0415651558382038,18.62954093940684,2261.9791666666665,,"draftkings@0.5,sgo_fair@0.5",1.0472579744117947,0.0625,0.0448689506845187,-0.0176310493154812,-0.2820967890477006,0.0082594871157871,2129,4933.0,pass,2026-09-30T22:56:39+00:00,sgo_slate_alt_20260930T225639Z.json,adriankempe,3.0,0.0,0.0,0.0,19:23,0.0,True,0.0,16.0,-1.0,,goals+assists-nan-game-ou-over,,
LAK@COL,Devon Toews,COL,d1,PP2,A,over,1.5,draftkings,1100,True,0.3892477551692923,0.3960451558677604,0.0586924294906295,0.0604946874055653,22.805984996738424,2362.043333333333,,"draftkings@0.5,sgo_fair@0.5",1.1144430424849077,0.0833333333333333,0.059773784239591,-0.0235595490937422,-0.2827145891249076,-0.0018022579149357,1573,2776.0,pass,2026-09-30T22:56:39+00:00,sgo_slate_alt_20260930T225639Z.json,devontoews,0.0,0.0,2.0,2.0,20:04,2.0,True,1.0,12.0,11.0,,assists-nan-game-ou-over,,
NYI@TOR,Brayden Schenn,NYI,f2,PP1,A,over,1.5,draftkings,1400,True,0.3440595367221938,0.3478647522215859,0.0472140408384401,0.0481454856641717,16.50940975192472,1989.5,,"draftkings@0.5,pinnacle@0.5,sgo_fair@0.5",1.1144430424849077,0.0666666666666666,0.0477729077338791,-0.0188937589327875,-0.2834063839918133,-0.0009314448257316,1993,4291.0,pass,2026-09-30T22:56:39+00:00,sgo_slate_alt_20260930T225639Z.json,braydenschenn,1.0,0.0,0.0,0.0,14:27,0.0,True,0.0,15.0,-1.0,,assists-nan-game-ou-over,,
PIT@PHI,Tyson Foerster,PHI,f2,PP1,G,over,2.5,fanduel,15000,True,0.3522023399781958,0.316415455025257,0.0056044850213396,0.0041724228584622,16.527680162974278,1116.2733333333333,,"fanduel@0.5,pinnacle@0.5,sgo_fair@0.5",1.0777230155902748,0.0066225165562913,0.0047452477236132,-0.0018772688326781,-0.2834675937344055,0.0014320621628774,20974,,pass,2026-09-30T22:56:39+00:00,sgo_slate_alt_20260930T225639Z.json,tysonfoerster,1.0,0.0,0.0,0.0,17:08,0.0,True,0.0,151.0,-1.0,TYSON_FOERSTER_1_NHL,points-TYSON_FOERSTER_1_NHL-game-ou-over,15000.0,9.107298248878237e-17
PIT@PHI,Tyson Foerster,PHI,f2,PP1,G,over,2.5,fanduel,15000,True,0.3522023399781958,0.316415455025257,0.0056044850213396,0.0041724228584622,16.527680162974278,1116.2733333333333,,"fanduel@0.5,pinnacle@0.5,sgo_fair@0.5",1.0777230155902748,0.0066225165562913,0.0047452477236132,-0.0018772688326781,-0.2834675937344055,0.0014320621628774,20974,,pass,2026-09-30T22:56:39+00:00,sgo_slate_alt_20260930T225639Z.json,tysonfoerster,1.0,0.0,0.0,0.0,17:08,0.0,True,0.0,151.0,-1.0,TYSON_FOERSTER_1_NHL,points-TYSON_FOERSTER_1_NHL-game-ou-over,20000.0,-0.001647392178181847
PIT@PHI,Egor Chinakhov,PIT,f2,PP1,SOG,over,4.5,draftkings,750,True,2.047991151939787,2.32978944517645,0.0651858806588311,0.0970257086115389,14.739930555555556,970.55,,"draftkings@2.5,sgo_fair@2.5",1.049054075237431,0.1176470588235294,0.0842897774304558,-0.0333572813930735,-0.2835368918411255,-0.0318398279527078,1086,1587.0,pass,2026-09-30T22:56:39+00:00,sgo_slate_alt_20260930T225639Z.json,egorchinakhov,3.0,1.0,0.0,1.0,16:58,3.0,True,0.0,8.5,-1.0,,shots_onGoal-nan-game-ou-over,,
NYI@TOR,Bo Horvat,NYI,f1,PP1,A,over,1.5,draftkings,900,True,0.4097826858202507,0.4536578228076634,0.0641940261052468,0.0764910670516722,19.278630126057124,2147.205833333333,,"draftkings@0.5,pinnacle@0.5,sgo_fair@0.5",1.1144430424849077,0.1,0.0715722506731021,-0.0284277493268978,-0.2842774932689788,-0.0122970409464254,1297,2047.0,pass,2026-09-30T22:56:39+00:00,sgo_slate_alt_20260930T225639Z.json,bohorvat,4.0,0.0,1.0,1.0,22:31,1.0,True,0.0,10.0,-1.0,,assists-nan-game-ou-over,,
LAK@COL,Trevor Moore,LAK,f3,PP2,PTS,over,1.5,draftkings,950,True,0.4028926808268951,0.4374680341014961,0.0623292226980294,0.0718712139987829,15.137832260194816,1693.503333333333,,"draftkings@0.5,sgo_fair@0.5",1.0472579744117947,0.0952380952380952,0.0680544174784815,-0.0271836777596136,-0.2854286164759438,-0.0095419913007534,1369,2223.0,pass,2026-09-30T22:56:39+00:00,sgo_slate_alt_20260930T225639Z.json,trevormoore,2.0,1.0,0.0,1.0,14:56,1.0,True,0.0,10.5,-1.0,,goals+assists-nan-game-ou-over,,
LAK@COL,Brandt Clarke,LAK,d2,PP1,A,over,1.5,draftkings,950,True,0.3935217214847194,0.4428110681182439,0.0598234159125882,0.0733855642230502,19.37295046968403,2195.145,,"draftkings@0.5,pinnacle@0.5,sgo_fair@0.5",1.1144430424849077,0.0952380952380952,0.0679607048988654,-0.0272773903392297,-0.2864125985619123,-0.013562148310462,1371,2228.0,pass,2026-09-30T22:56:39+00:00,sgo_slate_alt_20260930T225639Z.json,brandtclarke,1.0,0.0,0.0,0.0,18:57,0.0,True,0.0,10.5,-1.0,,assists-nan-game-ou-over,,
PIT@PHI,Elmer Soderblom,PIT,f4,-,G,over,1.5,fanduel,10000,False,0.1255563782031282,0.122252155759748,0.0072524793174478,0.0068907850641585,10.991996699669969,811.9183333333333,,sgo_fair@0.5,1.0777230155902748,0.0099009900990099,0.0070354627654742,-0.0028655273335356,-0.2894182606871023,0.0003616942532893,14114,,pass,2026-09-30T22:56:39+00:00,sgo_slate_alt_20260930T225639Z.json,elmersoderblom,0.0,0.0,0.0,0.0,12:39,0.0,True,0.0,101.0,-1.0,,points-nan-game-ou-over,,
NYI@TOR,Kyle Palmieri,NYI,f1,PP1,A,over,1.5,fanduel,1060,True,0.4159763815294875,0.3870144094905083,0.06588625555573,0.058104438313009,18.330910070005388,1155.1666666666667,,"draftkings@0.5,pinnacle@0.5,sgo_fair@0.5",1.1144430424849077,0.0862068965517241,0.0612171652100974,-0.0249897313416267,-0.2898808835628698,0.0077818172427209,1534,2661.0,pass,2026-09-30T22:56:39+00:00,sgo_slate_alt_20260930T225639Z.json,kylepalmieri,4.0,0.0,0.0,0.0,18:35,0.0,True,0.0,11.6,-1.0,,assists-nan-game-ou-over,,
NYI@TOR,Auston Matthews,TOR,f1,PP1,A,over,1.5,fanduel,630,True,0.5277102844158762,0.5190368444410947,0.0987208221949007,0.0960311393799775,19.35674712013165,1888.035,,"draftkings@0.5,pinnacle@0.5,sgo_fair@0.5",1.1144430424849077,0.136986301369863,0.0971070125059468,-0.0398792888639161,-0.2911188087065881,0.0026896828149231,930,1287.0,pass,2026-09-30T22:56:39+00:00,sgo_slate_alt_20260930T225639Z.json,austonmatthews,1.0,0.0,0.0,0.0,20:04,0.0,True,0.0,7.3,-1.0,,assists-nan-game-ou-over,,
PIT@PHI,Egor Chinakhov,PIT,f2,PP1,PTS,over,1.5,fanduel,450,True,0.6188586726348237,0.6205277692541304,0.1281494825828703,0.1287060640793482,14.739930555555556,970.55,,"draftkings@0.5,sgo_fair@0.5",1.0472579744117947,0.1818181818181818,0.128483431480757,-0.0533347503374247,-0.293341126855836,-0.0005565814964778,678,866.0,pass,2026-09-30T22:56:39+00:00,sgo_slate_alt_20260930T225639Z.json,egorchinakhov,3.0,1.0,0.0,1.0,16:58,1.0,True,0.0,5.5,-1.0,,goals+assists-nan-game-ou-over,,
LAK@COL,Cale Makar,COL,d1,PP1,SOG,over,6.5,draftkings,2000,True,2.7498616403632345,2.8657877502754565,0.0300966901942558,0.0358836392976439,23.81464714714715,2789.351666666667,,"draftkings@2.5,fanduel@2.5,pinnacle@2.5,sgo_fair@3.0",1.049054075237431,0.0476190476190476,0.0335688596562887,-0.0140501879627589,-0.2950539472179371,-0.005786949103388,2879,11570.0,pass,2026-09-30T22:56:39+00:00,sgo_slate_alt_20260930T225639Z.json,calemakar,1.0,0.0,2.0,2.0,18:14,1.0,True,0.0,21.0,-1.0,,shots_onGoal-nan-game-ou-over,,
PIT@PHI,Christian Dvorak,PHI,f2,-,PTS,over,1.5,fanduel,630,True,0.5461256817625981,0.5033453036426875,0.1045003426353183,0.0912202163045938,16.72216638152267,2039.2425,,"draftkings@0.5,sgo_fair@0.5",1.0472579744117947,0.136986301369863,0.0965322668368836,-0.0404540345329793,-0.2953144520907493,0.0132801263307245,936,1298.0,pass,2026-09-30T22:56:39+00:00,sgo_slate_alt_20260930T225639Z.json,christiandvorak,2.0,0.0,0.0,0.0,14:58,0.0,True,0.0,7.3,-1.0,CHRISTIAN_DVORAK_1_NHL,goals+assists-CHRISTIAN_DVORAK_1_NHL-game-ou-over,600.0,0.005870841487279843
LAK@COL,Quinton Byfield,LAK,f1,PP1,PTS,over,1.5,fanduel,420,True,0.5878002593048959,0.6738364210812856,0.1179007365248,0.1467632081975542,18.790998989461528,2260.741666666667,,"draftkings@0.5,sgo_fair@0.5",1.0472579744117947,0.1923076923076923,0.1352182195284525,-0.0570894727792397,-0.2968652584520467,-0.0288624716727541,640,807.0,pass,2026-09-30T22:56:39+00:00,sgo_slate_alt_20260930T225639Z.json,quintonbyfield,3.0,0.0,0.0,0.0,18:59,0.0,True,0.0,5.2,-1.0,,goals+assists-nan-game-ou-over,,
LAK@COL,Erik Haula,LAK,f3,PP2,PTS,over,1.5,draftkings,1200,True,0.3560327536346322,0.3812458489837027,0.0501672949196047,0.0565953394349256,14.81408969210174,1807.1625,,"draftkings@0.5,sgo_fair@0.5",1.0472579744117947,0.0769230769230769,0.0540241216287973,-0.0228989552942796,-0.297686418825635,-0.0064280445153209,1751,3345.0,pass,2026-09-30T22:56:39+00:00,sgo_slate_alt_20260930T225639Z.json,erikhaula,3.0,0.0,1.0,1.0,15:26,1.0,True,0.0,13.0,-1.0,,goals+assists-nan-game-ou-over,,
PIT@PHI,Travis Konecny,PHI,f2,PP2,A,over,1.5,fanduel,630,True,0.5683656423644557,0.48435017147713,0.1115985522404582,0.0854956824604222,17.79007170032192,2230.1783333333337,,"draftkings@0.5,pinnacle@0.5,sgo_fair@0.5",1.1144430424849077,0.136986301369863,0.0959368303724366,-0.0410494709974263,-0.2996611382812127,0.0261028697800359,942,1310.0,pass,2026-09-30T22:56:39+00:00,sgo_slate_alt_20260930T225639Z.json,traviskonecny,2.0,0.0,0.0,0.0,14:47,0.0,True,0.0,7.3,-1.0,TRAVIS_KONECNY_1_NHL,assists-TRAVIS_KONECNY_1_NHL-game-ou-over,680.0,-0.008781173164734812
PIT@PHI,Travis Konecny,PHI,f2,PP2,A,over,1.5,fanduel,630,True,0.5683656423644557,0.48435017147713,0.1115985522404582,0.0854956824604222,17.79007170032192,2230.1783333333337,,"draftkings@0.5,pinnacle@0.5,sgo_fair@0.5",1.1144430424849077,0.136986301369863,0.0959368303724366,-0.0410494709974263,-0.2996611382812127,0.0261028697800359,942,1310.0,pass,2026-09-30T22:56:39+00:00,sgo_slate_alt_20260930T225639Z.json,traviskonecny,2.0,0.0,0.0,0.0,14:47,0.0,True,0.0,7.3,-1.0,TRAVIS_KONECNY_1_NHL,assists-TRAVIS_KONECNY_1_NHL-game-ou-over,700.0,-0.011986301369863006
NYI@TOR,Matias Maccelli,NYI,f2,PP1,A,over,1.5,fanduel,1100,True,0.3714301901181298,0.3970440323597065,0.0540599276516944,0.0607611195522868,15.174308093994778,1373.88,,"draftkings@0.5,pinnacle@0.5,sgo_fair@0.5",1.1144430424849077,0.0833333333333333,0.0580806427920499,-0.0252526905412834,-0.3030322864954011,-0.0067011919005923,1622,2923.0,pass,2026-09-30T22:56:39+00:00,sgo_slate_alt_20260930T225639Z.json,matiasmaccelli,1.0,0.0,0.0,0.0,17:39,0.0,True,0.0,12.0,-1.0,,assists-nan-game-ou-over,,
LAK@COL,Brandt Clarke,LAK,d2,PP1,SOG,over,3.5,draftkings,400,True,1.905935235202562,1.9549146873457488,0.1337942930992851,0.1423388334739167,19.37295046968403,2195.145,,"draftkings@1.5,fanduel@1.5,pinnacle@1.5,sgo_fair@1.5",1.049054075237431,0.2,0.1389210173240641,-0.0610789826759359,-0.3053949133796796,-0.0085445403746315,620,778.0,pass,2026-09-30T22:56:39+00:00,sgo_slate_alt_20260930T225639Z.json,brandtclarke,1.0,0.0,0.0,0.0,18:57,1.0,True,0.0,5.0,-1.0,,shots_onGoal-nan-game-ou-over,,
PIT@PHI,Hendrix Lapierre,PIT,f3,PP2,G,over,1.5,fanduel,8000,False,0.114437310076697,0.1502068166942326,0.0060691947621171,0.0102125440720481,11.234861675372413,772.7416666666667,,sgo_fair@0.5,1.0777230155902748,0.0123456790123456,0.0085552043480757,-0.0037904746642699,-0.3070284478058649,-0.004143349309931,11589,,pass,2026-09-30T22:56:39+00:00,sgo_slate_alt_20260930T225639Z.json,hendrixlapierre,1.0,1.0,1.0,2.0,13:02,1.0,True,0.0,81.0,-1.0,,points-nan-game-ou-over,,
LAK@COL,Adrian Kempe,LAK,f1,PP1,A,over,1.5,fanduel,800,True,0.447417316611769,0.4599614329420163,0.0746992963672193,0.0783146783070609,18.62954093940684,2261.9791666666665,,"draftkings@0.5,pinnacle@0.5,sgo_fair@0.5",1.1144430424849077,0.1111111111111111,0.0768685255311242,-0.0342425855799868,-0.3081832702198814,-0.0036153819398416,1201,1828.0,pass,2026-09-30T22:56:39+00:00,sgo_slate_alt_20260930T225639Z.json,adriankempe,3.0,0.0,0.0,0.0,19:23,0.0,True,0.0,9.0,-1.0,,assists-nan-game-ou-over,,
PIT@PHI,Tyson Foerster,PHI,f2,PP1,A,over,0.5,fanduel,162,False,0.2483601706406173,0.3437495285925812,0.2199210688534507,0.2908934832846077,16.527680162974278,1116.2733333333333,,"draftkings@0.5,pinnacle@0.5,sgo_fair@0.5",1.1144430424849077,0.3816793893129771,0.2625045175121449,-0.1191748718008322,-0.3122381641181804,-0.0709724144311569,281,321.0,pass,2026-09-30T22:56:39+00:00,sgo_slate_alt_20260930T225639Z.json,tysonfoerster,1.0,0.0,0.0,0.0,17:08,0.0,True,0.0,2.62,-1.0,TYSON_FOERSTER_1_NHL,assists-TYSON_FOERSTER_1_NHL-game-ou-over,150.0,0.018320610687022898
LAK@COL,Devon Toews,COL,d1,PP2,G,over,1.5,fanduel,10000,False,0.0917440999321599,0.1379594441402546,0.0039597303038099,0.008684814125242,22.805984996738424,2362.043333333333,,sgo_fair@0.5,1.0777230155902748,0.0099009900990099,0.0067947805966692,-0.0031062095023406,-0.3137271597364077,-0.0047250838214321,14617,,pass,2026-09-30T22:56:39+00:00,sgo_slate_alt_20260930T225639Z.json,devontoews,0.0,0.0,2.0,2.0,20:04,0.0,True,0.0,101.0,-1.0,,points-nan-game-ou-over,,
LAK@COL,Quinton Byfield,LAK,f1,PP1,SOG,over,4.5,fanduel,600,True,2.1342015259682805,2.459191254511227,0.0742436502470736,0.1137010799960848,18.790998989461528,2260.741666666667,,"draftkings@2.5,fanduel@2.5,pinnacle@2.5,sgo_fair@2.5",1.049054075237431,0.1428571428571428,0.0979181080964803,-0.0449390347606625,-0.3145732433246377,-0.0394574297490111,921,1271.0,pass,2026-09-30T22:56:39+00:00,sgo_slate_alt_20260930T225639Z.json,quintonbyfield,3.0,0.0,0.0,0.0,18:59,3.0,True,0.0,7.0,-1.0,,shots_onGoal-nan-game-ou-over,,
PIT@PHI,Porter Martone,PHI,f1,PP1,PTS,over,2.5,fanduel,1300,True,0.9007390304467908,0.7424955546482034,0.0629786785253092,0.0395146930556932,17.520370370370372,153.36666666666667,,"draftkings@0.5,sgo_fair@0.5",1.0472579744117947,0.0714285714285714,0.0489002872435396,-0.0225282841850317,-0.315395978590445,0.0234639854696159,1945,4084.0,pass,2026-09-30T22:56:39+00:00,sgo_slate_alt_20260930T225639Z.json,portermartone,0.0,0.0,0.0,0.0,14:05,0.0,True,0.0,14.0,-1.0,PORTER_MARTONE_1_NHL,goals+assists-PORTER_MARTONE_1_NHL-game-ou-over,1200.0,0.0054945054945055305
PIT@PHI,Porter Martone,PHI,f1,PP1,PTS,over,2.5,fanduel,1300,True,0.9007390304467908,0.7424955546482034,0.0629786785253092,0.0395146930556932,17.520370370370372,153.36666666666667,,"draftkings@0.5,sgo_fair@0.5",1.0472579744117947,0.0714285714285714,0.0489002872435396,-0.0225282841850317,-0.315395978590445,0.0234639854696159,1945,4084.0,pass,2026-09-30T22:56:39+00:00,sgo_slate_alt_20260930T225639Z.json,portermartone,0.0,0.0,0.0,0.0,14:05,0.0,True,0.0,14.0,-1.0,PORTER_MARTONE_1_NHL,goals+assists-PORTER_MARTONE_1_NHL-game-ou-over,1500.0,-0.008928571428571397
PIT@PHI,Jamie Drysdale,PHI,d2,PP1,A,over,1.5,draftkings,1000,True,0.3340815286436491,0.4444236380977365,0.0448037546442043,0.0738446209576302,20.541472602739724,2308.5825,,"draftkings@0.5,sgo_fair@0.5",1.1144430424849077,0.0909090909090909,0.0622282744322598,-0.028680816476831,-0.3154889812451416,-0.0290408663134258,1507,2586.0,pass,2026-09-30T22:56:39+00:00,sgo_slate_alt_20260930T225639Z.json,jamiedrysdale,0.0,0.0,0.0,0.0,17:21,0.0,True,0.0,11.0,-1.0,JAMIE_DRYSDALE_1_NHL,assists-JAMIE_DRYSDALE_1_NHL-game-ou-over,1000.0,1.3877787807814457e-17
PIT@PHI,Jamie Drysdale,PHI,d2,PP1,A,over,1.5,draftkings,1000,True,0.3340815286436491,0.4444236380977365,0.0448037546442043,0.0738446209576302,20.541472602739724,2308.5825,,"draftkings@0.5,sgo_fair@0.5",1.1144430424849077,0.0909090909090909,0.0622282744322598,-0.028680816476831,-0.3154889812451416,-0.0290408663134258,1507,2586.0,pass,2026-09-30T22:56:39+00:00,sgo_slate_alt_20260930T225639Z.json,jamiedrysdale,0.0,0.0,0.0,0.0,17:21,0.0,True,0.0,11.0,-1.0,JAMIE_DRYSDALE_1_NHL,assists-JAMIE_DRYSDALE_1_NHL-game-ou-over,1600.0,-0.03208556149732619
PIT@PHI,Rickard Rakell,PIT,f1,PP1,PTS,over,2.5,draftkings,1500,True,0.7974154291836085,0.745662623153935,0.0470516935887813,0.039931289999966,18.540236737515123,1840.311666666667,,"draftkings@0.5,sgo_fair@0.5",1.0472579744117947,0.0625,0.0427794514354921,-0.0197205485645078,-0.3155287770321252,0.0071204035888153,2238,5524.0,pass,2026-09-30T22:56:39+00:00,sgo_slate_alt_20260930T225639Z.json,rickardrakell,2.0,0.0,1.0,1.0,18:32,1.0,True,0.0,16.0,-1.0,,goals+assists-nan-game-ou-over,,
LAK@COL,Drew Doughty,LAK,d1,PP2,SOG,over,3.5,draftkings,1000,True,1.3989282266323406,1.440518163632006,0.0590677632066123,0.0641226038887022,22.876091617933724,1988.0616666666667,,"draftkings@1.5,pinnacle@1.5,sgo_fair@1.5",1.049054075237431,0.0909090909090909,0.0621006676158663,-0.0288084232932245,-0.3168926562254703,-0.0050548406820899,1510,2595.0,pass,2026-09-30T22:56:39+00:00,sgo_slate_alt_20260930T225639Z.json,drewdoughty,1.0,0.0,1.0,1.0,22:41,1.0,True,0.0,11.0,-1.0,,shots_onGoal-nan-game-ou-over,,
LAK@COL,Martin Necas,COL,f1,PP1,G,over,2.5,fanduel,8000,True,0.3858860049104521,0.4236935642977052,0.0071907352733098,0.0092575224945548,19.35776089828269,2352.2475,,"fanduel@0.5,pinnacle@0.5,sgo_fair@0.5",1.0777230155902748,0.0123456790123456,0.0084308076060568,-0.0039148714062888,-0.3171045839093948,-0.002066787221245,11761,,pass,2026-09-30T22:56:39+00:00,sgo_slate_alt_20260930T225639Z.json,martinnecas,4.0,0.0,1.0,1.0,19:11,0.0,True,0.0,81.0,-1.0,,points-nan-game-ou-over,,
PIT@PHI,Evgeni Malkin,PIT,f2,PP2,PTS,over,2.5,draftkings,1500,True,0.8222159802311847,0.7231705300660348,0.0506699165967782,0.0370210755544978,16.83075923787529,1529.4875,,"draftkings@0.5,sgo_fair@0.5",1.0472579744117947,0.0625,0.0424806119714099,-0.02001938802859,-0.32031020845744,0.0136488410422803,2254,5621.0,pass,2026-09-30T22:56:39+00:00,sgo_slate_alt_20260930T225639Z.json,evgenimalkin,2.0,1.0,0.0,1.0,15:47,1.0,True,0.0,16.0,-1.0,,goals+assists-nan-game-ou-over,,
NYI@TOR,Auston Matthews,TOR,f1,PP1,G,over,2.5,fanduel,5000,True,0.5074794123494213,0.4703236671265999,0.0149611066707658,0.0122375200914858,19.35674712013165,1888.035,,"fanduel@0.5,pinnacle@0.5,sgo_fair@0.5",1.0777230155902748,0.0196078431372549,0.0133269547231978,-0.006280888414057,-0.3203253091169094,0.0027235865792799,7404,,pass,2026-09-30T22:56:39+00:00,sgo_slate_alt_20260930T225639Z.json,austonmatthews,1.0,0.0,0.0,0.0,20:04,0.0,True,0.0,51.0,-1.0,,points-nan-game-ou-over,,
LAK@COL,Quinton Byfield,LAK,f1,PP1,SOG,over,5.5,draftkings,1600,True,2.1342015259682805,2.459191254511227,0.0278708451890698,0.0480347313579229,18.790998989461528,2260.741666666667,,"draftkings@2.5,fanduel@2.5,pinnacle@2.5,sgo_fair@2.5",1.049054075237431,0.0588235294117647,0.0399691768903816,-0.018854352521383,-0.3205239928635112,-0.020163886168853,2402,6580.0,pass,2026-09-30T22:56:39+00:00,sgo_slate_alt_20260930T225639Z.json,quintonbyfield,3.0,0.0,0.0,0.0,18:59,3.0,True,0.0,17.0,-1.0,,shots_onGoal-nan-game-ou-over,,
LAK@COL,Scott Laughton,LAK,f3,-,G,over,1.5,fanduel,5000,False,0.1669098694901654,0.1752725048565433,0.0124723196095579,0.0136780586252186,13.971408333333333,1444.2816666666663,,sgo_fair@0.5,1.0777230155902748,0.0196078431372549,0.0131957630189543,-0.0064120801183005,-0.3270160860333275,-0.0012057390156606,7478,,pass,2026-09-30T22:56:39+00:00,sgo_slate_alt_20260930T225639Z.json,scottlaughton,3.0,0.0,0.0,0.0,15:07,0.0,True,0.0,51.0,-1.0,,points-nan-game-ou-over,,
LAK@COL,Alex Laferriere,LAK,f2,PP2,PTS,over,1.5,fanduel,630,True,0.4599351328517968,0.535385524051745,0.0783070414750244,0.1011184572928307,16.89103086155165,2074.2775,,"draftkings@0.5,sgo_fair@0.5",1.0472579744117947,0.136986301369863,0.0919938909657081,-0.0449924104041548,-0.3284445959503304,-0.0228114158178063,987,1393.0,pass,2026-09-30T22:56:39+00:00,sgo_slate_alt_20260930T225639Z.json,alexlaferriere,2.0,0.0,2.0,2.0,15:31,2.0,True,1.0,7.3,6.3,,goals+assists-nan-game-ou-over,,
PIT@PHI,Noah Cates,PHI,f3,PP2,G,over,2.5,fanduel,40000,True,0.2507831498609725,0.2109793164962348,0.0021806088954942,0.0013372565833207,14.816801878736124,1889.245,,"pinnacle@0.5,sgo_fair@0.5",1.0777230155902748,0.0024937655860349,0.0016745975081901,-0.0008191680778447,-0.3284863992157355,0.0008433523121735,59616,,pass,2026-09-30T22:56:39+00:00,sgo_slate_alt_20260930T225639Z.json,noahcates,1.0,0.0,0.0,0.0,14:17,0.0,True,0.0,401.0,-1.0,NOAH_CATES_1_NHL,points-NOAH_CATES_1_NHL-game-ou-over,35000.0,0.00035523726296794907
PIT@PHI,Noah Cates,PHI,f3,PP2,G,over,2.5,fanduel,40000,True,0.2507831498609725,0.2109793164962348,0.0021806088954942,0.0013372565833207,14.816801878736124,1889.245,,"pinnacle@0.5,sgo_fair@0.5",1.0777230155902748,0.0024937655860349,0.0016745975081901,-0.0008191680778447,-0.3284863992157355,0.0008433523121735,59616,,pass,2026-09-30T22:56:39+00:00,sgo_slate_alt_20260930T225639Z.json,noahcates,1.0,0.0,0.0,0.0,14:17,0.0,True,0.0,401.0,-1.0,NOAH_CATES_1_NHL,points-NOAH_CATES_1_NHL-game-ou-over,35000.0,0.00035523726296794907
PIT@PHI,Ville Koivunen,PIT,f3,PP2,G,over,1.5,fanduel,5000,False,0.1204846293044838,0.1994658760393367,0.006700781816393,0.017435729031103,13.345999608763693,561.9791666666666,,sgo_fair@0.5,1.0777230155902748,0.0196078431372549,0.013141750145219,-0.0064660929920358,-0.3297707425938272,-0.01073494721471,7509,,pass,2026-09-30T22:56:39+00:00,sgo_slate_alt_20260930T225639Z.json,villekoivunen,2.0,1.0,0.0,1.0,13:50,1.0,True,0.0,51.0,-1.0,,points-nan-game-ou-over,,
NYI@TOR,Brayden Schenn,NYI,f2,PP1,A,over,1.5,fanduel,1300,True,0.3440595367221938,0.3478647522215859,0.0472140408384401,0.0481454856641717,16.50940975192472,1989.5,,"draftkings@0.5,pinnacle@0.5,sgo_fair@0.5",1.1144430424849077,0.0714285714285714,0.0477729077338791,-0.0236556636946923,-0.3311792917256924,-0.0009314448257316,1993,4291.0,pass,2026-09-30T22:56:39+00:00,sgo_slate_alt_20260930T225639Z.json,braydenschenn,1.0,0.0,0.0,0.0,14:27,0.0,True,0.0,14.0,-1.0,,assists-nan-game-ou-over,,
NYI@TOR,William Nylander,TOR,f2,PP1,SOG,over,6.5,draftkings,2000,True,2.6257504995545338,2.8720520934455664,0.0246103079938664,0.0362149537420212,17.72223436993845,2000.8358333333333,,"draftkings@2.5,fanduel@2.5,pinnacle@2.5,sgo_fair@3.0",1.049054075237431,0.0476190476190476,0.0315730954427593,-0.0160459521762883,-0.3369649957020547,-0.0116046457481547,3067,15114.0,pass,2026-09-30T22:56:39+00:00,sgo_slate_alt_20260930T225639Z.json,williamnylander,1.0,0.0,0.0,0.0,17:29,1.0,True,0.0,21.0,-1.0,,shots_onGoal-nan-game-ou-over,,
LAK@COL,Drew Doughty,LAK,d1,PP2,SOG,over,2.5,fanduel,275,True,1.3989282266323406,1.440518163632006,0.1705092627383296,0.1805210703016381,22.876091617933724,1988.0616666666667,,"draftkings@1.5,pinnacle@1.5,sgo_fair@1.5",1.049054075237431,0.2666666666666666,0.1765163472763147,-0.0901503193903519,-0.3380636977138197,-0.0100118075633085,467,560.0,pass,2026-09-30T22:56:39+00:00,sgo_slate_alt_20260930T225639Z.json,drewdoughty,1.0,0.0,1.0,1.0,22:41,1.0,True,0.0,3.75,-1.0,,shots_onGoal-nan-game-ou-over,,
NYI@TOR,Darren Raddysh,TOR,d1,PP1,PTS,over,2.5,fanduel,1500,True,0.8589631358219288,0.6735215396940623,0.0562710463388516,0.0309995574326652,21.772137732023086,2248.580833333333,,"draftkings@0.5,sgo_fair@0.5",1.0472579744117947,0.0625,0.0411081529951398,-0.0213918470048601,-0.3422695520777623,0.0252714889061864,2333,6108.0,pass,2026-09-30T22:56:39+00:00,sgo_slate_alt_20260930T225639Z.json,darrenraddysh,4.0,0.0,0.0,0.0,20:36,0.0,True,0.0,16.0,-1.0,,goals+assists-nan-game-ou-over,,
LAK@COL,Gabriel Landeskog,COL,f2,PP1,A,over,1.5,fanduel,900,True,0.4030889953177559,0.4229062255299295,0.0623820953179214,0.067797122001297,16.206805555555555,984.8166666666668,,"draftkings@0.5,pinnacle@0.5,sgo_fair@0.5",1.1144430424849077,0.1,0.0656311113279468,-0.0343688886720531,-0.3436888867205316,-0.0054150266833756,1424,2361.0,pass,2026-09-30T22:56:39+00:00,sgo_slate_alt_20260930T225639Z.json,gabriellandeskog,1.0,1.0,0.0,1.0,17:52,0.0,True,0.0,10.0,-1.0,,assists-nan-game-ou-over,,
LAK@COL,Quinton Byfield,LAK,f1,PP1,A,over,1.5,draftkings,1100,True,0.3345359915719311,0.3979287098877727,0.0449125117773324,0.0609974289772515,18.790998989461528,2260.741666666667,,"draftkings@0.5,pinnacle@0.5,sgo_fair@0.5",1.1144430424849077,0.0833333333333333,0.0545634620972839,-0.0287698712360494,-0.3452384548325928,-0.0160849171999191,1733,3283.0,pass,2026-09-30T22:56:39+00:00,sgo_slate_alt_20260930T225639Z.json,quintonbyfield,3.0,0.0,0.0,0.0,18:59,0.0,True,0.0,12.0,-1.0,,assists-nan-game-ou-over,,
LAK@COL,Alex Laferriere,LAK,f2,PP2,SOG,over,5.5,draftkings,1500,True,2.3035064479336302,2.388241175899168,0.0375382077619074,0.0430581675464105,16.89103086155165,2074.2775,,"draftkings@2.5,sgo_fair@2.5",1.049054075237431,0.0625,0.0408501836326093,-0.0216498163673906,-0.3463970618782511,-0.005519959784503,2348,6209.0,pass,2026-09-30T22:56:39+00:00,sgo_slate_alt_20260930T225639Z.json,alexlaferriere,2.0,0.0,2.0,2.0,15:31,2.0,True,0.0,16.0,-1.0,,shots_onGoal-nan-game-ou-over,,
LAK@COL,Martin Necas,COL,f1,PP1,A,over,2.5,draftkings,1500,True,0.8244862179959197,0.6990938970844605,0.051007697088499,0.0340314373278017,19.35776089828269,2352.2475,,"draftkings@0.5,pinnacle@0.5,sgo_fair@0.5",1.1144430424849077,0.0625,0.0408219412320806,-0.0216780587679193,-0.3468489402867093,0.0169762597606972,2350,6220.0,pass,2026-09-30T22:56:39+00:00,sgo_slate_alt_20260930T225639Z.json,martinnecas,4.0,0.0,1.0,1.0,19:11,1.0,True,0.0,16.0,-1.0,,assists-nan-game-ou-over,,
PIT@PHI,Tommy Novak,PIT,f2,PP1,SOG,over,4.5,draftkings,1500,True,1.7358105722211197,1.8018267099676777,0.0377017607395644,0.0428084683913184,15.020621668234558,1492.5841666666668,,"draftkings@1.5,sgo_fair@1.5",1.049054075237431,0.0625,0.0407657853306168,-0.0217342146693831,-0.3477474347101306,-0.005106707651754,2353,6243.0,pass,2026-09-30T22:56:39+00:00,sgo_slate_alt_20260930T225639Z.json,tommynovak,0.0,0.0,1.0,1.0,16:04,0.0,True,0.0,16.0,-1.0,,shots_onGoal-nan-game-ou-over,,
NYI@TOR,John Tavares,TOR,f2,PP1,SOG,over,5.5,draftkings,1500,True,2.490911008597741,2.248941772184448,0.0503644963293493,0.0342259007811249,17.08891862955032,2122.2625,,"draftkings@2.5,fanduel@2.5,pinnacle@2.5,sgo_fair@2.5",1.049054075237431,0.0625,0.0406813390004146,-0.0218186609995853,-0.3490985759933651,0.0161385955482244,2358,6277.0,pass,2026-09-30T22:56:39+00:00,sgo_slate_alt_20260930T225639Z.json,johntavares,1.0,0.0,0.0,0.0,16:58,1.0,True,0.0,16.0,-1.0,,shots_onGoal-nan-game-ou-over,,
PIT@PHI,Matvei Michkov,PHI,f3,PP1,G,over,2.5,fanduel,20000,True,0.2989256000805665,0.2815494979305065,0.0035637850701597,0.0030162135183827,14.45386396011396,1802.7041666666669,,"fanduel@0.5,pinnacle@0.5,sgo_fair@0.5",1.0777230155902748,0.0049751243781094,0.0032352421390935,-0.0017398822390159,-0.3497163300421964,0.0005475715517769,30810,,pass,2026-09-30T22:56:39+00:00,sgo_slate_alt_20260930T225639Z.json,matveimichkov,1.0,0.0,0.0,0.0,15:47,0.0,True,0.0,201.0,-1.0,MATVEI_MICHKOV_1_NHL,points-MATVEI_MICHKOV_1_NHL-game-ou-over,15000.0,0.001647392178181991
PIT@PHI,Matvei Michkov,PHI,f3,PP1,G,over,2.5,fanduel,20000,True,0.2989256000805665,0.2815494979305065,0.0035637850701597,0.0030162135183827,14.45386396011396,1802.7041666666669,,"fanduel@0.5,pinnacle@0.5,sgo_fair@0.5",1.0777230155902748,0.0049751243781094,0.0032352421390935,-0.0017398822390159,-0.3497163300421964,0.0005475715517769,30810,,pass,2026-09-30T22:56:39+00:00,sgo_slate_alt_20260930T225639Z.json,matveimichkov,1.0,0.0,0.0,0.0,15:47,0.0,True,0.0,201.0,-1.0,MATVEI_MICHKOV_1_NHL,points-MATVEI_MICHKOV_1_NHL-game-ou-over,35000.0,-0.0021261215291065506
LAK@COL,Alex Turcotte,LAK,f2,PP2,PTS,over,1.5,draftkings,1200,True,0.3129555047397701,0.3818017278357737,0.039858681164815,0.0567401526094738,13.5633279337653,1030.3283333333334,,"draftkings@0.5,sgo_fair@0.5",1.0472579744117947,0.0769230769230769,0.0499875640316102,-0.0269355128914666,-0.3501616675890662,-0.0168814714446587,1900,3902.0,pass,2026-09-30T22:56:39+00:00,sgo_slate_alt_20260930T225639Z.json,alexturcotte,1.0,0.0,1.0,1.0,15:35,1.0,True,0.0,13.0,-1.0,,goals+assists-nan-game-ou-over,,
LAK@COL,Nathan MacKinnon,COL,f1,PP1,G,over,2.5,fanduel,3500,True,0.5051771055979473,0.5691816642462283,0.0147832369421764,0.0201803507124233,20.211023366508,2590.8675,,"fanduel@0.5,pinnacle@0.5,sgo_fair@0.5",1.0777230155902748,0.0277777777777777,0.0180215052043246,-0.0097562725734531,-0.3512258126443135,-0.0053971137702469,5449,,pass,2026-09-30T22:56:39+00:00,sgo_slate_alt_20260930T225639Z.json,nathanmackinnon,8.0,2.0,0.0,2.0,17:44,2.0,True,0.0,36.0,-1.0,,points-nan-game-ou-over,,
NYI@TOR,Matthew Schaefer,NYI,d1,PP1,SOG,over,5.5,draftkings,650,True,2.8030617277803405,2.966241044314394,0.0767264549818816,0.092925712371612,23.59136178861789,2023.9833333333331,,"draftkings@2.5,fanduel@2.5,pinnacle@2.5,sgo_fair@3.5",1.049054075237431,0.1333333333333333,0.0864460094157198,-0.0468873239176134,-0.3516549293821008,-0.0161992573897304,1057,1527.0,pass,2026-09-30T22:56:39+00:00,sgo_slate_alt_20260930T225639Z.json,matthewschaefer,3.0,0.0,0.0,0.0,27:45,3.0,True,0.0,7.5,-1.0,,shots_onGoal-nan-game-ou-over,,
PIT@PHI,Jamie Drysdale,PHI,d2,PP1,G,over,1.5,fanduel,6500,False,0.1062299788555972,0.1696101780741898,0.0052582864457632,0.0128563083648426,20.541472602739724,2308.5825,,sgo_fair@0.5,1.0777230155902748,0.0151515151515151,0.0098170995972108,-0.0053344155543042,-0.3520714265840823,-0.0075980219190794,10086,,pass,2026-09-30T22:56:39+00:00,sgo_slate_alt_20260930T225639Z.json,jamiedrysdale,0.0,0.0,0.0,0.0,17:21,0.0,True,0.0,66.0,-1.0,JAMIE_DRYSDALE_1_NHL,points-JAMIE_DRYSDALE_1_NHL-game-ou-over,8000.0,-0.0028058361391694216
PIT@PHI,Jamie Drysdale,PHI,d2,PP1,G,over,1.5,fanduel,6500,False,0.1062299788555972,0.1696101780741898,0.0052582864457632,0.0128563083648426,20.541472602739724,2308.5825,,sgo_fair@0.5,1.0777230155902748,0.0151515151515151,0.0098170995972108,-0.0053344155543042,-0.3520714265840823,-0.0075980219190794,10086,,pass,2026-09-30T22:56:39+00:00,sgo_slate_alt_20260930T225639Z.json,jamiedrysdale,0.0,0.0,0.0,0.0,17:21,0.0,True,0.0,66.0,-1.0,JAMIE_DRYSDALE_1_NHL,points-JAMIE_DRYSDALE_1_NHL-game-ou-over,10000.0,-0.005250525052505199
PIT@PHI,Tyson Foerster,PHI,f2,PP1,PTS,over,1.5,fanduel,400,True,0.6241376615026002,0.6197100441035225,0.129911768031942,0.1284333119926158,16.527680162974278,1116.2733333333333,,"draftkings@0.5,sgo_fair@0.5",1.0472579744117947,0.2,0.1290246944083463,-0.0709753055916537,-0.3548765279582685,0.0014784560393261,675,861.0,pass,2026-09-30T22:56:39+00:00,sgo_slate_alt_20260930T225639Z.json,tysonfoerster,1.0,0.0,0.0,0.0,17:08,0.0,True,0.0,5.0,-1.0,TYSON_FOERSTER_1_NHL,goals+assists-TYSON_FOERSTER_1_NHL-game-ou-over,400.0,0.0
LAK@COL,Nathan MacKinnon,COL,f1,PP1,A,over,2.5,fanduel,700,True,1.000345352338139,1.0013487503168603,0.0803649320517953,0.0805496530574689,20.211023366508,2590.8675,,"draftkings@0.5,pinnacle@0.5,sgo_fair@1.0",1.1144430424849077,0.125,0.0804757646551995,-0.0445242353448004,-0.3561938827584037,-0.0001847210056735,1143,1703.0,pass,2026-09-30T22:56:39+00:00,sgo_slate_alt_20260930T225639Z.json,nathanmackinnon,8.0,2.0,0.0,2.0,17:44,0.0,True,0.0,8.0,-1.0,,assists-nan-game-ou-over,,
NYI@TOR,Matthew Schaefer,NYI,d1,PP1,PTS,over,2.5,draftkings,1500,True,0.7259272946813883,0.7610323454253813,0.0373716961439282,0.041984572451553,23.59136178861789,2023.9833333333331,,"draftkings@0.5,sgo_fair@0.5",1.0472579744117947,0.0625,0.0401394219285031,-0.0223605780714968,-0.3577692491439498,-0.0046128763076248,2391,6505.0,pass,2026-09-30T22:56:39+00:00,sgo_slate_alt_20260930T225639Z.json,matthewschaefer,3.0,0.0,0.0,0.0,27:45,0.0,True,0.0,16.0,-1.0,,goals+assists-nan-game-ou-over,,
NYI@TOR,Jack Roslovic,TOR,f1,PP2,PTS,over,1.5,fanduel,460,True,0.5456117379590346,0.5949874160873152,0.1043378116929157,0.120253577673473,16.5629364333803,1610.1491666666666,,sgo_fair@0.5,1.0472579744117947,0.1785714285714285,0.1138872712812501,-0.0646841572901784,-0.3622312808249993,-0.0159157659805572,778,1025.0,pass,2026-09-30T22:56:39+00:00,sgo_slate_alt_20260930T225639Z.json,jackroslovic,2.0,0.0,1.0,1.0,14:53,1.0,True,0.0,5.6,-1.0,,goals+assists-nan-game-ou-over,,
PIT@PHI,Evgeni Malkin,PIT,f2,PP2,PTS,over,2.5,fanduel,1400,True,0.8222159802311847,0.7231705300660348,0.0506699165967782,0.0370210755544978,16.83075923787529,1529.4875,,"draftkings@0.5,sgo_fair@0.5",1.0472579744117947,0.0666666666666666,0.0424806119714099,-0.0241860546952566,-0.36279082042885,0.0136488410422803,2254,5621.0,pass,2026-09-30T22:56:39+00:00,sgo_slate_alt_20260930T225639Z.json,evgenimalkin,2.0,1.0,0.0,1.0,15:47,1.0,True,0.0,15.0,-1.0,,goals+assists-nan-game-ou-over,,
NYI@TOR,John Tavares,TOR,f2,PP1,PTS,over,2.5,fanduel,1200,True,0.8807873380757878,0.7590722915246227,0.059730695578161,0.0417198209624347,17.08891862955032,2122.2625,,"draftkings@0.5,sgo_fair@0.5",1.0472579744117947,0.0769230769230769,0.0489241708087252,-0.0279989061143516,-0.3639857794865713,0.0180108746157263,1944,4080.0,pass,2026-09-30T22:56:39+00:00,sgo_slate_alt_20260930T225639Z.json,johntavares,1.0,0.0,0.0,0.0,16:58,0.0,True,0.0,13.0,-1.0,,goals+assists-nan-game-ou-over,,
LAK@COL,Martin Necas,COL,f1,PP1,SOG,over,6.5,draftkings,2000,True,2.556363088540212,2.8628088231689897,0.0218525120867718,0.0357267615518527,19.35776089828269,2352.2475,,"draftkings@2.5,fanduel@2.5,pinnacle@2.5,sgo_fair@3.5",1.049054075237431,0.0476190476190476,0.0301770617658203,-0.0174419858532272,-0.3662817029177716,-0.0138742494650809,3214,19216.0,pass,2026-09-30T22:56:39+00:00,sgo_slate_alt_20260930T225639Z.json,martinnecas,4.0,0.0,1.0,1.0,19:11,4.0,True,0.0,21.0,-1.0,,shots_onGoal-nan-game-ou-over,,
NYI@TOR,Bo Horvat,NYI,f1,PP1,G,over,2.5,fanduel,7500,True,0.4136074900220949,0.4027431987249163,0.0086759778026845,0.0080742452779441,19.278630126057124,2147.205833333333,,"fanduel@0.5,pinnacle@0.5,sgo_fair@0.5",1.0777230155902748,0.0131578947368421,0.0083149382878403,-0.0048429564490017,-0.368064690124136,0.0006017325247404,11927,,pass,2026-09-30T22:56:39+00:00,sgo_slate_alt_20260930T225639Z.json,bohorvat,4.0,0.0,1.0,1.0,22:31,0.0,True,0.0,76.0,-1.0,,points-nan-game-ou-over,,
PIT@PHI,Matvei Michkov,PHI,f3,PP1,PTS,over,1.5,fanduel,320,True,0.7178702648571117,0.6613131870978731,0.1620400394070127,0.1424748928543932,14.45386396011396,1802.7041666666669,,"draftkings@0.5,sgo_fair@0.5",1.0472579744117947,0.238095238095238,0.150300951475441,-0.087794286619797,-0.3687360038031477,0.0195651465526195,565,698.0,pass,2026-09-30T22:56:39+00:00,sgo_slate_alt_20260930T225639Z.json,matveimichkov,1.0,0.0,0.0,0.0,15:47,0.0,True,0.0,4.2,-1.0,MATVEI_MICHKOV_1_NHL,goals+assists-MATVEI_MICHKOV_1_NHL-game-ou-over,310.0,0.00580720092915224
LAK@COL,Mats Zuccarello,LAK,f2,PP1,SOG,over,4.5,draftkings,1000,True,1.9793931685884407,1.9586806431344597,0.0584256267294279,0.0564634125349281,17.496636128076993,1710.3441666666663,,"draftkings@1.5,fanduel@1.5,pinnacle@1.5,sgo_fair@2.5",1.049054075237431,0.0909090909090909,0.057248298212728,-0.0336607926963628,-0.3702687196599915,0.0019622141944997,1647,3001.0,pass,2026-09-30T22:56:39+00:00,sgo_slate_alt_20260930T225639Z.json,matszuccarello,0.0,0.0,0.0,0.0,17:59,0.0,True,0.0,11.0,-1.0,,shots_onGoal-nan-game-ou-over,,
PIT@PHI,Erik Karlsson,PIT,d1,PP1,PTS,over,2.5,fanduel,1400,True,0.7767978030575075,0.745662623153935,0.0441447730274407,0.039931289999966,22.99009532320524,2627.4333333333334,,"draftkings@0.5,sgo_fair@0.5",1.0472579744117947,0.0666666666666666,0.0416166832109559,-0.0250499834557107,-0.3757497518356613,0.0042134830274747,2303,5918.0,pass,2026-09-30T22:56:39+00:00,sgo_slate_alt_20260930T225639Z.json,erikkarlsson,3.0,0.0,1.0,1.0,19:59,1.0,True,0.0,15.0,-1.0,,goals+assists-nan-game-ou-over,,
LAK@COL,Gabriel Landeskog,COL,f2,PP1,SOG,over,5.5,draftkings,1400,True,2.2425249497046167,2.43859091751729,0.0338487543914227,0.0465563964771391,16.206805555555555,984.8166666666668,,"draftkings@2.5,sgo_fair@2.5",1.049054075237431,0.0666666666666666,0.0414733396428526,-0.025193327023814,-0.3778999053572107,-0.0127076420857164,2311,5970.0,pass,2026-09-30T22:56:39+00:00,sgo_slate_alt_20260930T225639Z.json,gabriellandeskog,1.0,1.0,0.0,1.0,17:52,1.0,True,0.0,15.0,-1.0,,shots_onGoal-nan-game-ou-over,,
PIT@PHI,Tyson Foerster,PHI,f2,PP1,A,over,1.5,draftkings,1500,True,0.2483601706406173,0.3437495285925812,0.0261805324007434,0.0471384524417642,16.527680162974278,1116.2733333333333,,"draftkings@0.5,pinnacle@0.5,sgo_fair@0.5",1.1144430424849077,0.0625,0.0387552844253559,-0.023744715574644,-0.3799154491943051,-0.0209579200410208,2480,7170.0,pass,2026-09-30T22:56:39+00:00,sgo_slate_alt_20260930T225639Z.json,tysonfoerster,1.0,0.0,0.0,0.0,17:08,0.0,True,0.0,16.0,-1.0,TYSON_FOERSTER_1_NHL,assists-TYSON_FOERSTER_1_NHL-game-ou-over,1500.0,0.0
NYI@TOR,Jack Roslovic,TOR,f1,PP2,G,over,2.5,fanduel,22500,True,0.3014681374704676,0.2482564250522603,0.0036486399805949,0.0021193209814389,16.5629364333803,1610.1491666666666,,"pinnacle@0.5,sgo_fair@0.5",1.0777230155902748,0.0044247787610619,0.0027310485811013,-0.0016937301799605,-0.3827830206710882,0.0015293189991559,36516,,pass,2026-09-30T22:56:39+00:00,sgo_slate_alt_20260930T225639Z.json,jackroslovic,2.0,0.0,1.0,1.0,14:53,0.0,True,0.0,226.0,-1.0,,points-nan-game-ou-over,,
LAK@COL,Nazem Kadri,COL,f2,PP2,A,over,1.5,fanduel,1000,True,0.4269966481251803,0.3447852750930656,0.0689335771340695,0.0473911702522777,17.56882499268364,2179.7783333333336,,"draftkings@0.5,pinnacle@0.5,sgo_fair@0.5",1.1144430424849077,0.0909090909090909,0.0560081330049944,-0.0349009579040964,-0.3839105369450606,0.0215424068817917,1685,3125.0,pass,2026-09-30T22:56:39+00:00,sgo_slate_alt_20260930T225639Z.json,nazemkadri,2.0,0.0,2.0,2.0,17:57,2.0,True,1.0,11.0,10.0,,assists-nan-game-ou-over,,
PIT@PHI,Travis Konecny,PHI,f2,PP2,G,over,2.5,fanduel,12500,True,0.3268530725549238,0.3397959396150491,0.0045638289505357,0.0050790519135595,17.79007170032192,2230.1783333333337,,"fanduel@0.5,pinnacle@0.5,sgo_fair@0.5",1.0777230155902748,0.0079365079365079,0.00487296272835,-0.0030635452081579,-0.3860066962278963,-0.0005152229630237,20421,,pass,2026-09-30T22:56:39+00:00,sgo_slate_alt_20260930T225639Z.json,traviskonecny,2.0,0.0,0.0,0.0,14:47,0.0,True,0.0,126.0,-1.0,TRAVIS_KONECNY_1_NHL,points-TRAVIS_KONECNY_1_NHL-game-ou-over,10000.0,0.0019644821625020015
PIT@PHI,Travis Konecny,PHI,f2,PP2,G,over,2.5,fanduel,12500,True,0.3268530725549238,0.3397959396150491,0.0045638289505357,0.0050790519135595,17.79007170032192,2230.1783333333337,,"fanduel@0.5,pinnacle@0.5,sgo_fair@0.5",1.0777230155902748,0.0079365079365079,0.00487296272835,-0.0030635452081579,-0.3860066962278963,-0.0005152229630237,20421,,pass,2026-09-30T22:56:39+00:00,sgo_slate_alt_20260930T225639Z.json,traviskonecny,2.0,0.0,0.0,0.0,14:47,0.0,True,0.0,126.0,-1.0,TRAVIS_KONECNY_1_NHL,points-TRAVIS_KONECNY_1_NHL-game-ou-over,20000.0,-0.002961383558398447
LAK@COL,Nicolas Roy,COL,f4,-,G,over,1.5,fanduel,5500,False,0.1368165610144467,0.1673342751945603,0.0085479519436778,0.0125323311528304,12.59407739499764,1556.21,,sgo_fair@0.5,1.0777230155902748,0.0178571428571428,0.0109385794691694,-0.0069185633879734,-0.3874395497265123,-0.0039843792091526,9042,,pass,2026-09-30T22:56:39+00:00,sgo_slate_alt_20260930T225639Z.json,nicolasroy,2.0,1.0,0.0,1.0,12:12,1.0,True,0.0,56.0,-1.0,,points-nan-game-ou-over,,
LAK@COL,Brock Nelson,COL,f2,PP2,SOG,over,5.5,draftkings,2000,True,2.171272883197039,2.149457824821926,0.0298345395109698,0.0286687176912455,17.712678062678066,2272.766666666667,,"draftkings@1.5,fanduel@1.5,pinnacle@2.5,sgo_fair@2.0",1.049054075237431,0.0476190476190476,0.0291350464191352,-0.0184840011999123,-0.3881640251981593,0.0011658218197243,3332,24084.0,pass,2026-09-30T22:56:39+00:00,sgo_slate_alt_20260930T225639Z.json,brocknelson,1.0,1.0,2.0,3.0,19:14,1.0,True,0.0,21.0,-1.0,,shots_onGoal-nan-game-ou-over,,
NYI@TOR,Matthew Schaefer,NYI,d1,PP1,SOG,over,6.5,draftkings,1500,True,2.8030617277803405,2.966241044314394,0.0326717131508109,0.041429695384897,23.59136178861789,2023.9833333333331,,"draftkings@2.5,fanduel@2.5,pinnacle@2.5,sgo_fair@3.5",1.049054075237431,0.0625,0.0379265024912626,-0.0245734975087373,-0.3931759601397981,-0.008757982234086,2537,7636.0,pass,2026-09-30T22:56:39+00:00,sgo_slate_alt_20260930T225639Z.json,matthewschaefer,3.0,0.0,0.0,0.0,27:45,3.0,True,0.0,16.0,-1.0,,shots_onGoal-nan-game-ou-over,,
NYI@TOR,Emil Heineman,NYI,f3,-,SOG,over,4.5,draftkings,1300,True,1.81017411479442,1.8036624974711064,0.0434812420644279,0.0429559057061595,14.394946163178648,1680.3591666666666,,"draftkings@1.5,sgo_fair@1.5",1.049054075237431,0.0714285714285714,0.0431660402494668,-0.0282625311791045,-0.3956754365074638,0.0005253363582684,2217,5405.0,pass,2026-09-30T22:56:39+00:00,sgo_slate_alt_20260930T225639Z.json,emilheineman,1.0,1.0,0.0,1.0,13:26,1.0,True,0.0,14.0,-1.0,,shots_onGoal-nan-game-ou-over,,
NYI@TOR,Matthew Schaefer,NYI,d1,PP1,PTS,over,2.5,fanduel,1400,True,0.7259272946813883,0.7610323454253813,0.0373716961439282,0.041984572451553,23.59136178861789,2023.9833333333331,,"draftkings@0.5,sgo_fair@0.5",1.0472579744117947,0.0666666666666666,0.0401394219285031,-0.0265272447381635,-0.397908671072453,-0.0046128763076248,2391,6505.0,pass,2026-09-30T22:56:39+00:00,sgo_slate_alt_20260930T225639Z.json,matthewschaefer,3.0,0.0,0.0,0.0,27:45,0.0,True,0.0,15.0,-1.0,,goals+assists-nan-game-ou-over,,
PIT@PHI,Egor Chinakhov,PIT,f2,PP1,SOG,over,5.5,draftkings,1700,True,2.047991151939787,2.32978944517645,0.0236286265553093,0.0392012513453722,14.739930555555556,970.55,,"draftkings@2.5,sgo_fair@2.5",1.049054075237431,0.0555555555555555,0.032972201429347,-0.0225833541262084,-0.4065003742717523,-0.0155726247900629,2933,12444.0,pass,2026-09-30T22:56:39+00:00,sgo_slate_alt_20260930T225639Z.json,egorchinakhov,3.0,1.0,0.0,1.0,16:58,3.0,True,0.0,18.0,-1.0,,shots_onGoal-nan-game-ou-over,,
PIT@PHI,Owen Tippett,PHI,f1,PP2,A,over,1.5,fanduel,1100,True,0.3466471605610556,0.3574582934724719,0.047846713663447,0.0505232581251849,17.293983282893787,1918.3983333333333,,"draftkings@0.5,pinnacle@0.5,sgo_fair@0.5",1.1144430424849077,0.0833333333333333,0.0494526403404897,-0.0338806929928435,-0.4065683159141227,-0.0026765444617378,1922,3990.0,pass,2026-09-30T22:56:39+00:00,sgo_slate_alt_20260930T225639Z.json,owentippett,4.0,0.0,0.0,0.0,14:11,0.0,True,0.0,12.0,-1.0,OWEN_TIPPETT_1_NHL,assists-OWEN_TIPPETT_1_NHL-game-ou-over,1060.0,0.0028735632183908427
PIT@PHI,Owen Tippett,PHI,f1,PP2,A,over,1.5,fanduel,1100,True,0.3466471605610556,0.3574582934724719,0.047846713663447,0.0505232581251849,17.293983282893787,1918.3983333333333,,"draftkings@0.5,pinnacle@0.5,sgo_fair@0.5",1.1144430424849077,0.0833333333333333,0.0494526403404897,-0.0338806929928435,-0.4065683159141227,-0.0026765444617378,1922,3990.0,pass,2026-09-30T22:56:39+00:00,sgo_slate_alt_20260930T225639Z.json,owentippett,4.0,0.0,0.0,0.0,14:11,0.0,True,0.0,12.0,-1.0,OWEN_TIPPETT_1_NHL,assists-OWEN_TIPPETT_1_NHL-game-ou-over,1300.0,-0.011904761904761876
NYI@TOR,William Nylander,TOR,f2,PP1,A,over,2.5,fanduel,2500,True,0.6429644416952655,0.5629542551031987,0.0275720728082839,0.0196138838833504,17.72223436993845,2000.8358333333333,,"draftkings@0.5,pinnacle@0.5,sgo_fair@0.5",1.1144430424849077,0.0384615384615384,0.0227971594533238,-0.0156643790082145,-0.4072738542135794,0.0079581889249335,4287,,pass,2026-09-30T22:56:39+00:00,sgo_slate_alt_20260930T225639Z.json,williamnylander,1.0,0.0,0.0,0.0,17:29,0.0,True,0.0,26.0,-1.0,,assists-nan-game-ou-over,,
PIT@PHI,Rickard Rakell,PIT,f1,PP1,A,over,1.5,fanduel,750,True,0.4293540536722757,0.4278668899153989,0.0695913885438469,0.0691761685469647,18.540236737515123,1840.311666666667,,"draftkings@0.5,pinnacle@0.5,sgo_fair@0.5",1.1144430424849077,0.1176470588235294,0.0693422565457176,-0.0483048022778117,-0.4105908193614002,0.0004152199968821,1342,2155.0,pass,2026-09-30T22:56:39+00:00,sgo_slate_alt_20260930T225639Z.json,rickardrakell,2.0,0.0,1.0,1.0,18:32,1.0,True,0.0,8.5,-1.0,,assists-nan-game-ou-over,,
LAK@COL,Mats Zuccarello,LAK,f2,PP1,PTS,over,2.5,fanduel,1700,True,0.7442434210883441,0.6397969333756965,0.0397443324548164,0.0272290117959373,17.496636128076993,1710.3441666666663,,"draftkings@0.5,sgo_fair@0.5",1.0472579744117947,0.0555555555555555,0.0322351400594889,-0.0233204154960665,-0.4197674789291983,0.012515320658879,3002,13721.0,pass,2026-09-30T22:56:39+00:00,sgo_slate_alt_20260930T225639Z.json,matszuccarello,0.0,0.0,0.0,0.0,17:59,0.0,True,0.0,18.0,-1.0,,goals+assists-nan-game-ou-over,,
LAK@COL,Martin Necas,COL,f1,PP1,A,over,2.5,fanduel,1300,True,0.8244862179959197,0.6990938970844605,0.051007697088499,0.0340314373278017,19.35776089828269,2352.2475,,"draftkings@0.5,pinnacle@0.5,sgo_fair@0.5",1.1144430424849077,0.0714285714285714,0.0408219412320806,-0.0306066301964907,-0.4284928227508706,0.0169762597606972,2350,6220.0,pass,2026-09-30T22:56:39+00:00,sgo_slate_alt_20260930T225639Z.json,martinnecas,4.0,0.0,1.0,1.0,19:11,1.0,True,0.0,14.0,-1.0,,assists-nan-game-ou-over,,
PIT@PHI,Blake Lizotte,PIT,f4,-,G,over,1.5,fanduel,10000,False,0.121024827121911,0.1025487910846846,0.0067585932548592,0.0049121047326845,11.999754751686083,1100.885,,sgo_fair@0.5,1.0777230155902748,0.0099009900990099,0.0056507001415544,-0.0042502899574554,-0.4292792857030036,0.0018464885221747,17597,,pass,2026-09-30T22:56:39+00:00,sgo_slate_alt_20260930T225639Z.json,blakelizotte,4.0,0.0,0.0,0.0,13:13,0.0,True,0.0,101.0,-1.0,,points-nan-game-ou-over,,
LAK@COL,Brandt Clarke,LAK,d2,PP1,SOG,over,4.5,draftkings,950,True,1.905935235202562,1.9549146873457488,0.0516334275002084,0.0561106024441404,19.37295046968403,2195.145,,"draftkings@1.5,fanduel@1.5,pinnacle@1.5,sgo_fair@1.5",1.049054075237431,0.0952380952380952,0.0543197324665676,-0.0409183627715275,-0.4296428091010397,-0.004477174943932,1741,3311.0,pass,2026-09-30T22:56:39+00:00,sgo_slate_alt_20260930T225639Z.json,brandtclarke,1.0,0.0,0.0,0.0,18:57,1.0,True,0.0,10.5,-1.0,,shots_onGoal-nan-game-ou-over,,
NYI@TOR,Jack Roslovic,TOR,f1,PP2,A,over,1.5,fanduel,870,True,0.2561465035534728,0.4626235219476513,0.0277067275018706,0.0790888935880906,16.5629364333803,1610.1491666666666,,sgo_fair@0.5,1.1144430424849077,0.1030927835051546,0.0585360271536026,-0.044556756351552,-0.4322005366100545,-0.05138216608622,1608,2882.0,pass,2026-09-30T22:56:39+00:00,sgo_slate_alt_20260930T225639Z.json,jackroslovic,2.0,0.0,1.0,1.0,14:53,1.0,True,0.0,9.7,-1.0,,assists-nan-game-ou-over,,
PIT@PHI,Christian Dvorak,PHI,f2,-,A,over,1.5,fanduel,1060,True,0.3699497231166214,0.3339930272931689,0.0536811182281691,0.0447825869142418,16.72216638152267,2039.2425,,"draftkings@0.5,sgo_fair@0.5",1.1144430424849077,0.0862068965517241,0.0483419994398127,-0.0378648971119113,-0.4392328064981717,0.0088985313139273,1969,4184.0,pass,2026-09-30T22:56:39+00:00,sgo_slate_alt_20260930T225639Z.json,christiandvorak,2.0,0.0,0.0,0.0,14:58,0.0,True,0.0,11.6,-1.0,CHRISTIAN_DVORAK_1_NHL,assists-CHRISTIAN_DVORAK_1_NHL-game-ou-over,1060.0,4.163336342344337e-17
LAK@COL,Brock Nelson,COL,f2,PP2,PTS,over,2.5,fanduel,1700,True,0.7228409764509541,0.6394598748055366,0.0369792749867708,0.027192641756336,17.712678062678066,2272.766666666667,,"draftkings@0.5,sgo_fair@0.5",1.0472579744117947,0.0555555555555555,0.0311072950485099,-0.0244482605070455,-0.4400686891268204,0.0097866332304348,3115,16274.0,pass,2026-09-30T22:56:39+00:00,sgo_slate_alt_20260930T225639Z.json,brocknelson,1.0,1.0,2.0,3.0,19:14,3.0,True,1.0,18.0,17.0,,goals+assists-nan-game-ou-over,,
NYI@TOR,Darren Raddysh,TOR,d1,PP1,A,over,2.5,fanduel,2500,True,0.6570624784118815,0.5245405133018115,0.0291268729492273,0.0163169108000404,21.772137732023086,2248.580833333333,,"draftkings@0.5,pinnacle@0.5,sgo_fair@0.5",1.1144430424849077,0.0384615384615384,0.0214408956597152,-0.0170206428018232,-0.4425367128474033,0.0128099621491869,4564,,pass,2026-09-30T22:56:39+00:00,sgo_slate_alt_20260930T225639Z.json,darrenraddysh,4.0,0.0,0.0,0.0,20:36,0.0,True,0.0,26.0,-1.0,,assists-nan-game-ou-over,,
LAK@COL,Drew Doughty,LAK,d1,PP2,G,over,1.5,fanduel,10000,False,0.0809977219035141,0.1236139559671766,0.0031084493820349,0.007038829610402,22.876091617933724,1988.0616666666667,,sgo_fair@0.5,1.0777230155902748,0.0099009900990099,0.0054666775190552,-0.0044343125799546,-0.4478655705754234,-0.003930380228367,18193,,pass,2026-09-30T22:56:39+00:00,sgo_slate_alt_20260930T225639Z.json,drewdoughty,1.0,0.0,1.0,1.0,22:41,0.0,True,0.0,101.0,-1.0,,points-nan-game-ou-over,,
NYI@TOR,Tony DeAngelo,NYI,d3,PP2,G,over,1.5,fanduel,10000,False,0.0857637430930092,0.1213608570042674,0.0034740445394005,0.0067946695105059,18.18105358764759,1822.348333333333,,sgo_fair@0.5,1.0777230155902748,0.0099009900990099,0.0054664195220638,-0.004434570576946,-0.4478916282715556,-0.0033206249711054,18194,,pass,2026-09-30T22:56:39+00:00,sgo_slate_alt_20260930T225639Z.json,tonydeangelo,0.0,0.0,0.0,0.0,17:14,0.0,True,0.0,101.0,-1.0,,points-nan-game-ou-over,,
NYI@TOR,Easton Cowan,TOR,f3,PP2,G,over,1.5,fanduel,3500,False,0.1716104468491708,0.1950464866264777,0.0131440467091305,0.0167200432461823,14.114925373134328,986.9,,"pinnacle@0.5,sgo_fair@0.5",1.0777230155902748,0.0277777777777777,0.0152896446313616,-0.0124881331464161,-0.4495727932709817,-0.0035759965370517,6440,,pass,2026-09-30T22:56:39+00:00,sgo_slate_alt_20260930T225639Z.json,eastoncowan,3.0,1.0,1.0,2.0,13:23,1.0,True,0.0,36.0,-1.0,,points-nan-game-ou-over,,
LAK@COL,Artturi Lehkonen,COL,f1,PP2,A,over,1.5,fanduel,900,True,0.3761069363195208,0.3743714955812763,0.0552627991284047,0.0548153399189844,18.532657100445324,1926.55,,"draftkings@0.5,pinnacle@0.5,sgo_fair@0.5",1.1144430424849077,0.1,0.0549943236027525,-0.0450056763972474,-0.4500567639724743,0.0004474592094202,1718,3234.0,pass,2026-09-30T22:56:39+00:00,sgo_slate_alt_20260930T225639Z.json,artturilehkonen,3.0,2.0,0.0,2.0,19:27,0.0,True,0.0,10.0,-1.0,,assists-nan-game-ou-over,,
LAK@COL,Adrian Kempe,LAK,f1,PP1,PTS,over,2.5,fanduel,1100,True,0.8165022144915082,0.7579243366881738,0.049824642953991,0.0415651558382038,18.62954093940684,2261.9791666666665,,"draftkings@0.5,sgo_fair@0.5",1.0472579744117947,0.0833333333333333,0.0448689506845187,-0.0384643826488146,-0.4615725917857755,0.0082594871157871,2129,4933.0,pass,2026-09-30T22:56:39+00:00,sgo_slate_alt_20260930T225639Z.json,adriankempe,3.0,0.0,0.0,0.0,19:23,0.0,True,0.0,12.0,-1.0,,goals+assists-nan-game-ou-over,,
LAK@COL,Brandt Clarke,LAK,d2,PP1,PTS,over,1.5,fanduel,450,True,0.4555741845183585,0.5636011462404565,0.0770440156445872,0.1100674078007399,19.37295046968403,2195.145,,"draftkings@0.5,sgo_fair@0.5",1.0472579744117947,0.1818181818181818,0.0968580509382788,-0.0849601308799029,-0.4672807198394663,-0.0330233921561527,932,1292.0,pass,2026-09-30T22:56:39+00:00,sgo_slate_alt_20260930T225639Z.json,brandtclarke,1.0,0.0,0.0,0.0,18:57,0.0,True,0.0,5.5,-1.0,,goals+assists-nan-game-ou-over,,
PIT@PHI,Nick Robertson,PIT,f1,-,A,over,1.5,fanduel,830,True,0.2119562615844638,0.4737843520856415,0.019527285998344,0.082360686437242,15.236584899893014,1360.1991666666663,,sgo_fair@0.5,1.1144430424849077,0.1075268817204301,0.0572273262616828,-0.0502995554587472,-0.4677858657663496,-0.0628334004388979,1647,3003.0,pass,2026-09-30T22:56:39+00:00,sgo_slate_alt_20260930T225639Z.json,nickrobertson,4.0,2.0,0.0,2.0,15:02,0.0,True,0.0,9.3,-1.0,,assists-nan-game-ou-over,,
LAK@COL,Quinton Byfield,LAK,f1,PP1,A,over,1.5,fanduel,870,True,0.3345359915719311,0.3979287098877727,0.0449125117773324,0.0609974289772515,18.790998989461528,2260.741666666667,,"draftkings@0.5,pinnacle@0.5,sgo_fair@0.5",1.1144430424849077,0.1030927835051546,0.0545634620972839,-0.0485293214078707,-0.4707344176563459,-0.0160849171999191,1733,3283.0,pass,2026-09-30T22:56:39+00:00,sgo_slate_alt_20260930T225639Z.json,quintonbyfield,3.0,0.0,0.0,0.0,18:59,0.0,True,0.0,9.7,-1.0,,assists-nan-game-ou-over,,
PIT@PHI,Nick Robertson,PIT,f1,-,PTS,over,1.5,fanduel,450,True,0.4200171794088591,0.5807629310229583,0.066998256742756,0.1156084042295761,15.236584899893014,1360.1991666666663,,sgo_fair@0.5,1.0472579744117947,0.1818181818181818,0.096164345234848,-0.0856538365833337,-0.4710961012083356,-0.04861014748682,940,1305.0,pass,2026-09-30T22:56:39+00:00,sgo_slate_alt_20260930T225639Z.json,nickrobertson,4.0,2.0,0.0,2.0,15:02,2.0,True,1.0,5.5,4.5,,goals+assists-nan-game-ou-over,,
LAK@COL,Alex Laferriere,LAK,f2,PP2,A,over,1.5,fanduel,1400,True,0.2615014337934488,0.3090251461675067,0.0287766418152179,0.0389630769022949,16.89103086155165,2074.2775,,"draftkings@0.5,pinnacle@0.5,sgo_fair@0.5",1.1144430424849077,0.0666666666666666,0.0348885028674641,-0.0317781637992025,-0.4766724569880377,-0.010186435087077,2766,10013.0,pass,2026-09-30T22:56:39+00:00,sgo_slate_alt_20260930T225639Z.json,alexlaferriere,2.0,0.0,2.0,2.0,15:31,2.0,True,1.0,15.0,14.0,,assists-nan-game-ou-over,,
PIT@PHI,Trevor Zegras,PHI,f1,PP1,G,over,2.5,fanduel,12500,True,0.3360841840656494,0.3009290415213593,0.0049278821653849,0.0036305460422444,18.15746991717456,1953.2883333333332,,"fanduel@0.5,pinnacle@0.5,sgo_fair@0.5",1.0777230155902748,0.0079365079365079,0.0041494804915006,-0.0037870274450073,-0.4771654580709201,0.0012973361231404,23999,,pass,2026-09-30T22:56:39+00:00,sgo_slate_alt_20260930T225639Z.json,trevorzegras,1.0,0.0,0.0,0.0,16:25,0.0,True,0.0,126.0,-1.0,TREVOR_ZEGRAS_1_NHL,points-TREVOR_ZEGRAS_1_NHL-game-ou-over,15000.0,-0.001313991380216509
PIT@PHI,Trevor Zegras,PHI,f1,PP1,G,over,2.5,fanduel,12500,True,0.3360841840656494,0.3009290415213593,0.0049278821653849,0.0036305460422444,18.15746991717456,1953.2883333333332,,"fanduel@0.5,pinnacle@0.5,sgo_fair@0.5",1.0777230155902748,0.0079365079365079,0.0041494804915006,-0.0037870274450073,-0.4771654580709201,0.0012973361231404,23999,,pass,2026-09-30T22:56:39+00:00,sgo_slate_alt_20260930T225639Z.json,trevorzegras,1.0,0.0,0.0,0.0,16:25,0.0,True,0.0,126.0,-1.0,TREVOR_ZEGRAS_1_NHL,points-TREVOR_ZEGRAS_1_NHL-game-ou-over,22500.0,-0.003511729175445953
NYI@TOR,Brayden Schenn,NYI,f2,PP1,PTS,over,2.5,fanduel,2500,True,0.5625713374081568,0.5697829284946744,0.0195793439558482,0.0202355168810786,16.50940975192472,1989.5,,"draftkings@0.5,sgo_fair@0.5",1.0472579744117947,0.0384615384615384,0.0199730477109864,-0.0184884907505519,-0.4807007595143517,-0.0006561729252303,4907,,pass,2026-09-30T22:56:39+00:00,sgo_slate_alt_20260930T225639Z.json,braydenschenn,1.0,0.0,0.0,0.0,14:27,0.0,True,0.0,26.0,-1.0,,goals+assists-nan-game-ou-over,,
NYI@TOR,Kyle Palmieri,NYI,f1,PP1,PTS,over,2.5,fanduel,1700,True,0.6805069530848493,0.6321730011671364,0.0318130127447298,0.0264127347078775,18.330910070005388,1155.1666666666667,,"draftkings@0.5,sgo_fair@0.5",1.0472579744117947,0.0555555555555555,0.0285728459226184,-0.0269827096329371,-0.4856887733928683,0.0054002780368522,3400,27889.0,pass,2026-09-30T22:56:39+00:00,sgo_slate_alt_20260930T225639Z.json,kylepalmieri,4.0,0.0,0.0,0.0,18:35,0.0,True,0.0,18.0,-1.0,,goals+assists-nan-game-ou-over,,
PIT@PHI,Erik Karlsson,PIT,d1,PP1,A,over,2.5,fanduel,2000,True,0.6437313264631185,0.5921936275143265,0.0276554772980452,0.0223511507539585,22.99009532320524,2627.4333333333334,,"draftkings@0.5,pinnacle@0.5,sgo_fair@0.5",1.1144430424849077,0.0476190476190476,0.0244728813715932,-0.0231461662474543,-0.4860694911965418,0.0053043265440867,3986,,pass,2026-09-30T22:56:39+00:00,sgo_slate_alt_20260930T225639Z.json,erikkarlsson,3.0,0.0,1.0,1.0,19:59,1.0,True,0.0,21.0,-1.0,,assists-nan-game-ou-over,,
PIT@PHI,Rickard Rakell,PIT,f1,PP1,PTS,over,2.5,fanduel,1100,True,0.7974154291836085,0.745662623153935,0.0470516935887813,0.039931289999966,18.540236737515123,1840.311666666667,,"draftkings@0.5,sgo_fair@0.5",1.0472579744117947,0.0833333333333333,0.0427794514354921,-0.0405538818978411,-0.4866465827740939,0.0071204035888153,2238,5524.0,pass,2026-09-30T22:56:39+00:00,sgo_slate_alt_20260930T225639Z.json,rickardrakell,2.0,0.0,1.0,1.0,18:32,1.0,True,0.0,12.0,-1.0,,goals+assists-nan-game-ou-over,,
PIT@PHI,Kris Letang,PIT,d2,PP2,G,over,1.5,fanduel,10000,False,0.0772365883037326,0.1190464597031554,0.0028335187921364,0.0065479802186352,21.127201770736253,2387.8975,,sgo_fair@0.5,1.0777230155902748,0.0099009900990099,0.0050621956480357,-0.0048387944509741,-0.4887182395483869,-0.0037144614264988,19654,,pass,2026-09-30T22:56:39+00:00,sgo_slate_alt_20260930T225639Z.json,krisletang,4.0,0.0,1.0,1.0,18:44,0.0,True,0.0,101.0,-1.0,,points-nan-game-ou-over,,
PIT@PHI,Alex Bump,PHI,f3,PP2,G,over,2.5,fanduel,30000,True,0.256506715170846,0.20679971408241,0.0023234792443977,0.0012632573111809,13.070588235294116,214.9,,"pinnacle@0.5,sgo_fair@0.5",1.0777230155902748,0.0033222591362126,0.0016873460844676,-0.0016349130517449,-0.4921088285752265,0.0010602219332167,59165,,pass,2026-09-30T22:56:39+00:00,sgo_slate_alt_20260930T225639Z.json,alexbump,1.0,0.0,0.0,0.0,14:39,0.0,True,0.0,301.0,-1.0,ALEX_BUMP_1_NHL,points-ALEX_BUMP_1_NHL-game-ou-over,40000.0,-0.0008284935501776873
PIT@PHI,Alex Bump,PHI,f3,PP2,G,over,2.5,fanduel,30000,True,0.256506715170846,0.20679971408241,0.0023234792443977,0.0012632573111809,13.070588235294116,214.9,,"pinnacle@0.5,sgo_fair@0.5",1.0777230155902748,0.0033222591362126,0.0016873460844676,-0.0016349130517449,-0.4921088285752265,0.0010602219332167,59165,,pass,2026-09-30T22:56:39+00:00,sgo_slate_alt_20260930T225639Z.json,alexbump,1.0,0.0,0.0,0.0,14:39,0.0,True,0.0,301.0,-1.0,ALEX_BUMP_1_NHL,points-ALEX_BUMP_1_NHL-game-ou-over,40000.0,-0.0008284935501776873
NYI@TOR,Simon Holmstrom,NYI,f1,PP2,G,over,2.5,fanduel,25000,True,0.2475546748749784,0.2399168725365847,0.0021024918703462,0.0019246872098216,17.38473022912047,1890.756666666667,,"pinnacle@0.5,sgo_fair@0.5",1.0777230155902748,0.0039840637450199,0.0019958090740315,-0.0019882546709884,-0.4990519224180934,0.0001778046605245,50005,,pass,2026-09-30T22:56:39+00:00,sgo_slate_alt_20260930T225639Z.json,simonholmstrom,0.0,0.0,0.0,0.0,20:17,0.0,True,0.0,251.0,-1.0,,points-nan-game-ou-over,,
LAK@COL,Brandt Clarke,LAK,d2,PP1,A,over,1.5,fanduel,630,True,0.3935217214847194,0.4428110681182439,0.0598234159125882,0.0733855642230502,19.37295046968403,2195.145,,"draftkings@0.5,pinnacle@0.5,sgo_fair@0.5",1.1144430424849077,0.136986301369863,0.0679607048988654,-0.0690255964709975,-0.503886854238282,-0.013562148310462,1371,2228.0,pass,2026-09-30T22:56:39+00:00,sgo_slate_alt_20260930T225639Z.json,brandtclarke,1.0,0.0,0.0,0.0,18:57,0.0,True,0.0,7.3,-1.0,,assists-nan-game-ou-over,,
NYI@TOR,Matthew Schaefer,NYI,d1,PP1,G,over,2.5,fanduel,25000,True,0.2532108520960549,0.2332007348455915,0.0022405213390364,0.0017763507776182,23.59136178861789,2023.9833333333331,,"pinnacle@0.5,sgo_fair@0.5",1.0777230155902748,0.0039840637450199,0.0019620190021854,-0.0020220447428344,-0.5075332304514402,0.0004641705614182,50868,,pass,2026-09-30T22:56:39+00:00,sgo_slate_alt_20260930T225639Z.json,matthewschaefer,3.0,0.0,0.0,0.0,27:45,0.0,True,0.0,251.0,-1.0,,points-nan-game-ou-over,,
PIT@PHI,Egor Chinakhov,PIT,f2,PP1,A,over,1.5,fanduel,900,True,0.3361805099919759,0.3627498739147795,0.0453068812205891,0.0518525486991008,14.739930555555556,970.55,,"draftkings@0.5,sgo_fair@0.5",1.1144430424849077,0.1,0.0492342817076961,-0.0507657182923038,-0.5076571829230383,-0.0065456674785117,1931,4026.0,pass,2026-09-30T22:56:39+00:00,sgo_slate_alt_20260930T225639Z.json,egorchinakhov,3.0,1.0,0.0,1.0,16:58,0.0,True,0.0,10.0,-1.0,,assists-nan-game-ou-over,,
LAK@COL,Brandt Clarke,LAK,d2,PP1,G,over,1.5,fanduel,6500,False,0.0972651703331911,0.1433062668131295,0.004434433801009,0.0093380945771414,19.37295046968403,2195.145,,sgo_fair@0.5,1.0777230155902748,0.0151515151515151,0.0073766302666885,-0.0077748848848266,-0.5131424023985584,-0.0049036607761324,13456,,pass,2026-09-30T22:56:39+00:00,sgo_slate_alt_20260930T225639Z.json,brandtclarke,1.0,0.0,0.0,0.0,18:57,0.0,True,0.0,66.0,-1.0,,points-nan-game-ou-over,,
LAK@COL,Nazem Kadri,COL,f2,PP2,G,over,2.5,fanduel,15000,True,0.2772805937552836,0.2953503232738995,0.0028901928928814,0.0034465242477898,17.56882499268364,2179.7783333333336,,"fanduel@0.5,pinnacle@0.5,sgo_fair@0.5",1.0777230155902748,0.0066225165562913,0.0032239917058264,-0.0033985248504648,-0.5131772524201987,-0.0005563313549083,30917,,pass,2026-09-30T22:56:39+00:00,sgo_slate_alt_20260930T225639Z.json,nazemkadri,2.0,0.0,2.0,2.0,17:57,0.0,True,0.0,151.0,-1.0,,points-nan-game-ou-over,,
PIT@PHI,Matvei Michkov,PHI,f3,PP1,A,over,1.5,fanduel,560,True,0.4565116931723393,0.4332479850835946,0.0773149874065681,0.0706824673790031,14.45386396011396,1802.7041666666669,,"draftkings@0.5,sgo_fair@0.5",1.1144430424849077,0.1515151515151515,0.0733354753900291,-0.0781796761251224,-0.5159858624258078,0.006632520027565,1264,1969.0,pass,2026-09-30T22:56:39+00:00,sgo_slate_alt_20260930T225639Z.json,matveimichkov,1.0,0.0,0.0,0.0,15:47,0.0,True,0.0,6.6,-1.0,MATVEI_MICHKOV_1_NHL,assists-MATVEI_MICHKOV_1_NHL-game-ou-over,560.0,2.7755575615628914e-17
PIT@PHI,Rasmus Ristolainen,PHI,d1,-,G,over,1.5,fanduel,8000,False,0.0857792385013938,0.1283811666482067,0.0034752643598227,0.0075683715021795,21.774176457037548,1522.8483333333331,,sgo_fair@0.5,1.0777230155902748,0.0123456790123456,0.0059311286452368,-0.0064145503671088,-0.519578579735817,-0.0040931071423568,16760,,pass,2026-09-30T22:56:39+00:00,sgo_slate_alt_20260930T225639Z.json,rasmusristolainen,0.0,0.0,0.0,0.0,17:40,0.0,True,0.0,81.0,-1.0,RASMUS_RISTOLAINEN_1_NHL,points-RASMUS_RISTOLAINEN_1_NHL-game-ou-over,10000.0,-0.002444688913335699
PIT@PHI,Rasmus Ristolainen,PHI,d1,-,G,over,1.5,fanduel,8000,False,0.0857792385013938,0.1283811666482067,0.0034752643598227,0.0075683715021795,21.774176457037548,1522.8483333333331,,sgo_fair@0.5,1.0777230155902748,0.0123456790123456,0.0059311286452368,-0.0064145503671088,-0.519578579735817,-0.0040931071423568,16760,,pass,2026-09-30T22:56:39+00:00,sgo_slate_alt_20260930T225639Z.json,rasmusristolainen,0.0,0.0,0.0,0.0,17:40,0.0,True,0.0,81.0,-1.0,RASMUS_RISTOLAINEN_1_NHL,points-RASMUS_RISTOLAINEN_1_NHL-game-ou-over,20000.0,-0.007370554634236148
NYI@TOR,Brayden Schenn,NYI,f2,PP1,G,over,2.5,fanduel,20000,True,0.2816167978149424,0.2413410246983738,0.0030182268144067,0.0019571001937977,16.50940975192472,1989.5,,"fanduel@0.5,pinnacle@0.5,sgo_fair@0.5",1.0777230155902748,0.0049751243781094,0.0023815508420413,-0.0025935735360681,-0.5213082807496938,0.0010611266206089,41889,,pass,2026-09-30T22:56:39+00:00,sgo_slate_alt_20260930T225639Z.json,braydenschenn,1.0,0.0,0.0,0.0,14:27,0.0,True,0.0,201.0,-1.0,,points-nan-game-ou-over,,
LAK@COL,Artemi Panarin,LAK,f1,PP1,G,over,2.5,fanduel,10000,True,0.3364824287568725,0.3273524252982258,0.0049439695206387,0.0045830903104751,19.238125,2334.2925,,"fanduel@0.5,pinnacle@0.5,sgo_fair@0.5",1.0777230155902748,0.0099009900990099,0.0047274419945406,-0.0051735481044692,-0.5225283585513989,0.0003608792101635,21053,,pass,2026-09-30T22:56:39+00:00,sgo_slate_alt_20260930T225639Z.json,artemipanarin,2.0,1.0,0.0,1.0,20:16,1.0,True,0.0,101.0,-1.0,,points-nan-game-ou-over,,
PIT@PHI,Evgeni Malkin,PIT,f2,PP2,G,over,2.5,fanduel,15000,True,0.277712834324563,0.2913171268858408,0.00290280233787,0.0033171185875353,16.83075923787529,1529.4875,,"fanduel@0.5,pinnacle@0.5,sgo_fair@0.5",1.0777230155902748,0.0066225165562913,0.0031513920876692,-0.0034711244686221,-0.5241397947619432,-0.0004143162496653,31632,,pass,2026-09-30T22:56:39+00:00,sgo_slate_alt_20260930T225639Z.json,evgenimalkin,2.0,1.0,0.0,1.0,15:47,1.0,True,0.0,151.0,-1.0,,points-nan-game-ou-over,,
LAK@COL,Gabriel Landeskog,COL,f2,PP1,PTS,over,2.5,fanduel,1400,True,0.6375339447445987,0.7031032069981124,0.0269853259539475,0.0345202183721637,16.206805555555555,984.8166666666668,,"draftkings@0.5,sgo_fair@0.5",1.0472579744117947,0.0666666666666666,0.0315062614048773,-0.0351604052617893,-0.5274060789268404,-0.0075348924182162,3074,15270.0,pass,2026-09-30T22:56:39+00:00,sgo_slate_alt_20260930T225639Z.json,gabriellandeskog,1.0,1.0,0.0,1.0,17:52,1.0,True,0.0,15.0,-1.0,,goals+assists-nan-game-ou-over,,
LAK@COL,Artturi Lehkonen,COL,f1,PP2,PTS,over,2.5,fanduel,1500,True,0.6800806683348012,0.6433425878303737,0.0317630536005148,0.0276131821896693,18.532657100445324,1926.55,,"draftkings@0.5,sgo_fair@0.5",1.0472579744117947,0.0625,0.0292731307540075,-0.0332268692459924,-0.5316299079358794,0.0041498714108455,3316,23302.0,pass,2026-09-30T22:56:39+00:00,sgo_slate_alt_20260930T225639Z.json,artturilehkonen,3.0,2.0,0.0,2.0,19:27,2.0,True,0.0,16.0,-1.0,,goals+assists-nan-game-ou-over,,
LAK@COL,Gabriel Landeskog,COL,f2,PP1,G,over,2.5,fanduel,12500,True,0.2795268845249665,0.3149538076458562,0.0029560917727104,0.0041193075477156,16.206805555555555,984.8166666666668,,"fanduel@0.5,pinnacle@0.5,sgo_fair@0.5",1.0777230155902748,0.0079365079365079,0.0036540212377136,-0.0042824866987943,-0.5395933240480846,-0.0011632157750052,27267,,pass,2026-09-30T22:56:39+00:00,sgo_slate_alt_20260930T225639Z.json,gabriellandeskog,1.0,1.0,0.0,1.0,17:52,1.0,True,0.0,126.0,-1.0,,points-nan-game-ou-over,,
PIT@PHI,Sidney Crosby,PIT,f1,PP1,A,over,2.5,fanduel,1500,True,0.6798868288418827,0.6346763334665567,0.0317403499263235,0.0266792889362041,18.813389423076924,2041.185,,"draftkings@0.5,pinnacle@0.5,sgo_fair@0.5",1.1144430424849077,0.0625,0.0287037133322519,-0.033796286667748,-0.5407405866839692,0.0050610609901193,3384,26900.0,pass,2026-09-30T22:56:39+00:00,sgo_slate_alt_20260930T225639Z.json,sidneycrosby,3.0,0.0,1.0,1.0,17:39,1.0,True,0.0,16.0,-1.0,,assists-nan-game-ou-over,,
PIT@PHI,Owen Tippett,PHI,f1,PP2,PTS,over,2.5,fanduel,1500,True,0.6740210681690396,0.6313150547570513,0.0310573590662947,0.0263217120513616,17.293983282893787,1918.3983333333333,,"draftkings@0.5,sgo_fair@0.5",1.0472579744117947,0.0625,0.0282159708573349,-0.034284029142665,-0.5485444662826415,0.0047356470149331,3444,30995.0,pass,2026-09-30T22:56:39+00:00,sgo_slate_alt_20260930T225639Z.json,owentippett,4.0,0.0,0.0,0.0,14:11,0.0,True,0.0,16.0,-1.0,OWEN_TIPPETT_1_NHL,goals+assists-OWEN_TIPPETT_1_NHL-game-ou-over,1500.0,0.0
PIT@PHI,Owen Tippett,PHI,f1,PP2,PTS,over,2.5,fanduel,1500,True,0.6740210681690396,0.6313150547570513,0.0310573590662947,0.0263217120513616,17.293983282893787,1918.3983333333333,,"draftkings@0.5,sgo_fair@0.5",1.0472579744117947,0.0625,0.0282159708573349,-0.034284029142665,-0.5485444662826415,0.0047356470149331,3444,30995.0,pass,2026-09-30T22:56:39+00:00,sgo_slate_alt_20260930T225639Z.json,owentippett,4.0,0.0,0.0,0.0,14:11,0.0,True,0.0,16.0,-1.0,OWEN_TIPPETT_1_NHL,goals+assists-OWEN_TIPPETT_1_NHL-game-ou-over,2000.0,-0.014880952380952384
LAK@COL,Artemi Panarin,LAK,f1,PP1,A,over,2.5,fanduel,1700,True,0.643416138264927,0.6009854740904411,0.027621181884002,0.0232127508140016,19.238125,2334.2925,,"draftkings@0.5,pinnacle@0.5,sgo_fair@0.5",1.1144430424849077,0.0555555555555555,0.0249761232420017,-0.0305794323135537,-0.5504297816439679,0.0044084310700004,3904,,pass,2026-09-30T22:56:39+00:00,sgo_slate_alt_20260930T225639Z.json,artemipanarin,2.0,1.0,0.0,1.0,20:16,0.0,True,0.0,18.0,-1.0,,assists-nan-game-ou-over,,
NYI@TOR,Matias Maccelli,NYI,f2,PP1,PTS,over,2.5,fanduel,2000,True,0.5647292614710051,0.5931816813740372,0.0197744341532862,0.0224470911278658,15.174308093994778,1373.88,,"draftkings@0.5,sgo_fair@0.5",1.0472579744117947,0.0476190476190476,0.0213780283380339,-0.0262410192810136,-0.5510614049012862,-0.0026726569745796,4578,,pass,2026-09-30T22:56:39+00:00,sgo_slate_alt_20260930T225639Z.json,matiasmaccelli,1.0,0.0,0.0,0.0,17:39,0.0,True,0.0,21.0,-1.0,,goals+assists-nan-game-ou-over,,
PIT@PHI,Tommy Novak,PIT,f2,PP1,G,over,2.5,fanduel,22500,True,0.2297708903201341,0.2494240685497372,0.0017034445436929,0.0021475081852134,15.020621668234558,1492.5841666666668,,sgo_fair@0.5,1.0777230155902748,0.0044247787610619,0.0019698827286052,-0.0024548960324567,-0.5548065033352145,-0.0004440636415204,50664,,pass,2026-09-30T22:56:39+00:00,sgo_slate_alt_20260930T225639Z.json,tommynovak,0.0,0.0,1.0,1.0,16:04,0.0,True,0.0,226.0,-1.0,,points-nan-game-ou-over,,
LAK@COL,Nazem Kadri,COL,f2,PP2,PTS,over,2.5,fanduel,1500,True,0.6679977245871291,0.6112380399499037,0.0303641745940884,0.0242400021191554,17.56882499268364,2179.7783333333336,,"draftkings@0.5,sgo_fair@0.5",1.0472579744117947,0.0625,0.0266896711091286,-0.0358103288908713,-0.5729652622539416,0.006124172474933,3647,59083.0,pass,2026-09-30T22:56:39+00:00,sgo_slate_alt_20260930T225639Z.json,nazemkadri,2.0,0.0,2.0,2.0,17:57,2.0,True,0.0,16.0,-1.0,,goals+assists-nan-game-ou-over,,
LAK@COL,Quinton Byfield,LAK,f1,PP1,G,over,2.5,fanduel,12500,True,0.286868889663782,0.2968870187880598,0.0031779037275128,0.0034966299492446,18.790998989461528,2260.741666666667,,"fanduel@0.5,pinnacle@0.5,sgo_fair@0.5",1.0777230155902748,0.0079365079365079,0.0033691394605519,-0.004567368475956,-0.5754884279704575,-0.0003187262217317,29581,,pass,2026-09-30T22:56:39+00:00,sgo_slate_alt_20260930T225639Z.json,quintonbyfield,3.0,0.0,0.0,0.0,18:59,0.0,True,0.0,126.0,-1.0,,points-nan-game-ou-over,,
PIT@PHI,Samuel Girard,PIT,d3,PP2,G,over,1.5,fanduel,10000,False,0.0438426101936083,0.1168187818451878,0.0009334526793413,0.0063144906846013,17.78643870041285,1770.9166666666667,,sgo_fair@0.5,1.0777230155902748,0.0099009900990099,0.0041620754824973,-0.0057389146165125,-0.5796303762677655,-0.0053810380052599,23926,,pass,2026-09-30T22:56:39+00:00,sgo_slate_alt_20260930T225639Z.json,samuelgirard,2.0,0.0,2.0,2.0,21:02,0.0,True,0.0,101.0,-1.0,,points-nan-game-ou-over,,
PIT@PHI,Trevor Zegras,PHI,f1,PP1,A,over,2.5,fanduel,2000,True,0.5584258150106787,0.5718083225343162,0.0192075717396336,0.0204219604567513,18.15746991717456,1953.2883333333332,,"draftkings@0.5,pinnacle@0.5,sgo_fair@0.5",1.1144430424849077,0.0476190476190476,0.0199362049699043,-0.0276828426491433,-0.5813396956320097,-0.0012143887171177,4916,,pass,2026-09-30T22:56:39+00:00,sgo_slate_alt_20260930T225639Z.json,trevorzegras,1.0,0.0,0.0,0.0,16:25,0.0,True,0.0,21.0,-1.0,TREVOR_ZEGRAS_1_NHL,assists-TREVOR_ZEGRAS_1_NHL-game-ou-over,2000.0,1.3877787807814457e-17
PIT@PHI,Trevor Zegras,PHI,f1,PP1,A,over,2.5,fanduel,2000,True,0.5584258150106787,0.5718083225343162,0.0192075717396336,0.0204219604567513,18.15746991717456,1953.2883333333332,,"draftkings@0.5,pinnacle@0.5,sgo_fair@0.5",1.1144430424849077,0.0476190476190476,0.0199362049699043,-0.0276828426491433,-0.5813396956320097,-0.0012143887171177,4916,,pass,2026-09-30T22:56:39+00:00,sgo_slate_alt_20260930T225639Z.json,trevorzegras,1.0,0.0,0.0,0.0,16:25,0.0,True,0.0,21.0,-1.0,TREVOR_ZEGRAS_1_NHL,assists-TREVOR_ZEGRAS_1_NHL-game-ou-over,2200.0,-0.004140786749482386
LAK@COL,Quinton Byfield,LAK,f1,PP1,PTS,over,2.5,fanduel,1400,True,0.5878002593048959,0.6738364210812856,0.021927278780258,0.0310359864892038,18.790998989461528,2260.741666666667,,"draftkings@0.5,sgo_fair@0.5",1.0472579744117947,0.0666666666666666,0.0273925034056255,-0.0392741632610411,-0.5891124489156168,-0.0091087077089457,3551,41697.0,pass,2026-09-30T22:56:39+00:00,sgo_slate_alt_20260930T225639Z.json,quintonbyfield,3.0,0.0,0.0,0.0,18:59,0.0,True,0.0,15.0,-1.0,,goals+assists-nan-game-ou-over,,
NYI@TOR,Matias Maccelli,NYI,f2,PP1,G,over,2.5,fanduel,25000,True,0.2203512352043513,0.2282237184721455,0.0015129425939948,0.0016711805612876,15.174308093994778,1373.88,,"pinnacle@0.5,sgo_fair@0.5",1.0777230155902748,0.0039840637450199,0.0016078853743705,-0.0023761783706493,-0.5964207710329907,-0.0001582379672928,62093,,pass,2026-09-30T22:56:39+00:00,sgo_slate_alt_20260930T225639Z.json,matiasmaccelli,1.0,0.0,0.0,0.0,17:39,0.0,True,0.0,251.0,-1.0,,points-nan-game-ou-over,,
NYI@TOR,Matthew Schaefer,NYI,d1,PP1,A,over,2.5,fanduel,2200,True,0.4813529484915116,0.5724532030294635,0.0130133834011993,0.0204815220920979,23.59136178861789,2023.9833333333331,,"draftkings@0.5,pinnacle@0.5,sgo_fair@0.5",1.1144430424849077,0.0434782608695652,0.0174942666157385,-0.0259839942538266,-0.5976318678380137,-0.0074681386908985,5616,,pass,2026-09-30T22:56:39+00:00,sgo_slate_alt_20260930T225639Z.json,matthewschaefer,3.0,0.0,0.0,0.0,27:45,0.0,True,0.0,23.0,-1.0,,assists-nan-game-ou-over,,
PIT@PHI,Egor Chinakhov,PIT,f2,PP1,PTS,over,2.5,fanduel,1500,True,0.6188586726348237,0.6205277692541304,0.0250192349158783,0.0251916898456631,14.739930555555556,970.55,,"draftkings@0.5,sgo_fair@0.5",1.0472579744117947,0.0625,0.0251227078737492,-0.0373772921262507,-0.5980366740200124,-0.0001724549297847,3880,814844.0,pass,2026-09-30T22:56:39+00:00,sgo_slate_alt_20260930T225639Z.json,egorchinakhov,3.0,1.0,0.0,1.0,16:58,1.0,True,0.0,16.0,-1.0,,goals+assists-nan-game-ou-over,,
LAK@COL,Alex Laferriere,LAK,f2,PP2,PTS,over,2.5,fanduel,2500,True,0.4599351328517968,0.535385524051745,0.0115317358711935,0.0172133737124848,16.89103086155165,2074.2775,,"draftkings@0.5,sgo_fair@0.5",1.0472579744117947,0.0384615384615384,0.0149407185759683,-0.0235208198855701,-0.6115413170248238,-0.0056816378412912,6593,,pass,2026-09-30T22:56:39+00:00,sgo_slate_alt_20260930T225639Z.json,alexlaferriere,2.0,0.0,2.0,2.0,15:31,2.0,True,0.0,26.0,-1.0,,goals+assists-nan-game-ou-over,,
PIT@PHI,Tyson Foerster,PHI,f2,PP1,A,over,1.5,fanduel,900,True,0.2483601706406173,0.3437495285925812,0.0261805324007434,0.0471384524417642,16.527680162974278,1116.2733333333333,,"draftkings@0.5,pinnacle@0.5,sgo_fair@0.5",1.1144430424849077,0.1,0.0387552844253559,-0.061244715574644,-0.6124471557464407,-0.0209579200410208,2480,7170.0,pass,2026-09-30T22:56:39+00:00,sgo_slate_alt_20260930T225639Z.json,tysonfoerster,1.0,0.0,0.0,0.0,17:08,0.0,True,0.0,10.0,-1.0,TYSON_FOERSTER_1_NHL,assists-TYSON_FOERSTER_1_NHL-game-ou-over,870.0,0.003092783505154628
PIT@PHI,Tyson Foerster,PHI,f2,PP1,PTS,over,2.5,fanduel,1400,True,0.6241376615026002,0.6197100441035225,0.0255668647503317,0.0251071204780984,16.527680162974278,1116.2733333333333,,"draftkings@0.5,sgo_fair@0.5",1.0472579744117947,0.0666666666666666,0.0252910181869917,-0.0413756484796749,-0.6206347271951237,0.0004597442722332,3854,343521.0,pass,2026-09-30T22:56:39+00:00,sgo_slate_alt_20260930T225639Z.json,tysonfoerster,1.0,0.0,0.0,0.0,17:08,0.0,True,0.0,15.0,-1.0,TYSON_FOERSTER_1_NHL,goals+assists-TYSON_FOERSTER_1_NHL-game-ou-over,1400.0,6.938893903907228e-17
PIT@PHI,Matvei Michkov,PHI,f3,PP1,PTS,over,2.5,fanduel,1060,True,0.7178702648571117,0.6613131870978731,0.0363517432642197,0.0296045868969753,14.45386396011396,1802.7041666666669,,"draftkings@0.5,sgo_fair@0.5",1.0472579744117947,0.0862068965517241,0.032303449443873,-0.053903447107851,-0.6252799864510724,0.0067471563672443,2996,13592.0,pass,2026-09-30T22:56:39+00:00,sgo_slate_alt_20260930T225639Z.json,matveimichkov,1.0,0.0,0.0,0.0,15:47,0.0,True,0.0,11.6,-1.0,MATVEI_MICHKOV_1_NHL,goals+assists-MATVEI_MICHKOV_1_NHL-game-ou-over,1060.0,4.163336342344337e-17
NYI@TOR,Auston Matthews,TOR,f1,PP1,A,over,2.5,fanduel,2000,True,0.5277102844158762,0.5190368444410947,0.016576139570149,0.0158722774511542,19.35674712013165,1888.035,,"draftkings@0.5,pinnacle@0.5,sgo_fair@0.5",1.1144430424849077,0.0476190476190476,0.0161538222987521,-0.0314652253202954,-0.6607697317262039,0.0007038621189947,6090,,pass,2026-09-30T22:56:39+00:00,sgo_slate_alt_20260930T225639Z.json,austonmatthews,1.0,0.0,0.0,0.0,20:04,0.0,True,0.0,21.0,-1.0,,assists-nan-game-ou-over,,
PIT@PHI,Nick Robertson,PIT,f1,-,G,over,2.5,fanduel,20000,True,0.2082603184051912,0.2411103046027354,0.0012888158706479,0.0019518262014681,15.236584899893014,1360.1991666666663,,"pinnacle@0.5,sgo_fair@0.5",1.0777230155902748,0.0049751243781094,0.00168662206914,-0.0032885023089693,-0.6609889641028451,-0.0006630103308201,59190,,pass,2026-09-30T22:56:39+00:00,sgo_slate_alt_20260930T225639Z.json,nickrobertson,4.0,2.0,0.0,2.0,15:02,2.0,True,0.0,201.0,-1.0,,points-nan-game-ou-over,,
PIT@PHI,Travis Konecny,PHI,f2,PP2,A,over,2.5,fanduel,2000,True,0.5683656423644557,0.48435017147713,0.0201056137412732,0.0132289675268894,17.79007170032192,2230.1783333333337,,"draftkings@0.5,pinnacle@0.5,sgo_fair@0.5",1.1144430424849077,0.0476190476190476,0.0159796260126429,-0.0316394216064046,-0.6644278537344975,0.0068766462143838,6158,,pass,2026-09-30T22:56:39+00:00,sgo_slate_alt_20260930T225639Z.json,traviskonecny,2.0,0.0,0.0,0.0,14:47,0.0,True,0.0,21.0,-1.0,TRAVIS_KONECNY_1_NHL,assists-TRAVIS_KONECNY_1_NHL-game-ou-over,2500.0,-0.009157509157509139
PIT@PHI,Travis Konecny,PHI,f2,PP2,A,over,2.5,fanduel,2000,True,0.5683656423644557,0.48435017147713,0.0201056137412732,0.0132289675268894,17.79007170032192,2230.1783333333337,,"draftkings@0.5,pinnacle@0.5,sgo_fair@0.5",1.1144430424849077,0.0476190476190476,0.0159796260126429,-0.0316394216064046,-0.6644278537344975,0.0068766462143838,6158,,pass,2026-09-30T22:56:39+00:00,sgo_slate_alt_20260930T225639Z.json,traviskonecny,2.0,0.0,0.0,0.0,14:47,0.0,True,0.0,21.0,-1.0,TRAVIS_KONECNY_1_NHL,assists-TRAVIS_KONECNY_1_NHL-game-ou-over,2500.0,-0.009157509157509139
NYI@TOR,Jack Roslovic,TOR,f1,PP2,PTS,over,2.5,fanduel,1500,True,0.5456117379590346,0.5949874160873152,0.0180834139613554,0.0226230101573412,16.5629364333803,1610.1491666666666,,sgo_fair@0.5,1.0472579744117947,0.0625,0.0208071716789469,-0.041692828321053,-0.6670852531368494,-0.0045395961959858,4706,,pass,2026-09-30T22:56:39+00:00,sgo_slate_alt_20260930T225639Z.json,jackroslovic,2.0,0.0,1.0,1.0,14:53,1.0,True,0.0,16.0,-1.0,,goals+assists-nan-game-ou-over,,
PIT@PHI,Christian Dvorak,PHI,f2,-,PTS,over,2.5,fanduel,1800,True,0.5461256817625981,0.5033453036426875,0.0181277742407644,0.0146425797853515,16.72216638152267,2039.2425,,"draftkings@0.5,sgo_fair@0.5",1.0472579744117947,0.0526315789473684,0.0160366575675167,-0.0365949213798517,-0.6953035062171824,0.0034851944554129,6136,,pass,2026-09-30T22:56:39+00:00,sgo_slate_alt_20260930T225639Z.json,christiandvorak,2.0,0.0,0.0,0.0,14:58,0.0,True,0.0,19.0,-1.0,CHRISTIAN_DVORAK_1_NHL,goals+assists-CHRISTIAN_DVORAK_1_NHL-game-ou-over,2000.0,-0.005012531328320781
PIT@PHI,Ville Koivunen,PIT,f3,PP2,G,over,2.5,fanduel,35000,True,0.1204846293044838,0.1994658760393367,0.0002663902528091,0.0011397561794079,13.345999608763693,561.9791666666666,,sgo_fair@0.5,1.0777230155902748,0.0028490028490028,0.0007904098087684,-0.0020585930402344,-0.7225661571222806,-0.0008733659265988,126417,,pass,2026-09-30T22:56:39+00:00,sgo_slate_alt_20260930T225639Z.json,villekoivunen,2.0,1.0,0.0,1.0,13:50,1.0,True,0.0,351.0,-1.0,,points-nan-game-ou-over,,
PIT@PHI,Nick Robertson,PIT,f1,-,PTS,over,2.5,fanduel,1500,True,0.4200171794088591,0.5807629310229583,0.0090429819601215,0.0212575916295945,15.236584899893014,1360.1991666666663,,sgo_fair@0.5,1.0472579744117947,0.0625,0.0163717477618053,-0.0461282522381946,-0.7380520358111144,-0.012214609669473,6008,,pass,2026-09-30T22:56:39+00:00,sgo_slate_alt_20260930T225639Z.json,nickrobertson,4.0,2.0,0.0,2.0,15:02,2.0,True,0.0,16.0,-1.0,,goals+assists-nan-game-ou-over,,
LAK@COL,Brandt Clarke,LAK,d2,PP1,PTS,over,2.5,fanduel,1500,True,0.4555741845183585,0.5636011462404565,0.0112426567066601,0.0196723114671288,19.37295046968403,2195.145,,"draftkings@0.5,sgo_fair@0.5",1.0472579744117947,0.0625,0.0163004495629413,-0.0461995504370586,-0.7391928069929385,-0.0084296547604686,6035,,pass,2026-09-30T22:56:39+00:00,sgo_slate_alt_20260930T225639Z.json,brandtclarke,1.0,0.0,0.0,0.0,18:57,0.0,True,0.0,16.0,-1.0,,goals+assists-nan-game-ou-over,,
PIT@PHI,Matvei Michkov,PHI,f3,PP1,A,over,2.5,fanduel,2000,True,0.4565116931723393,0.4332479850835946,0.0113044440978355,0.009828920225207,14.45386396011396,1802.7041666666669,,"draftkings@0.5,sgo_fair@0.5",1.1144430424849077,0.0476190476190476,0.0104191297742584,-0.0371999178447891,-0.7811982747405729,0.0014755238726285,9498,,pass,2026-09-30T22:56:39+00:00,sgo_slate_alt_20260930T225639Z.json,matveimichkov,1.0,0.0,0.0,0.0,15:47,0.0,True,0.0,21.0,-1.0,MATVEI_MICHKOV_1_NHL,assists-MATVEI_MICHKOV_1_NHL-game-ou-over,2000.0,1.3877787807814457e-17
NYI@TOR,Easton Cowan,TOR,f3,PP2,G,over,2.5,fanduel,22500,True,0.1716104468491708,0.1950464866264777,0.0007410114433079,0.0010691670867185,14.114925373134328,986.9,,"pinnacle@0.5,sgo_fair@0.5",1.0777230155902748,0.0044247787610619,0.0009379048293543,-0.0034868739317076,-0.788033508565928,-0.0003281556434106,106521,,pass,2026-09-30T22:56:39+00:00,sgo_slate_alt_20260930T225639Z.json,eastoncowan,3.0,1.0,1.0,2.0,13:23,1.0,True,0.0,226.0,-1.0,,points-nan-game-ou-over,,
LAK@COL,Brandt Clarke,LAK,d2,PP1,A,over,2.5,fanduel,2000,True,0.3935217214847194,0.4428110681182439,0.0075834228019967,0.0104209515556717,19.37295046968403,2195.145,,"draftkings@0.5,pinnacle@0.5,sgo_fair@0.5",1.1144430424849077,0.0476190476190476,0.0092859400542017,-0.0383331075648458,-0.8049952588617633,-0.0028375287536749,10669,,pass,2026-09-30T22:56:39+00:00,sgo_slate_alt_20260930T225639Z.json,brandtclarke,1.0,0.0,0.0,0.0,18:57,0.0,True,0.0,21.0,-1.0,,assists-nan-game-ou-over,,
