game,player,team,role,pp,market,side,line,book,odds,alt,model_mean,mkt_mean,model_p,mkt_p,toi,hist_min,note,mkt_src,cal,implied,blend_p,edge,ev,gap,fair_blend,ceiling,decision,run_ts_utc,snapshot
PIT@PHI,Porter Martone,PHI,f1,PP1,SOG,over,4.5,fanduel,600,True,2.8617263496329413,2.847282767492061,0.1725759519122585,0.1703045591438554,17.520370370370372,153.36666666666667,,"draftkings@2.5,fanduel@2.5,pinnacle@2.5,sgo_fair@3.0",1.0501033526938741,0.14285714285714285,0.17121311625121666,0.028355973394073808,0.19849181375851654,0.002271392768403102,484,584.0,lean,2026-09-30T22:36:58+00:00,sgo_slate_alt_20260930T223657Z.json
PIT@PHI,Porter Martone,PHI,f1,PP1,SOG,over,3.5,fanduel,270,True,2.8617263496329413,2.847282767492061,0.3233512710199938,0.3203074232754924,17.520370370370372,153.36666666666667,,"draftkings@2.5,fanduel@2.5,pinnacle@2.5,sgo_fair@3.0",1.0501033526938741,0.2702702702702703,0.321524962373293,0.05125469210302269,0.18964236078118413,0.0030438477445013934,211,237.0,BET,2026-09-30T22:36:58+00:00,sgo_slate_alt_20260930T223657Z.json
PIT@PHI,Travis Konecny,PHI,f2,PP2,PTS,over,1.5,draftkings,370,True,0.8576142931254959,1.0191197854576217,0.21205049158232156,0.27127446916830356,17.79007170032192,2230.1783333333337,,"draftkings@0.5,sgo_fair@1.0",1.0522575427430254,0.2127659574468085,0.24758487813391078,0.03481892068710227,0.16364892722938063,-0.059223977585981996,304,349.0,BET,2026-09-30T22:36:58+00:00,sgo_slate_alt_20260930T223657Z.json
PIT@PHI,Evgeni Malkin,PIT,f2,PP2,A,over,0.5,fanduel,180,False,0.5878019954655425,0.47533860706231446,0.4444529613588395,0.3783254825600347,16.83075923787529,1529.4875,,"draftkings@0.5,pinnacle@0.5,sgo_fair@0.5",1.1071951647367635,0.35714285714285715,0.40477647407955664,0.047633616936699485,0.13337412742275845,0.06612747879880482,147,163.0,BET,2026-09-30T22:36:58+00:00,sgo_slate_alt_20260930T223657Z.json
NYI@TOR,Tony DeAngelo,NYI,d3,PP2,SOG,over,3.5,draftkings,650,True,1.9102586370925831,2.0543497930307884,0.13454056814600585,0.1602594437201854,18.18105358764759,1822.3483333333331,,"draftkings@1.5,sgo_fair@2.0",1.0501033526938741,0.13333333333333333,0.1499718934905136,0.016638560157180265,0.12478920117885206,-0.025718875574179567,567,700.0,lean,2026-09-30T22:36:58+00:00,sgo_slate_alt_20260930T223657Z.json
PIT@PHI,Evgeni Malkin,PIT,f2,PP2,A,over,1.5,fanduel,1060,True,0.5878019954655425,0.47533860706231446,0.1179013034705924,0.08281958339398524,16.83075923787529,1529.4875,,"draftkings@0.5,pinnacle@0.5,sgo_fair@0.5",1.1071951647367635,0.08620689655172414,0.0968522714246281,0.010645374872903957,0.12348634852568585,0.03508172007660716,933,1292.0,lean,2026-09-30T22:36:58+00:00,sgo_slate_alt_20260930T223657Z.json
PIT@PHI,Rickard Rakell,PIT,f1,PP1,G,over,1.5,fanduel,2000,True,0.3995698078964756,0.347604001433292,0.06143662622396636,0.048081445250279804,18.540236737515123,1840.311666666667,,"fanduel@0.5,pinnacle@0.5,sgo_fair@0.5",1.0771563327510214,0.047619047619047616,0.05342351763975443,0.00580447002070681,0.1218938704348429,0.013355180973686556,1772,3418.0,pass,2026-09-30T22:36:58+00:00,sgo_slate_alt_20260930T223657Z.json
LAK@COL,Adrian Kempe,LAK,f1,PP1,SOG,over,3.5,draftkings,255,True,2.726805296151498,2.864901153745354,0.29495138212993927,0.32402035536634344,18.629540939406837,2261.9791666666665,,"draftkings@2.5,fanduel@2.5,pinnacle@2.5,sgo_fair@3.0",1.0501033526938741,0.28169014084507044,0.3123927660717818,0.030702625226711355,0.1089943195548253,-0.029068973236404172,220,248.0,BET,2026-09-30T22:36:58+00:00,sgo_slate_alt_20260930T223657Z.json
PIT@PHI,Christian Dvorak,PHI,f2,-,G,over,1.5,fanduel,4500,False,0.2477904314096069,0.2298394300524447,0.026070246022155814,0.022694333818338804,16.72216638152267,2039.2425,,sgo_fair@0.5,1.0771563327510214,0.021739130434782608,0.024044698699865606,0.002305568265082998,0.10605614019381782,0.00337591220381701,4059,,pass,2026-09-30T22:36:58+00:00,sgo_slate_alt_20260930T223657Z.json
PIT@PHI,Sean Couturier,PHI,f4,-,G,over,1.5,fanduel,8000,False,0.17542903266307394,0.1746586840483879,0.013701091348912843,0.013587899933727913,13.676273301042125,1913.6066666666666,,sgo_fair@0.5,1.0771563327510214,0.012345679012345678,0.013633176499801884,0.001287497487456206,0.10428729648395252,0.00011319141518493017,7235,,pass,2026-09-30T22:36:58+00:00,sgo_slate_alt_20260930T223657Z.json
NYI@TOR,Bo Horvat,NYI,f1,PP1,PTS,over,1.5,fanduel,350,True,0.8050932018066709,1.0427583078969032,0.19303983680795606,0.2799663281494883,19.278630126057124,2147.2058333333334,,"draftkings@0.5,sgo_fair@1.0",1.0522575427430254,0.2222222222222222,0.2451957316128754,0.02297350939065318,0.10338079225793928,-0.08692649134153224,308,354.0,lean,2026-09-30T22:36:58+00:00,sgo_slate_alt_20260930T223657Z.json
PIT@PHI,Travis Konecny,PHI,f2,PP2,SOG,over,2.5,fanduel,215,True,2.145959220793068,2.0711828002167736,0.3608126174047958,0.341570833091898,17.79007170032192,2230.1783333333337,,"draftkings@1.5,fanduel@1.5,pinnacle@1.5,sgo_fair@2.0",1.0501033526938741,0.31746031746031744,0.34926754681705713,0.031807229356739686,0.10019277247372993,0.019241784312897803,186,208.0,BET,2026-09-30T22:36:58+00:00,sgo_slate_alt_20260930T223657Z.json
LAK@COL,Artturi Lehkonen,COL,f1,PP2,G,over,1.5,fanduel,2500,True,0.35176295388569606,0.3032419220004773,0.0491066060376608,0.03765953355246233,18.532657100445324,1926.55,,"fanduel@0.5,pinnacle@0.5,sgo_fair@0.5",1.0771563327510214,0.038461538461538464,0.042238362546541716,0.0037768240850032525,0.09819742621008465,0.011447072485198474,2268,5701.0,pass,2026-09-30T22:36:58+00:00,sgo_slate_alt_20260930T223657Z.json
PIT@PHI,Porter Martone,PHI,f1,PP1,SOG,over,2.5,fanduel,106,False,2.8617263496329413,2.847282767492061,0.5329432697501902,0.529762723261226,17.520370370370372,153.36666666666667,,"draftkings@2.5,fanduel@2.5,pinnacle@2.5,sgo_fair@3.0",1.0501033526938741,0.4854368932038835,0.5310349418568117,0.04559804865292816,0.09393198022503202,0.0031805464889642643,-113,-102.0,BET,2026-09-30T22:36:58+00:00,sgo_slate_alt_20260930T223657Z.json
PIT@PHI,Owen Tippett,PHI,f1,PP2,SOG,over,3.5,fanduel,280,True,2.827459759703457,2.5992621420479396,0.31613050316795405,0.26827539309147225,17.293983282893787,1918.3983333333333,,"draftkings@2.5,fanduel@2.5,pinnacle@2.5,sgo_fair@2.5",1.0501033526938741,0.2631578947368421,0.28741743712206497,0.024259542385222876,0.09218626106384686,0.0478551100764818,248,281.0,lean,2026-09-30T22:36:58+00:00,sgo_slate_alt_20260930T223657Z.json
PIT@PHI,Travis Konecny,PHI,f2,PP2,PTS,over,2.5,draftkings,1400,True,0.8576142931254959,1.0191197854576217,0.056060451351623346,0.08385169085742177,17.79007170032192,2230.1783333333337,,"draftkings@0.5,sgo_fair@1.0",1.0522575427430254,0.06666666666666667,0.0727351950551024,0.006068528388435732,0.09102792582653585,-0.02779123950579842,1275,1995.0,pass,2026-09-30T22:36:58+00:00,sgo_slate_alt_20260930T223657Z.json
NYI@TOR,Tony DeAngelo,NYI,d3,PP2,SOG,over,4.5,draftkings,1700,True,1.9102586370925831,2.0543497930307884,0.05202028047034366,0.06583272389583705,18.18105358764759,1822.3483333333331,,"draftkings@1.5,sgo_fair@2.0",1.0501033526938741,0.05555555555555555,0.0603077465256397,0.004752190970084148,0.0855394374615146,-0.013812443425493391,1558,2732.0,pass,2026-09-30T22:36:58+00:00,sgo_slate_alt_20260930T223657Z.json
LAK@COL,Adrian Kempe,LAK,f1,PP1,SOG,over,5.5,draftkings,1300,True,2.726805296151498,2.864901153745354,0.06971641008123511,0.08267556831106466,18.629540939406837,2261.9791666666665,,"draftkings@2.5,fanduel@2.5,pinnacle@2.5,sgo_fair@3.0",1.0501033526938741,0.07142857142857142,0.07749190501913283,0.006063333590561409,0.08488667026785968,-0.012959158229829557,1190,1805.0,pass,2026-09-30T22:36:58+00:00,sgo_slate_alt_20260930T223657Z.json
PIT@PHI,Trevor Zegras,PHI,f1,PP1,PTS,over,1.5,fanduel,330,True,0.8640695640116006,1.0359170848419532,0.21440000530592035,0.27745148432029354,18.15746991717456,1953.2883333333334,,"draftkings@0.5,sgo_fair@1.0",1.0522575427430254,0.23255813953488372,0.25223089271454424,0.019672753179660524,0.08459283867254008,-0.06305147901437319,296,340.0,lean,2026-09-30T22:36:58+00:00,sgo_slate_alt_20260930T223657Z.json
LAK@COL,Nazem Kadri,COL,f2,PP2,SOG,over,3.5,fanduel,325,True,2.727911457110763,2.396569607305325,0.2951837040051266,0.2266346641593574,17.56882499268364,2179.7783333333336,,"draftkings@2.5,fanduel@2.5,pinnacle@2.5,sgo_fair@2.5",1.0501033526938741,0.23529411764705882,0.25405428009766506,0.018760162450606244,0.07973069041507652,0.06854903984576921,294,337.0,lean,2026-09-30T22:36:58+00:00,sgo_slate_alt_20260930T223657Z.json
NYI@TOR,Tony DeAngelo,NYI,d3,PP2,SOG,over,2.5,draftkings,235,True,1.9102586370925831,2.0543497930307884,0.29986885870053165,0.33722327670720736,18.18105358764759,1822.3483333333331,,"draftkings@1.5,sgo_fair@2.0",1.0501033526938741,0.29850746268656714,0.32228150950453704,0.023774046817969907,0.07964305684019912,-0.037354418006675716,210,236.0,lean,2026-09-30T22:36:58+00:00,sgo_slate_alt_20260930T223657Z.json
NYI@TOR,William Nylander,TOR,f2,PP1,PTS,over,1.5,fanduel,265,True,1.0828565192980069,1.0851222219713565,0.29468886067302236,0.2955195856342049,17.72223436993845,2000.8358333333333,,"draftkings@0.5,sgo_fair@1.0",1.0522575427430254,0.273972602739726,0.2951872956497319,0.021214692910005883,0.07743362912152141,-0.0008307249611825274,239,270.0,lean,2026-09-30T22:36:58+00:00,sgo_slate_alt_20260930T223657Z.json
PIT@PHI,Owen Tippett,PHI,f1,PP2,SOG,over,4.5,fanduel,630,True,2.827459759703457,2.5992621420479396,0.16720423083186678,0.1330664941752009,17.293983282893787,1918.3983333333333,,"draftkings@2.5,fanduel@2.5,pinnacle@2.5,sgo_fair@2.5",1.0501033526938741,0.136986301369863,0.14672158883786723,0.009735287468004228,0.07106759851643085,0.03413773665666589,582,722.0,pass,2026-09-30T22:36:58+00:00,sgo_slate_alt_20260930T223657Z.json
LAK@COL,Adrian Kempe,LAK,f1,PP1,SOG,over,4.5,draftkings,550,True,2.726805296151498,2.864901153745354,0.15178068488065788,0.17307660387363177,18.629540939406837,2261.9791666666665,,"draftkings@2.5,fanduel@2.5,pinnacle@2.5,sgo_fair@3.0",1.0501033526938741,0.15384615384615385,0.16455823627644223,0.010712082430288372,0.06962853579687445,-0.021295918992973895,508,617.0,lean,2026-09-30T22:36:58+00:00,sgo_slate_alt_20260930T223657Z.json
LAK@COL,Adrian Kempe,LAK,f1,PP1,SOG,over,2.5,draftkings,105,False,2.726805296151498,2.864901153745354,0.5026962370849776,0.5336404952478936,18.629540939406837,2261.9791666666665,,"draftkings@2.5,fanduel@2.5,pinnacle@2.5,sgo_fair@3.0",1.0501033526938741,0.4878048780487805,0.5212627919827272,0.033457913933946704,0.06858872356459056,-0.030944258162916016,-109,102.0,BET,2026-09-30T22:36:58+00:00,sgo_slate_alt_20260930T223657Z.json
PIT@PHI,Travis Konecny,PHI,f2,PP2,PTS,over,0.5,draftkings,-135,False,0.8576142931254959,1.0191197854576217,0.575827171801134,0.6390875191852301,17.79007170032192,2230.1783333333337,,"draftkings@0.5,sgo_fair@1.0",1.0522575427430254,0.574468085106383,0.6137833802315917,0.039315295125208705,0.06843773595869673,-0.06326034738409614,-159,-143.0,BET,2026-09-30T22:36:58+00:00,sgo_slate_alt_20260930T223657Z.json
NYI@TOR,Kyle Palmieri,NYI,f1,PP1,G,over,1.5,fanduel,2700,True,0.3324178734624247,0.28629854706769214,0.04440646766770932,0.03394044594522456,18.330910070005388,1155.1666666666667,,"fanduel@0.5,pinnacle@0.5,sgo_fair@0.5",1.0771563327510214,0.03571428571428571,0.038126854634218464,0.002412568919932752,0.06755192975811708,0.010466021722484765,2523,7518.0,pass,2026-09-30T22:36:58+00:00,sgo_slate_alt_20260930T223657Z.json
NYI@TOR,John Tavares,TOR,f2,PP1,G,over,1.5,fanduel,1700,True,0.436741374092731,0.35904791366302025,0.07166605784663997,0.05092126976776536,17.08891862955032,2122.2625,,"fanduel@0.5,pinnacle@0.5,sgo_fair@0.5",1.0771563327510214,0.05555555555555555,0.05921918499931521,0.0036636294437596556,0.06594532998767377,0.02074478807887461,1589,2822.0,pass,2026-09-30T22:36:58+00:00,sgo_slate_alt_20260930T223657Z.json
NYI@TOR,Tony DeAngelo,NYI,d3,PP2,SOG,over,2.5,fanduel,230,True,1.9102586370925831,2.0543497930307884,0.29986885870053165,0.33722327670720736,18.18105358764759,1822.3483333333331,,"draftkings@1.5,sgo_fair@2.0",1.0501033526938741,0.30303030303030304,0.32228150950453704,0.019251206474234006,0.0635289813649722,-0.037354418006675716,210,236.0,lean,2026-09-30T22:36:58+00:00,sgo_slate_alt_20260930T223657Z.json
PIT@PHI,Porter Martone,PHI,f1,PP1,A,over,0.5,draftkings,180,False,0.5579302430860641,0.4264977984175514,0.4276074478979788,0.3472086972521542,17.520370370370372,153.36666666666667,,"draftkings@0.5,pinnacle@0.5,sgo_fair@0.5",1.1071951647367635,0.35714285714285715,0.379368197510484,0.022225340367626856,0.06223095302935522,0.08039875064582458,164,182.0,lean,2026-09-30T22:36:58+00:00,sgo_slate_alt_20260930T223657Z.json
NYI@TOR,William Nylander,TOR,f2,PP1,PTS,over,2.5,fanduel,1000,True,1.0828565192980069,1.0851222219713565,0.09615562333297308,0.09660587183312708,17.72223436993845,2000.8358333333333,,"draftkings@0.5,sgo_fair@1.0",1.0522575427430254,0.09090909090909091,0.09642577243306547,0.005516681523974554,0.0606834967637202,-0.00045024850015400186,937,1300.0,pass,2026-09-30T22:36:58+00:00,sgo_slate_alt_20260930T223657Z.json
LAK@COL,Devon Toews,COL,d1,PP2,SOG,over,2.5,draftkings,250,True,1.7549065005085098,2.031765832456246,0.25962399979304546,0.3313829616268763,22.805984996738424,2362.0433333333335,,"draftkings@1.5,sgo_fair@2.0",1.0501033526938741,0.2857142857142857,0.30267937689334395,0.016965091179058256,0.05937781912670381,-0.07175896183383085,230,260.0,lean,2026-09-30T22:36:58+00:00,sgo_slate_alt_20260930T223657Z.json
PIT@PHI,Trevor Zegras,PHI,f1,PP1,PTS,over,1.5,draftkings,320,True,0.8640695640116006,1.0359170848419532,0.21440000530592035,0.27745148432029354,18.15746991717456,1953.2883333333334,,"draftkings@0.5,sgo_fair@1.0",1.0522575427430254,0.23809523809523808,0.25223089271454424,0.01413565461930616,0.05936974940108586,-0.06305147901437319,296,340.0,lean,2026-09-30T22:36:58+00:00,sgo_slate_alt_20260930T223657Z.json
NYI@TOR,Emil Heineman,NYI,f3,-,G,over,1.5,fanduel,5500,False,0.21984609947911743,0.20026746965027514,0.02089990212632119,0.017566916856165196,14.394946163178647,1680.3591666666666,,sgo_fair@0.5,1.0771563327510214,0.017857142857142856,0.018900110964227595,0.0010429681070847387,0.05840621399674539,0.003332985270155995,5191,,pass,2026-09-30T22:36:58+00:00,sgo_slate_alt_20260930T223657Z.json
PIT@PHI,Trevor Zegras,PHI,f1,PP1,SOG,over,2.5,fanduel,225,True,2.177320181188752,1.8958702366359619,0.36884100105089385,0.2961331286403261,18.15746991717456,1953.2883333333334,,"draftkings@1.5,fanduel@1.5,pinnacle@1.5,sgo_fair@1.5",1.0501033526938741,0.3076923076923077,0.3252162776045532,0.017523969912245474,0.056952902214797874,0.07270787241056775,207,233.0,lean,2026-09-30T22:36:58+00:00,sgo_slate_alt_20260930T223657Z.json
NYI@TOR,Kyle Palmieri,NYI,f1,PP1,G,over,0.5,fanduel,300,False,0.3324178734624247,0.28629854706769214,0.282812433422945,0.24896163782735264,18.330910070005388,1155.1666666666667,,"fanduel@0.5,pinnacle@0.5,sgo_fair@0.5",1.0771563327510214,0.25,0.26250195606558957,0.01250195606558957,0.05000782426235828,0.03385079559559234,281,321.0,lean,2026-09-30T22:36:58+00:00,sgo_slate_alt_20260930T223657Z.json
PIT@PHI,Rickard Rakell,PIT,f1,PP1,SOG,over,3.5,fanduel,325,True,2.5605191408268344,2.450920638608196,0.2602300887041115,0.23767860217935693,18.540236737515123,1840.311666666667,,"draftkings@2.5,fanduel@2.5,pinnacle@2.5,sgo_fair@2.5",1.0501033526938741,0.23529411764705882,0.24669919678925878,0.011405079142199959,0.048471586354349894,0.022551486524754583,305,351.0,lean,2026-09-30T22:36:58+00:00,sgo_slate_alt_20260930T223657Z.json
LAK@COL,Nazem Kadri,COL,f2,PP2,SOG,over,2.5,fanduel,130,False,2.727911457110763,2.396569607305325,0.5029490207797164,0.4240114882375339,17.56882499268364,2179.7783333333336,,"draftkings@2.5,fanduel@2.5,pinnacle@2.5,sgo_fair@2.5",1.0501033526938741,0.43478260869565216,0.4555865012544069,0.020803892558754755,0.0478489528851358,0.0789375325421825,119,132.0,lean,2026-09-30T22:36:58+00:00,sgo_slate_alt_20260930T223657Z.json
LAK@COL,Artemi Panarin,LAK,f1,PP1,PTS,over,1.5,draftkings,285,True,0.9554759854349528,1.0646749654429828,0.24786718190541807,0.2880176471080701,19.238125,2334.2925,,"draftkings@0.5,sgo_fair@1.0",1.0522575427430254,0.2597402597402597,0.2719574610270093,0.01221720128674958,0.04703622495398574,-0.04015046520265203,268,305.0,lean,2026-09-30T22:36:58+00:00,sgo_slate_alt_20260930T223657Z.json
PIT@PHI,Rickard Rakell,PIT,f1,PP1,G,over,0.5,fanduel,240,False,0.3995698078964756,0.347604001433292,0.3293915255383546,0.293621454271972,18.540236737515123,1840.311666666667,,"fanduel@0.5,pinnacle@0.5,sgo_fair@0.5",1.0771563327510214,0.29411764705882354,0.30792948277852505,0.013811835719701515,0.046960241446985185,0.0357700712663826,225,253.0,lean,2026-09-30T22:36:58+00:00,sgo_slate_alt_20260930T223657Z.json
NYI@TOR,John Tavares,TOR,f2,PP1,SOG,over,2.5,fanduel,154,False,2.493402450010554,2.2489417721844474,0.4477066046120599,0.3870630704962462,17.08891862955032,2122.2625,,"draftkings@2.5,fanduel@2.5,pinnacle@2.5,sgo_fair@2.5",1.0501033526938741,0.3937007874015748,0.4113204841425717,0.017619696740996893,0.04475402972213227,0.06064353411581369,143,159.0,lean,2026-09-30T22:36:58+00:00,sgo_slate_alt_20260930T223657Z.json
NYI@TOR,Brayden Schenn,NYI,f2,PP1,G,over,0.5,fanduel,360,False,0.28146871950144386,0.24134102469837387,0.24532547809863445,0.2144263193246135,16.50940975192472,1989.5,,"fanduel@0.5,pinnacle@0.5,sgo_fair@0.5",1.0771563327510214,0.21739130434782608,0.22678598283422186,0.009394678486395774,0.043215521037420546,0.03089915877402094,341,396.0,pass,2026-09-30T22:36:58+00:00,sgo_slate_alt_20260930T223657Z.json
PIT@PHI,Rickard Rakell,PIT,f1,PP1,SOG,over,2.5,fanduel,132,False,2.5605191408268344,2.450920638608196,0.4638425261836383,0.43736914513580516,18.540236737515123,1840.311666666667,,"draftkings@2.5,fanduel@2.5,pinnacle@2.5,sgo_fair@2.5",1.0501033526938741,0.43103448275862066,0.44795849755493844,0.016924014796317777,0.03926371432745723,0.026473381047833144,123,136.0,lean,2026-09-30T22:36:58+00:00,sgo_slate_alt_20260930T223657Z.json
LAK@COL,Cale Makar,COL,d1,PP1,SOG,over,3.5,fanduel,230,True,2.752612087547682,2.8657877502754565,0.30037453912825823,0.32420720483413606,23.81464714714715,2789.351666666667,,"draftkings@2.5,fanduel@2.5,pinnacle@2.5,sgo_fair@3.0",1.0501033526938741,0.30303030303030304,0.31467413855178494,0.011643835521481904,0.03842465722089017,-0.02383266570587783,218,245.0,lean,2026-09-30T22:36:58+00:00,sgo_slate_alt_20260930T223657Z.json
PIT@PHI,Owen Tippett,PHI,f1,PP2,SOG,over,2.5,fanduel,110,False,2.827459759703457,2.5992621420479396,0.5253748563235322,0.473042213994101,17.293983282893787,1918.3983333333333,,"draftkings@2.5,fanduel@2.5,pinnacle@2.5,sgo_fair@2.5",1.0501033526938741,0.47619047619047616,0.49397527092587346,0.01778479473539729,0.0373480689443344,0.05233264232943119,102,113.0,lean,2026-09-30T22:36:58+00:00,sgo_slate_alt_20260930T223657Z.json
LAK@COL,Mats Zuccarello,LAK,f2,PP1,A,over,1.5,draftkings,1200,True,0.5408989402050606,0.4104799462630263,0.10285068170163554,0.06438378413281048,17.496636128076993,1710.3441666666665,,"draftkings@0.5,pinnacle@0.5,sgo_fair@0.5",1.1071951647367635,0.07692307692307693,0.07977054316034052,0.0028474662372635906,0.037017061084426706,0.038466897568825056,1154,1726.0,pass,2026-09-30T22:36:58+00:00,sgo_slate_alt_20260930T223657Z.json
LAK@COL,Adrian Kempe,LAK,f1,PP1,SOG,over,1.5,draftkings,-265,True,2.726805296151498,2.864901153745354,0.7381128139983817,0.7609834500822708,18.629540939406837,2261.9791666666665,,"draftkings@2.5,fanduel@2.5,pinnacle@2.5,sgo_fair@3.0",1.0501033526938741,0.726027397260274,0.751835195648715,0.02580779838844105,0.03554659023313578,-0.022870636083889062,-303,-266.0,lean,2026-09-30T22:36:58+00:00,sgo_slate_alt_20260930T223657Z.json
LAK@COL,Adrian Kempe,LAK,f1,PP1,G,over,1.5,fanduel,1900,True,0.38480854968765804,0.34594718329018204,0.057525721619767926,0.0476752635053944,18.629540939406837,2261.9791666666665,,"fanduel@0.5,pinnacle@0.5,sgo_fair@0.5",1.0771563327510214,0.05,0.05161544675114381,0.0016154467511438064,0.03230893502287624,0.009850458114373524,1837,3657.0,pass,2026-09-30T22:36:58+00:00,sgo_slate_alt_20260930T223657Z.json
PIT@PHI,Porter Martone,PHI,f1,PP1,A,over,0.5,fanduel,172,False,0.5579302430860641,0.4264977984175514,0.4276074478979788,0.3472086972521542,17.520370370370372,153.36666666666667,,"draftkings@0.5,pinnacle@0.5,sgo_fair@0.5",1.1071951647367635,0.36764705882352944,0.379368197510484,0.011721138686954569,0.03188149722851641,0.08039875064582458,164,182.0,lean,2026-09-30T22:36:58+00:00,sgo_slate_alt_20260930T223657Z.json
PIT@PHI,Trevor Zegras,PHI,f1,PP1,PTS,over,0.5,draftkings,-150,False,0.8640695640116006,1.0359170848419532,0.578556503544097,0.6450992424694951,18.15746991717456,1953.2883333333334,,"draftkings@0.5,sgo_fair@1.0",1.0522575427430254,0.6,0.6184821468993359,0.018482146899335916,0.030803578165559786,-0.06654273892539808,-162,-146.0,lean,2026-09-30T22:36:58+00:00,sgo_slate_alt_20260930T223657Z.json
NYI@TOR,John Tavares,TOR,f2,PP1,SOG,over,3.5,fanduel,375,True,2.493402450010554,2.2489417721844474,0.24637918920044358,0.19724225666391226,17.08891862955032,2122.2625,,"draftkings@2.5,fanduel@2.5,pinnacle@2.5,sgo_fair@2.5",1.0501033526938741,0.21052631578947367,0.21689702967852478,0.006370713889051111,0.03026089097299267,0.049136932536531314,361,421.0,pass,2026-09-30T22:36:58+00:00,sgo_slate_alt_20260930T223657Z.json
LAK@COL,Devon Toews,COL,d1,PP2,SOG,over,3.5,draftkings,650,True,1.7549065005085098,2.031765832456246,0.10876341571840496,0.1561252304427501,22.805984996738424,2362.0433333333335,,"draftkings@1.5,sgo_fair@2.0",1.0501033526938741,0.13333333333333333,0.13718050455301203,0.0038471712196787022,0.02885378414759021,-0.04736181472434513,629,791.0,pass,2026-09-30T22:36:58+00:00,sgo_slate_alt_20260930T223657Z.json
NYI@TOR,Tony DeAngelo,NYI,d3,PP2,SOG,over,1.5,draftkings,-130,False,1.9102586370925831,2.0543497930307884,0.5585496878124809,0.5962262539371208,18.18105358764759,1822.3483333333331,,"draftkings@1.5,sgo_fair@2.0",1.0501033526938741,0.5652173913043478,0.5811556274872649,0.01593823618291712,0.02819841786208399,-0.037676566124639876,-139,-125.0,lean,2026-09-30T22:36:58+00:00,sgo_slate_alt_20260930T223657Z.json
LAK@COL,Devon Toews,COL,d1,PP2,SOG,over,1.5,draftkings,-120,False,1.7549065005085098,2.031765832456246,0.5149095583098059,0.5904988015015333,22.805984996738424,2362.0433333333335,,"draftkings@1.5,sgo_fair@2.0",1.0501033526938741,0.5454545454545454,0.5602631042248424,0.014808558770296965,0.02714902441221101,-0.07558924319172744,-127,-115.0,lean,2026-09-30T22:36:58+00:00,sgo_slate_alt_20260930T223657Z.json
PIT@PHI,Evgeni Malkin,PIT,f2,PP2,PTS,over,1.5,fanduel,470,True,0.8261412069438335,0.7296746466962777,0.20063378493700795,0.16618299683625873,16.83075923787529,1529.4875,,"draftkings@0.5,sgo_fair@0.5",1.0522575427430254,0.17543859649122806,0.1799633120765584,0.004524715585330352,0.02579087883638298,0.034450788100749224,456,545.0,pass,2026-09-30T22:36:58+00:00,sgo_slate_alt_20260930T223657Z.json
PIT@PHI,Owen Tippett,PHI,f1,PP2,G,over,1.5,fanduel,2200,True,0.3701415527648481,0.30677742215604453,0.053730148267091576,0.03845440921055992,17.293983282893787,1918.3983333333333,,"fanduel@0.5,pinnacle@0.5,sgo_fair@0.5",1.0771563327510214,0.043478260869565216,0.04456470483317258,0.001086443963607367,0.024988211162969343,0.015275739056531658,2144,5011.0,pass,2026-09-30T22:36:58+00:00,sgo_slate_alt_20260930T223657Z.json
NYI@TOR,Darren Raddysh,TOR,d1,PP1,A,over,0.5,draftkings,135,False,0.6527892151450542,0.5228162585183908,0.47940829242734867,0.4071514201351006,21.772137732023086,2248.5808333333334,,"draftkings@0.5,pinnacle@0.5,sgo_fair@0.5",1.1071951647367635,0.425531914893617,0.4360541690519998,0.01052225415838276,0.024727297272199467,0.07225687229224809,129,143.0,lean,2026-09-30T22:36:58+00:00,sgo_slate_alt_20260930T223657Z.json
LAK@COL,Devon Toews,COL,d1,PP2,SOG,over,4.5,draftkings,1800,True,1.7549065005085098,2.031765832456246,0.039139900095936694,0.06355080294717239,22.805984996738424,2362.0433333333335,,"draftkings@1.5,sgo_fair@2.0",1.0501033526938741,0.05263157894736842,0.053786441806678104,0.0011548628593096855,0.02194239432688394,-0.02441090285123569,1759,3374.0,pass,2026-09-30T22:36:58+00:00,sgo_slate_alt_20260930T223657Z.json
PIT@PHI,Porter Martone,PHI,f1,PP1,SOG,over,1.5,fanduel,-290,True,2.8617263496329413,2.847282767492061,0.760479086417148,0.7581720236885722,17.520370370370372,153.36666666666667,,"draftkings@2.5,fanduel@2.5,pinnacle@2.5,sgo_fair@3.0",1.0501033526938741,0.7435897435897436,0.7590948487800024,0.015505105190258828,0.020851693186899833,0.002307062728575837,-315,-276.0,lean,2026-09-30T22:36:58+00:00,sgo_slate_alt_20260930T223657Z.json
LAK@COL,Artturi Lehkonen,COL,f1,PP2,G,over,0.5,fanduel,270,False,0.35176295388569606,0.3032419220004773,0.29655314844295855,0.2615795653884856,18.532657100445324,1926.55,,"fanduel@0.5,pinnacle@0.5,sgo_fair@0.5",1.0771563327510214,0.2702702702702703,0.2755689986102748,0.005298728340004499,0.019605294858016764,0.034973583054472956,263,299.0,pass,2026-09-30T22:36:58+00:00,sgo_slate_alt_20260930T223657Z.json
PIT@PHI,Travis Konecny,PHI,f2,PP2,SOG,over,1.5,fanduel,-148,False,2.145959220793068,2.0711828002167736,0.6187873751728592,0.600452469350711,17.79007170032192,2230.1783333333337,,"draftkings@1.5,fanduel@1.5,pinnacle@1.5,sgo_fair@2.0",1.0501033526938741,0.5967741935483871,0.6077864316795702,0.011012238131183127,0.018452939571171667,0.01833490582214825,-155,-140.0,pass,2026-09-30T22:36:58+00:00,sgo_slate_alt_20260930T223657Z.json
LAK@COL,Cale Makar,COL,d1,PP1,SOG,over,2.5,fanduel,-106,False,2.752612087547682,2.8657877502754565,0.508573381785913,0.5338350811972468,23.81464714714715,2789.351666666667,,"draftkings@2.5,fanduel@2.5,pinnacle@2.5,sgo_fair@3.0",1.0501033526938741,0.5145631067961165,0.5237304014327133,0.009167294636596823,0.0178156858031977,-0.025261699411333716,-110,101.0,pass,2026-09-30T22:36:58+00:00,sgo_slate_alt_20260930T223657Z.json
LAK@COL,Quinton Byfield,LAK,f1,PP1,SOG,under,2.5,fanduel,-140,False,2.136336181942233,2.459191254511227,0.6416562232699055,0.5606110213041229,18.790998989461528,2260.741666666667,,"draftkings@2.5,fanduel@2.5,pinnacle@2.5,sgo_fair@2.5",1.0501033526938741,0.5833333333333334,0.5930291020904359,0.00969576875710254,0.016621317869318863,0.08104520196578258,-146,-131.0,pass,2026-09-30T22:36:58+00:00,sgo_slate_alt_20260930T223657Z.json
NYI@TOR,Bo Horvat,NYI,f1,PP1,PTS,over,0.5,fanduel,-150,False,0.8050932018066709,1.0427583078969032,0.5529537409013678,0.6475189115290818,19.278630126057124,2147.2058333333334,,"draftkings@0.5,sgo_fair@1.0",1.0522575427430254,0.6,0.6096928432779962,0.009692843277996244,0.016154738796660295,-0.09456517062771397,-156,-141.0,pass,2026-09-30T22:36:58+00:00,sgo_slate_alt_20260930T223657Z.json
LAK@COL,Adrian Kempe,LAK,f1,PP1,G,over,0.5,fanduel,235,False,0.38480854968765804,0.34594718329018204,0.3194190788374277,0.2924501434249166,18.629540939406837,2261.9791666666665,,"fanduel@0.5,pinnacle@0.5,sgo_fair@0.5",1.0771563327510214,0.29850746268656714,0.303237717589921,0.004730254903353881,0.015846353926235457,0.026968935412511108,230,259.0,pass,2026-09-30T22:36:58+00:00,sgo_slate_alt_20260930T223657Z.json
LAK@COL,Mats Zuccarello,LAK,f2,PP1,A,over,0.5,draftkings,175,False,0.5408989402050606,0.4104799462630263,0.4177753680725013,0.33666818989802516,17.496636128076993,1710.3441666666665,,"draftkings@0.5,pinnacle@0.5,sgo_fair@0.5",1.1071951647367635,0.36363636363636365,0.3691110611678156,0.005474697531451966,0.015055418211493032,0.08110717817447616,171,191.0,pass,2026-09-30T22:36:58+00:00,sgo_slate_alt_20260930T223657Z.json
LAK@COL,Brock Nelson,COL,f2,PP2,A,over,0.5,draftkings,230,False,0.3892929325236413,0.35331719189794064,0.3224642313209342,0.29764562307652054,17.712678062678066,2272.766666666667,,"draftkings@0.5,pinnacle@0.5,sgo_fair@0.5",1.1071951647367635,0.30303030303030304,0.307573066374286,0.0045427633439829584,0.014991119035143718,0.024818608244413676,225,254.0,pass,2026-09-30T22:36:58+00:00,sgo_slate_alt_20260930T223657Z.json
PIT@PHI,Porter Martone,PHI,f1,PP1,A,over,1.5,draftkings,1100,True,0.5579302430860641,0.4264977984175514,0.10825233216304522,0.06879464380407267,17.520370370370372,153.36666666666667,,"draftkings@0.5,pinnacle@0.5,sgo_fair@0.5",1.1071951647367635,0.08333333333333333,0.08457771914766168,0.0012443858143283554,0.01493262977194032,0.03945768835897255,1082,1578.0,pass,2026-09-30T22:36:58+00:00,sgo_slate_alt_20260930T223657Z.json
NYI@TOR,Brayden Schenn,NYI,f2,PP1,SOG,over,2.5,fanduel,265,True,1.7670895145495848,1.863460286238935,0.2627675719865363,0.2877207908911641,16.50940975192472,1989.5,,"draftkings@1.5,fanduel@1.5,pinnacle@1.5,sgo_fair@2.0",1.0501033526938741,0.273972602739726,0.27773950332931296,0.0037669005895869523,0.01374918715199236,-0.024953218904627816,260,296.0,pass,2026-09-30T22:36:58+00:00,sgo_slate_alt_20260930T223657Z.json
NYI@TOR,Jean-Gabriel Pageau,NYI,f3,-,G,over,1.5,fanduel,6000,False,0.19988421391090358,0.19068980646448558,0.017504141170917503,0.016027173824501723,14.798847558192605,1763.5024999999998,,sgo_fair@0.5,1.0771563327510214,0.01639344262295082,0.016617960763068033,0.0002245181401172129,0.013695606547150074,0.0014769673464157806,5918,,pass,2026-09-30T22:36:58+00:00,sgo_slate_alt_20260930T223657Z.json
LAK@COL,Artemi Panarin,LAK,f1,PP1,PTS,over,2.5,draftkings,1100,True,0.9554759854349528,1.0646749654429828,0.07229665659826803,0.09257396935113515,19.238125,2334.2925,,"draftkings@0.5,sgo_fair@1.0",1.0522575427430254,0.08333333333333333,0.08446304424998831,0.0011297109166549801,0.013556530999859762,-0.02027731275286712,1084,1582.0,pass,2026-09-30T22:36:58+00:00,sgo_slate_alt_20260930T223657Z.json
PIT@PHI,Alex Bump,PHI,f3,PP2,G,over,0.5,draftkings,400,False,0.2563718401133982,0.20679971408241,0.22614583473344974,0.1868174973178062,13.070588235294117,214.9,,"pinnacle@0.5,sgo_fair@0.5",1.0771563327510214,0.2,0.20254883228406362,0.002548832284063607,0.01274416142031809,0.03932833741564354,394,463.0,pass,2026-09-30T22:36:58+00:00,sgo_slate_alt_20260930T223657Z.json
PIT@PHI,Connor Dewar,PIT,f4,-,G,over,0.5,fanduel,700,False,0.14347284158957066,0.12971525616335372,0.13365567159740727,0.12165450121654506,11.95554718875502,1335.745,,sgo_fair@0.5,1.0771563327510214,0.125,0.12645496936888995,0.0014549693688899468,0.011639754951119574,0.012001170380862208,691,886.0,pass,2026-09-30T22:36:58+00:00,sgo_slate_alt_20260930T223657Z.json
PIT@PHI,Connor Dewar,PIT,f4,-,G,over,0.5,draftkings,700,False,0.14347284158957066,0.12971525616335372,0.13365567159740727,0.12165450121654506,11.95554718875502,1335.745,,sgo_fair@0.5,1.0771563327510214,0.125,0.12645496936888995,0.0014549693688899468,0.011639754951119574,0.012001170380862208,691,886.0,pass,2026-09-30T22:36:58+00:00,sgo_slate_alt_20260930T223657Z.json
PIT@PHI,Kris Letang,PIT,d2,PP2,A,over,0.5,draftkings,280,False,0.35503209216261106,0.28014249987833884,0.2988490586025177,0.2443239499622933,21.127201770736253,2387.8975,,"draftkings@0.5,sgo_fair@0.5",1.1071951647367635,0.2631578947368421,0.26613399341838306,0.002976098681540973,0.011309174989855508,0.05452510864022439,276,315.0,pass,2026-09-30T22:36:58+00:00,sgo_slate_alt_20260930T223657Z.json
LAK@COL,Brock Nelson,COL,f2,PP2,SOG,over,1.5,draftkings,-160,False,2.17344461842204,2.149457824821926,0.6253477799017457,0.6196277621230044,17.712678062678066,2272.766666666667,,"draftkings@1.5,fanduel@1.5,pinnacle@2.5,sgo_fair@2.0",1.0501033526938741,0.6153846153846154,0.621915769234501,0.006531153849885563,0.01061312500606415,0.005720017778741315,-164,-148.0,pass,2026-09-30T22:36:58+00:00,sgo_slate_alt_20260930T223657Z.json
PIT@PHI,Trevor Zegras,PHI,f1,PP1,PTS,over,0.5,fanduel,-158,False,0.8640695640116006,1.0359170848419532,0.578556503544097,0.6450992424694951,18.15746991717456,1953.2883333333334,,"draftkings@0.5,sgo_fair@1.0",1.0522575427430254,0.6124031007751938,0.6184821468993359,0.006079046124142118,0.0099265436710676,-0.06654273892539808,-162,-146.0,pass,2026-09-30T22:36:58+00:00,sgo_slate_alt_20260930T223657Z.json
PIT@PHI,Evgeni Malkin,PIT,f2,PP2,PTS,over,0.5,fanduel,-113,False,0.8261412069438335,0.7296746466962777,0.5622648390916146,0.5179341937188288,16.83075923787529,1529.4875,,"draftkings@0.5,sgo_fair@0.5",1.0522575427430254,0.5305164319248826,0.535666451867943,0.005150019943060413,0.009707559715680159,0.04433064537278586,-115,-104.0,pass,2026-09-30T22:36:58+00:00,sgo_slate_alt_20260930T223657Z.json
PIT@PHI,Tyson Foerster,PHI,f2,PP1,G,over,1.5,fanduel,2200,True,0.35201714673362056,0.31504121846183175,0.049169519907813215,0.04033710620491666,16.527680162974278,1116.2733333333333,,"fanduel@0.5,pinnacle@0.5,sgo_fair@0.5",1.0771563327510214,0.043478260869565216,0.043870071686075277,0.00039181081651006033,0.009011648779731374,0.008832413702896558,2179,5199.0,pass,2026-09-30T22:36:58+00:00,sgo_slate_alt_20260930T223657Z.json
LAK@COL,Brock Nelson,COL,f2,PP2,SOG,over,0.5,draftkings,-650,True,2.17344461842204,2.149457824821926,0.8742697346856185,0.8714909428246291,17.712678062678066,2272.766666666667,,"draftkings@1.5,fanduel@1.5,pinnacle@2.5,sgo_fair@2.0",1.0501033526938741,0.8666666666666667,0.8726024595690249,0.005935792902358239,0.0068489918104133185,0.0027787918609893936,-685,-556.0,pass,2026-09-30T22:36:58+00:00,sgo_slate_alt_20260930T223657Z.json
LAK@COL,Adrian Kempe,LAK,f1,PP1,SOG,over,0.5,draftkings,-1200,True,2.726805296151498,2.864901153745354,0.9236208607693603,0.932437971612973,18.629540939406837,2261.9791666666665,,"draftkings@2.5,fanduel@2.5,pinnacle@2.5,sgo_fair@3.0",1.0501033526938741,0.9230769230769231,0.9289111272755279,0.005834204198604809,0.006320387881821876,-0.008817110843612697,-1307,-941.0,pass,2026-09-30T22:36:58+00:00,sgo_slate_alt_20260930T223657Z.json
NYI@TOR,Bo Horvat,NYI,f1,PP1,PTS,over,1.5,draftkings,310,True,0.8050932018066709,1.0427583078969032,0.19303983680795606,0.2799663281494883,19.278630126057124,2147.2058333333334,,"draftkings@0.5,sgo_fair@1.0",1.0522575427430254,0.24390243902439024,0.2451957316128754,0.001293292588485151,0.005302499612789058,-0.08692649134153224,308,354.0,pass,2026-09-30T22:36:58+00:00,sgo_slate_alt_20260930T223657Z.json
LAK@COL,Artemi Panarin,LAK,f1,PP1,PTS,over,0.5,draftkings,-175,False,0.9554759854349528,1.0646749654429828,0.6153709768380068,0.6551600785554292,19.238125,2334.2925,,"draftkings@0.5,sgo_fair@1.0",1.0522575427430254,0.6363636363636364,0.6392444378684603,0.002880801504823949,0.004526973793294697,-0.03978910171742245,-177,-159.0,pass,2026-09-30T22:36:58+00:00,sgo_slate_alt_20260930T223657Z.json
LAK@COL,Nazem Kadri,COL,f2,PP2,A,over,0.5,draftkings,220,False,0.424219638097303,0.34620596964444167,0.3457198387235526,0.2926332239823599,17.56882499268364,2179.7783333333336,,"draftkings@0.5,pinnacle@0.5,sgo_fair@0.5",1.1071951647367635,0.3125,0.31386786987883697,0.0013678698788369692,0.004377183612278346,0.053086614741192695,219,246.0,pass,2026-09-30T22:36:58+00:00,sgo_slate_alt_20260930T223657Z.json
PIT@PHI,Sidney Crosby,PIT,f1,PP1,G,over,1.5,fanduel,1800,True,0.36742926664316317,0.36615368388862374,0.053038401440977004,0.05271418709499821,18.813389423076924,2041.1850000000002,,"fanduel@0.5,pinnacle@0.5,sgo_fair@0.5",1.0771563327510214,0.05263157894736842,0.05284387283338973,0.00021229388602131416,0.004033583834404997,0.0003242143459787905,1792,3491.0,pass,2026-09-30T22:36:58+00:00,sgo_slate_alt_20260930T223657Z.json
LAK@COL,Cale Makar,COL,d1,PP1,G,over,1.5,fanduel,3300,False,0.27335275398487985,0.25965754243493,0.031202210398937568,0.028406381717748307,23.81464714714715,2789.351666666667,,"pinnacle@0.5,sgo_fair@0.5",1.0771563327510214,0.029411764705882353,0.02952471319022401,0.00011294848434165866,0.003840248467616325,0.0027958286811892614,3287,22001.0,pass,2026-09-30T22:36:58+00:00,sgo_slate_alt_20260930T223657Z.json
NYI@TOR,William Nylander,TOR,f2,PP1,PTS,over,1.5,draftkings,240,True,1.0828565192980069,1.0851222219713565,0.29468886067302236,0.2955195856342049,17.72223436993845,2000.8358333333333,,"draftkings@0.5,sgo_fair@1.0",1.0522575427430254,0.29411764705882354,0.2951872956497319,0.0010696485909083564,0.0036368052090884895,-0.0008307249611825274,239,270.0,pass,2026-09-30T22:36:58+00:00,sgo_slate_alt_20260930T223657Z.json
NYI@TOR,Bo Horvat,NYI,f1,PP1,PTS,over,0.5,draftkings,-155,False,0.8050932018066709,1.0427583078969032,0.5529537409013678,0.6475189115290818,19.278630126057124,2147.2058333333334,,"draftkings@0.5,sgo_fair@1.0",1.0522575427430254,0.6078431372549019,0.6096928432779962,0.0018497060230943108,0.0030430647476711314,-0.09456517062771397,-156,-141.0,pass,2026-09-30T22:36:58+00:00,sgo_slate_alt_20260930T223657Z.json
NYI@TOR,William Nylander,TOR,f2,PP1,PTS,over,0.5,fanduel,-194,False,1.0828565192980069,1.0851222219713565,0.661373151346646,0.6621395106039629,17.72223436993845,2000.8358333333333,,"draftkings@0.5,sgo_fair@1.0",1.0522575427430254,0.6598639455782312,0.6618329669010361,0.0019690213228048536,0.0029839807675495766,-0.0007663592573169398,-196,-175.0,pass,2026-09-30T22:36:58+00:00,sgo_slate_alt_20260930T223657Z.json
NYI@TOR,Darren Raddysh,TOR,d1,PP1,PTS,over,0.5,draftkings,-110,False,0.8630637920083494,0.6735215396940623,0.5781324142415856,0.4900902550922526,21.772137732023086,2248.5808333333334,,"draftkings@0.5,sgo_fair@0.5",1.0522575427430254,0.5238095238095238,0.5253071187519858,0.0014975949424619328,0.0028590448901546495,0.08804215914933294,-111,-100.0,pass,2026-09-30T22:36:58+00:00,sgo_slate_alt_20260930T223657Z.json
LAK@COL,Nazem Kadri,COL,f2,PP2,SOG,over,2.5,draftkings,120,False,2.727911457110763,2.396569607305325,0.5029490207797164,0.4240114882375339,17.56882499268364,2179.7783333333336,,"draftkings@2.5,fanduel@2.5,pinnacle@2.5,sgo_fair@2.5",1.0501033526938741,0.45454545454545453,0.4555865012544069,0.0010410467089523867,0.0022903027596952175,0.0789375325421825,119,132.0,pass,2026-09-30T22:36:58+00:00,sgo_slate_alt_20260930T223657Z.json
NYI@TOR,Tony DeAngelo,NYI,d3,PP2,SOG,over,1.5,fanduel,-138,False,1.9102586370925831,2.0543497930307884,0.5585496878124809,0.5962262539371208,18.18105358764759,1822.3483333333331,,"draftkings@1.5,sgo_fair@2.0",1.0501033526938741,0.5798319327731093,0.5811556274872649,0.00132369471415561,0.002282893782384443,-0.037676566124639876,-139,-125.0,pass,2026-09-30T22:36:58+00:00,sgo_slate_alt_20260930T223657Z.json
LAK@COL,Brock Nelson,COL,f2,PP2,SOG,over,2.5,fanduel,175,True,2.17344461842204,2.149457824821926,0.36785036791297876,0.36170960043511685,17.712678062678066,2272.766666666667,,"draftkings@1.5,fanduel@1.5,pinnacle@2.5,sgo_fair@2.0",1.0501033526938741,0.36363636363636365,0.3641659074262616,0.000529543789897946,0.0014562454222193377,0.006140767477861908,175,195.0,pass,2026-09-30T22:36:58+00:00,sgo_slate_alt_20260930T223657Z.json
NYI@TOR,William Nylander,TOR,f2,PP1,PTS,over,0.5,draftkings,-195,False,1.0828565192980069,1.0851222219713565,0.661373151346646,0.6621395106039629,17.72223436993845,2000.8358333333333,,"draftkings@0.5,sgo_fair@1.0",1.0522575427430254,0.6610169491525424,0.6618329669010361,0.0008160177484937137,0.001234488388746957,-0.0007663592573169398,-196,-175.0,pass,2026-09-30T22:36:58+00:00,sgo_slate_alt_20260930T223657Z.json
PIT@PHI,Trevor Zegras,PHI,f1,PP1,G,over,0.5,fanduel,270,False,0.33590746598790644,0.30169034472120393,0.28531076418123663,0.2604329597259717,18.15746991717456,1953.2883333333334,,"fanduel@0.5,pinnacle@0.5,sgo_fair@0.5",1.0771563327510214,0.2702702702702703,0.2703840815080777,0.0001138112378074041,0.00042110157988739516,0.02487780445526494,270,308.0,pass,2026-09-30T22:36:58+00:00,sgo_slate_alt_20260930T223657Z.json
LAK@COL,Devon Toews,COL,d1,PP2,SOG,over,0.5,draftkings,-525,True,1.7549065005085098,2.031765832456246,0.8153066049815214,0.8568960213017884,22.805984996738424,2362.0433333333335,,"draftkings@1.5,sgo_fair@2.0",1.0501033526938741,0.84,0.8402602547736817,0.0002602547736817451,0.00030982711152582887,-0.041589416320267025,-526,-441.0,pass,2026-09-30T22:36:58+00:00,sgo_slate_alt_20260930T223657Z.json
NYI@TOR,Tony DeAngelo,NYI,d3,PP2,SOG,over,0.5,draftkings,-575,True,1.9102586370925831,2.0543497930307884,0.8399990453664851,0.8598253669928388,18.18105358764759,1822.3483333333331,,"draftkings@1.5,sgo_fair@2.0",1.0501033526938741,0.8518518518518519,0.8518948383422974,4.298649044554015e-05,5.0462401827378045e-05,-0.019826321626353782,-575,-478.0,pass,2026-09-30T22:36:58+00:00,sgo_slate_alt_20260930T223657Z.json
PIT@PHI,Trevor Zegras,PHI,f1,PP1,SOG,over,1.5,fanduel,-140,False,2.177320181188752,1.8958702366359619,0.626265141534077,0.5546393671467609,18.15746991717456,1953.2883333333334,,"draftkings@1.5,fanduel@1.5,pinnacle@1.5,sgo_fair@1.5",1.0501033526938741,0.5833333333333334,0.5832896769016873,-4.365643164605526e-05,-7.483959710741228e-05,0.0716257743873161,-140,-126.0,pass,2026-09-30T22:36:58+00:00,sgo_slate_alt_20260930T223657Z.json
NYI@TOR,Brayden Schenn,NYI,f2,PP1,SOG,over,1.5,fanduel,-115,False,1.7670895145495848,1.863460286238935,0.5184445585556205,0.545732748751326,16.50940975192472,1989.5,,"draftkings@1.5,fanduel@1.5,pinnacle@1.5,sgo_fair@2.0",1.0501033526938741,0.5348837209302325,0.5348174726730438,-6.624825718870575e-05,-0.0001238554373529377,-0.027288190195705497,-115,-104.0,pass,2026-09-30T22:36:58+00:00,sgo_slate_alt_20260930T223657Z.json
NYI@TOR,John Tavares,TOR,f2,PP1,G,over,0.5,fanduel,210,False,0.436741374092731,0.35904791366302025,0.3538614820363327,0.30165910952013614,17.08891862955032,2122.2625,,"fanduel@0.5,pinnacle@0.5,sgo_fair@0.5",1.0771563327510214,0.3225806451612903,0.32254005852661477,-4.0586634675543465e-05,-0.00012581856749416254,0.05220237251619658,210,236.0,pass,2026-09-30T22:36:58+00:00,sgo_slate_alt_20260930T223657Z.json
PIT@PHI,Christian Dvorak,PHI,f2,-,A,over,0.5,draftkings,240,False,0.3675437227524122,0.3347681670994287,0.307566948932075,0.2844960555190492,16.72216638152267,2039.2425,,"draftkings@0.5,sgo_fair@0.5",1.1071951647367635,0.29411764705882354,0.29372441288425954,-0.00039323417456399445,-0.00133699619351757,0.02307089341302576,240,272.0,pass,2026-09-30T22:36:58+00:00,sgo_slate_alt_20260930T223657Z.json
NYI@TOR,Kyle Palmieri,NYI,f1,PP1,SOG,over,2.5,draftkings,120,False,2.5776900322916916,2.4784594877157526,0.46793044931769145,0.44408106429919697,18.330910070005388,1155.1666666666667,,"draftkings@2.5,fanduel@2.5,pinnacle@2.5,sgo_fair@2.5",1.0501033526938741,0.45454545454545453,0.45362081830659473,-0.0009246362388597995,-0.002034199725491459,0.023849385018494484,120,133.0,pass,2026-09-30T22:36:58+00:00,sgo_slate_alt_20260930T223657Z.json
NYI@TOR,William Nylander,TOR,f2,PP1,G,over,0.5,fanduel,190,False,0.42153320033849545,0.42175496539111074,0.34395979272496024,0.34410526338529374,17.72223436993845,2000.8358333333333,,"fanduel@0.5,pinnacle@0.5,sgo_fair@0.5",1.0771563327510214,0.3448275862068966,0.34404707512116034,-0.0007805110857362352,-0.002263482148635032,-0.000145470660333491,191,213.0,pass,2026-09-30T22:36:58+00:00,sgo_slate_alt_20260930T223657Z.json
NYI@TOR,Kyle Palmieri,NYI,f1,PP1,SOG,over,1.5,draftkings,-235,True,2.5776900322916916,2.4784594877157526,0.7111800774814594,0.6918976099368785,18.330910070005388,1155.1666666666667,,"draftkings@2.5,fanduel@2.5,pinnacle@2.5,sgo_fair@2.5",1.0501033526938741,0.7014925373134329,0.6996105969547108,-0.001881940358722023,-0.0026827660432845457,0.01928246754458085,-233,-207.0,pass,2026-09-30T22:36:58+00:00,sgo_slate_alt_20260930T223657Z.json
LAK@COL,Artturi Lehkonen,COL,f1,PP2,A,over,0.5,draftkings,220,False,0.3736608919810011,0.37315235413157505,0.31178975012216753,0.3114396801573725,18.532657100445324,1926.55,,"draftkings@0.5,pinnacle@0.5,sgo_fair@0.5",1.1071951647367635,0.3125,0.3115797081432905,-0.0009202918567094986,-0.002944933941470329,0.00035006996479503005,221,249.0,pass,2026-09-30T22:36:58+00:00,sgo_slate_alt_20260930T223657Z.json
PIT@PHI,Evgeni Malkin,PIT,f2,PP2,SOG,over,2.5,fanduel,198,True,2.1393238026178922,1.9790909547771836,0.35911052304271623,0.31773480781533475,16.83075923787529,1529.4875,,"draftkings@1.5,fanduel@1.5,pinnacle@1.5,sgo_fair@2.5",1.0501033526938741,0.33557046979865773,0.33428509390628736,-0.0012853758923703773,-0.0038304201592637144,0.04137571522738148,199,223.0,pass,2026-09-30T22:36:58+00:00,sgo_slate_alt_20260930T223657Z.json
NYI@TOR,Brayden Schenn,NYI,f2,PP1,PTS,over,0.5,fanduel,128,False,0.5652570308201775,0.5789217510635764,0.43178592054443354,0.4394975980245963,16.50940975192472,1989.5,,"draftkings@0.5,sgo_fair@0.5",1.0522575427430254,0.43859649122807015,0.4364129270325312,-0.002183564195538945,-0.004978526365828739,-0.007711677480162771,129,143.0,pass,2026-09-30T22:36:58+00:00,sgo_slate_alt_20260930T223657Z.json
LAK@COL,Artemi Panarin,LAK,f1,PP1,SOG,over,1.5,draftkings,-255,True,2.72189031401514,2.5141733595633653,0.7372628909134306,0.698966251693068,19.238125,2334.2925,,"draftkings@2.5,fanduel@2.5,pinnacle@2.5,sgo_fair@2.5",1.0501033526938741,0.7183098591549296,0.714284907381213,-0.004024951773716645,-0.005603364233997654,0.03829663922036253,-250,-222.0,pass,2026-09-30T22:36:58+00:00,sgo_slate_alt_20260930T223657Z.json
NYI@TOR,Brayden Schenn,NYI,f2,PP1,A,over,0.5,fanduel,240,False,0.34182191544844504,0.3483784157398837,0.28952528198464095,0.2941682721645256,16.50940975192472,1989.5,,"draftkings@0.5,pinnacle@0.5,sgo_fair@0.5",1.1071951647367635,0.29411764705882354,0.2923110760925718,-0.0018065709662517526,-0.006142341285255926,-0.004642990179884676,242,274.0,pass,2026-09-30T22:36:58+00:00,sgo_slate_alt_20260930T223657Z.json
NYI@TOR,Simon Holmstrom,NYI,f1,PP2,A,over,0.5,draftkings,285,False,0.3293112785579411,0.2785520654241153,0.2805809578323595,0.24312114049481254,17.38473022912047,1890.7566666666667,,"draftkings@0.5,sgo_fair@0.5",1.1071951647367635,0.2597402597402597,0.2581050674298313,-0.0016351923104284127,-0.006295490395149428,0.03745981733754694,287,329.0,pass,2026-09-30T22:36:58+00:00,sgo_slate_alt_20260930T223657Z.json
NYI@TOR,Matias Maccelli,NYI,f2,PP1,SOG,over,0.5,draftkings,-525,True,1.6523066290768735,2.0543497930307884,0.796840444676342,0.8598253669928388,15.174308093994778,1373.88,,"draftkings@1.5,sgo_fair@2.0",1.0501033526938741,0.84,0.8346313980662401,-0.005368601933759876,-0.006391192778285593,-0.06298492231649688,-505,-425.0,pass,2026-09-30T22:36:58+00:00,sgo_slate_alt_20260930T223657Z.json
PIT@PHI,Porter Martone,PHI,f1,PP1,SOG,over,2.5,draftkings,-115,False,2.8617263496329413,2.847282767492061,0.5329432697501902,0.529762723261226,17.520370370370372,153.36666666666667,,"draftkings@2.5,fanduel@2.5,pinnacle@2.5,sgo_fair@3.0",1.0501033526938741,0.5348837209302325,0.5310349418568117,-0.0038487790734208494,-0.007195543485091327,0.0031805464889642643,-113,-102.0,pass,2026-09-30T22:36:58+00:00,sgo_slate_alt_20260930T223657Z.json
LAK@COL,Artemi Panarin,LAK,f1,PP1,PTS,over,1.5,fanduel,265,True,0.9554759854349528,1.0646749654429828,0.24786718190541807,0.2880176471080701,19.238125,2334.2925,,"draftkings@0.5,sgo_fair@1.0",1.0522575427430254,0.273972602739726,0.2719574610270093,-0.002015141712716717,-0.007355267251416109,-0.04015046520265203,268,305.0,pass,2026-09-30T22:36:58+00:00,sgo_slate_alt_20260930T223657Z.json
LAK@COL,Mats Zuccarello,LAK,f2,PP1,SOG,over,2.5,fanduel,215,True,1.981372983240766,1.9604317896902295,0.31832668244158047,0.3128938311251362,17.496636128076993,1710.3441666666665,,"draftkings@1.5,fanduel@1.5,pinnacle@1.5,sgo_fair@2.5",1.0501033526938741,0.31746031746031744,0.31506697165171393,-0.0023933458086035087,-0.007539039297101091,0.005432851316444276,217,245.0,pass,2026-09-30T22:36:58+00:00,sgo_slate_alt_20260930T223657Z.json
LAK@COL,Nazem Kadri,COL,f2,PP2,SOG,over,1.5,draftkings,-240,True,2.727911457110763,2.396569607305325,0.7383037492506752,0.675130801960929,17.56882499268364,2179.7783333333336,,"draftkings@2.5,fanduel@2.5,pinnacle@2.5,sgo_fair@2.5",1.0501033526938741,0.7058823529411765,0.7003999808768275,-0.005482372064348984,-0.00776669375782757,0.0631729472897462,-234,-208.0,pass,2026-09-30T22:36:58+00:00,sgo_slate_alt_20260930T223657Z.json
LAK@COL,Artemi Panarin,LAK,f1,PP1,SOG,over,2.5,draftkings,110,False,2.72189031401514,2.5141733595633653,0.5015721107058366,0.45272649231664325,19.238125,2334.2925,,"draftkings@2.5,fanduel@2.5,pinnacle@2.5,sgo_fair@2.5",1.0501033526938741,0.47619047619047616,0.47226473967232063,-0.0039257365181555315,-0.008244046688126616,0.04884561838919338,112,124.0,pass,2026-09-30T22:36:58+00:00,sgo_slate_alt_20260930T223657Z.json
PIT@PHI,Evgeni Malkin,PIT,f2,PP2,A,over,0.5,draftkings,145,False,0.5878019954655425,0.47533860706231446,0.4444529613588395,0.3783254825600347,16.83075923787529,1529.4875,,"draftkings@0.5,pinnacle@0.5,sgo_fair@0.5",1.1071951647367635,0.40816326530612246,0.40477647407955664,-0.0033867912265658218,-0.008297638505086136,0.06612747879880482,147,163.0,pass,2026-09-30T22:36:58+00:00,sgo_slate_alt_20260930T223657Z.json
PIT@PHI,Egor Chinakhov,PIT,f2,PP1,SOG,under,2.5,draftkings,-165,False,2.0500395791824326,2.355775421334414,0.6638907377763166,0.5861059908073716,14.739930555555556,970.55,,"draftkings@2.5,sgo_fair@2.5",1.0501033526938741,0.6226415094339622,0.6172198895949496,-0.005421619839012681,-0.00870745004447504,0.077784746968945,-161,-145.0,pass,2026-09-30T22:36:58+00:00,sgo_slate_alt_20260930T223657Z.json
NYI@TOR,John Tavares,TOR,f2,PP1,SOG,over,0.5,draftkings,-900,True,2.493402450010554,2.2489417721844474,0.9058789961980597,0.8826132487882229,17.08891862955032,2122.2625,,"draftkings@2.5,fanduel@2.5,pinnacle@2.5,sgo_fair@2.5",1.0501033526938741,0.9,0.8919195477521575,-0.008080452247842485,-0.008978280275380501,0.02326574740983678,-825,-651.0,pass,2026-09-30T22:36:58+00:00,sgo_slate_alt_20260930T223657Z.json
NYI@TOR,Auston Matthews,TOR,f1,PP1,SOG,over,0.5,draftkings,-4000,True,3.747951156478456,3.6315658225880103,0.9686789449865795,0.9653913632208792,19.35674712013165,1888.035,,"draftkings@3.5,fanduel@3.5,pinnacle@3.5,sgo_fair@3.5",1.0501033526938741,0.975609756097561,0.9667063959271593,-0.008903360170401609,-0.009125944174661726,0.0032875817657003203,-2904,-1615.0,pass,2026-09-30T22:36:58+00:00,sgo_slate_alt_20260930T223657Z.json
LAK@COL,Nazem Kadri,COL,f2,PP2,SOG,over,3.5,draftkings,290,True,2.727911457110763,2.396569607305325,0.2951837040051266,0.2266346641593574,17.56882499268364,2179.7783333333336,,"draftkings@2.5,fanduel@2.5,pinnacle@2.5,sgo_fair@2.5",1.0501033526938741,0.2564102564102564,0.25405428009766506,-0.0023559763125913236,-0.009188307619106273,0.06854903984576921,294,337.0,pass,2026-09-30T22:36:58+00:00,sgo_slate_alt_20260930T223657Z.json
PIT@PHI,Rickard Rakell,PIT,f1,PP1,SOG,over,1.5,fanduel,-235,True,2.5605191408268344,2.450920638608196,0.70792291774864,0.6863465826381812,18.540236737515123,1840.311666666667,,"draftkings@2.5,fanduel@2.5,pinnacle@2.5,sgo_fair@2.5",1.0501033526938741,0.7014925373134329,0.6949771166823646,-0.006515420631068247,-0.009287940048544052,0.021576335110458866,-228,-203.0,pass,2026-09-30T22:36:58+00:00,sgo_slate_alt_20260930T223657Z.json
NYI@TOR,Bo Horvat,NYI,f1,PP1,SOG,over,0.5,draftkings,-2500,True,3.303335038033972,3.2401812102375307,0.954027879638724,0.9514262057535703,19.278630126057124,2147.2058333333334,,"draftkings@2.5,fanduel@3.5,pinnacle@3.5,sgo_fair@3.5",1.0501033526938741,0.9615384615384616,0.9524668753076319,-0.009071586230829709,-0.009434449680062795,0.0026016738851537546,-2004,-1279.0,pass,2026-09-30T22:36:58+00:00,sgo_slate_alt_20260930T223657Z.json
LAK@COL,Nazem Kadri,COL,f2,PP2,SOG,over,0.5,draftkings,-1100,True,2.727911457110763,2.396569607305325,0.9236960755854715,0.8972995785273131,17.56882499268364,2179.7783333333336,,"draftkings@2.5,fanduel@2.5,pinnacle@2.5,sgo_fair@2.5",1.0501033526938741,0.9166666666666666,0.9078581773505765,-0.008808489316090129,-0.009609261072098474,0.026396497058158386,-985,-754.0,pass,2026-09-30T22:36:58+00:00,sgo_slate_alt_20260930T223657Z.json
NYI@TOR,Kyle Palmieri,NYI,f1,PP1,SOG,over,0.5,draftkings,-1100,True,2.5776900322916916,2.4784594877157526,0.9127370637883485,0.9046055163139796,18.330910070005388,1155.1666666666667,,"draftkings@2.5,fanduel@2.5,pinnacle@2.5,sgo_fair@2.5",1.0501033526938741,0.9166666666666666,0.9078581353037272,-0.008808531362939465,-0.009609306941388618,0.00813154747436895,-985,-754.0,pass,2026-09-30T22:36:58+00:00,sgo_slate_alt_20260930T223657Z.json
LAK@COL,Martin Necas,COL,f1,PP1,PTS,over,0.5,draftkings,-240,False,1.2331426725326338,1.1800566391379415,0.7086245602875257,0.6927386649088663,19.35776089828269,2352.2475,,"draftkings@0.5,sgo_fair@1.5",1.0522575427430254,0.7058823529411765,0.69909302306033,-0.006789329880846462,-0.009618217331199053,0.015885895378659476,-232,-207.0,pass,2026-09-30T22:36:58+00:00,sgo_slate_alt_20260930T223657Z.json
PIT@PHI,Travis Konecny,PHI,f2,PP2,PTS,over,1.5,fanduel,300,True,0.8576142931254959,1.0191197854576217,0.21205049158232156,0.27127446916830356,17.79007170032192,2230.1783333333337,,"draftkings@0.5,sgo_fair@1.0",1.0522575427430254,0.25,0.24758487813391078,-0.0024151218660892204,-0.009660487464356882,-0.059223977585981996,304,349.0,pass,2026-09-30T22:36:58+00:00,sgo_slate_alt_20260930T223657Z.json
LAK@COL,Artemi Panarin,LAK,f1,PP1,SOG,over,0.5,draftkings,-1200,True,2.72189031401514,2.5141733595633653,0.9232857221958409,0.9076197133849546,19.238125,2334.2925,,"draftkings@2.5,fanduel@2.5,pinnacle@2.5,sgo_fair@2.5",1.0501033526938741,0.9230769230769231,0.9138861169093091,-0.00919080616761403,-0.009956706681581884,0.01566600881088631,-1061,-800.0,pass,2026-09-30T22:36:58+00:00,sgo_slate_alt_20260930T223657Z.json
PIT@PHI,Porter Martone,PHI,f1,PP1,SOG,over,0.5,draftkings,-1600,True,2.8617263496329413,2.847282767492061,0.9322476909877389,0.9313749246291346,17.520370370370372,153.36666666666667,,"draftkings@2.5,fanduel@2.5,pinnacle@2.5,sgo_fair@3.0",1.0501033526938741,0.9411764705882353,0.9317240311725763,-0.009452439415658986,-0.010043216879137673,0.0008727663586042267,-1365,-972.0,pass,2026-09-30T22:36:58+00:00,sgo_slate_alt_20260930T223657Z.json
LAK@COL,Brock Nelson,COL,f2,PP2,G,over,0.5,fanduel,250,False,0.3325289209388758,0.3323539802851173,0.282892070870505,0.28276660856665875,17.712678062678066,2272.766666666667,,"fanduel@0.5,pinnacle@0.5,sgo_fair@0.5",1.0771563327510214,0.2857142857142857,0.2828167934881972,-0.0028974922260884828,-0.0101412227913098,0.00012546230384624657,254,288.0,pass,2026-09-30T22:36:58+00:00,sgo_slate_alt_20260930T223657Z.json
PIT@PHI,Matvei Michkov,PHI,f3,PP1,SOG,over,0.5,draftkings,-600,True,2.187048050044738,1.8456281585303085,0.8758176770858077,0.830174042672711,14.45386396011396,1802.7041666666667,,"draftkings@1.5,sgo_fair@1.5",1.0501033526938741,0.8571428571428571,0.8484314964379497,-0.008711360704907412,-0.010163254155725276,0.04564363441309671,-560,-466.0,pass,2026-09-30T22:36:58+00:00,sgo_slate_alt_20260930T223657Z.json
PIT@PHI,Noel Acciari,PHI,f4,-,G,over,1.5,fanduel,10000,False,0.16310567276198118,0.13534134786976212,0.011940085763431911,0.008372746797296379,12.11283113928165,1407.5666666666666,,sgo_fair@0.5,1.0771563327510214,0.009900990099009901,0.00979968238375059,-0.00010130771525931025,-0.010232079241190295,0.0035673389661355324,10104,,pass,2026-09-30T22:36:58+00:00,sgo_slate_alt_20260930T223657Z.json
PIT@PHI,Travis Konecny,PHI,f2,PP2,A,over,0.5,draftkings,145,False,0.5646692267244804,0.4871917652414096,0.4314518237991989,0.38565078917682527,17.79007170032192,2230.1783333333337,,"draftkings@0.5,pinnacle@0.5,sgo_fair@0.5",1.1071951647367635,0.40816326530612246,0.4039712030257747,-0.004192062280347741,-0.010270552586851833,0.045801034622373615,148,164.0,pass,2026-09-30T22:36:58+00:00,sgo_slate_alt_20260930T223657Z.json
LAK@COL,Brock Nelson,COL,f2,PP2,SOG,over,3.5,fanduel,450,True,2.17344461842204,2.149457824821926,0.1826245664925058,0.17804810582801076,17.712678062678066,2272.766666666667,,"draftkings@1.5,fanduel@1.5,pinnacle@2.5,sgo_fair@2.0",1.0501033526938741,0.18181818181818182,0.17987869009380877,-0.0019394917243730492,-0.010667204484051784,0.004576460664495047,456,546.0,pass,2026-09-30T22:36:58+00:00,sgo_slate_alt_20260930T223657Z.json
LAK@COL,Mats Zuccarello,LAK,f2,PP1,A,over,0.5,fanduel,168,False,0.5408989402050606,0.4104799462630263,0.4177753680725013,0.33666818989802516,17.496636128076993,1710.3441666666665,,"draftkings@0.5,pinnacle@0.5,sgo_fair@0.5",1.1071951647367635,0.373134328358209,0.3691110611678156,-0.004023267190393365,-0.01078235607025424,0.08110717817447616,171,191.0,pass,2026-09-30T22:36:58+00:00,sgo_slate_alt_20260930T223657Z.json
NYI@TOR,Bo Horvat,NYI,f1,PP1,SOG,over,1.5,draftkings,-475,True,3.303335038033972,3.2401812102375307,0.8218193689346793,0.814066478634762,19.278630126057124,2147.2058333333334,,"draftkings@2.5,fanduel@3.5,pinnacle@3.5,sgo_fair@3.5",1.0501033526938741,0.8260869565217391,0.817167634754729,-0.008919321767010158,-0.010797073717959682,0.0077528902999173255,-447,-381.0,pass,2026-09-30T22:36:58+00:00,sgo_slate_alt_20260930T223657Z.json
LAK@COL,Trevor Moore,LAK,f3,PP2,SOG,over,0.5,draftkings,-650,True,1.951627011941058,2.093677665891229,0.8459744306831823,0.8647779406346203,15.137832260194816,1693.5033333333333,,"draftkings@1.5,sgo_fair@2.0",1.0501033526938741,0.8666666666666667,0.8572565366540451,-0.009410130012621587,-0.010857842322255729,-0.01880350995143798,-601,-496.0,pass,2026-09-30T22:36:58+00:00,sgo_slate_alt_20260930T223657Z.json
PIT@PHI,Porter Martone,PHI,f1,PP1,SOG,over,1.5,draftkings,-330,True,2.8617263496329413,2.847282767492061,0.760479086417148,0.7581720236885722,17.520370370370372,153.36666666666667,,"draftkings@2.5,fanduel@2.5,pinnacle@2.5,sgo_fair@3.0",1.0501033526938741,0.7674418604651163,0.7590948487800024,-0.00834701168511387,-0.010876409165451406,0.002307062728575837,-315,-276.0,pass,2026-09-30T22:36:58+00:00,sgo_slate_alt_20260930T223657Z.json
NYI@TOR,Morgan Rielly,TOR,d1,PP2,SOG,over,0.5,draftkings,-450,True,1.854682364144376,1.6342350839268394,0.8315875862743806,0.7933929091964562,21.86003738855335,2459.4066666666668,,"draftkings@1.5,sgo_fair@1.5",1.0501033526938741,0.8181818181818182,0.8086707800276259,-0.009511038154192297,-0.011624602188457067,0.038194677077924344,-423,-362.0,pass,2026-09-30T22:36:58+00:00,sgo_slate_alt_20260930T223657Z.json
PIT@PHI,Sidney Crosby,PIT,f1,PP1,SOG,over,2.5,fanduel,140,False,2.410393750843344,2.304635616620503,0.42742256260541617,0.4011076011712981,18.813389423076924,2041.1850000000002,,"draftkings@2.5,fanduel@2.5,pinnacle@2.5,sgo_fair@2.5",1.0501033526938741,0.4166666666666667,0.41163358574494535,-0.0050330809217213335,-0.012079394212131223,0.026314961434118045,143,159.0,pass,2026-09-30T22:36:58+00:00,sgo_slate_alt_20260930T223657Z.json
PIT@PHI,Owen Tippett,PHI,f1,PP2,G,over,0.5,fanduel,250,False,0.3701415527648481,0.30677742215604453,0.30936343779706327,0.26418564134434497,17.293983282893787,1918.3983333333333,,"fanduel@0.5,pinnacle@0.5,sgo_fair@0.5",1.0771563327510214,0.2857142857142857,0.2822567599254323,-0.0034575257888533883,-0.01210134026098686,0.0451777964527183,254,289.0,pass,2026-09-30T22:36:58+00:00,sgo_slate_alt_20260930T223657Z.json
NYI@TOR,John Tavares,TOR,f2,PP1,SOG,over,1.5,draftkings,-205,True,2.493402450010554,2.2489417721844474,0.6948729854125306,0.6428789609259594,17.08891862955032,2122.2625,,"draftkings@2.5,fanduel@2.5,pinnacle@2.5,sgo_fair@2.5",1.0501033526938741,0.6721311475409836,0.6636765707205878,-0.008454576820395743,-0.012578760635223007,0.0519940244865712,-197,-177.0,pass,2026-09-30T22:36:58+00:00,sgo_slate_alt_20260930T223657Z.json
NYI@TOR,John Tavares,TOR,f2,PP1,SOG,over,1.5,fanduel,-205,True,2.493402450010554,2.2489417721844474,0.6948729854125306,0.6428789609259594,17.08891862955032,2122.2625,,"draftkings@2.5,fanduel@2.5,pinnacle@2.5,sgo_fair@2.5",1.0501033526938741,0.6721311475409836,0.6636765707205878,-0.008454576820395743,-0.012578760635223007,0.0519940244865712,-197,-177.0,pass,2026-09-30T22:36:58+00:00,sgo_slate_alt_20260930T223657Z.json
LAK@COL,Nazem Kadri,COL,f2,PP2,PTS,over,0.5,draftkings,110,False,0.6711867194200936,0.6112380399499037,0.48889831654227817,0.4573214047714215,17.56882499268364,2179.7783333333336,,"draftkings@0.5,sgo_fair@0.5",1.0522575427430254,0.47619047619047616,0.4699521694797642,-0.0062383067107119605,-0.013100444092495112,0.03157691177085664,113,125.0,pass,2026-09-30T22:36:58+00:00,sgo_slate_alt_20260930T223657Z.json
LAK@COL,Nathan MacKinnon,COL,f1,PP1,SOG,over,0.5,draftkings,-10000,True,3.993648508922653,4.170791595677488,0.974592614037164,0.9781240616430805,20.211023366508,2590.8675,,"draftkings@3.5,fanduel@3.5,pinnacle@3.5,sgo_fair@4.0",1.0501033526938741,0.9900990099009901,0.9767114826007139,-0.013387527300276147,-0.01352140257327894,-0.0035314476059165045,-4194,-1971.0,pass,2026-09-30T22:36:58+00:00,sgo_slate_alt_20260930T223657Z.json
PIT@PHI,Owen Tippett,PHI,f1,PP2,SOG,over,0.5,draftkings,-1400,True,2.827459759703457,2.5992621420479396,0.9301579301769294,0.9144069316679211,17.293983282893787,1918.3983333333333,,"draftkings@2.5,fanduel@2.5,pinnacle@2.5,sgo_fair@2.5",1.0501033526938741,0.9333333333333333,0.9207073310715244,-0.012626002261808988,-0.013527859566223932,0.015750998509008296,-1161,-859.0,pass,2026-09-30T22:36:58+00:00,sgo_slate_alt_20260930T223657Z.json
LAK@COL,Nazem Kadri,COL,f2,PP2,SOG,over,1.5,fanduel,-245,True,2.727911457110763,2.396569607305325,0.7383037492506752,0.675130801960929,17.56882499268364,2179.7783333333336,,"draftkings@2.5,fanduel@2.5,pinnacle@2.5,sgo_fair@2.5",1.0501033526938741,0.7101449275362319,0.7003999808768275,-0.009744946659404397,-0.013722475908140797,0.0631729472897462,-234,-208.0,pass,2026-09-30T22:36:58+00:00,sgo_slate_alt_20260930T223657Z.json
LAK@COL,Trevor Moore,LAK,f3,PP2,SOG,over,1.5,draftkings,-150,False,1.951627011941058,2.093677665891229,0.5696423416867048,0.6060433431702137,15.137832260194816,1693.5033333333333,,"draftkings@1.5,sgo_fair@2.0",1.0501033526938741,0.6,0.5914829425768101,-0.008517057423189867,-0.014195095705316518,-0.03640100148350889,-145,-131.0,pass,2026-09-30T22:36:58+00:00,sgo_slate_alt_20260930T223657Z.json
LAK@COL,Artturi Lehkonen,COL,f1,PP2,PTS,over,0.5,draftkings,105,False,0.6833273466654184,0.6373224397634297,0.4950658966643631,0.47129382687476135,18.532657100445324,1926.55,,"draftkings@0.5,sgo_fair@0.5",1.0522575427430254,0.4878048780487805,0.480802654790602,-0.007002223258178453,-0.014354557679265967,0.02377206978960178,108,119.0,pass,2026-09-30T22:36:58+00:00,sgo_slate_alt_20260930T223657Z.json
PIT@PHI,Trevor Zegras,PHI,f1,PP1,SOG,over,1.5,draftkings,-145,False,2.177320181188752,1.8958702366359619,0.626265141534077,0.5546393671467609,18.15746991717456,1953.2883333333334,,"draftkings@1.5,fanduel@1.5,pinnacle@1.5,sgo_fair@1.5",1.0501033526938741,0.5918367346938775,0.5832896769016873,-0.008547057792190227,-0.01444158040749377,0.0716257743873161,-140,-126.0,pass,2026-09-30T22:36:58+00:00,sgo_slate_alt_20260930T223657Z.json
NYI@TOR,Darren Raddysh,TOR,d1,PP1,A,over,0.5,fanduel,126,False,0.6527892151450542,0.5228162585183908,0.47940829242734867,0.4071514201351006,21.772137732023086,2248.5808333333334,,"draftkings@0.5,pinnacle@0.5,sgo_fair@0.5",1.1071951647367635,0.4424778761061947,0.4360541690519998,-0.006423707054194927,-0.014517577942480542,0.07225687229224809,129,143.0,pass,2026-09-30T22:36:58+00:00,sgo_slate_alt_20260930T223657Z.json
NYI@TOR,Morgan Rielly,TOR,d1,PP2,SOG,over,1.5,draftkings,-105,False,1.854682364144376,1.6342350839268394,0.5432969894869513,0.4788779639263359,21.86003738855335,2459.4066666666668,,"draftkings@1.5,sgo_fair@1.5",1.0501033526938741,0.5121951219512195,0.5046455741505821,-0.007549547800637435,-0.014739593325054035,0.06441902556061535,-102,108.0,pass,2026-09-30T22:36:58+00:00,sgo_slate_alt_20260930T223657Z.json
NYI@TOR,Auston Matthews,TOR,f1,PP1,SOG,over,1.5,draftkings,-700,True,3.747951156478456,3.6315658225880103,0.868230563814087,0.857362025078089,19.35674712013165,1888.035,,"draftkings@3.5,fanduel@3.5,pinnacle@3.5,sgo_fair@3.5",1.0501033526938741,0.875,0.8617094405724881,-0.013290559427511894,-0.015189210774299355,0.010868538735998023,-623,-512.0,pass,2026-09-30T22:36:58+00:00,sgo_slate_alt_20260930T223657Z.json
NYI@TOR,William Nylander,TOR,f2,PP1,SOG,over,0.5,draftkings,-1600,True,2.628376809170463,2.8720520934455664,0.9166078861137709,0.932864517707196,17.72223436993845,2000.8358333333333,,"draftkings@2.5,fanduel@2.5,pinnacle@2.5,sgo_fair@3.0",1.0501033526938741,0.9411764705882353,0.926361865069826,-0.014814605518409296,-0.01574051836330992,-0.016256631593425164,-1258,-914.0,pass,2026-09-30T22:36:58+00:00,sgo_slate_alt_20260930T223657Z.json
LAK@COL,Brock Nelson,COL,f2,PP2,A,over,0.5,fanduel,220,False,0.3892929325236413,0.35331719189794064,0.3224642313209342,0.29764562307652054,17.712678062678066,2272.766666666667,,"draftkings@0.5,pinnacle@0.5,sgo_fair@0.5",1.1071951647367635,0.3125,0.307573066374286,-0.004926933625714003,-0.015766187602284765,0.024818608244413676,225,254.0,pass,2026-09-30T22:36:58+00:00,sgo_slate_alt_20260930T223657Z.json
NYI@TOR,Brayden Schenn,NYI,f2,PP1,SOG,over,0.5,draftkings,-525,True,1.7670895145495848,1.863460286238935,0.8173797856811051,0.832946261755587,16.50940975192472,1989.5,,"draftkings@1.5,fanduel@1.5,pinnacle@1.5,sgo_fair@2.0",1.0501033526938741,0.84,0.8267196713257943,-0.0132803286742057,-0.015809915088340176,-0.015566476074481805,-477,-404.0,pass,2026-09-30T22:36:58+00:00,sgo_slate_alt_20260930T223657Z.json
PIT@PHI,Trevor Zegras,PHI,f1,PP1,SOG,over,0.5,draftkings,-650,True,2.177320181188752,1.8958702366359619,0.8747127804613586,0.837864373008487,18.15746991717456,1953.2883333333334,,"draftkings@1.5,fanduel@1.5,pinnacle@1.5,sgo_fair@1.5",1.0501033526938741,0.8666666666666667,0.8526037359896357,-0.014062930677031016,-0.01622645847349735,0.036848407452871546,-578,-480.0,pass,2026-09-30T22:36:58+00:00,sgo_slate_alt_20260930T223657Z.json
PIT@PHI,Owen Tippett,PHI,f1,PP2,SOG,over,1.5,fanduel,-290,True,2.827459759703457,2.5992621420479396,0.7549721692455863,0.7152257000897668,17.293983282893787,1918.3983333333333,,"draftkings@2.5,fanduel@2.5,pinnacle@2.5,sgo_fair@2.5",1.0501033526938741,0.7435897435897436,0.7311242877520946,-0.01246545583764902,-0.016763888885114153,0.039746469155819475,-272,-240.0,pass,2026-09-30T22:36:58+00:00,sgo_slate_alt_20260930T223657Z.json
PIT@PHI,Owen Tippett,PHI,f1,PP2,SOG,over,1.5,draftkings,-290,True,2.827459759703457,2.5992621420479396,0.7549721692455863,0.7152257000897668,17.293983282893787,1918.3983333333333,,"draftkings@2.5,fanduel@2.5,pinnacle@2.5,sgo_fair@2.5",1.0501033526938741,0.7435897435897436,0.7311242877520946,-0.01246545583764902,-0.016763888885114153,0.039746469155819475,-272,-240.0,pass,2026-09-30T22:36:58+00:00,sgo_slate_alt_20260930T223657Z.json
LAK@COL,Mats Zuccarello,LAK,f2,PP1,PTS,over,0.5,draftkings,100,False,0.7477964098740251,0.6313150547570513,0.5265913972836724,0.4681081260525095,17.496636128076993,1710.3441666666665,,"draftkings@0.5,sgo_fair@0.5",1.0522575427430254,0.5,0.4915014345449747,-0.008498565455025309,-0.016997130910050617,0.058483271231162925,103,114.0,pass,2026-09-30T22:36:58+00:00,sgo_slate_alt_20260930T223657Z.json
LAK@COL,Mats Zuccarello,LAK,f2,PP1,PTS,over,0.5,fanduel,100,False,0.7477964098740251,0.6313150547570513,0.5265913972836724,0.4681081260525095,17.496636128076993,1710.3441666666665,,"draftkings@0.5,sgo_fair@0.5",1.0522575427430254,0.5,0.4915014345449747,-0.008498565455025309,-0.016997130910050617,0.058483271231162925,103,114.0,pass,2026-09-30T22:36:58+00:00,sgo_slate_alt_20260930T223657Z.json
PIT@PHI,Tyson Foerster,PHI,f2,PP1,G,over,0.5,fanduel,250,False,0.35201714673362056,0.31504121846183175,0.29673193687718596,0.2702412058858695,16.527680162974278,1116.2733333333333,,"fanduel@0.5,pinnacle@0.5,sgo_fair@0.5",1.0771563327510214,0.2857142857142857,0.28083749828239607,-0.004876787431889629,-0.017068756011613728,0.02649073099131649,256,291.0,pass,2026-09-30T22:36:58+00:00,sgo_slate_alt_20260930T223657Z.json
LAK@COL,Artemi Panarin,LAK,f1,PP1,PTS,over,0.5,fanduel,-186,False,0.9554759854349528,1.0646749654429828,0.6153709768380068,0.6551600785554292,19.238125,2334.2925,,"draftkings@0.5,sgo_fair@1.0",1.0522575427430254,0.6503496503496503,0.6392444378684603,-0.011105212481190008,-0.01707575682591589,-0.03978910171742245,-177,-159.0,pass,2026-09-30T22:36:58+00:00,sgo_slate_alt_20260930T223657Z.json
NYI@TOR,Darren Raddysh,TOR,d1,PP1,SOG,over,0.5,draftkings,-1400,True,2.70841230957326,2.5881644153857963,0.922358787267544,0.9135520830440738,21.772137732023086,2248.5808333333334,,"draftkings@2.5,fanduel@2.5,pinnacle@2.5,sgo_fair@2.5",1.0501033526938741,0.9333333333333333,0.9170747647334618,-0.016258568599871515,-0.017419894928433766,0.008806704223470185,-1106,-827.0,pass,2026-09-30T22:36:58+00:00,sgo_slate_alt_20260930T223657Z.json
PIT@PHI,Sidney Crosby,PIT,f1,PP1,G,over,0.5,fanduel,220,False,0.36742926664316317,0.36615368388862374,0.30748769120345515,0.3066037708080948,18.813389423076924,2041.1850000000002,,"fanduel@0.5,pinnacle@0.5,sgo_fair@0.5",1.0771563327510214,0.3125,0.30695733896623895,-0.005542661033761054,-0.017736515308035328,0.0008839203953603381,226,255.0,pass,2026-09-30T22:36:58+00:00,sgo_slate_alt_20260930T223657Z.json
NYI@TOR,Darren Raddysh,TOR,d1,PP1,PTS,over,0.5,fanduel,-115,False,0.8630637920083494,0.6735215396940623,0.5781324142415856,0.4900902550922526,21.772137732023086,2248.5808333333334,,"draftkings@0.5,sgo_fair@0.5",1.0522575427430254,0.5348837209302325,0.5253071187519858,-0.00957660217824674,-0.01790408233324403,0.08804215914933294,-111,-100.0,pass,2026-09-30T22:36:58+00:00,sgo_slate_alt_20260930T223657Z.json
PIT@PHI,Carl Grundstrom,PHI,f4,-,G,over,1.5,fanduel,10000,False,0.1607569984072412,0.13607916470332135,0.01161662121802316,0.008460169228398946,10.782179132040628,798.8466666666667,,sgo_fair@0.5,1.0771563327510214,0.009900990099009901,0.009722750024248631,-0.00017824007476126974,-0.018002247550888195,0.0031564519896242135,10185,,pass,2026-09-30T22:36:58+00:00,sgo_slate_alt_20260930T223657Z.json
PIT@PHI,Sidney Crosby,PIT,f1,PP1,SOG,over,0.5,draftkings,-1000,True,2.410393750843344,2.304635616620503,0.8985727978786969,0.8883960962181504,18.813389423076924,2041.1850000000002,,"draftkings@2.5,fanduel@2.5,pinnacle@2.5,sgo_fair@2.5",1.0501033526938741,0.9090909090909091,0.892466776882369,-0.016624132208540088,-0.018286545429394008,0.010176701660546517,-830,-655.0,pass,2026-09-30T22:36:58+00:00,sgo_slate_alt_20260930T223657Z.json
PIT@PHI,Rickard Rakell,PIT,f1,PP1,SOG,over,0.5,draftkings,-1200,True,2.5605191408268344,2.450920638608196,0.9113835680148552,0.9022111870044891,18.540236737515123,1840.311666666667,,"draftkings@2.5,fanduel@2.5,pinnacle@2.5,sgo_fair@2.5",1.0501033526938741,0.9230769230769231,0.9058801394086355,-0.017196783668287585,-0.018629848973978236,0.009172381010366104,-962,-739.0,pass,2026-09-30T22:36:58+00:00,sgo_slate_alt_20260930T223657Z.json
LAK@COL,Cale Makar,COL,d1,PP1,SOG,over,0.5,draftkings,-1800,True,2.752612087547682,2.8657877502754565,0.9253556185820442,0.9324910096120459,23.81464714714715,2789.351666666667,,"draftkings@2.5,fanduel@2.5,pinnacle@2.5,sgo_fair@3.0",1.0501033526938741,0.9473684210526315,0.9296368532000452,-0.01773156785258634,-0.018716654955507783,-0.007135391030001714,-1321,-949.0,pass,2026-09-30T22:36:58+00:00,sgo_slate_alt_20260930T223657Z.json
NYI@TOR,Kyle Palmieri,NYI,f1,PP1,SOG,over,3.5,draftkings,290,True,2.5776900322916916,2.4784594877157526,0.26379169400120006,0.24331240752079603,18.330910070005388,1155.1666666666667,,"draftkings@2.5,fanduel@2.5,pinnacle@2.5,sgo_fair@2.5",1.0501033526938741,0.2564102564102564,0.25150412211295764,-0.004906134297298748,-0.01913392375946521,0.020479286480404035,298,341.0,pass,2026-09-30T22:36:58+00:00,sgo_slate_alt_20260930T223657Z.json
LAK@COL,Artturi Lehkonen,COL,f1,PP2,SOG,over,0.5,draftkings,-800,True,2.1684808159521625,2.140161461287805,0.873699891159737,0.8703968000662508,18.532657100445324,1926.55,,"draftkings@1.5,sgo_fair@2.0",1.0501033526938741,0.8888888888888888,0.8717180365036453,-0.017170852385243518,-0.019317208933399055,0.0033030910934862545,-680,-552.0,pass,2026-09-30T22:36:58+00:00,sgo_slate_alt_20260930T223657Z.json
LAK@COL,Cale Makar,COL,d1,PP1,SOG,over,4.5,fanduel,490,True,2.752612087547682,2.8657877502754565,0.15568269081088476,0.17321650450185017,23.81464714714715,2789.351666666667,,"draftkings@2.5,fanduel@2.5,pinnacle@2.5,sgo_fair@3.0",1.0501033526938741,0.1694915254237288,0.166202979025464,-0.0032885463982648133,-0.01940242374976242,-0.017533813690965405,502,608.0,pass,2026-09-30T22:36:58+00:00,sgo_slate_alt_20260930T223657Z.json
PIT@PHI,Evgeni Malkin,PIT,f2,PP2,SOG,over,0.5,draftkings,-700,True,2.1393238026178922,1.9790909547771836,0.8702977342286006,0.8498122381533365,16.83075923787529,1529.4875,,"draftkings@1.5,fanduel@1.5,pinnacle@1.5,sgo_fair@2.5",1.0501033526938741,0.875,0.8580064365834421,-0.01699356341655789,-0.019421215333209063,0.020485496075264065,-604,-499.0,pass,2026-09-30T22:36:58+00:00,sgo_slate_alt_20260930T223657Z.json
NYI@TOR,Jack Roslovic,TOR,f1,PP2,SOG,over,0.5,draftkings,-650,True,2.2021131931100992,1.8506993587213365,0.8775087324243782,0.830967279759992,16.5629364333803,1610.1491666666666,,"draftkings@1.5,sgo_fair@1.5",1.0501033526938741,0.8666666666666667,0.8495838608257464,-0.017082805840920257,-0.01971092981644651,0.04654145266438625,-565,-470.0,pass,2026-09-30T22:36:58+00:00,sgo_slate_alt_20260930T223657Z.json
NYI@TOR,Emil Heineman,NYI,f3,-,SOG,over,2.5,fanduel,260,True,1.811984674360151,1.7984105319380814,0.274376324347586,0.2708627929607317,14.394946163178647,1680.3591666666666,,"draftkings@1.5,sgo_fair@1.5",1.0501033526938741,0.2777777777777778,0.2722682055154734,-0.005509572262304363,-0.019834460144295685,0.0035135313868543405,267,304.0,pass,2026-09-30T22:36:58+00:00,sgo_slate_alt_20260930T223657Z.json
PIT@PHI,Trevor Zegras,PHI,f1,PP1,SOG,over,0.5,fanduel,-670,True,2.177320181188752,1.8958702366359619,0.8747127804613586,0.837864373008487,18.15746991717456,1953.2883333333334,,"draftkings@1.5,fanduel@1.5,pinnacle@1.5,sgo_fair@1.5",1.0501033526938741,0.8701298701298701,0.8526037359896357,-0.017526134140234406,-0.020141975056687356,0.036848407452871546,-578,-480.0,pass,2026-09-30T22:36:58+00:00,sgo_slate_alt_20260930T223657Z.json
LAK@COL,Martin Necas,COL,f1,PP1,SOG,under,2.5,fanduel,-102,False,2.558919995970061,2.8628088231689897,0.5365390378789165,0.4668189295940649,19.35776089828269,2352.2475,,"draftkings@2.5,fanduel@2.5,pinnacle@2.5,sgo_fair@3.5",1.0501033526938741,0.504950495049505,0.4947069729080056,-0.010243522141499373,-0.02028619090767514,0.06972010828485165,102,113.0,pass,2026-09-30T22:36:58+00:00,sgo_slate_alt_20260930T223657Z.json
NYI@TOR,John Tavares,TOR,f2,PP1,A,over,0.5,draftkings,155,False,0.5073825394916294,0.4697257191879558,0.3979305889013537,0.3748262820760266,17.08891862955032,2122.2625,,"draftkings@0.5,pinnacle@0.5,sgo_fair@0.5",1.1071951647367635,0.39215686274509803,0.38406800480615744,-0.008088857938940597,-0.020626587744298597,0.023104306825327103,160,178.0,pass,2026-09-30T22:36:58+00:00,sgo_slate_alt_20260930T223657Z.json
NYI@TOR,Simon Holmstrom,NYI,f1,PP2,PTS,over,0.5,draftkings,140,False,0.5736073662696658,0.49263111659439945,0.43651094349614133,0.3889833786088604,17.38473022912047,1890.7566666666667,,"draftkings@0.5,sgo_fair@0.5",1.0522575427430254,0.4166666666666667,0.4079944045637728,-0.008672262102893902,-0.020813429046945386,0.04752756488728094,145,161.0,pass,2026-09-30T22:36:58+00:00,sgo_slate_alt_20260930T223657Z.json
NYI@TOR,Tony DeAngelo,NYI,d3,PP2,SOG,over,0.5,fanduel,-670,True,1.9102586370925831,2.0543497930307884,0.8399990453664851,0.8598253669928388,18.18105358764759,1822.3483333333331,,"draftkings@1.5,sgo_fair@2.0",1.0501033526938741,0.8701298701298701,0.8518948383422974,-0.018235031787572686,-0.020956678323031386,-0.019826321626353782,-575,-478.0,pass,2026-09-30T22:36:58+00:00,sgo_slate_alt_20260930T223657Z.json
PIT@PHI,Jamie Drysdale,PHI,d2,PP1,PTS,under,0.5,draftkings,-155,False,0.42942966969293433,0.5836626803498522,0.6508802055928876,0.5578513888212374,20.541472602739724,2308.5825,,"draftkings@0.5,sgo_fair@0.5",1.0522575427430254,0.6078431372549019,0.5950629155298974,-0.012780221725004481,-0.021025526063717215,0.0930288167716502,-147,-133.0,pass,2026-09-30T22:36:58+00:00,sgo_slate_alt_20260930T223657Z.json
NYI@TOR,Bo Horvat,NYI,f1,PP1,SOG,over,3.5,draftkings,140,True,3.303335038033972,3.2401812102375307,0.4155815927485274,0.40258126003102684,19.278630126057124,2147.2058333333334,,"draftkings@2.5,fanduel@3.5,pinnacle@3.5,sgo_fair@3.5",1.0501033526938741,0.4166666666666667,0.4077813931180271,-0.008885273548639605,-0.021324656516735097,0.013000332717500562,145,161.0,pass,2026-09-30T22:36:58+00:00,sgo_slate_alt_20260930T223657Z.json
PIT@PHI,Porter Martone,PHI,f1,PP1,SOG,over,0.5,fanduel,-2000,True,2.8617263496329413,2.847282767492061,0.9322476909877389,0.9313749246291346,17.520370370370372,153.36666666666667,,"draftkings@2.5,fanduel@2.5,pinnacle@2.5,sgo_fair@3.0",1.0501033526938741,0.9523809523809523,0.9317240311725763,-0.020656921208376033,-0.0216897672687949,0.0008727663586042267,-1365,-972.0,pass,2026-09-30T22:36:58+00:00,sgo_slate_alt_20260930T223657Z.json
LAK@COL,Artemi Panarin,LAK,f1,PP1,SOG,over,3.5,draftkings,265,True,2.72189031401514,2.5141733595633653,0.2939192653206889,0.2506528310406829,19.238125,2334.2925,,"draftkings@2.5,fanduel@2.5,pinnacle@2.5,sgo_fair@2.5",1.0501033526938741,0.273972602739726,0.2679594047526853,-0.006013197987040697,-0.02194817265269866,0.04326643428000598,273,312.0,pass,2026-09-30T22:36:58+00:00,sgo_slate_alt_20260930T223657Z.json
LAK@COL,Mats Zuccarello,LAK,f2,PP1,G,over,0.5,fanduel,370,False,0.24392964454363672,0.22628059135017028,0.21645724116793963,0.20250569973369068,17.496636128076993,1710.3441666666665,,"fanduel@0.5,pinnacle@0.5,sgo_fair@0.5",1.0771563327510214,0.2127659574468085,0.20808631630739027,-0.004679641139418239,-0.021994313355265693,0.013951541434248954,381,446.0,pass,2026-09-30T22:36:58+00:00,sgo_slate_alt_20260930T223657Z.json
PIT@PHI,Porter Martone,PHI,f1,PP1,PTS,over,0.5,draftkings,-130,False,0.9050391231091117,0.7424955546482034,0.5954739415236968,0.5240752638803118,17.520370370370372,153.36666666666667,,"draftkings@0.5,sgo_fair@0.5",1.0522575427430254,0.5652173913043478,0.5526347349376658,-0.012582656366681988,-0.022261622802591363,0.07139867764338503,-124,-112.0,pass,2026-09-30T22:36:58+00:00,sgo_slate_alt_20260930T223657Z.json
PIT@PHI,Porter Martone,PHI,f1,PP1,G,over,0.5,fanduel,195,False,0.4345745028893148,0.38156886790124445,0.35245986507504456,0.31721063783146947,17.520370370370372,153.36666666666667,,"fanduel@0.5,pinnacle@0.5,sgo_fair@0.5",1.0771563327510214,0.3389830508474576,0.3313103287288995,-0.0076727221185581285,-0.022634530249746487,0.0352492272435751,202,226.0,pass,2026-09-30T22:36:58+00:00,sgo_slate_alt_20260930T223657Z.json
NYI@TOR,Auston Matthews,TOR,f1,PP1,PTS,over,0.5,draftkings,-190,False,0.9429702200275875,1.0790770394883018,0.610530693866309,0.6600908964071699,19.35674712013165,1888.035,,"draftkings@0.5,sgo_fair@1.0",1.0522575427430254,0.6551724137931034,0.6402668153908255,-0.014905598402277898,-0.02275065019295064,-0.04956020254086091,-178,-160.0,pass,2026-09-30T22:36:58+00:00,sgo_slate_alt_20260930T223657Z.json
NYI@TOR,Jack Roslovic,TOR,f1,PP2,SOG,over,1.5,draftkings,-145,False,2.2021131931100992,1.8506993587213365,0.6320889885663022,0.5421884579260069,16.5629364333803,1610.1491666666666,,"draftkings@1.5,sgo_fair@1.5",1.0501033526938741,0.5918367346938775,0.578148670182125,-0.013688064511752529,-0.023128109002616304,0.08990053064029535,-137,-124.0,pass,2026-09-30T22:36:58+00:00,sgo_slate_alt_20260930T223657Z.json
LAK@COL,Brian Dumoulin,LAK,d1,-,A,over,0.5,draftkings,450,False,0.20407130861258013,0.18981520751304273,0.18459577622977758,0.17288803610118533,20.399046610169492,2159.175,,"draftkings@0.5,sgo_fair@0.5",1.1071951647367635,0.18181818181818182,0.1775711321526222,-0.00424704966555961,-0.023358773160577773,0.011707740128592242,463,555.0,pass,2026-09-30T22:36:58+00:00,sgo_slate_alt_20260930T223657Z.json
PIT@PHI,Travis Konecny,PHI,f2,PP2,SOG,over,0.5,fanduel,-780,True,2.145959220793068,2.0711828002167736,0.871080309052482,0.8619679628749676,17.79007170032192,2230.1783333333337,,"draftkings@1.5,fanduel@1.5,pinnacle@1.5,sgo_fair@2.0",1.0501033526938741,0.8863636363636364,0.8656129013459734,-0.020750735017663002,-0.02341108566095318,0.009112346177514441,-644,-527.0,pass,2026-09-30T22:36:58+00:00,sgo_slate_alt_20260930T223657Z.json
LAK@COL,Cale Makar,COL,d1,PP1,A,over,0.5,draftkings,-160,False,0.8521146074867143,0.9650953990367924,0.5734879279327402,0.6190531439573473,23.81464714714715,2789.351666666667,,"draftkings@0.5,pinnacle@0.5,sgo_fair@1.0",1.1071951647367635,0.6153846153846154,0.6008270575475044,-0.01455755783711099,-0.023656031485305262,-0.04556521602460717,-151,-136.0,pass,2026-09-30T22:36:58+00:00,sgo_slate_alt_20260930T223657Z.json
LAK@COL,Brock Nelson,COL,f2,PP2,PTS,over,0.5,fanduel,-102,False,0.7262917908087153,0.6490266478146395,0.5163006731433045,0.47744584146419683,17.712678062678066,2272.766666666667,,"draftkings@0.5,sgo_fair@0.5",1.0522575427430254,0.504950495049505,0.4929877741358399,-0.01196272091366507,-0.023690878672160243,0.03885483167910769,103,114.0,pass,2026-09-30T22:36:58+00:00,sgo_slate_alt_20260930T223657Z.json
NYI@TOR,William Nylander,TOR,f2,PP1,SOG,over,3.5,fanduel,220,True,2.628376809170463,2.8720520934455664,0.27434164719822063,0.3255274147788329,17.72223436993845,2000.8358333333333,,"draftkings@2.5,fanduel@2.5,pinnacle@2.5,sgo_fair@3.0",1.0501033526938741,0.3125,0.305053107746588,-0.007446892253411996,-0.0238300552109183,-0.051185767580612274,228,257.0,pass,2026-09-30T22:36:58+00:00,sgo_slate_alt_20260930T223657Z.json
NYI@TOR,Matias Maccelli,NYI,f2,PP1,SOG,over,1.5,draftkings,-130,False,1.6523066290768735,2.0543497930307884,0.4843904114097289,0.5962262539371208,15.174308093994778,1373.88,,"draftkings@1.5,sgo_fair@2.0",1.0501033526938741,0.5652173913043478,0.5514919169261641,-0.013725474378183722,-0.024283531592171337,-0.11183584252739193,-123,-111.0,pass,2026-09-30T22:36:58+00:00,sgo_slate_alt_20260930T223657Z.json
NYI@TOR,Matias Maccelli,NYI,f2,PP1,SOG,over,2.5,draftkings,230,True,1.6523066290768735,2.0543497930307884,0.23331152621096413,0.33722327670720736,15.174308093994778,1373.88,,"draftkings@1.5,sgo_fair@2.0",1.0501033526938741,0.30303030303030304,0.2956585765087101,-0.007371726521592958,-0.024326697521256824,-0.10391175049624324,238,269.0,pass,2026-09-30T22:36:58+00:00,sgo_slate_alt_20260930T223657Z.json
PIT@PHI,Trevor Zegras,PHI,f1,PP1,SOG,over,2.5,draftkings,200,True,2.177320181188752,1.8958702366359619,0.36884100105089385,0.2961331286403261,18.15746991717456,1953.2883333333334,,"draftkings@1.5,fanduel@1.5,pinnacle@1.5,sgo_fair@1.5",1.0501033526938741,0.3333333333333333,0.3252162776045532,-0.008117055728780131,-0.02435116718634045,0.07270787241056775,207,233.0,pass,2026-09-30T22:36:58+00:00,sgo_slate_alt_20260930T223657Z.json
NYI@TOR,Auston Matthews,TOR,f1,PP1,SOG,over,2.5,draftkings,-240,True,3.747951156478456,3.6315658225880103,0.6999105351103241,0.6811704116539018,19.35674712013165,1888.035,,"draftkings@3.5,fanduel@3.5,pinnacle@3.5,sgo_fair@3.5",1.0501033526938741,0.7058823529411765,0.6886664610364708,-0.017215891904705738,-0.024389180198333027,0.018740123456422286,-221,-197.0,pass,2026-09-30T22:36:58+00:00,sgo_slate_alt_20260930T223657Z.json
PIT@PHI,Trevor Zegras,PHI,f1,PP1,PTS,over,2.5,fanduel,1200,True,0.8640695640116006,1.0359170848419532,0.05707173197359411,0.08702518738499333,18.15746991717456,1953.2883333333334,,"draftkings@0.5,sgo_fair@1.0",1.0522575427430254,0.07692307692307693,0.07504380522043363,-0.0018792717026432926,-0.024430532134362748,-0.029953455411399224,1233,1898.0,pass,2026-09-30T22:36:58+00:00,sgo_slate_alt_20260930T223657Z.json
PIT@PHI,Trevor Zegras,PHI,f1,PP1,PTS,over,2.5,draftkings,1200,True,0.8640695640116006,1.0359170848419532,0.05707173197359411,0.08702518738499333,18.15746991717456,1953.2883333333334,,"draftkings@0.5,sgo_fair@1.0",1.0522575427430254,0.07692307692307693,0.07504380522043363,-0.0018792717026432926,-0.024430532134362748,-0.029953455411399224,1233,1898.0,pass,2026-09-30T22:36:58+00:00,sgo_slate_alt_20260930T223657Z.json
PIT@PHI,Tyson Foerster,PHI,f2,PP1,A,under,0.5,draftkings,-310,False,0.2467449385599381,0.34521494640978967,0.7813399578127964,0.7080681404048939,16.527680162974278,1116.2733333333333,,"draftkings@0.5,pinnacle@0.5,sgo_fair@0.5",1.1071951647367635,0.7560975609756098,0.737376867368055,-0.018720693607554795,-0.024759627029346754,0.07327181740790256,-281,-248.0,pass,2026-09-30T22:36:58+00:00,sgo_slate_alt_20260930T223657Z.json
NYI@TOR,Darren Raddysh,TOR,d1,PP1,SOG,over,1.5,draftkings,-285,True,2.70841230957326,2.5881644153857963,0.7349192328184522,0.7131508687214638,21.772137732023086,2248.5808333333334,,"draftkings@2.5,fanduel@2.5,pinnacle@2.5,sgo_fair@2.5",1.0501033526938741,0.7402597402597403,0.7218582143602592,-0.018401525899481075,-0.024858201653684908,0.021768364096988346,-260,-230.0,pass,2026-09-30T22:36:58+00:00,sgo_slate_alt_20260930T223657Z.json
LAK@COL,Gabriel Landeskog,COL,f2,PP1,SOG,over,0.5,draftkings,-1100,True,2.2447679521682438,2.4385909175172906,0.8821674426242274,0.901118921498866,16.206805555555555,984.8166666666667,,"draftkings@2.5,sgo_fair@2.5",1.0501033526938741,0.9166666666666666,0.8935383299490105,-0.02312833671765613,-0.025230912782897685,-0.01895147887463855,-839,-661.0,pass,2026-09-30T22:36:58+00:00,sgo_slate_alt_20260930T223657Z.json
PIT@PHI,Noah Cates,PHI,f3,PP2,SOG,over,0.5,draftkings,-390,True,1.5406573649202646,1.5505246854859767,0.7745366396827065,0.7766071227943492,14.816801878736124,1889.2450000000001,,"draftkings@1.5,sgo_fair@1.5",1.0501033526938741,0.7959183673469388,0.7757789295496921,-0.020139437797246695,-0.025303396206797113,-0.002070483111642707,-346,-301.0,pass,2026-09-30T22:36:58+00:00,sgo_slate_alt_20260930T223657Z.json
LAK@COL,Alex Laferriere,LAK,f2,PP2,SOG,over,0.5,draftkings,-1100,True,2.3058104448806325,2.388241175899168,0.8885148254966283,0.8965244684151653,16.89103086155165,2074.2774999999997,,"draftkings@2.5,sgo_fair@2.5",1.0501033526938741,0.9166666666666666,0.8933206112477505,-0.0233460554189161,-0.02546842409336314,-0.008009642918537008,-837,-659.0,pass,2026-09-30T22:36:58+00:00,sgo_slate_alt_20260930T223657Z.json
LAK@COL,Artturi Lehkonen,COL,f1,PP2,SOG,over,1.5,draftkings,-175,False,2.1684808159521625,2.140161461287805,0.6241700576507005,0.6173912947474272,18.532657100445324,1926.55,,"draftkings@1.5,sgo_fair@2.0",1.0501033526938741,0.6363636363636364,0.6201027999087365,-0.01626083645489984,-0.025552743000556877,0.006778762903273394,-163,-147.0,pass,2026-09-30T22:36:58+00:00,sgo_slate_alt_20260930T223657Z.json
LAK@COL,Sam Malinski,COL,d2,-,A,over,0.5,draftkings,250,False,0.3462907613937238,0.313018632411546,0.2926932003058979,0.26876371225349993,18.56353628800918,1990.1658333333332,,"draftkings@0.5,sgo_fair@0.5",1.1071951647367635,0.2857142857142857,0.2783355074744591,-0.007378778239826578,-0.025825723839393078,0.023929488052397974,259,295.0,pass,2026-09-30T22:36:58+00:00,sgo_slate_alt_20260930T223657Z.json
PIT@PHI,Travis Konecny,PHI,f2,PP2,SOG,over,0.5,draftkings,-800,True,2.145959220793068,2.0711828002167736,0.871080309052482,0.8619679628749676,17.79007170032192,2230.1783333333337,,"draftkings@1.5,fanduel@1.5,pinnacle@1.5,sgo_fair@2.0",1.0501033526938741,0.8888888888888888,0.8656129013459734,-0.02327598754291549,-0.026185485985779966,0.009112346177514441,-644,-527.0,pass,2026-09-30T22:36:58+00:00,sgo_slate_alt_20260930T223657Z.json
PIT@PHI,Erik Karlsson,PIT,d1,PP1,SOG,over,0.5,draftkings,-1000,True,2.2661791992622393,2.2776169614419457,0.8844357928307961,0.8856287880191133,22.990095323205242,2627.4333333333334,,"draftkings@2.5,fanduel@2.5,pinnacle@2.5,sgo_fair@2.5",1.0501033526938741,0.9090909090909091,0.8851515899437864,-0.023939319147122662,-0.026333251061834928,-0.0011929951883171697,-771,-615.0,pass,2026-09-30T22:36:58+00:00,sgo_slate_alt_20260930T223657Z.json
NYI@TOR,William Nylander,TOR,f2,PP1,A,over,0.5,fanduel,116,False,0.6387828662426337,0.5737120145598846,0.47206539981979506,0.4365699085771103,17.72223436993845,2000.8358333333333,,"draftkings@0.5,pinnacle@0.5,sgo_fair@0.5",1.1071951647367635,0.46296296296296297,0.4507681050741842,-0.012194857888778776,-0.02634089303976206,0.03549549124268475,122,135.0,pass,2026-09-30T22:36:58+00:00,sgo_slate_alt_20260930T223657Z.json
PIT@PHI,Jamie Drysdale,PHI,d2,PP1,A,under,0.5,draftkings,-220,False,0.33190880021768737,0.4508242518489211,0.7175527605260049,0.6371028019788252,20.541472602739724,2308.5825,,"draftkings@0.5,sgo_fair@0.5",1.1071951647367635,0.6875,0.669282785397697,-0.018217214602302967,-0.02649776669425885,0.08044995854717973,-202,-181.0,pass,2026-09-30T22:36:58+00:00,sgo_slate_alt_20260930T223657Z.json
PIT@PHI,Evgeni Malkin,PIT,f2,PP2,SOG,over,1.5,fanduel,-156,False,2.1393238026178922,1.9790909547771836,0.6171892363476456,0.5768837598834053,16.83075923787529,1529.4875,,"draftkings@1.5,fanduel@1.5,pinnacle@1.5,sgo_fair@2.5",1.0501033526938741,0.609375,0.5930059504691014,-0.01636904953089857,-0.02686202999942333,0.04030547646424021,-146,-131.0,pass,2026-09-30T22:36:58+00:00,sgo_slate_alt_20260930T223657Z.json
NYI@TOR,Darren Raddysh,TOR,d1,PP1,G,over,1.5,fanduel,5000,False,0.2129261792719751,0.20692071580739815,0.019693899991840128,0.018671941352937475,21.772137732023086,2248.5808333333334,,sgo_fair@0.5,1.0771563327510214,0.0196078431372549,0.01908072480849854,-0.0005271183287563624,-0.0268830347665745,0.001021958638902653,5141,,pass,2026-09-30T22:36:58+00:00,sgo_slate_alt_20260930T223657Z.json
PIT@PHI,Matvei Michkov,PHI,f3,PP1,SOG,over,1.5,draftkings,-145,False,2.187048050044738,1.8456281585303085,0.6285594253823463,0.5407740857139267,14.45386396011396,1802.7041666666667,,"draftkings@1.5,sgo_fair@1.5",1.0501033526938741,0.5918367346938775,0.5758882215812946,-0.01594851311258294,-0.026947487672984938,0.08778533966841962,-136,-123.0,pass,2026-09-30T22:36:58+00:00,sgo_slate_alt_20260930T223657Z.json
PIT@PHI,Rickard Rakell,PIT,f1,PP1,SOG,over,1.5,draftkings,-250,True,2.5605191408268344,2.450920638608196,0.70792291774864,0.6863465826381812,18.540236737515123,1840.311666666667,,"draftkings@2.5,fanduel@2.5,pinnacle@2.5,sgo_fair@2.5",1.0501033526938741,0.7142857142857143,0.6949771166823646,-0.019308597603349686,-0.02703203664468956,0.021576335110458866,-228,-203.0,pass,2026-09-30T22:36:58+00:00,sgo_slate_alt_20260930T223657Z.json
PIT@PHI,Alex Bump,PHI,f3,PP2,G,over,0.5,fanduel,380,False,0.2563718401133982,0.20679971408241,0.22614583473344974,0.1868174973178062,13.070588235294117,214.9,,"pinnacle@0.5,sgo_fair@0.5",1.0771563327510214,0.20833333333333334,0.20254883228406362,-0.005784501049269725,-0.027765605036494723,0.03932833741564354,394,463.0,pass,2026-09-30T22:36:58+00:00,sgo_slate_alt_20260930T223657Z.json
LAK@COL,Cale Makar,COL,d1,PP1,SOG,over,1.5,fanduel,-345,True,2.752612087547682,2.8657877502754565,0.7425342285823535,0.761124122579514,23.81464714714715,2789.351666666667,,"draftkings@2.5,fanduel@2.5,pinnacle@2.5,sgo_fair@3.0",1.0501033526938741,0.7752808988764045,0.7536881649806498,-0.021592733895754668,-0.027851497343799547,-0.01858989399716049,-306,-269.0,pass,2026-09-30T22:36:58+00:00,sgo_slate_alt_20260930T223657Z.json
NYI@TOR,Matthew Schaefer,NYI,d1,PP1,SOG,over,0.5,draftkings,-2500,True,2.80586538638041,2.9625838107769127,0.9288064846266565,0.938027753310223,23.59136178861789,2023.9833333333333,,"draftkings@2.5,fanduel@2.5,pinnacle@2.5,sgo_fair@3.5",1.0501033526938741,0.9615384615384616,0.9343392458367965,-0.027199215701665058,-0.02828718432973165,-0.009221268683566541,-1423,-1003.0,pass,2026-09-30T22:36:58+00:00,sgo_slate_alt_20260930T223657Z.json
NYI@TOR,William Nylander,TOR,f2,PP1,SOG,over,1.5,draftkings,-330,True,2.628376809170463,2.8720520934455664,0.7206046536860949,0.7621158706581322,17.72223436993845,2000.8358333333333,,"draftkings@2.5,fanduel@2.5,pinnacle@2.5,sgo_fair@3.0",1.0501033526938741,0.7674418604651163,0.7455113838693173,-0.021930476595799053,-0.028576075564223036,-0.0415112169720373,-293,-258.0,pass,2026-09-30T22:36:58+00:00,sgo_slate_alt_20260930T223657Z.json
LAK@COL,Quinton Byfield,LAK,f1,PP1,A,under,0.5,draftkings,-245,False,0.3323603075065874,0.3985871245742266,0.7172288533531845,0.6712677941234186,18.790998989461528,2260.741666666667,,"draftkings@0.5,pinnacle@0.5,sgo_fair@0.5",1.1071951647367635,0.7101449275362319,0.689652217815325,-0.020492709720906888,-0.028857081035562726,0.0459610592297659,-222,-198.0,pass,2026-09-30T22:36:58+00:00,sgo_slate_alt_20260930T223657Z.json
PIT@PHI,Travis Konecny,PHI,f2,PP2,PTS,over,0.5,fanduel,-172,False,0.8576142931254959,1.0191197854576217,0.575827171801134,0.6390875191852301,17.79007170032192,2230.1783333333337,,"draftkings@0.5,sgo_fair@1.0",1.0522575427430254,0.6323529411764706,0.6137833802315917,-0.018569560944878827,-0.029365817308180442,-0.06326034738409614,-159,-143.0,pass,2026-09-30T22:36:58+00:00,sgo_slate_alt_20260930T223657Z.json
LAK@COL,Quinton Byfield,LAK,f1,PP1,SOG,over,0.5,draftkings,-1100,True,2.136336181942233,2.459191254511227,0.8699437578803042,0.9029367932206175,18.790998989461528,2260.741666666667,,"draftkings@2.5,fanduel@2.5,pinnacle@2.5,sgo_fair@2.5",1.0501033526938741,0.9166666666666666,0.8897395790844922,-0.026927087582174436,-0.029375004635099455,-0.03299303534031328,-807,-639.0,pass,2026-09-30T22:36:58+00:00,sgo_slate_alt_20260930T223657Z.json
NYI@TOR,Darren Raddysh,TOR,d1,PP1,A,over,1.5,draftkings,750,True,0.6527892151450542,0.5228162585183908,0.13957164022997406,0.09720054374219259,21.772137732023086,2248.5808333333334,,"draftkings@0.5,pinnacle@0.5,sgo_fair@0.5",1.1071951647367635,0.11764705882352941,0.11414898233730518,-0.0034980764862242303,-0.029733650132905964,0.04237109648778148,776,1022.0,pass,2026-09-30T22:36:58+00:00,sgo_slate_alt_20260930T223657Z.json
LAK@COL,Martin Necas,COL,f1,PP1,SOG,over,0.5,draftkings,-2000,True,2.558919995970061,2.8628088231689897,0.9112564035877614,0.9323126314512137,19.35776089828269,2352.2475,,"draftkings@2.5,fanduel@2.5,pinnacle@2.5,sgo_fair@3.5",1.0501033526938741,0.9523809523809523,0.9238901403058328,-0.028490812075119498,-0.029915352678875462,-0.021056227863452293,-1214,-889.0,pass,2026-09-30T22:36:58+00:00,sgo_slate_alt_20260930T223657Z.json
NYI@TOR,Bo Horvat,NYI,f1,PP1,G,over,0.5,fanduel,190,False,0.4133900090335741,0.4027431987249163,0.3385957211244232,0.33151625523873923,19.278630126057124,2147.2058333333334,,"fanduel@0.5,pinnacle@0.5,sgo_fair@0.5",1.0771563327510214,0.3448275862068966,0.3343480415930128,-0.010479544613883784,-0.030390679380262964,0.007079465885683978,199,223.0,pass,2026-09-30T22:36:58+00:00,sgo_slate_alt_20260930T223657Z.json
LAK@COL,Mats Zuccarello,LAK,f2,PP1,SOG,over,0.5,draftkings,-700,True,1.981372983240766,1.9604317896902295,0.8501265992317062,0.8472158478499019,17.496636128076993,1710.3441666666665,,"draftkings@1.5,fanduel@1.5,pinnacle@1.5,sgo_fair@2.5",1.0501033526938741,0.875,0.8483801484026237,-0.026619851597376343,-0.030422687539858773,0.0029107513818042996,-560,-466.0,pass,2026-09-30T22:36:58+00:00,sgo_slate_alt_20260930T223657Z.json
LAK@COL,Cale Makar,COL,d1,PP1,SOG,over,1.5,draftkings,-350,True,2.752612087547682,2.8657877502754565,0.7425342285823535,0.761124122579514,23.81464714714715,2789.351666666667,,"draftkings@2.5,fanduel@2.5,pinnacle@2.5,sgo_fair@3.0",1.0501033526938741,0.7777777777777778,0.7536881649806498,-0.024089612797127957,-0.030972359310593167,-0.01858989399716049,-306,-269.0,pass,2026-09-30T22:36:58+00:00,sgo_slate_alt_20260930T223657Z.json
LAK@COL,Sam Malinski,COL,d2,-,PTS,over,0.5,draftkings,195,False,0.42088870147558954,0.3831521371393304,0.3435368392754826,0.318290821887944,18.56353628800918,1990.1658333333332,,draftkings@0.5,1.0522575427430254,0.3389830508474576,0.32838922884295946,-0.010593822004498155,-0.03125177491326958,0.025246017387538622,205,230.0,pass,2026-09-30T22:36:58+00:00,sgo_slate_alt_20260930T223657Z.json
LAK@COL,Nazem Kadri,COL,f2,PP2,SOG,over,0.5,fanduel,-1500,True,2.727911457110763,2.396569607305325,0.9236960755854715,0.8972995785273131,17.56882499268364,2179.7783333333336,,"draftkings@2.5,fanduel@2.5,pinnacle@2.5,sgo_fair@2.5",1.0501033526938741,0.9375,0.9078581773505765,-0.0296418226494235,-0.031617944159385125,0.026396497058158386,-985,-754.0,pass,2026-09-30T22:36:58+00:00,sgo_slate_alt_20260930T223657Z.json
NYI@TOR,Kyle Palmieri,NYI,f1,PP1,SOG,over,3.5,fanduel,285,True,2.5776900322916916,2.4784594877157526,0.26379169400120006,0.24331240752079603,18.330910070005388,1155.1666666666667,,"draftkings@2.5,fanduel@2.5,pinnacle@2.5,sgo_fair@2.5",1.0501033526938741,0.2597402597402597,0.25150412211295764,-0.008236137627302076,-0.031709129865113095,0.020479286480404035,298,341.0,pass,2026-09-30T22:36:58+00:00,sgo_slate_alt_20260930T223657Z.json
NYI@TOR,Bo Horvat,NYI,f1,PP1,SOG,over,2.5,draftkings,-175,False,3.303335038033972,3.2401812102375307,0.6231592981933753,0.6111099132832752,19.278630126057124,2147.2058333333334,,"draftkings@2.5,fanduel@3.5,pinnacle@3.5,sgo_fair@3.5",1.0501033526938741,0.6363636363636364,0.6159296672473153,-0.020433969116321005,-0.032110522897075944,0.012049384910100103,-160,-144.0,pass,2026-09-30T22:36:58+00:00,sgo_slate_alt_20260930T223657Z.json
PIT@PHI,Egor Chinakhov,PIT,f2,PP1,SOG,over,0.5,draftkings,-1000,True,2.0500395791824326,2.355775421334414,0.8592711701688837,0.8934440978065554,14.739930555555556,970.55,,"draftkings@2.5,sgo_fair@2.5",1.0501033526938741,0.9090909090909091,0.8797749267514867,-0.029315982339422342,-0.03224758057336452,-0.03417292763767177,-732,-589.0,pass,2026-09-30T22:36:58+00:00,sgo_slate_alt_20260930T223657Z.json
LAK@COL,Mats Zuccarello,LAK,f2,PP1,SOG,over,1.5,fanduel,-146,False,1.981372983240766,1.9604317896902295,0.5774810552142645,0.571974567983786,17.496636128076993,1710.3441666666665,,"draftkings@1.5,fanduel@1.5,pinnacle@1.5,sgo_fair@2.5",1.0501033526938741,0.5934959349593496,0.5741771628759773,-0.019318772083372293,-0.03255080775691488,0.0055064872304785295,-135,-122.0,pass,2026-09-30T22:36:58+00:00,sgo_slate_alt_20260930T223657Z.json
LAK@COL,Cale Makar,COL,d1,PP1,A,over,0.5,fanduel,-164,False,0.8521146074867143,0.9650953990367924,0.5734879279327402,0.6190531439573473,23.81464714714715,2789.351666666667,,"draftkings@0.5,pinnacle@0.5,sgo_fair@1.0",1.1071951647367635,0.6212121212121212,0.6008270575475044,-0.020385063664616787,-0.032814980533285465,-0.04556521602460717,-151,-136.0,pass,2026-09-30T22:36:58+00:00,sgo_slate_alt_20260930T223657Z.json
LAK@COL,Quinton Byfield,LAK,f1,PP1,PTS,under,0.5,draftkings,-120,False,0.5906063945965947,0.6738364210812856,0.5539912455607657,0.5097492090961082,18.790998989461528,2260.741666666667,,"draftkings@0.5,sgo_fair@0.5",1.0522575427430254,0.5454545454545454,0.5274460236819712,-0.01800852177257417,-0.033015623249719295,0.04424203646465752,-112,-101.0,pass,2026-09-30T22:36:58+00:00,sgo_slate_alt_20260930T223657Z.json
NYI@TOR,Brayden Schenn,NYI,f2,PP1,SOG,over,0.5,fanduel,-590,True,1.7670895145495848,1.863460286238935,0.8173797856811051,0.832946261755587,16.50940975192472,1989.5,,"draftkings@1.5,fanduel@1.5,pinnacle@1.5,sgo_fair@2.0",1.0501033526938741,0.855072463768116,0.8267196713257943,-0.028352792442321695,-0.033158350483393106,-0.015566476074481805,-477,-404.0,pass,2026-09-30T22:36:58+00:00,sgo_slate_alt_20260930T223657Z.json
PIT@PHI,Owen Tippett,PHI,f1,PP2,SOG,over,0.5,fanduel,-2000,True,2.827459759703457,2.5992621420479396,0.9301579301769294,0.9144069316679211,17.293983282893787,1918.3983333333333,,"draftkings@2.5,fanduel@2.5,pinnacle@2.5,sgo_fair@2.5",1.0501033526938741,0.9523809523809523,0.9207073310715244,-0.03167362130942797,-0.03325730237489943,0.015750998509008296,-1161,-859.0,pass,2026-09-30T22:36:58+00:00,sgo_slate_alt_20260930T223657Z.json
NYI@TOR,Emil Heineman,NYI,f3,-,SOG,over,0.5,draftkings,-575,True,1.811984674360151,1.7984105319380814,0.8248120463931559,0.822598819251621,14.394946163178647,1680.3591666666666,,"draftkings@1.5,sgo_fair@1.5",1.0501033526938741,0.8518518518518519,0.823484110108235,-0.028367741743616892,-0.033301262046854685,0.0022132271415348237,-467,-396.0,pass,2026-09-30T22:36:58+00:00,sgo_slate_alt_20260930T223657Z.json
NYI@TOR,John Tavares,TOR,f2,PP1,SOG,over,2.5,draftkings,135,False,2.493402450010554,2.2489417721844474,0.4477066046120599,0.3870630704962462,17.08891862955032,2122.2625,,"draftkings@2.5,fanduel@2.5,pinnacle@2.5,sgo_fair@2.5",1.0501033526938741,0.425531914893617,0.4113204841425717,-0.014211430751045306,-0.03339686226495642,0.06064353411581369,143,159.0,pass,2026-09-30T22:36:58+00:00,sgo_slate_alt_20260930T223657Z.json
LAK@COL,Erik Haula,LAK,f3,PP2,A,under,0.5,draftkings,-400,False,0.22434432295704718,0.28011237195630345,0.7990399591959699,0.7556988173297903,14.81408969210174,1807.1625,,"draftkings@0.5,sgo_fair@0.5",1.1071951647367635,0.8,0.7730352740762622,-0.026964725923737887,-0.033705907404672275,0.043341141866179655,-341,-297.0,pass,2026-09-30T22:36:58+00:00,sgo_slate_alt_20260930T223657Z.json
PIT@PHI,Rickard Rakell,PIT,f1,PP1,SOG,over,0.5,fanduel,-1500,True,2.5605191408268344,2.450920638608196,0.9113835680148552,0.9022111870044891,18.540236737515123,1840.311666666667,,"draftkings@2.5,fanduel@2.5,pinnacle@2.5,sgo_fair@2.5",1.0501033526938741,0.9375,0.9058801394086355,-0.03161986059136446,-0.03372785129745548,0.009172381010366104,-962,-739.0,pass,2026-09-30T22:36:58+00:00,sgo_slate_alt_20260930T223657Z.json
NYI@TOR,John Tavares,TOR,f2,PP1,SOG,over,0.5,fanduel,-1200,True,2.493402450010554,2.2489417721844474,0.9058789961980597,0.8826132487882229,17.08891862955032,2122.2625,,"draftkings@2.5,fanduel@2.5,pinnacle@2.5,sgo_fair@2.5",1.0501033526938741,0.9230769230769231,0.8919195477521575,-0.03115737532476559,-0.033753823268496075,0.02326574740983678,-825,-651.0,pass,2026-09-30T22:36:58+00:00,sgo_slate_alt_20260930T223657Z.json
LAK@COL,Trevor Moore,LAK,f3,PP2,PTS,under,0.5,draftkings,-220,False,0.40481607462017527,0.4119150025085723,0.6670994961038652,0.6623805743466713,15.137832260194816,1693.5033333333333,,"draftkings@0.5,sgo_fair@0.5",1.0522575427430254,0.6875,0.6642681430495488,-0.023231856950451157,-0.033791791927928916,0.004718921757193906,-198,-177.0,pass,2026-09-30T22:36:58+00:00,sgo_slate_alt_20260930T223657Z.json
NYI@TOR,Darren Raddysh,TOR,d1,PP1,SOG,over,3.5,fanduel,250,True,2.70841230957326,2.5881644153857963,0.29109031759459875,0.26596752966897524,21.772137732023086,2248.5808333333334,,"draftkings@2.5,fanduel@2.5,pinnacle@2.5,sgo_fair@2.5",1.0501033526938741,0.2857142857142857,0.2760166448392246,-0.009697640875061087,-0.0339417430627138,0.025122787925623502,262,298.0,pass,2026-09-30T22:36:58+00:00,sgo_slate_alt_20260930T223657Z.json
PIT@PHI,Sidney Crosby,PIT,f1,PP1,PTS,over,0.5,draftkings,-185,False,1.0432652354126144,0.9500691472649602,0.6476975486097443,0.6132857177049689,18.813389423076924,2041.1850000000002,,"draftkings@0.5,sgo_fair@0.5",1.0522575427430254,0.6491228070175439,0.627050450066879,-0.022072356950664895,-0.03400336070778098,0.0344118309047754,-168,-151.0,pass,2026-09-30T22:36:58+00:00,sgo_slate_alt_20260930T223657Z.json
PIT@PHI,Matvei Michkov,PHI,f3,PP1,PTS,over,0.5,draftkings,-105,False,0.721297349233459,0.657706949255484,0.5138788222532497,0.48196213930845183,14.45386396011396,1802.7041666666667,,"draftkings@0.5,sgo_fair@0.5",1.0522575427430254,0.5121951219512195,0.494728812486371,-0.017466309464848506,-0.03410088990756133,0.031916682944797825,102,113.0,pass,2026-09-30T22:36:58+00:00,sgo_slate_alt_20260930T223657Z.json
LAK@COL,Martin Necas,COL,f1,PP1,SOG,under,2.5,draftkings,-105,False,2.558919995970061,2.8628088231689897,0.5365390378789165,0.4668189295940649,19.35776089828269,2352.2475,,"draftkings@2.5,fanduel@2.5,pinnacle@2.5,sgo_fair@3.5",1.0501033526938741,0.5121951219512195,0.4947069729080056,-0.01748814904321394,-0.03414352908437013,0.06972010828485165,102,113.0,pass,2026-09-30T22:36:58+00:00,sgo_slate_alt_20260930T223657Z.json
PIT@PHI,Evgeni Malkin,PIT,f2,PP2,SOG,over,0.5,fanduel,-800,True,2.1393238026178922,1.9790909547771836,0.8702977342286006,0.8498122381533365,16.83075923787529,1529.4875,,"draftkings@1.5,fanduel@1.5,pinnacle@1.5,sgo_fair@2.5",1.0501033526938741,0.8888888888888888,0.8580064365834421,-0.030882452305446728,-0.03474275884362765,0.020485496075264065,-604,-499.0,pass,2026-09-30T22:36:58+00:00,sgo_slate_alt_20260930T223657Z.json
LAK@COL,Brock Nelson,COL,f2,PP2,SOG,over,2.5,draftkings,165,True,2.17344461842204,2.149457824821926,0.36785036791297876,0.36170960043511685,17.712678062678066,2272.766666666667,,"draftkings@1.5,fanduel@1.5,pinnacle@2.5,sgo_fair@2.0",1.0501033526938741,0.37735849056603776,0.3641659074262616,-0.01319258313977617,-0.034960345320406816,0.006140767477861908,175,195.0,pass,2026-09-30T22:36:58+00:00,sgo_slate_alt_20260930T223657Z.json
LAK@COL,Brandt Clarke,LAK,d2,PP1,PTS,under,0.5,draftkings,-160,False,0.4577490777357853,0.5657911050675989,0.6327062163672039,0.5679106919716396,19.37295046968403,2195.145,,"draftkings@0.5,sgo_fair@0.5",1.0522575427430254,0.6153846153846154,0.5938289017298652,-0.021555713654750175,-0.03502803468896898,0.06479552439556435,-146,-132.0,pass,2026-09-30T22:36:58+00:00,sgo_slate_alt_20260930T223657Z.json
LAK@COL,Mats Zuccarello,LAK,f2,PP1,PTS,over,1.5,draftkings,550,True,0.7477964098740251,0.6313150547570513,0.17257814376892408,0.13231677852651905,17.496636128076993,1710.3441666666665,,"draftkings@0.5,sgo_fair@0.5",1.0522575427430254,0.15384615384615385,0.14842132462348107,-0.005424829222672789,-0.035261389947373045,0.040261365242405034,574,710.0,pass,2026-09-30T22:36:58+00:00,sgo_slate_alt_20260930T223657Z.json
LAK@COL,Trevor Moore,LAK,f3,PP2,SOG,over,2.5,draftkings,190,True,1.951627011941058,2.093677665891229,0.31060873507027126,0.3473723323528498,15.137832260194816,1693.5033333333333,,"draftkings@1.5,sgo_fair@2.0",1.0501033526938741,0.3448275862068966,0.33266689343981837,-0.012160692767078207,-0.03526600902452681,-0.03676359728257855,201,225.0,pass,2026-09-30T22:36:58+00:00,sgo_slate_alt_20260930T223657Z.json
PIT@PHI,Porter Martone,PHI,f1,PP1,SOG,over,3.5,draftkings,200,True,2.8617263496329413,2.847282767492061,0.3233512710199938,0.3203074232754924,17.520370370370372,153.36666666666667,,"draftkings@2.5,fanduel@2.5,pinnacle@2.5,sgo_fair@3.0",1.0501033526938741,0.3333333333333333,0.321524962373293,-0.011808370960040337,-0.03542511288012107,0.0030438477445013934,211,237.0,pass,2026-09-30T22:36:58+00:00,sgo_slate_alt_20260930T223657Z.json
LAK@COL,Brandt Clarke,LAK,d2,PP1,SOG,over,2.5,fanduel,215,True,1.9078415762796752,1.9525538685278772,0.2992412879912967,0.31084930041172887,19.37295046968403,2195.145,,"draftkings@1.5,fanduel@1.5,pinnacle@1.5,sgo_fair@1.5",1.0501033526938741,0.31746031746031744,0.306206095443556,-0.011254222016761462,-0.03545079935279871,-0.01160801242043219,227,256.0,pass,2026-09-30T22:36:58+00:00,sgo_slate_alt_20260930T223657Z.json
PIT@PHI,Owen Tippett,PHI,f1,PP2,SOG,over,2.5,draftkings,-105,False,2.827459759703457,2.5992621420479396,0.5253748563235322,0.473042213994101,17.293983282893787,1918.3983333333333,,"draftkings@2.5,fanduel@2.5,pinnacle@2.5,sgo_fair@2.5",1.0501033526938741,0.5121951219512195,0.49397527092587346,-0.018219851025346068,-0.03557209009710427,0.05233264232943119,102,113.0,pass,2026-09-30T22:36:58+00:00,sgo_slate_alt_20260930T223657Z.json
PIT@PHI,Kris Letang,PIT,d2,PP2,PTS,over,0.5,draftkings,200,False,0.3985201402974244,0.38050913040473805,0.3286872399828643,0.3164866768055945,21.127201770736253,2387.8975,,"draftkings@0.5,sgo_fair@0.5",1.0522575427430254,0.3333333333333333,0.3213669020765024,-0.01196643125683089,-0.035899293770492724,0.012200563177269808,211,237.0,pass,2026-09-30T22:36:58+00:00,sgo_slate_alt_20260930T223657Z.json
LAK@COL,Brandt Clarke,LAK,d2,PP1,SOG,over,0.5,draftkings,-700,True,1.9078415762796752,1.9525538685278772,0.8396425114559598,0.8461056064814694,19.37295046968403,2195.145,,"draftkings@1.5,fanduel@1.5,pinnacle@1.5,sgo_fair@1.5",1.0501033526938741,0.875,0.8435203684712655,-0.03147963152873445,-0.035976721747125184,-0.006463095025509569,-539,-451.0,pass,2026-09-30T22:36:58+00:00,sgo_slate_alt_20260930T223657Z.json
LAK@COL,Nathan MacKinnon,COL,f1,PP1,SOG,over,4.5,fanduel,148,True,3.993648508922653,4.170791595677488,0.3695750575776251,0.4012858859632435,20.211023366508,2590.8675,,"draftkings@3.5,fanduel@3.5,pinnacle@3.5,sgo_fair@4.0",1.0501033526938741,0.4032258064516129,0.38860155460899615,-0.014624251842616731,-0.03626814456968952,-0.031710828385618395,157,175.0,pass,2026-09-30T22:36:58+00:00,sgo_slate_alt_20260930T223657Z.json
NYI@TOR,Matthew Schaefer,NYI,d1,PP1,SOG,under,2.5,draftkings,110,False,2.80586538638041,2.9625838107769127,0.47943483701533796,0.4452429200419946,23.59136178861789,2023.9833333333333,,"draftkings@2.5,fanduel@2.5,pinnacle@2.5,sgo_fair@3.5",1.0501033526938741,0.47619047619047616,0.45891968683133194,-0.017270789359144223,-0.03626865765420284,0.03419191697334334,118,130.0,pass,2026-09-30T22:36:58+00:00,sgo_slate_alt_20260930T223657Z.json
LAK@COL,Artemi Panarin,LAK,f1,PP1,SOG,over,2.5,fanduel,104,False,2.72189031401514,2.5141733595633653,0.5015721107058366,0.45272649231664325,19.238125,2334.2925,,"draftkings@2.5,fanduel@2.5,pinnacle@2.5,sgo_fair@2.5",1.0501033526938741,0.49019607843137253,0.47226473967232063,-0.017931338759051896,-0.03657993106846591,0.04884561838919338,112,124.0,pass,2026-09-30T22:36:58+00:00,sgo_slate_alt_20260930T223657Z.json
LAK@COL,Martin Necas,COL,f1,PP1,A,over,0.5,draftkings,-120,False,0.8191240998030153,0.6990938970844605,0.559182402321885,0.5029645349015739,19.35776089828269,2352.2475,,"draftkings@0.5,pinnacle@0.5,sgo_fair@0.5",1.1071951647367635,0.5454545454545454,0.5254516818696984,-0.02000286358484704,-0.036671916572219576,0.056217867420311096,-111,-100.0,pass,2026-09-30T22:36:58+00:00,sgo_slate_alt_20260930T223657Z.json
NYI@TOR,Darren Raddysh,TOR,d1,PP1,SOG,over,2.5,fanduel,100,False,2.70841230957326,2.5881644153857963,0.49848167165919843,0.4704158365693176,21.772137732023086,2248.5808333333334,,"draftkings@2.5,fanduel@2.5,pinnacle@2.5,sgo_fair@2.5",1.0501033526938741,0.5,0.4816421706052699,-0.018357829394730074,-0.03671565878946015,0.02806583508988081,108,119.0,pass,2026-09-30T22:36:58+00:00,sgo_slate_alt_20260930T223657Z.json
LAK@COL,Erik Haula,LAK,f3,PP2,PTS,under,0.5,draftkings,-265,False,0.3577324399807327,0.3577324399807327,0.6992601440369244,0.6992601440369244,14.81408969210174,1807.1625,,"draftkings@0.5,sgo_fair@0.5",1.0522575427430254,0.726027397260274,0.6992601440369244,-0.026767253223349607,-0.036868103496311755,0.0,-233,-207.0,pass,2026-09-30T22:36:58+00:00,sgo_slate_alt_20260930T223657Z.json
PIT@PHI,Rickard Rakell,PIT,f1,PP1,SOG,over,2.5,draftkings,115,False,2.5605191408268344,2.450920638608196,0.4638425261836383,0.43736914513580516,18.540236737515123,1840.311666666667,,"draftkings@2.5,fanduel@2.5,pinnacle@2.5,sgo_fair@2.5",1.0501033526938741,0.46511627906976744,0.44795849755493844,-0.017157781514828996,-0.0368892302568824,0.026473381047833144,123,136.0,pass,2026-09-30T22:36:58+00:00,sgo_slate_alt_20260930T223657Z.json
NYI@TOR,Auston Matthews,TOR,f1,PP1,SOG,over,1.5,fanduel,-850,True,3.747951156478456,3.6315658225880103,0.868230563814087,0.857362025078089,19.35674712013165,1888.035,,"draftkings@3.5,fanduel@3.5,pinnacle@3.5,sgo_fair@3.5",1.0501033526938741,0.8947368421052632,0.8617094405724881,-0.03302740153277506,-0.03691297818368977,0.010868538735998023,-623,-512.0,pass,2026-09-30T22:36:58+00:00,sgo_slate_alt_20260930T223657Z.json
LAK@COL,Adrian Kempe,LAK,f1,PP1,SOG,over,2.5,fanduel,-118,False,2.726805296151498,2.864901153745354,0.5026962370849776,0.5336404952478936,18.629540939406837,2261.9791666666665,,"draftkings@2.5,fanduel@2.5,pinnacle@2.5,sgo_fair@3.0",1.0501033526938741,0.5412844036697247,0.5212627919827272,-0.020021611686997565,-0.036989079218351484,-0.030944258162916016,-109,102.0,pass,2026-09-30T22:36:58+00:00,sgo_slate_alt_20260930T223657Z.json
LAK@COL,Cale Makar,COL,d1,PP1,A,over,1.5,fanduel,310,True,0.8521146074867143,0.9650953990367924,0.21005076105480186,0.2514030859130525,23.81464714714715,2789.351666666667,,"draftkings@0.5,pinnacle@0.5,sgo_fair@1.0",1.1071951647367635,0.24390243902439024,0.23486215596975224,-0.009040283054637999,-0.03706516052401587,-0.04135232485825063,326,377.0,pass,2026-09-30T22:36:58+00:00,sgo_slate_alt_20260930T223657Z.json
NYI@TOR,John Tavares,TOR,f2,PP1,PTS,over,0.5,draftkings,-135,False,0.8849921821443814,0.7559350308330143,0.5872826001685196,0.5304286542890367,17.08891862955032,2122.2625,,"draftkings@0.5,sgo_fair@0.5",1.0522575427430254,0.574468085106383,0.5531702326408299,-0.021297852465553158,-0.037074039477073994,0.05685394587948289,-124,-112.0,pass,2026-09-30T22:36:58+00:00,sgo_slate_alt_20260930T223657Z.json
LAK@COL,Martin Necas,COL,f1,PP1,PTS,over,1.5,draftkings,185,True,1.2331426725326338,1.1800566391379415,0.3493170718501137,0.3301528864841863,19.35776089828269,2352.2475,,"draftkings@0.5,sgo_fair@1.5",1.0522575427430254,0.3508771929824561,0.33781856063055726,-0.013058632351898858,-0.037217102202911745,0.0191641853659274,196,220.0,pass,2026-09-30T22:36:58+00:00,sgo_slate_alt_20260930T223657Z.json
PIT@PHI,Owen Tippett,PHI,f1,PP2,A,over,0.5,draftkings,225,False,0.34439271044946834,0.3559394581117646,0.2913494210895796,0.2994849705459073,17.293983282893787,1918.3983333333333,,"draftkings@0.5,pinnacle@0.5,sgo_fair@0.5",1.1071951647367635,0.3076923076923077,0.29623075076337624,-0.011461556928931471,-0.0372500600190272,-0.008135549456327662,238,269.0,pass,2026-09-30T22:36:58+00:00,sgo_slate_alt_20260930T223657Z.json
NYI@TOR,Brayden Schenn,NYI,f2,PP1,SOG,over,1.5,draftkings,-125,False,1.7670895145495848,1.863460286238935,0.5184445585556205,0.545732748751326,16.50940975192472,1989.5,,"draftkings@1.5,fanduel@1.5,pinnacle@1.5,sgo_fair@2.0",1.0501033526938741,0.5555555555555556,0.5348174726730438,-0.020738082882511777,-0.03732854918852113,-0.027288190195705497,-115,-104.0,pass,2026-09-30T22:36:58+00:00,sgo_slate_alt_20260930T223657Z.json
NYI@TOR,Emil Heineman,NYI,f3,-,SOG,over,1.5,fanduel,-122,False,1.811984674360151,1.7984105319380814,0.5313064067631873,0.5274450144174753,14.394946163178647,1680.3591666666666,,"draftkings@1.5,sgo_fair@1.5",1.0501033526938741,0.5495495495495496,0.5289895713557601,-0.02055997819378952,-0.037412419336239844,0.0038613923457120336,-112,-102.0,pass,2026-09-30T22:36:58+00:00,sgo_slate_alt_20260930T223657Z.json
LAK@COL,Brock Nelson,COL,f2,PP2,PTS,over,0.5,draftkings,-105,False,0.7262917908087153,0.6490266478146395,0.5163006731433045,0.47744584146419683,17.712678062678066,2272.766666666667,,"draftkings@0.5,sgo_fair@0.5",1.0522575427430254,0.5121951219512195,0.4929877741358399,-0.01920734781537964,-0.0375000600205031,0.03885483167910769,103,114.0,pass,2026-09-30T22:36:58+00:00,sgo_slate_alt_20260930T223657Z.json
LAK@COL,Alex Laferriere,LAK,f2,PP2,SOG,over,1.5,draftkings,-225,True,2.3058104448806325,2.388241175899168,0.6556169695725189,0.6733813269244511,16.89103086155165,2074.2774999999997,,"draftkings@2.5,sgo_fair@2.5",1.0501033526938741,0.6923076923076923,0.6662755839836783,-0.026032108324014036,-0.03760193424579805,-0.01776435735193216,-200,-179.0,pass,2026-09-30T22:36:58+00:00,sgo_slate_alt_20260930T223657Z.json
LAK@COL,Gabriel Landeskog,COL,f2,PP1,SOG,under,2.5,draftkings,-155,False,2.2447679521682438,2.4385909175172906,0.6139941079343743,0.5656483864075874,16.206805555555555,984.8166666666667,,"draftkings@2.5,sgo_fair@2.5",1.0501033526938741,0.6078431372549019,0.5849866750183021,-0.02285646223659976,-0.037602566905374,0.048345721526786845,-141,-127.0,pass,2026-09-30T22:36:58+00:00,sgo_slate_alt_20260930T223657Z.json
NYI@TOR,Kyle Palmieri,NYI,f1,PP1,SOG,over,2.5,fanduel,112,False,2.5776900322916916,2.4784594877157526,0.46793044931769145,0.44408106429919697,18.330910070005388,1155.1666666666667,,"draftkings@2.5,fanduel@2.5,pinnacle@2.5,sgo_fair@2.5",1.0501033526938741,0.4716981132075472,0.45362081830659473,-0.018077294900952445,-0.03832386519001907,0.023849385018494484,120,133.0,pass,2026-09-30T22:36:58+00:00,sgo_slate_alt_20260930T223657Z.json
NYI@TOR,Matias Maccelli,NYI,f2,PP1,A,over,0.5,fanduel,200,False,0.3690145614073582,0.39823459801280947,0.3085846576034482,0.3284955244335326,15.174308093994778,1373.88,,"draftkings@0.5,pinnacle@0.5,sgo_fair@0.5",1.1071951647367635,0.3333333333333333,0.32053117770149886,-0.012802155631834455,-0.03840646689550342,-0.01991086683008436,212,238.0,pass,2026-09-30T22:36:58+00:00,sgo_slate_alt_20260930T223657Z.json
LAK@COL,Trevor Moore,LAK,f3,PP2,G,over,1.5,fanduel,5000,False,0.1985516766786923,0.21403296324390114,0.01728662664543348,0.01988475607106328,15.137832260194816,1693.5033333333333,,sgo_fair@0.5,1.0771563327510214,0.0196078431372549,0.01884550430081136,-0.0007623388364435407,-0.03887928065862056,-0.0025981294256298,5206,,pass,2026-09-30T22:36:58+00:00,sgo_slate_alt_20260930T223657Z.json
PIT@PHI,Sidney Crosby,PIT,f1,PP1,SOG,over,0.5,fanduel,-1300,True,2.410393750843344,2.304635616620503,0.8985727978786969,0.8883960962181504,18.813389423076924,2041.1850000000002,,"draftkings@2.5,fanduel@2.5,pinnacle@2.5,sgo_fair@2.5",1.0501033526938741,0.9285714285714286,0.892466776882369,-0.03610465168905963,-0.03888193258821804,0.010176701660546517,-830,-655.0,pass,2026-09-30T22:36:58+00:00,sgo_slate_alt_20260930T223657Z.json
LAK@COL,Brandt Clarke,LAK,d2,PP1,A,under,0.5,draftkings,-215,False,0.3909624185685283,0.4428110681182439,0.6764055758514256,0.6422285330715318,19.37295046968403,2195.145,,"draftkings@0.5,pinnacle@0.5,sgo_fair@0.5",1.1071951647367635,0.6825396825396826,0.6558993501834893,-0.02664033235619323,-0.03903118461488775,0.03417704277989375,-191,-171.0,pass,2026-09-30T22:36:58+00:00,sgo_slate_alt_20260930T223657Z.json
PIT@PHI,Owen Tippett,PHI,f1,PP2,PTS,over,0.5,draftkings,100,False,0.6772388182070787,0.6397969333756965,0.49198221298475087,0.4726004895919149,17.293983282893787,1918.3983333333333,,"draftkings@0.5,sgo_fair@0.5",1.0522575427430254,0.5,0.48035317894904933,-0.01964682105095067,-0.03929364210190134,0.019381723392835948,108,120.0,pass,2026-09-30T22:36:58+00:00,sgo_slate_alt_20260930T223657Z.json
NYI@TOR,Auston Matthews,TOR,f1,PP1,G,over,0.5,fanduel,150,False,0.5072125721037434,0.47032366712659995,0.397828248039165,0.3751999916713779,19.35674712013165,1888.035,,"fanduel@0.5,pinnacle@0.5,sgo_fair@0.5",1.0771563327510214,0.4,0.38425129421849274,-0.015748705781507277,-0.03937176445376811,0.022628256367787092,160,178.0,pass,2026-09-30T22:36:58+00:00,sgo_slate_alt_20260930T223657Z.json
LAK@COL,Alex Laferriere,LAK,f2,PP2,G,over,0.5,fanduel,340,False,0.25136151535019524,0.24288078149148337,0.22225884463610815,0.21563498097463188,16.89103086155165,2074.2774999999997,,"fanduel@0.5,pinnacle@0.5,sgo_fair@0.5",1.0771563327510214,0.22727272727272727,0.2182845264392224,-0.008988200833504878,-0.03954808366742146,0.00662386366147627,358,417.0,pass,2026-09-30T22:36:58+00:00,sgo_slate_alt_20260930T223657Z.json
LAK@COL,Nathan MacKinnon,COL,f1,PP1,SOG,over,1.5,draftkings,-1400,True,3.993648508922653,4.170791595677488,0.8885818068969629,0.9013024026354567,20.211023366508,2590.8675,,"draftkings@3.5,fanduel@3.5,pinnacle@3.5,sgo_fair@4.0",1.0501033526938741,0.9333333333333333,0.8962141643400592,-0.037119168993274165,-0.03977053820707943,-0.012720595738493823,-864,-676.0,pass,2026-09-30T22:36:58+00:00,sgo_slate_alt_20260930T223657Z.json
LAK@COL,Drew Doughty,LAK,d1,PP2,A,over,0.5,draftkings,280,False,0.26532073295972575,0.308663594833029,0.23304007880232103,0.26557220622150546,22.876091617933724,1988.0616666666667,,"draftkings@0.5,sgo_fair@0.5",1.1071951647367635,0.2631578947368421,0.25255935525383166,-0.010598539483010427,-0.040274450035439724,-0.03253212741918443,296,339.0,pass,2026-09-30T22:36:58+00:00,sgo_slate_alt_20260930T223657Z.json
PIT@PHI,Sidney Crosby,PIT,f1,PP1,SOG,over,1.5,fanduel,-225,True,2.410393750843344,2.304635616620503,0.6780165380842857,0.6553578368721902,18.813389423076924,2041.1850000000002,,"draftkings@2.5,fanduel@2.5,pinnacle@2.5,sgo_fair@2.5",1.0501033526938741,0.6923076923076923,0.6644213173570284,-0.027886374950663928,-0.04028031937318122,0.022658701212095567,-198,-177.0,pass,2026-09-30T22:36:58+00:00,sgo_slate_alt_20260930T223657Z.json
LAK@COL,Artemi Panarin,LAK,f1,PP1,SOG,over,0.5,fanduel,-2000,True,2.72189031401514,2.5141733595633653,0.9232857221958409,0.9076197133849546,19.238125,2334.2925,,"draftkings@2.5,fanduel@2.5,pinnacle@2.5,sgo_fair@2.5",1.0501033526938741,0.9523809523809523,0.9138861169093091,-0.03849483547164323,-0.04041957724522538,0.01566600881088631,-1061,-800.0,pass,2026-09-30T22:36:58+00:00,sgo_slate_alt_20260930T223657Z.json
LAK@COL,Joel Armia,LAK,f4,-,G,over,1.5,fanduel,10000,False,0.13796195131126138,0.14886270337131158,0.008685115442335366,0.01003946860259047,12.323272112131464,1463.46,,sgo_fair@0.5,1.0771563327510214,0.009900990099009901,0.00949772733848843,-0.0004032627605214719,-0.04072953881266861,-0.0013543531602551034,10429,,pass,2026-09-30T22:36:58+00:00,sgo_slate_alt_20260930T223657Z.json
NYI@TOR,William Nylander,TOR,f2,PP1,SOG,over,2.5,fanduel,-115,False,2.628376809170463,2.8720520934455664,0.4798981751492712,0.5352084369905237,17.72223436993845,2000.8358333333333,,"draftkings@2.5,fanduel@2.5,pinnacle@2.5,sgo_fair@3.0",1.0501033526938741,0.5348837209302325,0.5130843322540226,-0.021799388676209897,-0.04075537882943603,-0.055310261841252484,-105,105.0,pass,2026-09-30T22:36:58+00:00,sgo_slate_alt_20260930T223657Z.json
LAK@COL,Adrian Kempe,LAK,f1,PP1,PTS,over,0.5,draftkings,-130,False,0.8204001639115107,0.7550745441844584,0.5597445550889091,0.5300244205215705,18.629540939406837,2261.9791666666665,,"draftkings@0.5,sgo_fair@0.5",1.0522575427430254,0.5652173913043478,0.541912474348506,-0.023304916955841803,-0.041231776152643285,0.029720134567338574,-118,-107.0,pass,2026-09-30T22:36:58+00:00,sgo_slate_alt_20260930T223657Z.json
NYI@TOR,Darren Raddysh,TOR,d1,PP1,SOG,over,0.5,fanduel,-2200,True,2.70841230957326,2.5881644153857963,0.922358787267544,0.9135520830440738,21.772137732023086,2248.5808333333334,,"draftkings@2.5,fanduel@2.5,pinnacle@2.5,sgo_fair@2.5",1.0501033526938741,0.9565217391304348,0.9170747647334618,-0.03944697439697298,-0.04124001868774452,0.008806704223470185,-1106,-827.0,pass,2026-09-30T22:36:58+00:00,sgo_slate_alt_20260930T223657Z.json
PIT@PHI,Jamie Drysdale,PHI,d2,PP1,SOG,over,0.5,draftkings,-360,True,1.309195387341232,1.522209345285188,0.7197522659466875,0.7706116742274627,20.541472602739724,2308.5825,,"draftkings@1.5,sgo_fair@1.5",1.0501033526938741,0.782608695652174,0.7502679109151527,-0.03234078473702129,-0.041324336052860566,-0.050859408280775176,-300,-264.0,pass,2026-09-30T22:36:58+00:00,sgo_slate_alt_20260930T223657Z.json
LAK@COL,Alex Turcotte,LAK,f2,PP2,PTS,under,0.5,draftkings,-270,False,0.31444954199592956,0.38785000399241637,0.7301907029809488,0.6785141100392034,13.563327933765299,1030.3283333333334,,"draftkings@0.5,sgo_fair@0.5",1.0522575427430254,0.7297297297297297,0.6991847472159016,-0.03054498251382809,-0.04185793900043122,0.051676592941745425,-232,-207.0,pass,2026-09-30T22:36:58+00:00,sgo_slate_alt_20260930T223657Z.json
LAK@COL,Mats Zuccarello,LAK,f2,PP1,SOG,under,1.5,draftkings,125,False,1.981372983240766,1.9604317896902295,0.4225189447857355,0.428025432016214,17.496636128076993,1710.3441666666665,,"draftkings@1.5,fanduel@1.5,pinnacle@1.5,sgo_fair@2.5",1.0501033526938741,0.4444444444444444,0.42582283712402264,-0.018621607320421785,-0.04189861647094906,-0.0055064872304785295,135,149.0,pass,2026-09-30T22:36:58+00:00,sgo_slate_alt_20260930T223657Z.json
LAK@COL,Alex Laferriere,LAK,f2,PP2,PTS,under,0.5,draftkings,-170,False,0.46213084506484325,0.535385524051745,0.6299399100208818,0.5854435440651423,16.89103086155165,2074.2774999999997,,"draftkings@0.5,sgo_fair@0.5",1.0522575427430254,0.6296296296296297,0.603242090447438,-0.02638753918219161,-0.041909621054068924,0.04449636595573947,-152,-137.0,pass,2026-09-30T22:36:58+00:00,sgo_slate_alt_20260930T223657Z.json
LAK@COL,Nathan MacKinnon,COL,f1,PP1,SOG,over,1.5,fanduel,-1450,True,3.993648508922653,4.170791595677488,0.8885818068969629,0.9013024026354567,20.211023366508,2590.8675,,"draftkings@3.5,fanduel@3.5,pinnacle@3.5,sgo_fair@4.0",1.0501033526938741,0.9354838709677419,0.8962141643400592,-0.0392697066276827,-0.0419779622571782,-0.012720595738493823,-864,-676.0,pass,2026-09-30T22:36:58+00:00,sgo_slate_alt_20260930T223657Z.json
PIT@PHI,Tommy Novak,PIT,f2,PP1,SOG,over,0.5,draftkings,-600,True,1.7375467524096142,1.8243634150962074,0.8123099135065794,0.8268052158997408,15.020621668234558,1492.5841666666668,,"draftkings@1.5,sgo_fair@1.5",1.0501033526938741,0.8571428571428571,0.8210070949424763,-0.03613576220038084,-0.04215838923377768,-0.014495302393161325,-459,-390.0,pass,2026-09-30T22:36:58+00:00,sgo_slate_alt_20260930T223657Z.json
PIT@PHI,Egor Chinakhov,PIT,f2,PP1,G,over,0.5,fanduel,290,False,0.2679721046043106,0.2909417145168537,0.23507088119430564,0.2524407513997023,14.739930555555556,970.55,,"fanduel@0.5,pinnacle@0.5,sgo_fair@0.5",1.0771563327510214,0.2564102564102564,0.24549280331754364,-0.010917453092712748,-0.04257806706157985,-0.017369870205396654,307,354.0,pass,2026-09-30T22:36:58+00:00,sgo_slate_alt_20260930T223657Z.json
NYI@TOR,Auston Matthews,TOR,f1,PP1,SOG,over,3.5,draftkings,-105,False,3.747951156478456,3.6315658225880103,0.5037789223607745,0.4813463887128119,19.35674712013165,1888.035,,"draftkings@3.5,fanduel@3.5,pinnacle@3.5,sgo_fair@3.5",1.0501033526938741,0.5121951219512195,0.4903194021719969,-0.021875719779222647,-0.042709738616577564,0.022432533647962605,104,115.0,pass,2026-09-30T22:36:58+00:00,sgo_slate_alt_20260930T223657Z.json
LAK@COL,Alex Laferriere,LAK,f2,PP2,A,under,0.5,draftkings,-360,False,0.2598007363590844,0.30902514616750676,0.7712052436585907,0.7341623084257602,16.89103086155165,2074.2774999999997,,"draftkings@0.5,pinnacle@0.5,sgo_fair@0.5",1.1071951647367635,0.782608695652174,0.7489794825188925,-0.03362921313328149,-0.042970661225859685,0.03704293523283042,-298,-262.0,pass,2026-09-30T22:36:58+00:00,sgo_slate_alt_20260930T223657Z.json
LAK@COL,Brandt Clarke,LAK,d2,PP1,SOG,under,1.5,draftkings,120,False,1.9078415762796752,1.9525538685278772,0.44210531267545994,0.43011167634198555,19.37295046968403,2195.145,,"draftkings@1.5,fanduel@1.5,pinnacle@1.5,sgo_fair@1.5",1.0501033526938741,0.45454545454545453,0.4349091308753753,-0.019636323670079225,-0.043199912074174285,0.011993636333474389,130,144.0,pass,2026-09-30T22:36:58+00:00,sgo_slate_alt_20260930T223657Z.json
PIT@PHI,Sidney Crosby,PIT,f1,PP1,A,over,0.5,draftkings,100,False,0.6754651254167962,0.6346763334665567,0.4910803459174675,0.46989296153895677,18.813389423076924,2041.1850000000002,,"draftkings@0.5,pinnacle@0.5,sgo_fair@0.5",1.1071951647367635,0.5,0.4783679152903611,-0.0216320847096389,-0.0432641694192778,0.021187384378510754,109,121.0,pass,2026-09-30T22:36:58+00:00,sgo_slate_alt_20260930T223657Z.json
PIT@PHI,Matvei Michkov,PHI,f3,PP1,A,over,0.5,draftkings,170,False,0.45354272946887914,0.42689679511275885,0.364626795728476,0.3474691068698676,14.45386396011396,1802.7041666666667,,"draftkings@0.5,sgo_fair@0.5",1.1071951647367635,0.37037037037037035,0.354332182413311,-0.016038187957059358,-0.0433031074840603,0.01715768885860841,182,204.0,pass,2026-09-30T22:36:58+00:00,sgo_slate_alt_20260930T223657Z.json
NYI@TOR,Morgan Rielly,TOR,d1,PP2,PTS,under,0.5,draftkings,-175,False,0.48580421604933627,0.5037857767850961,0.615202242248975,0.6042388109727725,21.86003738855335,2459.4066666666668,,"draftkings@0.5,sgo_fair@0.5",1.0522575427430254,0.6363636363636364,0.6086241834832535,-0.02773945288038282,-0.04359056881203016,0.010963431276202473,-156,-140.0,pass,2026-09-30T22:36:58+00:00,sgo_slate_alt_20260930T223657Z.json
PIT@PHI,Erik Karlsson,PIT,d1,PP1,A,over,0.5,draftkings,110,False,0.6395447635083603,0.5871137016705406,0.47246747855735954,0.444070450154368,22.990095323205242,2627.4333333333334,,"draftkings@0.5,pinnacle@0.5,sgo_fair@0.5",1.1071951647367635,0.47619047619047616,0.4554292615155646,-0.020761214674911543,-0.04359855081731423,0.02839702840299152,120,132.0,pass,2026-09-30T22:36:58+00:00,sgo_slate_alt_20260930T223657Z.json
PIT@PHI,Erik Karlsson,PIT,d1,PP1,A,over,0.5,fanduel,110,False,0.6395447635083603,0.5871137016705406,0.47246747855735954,0.444070450154368,22.990095323205242,2627.4333333333334,,"draftkings@0.5,pinnacle@0.5,sgo_fair@0.5",1.1071951647367635,0.47619047619047616,0.4554292615155646,-0.020761214674911543,-0.04359855081731423,0.02839702840299152,120,132.0,pass,2026-09-30T22:36:58+00:00,sgo_slate_alt_20260930T223657Z.json
LAK@COL,Cale Makar,COL,d1,PP1,PTS,over,0.5,draftkings,-235,False,1.1180078523889414,1.1067963259298566,0.6730695599879188,0.6693835464004079,23.81464714714715,2789.351666666667,,"draftkings@0.5,sgo_fair@1.5",1.0522575427430254,0.7014925373134329,0.6708579518354123,-0.03063458547802056,-0.04367057929845486,0.0036860135875109723,-204,-182.0,pass,2026-09-30T22:36:58+00:00,sgo_slate_alt_20260930T223657Z.json
NYI@TOR,Bo Horvat,NYI,f1,PP1,A,under,0.5,draftkings,-210,False,0.4071176283010176,0.45302388727144366,0.6655658963112187,0.6357029482361641,19.278630126057124,2147.2058333333334,,"draftkings@0.5,pinnacle@0.5,sgo_fair@0.5",1.1071951647367635,0.6774193548387096,0.6476481274661859,-0.02977122737252369,-0.04394800231182072,0.02986294807505452,-184,-165.0,pass,2026-09-30T22:36:58+00:00,sgo_slate_alt_20260930T223657Z.json
NYI@TOR,Brayden Schenn,NYI,f2,PP1,A,under,0.5,draftkings,-285,False,0.34182191544844504,0.3483784157398837,0.710474718015359,0.7058317278354744,16.50940975192472,1989.5,,"draftkings@0.5,pinnacle@0.5,sgo_fair@0.5",1.1071951647367635,0.7402597402597403,0.7076889239074282,-0.03257081635231207,-0.043999172967158384,0.004642990179884565,-242,-215.0,pass,2026-09-30T22:36:58+00:00,sgo_slate_alt_20260930T223657Z.json
LAK@COL,Brandt Clarke,LAK,d2,PP1,SOG,over,0.5,fanduel,-750,True,1.9078415762796752,1.9525538685278772,0.8396425114559598,0.8461056064814694,19.37295046968403,2195.145,,"draftkings@1.5,fanduel@1.5,pinnacle@1.5,sgo_fair@1.5",1.0501033526938741,0.8823529411764706,0.8435203684712655,-0.038832572705205015,-0.04401024906589912,-0.006463095025509569,-539,-451.0,pass,2026-09-30T22:36:58+00:00,sgo_slate_alt_20260930T223657Z.json
LAK@COL,Brock Nelson,COL,f2,PP2,SOG,over,0.5,fanduel,-1050,True,2.17344461842204,2.149457824821926,0.8742697346856185,0.8714909428246291,17.712678062678066,2272.766666666667,,"draftkings@1.5,fanduel@1.5,pinnacle@2.5,sgo_fair@2.0",1.0501033526938741,0.9130434782608695,0.8726024595690249,-0.04044101869184458,-0.044292544281544055,0.0027787918609893936,-685,-556.0,pass,2026-09-30T22:36:58+00:00,sgo_slate_alt_20260930T223657Z.json
LAK@COL,Drew Doughty,LAK,d1,PP2,SOG,over,0.5,draftkings,-360,True,1.4003274527409229,1.4338876079063703,0.7428194517533271,0.75080641812799,22.876091617933724,1988.0616666666667,,"draftkings@1.5,pinnacle@1.5,sgo_fair@1.5",1.0501033526938741,0.782608695652174,0.7476116315781248,-0.03499706407404912,-0.04471847076128499,-0.007986966374662896,-296,-261.0,pass,2026-09-30T22:36:58+00:00,sgo_slate_alt_20260930T223657Z.json
PIT@PHI,Travis Konecny,PHI,f2,PP2,SOG,over,1.5,draftkings,-175,False,2.145959220793068,2.0711828002167736,0.6187873751728592,0.600452469350711,17.79007170032192,2230.1783333333337,,"draftkings@1.5,fanduel@1.5,pinnacle@1.5,sgo_fair@2.0",1.0501033526938741,0.6363636363636364,0.6077864316795702,-0.028577204684066104,-0.04490703593210388,0.01833490582214825,-155,-140.0,pass,2026-09-30T22:36:58+00:00,sgo_slate_alt_20260930T223657Z.json
NYI@TOR,Matias Maccelli,NYI,f2,PP1,PTS,under,0.5,draftkings,-140,False,0.5674252567275277,0.5968157684275347,0.5669833976478,0.5505619646798561,15.174308093994778,1373.88,,"draftkings@0.5,sgo_fair@0.5",1.0522575427430254,0.5833333333333334,0.5571305378670337,-0.026202795466299666,-0.044919077942227825,0.01642143296794396,-126,-114.0,pass,2026-09-30T22:36:58+00:00,sgo_slate_alt_20260930T223657Z.json
LAK@COL,Artemi Panarin,LAK,f1,PP1,A,over,1.5,draftkings,650,True,0.6392316251641685,0.6009854740904411,0.1349811793930023,0.12222599251248704,19.238125,2334.2925,,"draftkings@0.5,pinnacle@0.5,sgo_fair@0.5",1.1071951647367635,0.13333333333333333,0.12732806726469315,-0.006005266068640186,-0.045039495514801464,0.01275518688051526,685,877.0,pass,2026-09-30T22:36:58+00:00,sgo_slate_alt_20260930T223657Z.json
NYI@TOR,Darren Raddysh,TOR,d1,PP1,PTS,over,1.5,draftkings,450,True,0.8630637920083494,0.6735215396940623,0.214033775951521,0.1466550585969797,21.772137732023086,2248.5808333333334,,"draftkings@0.5,sgo_fair@0.5",1.0522575427430254,0.18181818181818182,0.17360654553879623,-0.008211636279385592,-0.04516399953662076,0.06737871735454132,476,573.0,pass,2026-09-30T22:36:58+00:00,sgo_slate_alt_20260930T223657Z.json
NYI@TOR,Darren Raddysh,TOR,d1,PP1,SOG,over,1.5,fanduel,-310,True,2.70841230957326,2.5881644153857963,0.7349192328184522,0.7131508687214638,21.772137732023086,2248.5808333333334,,"draftkings@2.5,fanduel@2.5,pinnacle@2.5,sgo_fair@2.5",1.0501033526938741,0.7560975609756098,0.7218582143602592,-0.03423934661535055,-0.04528429713643145,0.021768364096988346,-260,-230.0,pass,2026-09-30T22:36:58+00:00,sgo_slate_alt_20260930T223657Z.json
PIT@PHI,Christian Dvorak,PHI,f2,-,PTS,over,0.5,draftkings,135,False,0.5487328642621591,0.5033453036426875,0.42231865251531725,0.3954949794346094,16.72216638152267,2039.2425,,"draftkings@0.5,sgo_fair@0.5",1.0522575427430254,0.425531914893617,0.40622444866689256,-0.019307466226724468,-0.04537254563280246,0.026823673080707877,146,162.0,pass,2026-09-30T22:36:58+00:00,sgo_slate_alt_20260930T223657Z.json
LAK@COL,Mats Zuccarello,LAK,f2,PP1,SOG,over,0.5,fanduel,-800,True,1.981372983240766,1.9604317896902295,0.8501265992317062,0.8472158478499019,17.496636128076993,1710.3441666666665,,"draftkings@1.5,fanduel@1.5,pinnacle@1.5,sgo_fair@2.5",1.0501033526938741,0.8888888888888888,0.8483801484026237,-0.04050874048626518,-0.04557233304704833,0.0029107513818042996,-560,-466.0,pass,2026-09-30T22:36:58+00:00,sgo_slate_alt_20260930T223657Z.json
PIT@PHI,Erik Karlsson,PIT,d1,PP1,PTS,over,0.5,draftkings,-125,False,0.7805062051807925,0.7387920128951921,0.5418259774706915,0.5223093887711303,22.990095323205242,2627.4333333333334,,"draftkings@0.5,sgo_fair@0.5",1.0522575427430254,0.5555555555555556,0.5301160242509548,-0.02543953130460075,-0.04579115634828124,0.019516588699561188,-113,-102.0,pass,2026-09-30T22:36:58+00:00,sgo_slate_alt_20260930T223657Z.json
NYI@TOR,Brayden Schenn,NYI,f2,PP1,G,over,1.5,fanduel,3300,True,0.28146871950144386,0.24134102469837387,0.03290820677869273,0.02483516225434251,16.50940975192472,1989.5,,"fanduel@0.5,pinnacle@0.5,sgo_fair@0.5",1.0771563327510214,0.029411764705882353,0.0280643800640826,-0.0013473846417997523,-0.04581107782119154,0.008073044524350221,3463,32533.0,pass,2026-09-30T22:36:58+00:00,sgo_slate_alt_20260930T223657Z.json
NYI@TOR,Auston Matthews,TOR,f1,PP1,SOG,over,2.5,fanduel,-260,True,3.747951156478456,3.6315658225880103,0.6999105351103241,0.6811704116539018,19.35674712013165,1888.035,,"draftkings@3.5,fanduel@3.5,pinnacle@3.5,sgo_fair@3.5",1.0501033526938741,0.7222222222222222,0.6886664610364708,-0.03355576118575143,-0.046461823180271256,0.018740123456422286,-221,-197.0,pass,2026-09-30T22:36:58+00:00,sgo_slate_alt_20260930T223657Z.json
PIT@PHI,Sidney Crosby,PIT,f1,PP1,SOG,over,3.5,fanduel,340,True,2.410393750843344,2.304635616620503,0.22943367666908127,0.20821549766800815,18.813389423076924,2041.1850000000002,,"draftkings@2.5,fanduel@2.5,pinnacle@2.5,sgo_fair@2.5",1.0501033526938741,0.22727272727272727,0.2167027692684374,-0.010569958004289864,-0.04650781521887537,0.021218179001073117,361,422.0,pass,2026-09-30T22:36:58+00:00,sgo_slate_alt_20260930T223657Z.json
PIT@PHI,Sidney Crosby,PIT,f1,PP1,SOG,over,1.5,draftkings,-230,True,2.410393750843344,2.304635616620503,0.6780165380842857,0.6553578368721902,18.813389423076924,2041.1850000000002,,"draftkings@2.5,fanduel@2.5,pinnacle@2.5,sgo_fair@2.5",1.0501033526938741,0.696969696969697,0.6644213173570284,-0.032548379612668654,-0.0466998490094811,0.022658701212095567,-198,-177.0,pass,2026-09-30T22:36:58+00:00,sgo_slate_alt_20260930T223657Z.json
LAK@COL,Brett Kulak,COL,d2,-,PTS,over,0.5,draftkings,425,False,0.2099670630363449,0.19403004605887514,0.1893890554062806,0.1763668430335265,19.722643869891577,2331.49,,sgo_fair@0.5,1.0522575427430254,0.19047619047619047,0.18157572798262817,-0.0089004624935623,-0.04672742809120212,0.013022212372754083,451,539.0,pass,2026-09-30T22:36:58+00:00,sgo_slate_alt_20260930T223657Z.json
NYI@TOR,Kyle Palmieri,NYI,f1,PP1,SOG,over,0.5,fanduel,-2000,True,2.5776900322916916,2.4784594877157526,0.9127370637883485,0.9046055163139796,18.330910070005388,1155.1666666666667,,"draftkings@2.5,fanduel@2.5,pinnacle@2.5,sgo_fair@2.5",1.0501033526938741,0.9523809523809523,0.9078581353037272,-0.04452281707722516,-0.046748957931086466,0.00813154747436895,-985,-754.0,pass,2026-09-30T22:36:58+00:00,sgo_slate_alt_20260930T223657Z.json
PIT@PHI,Erik Karlsson,PIT,d1,PP1,SOG,over,0.5,fanduel,-1300,True,2.2661791992622393,2.2776169614419457,0.8844357928307961,0.8856287880191133,22.990095323205242,2627.4333333333334,,"draftkings@2.5,fanduel@2.5,pinnacle@2.5,sgo_fair@2.5",1.0501033526938741,0.9285714285714286,0.8851515899437864,-0.043419838627642204,-0.046759826214383904,-0.0011929951883171697,-771,-615.0,pass,2026-09-30T22:36:58+00:00,sgo_slate_alt_20260930T223657Z.json
NYI@TOR,Auston Matthews,TOR,f1,PP1,SOG,over,3.5,fanduel,-106,False,3.747951156478456,3.6315658225880103,0.5037789223607745,0.4813463887128119,19.35674712013165,1888.035,,"draftkings@3.5,fanduel@3.5,pinnacle@3.5,sgo_fair@3.5",1.0501033526938741,0.5145631067961165,0.4903194021719969,-0.024243704624119622,-0.04711512408083629,0.022432533647962605,104,115.0,pass,2026-09-30T22:36:58+00:00,sgo_slate_alt_20260930T223657Z.json
LAK@COL,Adrian Kempe,LAK,f1,PP1,SOG,over,3.5,fanduel,205,True,2.726805296151498,2.864901153745354,0.29495138212993927,0.32402035536634344,18.629540939406837,2261.9791666666665,,"draftkings@2.5,fanduel@2.5,pinnacle@2.5,sgo_fair@3.0",1.0501033526938741,0.32786885245901637,0.3123927660717818,-0.015476086387234578,-0.04720206348106559,-0.029068973236404172,220,248.0,pass,2026-09-30T22:36:58+00:00,sgo_slate_alt_20260930T223657Z.json
LAK@COL,Brock Nelson,COL,f2,PP2,SOG,over,1.5,fanduel,-188,False,2.17344461842204,2.149457824821926,0.6253477799017457,0.6196277621230044,17.712678062678066,2272.766666666667,,"draftkings@1.5,fanduel@1.5,pinnacle@2.5,sgo_fair@2.0",1.0501033526938741,0.6527777777777778,0.621915769234501,-0.03086200854327681,-0.04727797053438143,0.005720017778741315,-164,-148.0,pass,2026-09-30T22:36:58+00:00,sgo_slate_alt_20260930T223657Z.json
NYI@TOR,William Nylander,TOR,f2,PP1,SOG,over,1.5,fanduel,-360,True,2.628376809170463,2.8720520934455664,0.7206046536860949,0.7621158706581322,17.72223436993845,2000.8358333333333,,"draftkings@2.5,fanduel@2.5,pinnacle@2.5,sgo_fair@3.0",1.0501033526938741,0.782608695652174,0.7455113838693173,-0.03709731178285669,-0.04740212061142801,-0.0415112169720373,-293,-258.0,pass,2026-09-30T22:36:58+00:00,sgo_slate_alt_20260930T223657Z.json
NYI@TOR,Matthew Schaefer,NYI,d1,PP1,A,under,0.5,draftkings,-160,False,0.4782224275125335,0.5731626010488077,0.6198843023233551,0.5637397325803939,23.59136178861789,2023.9833333333333,,"draftkings@0.5,pinnacle@0.5,sgo_fair@0.5",1.1071951647367635,0.6153846153846154,0.5861975604775784,-0.02918705490703699,-0.047428964223935055,0.056144569742961226,-142,-128.0,pass,2026-09-30T22:36:58+00:00,sgo_slate_alt_20260930T223657Z.json
LAK@COL,Quinton Byfield,LAK,f1,PP1,SOG,under,2.5,draftkings,-165,False,2.136336181942233,2.459191254511227,0.6416562232699055,0.5606110213041229,18.790998989461528,2260.741666666667,,"draftkings@2.5,fanduel@2.5,pinnacle@2.5,sgo_fair@2.5",1.0501033526938741,0.6226415094339622,0.5930291020904359,-0.029612407343526326,-0.04755932088505754,0.08104520196578258,-146,-131.0,pass,2026-09-30T22:36:58+00:00,sgo_slate_alt_20260930T223657Z.json
PIT@PHI,Evgeni Malkin,PIT,f2,PP2,SOG,over,1.5,draftkings,-165,False,2.1393238026178922,1.9790909547771836,0.6171892363476456,0.5768837598834053,16.83075923787529,1529.4875,,"draftkings@1.5,fanduel@1.5,pinnacle@1.5,sgo_fair@2.5",1.0501033526938741,0.6226415094339622,0.5930059504691014,-0.02963555896486081,-0.04759650379204927,0.04030547646424021,-146,-131.0,pass,2026-09-30T22:36:58+00:00,sgo_slate_alt_20260930T223657Z.json
LAK@COL,Brandt Clarke,LAK,d2,PP1,SOG,over,1.5,fanduel,-146,False,1.9078415762796752,1.9525538685278772,0.5578946873245401,0.5698883236580145,19.37295046968403,2195.145,,"draftkings@1.5,fanduel@1.5,pinnacle@1.5,sgo_fair@1.5",1.0501033526938741,0.5934959349593496,0.5650908691246247,-0.028405065834724907,-0.04786059037905699,-0.011993636333474389,-130,-117.0,pass,2026-09-30T22:36:58+00:00,sgo_slate_alt_20260930T223657Z.json
LAK@COL,Nathan MacKinnon,COL,f1,PP1,SOG,over,3.5,fanduel,-148,False,3.993648508922653,4.170791595677488,0.5493211864659339,0.5804958127841963,20.211023366508,2590.8675,,"draftkings@3.5,fanduel@3.5,pinnacle@3.5,sgo_fair@4.0",1.0501033526938741,0.5967741935483871,0.5680259622568913,-0.02874823129149584,-0.048172711893857856,-0.0311746263182624,-131,-119.0,pass,2026-09-30T22:36:58+00:00,sgo_slate_alt_20260930T223657Z.json
PIT@PHI,Erik Karlsson,PIT,d1,PP1,SOG,over,2.5,fanduel,142,False,2.2661791992622393,2.2776169614419457,0.39142242966142193,0.3943089689224849,22.990095323205242,2627.4333333333334,,"draftkings@2.5,fanduel@2.5,pinnacle@2.5,sgo_fair@2.5",1.0501033526938741,0.4132231404958678,0.3931543532180597,-0.020068787277808087,-0.04856646521229557,-0.0028865392610629703,154,172.0,pass,2026-09-30T22:36:58+00:00,sgo_slate_alt_20260930T223657Z.json
NYI@TOR,Bo Horvat,NYI,f1,PP1,SOG,under,3.5,fanduel,-165,False,3.303335038033972,3.2401812102375307,0.5844184072514726,0.5974187399689732,19.278630126057124,2147.2058333333334,,"draftkings@2.5,fanduel@3.5,pinnacle@3.5,sgo_fair@3.5",1.0501033526938741,0.6226415094339622,0.592218606881973,-0.030422902551989206,-0.048861025310770634,-0.013000332717500562,-145,-131.0,pass,2026-09-30T22:36:58+00:00,sgo_slate_alt_20260930T223657Z.json
NYI@TOR,Kyle Palmieri,NYI,f1,PP1,A,over,0.5,draftkings,190,False,0.41327104276877474,0.38701440949050836,0.3385170316472395,0.3209186903595491,18.330910070005388,1155.1666666666667,,"draftkings@0.5,pinnacle@0.5,sgo_fair@0.5",1.1071951647367635,0.3448275862068966,0.3279580268746253,-0.0168695593322713,-0.04892172206358669,0.01759834128769039,205,230.0,pass,2026-09-30T22:36:58+00:00,sgo_slate_alt_20260930T223657Z.json
LAK@COL,Gabriel Landeskog,COL,f2,PP1,SOG,over,1.5,draftkings,-235,True,2.2447679521682438,2.4385909175172906,0.641928340757802,0.6838326737170799,16.206805555555555,984.8166666666667,,"draftkings@2.5,sgo_fair@2.5",1.0501033526938741,0.7014925373134329,0.6670709405333688,-0.03442159678006407,-0.04906908477158067,-0.04190433295927787,-200,-179.0,pass,2026-09-30T22:36:58+00:00,sgo_slate_alt_20260930T223657Z.json
PIT@PHI,Trevor Zegras,PHI,f1,PP1,A,over,0.5,draftkings,120,False,0.5547940439068091,0.5731381109931108,0.42580949294712944,0.4362464612331004,18.15746991717456,1953.2883333333334,,"draftkings@0.5,pinnacle@0.5,sgo_fair@0.5",1.1071951647367635,0.45454545454545453,0.43207167391871204,-0.02247378062674249,-0.04944231737883342,-0.01043696828597096,131,146.0,pass,2026-09-30T22:36:58+00:00,sgo_slate_alt_20260930T223657Z.json
PIT@PHI,Tommy Novak,PIT,f2,PP1,SOG,under,1.5,draftkings,100,False,1.7375467524096142,1.8243634150962074,0.49016035617424536,0.4651930213400777,15.020621668234558,1492.5841666666668,,"draftkings@1.5,sgo_fair@1.5",1.0501033526938741,0.5,0.47517995527374474,-0.024820044726255264,-0.04964008945251053,0.024967334834167687,110,122.0,pass,2026-09-30T22:36:58+00:00,sgo_slate_alt_20260930T223657Z.json
LAK@COL,Nathan MacKinnon,COL,f1,PP1,SOG,under,3.5,draftkings,120,False,3.993648508922653,4.170791595677488,0.45067881353406614,0.41950418721580374,20.211023366508,2590.8675,,"draftkings@3.5,fanduel@3.5,pinnacle@3.5,sgo_fair@4.0",1.0501033526938741,0.45454545454545453,0.43197403774310866,-0.022571416802345867,-0.04965711696516084,0.0311746263182624,131,146.0,pass,2026-09-30T22:36:58+00:00,sgo_slate_alt_20260930T223657Z.json
LAK@COL,Brent Burns,COL,d3,-,A,under,0.5,draftkings,-380,False,0.26970417299542127,0.2948259921501797,0.7636053560123639,0.7446611530789575,18.010786375105127,2321.115,,"draftkings@0.5,sgo_fair@0.5",1.1071951647367635,0.7916666666666666,0.7522388342523201,-0.03942783241434655,-0.049803577786543096,0.018944202933406373,-304,-267.0,pass,2026-09-30T22:36:58+00:00,sgo_slate_alt_20260930T223657Z.json
PIT@PHI,Tyson Foerster,PHI,f2,PP1,PTS,over,0.5,draftkings,105,False,0.6271172701215075,0.6197100441035225,0.4658706656133523,0.46189955962779794,16.527680162974278,1116.2733333333333,,"draftkings@0.5,sgo_fair@0.5",1.0522575427430254,0.4878048780487805,0.4634880020220197,-0.024316876026760803,-0.04984959585485971,0.003971105985554335,116,128.0,pass,2026-09-30T22:36:58+00:00,sgo_slate_alt_20260930T223657Z.json
LAK@COL,Mats Zuccarello,LAK,f2,PP1,PTS,over,1.5,fanduel,540,True,0.7477964098740251,0.6313150547570513,0.17257814376892408,0.13231677852651905,17.496636128076993,1710.3441666666665,,"draftkings@0.5,sgo_fair@0.5",1.0522575427430254,0.15625,0.14842132462348107,-0.007828675376518934,-0.05010352240972116,0.040261365242405034,574,710.0,pass,2026-09-30T22:36:58+00:00,sgo_slate_alt_20260930T223657Z.json
PIT@PHI,Erik Karlsson,PIT,d1,PP1,SOG,over,1.5,draftkings,-215,True,2.2661791992622393,2.2776169614419457,0.6467820581245382,0.6493516703925797,22.990095323205242,2627.4333333333334,,"draftkings@2.5,fanduel@2.5,pinnacle@2.5,sgo_fair@2.5",1.0501033526938741,0.6825396825396826,0.648323825485363,-0.03421585705431951,-0.05013020917260769,-0.0025696122680415323,-184,-165.0,pass,2026-09-30T22:36:58+00:00,sgo_slate_alt_20260930T223657Z.json
LAK@COL,Erik Gustafsson,LAK,not in DF lineup,-,A,over,0.5,draftkings,390,False,0.21635481935176137,0.21489371687897654,0.19455053789028365,0.1933728335256278,16.48183908045977,477.97333333333336,,"draftkings@0.5,sgo_fair@0.5",1.1071951647367635,0.20408163265306123,0.19384391527149014,-0.010237717381571088,-0.050164815169698285,0.001177704364655835,416,492.0,pass,2026-09-30T22:36:58+00:00,sgo_slate_alt_20260930T223657Z.json
LAK@COL,Trevor Moore,LAK,f3,PP2,A,under,0.5,draftkings,-425,False,0.24560625032077565,0.2745098204989272,0.782230167172822,0.7599445411777259,15.137832260194816,1693.5033333333333,,"draftkings@0.5,sgo_fair@0.5",1.1071951647367635,0.8095238095238095,0.7688587915757643,-0.04066501794804522,-0.05023325746523233,0.022285625995096092,-333,-290.0,pass,2026-09-30T22:36:58+00:00,sgo_slate_alt_20260930T223657Z.json
LAK@COL,Adrian Kempe,LAK,f1,PP1,SOG,over,1.5,fanduel,-380,True,2.726805296151498,2.864901153745354,0.7381128139983817,0.7609834500822708,18.629540939406837,2261.9791666666665,,"draftkings@2.5,fanduel@2.5,pinnacle@2.5,sgo_fair@3.0",1.0501033526938741,0.7916666666666666,0.751835195648715,-0.03983147101795159,-0.05031343707530733,-0.022870636083889062,-303,-266.0,pass,2026-09-30T22:36:58+00:00,sgo_slate_alt_20260930T223657Z.json
NYI@TOR,Kyle Palmieri,NYI,f1,PP1,SOG,over,1.5,fanduel,-280,True,2.5776900322916916,2.4784594877157526,0.7111800774814594,0.6918976099368785,18.330910070005388,1155.1666666666667,,"draftkings@2.5,fanduel@2.5,pinnacle@2.5,sgo_fair@2.5",1.0501033526938741,0.7368421052631579,0.6996105969547108,-0.037231508308447014,-0.05052847556146378,0.01928246754458085,-233,-207.0,pass,2026-09-30T22:36:58+00:00,sgo_slate_alt_20260930T223657Z.json
LAK@COL,Brent Burns,COL,d3,-,PTS,over,0.5,draftkings,215,False,0.36482575573475323,0.3544379222030298,0.30568237879776566,0.29843233198504854,18.010786375105127,2321.115,,"draftkings@0.5,sgo_fair@0.5",1.0522575427430254,0.31746031746031744,0.3013323507101354,-0.01612796675018202,-0.05080309526307347,0.007250046812717126,232,262.0,pass,2026-09-30T22:36:58+00:00,sgo_slate_alt_20260930T223657Z.json
NYI@TOR,Bo Horvat,NYI,f1,PP1,SOG,over,1.5,fanduel,-620,True,3.303335038033972,3.2401812102375307,0.8218193689346793,0.814066478634762,19.278630126057124,2147.2058333333334,,"draftkings@2.5,fanduel@3.5,pinnacle@3.5,sgo_fair@3.5",1.0501033526938741,0.8611111111111112,0.817167634754729,-0.04394347635638218,-0.05103113383321789,0.0077528902999173255,-447,-381.0,pass,2026-09-30T22:36:58+00:00,sgo_slate_alt_20260930T223657Z.json
NYI@TOR,Tony DeAngelo,NYI,d3,PP2,PTS,under,0.5,draftkings,-205,False,0.43141995852951276,0.46262024017083075,0.6495860542804061,0.629631695937235,18.18105358764759,1822.3483333333331,,"draftkings@0.5,sgo_fair@0.5",1.0522575427430254,0.6721311475409836,0.6376134392745034,-0.03451770826648015,-0.05135561473793393,0.019954358343171053,-176,-158.0,pass,2026-09-30T22:36:58+00:00,sgo_slate_alt_20260930T223657Z.json
LAK@COL,Nathan MacKinnon,COL,f1,PP1,SOG,over,2.5,fanduel,-380,True,3.993648508922653,4.170791595677488,0.7364456798522968,0.7603452989850051,20.211023366508,2590.8675,,"draftkings@3.5,fanduel@3.5,pinnacle@3.5,sgo_fair@4.0",1.0501033526938741,0.7916666666666666,0.7507854513319219,-0.04088121533474476,-0.05163942989651982,-0.023899619132708327,-301,-265.0,pass,2026-09-30T22:36:58+00:00,sgo_slate_alt_20260930T223657Z.json
NYI@TOR,Emil Heineman,NYI,f3,-,SOG,over,0.5,fanduel,-660,True,1.811984674360151,1.7984105319380814,0.8248120463931559,0.822598819251621,14.394946163178647,1680.3591666666666,,"draftkings@1.5,sgo_fair@1.5",1.0501033526938741,0.868421052631579,0.823484110108235,-0.044936942523344015,-0.05174557017839598,0.0022132271415348237,-467,-396.0,pass,2026-09-30T22:36:58+00:00,sgo_slate_alt_20260930T223657Z.json
PIT@PHI,Rickard Rakell,PIT,f1,PP1,PTS,over,0.5,draftkings,-130,False,0.8012222590421448,0.745662623153935,0.5512198967786424,0.5255801658015481,18.540236737515123,1840.311666666667,,"draftkings@0.5,sgo_fair@0.5",1.0522575427430254,0.5652173913043478,0.5358360581923858,-0.029381333111962005,-0.05198235858270217,0.025639730977094266,-115,-104.0,pass,2026-09-30T22:36:58+00:00,sgo_slate_alt_20260930T223657Z.json
NYI@TOR,Matias Maccelli,NYI,f2,PP1,PTS,over,0.5,fanduel,114,False,0.5674252567275277,0.5968157684275347,0.4330166023522,0.4494380353201439,15.174308093994778,1373.88,,"draftkings@0.5,sgo_fair@0.5",1.0522575427430254,0.4672897196261682,0.44286946213296635,-0.02442025749320187,-0.052259351035452095,-0.016421432967943905,126,139.0,pass,2026-09-30T22:36:58+00:00,sgo_slate_alt_20260930T223657Z.json
PIT@PHI,Evgeni Malkin,PIT,f2,PP2,PTS,over,0.5,draftkings,-130,False,0.8261412069438335,0.7296746466962777,0.5622648390916146,0.5179341937188288,16.83075923787529,1529.4875,,"draftkings@0.5,sgo_fair@0.5",1.0522575427430254,0.5652173913043478,0.535666451867943,-0.029550939436404744,-0.052282431310562316,0.04433064537278586,-115,-104.0,pass,2026-09-30T22:36:58+00:00,sgo_slate_alt_20260930T223657Z.json
PIT@PHI,Tyson Foerster,PHI,f2,PP1,G,over,2.5,fanduel,20000,True,0.35201714673362056,0.31504121846183175,0.005596412077794489,0.0041224723584877745,16.527680162974278,1116.2733333333333,,"fanduel@0.5,pinnacle@0.5,sgo_fair@0.5",1.0771563327510214,0.004975124378109453,0.00471204824621046,-0.0002630761318989927,-0.05287830251169756,0.0014739397193067145,21122,,pass,2026-09-30T22:36:58+00:00,sgo_slate_alt_20260930T223657Z.json
NYI@TOR,William Nylander,TOR,f2,PP1,A,over,0.5,draftkings,110,False,0.6387828662426337,0.5737120145598846,0.47206539981979506,0.4365699085771103,17.72223436993845,2000.8358333333333,,"draftkings@0.5,pinnacle@0.5,sgo_fair@0.5",1.1071951647367635,0.47619047619047616,0.4507681050741842,-0.025422371116291975,-0.053386979344213215,0.03549549124268475,122,135.0,pass,2026-09-30T22:36:58+00:00,sgo_slate_alt_20260930T223657Z.json
NYI@TOR,Bo Horvat,NYI,f1,PP1,SOG,over,4.5,draftkings,295,True,3.303335038033972,3.2401812102375307,0.24619405497620972,0.23525696683953717,19.278630126057124,2147.2058333333334,,"draftkings@2.5,fanduel@3.5,pinnacle@3.5,sgo_fair@3.5",1.0501033526938741,0.25316455696202533,0.2396318020942062,-0.01353275486781913,-0.053454381727885414,0.010937088136672546,317,366.0,pass,2026-09-30T22:36:58+00:00,sgo_slate_alt_20260930T223657Z.json
NYI@TOR,Matthew Schaefer,NYI,d1,PP1,SOG,over,1.5,draftkings,-425,True,2.80586538638041,2.9625838107769127,0.75144182524014,0.776027101435666,23.59136178861789,2023.9833333333333,,"draftkings@2.5,fanduel@2.5,pinnacle@2.5,sgo_fair@3.5",1.0501033526938741,0.8095238095238095,0.7661929909574556,-0.0433308185663539,-0.05352630528784885,-0.024585276195525974,-328,-286.0,pass,2026-09-30T22:36:58+00:00,sgo_slate_alt_20260930T223657Z.json
LAK@COL,Drew Doughty,LAK,d1,PP2,SOG,under,1.5,draftkings,-165,False,1.4003274527409229,1.4338876079063703,0.5959688735978679,0.5848509016764096,22.876091617933724,1988.0616666666667,,"draftkings@1.5,pinnacle@1.5,sgo_fair@1.5",1.0501033526938741,0.6226415094339622,0.5892980904449929,-0.03334341898896931,-0.05355155170955683,0.011117971921458247,-143,-130.0,pass,2026-09-30T22:36:58+00:00,sgo_slate_alt_20260930T223657Z.json
LAK@COL,Erik Gustafsson,LAK,not in DF lineup,-,A,under,0.5,draftkings,-575,False,0.21635481935176137,0.21489371687897654,0.8054494621097164,0.8066271664743722,16.48183908045977,477.97333333333336,,"draftkings@0.5,sgo_fair@0.5",1.1071951647367635,0.8518518518518519,0.8061560847285099,-0.045695767123342,-0.053642857057836335,-0.0011777043646558072,-416,-357.0,pass,2026-09-30T22:36:58+00:00,sgo_slate_alt_20260930T223657Z.json
PIT@PHI,Egor Chinakhov,PIT,f2,PP1,A,under,0.5,draftkings,-290,False,0.3339941306573285,0.3634530917664229,0.7160579850045612,0.6952713404016759,14.739930555555556,970.55,,"draftkings@0.5,sgo_fair@0.5",1.1071951647367635,0.7435897435897436,0.7035859982428301,-0.04000374534691353,-0.053798140294124996,0.020786644602885263,-237,-211.0,pass,2026-09-30T22:36:58+00:00,sgo_slate_alt_20260930T223657Z.json
LAK@COL,Quinton Byfield,LAK,f1,PP1,SOG,over,1.5,draftkings,-230,True,2.136336181942233,2.459191254511227,0.6164678418340808,0.6880229454454388,18.790998989461528,2260.741666666667,,"draftkings@2.5,fanduel@2.5,pinnacle@2.5,sgo_fair@2.5",1.0501033526938741,0.696969696969697,0.6594009040008957,-0.037568792968801334,-0.053903050781323625,-0.07155510361135808,-194,-174.0,pass,2026-09-30T22:36:58+00:00,sgo_slate_alt_20260930T223657Z.json
LAK@COL,Gabriel Landeskog,COL,f2,PP1,G,under,0.5,fanduel,-360,False,0.27937990511905353,0.3149538076458562,0.7562525444210424,0.7298225857137868,16.206805555555555,984.8166666666667,,"fanduel@0.5,pinnacle@0.5,sgo_fair@0.5",1.0771563327510214,0.782608695652174,0.7403945691966891,-0.042214126455484835,-0.05394027269311952,0.02642995870725562,-285,-251.0,pass,2026-09-30T22:36:58+00:00,sgo_slate_alt_20260930T223657Z.json
LAK@COL,Jaden Schwartz,COL,f3,PP2,A,under,0.5,draftkings,-350,False,0.2936912251849561,0.3156401432710267,0.745506649585781,0.7293218543277079,15.187584345479083,1458.8583333333333,,"draftkings@0.5,sgo_fair@0.5",1.1071951647367635,0.7777777777777778,0.7357957724309372,-0.0419820053468406,-0.053976864017366566,0.016184795258073037,-278,-246.0,pass,2026-09-30T22:36:58+00:00,sgo_slate_alt_20260930T223657Z.json
LAK@COL,Alex Turcotte,LAK,f2,PP2,A,under,0.5,draftkings,-525,False,0.2266290700374957,0.23246264355867688,0.7972164389165942,0.7925793567379953,13.563327933765299,1030.3283333333334,,"draftkings@0.5,sgo_fair@0.5",1.1071951647367635,0.84,0.7944341896094349,-0.045565810390565065,-0.05424501236972035,0.004637082178598928,-386,-334.0,pass,2026-09-30T22:36:58+00:00,sgo_slate_alt_20260930T223657Z.json
NYI@TOR,Morgan Rielly,TOR,d1,PP2,A,under,0.5,draftkings,-250,False,0.38261141332537296,0.3989609914779199,0.6820778941766491,0.6710168762195534,21.86003738855335,2459.4066666666668,,"draftkings@0.5,sgo_fair@0.5",1.1071951647367635,0.7142857142857143,0.6754412834023917,-0.03884443088332257,-0.05438220323665166,0.011061017957095687,-208,-186.0,pass,2026-09-30T22:36:58+00:00,sgo_slate_alt_20260930T223657Z.json
LAK@COL,Alex Turcotte,LAK,f2,PP2,A,over,0.5,draftkings,360,False,0.2266290700374957,0.23246264355867688,0.20278356108340578,0.20742064326200477,13.563327933765299,1030.3283333333334,,"draftkings@0.5,sgo_fair@0.5",1.1071951647367635,0.21739130434782608,0.20556581039056518,-0.011825493957260902,-0.05439727220340029,-0.0046370821785989835,386,454.0,pass,2026-09-30T22:36:58+00:00,sgo_slate_alt_20260930T223657Z.json
NYI@TOR,Matthew Schaefer,NYI,d1,PP1,SOG,under,2.5,fanduel,106,False,2.80586538638041,2.9625838107769127,0.47943483701533796,0.4452429200419946,23.59136178861789,2023.9833333333333,,"draftkings@2.5,fanduel@2.5,pinnacle@2.5,sgo_fair@3.5",1.0501033526938741,0.4854368932038835,0.45891968683133194,-0.02651720637255156,-0.05462544512745615,0.03419191697334334,118,130.0,pass,2026-09-30T22:36:58+00:00,sgo_slate_alt_20260930T223657Z.json
LAK@COL,Artemi Panarin,LAK,f1,PP1,G,over,0.5,fanduel,235,False,0.3363055012761298,0.3282793923306908,0.28559517910986193,0.27983821608454035,19.238125,2334.2925,,"fanduel@0.5,pinnacle@0.5,sgo_fair@0.5",1.0771563327510214,0.29850746268656714,0.282141001294669,-0.016366461391898124,-0.054827645662858804,0.005756963025321582,254,289.0,pass,2026-09-30T22:36:58+00:00,sgo_slate_alt_20260930T223657Z.json
NYI@TOR,Auston Matthews,TOR,f1,PP1,PTS,over,0.5,fanduel,-210,False,0.9429702200275875,1.0790770394883018,0.610530693866309,0.6600908964071699,19.35674712013165,1888.035,,"draftkings@0.5,sgo_fair@1.0",1.0522575427430254,0.6774193548387096,0.6402668153908255,-0.0371525394478841,-0.054844224899257554,-0.04956020254086091,-178,-160.0,pass,2026-09-30T22:36:58+00:00,sgo_slate_alt_20260930T223657Z.json
PIT@PHI,Sidney Crosby,PIT,f1,PP1,SOG,under,2.5,draftkings,-165,False,2.410393750843344,2.304635616620503,0.5725774373945838,0.5988923988287018,18.813389423076924,2041.1850000000002,,"draftkings@2.5,fanduel@2.5,pinnacle@2.5,sgo_fair@2.5",1.0501033526938741,0.6226415094339622,0.5883664142550546,-0.03427509517890759,-0.0550478801358214,-0.026314961434118045,-143,-129.0,pass,2026-09-30T22:36:58+00:00,sgo_slate_alt_20260930T223657Z.json
LAK@COL,Artemi Panarin,LAK,f1,PP1,SOG,over,1.5,fanduel,-310,True,2.72189031401514,2.5141733595633653,0.7372628909134306,0.698966251693068,19.238125,2334.2925,,"draftkings@2.5,fanduel@2.5,pinnacle@2.5,sgo_fair@2.5",1.0501033526938741,0.7560975609756098,0.714284907381213,-0.04181265359439679,-0.05530060636678291,0.03829663922036253,-250,-222.0,pass,2026-09-30T22:36:58+00:00,sgo_slate_alt_20260930T223657Z.json
NYI@TOR,William Nylander,TOR,f2,PP1,G,over,1.5,fanduel,1300,True,0.42153320033849545,0.42175496539111074,0.06741706460158274,0.0674784014441467,17.72223436993845,2000.8358333333333,,"fanduel@0.5,pinnacle@0.5,sgo_fair@0.5",1.0771563327510214,0.07142857142857142,0.06745386670712111,-0.003974704721450312,-0.05564586610030442,-6.133684256395822e-05,1382,2255.0,pass,2026-09-30T22:36:58+00:00,sgo_slate_alt_20260930T223657Z.json
LAK@COL,Nathan MacKinnon,COL,f1,PP1,G,under,0.5,fanduel,-160,False,0.5049114759395055,0.5691816642462283,0.6035590025558668,0.5659884177960292,20.211023366508,2590.8675,,"fanduel@0.5,pinnacle@0.5,sgo_fair@0.5",1.0771563327510214,0.6153846153846154,0.5810166516999642,-0.034367963684651226,-0.05584794098755819,0.037570584759837655,-139,-125.0,pass,2026-09-30T22:36:58+00:00,sgo_slate_alt_20260930T223657Z.json
PIT@PHI,Erik Karlsson,PIT,d1,PP1,SOG,under,2.5,draftkings,-180,False,2.2661791992622393,2.2776169614419457,0.6085775703385781,0.6056910310775151,22.990095323205242,2627.4333333333334,,"draftkings@2.5,fanduel@2.5,pinnacle@2.5,sgo_fair@2.5",1.0501033526938741,0.6428571428571429,0.6068456467819403,-0.0360114960752026,-0.05601788278364839,0.0028865392610629703,-154,-139.0,pass,2026-09-30T22:36:58+00:00,sgo_slate_alt_20260930T223657Z.json
LAK@COL,Nathan MacKinnon,COL,f1,PP1,SOG,over,2.5,draftkings,-390,True,3.993648508922653,4.170791595677488,0.7364456798522968,0.7603452989850051,20.211023366508,2590.8675,,"draftkings@3.5,fanduel@3.5,pinnacle@3.5,sgo_fair@4.0",1.0501033526938741,0.7959183673469388,0.7507854513319219,-0.0451329160150169,-0.056705458582969936,-0.023899619132708327,-301,-265.0,pass,2026-09-30T22:36:58+00:00,sgo_slate_alt_20260930T223657Z.json
PIT@PHI,Travis Konecny,PHI,f2,PP2,G,under,0.5,fanduel,-310,False,0.3266812083333245,0.34572544981169895,0.7213136551599479,0.7077067614608721,17.79007170032192,2230.1783333333337,,"fanduel@0.5,pinnacle@0.5,sgo_fair@0.5",1.0771563327510214,0.7560975609756098,0.7131495189405024,-0.04294804203510738,-0.05680224914320653,0.013606893699075862,-249,-221.0,pass,2026-09-30T22:36:58+00:00,sgo_slate_alt_20260930T223657Z.json
LAK@COL,Artemi Panarin,LAK,f1,PP1,A,over,0.5,draftkings,105,False,0.6392316251641685,0.6009854740904411,0.4723022620306228,0.4517289371496655,19.238125,2334.2925,,"draftkings@0.5,pinnacle@0.5,sgo_fair@0.5",1.1071951647367635,0.4878048780487805,0.45995826710204846,-0.02784661094673202,-0.05708555244080071,0.02057332488095731,117,130.0,pass,2026-09-30T22:36:58+00:00,sgo_slate_alt_20260930T223657Z.json
NYI@TOR,Morgan Rielly,TOR,d1,PP2,SOG,over,2.5,draftkings,275,True,1.854682364144376,1.6342350839268394,0.28544341936243955,0.22871463535383987,21.86003738855335,2459.4066666666668,,"draftkings@1.5,sgo_fair@1.5",1.0501033526938741,0.26666666666666666,0.25140614895727975,-0.015260517709386912,-0.057226941410200904,0.05672878400859968,298,342.0,pass,2026-09-30T22:36:58+00:00,sgo_slate_alt_20260930T223657Z.json
LAK@COL,Cale Makar,COL,d1,PP1,SOG,over,2.5,draftkings,-125,False,2.752612087547682,2.8657877502754565,0.508573381785913,0.5338350811972468,23.81464714714715,2789.351666666667,,"draftkings@2.5,fanduel@2.5,pinnacle@2.5,sgo_fair@3.0",1.0501033526938741,0.5555555555555556,0.5237304014327133,-0.03182515412284226,-0.057285277421116,-0.025261699411333716,-110,101.0,pass,2026-09-30T22:36:58+00:00,sgo_slate_alt_20260930T223657Z.json
LAK@COL,Devon Toews,COL,d1,PP2,PTS,under,0.5,draftkings,-200,False,0.4451691990260668,0.47814507236613296,0.640715858361275,0.6199322554189983,22.805984996738424,2362.0433333333335,,"draftkings@0.5,sgo_fair@0.5",1.0522575427430254,0.6666666666666666,0.628245696595909,-0.03842097007075762,-0.05763145510613654,0.020783602942276658,-169,-152.0,pass,2026-09-30T22:36:58+00:00,sgo_slate_alt_20260930T223657Z.json
NYI@TOR,Tony DeAngelo,NYI,d3,PP2,A,under,0.5,draftkings,-270,False,0.38097893981066094,0.3705187563143608,0.6831922776271138,0.6903761007668279,18.18105358764759,1822.3483333333331,,"draftkings@0.5,sgo_fair@0.5",1.1071951647367635,0.7297297297297297,0.6875025715109422,-0.04222715821878753,-0.057866846447968245,-0.007183823139714107,-220,-196.0,pass,2026-09-30T22:36:58+00:00,sgo_slate_alt_20260930T223657Z.json
NYI@TOR,Emil Heineman,NYI,f3,-,SOG,under,1.5,draftkings,100,False,1.811984674360151,1.7984105319380814,0.4686935932368127,0.47255498558252473,14.394946163178647,1680.3591666666666,,"draftkings@1.5,sgo_fair@1.5",1.0501033526938741,0.5,0.4710104286442399,-0.02898957135576008,-0.05797914271152016,-0.0038613923457120336,112,124.0,pass,2026-09-30T22:36:58+00:00,sgo_slate_alt_20260930T223657Z.json
PIT@PHI,Porter Martone,PHI,f1,PP1,PTS,over,0.5,fanduel,-142,False,0.9050391231091117,0.7424955546482034,0.5954739415236968,0.5240752638803118,17.520370370370372,153.36666666666667,,"draftkings@0.5,sgo_fair@0.5",1.0522575427430254,0.5867768595041323,0.5526347349376658,-0.03414212456646648,-0.058185874261161175,0.07139867764338503,-124,-112.0,pass,2026-09-30T22:36:58+00:00,sgo_slate_alt_20260930T223657Z.json
LAK@COL,Artturi Lehkonen,COL,f1,PP2,SOG,over,2.5,draftkings,160,True,2.1684808159521625,2.140161461287805,0.3665809327876425,0.3593254595161173,18.532657100445324,1926.55,,"draftkings@1.5,sgo_fair@2.0",1.0501033526938741,0.38461538461538464,0.36222764882472736,-0.02238773579065728,-0.05820811305570883,0.0072554732715252035,176,197.0,pass,2026-09-30T22:36:58+00:00,sgo_slate_alt_20260930T223657Z.json
LAK@COL,Martin Necas,COL,f1,PP1,G,under,0.5,fanduel,-240,False,0.38568310029235686,0.4236935642977052,0.6799859788979012,0.654624451479979,19.35776089828269,2352.2475,,"fanduel@0.5,pinnacle@0.5,sgo_fair@0.5",1.0771563327510214,0.7058823529411765,0.6647690624471478,-0.041113290494028676,-0.05824382819987384,0.02536152741792219,-198,-178.0,pass,2026-09-30T22:36:58+00:00,sgo_slate_alt_20260930T223657Z.json
PIT@PHI,Porter Martone,PHI,f1,PP1,SOG,over,4.5,draftkings,450,True,2.8617263496329413,2.847282767492061,0.1725759519122585,0.1703045591438554,17.520370370370372,153.36666666666667,,"draftkings@2.5,fanduel@2.5,pinnacle@2.5,sgo_fair@3.0",1.0501033526938741,0.18181818181818182,0.17121311625121666,-0.010605065566965166,-0.058327860618308414,0.002271392768403102,484,584.0,pass,2026-09-30T22:36:58+00:00,sgo_slate_alt_20260930T223657Z.json
LAK@COL,Alex Laferriere,LAK,f2,PP2,SOG,under,2.5,draftkings,-165,False,2.3058104448806325,2.388241175899168,0.5985974363105026,0.5780478736273269,16.89103086155165,2074.2774999999997,,"draftkings@2.5,sgo_fair@2.5",1.0501033526938741,0.6226415094339622,0.5862676987005973,-0.036373810733364986,-0.05841854451116202,0.02054956268317565,-142,-128.0,pass,2026-09-30T22:36:58+00:00,sgo_slate_alt_20260930T223657Z.json
LAK@COL,Devon Toews,COL,d1,PP2,A,over,0.5,draftkings,190,False,0.3867162483666512,0.39604515586776046,0.32071618452489303,0.3270236935778396,22.805984996738424,2362.0433333333335,,"draftkings@0.5,sgo_fair@0.5",1.1071951647367635,0.3448275862068966,0.324500689956661,-0.020326896250235593,-0.05894799912568316,-0.0063075090529465805,208,234.0,pass,2026-09-30T22:36:58+00:00,sgo_slate_alt_20260930T223657Z.json
NYI@TOR,Auston Matthews,TOR,f1,PP1,A,under,0.5,draftkings,-170,False,0.5242782744502915,0.5230237493858793,0.5919824590913941,0.5927255819596863,19.35674712013165,1888.035,,"draftkings@0.5,pinnacle@0.5,sgo_fair@0.5",1.1071951647367635,0.6296296296296297,0.5924283328123694,-0.037201296817260254,-0.05908441259211916,-0.0007431228682921454,-145,-131.0,pass,2026-09-30T22:36:58+00:00,sgo_slate_alt_20260930T223657Z.json
NYI@TOR,Matias Maccelli,NYI,f2,PP1,A,under,0.5,draftkings,-260,False,0.3690145614073582,0.39823459801280947,0.6914153423965518,0.6715044755664674,15.174308093994778,1373.88,,"draftkings@0.5,pinnacle@0.5,sgo_fair@0.5",1.1071951647367635,0.7222222222222222,0.6794688222985011,-0.04275339992372107,-0.059197015278998455,0.01991086683008436,-212,-189.0,pass,2026-09-30T22:36:58+00:00,sgo_slate_alt_20260930T223657Z.json
NYI@TOR,William Nylander,TOR,f2,PP1,SOG,over,2.5,draftkings,-120,False,2.628376809170463,2.8720520934455664,0.4798981751492712,0.5352084369905237,17.72223436993845,2000.8358333333333,,"draftkings@2.5,fanduel@2.5,pinnacle@2.5,sgo_fair@3.0",1.0501033526938741,0.5454545454545454,0.5130843322540226,-0.0323702132005228,-0.059345390867625136,-0.055310261841252484,-105,105.0,pass,2026-09-30T22:36:58+00:00,sgo_slate_alt_20260930T223657Z.json
NYI@TOR,William Nylander,TOR,f2,PP1,SOG,over,4.5,fanduel,490,True,2.628376809170463,2.8720520934455664,0.1372517677604592,0.17420608352422173,17.72223436993845,2000.8358333333333,,"draftkings@2.5,fanduel@2.5,pinnacle@2.5,sgo_fair@3.0",1.0501033526938741,0.1694915254237288,0.15942435721871673,-0.010067168205012078,-0.05939629240957123,-0.03695431576376254,527,644.0,pass,2026-09-30T22:36:58+00:00,sgo_slate_alt_20260930T223657Z.json
PIT@PHI,Sidney Crosby,PIT,f1,PP1,PTS,over,0.5,fanduel,-200,False,1.0432652354126144,0.9500691472649602,0.6476975486097443,0.6132857177049689,18.813389423076924,2041.1850000000002,,"draftkings@0.5,sgo_fair@0.5",1.0522575427430254,0.6666666666666666,0.627050450066879,-0.039616216599787646,-0.059424324899681524,0.0344118309047754,-168,-151.0,pass,2026-09-30T22:36:58+00:00,sgo_slate_alt_20260930T223657Z.json
NYI@TOR,Darren Raddysh,TOR,d1,PP1,SOG,over,2.5,draftkings,-105,False,2.70841230957326,2.5881644153857963,0.49848167165919843,0.4704158365693176,21.772137732023086,2248.5808333333334,,"draftkings@2.5,fanduel@2.5,pinnacle@2.5,sgo_fair@2.5",1.0501033526938741,0.5121951219512195,0.4816421706052699,-0.030552951345949597,-0.05965100024685399,0.02806583508988081,108,119.0,pass,2026-09-30T22:36:58+00:00,sgo_slate_alt_20260930T223657Z.json
NYI@TOR,Matthew Schaefer,NYI,d1,PP1,SOG,over,1.5,fanduel,-440,True,2.80586538638041,2.9625838107769127,0.75144182524014,0.776027101435666,23.59136178861789,2023.9833333333333,,"draftkings@2.5,fanduel@2.5,pinnacle@2.5,sgo_fair@3.5",1.0501033526938741,0.8148148148148148,0.7661929909574556,-0.04862182385735914,-0.05967223837039537,-0.024585276195525974,-328,-286.0,pass,2026-09-30T22:36:58+00:00,sgo_slate_alt_20260930T223657Z.json
PIT@PHI,Noah Cates,PHI,f3,PP2,SOG,under,1.5,draftkings,-140,False,1.5406573649202646,1.5505246854859767,0.5503040760588116,0.5471774304578993,14.816801878736124,1889.2450000000001,,"draftkings@1.5,sgo_fair@1.5",1.0501033526938741,0.5833333333333334,0.5484280886982642,-0.034905244635069166,-0.059837562231547015,0.003126645600912248,-121,-110.0,pass,2026-09-30T22:36:58+00:00,sgo_slate_alt_20260930T223657Z.json
LAK@COL,Martin Necas,COL,f1,PP1,PTS,over,0.5,fanduel,-290,True,1.2331426725326338,1.1800566391379415,0.7086245602875257,0.6927386649088663,19.35776089828269,2352.2475,,"draftkings@0.5,sgo_fair@1.5",1.0522575427430254,0.7435897435897436,0.69909302306033,-0.04449672052941356,-0.059840417263694046,0.015885895378659476,-232,-207.0,pass,2026-09-30T22:36:58+00:00,sgo_slate_alt_20260930T223657Z.json
NYI@TOR,Kyle Palmieri,NYI,f1,PP1,PTS,over,0.5,fanduel,-104,False,0.6837556664820772,0.6321730011671364,0.49528212363647445,0.4685642650769178,18.330910070005388,1155.1666666666667,,"draftkings@0.5,sgo_fair@0.5",1.0522575427430254,0.5098039215686274,0.47925140850074044,-0.030552513067886977,-0.059929929479316746,0.026717858559556662,109,120.0,pass,2026-09-30T22:36:58+00:00,sgo_slate_alt_20260930T223657Z.json
LAK@COL,Nathan MacKinnon,COL,f1,PP1,A,under,0.5,draftkings,140,False,0.99383951889195,0.9013066718911821,0.3701527506693001,0.40603875353005847,20.211023366508,2590.8675,,"draftkings@0.5,pinnacle@0.5,sgo_fair@0.5",1.1071951647367635,0.4166666666666667,0.3916843523857551,-0.024982314280911577,-0.05995755427418781,-0.03588600286075838,155,173.0,pass,2026-09-30T22:36:58+00:00,sgo_slate_alt_20260930T223657Z.json
LAK@COL,Brian Dumoulin,LAK,d1,-,A,under,0.5,draftkings,-700,False,0.20407130861258013,0.18981520751304273,0.8154042237702224,0.8271119638988147,20.399046610169492,2159.175,,"draftkings@0.5,sgo_fair@0.5",1.1071951647367635,0.875,0.8224288678473778,-0.05257113215262221,-0.060081293888711196,-0.011707740128592325,-463,-394.0,pass,2026-09-30T22:36:58+00:00,sgo_slate_alt_20260930T223657Z.json
PIT@PHI,Noah Cates,PHI,f3,PP2,PTS,over,0.5,draftkings,125,False,0.5376569265875358,0.5429166182587905,0.41588472479770344,0.41894892560591035,14.816801878736124,1889.2450000000001,,"draftkings@0.5,sgo_fair@0.5",1.0522575427430254,0.4444444444444444,0.4177232452826276,-0.02672119916181681,-0.06012269811408788,-0.003064200808206907,139,155.0,pass,2026-09-30T22:36:58+00:00,sgo_slate_alt_20260930T223657Z.json
PIT@PHI,Evgeni Malkin,PIT,f2,PP2,G,under,0.5,fanduel,-400,False,0.27756680877330775,0.29069464615343205,0.7576249469188097,0.7477439696588352,16.83075923787529,1529.4875,,"fanduel@0.5,pinnacle@0.5,sgo_fair@0.5",1.0771563327510214,0.8,0.751696360562825,-0.04830363943717508,-0.060379549296468826,0.0098809772599745,-303,-266.0,pass,2026-09-30T22:36:58+00:00,sgo_slate_alt_20260930T223657Z.json
LAK@COL,Drew Doughty,LAK,d1,PP2,PTS,under,0.5,draftkings,-280,False,0.3231921550473413,0.39867886874296615,0.7238347525026462,0.6712062120425868,22.876091617933724,1988.0616666666667,,"draftkings@0.5,sgo_fair@0.5",1.0522575427430254,0.7368421052631579,0.6922576282266105,-0.04458447703654733,-0.060507504549599966,0.05262854046005938,-225,-201.0,pass,2026-09-30T22:36:58+00:00,sgo_slate_alt_20260930T223657Z.json
LAK@COL,Cale Makar,COL,d1,PP1,A,over,1.5,draftkings,300,True,0.8521146074867143,0.9650953990367924,0.21005076105480186,0.2514030859130525,23.81464714714715,2789.351666666667,,"draftkings@0.5,pinnacle@0.5,sgo_fair@1.0",1.1071951647367635,0.25,0.23486215596975224,-0.01513784403024776,-0.06055137612099104,-0.04135232485825063,326,377.0,pass,2026-09-30T22:36:58+00:00,sgo_slate_alt_20260930T223657Z.json
NYI@TOR,Bo Horvat,NYI,f1,PP1,PTS,over,2.5,draftkings,1200,True,0.8050932018066709,1.0427583078969032,0.04815771809730396,0.08833207319546821,19.278630126057124,2147.2058333333334,,"draftkings@0.5,sgo_fair@1.0",1.0522575427430254,0.07692307692307693,0.07226233115620251,-0.004660745766874419,-0.06058969496936739,-0.04017435509816425,1284,2016.0,pass,2026-09-30T22:36:58+00:00,sgo_slate_alt_20260930T223657Z.json
NYI@TOR,Bo Horvat,NYI,f1,PP1,PTS,over,2.5,fanduel,1200,True,0.8050932018066709,1.0427583078969032,0.04815771809730396,0.08833207319546821,19.278630126057124,2147.2058333333334,,"draftkings@0.5,sgo_fair@1.0",1.0522575427430254,0.07692307692307693,0.07226233115620251,-0.004660745766874419,-0.06058969496936739,-0.04017435509816425,1284,2016.0,pass,2026-09-30T22:36:58+00:00,sgo_slate_alt_20260930T223657Z.json
LAK@COL,Martin Necas,COL,f1,PP1,SOG,over,1.5,draftkings,-370,True,2.558919995970061,2.8628088231689897,0.7076178990667576,0.7606511639250932,19.35776089828269,2352.2475,,"draftkings@2.5,fanduel@2.5,pinnacle@2.5,sgo_fair@3.5",1.0501033526938741,0.7872340425531915,0.739437857981759,-0.04779618457143253,-0.06071407229344139,-0.053033264858335594,-284,-250.0,pass,2026-09-30T22:36:58+00:00,sgo_slate_alt_20260930T223657Z.json
PIT@PHI,Matvei Michkov,PHI,f3,PP1,SOG,over,2.5,draftkings,195,True,2.187048050044738,1.8456281585303085,0.37132558375018043,0.2830950137272333,14.45386396011396,1802.7041666666667,,"draftkings@1.5,sgo_fair@1.5",1.0501033526938741,0.3389830508474576,0.31838724173641214,-0.02059580911104547,-0.060757636877584176,0.08823057002294715,214,241.0,pass,2026-09-30T22:36:58+00:00,sgo_slate_alt_20260930T223657Z.json
LAK@COL,Cale Makar,COL,d1,PP1,PTS,over,0.5,fanduel,-250,False,1.1180078523889414,1.1067963259298566,0.6730695599879188,0.6693835464004079,23.81464714714715,2789.351666666667,,"draftkings@0.5,sgo_fair@1.5",1.0522575427430254,0.7142857142857143,0.6708579518354123,-0.043427762450302,-0.06079886743042284,0.0036860135875109723,-204,-182.0,pass,2026-09-30T22:36:58+00:00,sgo_slate_alt_20260930T223657Z.json
LAK@COL,Quinton Byfield,LAK,f1,PP1,G,over,0.5,fanduel,270,False,0.2867180497220376,0.2968870187880598,0.2492766343382436,0.25687203288245297,18.790998989461528,2260.741666666667,,"fanduel@0.5,pinnacle@0.5,sgo_fair@0.5",1.0771563327510214,0.2702702702702703,0.2538338734647692,-0.016436396805501075,-0.06081466818035386,-0.007595398544209375,294,337.0,pass,2026-09-30T22:36:58+00:00,sgo_slate_alt_20260930T223657Z.json
LAK@COL,Drew Doughty,LAK,d1,PP2,A,under,0.5,draftkings,-390,False,0.26532073295972575,0.308663594833029,0.766959921197679,0.7344277937784945,22.876091617933724,1988.0616666666667,,"draftkings@0.5,sgo_fair@0.5",1.1071951647367635,0.7959183673469388,0.7474406447461683,-0.048477722600770434,-0.06090790788301925,0.03253212741918443,-296,-260.0,pass,2026-09-30T22:36:58+00:00,sgo_slate_alt_20260930T223657Z.json
NYI@TOR,Matias Maccelli,NYI,f2,PP1,SOG,over,0.5,fanduel,-800,True,1.6523066290768735,2.0543497930307884,0.796840444676342,0.8598253669928388,15.174308093994778,1373.88,,"draftkings@1.5,sgo_fair@2.0",1.0501033526938741,0.8888888888888888,0.8346313980662401,-0.054257490822648746,-0.06103967717547987,-0.06298492231649688,-505,-425.0,pass,2026-09-30T22:36:58+00:00,sgo_slate_alt_20260930T223657Z.json
LAK@COL,Drew Doughty,LAK,d1,PP2,PTS,over,0.5,draftkings,205,False,0.3231921550473413,0.39867886874296615,0.2761652474973538,0.32879378795741326,22.876091617933724,1988.0616666666667,,"draftkings@0.5,sgo_fair@0.5",1.0522575427430254,0.32786885245901637,0.3077423717733895,-0.02012648068562689,-0.0613857660911622,-0.052628540460059436,225,254.0,pass,2026-09-30T22:36:58+00:00,sgo_slate_alt_20260930T223657Z.json
PIT@PHI,Jamie Drysdale,PHI,d2,PP1,SOG,under,1.5,draftkings,-165,False,1.309195387341232,1.522209345285188,0.626733957349493,0.556180316931989,20.541472602739724,2308.5825,,"draftkings@1.5,sgo_fair@1.5",1.0501033526938741,0.6226415094339622,0.5844017730989906,-0.038239736334971686,-0.06141533411374245,0.070553640417504,-141,-127.0,pass,2026-09-30T22:36:58+00:00,sgo_slate_alt_20260930T223657Z.json
NYI@TOR,Brayden Schenn,NYI,f2,PP1,PTS,over,0.5,draftkings,115,False,0.5652570308201775,0.5789217510635764,0.43178592054443354,0.4394975980245963,16.50940975192472,1989.5,,"draftkings@0.5,sgo_fair@0.5",1.0522575427430254,0.46511627906976744,0.4364129270325312,-0.02870335203723623,-0.06171220688005796,-0.007711677480162771,129,143.0,pass,2026-09-30T22:36:58+00:00,sgo_slate_alt_20260930T223657Z.json
LAK@COL,Adrian Kempe,LAK,f1,PP1,SOG,over,4.5,fanduel,470,True,2.726805296151498,2.864901153745354,0.15178068488065788,0.17307660387363177,18.629540939406837,2261.9791666666665,,"draftkings@2.5,fanduel@2.5,pinnacle@2.5,sgo_fair@3.0",1.0501033526938741,0.17543859649122806,0.16455823627644223,-0.010880360214785834,-0.062018053224279224,-0.021295918992973895,508,617.0,pass,2026-09-30T22:36:58+00:00,sgo_slate_alt_20260930T223657Z.json
NYI@TOR,Kyle Palmieri,NYI,f1,PP1,A,over,0.5,fanduel,186,False,0.41327104276877474,0.38701440949050836,0.3385170316472395,0.3209186903595491,18.330910070005388,1155.1666666666667,,"draftkings@0.5,pinnacle@0.5,sgo_fair@0.5",1.1071951647367635,0.34965034965034963,0.3279580268746253,-0.02169232277572436,-0.06204004313857159,0.01759834128769039,205,230.0,pass,2026-09-30T22:36:58+00:00,sgo_slate_alt_20260930T223657Z.json
PIT@PHI,Erik Karlsson,PIT,d1,PP1,PTS,over,0.5,fanduel,-130,False,0.7805062051807925,0.7387920128951921,0.5418259774706915,0.5223093887711303,22.990095323205242,2627.4333333333334,,"draftkings@0.5,sgo_fair@0.5",1.0522575427430254,0.5652173913043478,0.5301160242509548,-0.03510136705339295,-0.06210241863292609,0.019516588699561188,-113,-102.0,pass,2026-09-30T22:36:58+00:00,sgo_slate_alt_20260930T223657Z.json
LAK@COL,Artemi Panarin,LAK,f1,PP1,SOG,over,3.5,fanduel,250,True,2.72189031401514,2.5141733595633653,0.2939192653206889,0.2506528310406829,19.238125,2334.2925,,"draftkings@2.5,fanduel@2.5,pinnacle@2.5,sgo_fair@2.5",1.0501033526938741,0.2857142857142857,0.2679594047526853,-0.017754880961600383,-0.06214208336560145,0.04326643428000598,273,312.0,pass,2026-09-30T22:36:58+00:00,sgo_slate_alt_20260930T223657Z.json
LAK@COL,Nathan MacKinnon,COL,f1,PP1,PTS,under,1.5,draftkings,-135,False,1.5196028966735975,1.5830798226764629,0.5512859779367066,0.5304140208628743,20.211023366508,2590.8675,,"draftkings@1.5,sgo_fair@1.5",1.0522575427430254,0.574468085106383,0.5387628036924073,-0.035705281413975776,-0.062153638016920754,0.02087195707383238,-117,-106.0,pass,2026-09-30T22:36:58+00:00,sgo_slate_alt_20260930T223657Z.json
LAK@COL,Gabriel Landeskog,COL,f2,PP1,A,under,0.5,draftkings,-240,False,0.4004674707998486,0.4207377284050162,0.6700067642183204,0.6565622764653257,16.206805555555555,984.8166666666667,,"draftkings@0.5,pinnacle@0.5,sgo_fair@0.5",1.1071951647367635,0.7058823529411765,0.6619400715665236,-0.04394228137465295,-0.06225156528075826,0.013444487752994672,-196,-175.0,pass,2026-09-30T22:36:58+00:00,sgo_slate_alt_20260930T223657Z.json
LAK@COL,Adrian Kempe,LAK,f1,PP1,A,under,0.5,draftkings,-210,False,0.44450749898127423,0.4599614329420163,0.6411399603721373,0.6313079927293838,18.629540939406837,2261.9791666666665,,"draftkings@0.5,pinnacle@0.5,sgo_fair@0.5",1.1071951647367635,0.6774193548387096,0.6352407797864852,-0.04217857505222444,-0.06226361079137899,0.009831967642753514,-174,-157.0,pass,2026-09-30T22:36:58+00:00,sgo_slate_alt_20260930T223657Z.json
PIT@PHI,Rickard Rakell,PIT,f1,PP1,A,over,0.5,draftkings,170,False,0.4265617120513454,0.4265617120513454,0.34725041818313945,0.34725041818313945,18.540236737515123,1840.311666666667,,"draftkings@0.5,pinnacle@0.5,sgo_fair@0.5",1.1071951647367635,0.37037037037037035,0.34725041818313945,-0.023119952187230897,-0.06242387090552337,0.0,188,210.0,pass,2026-09-30T22:36:58+00:00,sgo_slate_alt_20260930T223657Z.json
LAK@COL,Nazem Kadri,COL,f2,PP2,G,under,0.5,fanduel,-400,False,0.27713479548256775,0.29535032327389954,0.7579523216753059,0.7442708064041714,17.56882499268364,2179.7783333333336,,"fanduel@0.5,pinnacle@0.5,sgo_fair@0.5",1.0771563327510214,0.8,0.7497434125126252,-0.050256587487374826,-0.06282073435921842,0.013681515271134481,-300,-263.0,pass,2026-09-30T22:36:58+00:00,sgo_slate_alt_20260930T223657Z.json
PIT@PHI,Matvei Michkov,PHI,f3,PP1,G,over,0.5,fanduel,270,False,0.29876842054062097,0.28763189616763707,0.25826884075175816,0.249962366842754,14.45386396011396,1802.7041666666667,,"fanduel@0.5,pinnacle@0.5,sgo_fair@0.5",1.0771563327510214,0.2702702702702703,0.2532849564063557,-0.01698531386391461,-0.06284566129648395,0.008306473909004158,295,338.0,pass,2026-09-30T22:36:58+00:00,sgo_slate_alt_20260930T223657Z.json
LAK@COL,Nathan MacKinnon,COL,f1,PP1,A,over,0.5,draftkings,-185,False,0.99383951889195,0.9013066718911821,0.6298472493306999,0.5939612464699415,20.211023366508,2590.8675,,"draftkings@0.5,pinnacle@0.5,sgo_fair@0.5",1.1071951647367635,0.6491228070175439,0.6083156476142448,-0.04080715940329904,-0.06286508340508223,0.03588600286075838,-155,-140.0,pass,2026-09-30T22:36:58+00:00,sgo_slate_alt_20260930T223657Z.json
NYI@TOR,John Tavares,TOR,f2,PP1,A,over,0.5,fanduel,144,False,0.5073825394916294,0.4697257191879558,0.3979305889013537,0.3748262820760266,17.08891862955032,2122.2625,,"draftkings@0.5,pinnacle@0.5,sgo_fair@0.5",1.1071951647367635,0.4098360655737705,0.38406800480615744,-0.025768060767613066,-0.06287406827297592,0.023104306825327103,160,178.0,pass,2026-09-30T22:36:58+00:00,sgo_slate_alt_20260930T223657Z.json
LAK@COL,Erik Haula,LAK,f3,PP2,G,over,1.5,fanduel,6500,False,0.17008963789768675,0.18434380217472968,0.012925023533137672,0.015040676305871695,14.81408969210174,1807.1625,,sgo_fair@0.5,1.0771563327510214,0.015151515151515152,0.014194415196778085,-0.0009570999547370666,-0.06316859701264632,-0.0021156527727340235,6945,,pass,2026-09-30T22:36:58+00:00,sgo_slate_alt_20260930T223657Z.json
PIT@PHI,Rickard Rakell,PIT,f1,PP1,A,under,0.5,draftkings,-230,False,0.4265617120513454,0.4265617120513454,0.6527495818168605,0.6527495818168605,18.540236737515123,1840.311666666667,,"draftkings@0.5,pinnacle@0.5,sgo_fair@0.5",1.1071951647367635,0.696969696969697,0.6527495818168605,-0.044220115152836525,-0.0634462521758089,0.0,-188,-169.0,pass,2026-09-30T22:36:58+00:00,sgo_slate_alt_20260930T223657Z.json
PIT@PHI,Porter Martone,PHI,f1,PP1,G,over,1.5,fanduel,1400,True,0.4345745028893148,0.38156886790124445,0.07105543283915236,0.05667947389381043,17.520370370370372,153.36666666666667,,"fanduel@0.5,pinnacle@0.5,sgo_fair@0.5",1.0771563327510214,0.06666666666666667,0.06242985747194721,-0.004236809194719457,-0.06355213792079184,0.014375958945341931,1502,2572.0,pass,2026-09-30T22:36:58+00:00,sgo_slate_alt_20260930T223657Z.json
LAK@COL,Jaden Schwartz,COL,f3,PP2,PTS,over,0.5,draftkings,135,False,0.5235724166590551,0.4982585502393144,0.40759953796962056,0.392412177384286,15.187584345479083,1458.8583333333333,,"draftkings@0.5,sgo_fair@0.5",1.0522575427430254,0.425531914893617,0.3984871216184198,-0.02704479327519721,-0.06355526419671342,0.015187360585334542,151,168.0,pass,2026-09-30T22:36:58+00:00,sgo_slate_alt_20260930T223657Z.json
NYI@TOR,Kyle Palmieri,NYI,f1,PP1,PTS,over,0.5,draftkings,-105,False,0.6837556664820772,0.6321730011671364,0.49528212363647445,0.4685642650769178,18.330910070005388,1155.1666666666667,,"draftkings@0.5,sgo_fair@0.5",1.0522575427430254,0.5121951219512195,0.47925140850074044,-0.032943713450479084,-0.0643186786414115,0.026717858559556662,109,120.0,pass,2026-09-30T22:36:58+00:00,sgo_slate_alt_20260930T223657Z.json
LAK@COL,Brent Burns,COL,d3,-,PTS,under,0.5,draftkings,-295,False,0.36482575573475323,0.3544379222030298,0.6943176212022344,0.7015676680149514,18.010786375105127,2321.115,,"draftkings@0.5,sgo_fair@0.5",1.0522575427430254,0.7468354430379747,0.6986676492898646,-0.04816779374811009,-0.06449585942543556,-0.007250046812717015,-232,-206.0,pass,2026-09-30T22:36:58+00:00,sgo_slate_alt_20260930T223657Z.json
LAK@COL,Devon Toews,COL,d1,PP2,A,under,0.5,draftkings,-260,False,0.3867162483666512,0.39604515586776046,0.679283815475107,0.6729763064221603,22.805984996738424,2362.0433333333335,,"draftkings@0.5,sgo_fair@0.5",1.1071951647367635,0.7222222222222222,0.675499310043339,-0.04672291217888325,-0.06469326301691536,0.006307509052946636,-208,-186.0,pass,2026-09-30T22:36:58+00:00,sgo_slate_alt_20260930T223657Z.json
PIT@PHI,Noah Cates,PHI,f3,PP2,PTS,under,0.5,draftkings,-165,False,0.5376569265875358,0.5429166182587905,0.5841152752022966,0.5810510743940897,14.816801878736124,1889.2450000000001,,"draftkings@0.5,sgo_fair@0.5",1.0522575427430254,0.6226415094339622,0.5822767547173724,-0.040364754716589846,-0.06482824242361407,0.003064200808206907,-139,-126.0,pass,2026-09-30T22:36:58+00:00,sgo_slate_alt_20260930T223657Z.json
LAK@COL,Quinton Byfield,LAK,f1,PP1,SOG,over,0.5,fanduel,-2000,True,2.136336181942233,2.459191254511227,0.8699437578803042,0.9029367932206175,18.790998989461528,2260.741666666667,,"draftkings@2.5,fanduel@2.5,pinnacle@2.5,sgo_fair@2.5",1.0501033526938741,0.9523809523809523,0.8897395790844922,-0.06264137329646013,-0.06577344196128321,-0.03299303534031328,-807,-639.0,pass,2026-09-30T22:36:58+00:00,sgo_slate_alt_20260930T223657Z.json
PIT@PHI,Owen Tippett,PHI,f1,PP2,SOG,over,3.5,draftkings,225,True,2.827459759703457,2.5992621420479396,0.31613050316795405,0.26827539309147225,17.293983282893787,1918.3983333333333,,"draftkings@2.5,fanduel@2.5,pinnacle@2.5,sgo_fair@2.5",1.0501033526938741,0.3076923076923077,0.28741743712206497,-0.020274870570242742,-0.06589332935328884,0.0478551100764818,248,281.0,pass,2026-09-30T22:36:58+00:00,sgo_slate_alt_20260930T223657Z.json
PIT@PHI,Matvei Michkov,PHI,f3,PP1,G,under,0.5,fanduel,-400,False,0.29876842054062097,0.28763189616763707,0.7417311592482418,0.750037633157246,14.45386396011396,1802.7041666666667,,"fanduel@0.5,pinnacle@0.5,sgo_fair@0.5",1.0771563327510214,0.8,0.7467150435936443,-0.05328495640635578,-0.06660619550794467,-0.008306473909004186,-295,-259.0,pass,2026-09-30T22:36:58+00:00,sgo_slate_alt_20260930T223657Z.json
PIT@PHI,Trevor Zegras,PHI,f1,PP1,A,over,0.5,fanduel,116,False,0.5547940439068091,0.5731381109931108,0.42580949294712944,0.4362464612331004,18.15746991717456,1953.2883333333334,,"draftkings@0.5,pinnacle@0.5,sgo_fair@0.5",1.1071951647367635,0.46296296296296297,0.43207167391871204,-0.030891289044250925,-0.06672518433558194,-0.01043696828597096,131,146.0,pass,2026-09-30T22:36:58+00:00,sgo_slate_alt_20260930T223657Z.json
NYI@TOR,Matthew Schaefer,NYI,d1,PP1,SOG,over,2.5,fanduel,-138,False,2.80586538638041,2.9625838107769127,0.520565162984662,0.5547570799580054,23.59136178861789,2023.9833333333333,,"draftkings@2.5,fanduel@2.5,pinnacle@2.5,sgo_fair@3.5",1.0501033526938741,0.5798319327731093,0.5410803131686681,-0.03875161960444118,-0.06683250337577518,-0.03419191697334334,-118,-107.0,pass,2026-09-30T22:36:58+00:00,sgo_slate_alt_20260930T223657Z.json
LAK@COL,Nathan MacKinnon,COL,f1,PP1,PTS,over,0.5,draftkings,-550,True,1.5196028966735975,1.5830798226764629,0.7812012445832162,0.7946582927068492,20.211023366508,2590.8675,,"draftkings@1.5,sgo_fair@1.5",1.0522575427430254,0.8461538461538461,0.7892754734573959,-0.05687837269645024,-0.06721989500489567,-0.01345704812363302,-375,-324.0,pass,2026-09-30T22:36:58+00:00,sgo_slate_alt_20260930T223657Z.json
LAK@COL,Quinton Byfield,LAK,f1,PP1,G,under,0.5,fanduel,-400,False,0.2867180497220376,0.2968870187880598,0.7507233656617565,0.743127967117547,18.790998989461528,2260.741666666667,,"fanduel@0.5,pinnacle@0.5,sgo_fair@0.5",1.0771563327510214,0.8,0.7461661265352308,-0.0538338734647692,-0.06729234183096144,0.007595398544209431,-294,-259.0,pass,2026-09-30T22:36:58+00:00,sgo_slate_alt_20260930T223657Z.json
LAK@COL,Brock Nelson,COL,f2,PP2,G,over,1.5,fanduel,2000,True,0.3325289209388758,0.3323539802851173,0.0444329450003621,0.044391236130394335,17.712678062678066,2272.766666666667,,"fanduel@0.5,pinnacle@0.5,sgo_fair@0.5",1.0771563327510214,0.047619047619047616,0.04440791967838144,-0.003211127940666178,-0.06743368675398975,4.1708869967765905e-05,2152,5053.0,pass,2026-09-30T22:36:58+00:00,sgo_slate_alt_20260930T223657Z.json
PIT@PHI,Egor Chinakhov,PIT,f2,PP1,PTS,under,0.5,draftkings,-135,False,0.6218130795687508,0.6258494232686037,0.5369699851725769,0.5348069580530403,14.739930555555556,970.55,,"draftkings@0.5,sgo_fair@0.5",1.0522575427430254,0.574468085106383,0.535672168900855,-0.038795916205528025,-0.06753363191332651,0.0021630271195365314,-115,-104.0,pass,2026-09-30T22:36:58+00:00,sgo_slate_alt_20260930T223657Z.json
LAK@COL,Martin Necas,COL,f1,PP1,PTS,over,1.5,fanduel,176,False,1.2331426725326338,1.1800566391379415,0.3493170718501137,0.3301528864841863,19.35776089828269,2352.2475,,"draftkings@0.5,sgo_fair@1.5",1.0522575427430254,0.36231884057971014,0.33781856063055726,-0.02450027994915288,-0.06762077265966204,0.0191641853659274,196,220.0,pass,2026-09-30T22:36:58+00:00,sgo_slate_alt_20260930T223657Z.json
PIT@PHI,Porter Martone,PHI,f1,PP1,PTS,over,1.5,draftkings,380,True,0.9050391231091117,0.7424955546482034,0.22936203228551835,0.17070326296432417,17.520370370370372,153.36666666666667,,"draftkings@0.5,sgo_fair@0.5",1.0522575427430254,0.20833333333333334,0.19416677069280186,-0.014166562640531483,-0.06799950067455107,0.05865876932119418,415,491.0,pass,2026-09-30T22:36:58+00:00,sgo_slate_alt_20260930T223657Z.json
NYI@TOR,Auston Matthews,TOR,f1,PP1,SOG,over,4.5,fanduel,198,True,3.747951156478456,3.6315658225880103,0.32529872834658935,0.30435962391274635,19.35674712013165,1888.035,,"draftkings@3.5,fanduel@3.5,pinnacle@3.5,sgo_fair@3.5",1.0501033526938741,0.33557046979865773,0.3127352656862835,-0.02283520411237422,-0.06804890825487508,0.020939104433843003,220,248.0,pass,2026-09-30T22:36:58+00:00,sgo_slate_alt_20260930T223657Z.json
LAK@COL,Artemi Panarin,LAK,f1,PP1,SOG,over,4.5,draftkings,600,True,2.72189031401514,2.5141733595633653,0.15104177739614014,0.12114624066668062,19.238125,2334.2925,,"draftkings@2.5,fanduel@2.5,pinnacle@2.5,sgo_fair@2.5",1.0501033526938741,0.14285714285714285,0.13310445535846444,-0.009752687498678414,-0.0682688124907489,0.02989553672945952,651,825.0,pass,2026-09-30T22:36:58+00:00,sgo_slate_alt_20260930T223657Z.json
PIT@PHI,Trevor Zegras,PHI,f1,PP1,G,over,1.5,fanduel,2200,True,0.33590746598790644,0.30169034472120393,0.04524131400852263,0.03731272440125949,18.15746991717456,1953.2883333333334,,"fanduel@0.5,pinnacle@0.5,sgo_fair@0.5",1.0771563327510214,0.043478260869565216,0.04048416024416475,-0.002994100625400467,-0.06886431438421081,0.007928589607263142,2370,6358.0,pass,2026-09-30T22:36:58+00:00,sgo_slate_alt_20260930T223657Z.json
LAK@COL,Gabriel Landeskog,COL,f2,PP1,PTS,under,0.5,draftkings,-120,False,0.6405775066921884,0.7031032069981124,0.5269879970521966,0.49504668536199037,16.206805555555555,984.8166666666667,,"draftkings@0.5,sgo_fair@0.5",1.0522575427430254,0.5454545454545454,0.5078232100380728,-0.03763133541647257,-0.06899078159686634,0.0319413116902062,-103,107.0,pass,2026-09-30T22:36:58+00:00,sgo_slate_alt_20260930T223657Z.json
PIT@PHI,Owen Tippett,PHI,f1,PP2,A,under,0.5,draftkings,-310,False,0.34439271044946834,0.3559394581117646,0.7086505789104204,0.7005150294540927,17.293983282893787,1918.3983333333333,,"draftkings@0.5,pinnacle@0.5,sgo_fair@0.5",1.1071951647367635,0.7560975609756098,0.7037692492366238,-0.052328311738986,-0.06920841229994923,0.008135549456327662,-238,-211.0,pass,2026-09-30T22:36:58+00:00,sgo_slate_alt_20260930T223657Z.json
NYI@TOR,Matthew Schaefer,NYI,d1,PP1,PTS,over,0.5,draftkings,-130,False,0.7293928430008494,0.7581825529216658,0.5177983266501571,0.5314828411628216,23.59136178861789,2023.9833333333333,,"draftkings@0.5,sgo_fair@0.5",1.0522575427430254,0.5652173913043478,0.5260090353577558,-0.039208355946592,-0.06936862975166291,-0.013684514512664503,-111,-100.0,pass,2026-09-30T22:36:58+00:00,sgo_slate_alt_20260930T223657Z.json
NYI@TOR,Kyle Palmieri,NYI,f1,PP1,A,under,0.5,draftkings,-260,False,0.41327104276877474,0.38701440949050836,0.6614829683527605,0.6790813096404509,18.330910070005388,1155.1666666666667,,"draftkings@0.5,pinnacle@0.5,sgo_fair@0.5",1.1071951647367635,0.7222222222222222,0.6720419731253747,-0.050180249096847485,-0.06948034490332733,-0.017598341287690333,-205,-183.0,pass,2026-09-30T22:36:58+00:00,sgo_slate_alt_20260930T223657Z.json
LAK@COL,Nazem Kadri,COL,f2,PP2,SOG,over,4.5,draftkings,650,True,2.727911457110763,2.396569607305325,0.15194717120513648,0.10547925060167236,17.56882499268364,2179.7783333333336,,"draftkings@2.5,fanduel@2.5,pinnacle@2.5,sgo_fair@2.5",1.0501033526938741,0.13333333333333333,0.12406641884305802,-0.009266914490275308,-0.06950185867706482,0.04646792060346412,706,909.0,pass,2026-09-30T22:36:58+00:00,sgo_slate_alt_20260930T223657Z.json
NYI@TOR,Brayden Schenn,NYI,f2,PP1,SOG,over,2.5,draftkings,235,True,1.7670895145495848,1.863460286238935,0.2627675719865363,0.2877207908911641,16.50940975192472,1989.5,,"draftkings@1.5,fanduel@1.5,pinnacle@1.5,sgo_fair@2.0",1.0501033526938741,0.29850746268656714,0.27773950332931296,-0.020767959357254173,-0.0695726638468015,-0.024953218904627816,260,296.0,pass,2026-09-30T22:36:58+00:00,sgo_slate_alt_20260930T223657Z.json
PIT@PHI,Porter Martone,PHI,f1,PP1,A,over,1.5,fanduel,1000,True,0.5579302430860641,0.4264977984175514,0.10825233216304522,0.06879464380407267,17.520370370370372,153.36666666666667,,"draftkings@0.5,pinnacle@0.5,sgo_fair@0.5",1.1071951647367635,0.09090909090909091,0.08457771914766168,-0.0063313717614292275,-0.06964508937572145,0.03945768835897255,1082,1578.0,pass,2026-09-30T22:36:58+00:00,sgo_slate_alt_20260930T223657Z.json
NYI@TOR,Bo Horvat,NYI,f1,PP1,A,over,0.5,fanduel,164,False,0.4071176283010176,0.45302388727144366,0.33443410368878135,0.36429705176383587,19.278630126057124,2147.2058333333334,,"draftkings@0.5,pinnacle@0.5,sgo_fair@0.5",1.1071951647367635,0.3787878787878788,0.35235187253381406,-0.026436006254064726,-0.06979105651073103,-0.02986294807505452,184,205.0,pass,2026-09-30T22:36:58+00:00,sgo_slate_alt_20260930T223657Z.json
PIT@PHI,Erik Karlsson,PIT,d1,PP1,SOG,over,1.5,fanduel,-230,True,2.2661791992622393,2.2776169614419457,0.6467820581245382,0.6493516703925797,22.990095323205242,2627.4333333333334,,"draftkings@2.5,fanduel@2.5,pinnacle@2.5,sgo_fair@2.5",1.0501033526938741,0.696969696969697,0.648323825485363,-0.04864587148433397,-0.06979625039056614,-0.0025696122680415323,-184,-165.0,pass,2026-09-30T22:36:58+00:00,sgo_slate_alt_20260930T223657Z.json
LAK@COL,Adrian Kempe,LAK,f1,PP1,A,over,0.5,draftkings,155,False,0.44450749898127423,0.4599614329420163,0.35886003962786267,0.36869200727061624,18.629540939406837,2261.9791666666665,,"draftkings@0.5,pinnacle@0.5,sgo_fair@0.5",1.1071951647367635,0.39215686274509803,0.3647592202135148,-0.02739764253158322,-0.06986398845553732,-0.00983196764275357,174,194.0,pass,2026-09-30T22:36:58+00:00,sgo_slate_alt_20260930T223657Z.json
NYI@TOR,Jack Roslovic,TOR,f1,PP2,SOG,over,2.5,draftkings,190,True,2.2021131931100992,1.8506993587213365,0.3751676577583849,0.2844102532879372,16.5629364333803,1610.1491666666666,,"draftkings@1.5,sgo_fair@1.5",1.0501033526938741,0.3448275862068966,0.3207132150761163,-0.0241143711307803,-0.06993167627926278,0.09075740447044772,212,238.0,pass,2026-09-30T22:36:58+00:00,sgo_slate_alt_20260930T223657Z.json
LAK@COL,Gabriel Landeskog,COL,f2,PP1,A,over,0.5,draftkings,175,False,0.4004674707998486,0.4207377284050162,0.3299932357816796,0.3434377235346743,16.206805555555555,984.8166666666667,,"draftkings@0.5,pinnacle@0.5,sgo_fair@0.5",1.1071951647367635,0.36363636363636365,0.33805992843347643,-0.025576435202887216,-0.07033519680793976,-0.013444487752994672,196,219.0,pass,2026-09-30T22:36:58+00:00,sgo_slate_alt_20260930T223657Z.json
PIT@PHI,Erik Karlsson,PIT,d1,PP1,SOG,under,2.5,fanduel,-188,False,2.2661791992622393,2.2776169614419457,0.6085775703385781,0.6056910310775151,22.990095323205242,2627.4333333333334,,"draftkings@2.5,fanduel@2.5,pinnacle@2.5,sgo_fair@2.5",1.0501033526938741,0.6527777777777778,0.6068456467819403,-0.045932130995837483,-0.07036411556809141,0.0028865392610629703,-154,-139.0,pass,2026-09-30T22:36:58+00:00,sgo_slate_alt_20260930T223657Z.json
NYI@TOR,Matias Maccelli,NYI,f2,PP1,A,over,0.5,draftkings,190,False,0.3690145614073582,0.39823459801280947,0.3085846576034482,0.3284955244335326,15.174308093994778,1373.88,,"draftkings@0.5,pinnacle@0.5,sgo_fair@0.5",1.1071951647367635,0.3448275862068966,0.32053117770149886,-0.024296408505397715,-0.07045958466565339,-0.01991086683008436,212,238.0,pass,2026-09-30T22:36:58+00:00,sgo_slate_alt_20260930T223657Z.json
NYI@TOR,Auston Matthews,TOR,f1,PP1,PTS,over,1.5,draftkings,240,True,0.9429702200275875,1.0790770394883018,0.24327273656743043,0.2933027872070961,19.35674712013165,1888.035,,"draftkings@0.5,sgo_fair@1.0",1.0522575427430254,0.29411764705882354,0.2732907669512299,-0.02082688010759365,-0.07081139236581835,-0.0500300506396657,266,303.0,pass,2026-09-30T22:36:58+00:00,sgo_slate_alt_20260930T223657Z.json
NYI@TOR,Auston Matthews,TOR,f1,PP1,PTS,over,1.5,fanduel,240,True,0.9429702200275875,1.0790770394883018,0.24327273656743043,0.2933027872070961,19.35674712013165,1888.035,,"draftkings@0.5,sgo_fair@1.0",1.0522575427430254,0.29411764705882354,0.2732907669512299,-0.02082688010759365,-0.07081139236581835,-0.0500300506396657,266,303.0,pass,2026-09-30T22:36:58+00:00,sgo_slate_alt_20260930T223657Z.json
LAK@COL,Artemi Panarin,LAK,f1,PP1,G,under,0.5,fanduel,-340,False,0.3363055012761298,0.3282793923306908,0.7144048208901381,0.7201617839154597,19.238125,2334.2925,,"fanduel@0.5,pinnacle@0.5,sgo_fair@0.5",1.0771563327510214,0.7727272727272727,0.717858998705331,-0.05486827402194172,-0.07100600167545401,-0.005756963025321582,-254,-226.0,pass,2026-09-30T22:36:58+00:00,sgo_slate_alt_20260930T223657Z.json
PIT@PHI,Egor Chinakhov,PIT,f2,PP1,PTS,over,0.5,draftkings,100,False,0.6218130795687508,0.6258494232686037,0.4630300148274232,0.4651930419469597,14.739930555555556,970.55,,"draftkings@0.5,sgo_fair@0.5",1.0522575427430254,0.5,0.4643278310991451,-0.035672168900854895,-0.07134433780170979,-0.0021630271195365314,115,128.0,pass,2026-09-30T22:36:58+00:00,sgo_slate_alt_20260930T223657Z.json
LAK@COL,Cale Makar,COL,d1,PP1,SOG,over,3.5,draftkings,195,True,2.752612087547682,2.8657877502754565,0.30037453912825823,0.32420720483413606,23.81464714714715,2789.351666666667,,"draftkings@2.5,fanduel@2.5,pinnacle@2.5,sgo_fair@3.0",1.0501033526938741,0.3389830508474576,0.31467413855178494,-0.02430891229567267,-0.07171129127223441,-0.02383266570587783,218,245.0,pass,2026-09-30T22:36:58+00:00,sgo_slate_alt_20260930T223657Z.json
LAK@COL,Sam Malinski,COL,d2,-,A,under,0.5,draftkings,-350,False,0.3462907613937238,0.313018632411546,0.707306799694102,0.7312362877465001,18.56353628800918,1990.1658333333332,,"draftkings@0.5,sgo_fair@0.5",1.1071951647367635,0.7777777777777778,0.7216644925255409,-0.05611328525223691,-0.07214565246716187,-0.02392948805239803,-259,-230.0,pass,2026-09-30T22:36:58+00:00,sgo_slate_alt_20260930T223657Z.json
NYI@TOR,Auston Matthews,TOR,f1,PP1,SOG,under,3.5,fanduel,-122,False,3.747951156478456,3.6315658225880103,0.4962210776392255,0.5186536112871881,19.35674712013165,1888.035,,"draftkings@3.5,fanduel@3.5,pinnacle@3.5,sgo_fair@3.5",1.0501033526938741,0.5495495495495496,0.5096805978280031,-0.039868951721546475,-0.07254842034576481,-0.022432533647962605,-104,106.0,pass,2026-09-30T22:36:58+00:00,sgo_slate_alt_20260930T223657Z.json
NYI@TOR,Simon Holmstrom,NYI,f1,PP2,A,under,0.5,draftkings,-400,False,0.3293112785579411,0.2785520654241153,0.7194190421676405,0.7568788595051874,17.38473022912047,1890.7566666666667,,"draftkings@0.5,sgo_fair@0.5",1.1071951647367635,0.8,0.7418949325701687,-0.05810506742983135,-0.07263133428728907,-0.037459817337546886,-287,-253.0,pass,2026-09-30T22:36:58+00:00,sgo_slate_alt_20260930T223657Z.json
NYI@TOR,Brayden Schenn,NYI,f2,PP1,PTS,under,0.5,draftkings,-155,False,0.5652570308201775,0.5789217510635764,0.5682140794555665,0.5605024019754037,16.50940975192472,1989.5,,"draftkings@0.5,sgo_fair@0.5",1.0522575427430254,0.6078431372549019,0.5635870729674688,-0.04425606428743312,-0.07280836382771272,0.007711677480162771,-129,-117.0,pass,2026-09-30T22:36:58+00:00,sgo_slate_alt_20260930T223657Z.json
NYI@TOR,Bo Horvat,NYI,f1,PP1,SOG,over,2.5,fanduel,-198,True,3.303335038033972,3.2401812102375307,0.6231592981933753,0.6111099132832752,19.278630126057124,2147.2058333333334,,"draftkings@2.5,fanduel@3.5,pinnacle@3.5,sgo_fair@3.5",1.0501033526938741,0.6644295302013423,0.6159296672473153,-0.04849986295402697,-0.07299474323383848,0.012049384910100103,-160,-144.0,pass,2026-09-30T22:36:58+00:00,sgo_slate_alt_20260930T223657Z.json
LAK@COL,Jaden Schwartz,COL,f3,PP2,PTS,under,0.5,draftkings,-185,False,0.5235724166590551,0.4982585502393144,0.5924004620303794,0.607587822615714,15.187584345479083,1458.8583333333333,,"draftkings@0.5,sgo_fair@0.5",1.0522575427430254,0.6491228070175439,0.6015128783815802,-0.047609928635963694,-0.07334502519594399,-0.015187360585334542,-151,-136.0,pass,2026-09-30T22:36:58+00:00,sgo_slate_alt_20260930T223657Z.json
PIT@PHI,Sidney Crosby,PIT,f1,PP1,SOG,over,2.5,draftkings,125,False,2.410393750843344,2.304635616620503,0.42742256260541617,0.4011076011712981,18.813389423076924,2041.1850000000002,,"draftkings@2.5,fanduel@2.5,pinnacle@2.5,sgo_fair@2.5",1.0501033526938741,0.4444444444444444,0.41163358574494535,-0.03281085869949907,-0.07382443207387301,0.026314961434118045,143,159.0,pass,2026-09-30T22:36:58+00:00,sgo_slate_alt_20260930T223657Z.json
PIT@PHI,Egor Chinakhov,PIT,f2,PP1,G,under,0.5,fanduel,-440,False,0.2679721046043106,0.2909417145168537,0.7649291188056944,0.7475592486002978,14.739930555555556,970.55,,"fanduel@0.5,pinnacle@0.5,sgo_fair@0.5",1.0771563327510214,0.8148148148148148,0.7545071966824564,-0.06030761813235841,-0.07401389498062172,0.017369870205396598,-307,-270.0,pass,2026-09-30T22:36:58+00:00,sgo_slate_alt_20260930T223657Z.json
LAK@COL,Artemi Panarin,LAK,f1,PP1,A,under,0.5,draftkings,-140,False,0.6392316251641685,0.6009854740904411,0.5276977379693772,0.5482710628503344,19.238125,2334.2925,,"draftkings@0.5,pinnacle@0.5,sgo_fair@0.5",1.1071951647367635,0.5833333333333334,0.5400417328979517,-0.043291600435381716,-0.07421417217493997,-0.0205733248809572,-117,-106.0,pass,2026-09-30T22:36:58+00:00,sgo_slate_alt_20260930T223657Z.json
NYI@TOR,Matthew Schaefer,NYI,d1,PP1,PTS,under,0.5,draftkings,-105,False,0.7293928430008494,0.7581825529216658,0.4822016733498429,0.46851715883717837,23.59136178861789,2023.9833333333333,,"draftkings@0.5,sgo_fair@0.5",1.0522575427430254,0.5121951219512195,0.4739909646422442,-0.038204157308975306,-0.07458906903180895,0.013684514512664503,111,123.0,pass,2026-09-30T22:36:58+00:00,sgo_slate_alt_20260930T223657Z.json
PIT@PHI,Kris Letang,PIT,d2,PP2,PTS,under,0.5,draftkings,-275,False,0.3985201402974244,0.38050913040473805,0.6713127600171357,0.6835133231944055,21.127201770736253,2387.8975,,"draftkings@0.5,sgo_fair@0.5",1.0522575427430254,0.7333333333333333,0.6786330979234976,-0.05470023540983571,-0.07459123010432145,-0.012200563177269808,-211,-189.0,pass,2026-09-30T22:36:58+00:00,sgo_slate_alt_20260930T223657Z.json
PIT@PHI,Owen Tippett,PHI,f1,PP2,PTS,over,0.5,fanduel,-108,False,0.6772388182070787,0.6397969333756965,0.49198221298475087,0.4726004895919149,17.293983282893787,1918.3983333333333,,"draftkings@0.5,sgo_fair@0.5",1.0522575427430254,0.5192307692307693,0.48035317894904933,-0.03887759028171994,-0.07487535906109011,0.019381723392835948,108,120.0,pass,2026-09-30T22:36:58+00:00,sgo_slate_alt_20260930T223657Z.json
PIT@PHI,Rickard Rakell,PIT,f1,PP1,SOG,over,3.5,draftkings,275,True,2.5605191408268344,2.450920638608196,0.2602300887041115,0.23767860217935693,18.540236737515123,1840.311666666667,,"draftkings@2.5,fanduel@2.5,pinnacle@2.5,sgo_fair@2.5",1.0501033526938741,0.26666666666666666,0.24669919678925878,-0.019967469877407884,-0.07487801204027955,0.022551486524754583,305,351.0,pass,2026-09-30T22:36:58+00:00,sgo_slate_alt_20260930T223657Z.json
LAK@COL,Sam Malinski,COL,d2,-,PTS,under,0.5,draftkings,-265,False,0.42088870147558954,0.3831521371393304,0.6564631607245174,0.681709178112056,18.56353628800918,1990.1658333333332,,draftkings@0.5,1.0522575427430254,0.726027397260274,0.6716107711570405,-0.0544166261032335,-0.07495120199124616,-0.025246017387538622,-205,-183.0,pass,2026-09-30T22:36:58+00:00,sgo_slate_alt_20260930T223657Z.json
LAK@COL,Nathan MacKinnon,COL,f1,PP1,SOG,under,3.5,fanduel,114,False,3.993648508922653,4.170791595677488,0.45067881353406614,0.41950418721580374,20.211023366508,2590.8675,,"draftkings@3.5,fanduel@3.5,pinnacle@3.5,sgo_fair@4.0",1.0501033526938741,0.4672897196261682,0.43197403774310866,-0.03531568188305956,-0.07557555922974757,0.0311746263182624,131,146.0,pass,2026-09-30T22:36:58+00:00,sgo_slate_alt_20260930T223657Z.json
PIT@PHI,Erik Karlsson,PIT,d1,PP1,SOG,over,2.5,draftkings,135,False,2.2661791992622393,2.2776169614419457,0.39142242966142193,0.3943089689224849,22.990095323205242,2627.4333333333334,,"draftkings@2.5,fanduel@2.5,pinnacle@2.5,sgo_fair@2.5",1.0501033526938741,0.425531914893617,0.3931543532180597,-0.03237756167555733,-0.07608726993755965,-0.0028865392610629703,154,172.0,pass,2026-09-30T22:36:58+00:00,sgo_slate_alt_20260930T223657Z.json
LAK@COL,Mats Zuccarello,LAK,f2,PP1,G,under,0.5,fanduel,-600,False,0.24392964454363672,0.22628059135017028,0.7835427588320604,0.7974943002663093,17.496636128076993,1710.3441666666665,,"fanduel@0.5,pinnacle@0.5,sgo_fair@0.5",1.0771563327510214,0.8571428571428571,0.7919136836926097,-0.06522917345024737,-0.07610070235862187,-0.013951541434248926,-381,-329.0,pass,2026-09-30T22:36:58+00:00,sgo_slate_alt_20260930T223657Z.json
LAK@COL,Alex Laferriere,LAK,f2,PP2,G,under,0.5,fanduel,-550,False,0.25136151535019524,0.24288078149148337,0.7777411553638919,0.7843650190253681,16.89103086155165,2074.2774999999997,,"fanduel@0.5,pinnacle@0.5,sgo_fair@0.5",1.0771563327510214,0.8461538461538461,0.7817154735607776,-0.0644383725930685,-0.07615444033726271,-0.00662386366147627,-358,-311.0,pass,2026-09-30T22:36:58+00:00,sgo_slate_alt_20260930T223657Z.json
LAK@COL,Brock Nelson,COL,f2,PP2,PTS,over,1.5,fanduel,520,True,0.7262917908087153,0.6490266478146395,0.16499382282758512,0.1382942676481051,17.712678062678066,2272.766666666667,,"draftkings@0.5,sgo_fair@0.5",1.0522575427430254,0.16129032258064516,0.14897408971989712,-0.012316232860748039,-0.07636064373663787,0.026699555179480028,571,707.0,pass,2026-09-30T22:36:58+00:00,sgo_slate_alt_20260930T223657Z.json
NYI@TOR,Auston Matthews,TOR,f1,PP1,G,under,0.5,fanduel,-200,False,0.5072125721037434,0.47032366712659995,0.6021717519608349,0.624800008328622,19.35674712013165,1888.035,,"fanduel@0.5,pinnacle@0.5,sgo_fair@0.5",1.0771563327510214,0.6666666666666666,0.6157487057815072,-0.05091796088515943,-0.0763769413277392,-0.022628256367787092,-160,-144.0,pass,2026-09-30T22:36:58+00:00,sgo_slate_alt_20260930T223657Z.json
LAK@COL,Nathan MacKinnon,COL,f1,PP1,PTS,over,0.5,fanduel,-590,True,1.5196028966735975,1.5830798226764629,0.7812012445832162,0.7946582927068492,20.211023366508,2590.8675,,"draftkings@1.5,sgo_fair@1.5",1.0522575427430254,0.855072463768116,0.7892754734573959,-0.06579699031072006,-0.07694902256677427,-0.01345704812363302,-375,-324.0,pass,2026-09-30T22:36:58+00:00,sgo_slate_alt_20260930T223657Z.json
PIT@PHI,Trevor Zegras,PHI,f1,PP1,A,under,0.5,draftkings,-160,False,0.5547940439068091,0.5731381109931108,0.5741905070528706,0.5637535387668996,18.15746991717456,1953.2883333333334,,"draftkings@0.5,pinnacle@0.5,sgo_fair@0.5",1.1071951647367635,0.6153846153846154,0.567928326081288,-0.04745628930332746,-0.07711647011790701,0.01043696828597096,-131,-119.0,pass,2026-09-30T22:36:58+00:00,sgo_slate_alt_20260930T223657Z.json
NYI@TOR,Auston Matthews,TOR,f1,PP1,SOG,over,4.5,draftkings,195,True,3.747951156478456,3.6315658225880103,0.32529872834658935,0.30435962391274635,19.35674712013165,1888.035,,"draftkings@3.5,fanduel@3.5,pinnacle@3.5,sgo_fair@3.5",1.0501033526938741,0.3389830508474576,0.3127352656862835,-0.026247785161174098,-0.07743096622546353,0.020939104433843003,220,248.0,pass,2026-09-30T22:36:58+00:00,sgo_slate_alt_20260930T223657Z.json
LAK@COL,Nathan MacKinnon,COL,f1,PP1,PTS,over,1.5,draftkings,100,False,1.5196028966735975,1.5830798226764629,0.44871402206329336,0.46958597913712574,20.211023366508,2590.8675,,"draftkings@1.5,sgo_fair@1.5",1.0522575427430254,0.5,0.46123719630759275,-0.038762803692407255,-0.07752560738481451,-0.02087195707383238,117,129.0,pass,2026-09-30T22:36:58+00:00,sgo_slate_alt_20260930T223657Z.json
LAK@COL,Martin Necas,COL,f1,PP1,SOG,over,1.5,fanduel,-405,True,2.558919995970061,2.8628088231689897,0.7076178990667576,0.7606511639250932,19.35776089828269,2352.2475,,"draftkings@2.5,fanduel@2.5,pinnacle@2.5,sgo_fair@3.5",1.0501033526938741,0.801980198019802,0.739437857981759,-0.06254234003804304,-0.07798489313385604,-0.053033264858335594,-284,-250.0,pass,2026-09-30T22:36:58+00:00,sgo_slate_alt_20260930T223657Z.json
LAK@COL,Brandt Clarke,LAK,d2,PP1,SOG,under,1.5,fanduel,112,False,1.9078415762796752,1.9525538685278772,0.44210531267545994,0.43011167634198555,19.37295046968403,2195.145,,"draftkings@1.5,fanduel@1.5,pinnacle@1.5,sgo_fair@1.5",1.0501033526938741,0.4716981132075472,0.4349091308753753,-0.03678898233217187,-0.07799264254420435,0.011993636333474389,130,144.0,pass,2026-09-30T22:36:58+00:00,sgo_slate_alt_20260930T223657Z.json
LAK@COL,Martin Necas,COL,f1,PP1,G,over,0.5,fanduel,175,False,0.38568310029235686,0.4236935642977052,0.32001402110209876,0.345375548520021,19.35776089828269,2352.2475,,"fanduel@0.5,pinnacle@0.5,sgo_fair@0.5",1.0771563327510214,0.36363636363636365,0.3352309375528521,-0.028405426083511542,-0.07811492172965673,-0.025361527417922247,198,222.0,pass,2026-09-30T22:36:58+00:00,sgo_slate_alt_20260930T223657Z.json
NYI@TOR,Tony DeAngelo,NYI,d3,PP2,A,over,0.5,draftkings,195,False,0.38097893981066094,0.3705187563143608,0.31680772237288624,0.3096238992331721,18.18105358764759,1822.3483333333331,,"draftkings@0.5,sgo_fair@0.5",1.1071951647367635,0.3389830508474576,0.3124974284890577,-0.026485622358399907,-0.07813258595727968,0.007183823139714163,220,248.0,pass,2026-09-30T22:36:58+00:00,sgo_slate_alt_20260930T223657Z.json
LAK@COL,Nathan MacKinnon,COL,f1,PP1,G,over,0.5,fanduel,120,False,0.5049114759395055,0.5691816642462283,0.3964409974441332,0.43401158220397085,20.211023366508,2590.8675,,"fanduel@0.5,pinnacle@0.5,sgo_fair@0.5",1.0771563327510214,0.45454545454545453,0.4189833483000358,-0.03556210624541872,-0.07823663373992118,-0.037570584759837655,139,154.0,pass,2026-09-30T22:36:58+00:00,sgo_slate_alt_20260930T223657Z.json
NYI@TOR,Bo Horvat,NYI,f1,PP1,G,under,0.5,fanduel,-260,False,0.4133900090335741,0.4027431987249163,0.6614042788755767,0.6684837447612608,19.278630126057124,2147.2058333333334,,"fanduel@0.5,pinnacle@0.5,sgo_fair@0.5",1.0771563327510214,0.7222222222222222,0.6656519584069872,-0.056570263815235,-0.07832805759032546,-0.007079465885684089,-199,-178.0,pass,2026-09-30T22:36:58+00:00,sgo_slate_alt_20260930T223657Z.json
NYI@TOR,Bo Horvat,NYI,f1,PP1,SOG,over,3.5,fanduel,126,False,3.303335038033972,3.2401812102375307,0.4155815927485274,0.40258126003102684,19.278630126057124,2147.2058333333334,,"draftkings@2.5,fanduel@3.5,pinnacle@3.5,sgo_fair@3.5",1.0501033526938741,0.4424778761061947,0.4077813931180271,-0.03469648298816763,-0.07841405155325887,0.013000332717500562,145,161.0,pass,2026-09-30T22:36:58+00:00,sgo_slate_alt_20260930T223657Z.json
PIT@PHI,Sidney Crosby,PIT,f1,PP1,PTS,over,1.5,draftkings,255,True,1.0432652354126144,0.9500691472649602,0.280152648723648,0.24588040928974758,18.813389423076924,2041.1850000000002,,"draftkings@0.5,sgo_fair@0.5",1.0522575427430254,0.28169014084507044,0.25958930506330774,-0.022100835781762695,-0.07845796702525754,0.0342722394339004,285,326.0,pass,2026-09-30T22:36:58+00:00,sgo_slate_alt_20260930T223657Z.json
PIT@PHI,Egor Chinakhov,PIT,f2,PP1,SOG,over,1.5,draftkings,-225,True,2.0500395791824326,2.355775421334414,0.5951382329765187,0.6664824975927892,14.739930555555556,970.55,,"draftkings@2.5,sgo_fair@2.5",1.0501033526938741,0.6923076923076923,0.637944791746281,-0.05436290056141124,-0.07852418969981623,-0.07134426461627053,-176,-158.0,pass,2026-09-30T22:36:58+00:00,sgo_slate_alt_20260930T223657Z.json
NYI@TOR,Kyle Palmieri,NYI,f1,PP1,PTS,under,0.5,draftkings,-130,False,0.6837556664820772,0.6321730011671364,0.5047178763635256,0.5314357349230823,18.330910070005388,1155.1666666666667,,"draftkings@0.5,sgo_fair@0.5",1.0522575427430254,0.5652173913043478,0.5207485914992596,-0.04446879980508822,-0.07867556888592542,-0.026717858559556662,-109,102.0,pass,2026-09-30T22:36:58+00:00,sgo_slate_alt_20260930T223657Z.json
PIT@PHI,Sidney Crosby,PIT,f1,PP1,A,over,0.5,fanduel,-108,False,0.6754651254167962,0.6346763334665567,0.4910803459174675,0.46989296153895677,18.813389423076924,2041.1850000000002,,"draftkings@0.5,pinnacle@0.5,sgo_fair@0.5",1.1071951647367635,0.5192307692307693,0.4783679152903611,-0.04086285394040817,-0.07869882981115639,0.021187384378510754,109,121.0,pass,2026-09-30T22:36:58+00:00,sgo_slate_alt_20260930T223657Z.json
NYI@TOR,Matthew Schaefer,NYI,d1,PP1,SOG,over,3.5,fanduel,178,True,2.80586538638041,2.9625838107769127,0.311581695985445,0.3445983949472918,23.59136178861789,2023.9833333333333,,"draftkings@2.5,fanduel@2.5,pinnacle@2.5,sgo_fair@3.5",1.0501033526938741,0.3597122302158273,0.3313917153625531,-0.028320514853274248,-0.07873103129210235,-0.03301669896184678,202,226.0,pass,2026-09-30T22:36:58+00:00,sgo_slate_alt_20260930T223657Z.json
NYI@TOR,Auston Matthews,TOR,f1,PP1,A,over,0.5,fanduel,126,False,0.5242782744502915,0.5230237493858793,0.40801754090860587,0.4072744180403137,19.35674712013165,1888.035,,"draftkings@0.5,pinnacle@0.5,sgo_fair@0.5",1.1071951647367635,0.4424778761061947,0.4075716671876306,-0.03490620891856411,-0.07888803215595497,0.0007431228682921454,145,161.0,pass,2026-09-30T22:36:58+00:00,sgo_slate_alt_20260930T223657Z.json
NYI@TOR,Emil Heineman,NYI,f3,-,SOG,over,1.5,draftkings,-135,False,1.811984674360151,1.7984105319380814,0.5313064067631873,0.5274450144174753,14.394946163178647,1680.3591666666666,,"draftkings@1.5,sgo_fair@1.5",1.0501033526938741,0.574468085106383,0.5289895713557601,-0.04547851375062295,-0.07916630171404726,0.0038613923457120336,-112,-102.0,pass,2026-09-30T22:36:58+00:00,sgo_slate_alt_20260930T223657Z.json
NYI@TOR,Kyle Palmieri,NYI,f1,PP1,SOG,under,2.5,fanduel,-146,False,2.5776900322916916,2.4784594877157526,0.5320695506823085,0.555918935700803,18.330910070005388,1155.1666666666667,,"draftkings@2.5,fanduel@2.5,pinnacle@2.5,sgo_fair@2.5",1.0501033526938741,0.5934959349593496,0.5463791816934052,-0.047116753265944444,-0.07938850207823511,-0.02384938501849443,-120,-109.0,pass,2026-09-30T22:36:58+00:00,sgo_slate_alt_20260930T223657Z.json
PIT@PHI,Matvei Michkov,PHI,f3,PP1,A,under,0.5,draftkings,-235,False,0.45354272946887914,0.42689679511275885,0.635373204271524,0.6525308931301324,14.45386396011396,1802.7041666666667,,"draftkings@0.5,sgo_fair@0.5",1.1071951647367635,0.7014925373134329,0.645667817586689,-0.055824719726743854,-0.07957991961046462,-0.017157688858608355,-182,-164.0,pass,2026-09-30T22:36:58+00:00,sgo_slate_alt_20260930T223657Z.json
NYI@TOR,Auston Matthews,TOR,f1,PP1,SOG,over,5.5,fanduel,410,True,3.747951156478456,3.6315658225880103,0.19021327268855598,0.17397991230246307,19.35674712013165,1888.035,,"draftkings@3.5,fanduel@3.5,pinnacle@3.5,sgo_fair@3.5",1.0501033526938741,0.19607843137254902,0.18047325645690024,-0.015605174915648778,-0.07958639206980889,0.01623336038609291,454,543.0,pass,2026-09-30T22:36:58+00:00,sgo_slate_alt_20260930T223657Z.json
PIT@PHI,Christian Dvorak,PHI,f2,-,A,under,0.5,draftkings,-330,False,0.3675437227524122,0.3347681670994287,0.6924330510679251,0.7155039444809508,16.72216638152267,2039.2425,,"draftkings@0.5,sgo_fair@0.5",1.1071951647367635,0.7674418604651163,0.7062755871157405,-0.061166273349375855,-0.07970150769767159,-0.023070893413025706,-240,-214.0,pass,2026-09-30T22:36:58+00:00,sgo_slate_alt_20260930T223657Z.json
LAK@COL,Gabriel Landeskog,COL,f2,PP1,PTS,over,0.5,draftkings,-115,False,0.6405775066921884,0.7031032069981124,0.47301200294780343,0.5049533146380096,16.206805555555555,984.8166666666667,,"draftkings@0.5,sgo_fair@0.5",1.0522575427430254,0.5348837209302325,0.49217678996192715,-0.04270693096830536,-0.07984339267987539,-0.0319413116902062,103,114.0,pass,2026-09-30T22:36:58+00:00,sgo_slate_alt_20260930T223657Z.json
PIT@PHI,Erik Karlsson,PIT,d1,PP1,A,under,0.5,draftkings,-145,False,0.6395447635083603,0.5871137016705406,0.5275325214426405,0.555929549845632,22.990095323205242,2627.4333333333334,,"draftkings@0.5,pinnacle@0.5,sgo_fair@0.5",1.1071951647367635,0.5918367346938775,0.5445707384844354,-0.04726599620944216,-0.0798632349745747,-0.02839702840299152,-120,-108.0,pass,2026-09-30T22:36:58+00:00,sgo_slate_alt_20260930T223657Z.json
LAK@COL,Artemi Panarin,LAK,f1,PP1,A,over,0.5,fanduel,100,False,0.6392316251641685,0.6009854740904411,0.4723022620306228,0.4517289371496655,19.238125,2334.2925,,"draftkings@0.5,pinnacle@0.5,sgo_fair@0.5",1.1071951647367635,0.5,0.45995826710204846,-0.04004173289795154,-0.08008346579590309,0.02057332488095731,117,130.0,pass,2026-09-30T22:36:58+00:00,sgo_slate_alt_20260930T223657Z.json
PIT@PHI,Tyson Foerster,PHI,f2,PP1,PTS,under,0.5,draftkings,-140,False,0.6271172701215075,0.6197100441035225,0.5341293343866478,0.5381004403722021,16.527680162974278,1116.2733333333333,,"draftkings@0.5,sgo_fair@0.5",1.0522575427430254,0.5833333333333334,0.5365119979779803,-0.046821335355353044,-0.08026514632346227,-0.00397110598555428,-116,-105.0,pass,2026-09-30T22:36:58+00:00,sgo_slate_alt_20260930T223657Z.json
LAK@COL,Nazem Kadri,COL,f2,PP2,SOG,over,5.5,draftkings,1600,True,2.727911457110763,2.396569607305325,0.0698154958081108,0.04362555896173432,17.56882499268364,2179.7783333333336,,"draftkings@2.5,fanduel@2.5,pinnacle@2.5,sgo_fair@2.5",1.0501033526938741,0.058823529411764705,0.054101533700284914,-0.004721995711479791,-0.08027392709515646,0.026189936846376487,1748,3336.0,pass,2026-09-30T22:36:58+00:00,sgo_slate_alt_20260930T223657Z.json
PIT@PHI,Egor Chinakhov,PIT,f2,PP1,A,over,0.5,draftkings,210,False,0.3339941306573285,0.3634530917664229,0.28394201499543875,0.3047286595983241,14.739930555555556,970.55,,"draftkings@0.5,sgo_fair@0.5",1.1071951647367635,0.3225806451612903,0.29641400175717,-0.026166643404120338,-0.08111659455277309,-0.020786644602885374,237,268.0,pass,2026-09-30T22:36:58+00:00,sgo_slate_alt_20260930T223657Z.json
PIT@PHI,Evgeni Malkin,PIT,f2,PP2,G,over,0.5,fanduel,270,False,0.27756680877330775,0.29069464615343205,0.24237505308119037,0.25225603034116484,16.83075923787529,1529.4875,,"fanduel@0.5,pinnacle@0.5,sgo_fair@0.5",1.0771563327510214,0.2702702702702703,0.24830363943717504,-0.021966630833095246,-0.08127653408245228,-0.009880977259974472,303,348.0,pass,2026-09-30T22:36:58+00:00,sgo_slate_alt_20260930T223657Z.json
LAK@COL,Artemi Panarin,LAK,f1,PP1,SOG,under,2.5,fanduel,-135,False,2.72189031401514,2.5141733595633653,0.4984278892941634,0.5472735076833568,19.238125,2334.2925,,"draftkings@2.5,fanduel@2.5,pinnacle@2.5,sgo_fair@2.5",1.0501033526938741,0.574468085106383,0.5277352603276795,-0.04673282477870355,-0.08134973202218765,-0.048845618389193435,-112,-101.0,pass,2026-09-30T22:36:58+00:00,sgo_slate_alt_20260930T223657Z.json
PIT@PHI,Travis Konecny,PHI,f2,PP2,G,over,0.5,fanduel,220,False,0.3266812083333245,0.34572544981169895,0.27868634484005206,0.29229323853912786,17.79007170032192,2230.1783333333337,,"fanduel@0.5,pinnacle@0.5,sgo_fair@0.5",1.0771563327510214,0.3125,0.2868504810594975,-0.02564951894050249,-0.08207846060960788,-0.013606893699075806,249,282.0,pass,2026-09-30T22:36:58+00:00,sgo_slate_alt_20260930T223657Z.json
NYI@TOR,William Nylander,TOR,f2,PP1,SOG,under,2.5,fanduel,-113,False,2.628376809170463,2.8720520934455664,0.5201018248507288,0.4647915630094763,17.72223436993845,2000.8358333333333,,"draftkings@2.5,fanduel@2.5,pinnacle@2.5,sgo_fair@3.0",1.0501033526938741,0.5305164319248826,0.4869156677459773,-0.04360076417890535,-0.08218551123988349,0.05531026184125243,105,116.0,pass,2026-09-30T22:36:58+00:00,sgo_slate_alt_20260930T223657Z.json
PIT@PHI,Kris Letang,PIT,d2,PP2,A,under,0.5,draftkings,-400,False,0.35503209216261106,0.28014249987833884,0.7011509413974824,0.7556760500377067,21.127201770736253,2387.8975,,"draftkings@0.5,sgo_fair@0.5",1.1071951647367635,0.8,0.7338660065816169,-0.06613399341838311,-0.08266749177297883,-0.05452510864022431,-276,-243.0,pass,2026-09-30T22:36:58+00:00,sgo_slate_alt_20260930T223657Z.json
PIT@PHI,Owen Tippett,PHI,f1,PP2,G,under,0.5,fanduel,-360,False,0.3701415527648481,0.30677742215604453,0.6906365622029367,0.735814358655655,17.293983282893787,1918.3983333333333,,"fanduel@0.5,pinnacle@0.5,sgo_fair@0.5",1.0771563327510214,0.782608695652174,0.7177432400745677,-0.06486545557760626,-0.08288363768249696,-0.045177796452718355,-254,-225.0,pass,2026-09-30T22:36:58+00:00,sgo_slate_alt_20260930T223657Z.json
NYI@TOR,Darren Raddysh,TOR,d1,PP1,SOG,under,2.5,fanduel,-130,False,2.70841230957326,2.5881644153857963,0.5015183283408016,0.5295841634306824,21.772137732023086,2248.5808333333334,,"draftkings@2.5,fanduel@2.5,pinnacle@2.5,sgo_fair@2.5",1.0501033526938741,0.5652173913043478,0.5183578293947301,-0.04685956190961771,-0.08290537876316995,-0.02806583508988081,-108,103.0,pass,2026-09-30T22:36:58+00:00,sgo_slate_alt_20260930T223657Z.json
NYI@TOR,Darren Raddysh,TOR,d1,PP1,SOG,under,2.5,draftkings,-130,False,2.70841230957326,2.5881644153857963,0.5015183283408016,0.5295841634306824,21.772137732023086,2248.5808333333334,,"draftkings@2.5,fanduel@2.5,pinnacle@2.5,sgo_fair@2.5",1.0501033526938741,0.5652173913043478,0.5183578293947301,-0.04685956190961771,-0.08290537876316995,-0.02806583508988081,-108,103.0,pass,2026-09-30T22:36:58+00:00,sgo_slate_alt_20260930T223657Z.json
NYI@TOR,Auston Matthews,TOR,f1,PP1,A,over,0.5,draftkings,125,False,0.5242782744502915,0.5230237493858793,0.40801754090860587,0.4072744180403137,19.35674712013165,1888.035,,"draftkings@0.5,pinnacle@0.5,sgo_fair@0.5",1.1071951647367635,0.4444444444444444,0.4075716671876306,-0.036872777256813816,-0.0829637488278312,0.0007431228682921454,145,161.0,pass,2026-09-30T22:36:58+00:00,sgo_slate_alt_20260930T223657Z.json
LAK@COL,Brent Burns,COL,d3,-,A,over,0.5,draftkings,270,False,0.26970417299542127,0.2948259921501797,0.23639464398763607,0.25533884692104253,18.010786375105127,2321.115,,"draftkings@0.5,sgo_fair@0.5",1.1071951647367635,0.2702702702702703,0.24776116574767992,-0.022509104522590362,-0.08328368673358422,-0.018944202933406457,304,349.0,pass,2026-09-30T22:36:58+00:00,sgo_slate_alt_20260930T223657Z.json
PIT@PHI,Sidney Crosby,PIT,f1,PP1,G,under,0.5,fanduel,-310,False,0.36742926664316317,0.36615368388862374,0.6925123087965448,0.6933962291919051,18.813389423076924,2041.1850000000002,,"fanduel@0.5,pinnacle@0.5,sgo_fair@0.5",1.0771563327510214,0.7560975609756098,0.693042661033761,-0.06305489994184876,-0.08339519024567099,-0.0008839203953603381,-226,-201.0,pass,2026-09-30T22:36:58+00:00,sgo_slate_alt_20260930T223657Z.json
LAK@COL,Brock Nelson,COL,f2,PP2,G,under,0.5,fanduel,-360,False,0.3325289209388758,0.3323539802851173,0.7171079291294951,0.7172333914333413,17.712678062678066,2272.766666666667,,"fanduel@0.5,pinnacle@0.5,sgo_fair@0.5",1.0771563327510214,0.782608695652174,0.7171832065118028,-0.06542548914037116,-0.0835992361238076,-0.00012546230384624657,-254,-225.0,pass,2026-09-30T22:36:58+00:00,sgo_slate_alt_20260930T223657Z.json
PIT@PHI,Porter Martone,PHI,f1,PP1,G,under,0.5,fanduel,-270,False,0.4345745028893148,0.38156886790124445,0.6475401349249554,0.6827893621685306,17.520370370370372,153.36666666666667,,"fanduel@0.5,pinnacle@0.5,sgo_fair@0.5",1.0771563327510214,0.7297297297297297,0.6686896712711006,-0.06104005845862914,-0.08364748751738083,-0.035249227243575154,-202,-181.0,pass,2026-09-30T22:36:58+00:00,sgo_slate_alt_20260930T223657Z.json
NYI@TOR,William Nylander,TOR,f2,PP1,PTS,over,2.5,draftkings,850,True,1.0828565192980069,1.0851222219713565,0.09615562333297308,0.09660587183312708,17.72223436993845,2000.8358333333333,,"draftkings@0.5,sgo_fair@1.0",1.0522575427430254,0.10526315789473684,0.09642577243306547,-0.008837385461671371,-0.08395516188587804,-0.00045024850015400186,937,1300.0,pass,2026-09-30T22:36:58+00:00,sgo_slate_alt_20260930T223657Z.json
PIT@PHI,Travis Konecny,PHI,f2,PP2,G,over,1.5,fanduel,1900,True,0.3266812083333245,0.34572544981169895,0.04304672838507319,0.047621000098287194,17.79007170032192,2230.1783333333337,,"fanduel@0.5,pinnacle@0.5,sgo_fair@0.5",1.0771563327510214,0.05,0.04579129141300159,-0.004208708586998414,-0.08417417173996822,-0.0045742717132140065,2084,4710.0,pass,2026-09-30T22:36:58+00:00,sgo_slate_alt_20260930T223657Z.json
NYI@TOR,John Tavares,TOR,f2,PP1,SOG,under,2.5,draftkings,-180,False,2.493402450010554,2.2489417721844474,0.5522933953879401,0.6129369295037538,17.08891862955032,2122.2625,,"draftkings@2.5,fanduel@2.5,pinnacle@2.5,sgo_fair@2.5",1.0501033526938741,0.6428571428571429,0.5886795158574283,-0.05417762699971462,-0.08427630866622271,-0.06064353411581369,-143,-129.0,pass,2026-09-30T22:36:58+00:00,sgo_slate_alt_20260930T223657Z.json
PIT@PHI,Trevor Zegras,PHI,f1,PP1,SOG,over,3.5,draftkings,500,True,2.177320181188752,1.8958702366359619,0.18336718083157327,0.13206304077715672,18.15746991717456,1953.2883333333334,,"draftkings@1.5,fanduel@1.5,pinnacle@1.5,sgo_fair@1.5",1.0501033526938741,0.16666666666666666,0.15258469679892334,-0.014081969867743321,-0.08449181920645998,0.05130414005441655,555,684.0,pass,2026-09-30T22:36:58+00:00,sgo_slate_alt_20260930T223657Z.json
NYI@TOR,William Nylander,TOR,f2,PP1,A,under,0.5,draftkings,-150,False,0.6387828662426337,0.5737120145598846,0.527934600180205,0.5634300914228897,17.72223436993845,2000.8358333333333,,"draftkings@0.5,pinnacle@0.5,sgo_fair@0.5",1.1071951647367635,0.6,0.5492318949258158,-0.05076810507418417,-0.08461350845697369,-0.035495491242684696,-122,-110.0,pass,2026-09-30T22:36:58+00:00,sgo_slate_alt_20260930T223657Z.json
LAK@COL,Cale Makar,COL,d1,PP1,PTS,over,1.5,fanduel,200,True,1.1180078523889414,1.1067963259298566,0.3075587608694404,0.30345847026442024,23.81464714714715,2789.351666666667,,"draftkings@0.5,sgo_fair@1.5",1.0522575427430254,0.3333333333333333,0.3050985865064283,-0.02823474682690502,-0.08470424048071512,0.0041002906050201515,228,257.0,pass,2026-09-30T22:36:58+00:00,sgo_slate_alt_20260930T223657Z.json
LAK@COL,Brock Nelson,COL,f2,PP2,SOG,under,1.5,fanduel,142,False,2.17344461842204,2.149457824821926,0.3746522200982543,0.3803722378769956,17.712678062678066,2272.766666666667,,"draftkings@1.5,fanduel@1.5,pinnacle@2.5,sgo_fair@2.0",1.0501033526938741,0.4132231404958678,0.3780842307654991,-0.035138909730368706,-0.08503616154749227,-0.005720017778741315,164,183.0,pass,2026-09-30T22:36:58+00:00,sgo_slate_alt_20260930T223657Z.json
LAK@COL,Nazem Kadri,COL,f2,PP2,A,under,0.5,draftkings,-300,False,0.424219638097303,0.34620596964444167,0.6542801612764474,0.7073667760176401,17.56882499268364,2179.7783333333336,,"draftkings@0.5,pinnacle@0.5,sgo_fair@0.5",1.1071951647367635,0.75,0.686132130121163,-0.06386786987883697,-0.08515715983844929,-0.053086614741192695,-219,-195.0,pass,2026-09-30T22:36:58+00:00,sgo_slate_alt_20260930T223657Z.json
PIT@PHI,Christian Dvorak,PHI,f2,-,PTS,under,0.5,draftkings,-185,False,0.5487328642621591,0.5033453036426875,0.5776813474846827,0.6045050205653906,16.72216638152267,2039.2425,,"draftkings@0.5,sgo_fair@0.5",1.0522575427430254,0.6491228070175439,0.5937755513331074,-0.055347255684436436,-0.08526469118953717,-0.026823673080707877,-146,-132.0,pass,2026-09-30T22:36:58+00:00,sgo_slate_alt_20260930T223657Z.json
PIT@PHI,Jamie Drysdale,PHI,d2,PP1,SOG,over,1.5,draftkings,120,False,1.309195387341232,1.522209345285188,0.373266042650507,0.44381968306801095,20.541472602739724,2308.5825,,"draftkings@1.5,sgo_fair@1.5",1.0501033526938741,0.45454545454545453,0.4155982269010094,-0.03894722764444514,-0.08568390081777921,-0.07055364041750395,141,156.0,pass,2026-09-30T22:36:58+00:00,sgo_slate_alt_20260930T223657Z.json
LAK@COL,Cale Makar,COL,d1,PP1,SOG,over,4.5,draftkings,450,True,2.752612087547682,2.8657877502754565,0.15568269081088476,0.17321650450185017,23.81464714714715,2789.351666666667,,"draftkings@2.5,fanduel@2.5,pinnacle@2.5,sgo_fair@3.0",1.0501033526938741,0.18181818181818182,0.166202979025464,-0.01561520279271783,-0.08588361535994804,-0.017533813690965405,502,608.0,pass,2026-09-30T22:36:58+00:00,sgo_slate_alt_20260930T223657Z.json
LAK@COL,Artturi Lehkonen,COL,f1,PP2,PTS,over,1.5,draftkings,550,True,0.6833273466654184,0.6373224397634297,0.1500306155911402,0.13433751870059815,18.532657100445324,1926.55,,"draftkings@0.5,sgo_fair@0.5",1.0522575427430254,0.15384615384615385,0.14061475745681495,-0.0132313963893389,-0.08600407653070286,0.015693096890542046,611,765.0,pass,2026-09-30T22:36:58+00:00,sgo_slate_alt_20260930T223657Z.json
LAK@COL,Adrian Kempe,LAK,f1,PP1,SOG,under,2.5,fanduel,-110,False,2.726805296151498,2.864901153745354,0.49730376291502243,0.4663595047521064,18.629540939406837,2261.9791666666665,,"draftkings@2.5,fanduel@2.5,pinnacle@2.5,sgo_fair@3.0",1.0501033526938741,0.5238095238095238,0.4787372080172728,-0.045072315792251016,-0.08604714833066096,0.030944258162916016,109,120.0,pass,2026-09-30T22:36:58+00:00,sgo_slate_alt_20260930T223657Z.json
PIT@PHI,Tommy Novak,PIT,f2,PP1,SOG,over,1.5,draftkings,-135,False,1.7375467524096142,1.8243634150962074,0.5098396438257546,0.5348069786599223,15.020621668234558,1492.5841666666668,,"draftkings@1.5,sgo_fair@1.5",1.0501033526938741,0.574468085106383,0.5248200447262552,-0.04964804038012782,-0.08642436658762986,-0.024967334834167687,-110,100.0,pass,2026-09-30T22:36:58+00:00,sgo_slate_alt_20260930T223657Z.json
NYI@TOR,Kyle Palmieri,NYI,f1,PP1,SOG,over,4.5,draftkings,650,True,2.5776900322916916,2.4784594877157526,0.12999993400753934,0.11628654432547235,18.330910070005388,1155.1666666666667,,"draftkings@2.5,fanduel@2.5,pinnacle@2.5,sgo_fair@2.5",1.0501033526938741,0.13333333333333333,0.12177190019829914,-0.011561433135034188,-0.0867107485127564,0.013713389682066993,721,933.0,pass,2026-09-30T22:36:58+00:00,sgo_slate_alt_20260930T223657Z.json
LAK@COL,Adrian Kempe,LAK,f1,PP1,PTS,over,0.5,fanduel,-146,False,0.8204001639115107,0.7550745441844584,0.5597445550889091,0.5300244205215705,18.629540939406837,2261.9791666666665,,"draftkings@0.5,sgo_fair@0.5",1.0522575427430254,0.5934959349593496,0.541912474348506,-0.05158346061084362,-0.08691459801553103,0.029720134567338574,-118,-107.0,pass,2026-09-30T22:36:58+00:00,sgo_slate_alt_20260930T223657Z.json
NYI@TOR,Matthew Schaefer,NYI,d1,PP1,PTS,over,0.5,fanduel,-136,False,0.7293928430008494,0.7581825529216658,0.5177983266501571,0.5314828411628216,23.59136178861789,2023.9833333333333,,"draftkings@0.5,sgo_fair@0.5",1.0522575427430254,0.576271186440678,0.5260090353577558,-0.0502621510829222,-0.08721961511448262,-0.013684514512664503,-111,-100.0,pass,2026-09-30T22:36:58+00:00,sgo_slate_alt_20260930T223657Z.json
LAK@COL,Nathan MacKinnon,COL,f1,PP1,SOG,over,3.5,draftkings,-165,False,3.993648508922653,4.170791595677488,0.5493211864659339,0.5804958127841963,20.211023366508,2590.8675,,"draftkings@3.5,fanduel@3.5,pinnacle@3.5,sgo_fair@4.0",1.0501033526938741,0.6226415094339622,0.5680259622568913,-0.054615547177070956,-0.08771587879953835,-0.0311746263182624,-131,-119.0,pass,2026-09-30T22:36:58+00:00,sgo_slate_alt_20260930T223657Z.json
PIT@PHI,Trevor Zegras,PHI,f1,PP1,G,under,0.5,fanduel,-400,False,0.33590746598790644,0.30169034472120393,0.7146892358187633,0.7395670402740283,18.15746991717456,1953.2883333333334,,"fanduel@0.5,pinnacle@0.5,sgo_fair@0.5",1.0771563327510214,0.8,0.7296159184919223,-0.07038408150807773,-0.08798010188509708,-0.024877804455264996,-270,-239.0,pass,2026-09-30T22:36:58+00:00,sgo_slate_alt_20260930T223657Z.json
LAK@COL,Mats Zuccarello,LAK,f2,PP1,SOG,over,1.5,draftkings,-170,False,1.981372983240766,1.9604317896902295,0.5774810552142645,0.571974567983786,17.496636128076993,1710.3441666666665,,"draftkings@1.5,fanduel@1.5,pinnacle@1.5,sgo_fair@2.5",1.0501033526938741,0.6296296296296297,0.5741771628759773,-0.05545246675365234,-0.088071564844036,0.0055064872304785295,-135,-122.0,pass,2026-09-30T22:36:58+00:00,sgo_slate_alt_20260930T223657Z.json
LAK@COL,Martin Necas,COL,f1,PP1,A,over,0.5,fanduel,-136,False,0.8191240998030153,0.6990938970844605,0.559182402321885,0.5029645349015739,19.35776089828269,2352.2475,,"draftkings@0.5,pinnacle@0.5,sgo_fair@0.5",1.1071951647367635,0.576271186440678,0.5254516818696984,-0.05081950457097961,-0.08818678734375873,0.056217867420311096,-111,-100.0,pass,2026-09-30T22:36:58+00:00,sgo_slate_alt_20260930T223657Z.json
PIT@PHI,Owen Tippett,PHI,f1,PP2,PTS,over,1.5,draftkings,550,True,0.6772388182070787,0.6397969333756965,0.14793284727836803,0.13517190016897832,17.293983282893787,1918.3983333333333,,"draftkings@0.5,sgo_fair@0.5",1.0522575427430254,0.15384615384615385,0.1402762790127342,-0.013569874833419648,-0.0882041864172276,0.012760947109389714,613,767.0,pass,2026-09-30T22:36:58+00:00,sgo_slate_alt_20260930T223657Z.json
PIT@PHI,Travis Konecny,PHI,f2,PP2,A,over,1.5,draftkings,850,True,0.5646692267244804,0.4871917652414096,0.11041016478827861,0.08634491268121582,17.79007170032192,2230.1783333333337,,"draftkings@0.5,pinnacle@0.5,sgo_fair@0.5",1.1071951647367635,0.10526315789473684,0.09597101352404094,-0.009292144370695893,-0.08827537152161102,0.0240652521070628,942,1309.0,pass,2026-09-30T22:36:58+00:00,sgo_slate_alt_20260930T223657Z.json
LAK@COL,Jaden Schwartz,COL,f3,PP2,A,over,0.5,draftkings,245,False,0.2936912251849561,0.3156401432710267,0.25449335041421906,0.2706781456722921,15.187584345479083,1458.8583333333333,,"draftkings@0.5,sgo_fair@0.5",1.1071951647367635,0.2898550724637681,0.26420422756906287,-0.02565084489470526,-0.08849541488673307,-0.016184795258073037,278,318.0,pass,2026-09-30T22:36:58+00:00,sgo_slate_alt_20260930T223657Z.json
NYI@TOR,John Tavares,TOR,f2,PP1,G,under,0.5,fanduel,-290,False,0.436741374092731,0.35904791366302025,0.6461385179636673,0.6983408904798638,17.08891862955032,2122.2625,,"fanduel@0.5,pinnacle@0.5,sgo_fair@0.5",1.0771563327510214,0.7435897435897436,0.6774599414733853,-0.06612980211635833,-0.08893318215648183,-0.05220237251619653,-210,-188.0,pass,2026-09-30T22:36:58+00:00,sgo_slate_alt_20260930T223657Z.json
NYI@TOR,Darren Raddysh,TOR,d1,PP1,SOG,over,3.5,draftkings,230,True,2.70841230957326,2.5881644153857963,0.29109031759459875,0.26596752966897524,21.772137732023086,2248.5808333333334,,"draftkings@2.5,fanduel@2.5,pinnacle@2.5,sgo_fair@2.5",1.0501033526938741,0.30303030303030304,0.2760166448392246,-0.027013658191078427,-0.08914507203055888,0.025122787925623502,262,298.0,pass,2026-09-30T22:36:58+00:00,sgo_slate_alt_20260930T223657Z.json
LAK@COL,Devon Toews,COL,d1,PP2,PTS,over,0.5,draftkings,145,False,0.4451691990260668,0.47814507236613296,0.359284141638725,0.38006774458100173,22.805984996738424,2362.0433333333335,,"draftkings@0.5,sgo_fair@0.5",1.0522575427430254,0.40816326530612246,0.37175430340409105,-0.03640896190203141,-0.08920195665997688,-0.020783602942276713,169,188.0,pass,2026-09-30T22:36:58+00:00,sgo_slate_alt_20260930T223657Z.json
LAK@COL,Artturi Lehkonen,COL,f1,PP2,A,under,0.5,draftkings,-310,False,0.3736608919810011,0.37315235413157505,0.6882102498778324,0.6885603198426276,18.532657100445324,1926.55,,"draftkings@0.5,pinnacle@0.5,sgo_fair@0.5",1.1071951647367635,0.7560975609756098,0.6884202918567095,-0.06767726911890026,-0.08950864625402943,-0.0003500699647951411,-221,-197.0,pass,2026-09-30T22:36:58+00:00,sgo_slate_alt_20260930T223657Z.json
NYI@TOR,Matthew Schaefer,NYI,d1,PP1,A,over,0.5,draftkings,120,False,0.4782224275125335,0.5731626010488077,0.3801156976766449,0.4362602674196061,23.59136178861789,2023.9833333333333,,"draftkings@0.5,pinnacle@0.5,sgo_fair@0.5",1.1071951647367635,0.45454545454545453,0.4138024395224216,-0.04074301502303296,-0.08963463305067243,-0.056144569742961226,142,157.0,pass,2026-09-30T22:36:58+00:00,sgo_slate_alt_20260930T223657Z.json
NYI@TOR,William Nylander,TOR,f2,PP1,SOG,under,2.5,draftkings,-115,False,2.628376809170463,2.8720520934455664,0.5201018248507288,0.4647915630094763,17.72223436993845,2000.8358333333333,,"draftkings@2.5,fanduel@2.5,pinnacle@2.5,sgo_fair@3.0",1.0501033526938741,0.5348837209302325,0.4869156677459773,-0.04796805318425523,-0.08967940377925998,0.05531026184125243,105,116.0,pass,2026-09-30T22:36:58+00:00,sgo_slate_alt_20260930T223657Z.json
LAK@COL,Alex Laferriere,LAK,f2,PP2,SOG,over,2.5,draftkings,120,False,2.3058104448806325,2.388241175899168,0.40140256368949745,0.4219521263726731,16.89103086155165,2074.2774999999997,,"draftkings@2.5,sgo_fair@2.5",1.0501033526938741,0.45454545454545453,0.4137323012994028,-0.040813153246051725,-0.08978893714131375,-0.02054956268317565,142,157.0,pass,2026-09-30T22:36:58+00:00,sgo_slate_alt_20260930T223657Z.json
PIT@PHI,Matvei Michkov,PHI,f3,PP1,PTS,under,0.5,draftkings,-125,False,0.721297349233459,0.657706949255484,0.48612117774675034,0.5180378606915481,14.45386396011396,1802.7041666666667,,"draftkings@0.5,sgo_fair@0.5",1.0522575427430254,0.5555555555555556,0.505271187513629,-0.0502843680419266,-0.09051186247546783,-0.03191668294479777,-102,108.0,pass,2026-09-30T22:36:58+00:00,sgo_slate_alt_20260930T223657Z.json
LAK@COL,Cale Makar,COL,d1,PP1,SOG,under,2.5,draftkings,-110,False,2.752612087547682,2.8657877502754565,0.49142661821408695,0.46616491880275324,23.81464714714715,2789.351666666667,,"draftkings@2.5,fanduel@2.5,pinnacle@2.5,sgo_fair@3.0",1.0501033526938741,0.5238095238095238,0.47626959856728673,-0.0475399252422371,-0.09075803909881619,0.025261699411333716,110,122.0,pass,2026-09-30T22:36:58+00:00,sgo_slate_alt_20260930T223657Z.json
LAK@COL,Brock Nelson,COL,f2,PP2,A,under,0.5,draftkings,-320,False,0.3892929325236413,0.35331719189794064,0.6775357686790657,0.7023543769234795,17.712678062678066,2272.766666666667,,"draftkings@0.5,pinnacle@0.5,sgo_fair@0.5",1.1071951647367635,0.7619047619047619,0.692426933625714,-0.06947782827904792,-0.09118964961625042,-0.02481860824441373,-225,-201.0,pass,2026-09-30T22:36:58+00:00,sgo_slate_alt_20260930T223657Z.json
NYI@TOR,Morgan Rielly,TOR,d1,PP2,A,over,0.5,draftkings,180,False,0.38261141332537296,0.3989609914779199,0.3179221058233509,0.32898312378044664,21.86003738855335,2459.4066666666668,,"draftkings@0.5,sgo_fair@0.5",1.1071951647367635,0.35714285714285715,0.3245587165976084,-0.032584140545248774,-0.09123559352669663,-0.011061017957095742,208,234.0,pass,2026-09-30T22:36:58+00:00,sgo_slate_alt_20260930T223657Z.json
LAK@COL,Gabriel Landeskog,COL,f2,PP1,G,over,0.5,fanduel,250,False,0.27937990511905353,0.3149538076458562,0.24374745557895763,0.2701774142862132,16.206805555555555,984.8166666666667,,"fanduel@0.5,pinnacle@0.5,sgo_fair@0.5",1.0771563327510214,0.2857142857142857,0.259605430803311,-0.0261088549109747,-0.09138099218841145,-0.02642995870725559,285,326.0,pass,2026-09-30T22:36:58+00:00,sgo_slate_alt_20260930T223657Z.json
PIT@PHI,Tyson Foerster,PHI,f2,PP1,G,under,0.5,fanduel,-380,False,0.35201714673362056,0.31504121846183175,0.7032680631228141,0.7297587941141306,16.527680162974278,1116.2733333333333,,"fanduel@0.5,pinnacle@0.5,sgo_fair@0.5",1.0771563327510214,0.7916666666666666,0.719162501717604,-0.07250416494906264,-0.09158420835671077,-0.02649073099131649,-256,-227.0,pass,2026-09-30T22:36:58+00:00,sgo_slate_alt_20260930T223657Z.json
NYI@TOR,William Nylander,TOR,f2,PP1,G,under,0.5,fanduel,-260,False,0.42153320033849545,0.42175496539111074,0.6560402072750398,0.6558947366147063,17.72223436993845,2000.8358333333333,,"fanduel@0.5,pinnacle@0.5,sgo_fair@0.5",1.0771563327510214,0.7222222222222222,0.6559529248788396,-0.0662692973433826,-0.091757488629299,0.00014547066033343548,-191,-171.0,pass,2026-09-30T22:36:58+00:00,sgo_slate_alt_20260930T223657Z.json
PIT@PHI,Rickard Rakell,PIT,f1,PP1,SOG,under,2.5,draftkings,-155,False,2.5605191408268344,2.450920638608196,0.5361574738163617,0.5626308548641948,18.540236737515123,1840.311666666667,,"draftkings@2.5,fanduel@2.5,pinnacle@2.5,sgo_fair@2.5",1.0501033526938741,0.6078431372549019,0.5520415024450616,-0.05580163480984035,-0.09180268952586657,-0.026473381047833144,-123,-111.0,pass,2026-09-30T22:36:58+00:00,sgo_slate_alt_20260930T223657Z.json
PIT@PHI,Sidney Crosby,PIT,f1,PP1,SOG,under,2.5,fanduel,-184,False,2.410393750843344,2.304635616620503,0.5725774373945838,0.5988923988287018,18.813389423076924,2041.1850000000002,,"draftkings@2.5,fanduel@2.5,pinnacle@2.5,sgo_fair@2.5",1.0501033526938741,0.647887323943662,0.5883664142550546,-0.05952090968860735,-0.09186923017154613,-0.026314961434118045,-143,-129.0,pass,2026-09-30T22:36:58+00:00,sgo_slate_alt_20260930T223657Z.json
PIT@PHI,Travis Konecny,PHI,f2,PP2,SOG,over,2.5,draftkings,160,True,2.145959220793068,2.0711828002167736,0.3608126174047958,0.341570833091898,17.79007170032192,2230.1783333333337,,"draftkings@1.5,fanduel@1.5,pinnacle@1.5,sgo_fair@2.0",1.0501033526938741,0.38461538461538464,0.34926754681705713,-0.03534783779832751,-0.09190437827565145,0.019241784312897803,186,208.0,pass,2026-09-30T22:36:58+00:00,sgo_slate_alt_20260930T223657Z.json
PIT@PHI,Sidney Crosby,PIT,f1,PP1,A,under,0.5,draftkings,-135,False,0.6754651254167962,0.6346763334665567,0.5089196540825325,0.5301070384610432,18.813389423076924,2041.1850000000002,,"draftkings@0.5,pinnacle@0.5,sgo_fair@0.5",1.1071951647367635,0.574468085106383,0.521632084709639,-0.052836000396744076,-0.09197377846840626,-0.021187384378510754,-109,101.0,pass,2026-09-30T22:36:58+00:00,sgo_slate_alt_20260930T223657Z.json
LAK@COL,Adrian Kempe,LAK,f1,PP1,G,under,0.5,fanduel,-330,False,0.38480854968765804,0.34594718329018204,0.6805809211625723,0.7075498565750834,18.629540939406837,2261.9791666666665,,"fanduel@0.5,pinnacle@0.5,sgo_fair@0.5",1.0771563327510214,0.7674418604651163,0.696762282410079,-0.07067957805503733,-0.09209763201110921,-0.026968935412511108,-230,-205.0,pass,2026-09-30T22:36:58+00:00,sgo_slate_alt_20260930T223657Z.json
NYI@TOR,Matias Maccelli,NYI,f2,PP1,PTS,over,0.5,draftkings,105,False,0.5674252567275277,0.5968157684275347,0.4330166023522,0.4494380353201439,15.174308093994778,1373.88,,"draftkings@0.5,sgo_fair@0.5",1.0522575427430254,0.4878048780487805,0.44286946213296635,-0.044935415915814125,-0.09211760262741908,-0.016421432967943905,126,139.0,pass,2026-09-30T22:36:58+00:00,sgo_slate_alt_20260930T223657Z.json
NYI@TOR,John Tavares,TOR,f2,PP1,PTS,over,0.5,fanduel,-156,False,0.8849921821443814,0.7559350308330143,0.5872826001685196,0.5304286542890367,17.08891862955032,2122.2625,,"draftkings@0.5,sgo_fair@0.5",1.0522575427430254,0.609375,0.5531702326408299,-0.05620476735917013,-0.09223346438427926,0.05685394587948289,-124,-112.0,pass,2026-09-30T22:36:58+00:00,sgo_slate_alt_20260930T223657Z.json
LAK@COL,Brandt Clarke,LAK,d2,PP1,SOG,over,1.5,draftkings,-165,False,1.9078415762796752,1.9525538685278772,0.5578946873245401,0.5698883236580145,19.37295046968403,2195.145,,"draftkings@1.5,fanduel@1.5,pinnacle@1.5,sgo_fair@1.5",1.0501033526938741,0.6226415094339622,0.5650908691246247,-0.05755064030933754,-0.09242981625439073,-0.011993636333474389,-130,-117.0,pass,2026-09-30T22:36:58+00:00,sgo_slate_alt_20260930T223657Z.json
PIT@PHI,Evgeni Malkin,PIT,f2,PP2,PTS,under,0.5,draftkings,-105,False,0.8261412069438335,0.7296746466962777,0.4377351609083854,0.48206580628117124,16.83075923787529,1529.4875,,"draftkings@0.5,sgo_fair@0.5",1.0522575427430254,0.5121951219512195,0.4643335481320569,-0.04786157381916262,-0.09344402507550797,-0.04433064537278586,115,128.0,pass,2026-09-30T22:36:58+00:00,sgo_slate_alt_20260930T223657Z.json
PIT@PHI,Rickard Rakell,PIT,f1,PP1,PTS,under,0.5,draftkings,-105,False,0.8012222590421448,0.745662623153935,0.44878010322135764,0.4744198341984519,18.540236737515123,1840.311666666667,,"draftkings@0.5,sgo_fair@0.5",1.0522575427430254,0.5121951219512195,0.4641639418076142,-0.0480311801436053,-0.0937751612327532,-0.025639730977094266,115,128.0,pass,2026-09-30T22:36:58+00:00,sgo_slate_alt_20260930T223657Z.json
NYI@TOR,Brayden Schenn,NYI,f2,PP1,A,over,0.5,draftkings,210,False,0.34182191544844504,0.3483784157398837,0.28952528198464095,0.2941682721645256,16.50940975192472,1989.5,,"draftkings@0.5,pinnacle@0.5,sgo_fair@0.5",1.1071951647367635,0.3225806451612903,0.2923110760925718,-0.030269569068718527,-0.09383566411302746,-0.004642990179884676,242,274.0,pass,2026-09-30T22:36:58+00:00,sgo_slate_alt_20260930T223657Z.json
NYI@TOR,Brayden Schenn,NYI,f2,PP1,PTS,over,1.5,fanduel,700,True,0.5652570308201775,0.5789217510635764,0.11059891712115949,0.11501056599765504,16.50940975192472,1989.5,,"draftkings@0.5,sgo_fair@0.5",1.0522575427430254,0.125,0.11324590644705682,-0.011754093552943184,-0.09403274842354548,-0.004411648876495547,783,1033.0,pass,2026-09-30T22:36:58+00:00,sgo_slate_alt_20260930T223657Z.json
NYI@TOR,Tony DeAngelo,NYI,d3,PP2,PTS,over,0.5,draftkings,150,False,0.43141995852951276,0.46262024017083075,0.35041394571959394,0.370368304062765,18.18105358764759,1822.3483333333331,,"draftkings@0.5,sgo_fair@0.5",1.0522575427430254,0.4,0.3623865607254966,-0.037613439274503446,-0.09403359818625856,-0.019954358343171053,176,196.0,pass,2026-09-30T22:36:58+00:00,sgo_slate_alt_20260930T223657Z.json
LAK@COL,Artturi Lehkonen,COL,f1,PP2,G,under,0.5,fanduel,-400,False,0.35176295388569606,0.3032419220004773,0.7034468515570415,0.7384204346115144,18.532657100445324,1926.55,,"fanduel@0.5,pinnacle@0.5,sgo_fair@0.5",1.0771563327510214,0.8,0.7244310013897253,-0.07556899861027477,-0.09446124826284341,-0.034973583054472956,-263,-233.0,pass,2026-09-30T22:36:58+00:00,sgo_slate_alt_20260930T223657Z.json
NYI@TOR,Auston Matthews,TOR,f1,PP1,SOG,over,6.5,fanduel,850,True,3.747951156478456,3.6315658225880103,0.1017628342355982,0.09088927752855433,19.35674712013165,1888.035,,"draftkings@3.5,fanduel@3.5,pinnacle@3.5,sgo_fair@3.5",1.0501033526938741,0.10526315789473684,0.09523870021137187,-0.010024457683364962,-0.09523234799196723,0.010873556707043874,950,1324.0,pass,2026-09-30T22:36:58+00:00,sgo_slate_alt_20260930T223657Z.json
PIT@PHI,Owen Tippett,PHI,f1,PP2,PTS,under,0.5,draftkings,-135,False,0.6772388182070787,0.6397969333756965,0.5080177870152491,0.5273995104080851,17.293983282893787,1918.3983333333333,,"draftkings@0.5,sgo_fair@0.5",1.0522575427430254,0.574468085106383,0.5196468210509506,-0.05482126405543242,-0.09542960780019705,-0.019381723392835948,-108,102.0,pass,2026-09-30T22:36:58+00:00,sgo_slate_alt_20260930T223657Z.json
PIT@PHI,Noah Cates,PHI,f3,PP2,G,over,1.5,fanduel,4000,False,0.2506512843395497,0.20893192337556427,0.02662595016576926,0.01901161705122744,14.816801878736124,1889.2450000000001,,"pinnacle@0.5,sgo_fair@0.5",1.0771563327510214,0.024390243902439025,0.022057350297044167,-0.0023328936053948583,-0.09564863782118915,0.007614333114541818,4434,,pass,2026-09-30T22:36:58+00:00,sgo_slate_alt_20260930T223657Z.json
LAK@COL,Trevor Moore,LAK,f3,PP2,SOG,over,3.5,draftkings,475,True,1.951627011941058,2.093677665891229,0.14175920623344493,0.16754323546025188,15.137832260194816,1693.5033333333333,,"draftkings@1.5,sgo_fair@2.0",1.0501033526938741,0.17391304347826086,0.1572296237695291,-0.016683419708731773,-0.09592966332520769,-0.025784029226806948,536,656.0,pass,2026-09-30T22:36:58+00:00,sgo_slate_alt_20260930T223657Z.json
LAK@COL,Brock Nelson,COL,f2,PP2,A,over,1.5,draftkings,1600,True,0.3892929325236413,0.35331719189794064,0.05870434504220131,0.04949174690468901,17.712678062678066,2272.766666666667,,"draftkings@0.5,pinnacle@0.5,sgo_fair@0.5",1.1071951647367635,0.058823529411764705,0.05317678615969393,-0.005646743252070777,-0.09599463528520324,0.009212598137512303,1781,3449.0,pass,2026-09-30T22:36:58+00:00,sgo_slate_alt_20260930T223657Z.json
NYI@TOR,Simon Holmstrom,NYI,f1,PP2,PTS,under,0.5,draftkings,-190,False,0.5736073662696658,0.49263111659439945,0.5634890565038586,0.6110166213911397,17.38473022912047,1890.7566666666667,,"draftkings@0.5,sgo_fair@0.5",1.0522575427430254,0.6551724137931034,0.5920055954362272,-0.06316681835687621,-0.09641251222891645,-0.04752756488728105,-145,-131.0,pass,2026-09-30T22:36:58+00:00,sgo_slate_alt_20260930T223657Z.json
LAK@COL,Drew Doughty,LAK,d1,PP2,SOG,over,1.5,draftkings,120,False,1.4003274527409229,1.4338876079063703,0.4040311264021321,0.41514909832359037,22.876091617933724,1988.0616666666667,,"draftkings@1.5,pinnacle@1.5,sgo_fair@1.5",1.0501033526938741,0.45454545454545453,0.41070190955500707,-0.04384354499044746,-0.09645579897898438,-0.011117971921458247,143,159.0,pass,2026-09-30T22:36:58+00:00,sgo_slate_alt_20260930T223657Z.json
PIT@PHI,Noah Cates,PHI,f3,PP2,SOG,over,1.5,draftkings,100,False,1.5406573649202646,1.5505246854859767,0.4496959239411884,0.4528225695421006,14.816801878736124,1889.2450000000001,,"draftkings@1.5,sgo_fair@1.5",1.0501033526938741,0.5,0.4515719113017357,-0.048428088698264316,-0.09685617739652863,-0.0031266456009121923,121,134.0,pass,2026-09-30T22:36:58+00:00,sgo_slate_alt_20260930T223657Z.json
PIT@PHI,Rickard Rakell,PIT,f1,PP1,PTS,over,0.5,fanduel,-146,False,0.8012222590421448,0.745662623153935,0.5512198967786424,0.5255801658015481,18.540236737515123,1840.311666666667,,"draftkings@0.5,sgo_fair@0.5",1.0522575427430254,0.5934959349593496,0.5358360581923858,-0.057659876766963825,-0.0971529430457061,0.025639730977094266,-115,-104.0,pass,2026-09-30T22:36:58+00:00,sgo_slate_alt_20260930T223657Z.json
NYI@TOR,Darren Raddysh,TOR,d1,PP1,PTS,over,1.5,fanduel,420,True,0.8630637920083494,0.6735215396940623,0.214033775951521,0.1466550585969797,21.772137732023086,2248.5808333333334,,"draftkings@0.5,sgo_fair@0.5",1.0522575427430254,0.19230769230769232,0.17360654553879623,-0.018701146768896088,-0.09724596319825962,0.06737871735454132,476,573.0,pass,2026-09-30T22:36:58+00:00,sgo_slate_alt_20260930T223657Z.json
LAK@COL,Mats Zuccarello,LAK,f2,PP1,SOG,under,1.5,fanduel,112,False,1.981372983240766,1.9604317896902295,0.4225189447857355,0.428025432016214,17.496636128076993,1710.3441666666665,,"draftkings@1.5,fanduel@1.5,pinnacle@1.5,sgo_fair@2.5",1.0501033526938741,0.4716981132075472,0.42582283712402264,-0.04587527608352454,-0.09725558529707201,-0.0055064872304785295,135,149.0,pass,2026-09-30T22:36:58+00:00,sgo_slate_alt_20260930T223657Z.json
PIT@PHI,Evgeni Malkin,PIT,f2,PP2,SOG,over,2.5,draftkings,170,True,2.1393238026178922,1.9790909547771836,0.35911052304271623,0.31773480781533475,16.83075923787529,1529.4875,,"draftkings@1.5,fanduel@1.5,pinnacle@1.5,sgo_fair@2.5",1.0501033526938741,0.37037037037037035,0.33428509390628736,-0.036085276464082994,-0.09743024645302412,0.04137571522738148,199,223.0,pass,2026-09-30T22:36:58+00:00,sgo_slate_alt_20260930T223657Z.json
NYI@TOR,John Tavares,TOR,f2,PP1,A,under,0.5,draftkings,-215,False,0.5073825394916294,0.4697257191879558,0.6020694110986463,0.6251737179239734,17.08891862955032,2122.2625,,"draftkings@0.5,pinnacle@0.5,sgo_fair@0.5",1.1071951647367635,0.6825396825396826,0.6159319951938425,-0.0666076873458401,-0.09758800704157966,-0.023104306825327048,-160,-144.0,pass,2026-09-30T22:36:58+00:00,sgo_slate_alt_20260930T223657Z.json
PIT@PHI,Travis Konecny,PHI,f2,PP2,SOG,under,1.5,draftkings,130,False,2.145959220793068,2.0711828002167736,0.3812126248271408,0.39954753064928905,17.79007170032192,2230.1783333333337,,"draftkings@1.5,fanduel@1.5,pinnacle@1.5,sgo_fair@2.0",1.0501033526938741,0.43478260869565216,0.39221356832042975,-0.04256904037522241,-0.09790879286301168,-0.01833490582214825,155,172.0,pass,2026-09-30T22:36:58+00:00,sgo_slate_alt_20260930T223657Z.json
NYI@TOR,Matthew Schaefer,NYI,d1,PP1,A,over,0.5,fanduel,118,False,0.4782224275125335,0.5731626010488077,0.3801156976766449,0.4362602674196061,23.59136178861789,2023.9833333333333,,"draftkings@0.5,pinnacle@0.5,sgo_fair@0.5",1.1071951647367635,0.45871559633027525,0.4138024395224216,-0.04491315680785368,-0.09791068184112106,-0.056144569742961226,142,157.0,pass,2026-09-30T22:36:58+00:00,sgo_slate_alt_20260930T223657Z.json
NYI@TOR,Brayden Schenn,NYI,f2,PP1,G,under,0.5,fanduel,-600,False,0.28146871950144386,0.24134102469837387,0.7546745219013655,0.7855736806753865,16.50940975192472,1989.5,,"fanduel@0.5,pinnacle@0.5,sgo_fair@0.5",1.0771563327510214,0.8571428571428571,0.7732140171657781,-0.083928839977079,-0.09791697997325888,-0.03089915877402094,-341,-297.0,pass,2026-09-30T22:36:58+00:00,sgo_slate_alt_20260930T223657Z.json
NYI@TOR,Matthew Schaefer,NYI,d1,PP1,SOG,over,2.5,draftkings,-150,False,2.80586538638041,2.9625838107769127,0.520565162984662,0.5547570799580054,23.59136178861789,2023.9833333333333,,"draftkings@2.5,fanduel@2.5,pinnacle@2.5,sgo_fair@3.5",1.0501033526938741,0.6,0.5410803131686681,-0.05891968683133186,-0.09819947805221985,-0.03419191697334334,-118,-107.0,pass,2026-09-30T22:36:58+00:00,sgo_slate_alt_20260930T223657Z.json
NYI@TOR,Auston Matthews,TOR,f1,PP1,SOG,under,3.5,draftkings,-130,False,3.747951156478456,3.6315658225880103,0.4962210776392255,0.5186536112871881,19.35674712013165,1888.035,,"draftkings@3.5,fanduel@3.5,pinnacle@3.5,sgo_fair@3.5",1.0501033526938741,0.5652173913043478,0.5096805978280031,-0.05553679347634466,-0.09825740384276371,-0.022432533647962605,-104,106.0,pass,2026-09-30T22:36:58+00:00,sgo_slate_alt_20260930T223657Z.json
LAK@COL,Trevor Moore,LAK,f3,PP2,A,over,0.5,draftkings,290,False,0.24560625032077565,0.2745098204989272,0.21776983282717796,0.24005545882227405,15.137832260194816,1693.5033333333333,,"draftkings@0.5,sgo_fair@0.5",1.1071951647367635,0.2564102564102564,0.23114120842423563,-0.025269047986020754,-0.09854928714548106,-0.022285625995096092,333,385.0,pass,2026-09-30T22:36:58+00:00,sgo_slate_alt_20260930T223657Z.json
NYI@TOR,Kyle Palmieri,NYI,f1,PP1,G,under,0.5,fanduel,-450,False,0.3324178734624247,0.28629854706769214,0.7171875665770551,0.7510383621726473,18.330910070005388,1155.1666666666667,,"fanduel@0.5,pinnacle@0.5,sgo_fair@0.5",1.0771563327510214,0.8181818181818182,0.7374980439344103,-0.08068377424740791,-0.09861350185794282,-0.03385079559559223,-281,-248.0,pass,2026-09-30T22:36:58+00:00,sgo_slate_alt_20260930T223657Z.json
LAK@COL,Nazem Kadri,COL,f2,PP2,G,over,0.5,fanduel,260,False,0.27713479548256775,0.29535032327389954,0.2420476783246941,0.2557291935958285,17.56882499268364,2179.7783333333336,,"fanduel@0.5,pinnacle@0.5,sgo_fair@0.5",1.0771563327510214,0.2777777777777778,0.2502565874873747,-0.027521190290403064,-0.09907628504545096,-0.013681515271134426,300,344.0,pass,2026-09-30T22:36:58+00:00,sgo_slate_alt_20260930T223657Z.json
NYI@TOR,Auston Matthews,TOR,f1,PP1,G,over,1.5,fanduel,950,True,0.5072125721037434,0.47032366712659995,0.09239916487889252,0.08134176053353015,19.35674712013165,1888.035,,"fanduel@0.5,pinnacle@0.5,sgo_fair@0.5",1.0771563327510214,0.09523809523809523,0.0857647222716751,-0.009473372966420132,-0.09947041614741148,0.01105740434536237,1066,1546.0,pass,2026-09-30T22:36:58+00:00,sgo_slate_alt_20260930T223657Z.json
PIT@PHI,Evgeni Malkin,PIT,f2,PP2,A,under,0.5,draftkings,-195,False,0.5878019954655425,0.47533860706231446,0.5555470386411605,0.6216745174399654,16.83075923787529,1529.4875,,"draftkings@0.5,pinnacle@0.5,sgo_fair@0.5",1.1071951647367635,0.6610169491525424,0.5952235259204435,-0.06579342323209891,-0.09953364027420097,-0.06612747879880487,-147,-133.0,pass,2026-09-30T22:36:58+00:00,sgo_slate_alt_20260930T223657Z.json
NYI@TOR,Darren Raddysh,TOR,d1,PP1,SOG,over,4.5,fanduel,550,True,2.70841230957326,2.5881644153857963,0.1490225846373856,0.13148520604179684,21.772137732023086,2248.5808333333334,,"draftkings@2.5,fanduel@2.5,pinnacle@2.5,sgo_fair@2.5",1.0501033526938741,0.15384615384615385,0.13850015748003233,-0.015345996366121523,-0.09974897637978986,0.017537378595588765,622,781.0,pass,2026-09-30T22:36:58+00:00,sgo_slate_alt_20260930T223657Z.json
NYI@TOR,Morgan Rielly,TOR,d1,PP2,PTS,over,0.5,draftkings,130,False,0.48580421604933627,0.5037857767850961,0.384797757751025,0.39576118902722746,21.86003738855335,2459.4066666666668,,"draftkings@0.5,sgo_fair@0.5",1.0522575427430254,0.43478260869565216,0.39137581651674647,-0.043406792178905695,-0.09983562201148322,-0.010963431276202473,156,173.0,pass,2026-09-30T22:36:58+00:00,sgo_slate_alt_20260930T223657Z.json
LAK@COL,Martin Necas,COL,f1,PP1,SOG,over,2.5,fanduel,-128,False,2.558919995970061,2.8628088231689897,0.4634609621210834,0.5331810704059351,19.35776089828269,2352.2475,,"draftkings@2.5,fanduel@2.5,pinnacle@2.5,sgo_fair@3.5",1.0501033526938741,0.5614035087719298,0.5052930270919944,-0.056110481679935376,-0.09994679549238494,-0.0697201082848517,-102,108.0,pass,2026-09-30T22:36:58+00:00,sgo_slate_alt_20260930T223657Z.json
LAK@COL,Cale Makar,COL,d1,PP1,PTS,over,1.5,draftkings,195,True,1.1180078523889414,1.1067963259298566,0.3075587608694404,0.30345847026442024,23.81464714714715,2789.351666666667,,"draftkings@0.5,sgo_fair@1.5",1.0522575427430254,0.3389830508474576,0.3050985865064283,-0.03388446434102932,-0.09995916980603647,0.0041002906050201515,228,257.0,pass,2026-09-30T22:36:58+00:00,sgo_slate_alt_20260930T223657Z.json
NYI@TOR,William Nylander,TOR,f2,PP1,SOG,over,3.5,draftkings,195,True,2.628376809170463,2.8720520934455664,0.27434164719822063,0.3255274147788329,17.72223436993845,2000.8358333333333,,"draftkings@2.5,fanduel@2.5,pinnacle@2.5,sgo_fair@3.0",1.0501033526938741,0.3389830508474576,0.305053107746588,-0.03392994310086961,-0.10009333214756533,-0.051185767580612274,228,257.0,pass,2026-09-30T22:36:58+00:00,sgo_slate_alt_20260930T223657Z.json
NYI@TOR,John Tavares,TOR,f2,PP1,A,over,1.5,draftkings,950,True,0.5073825394916294,0.4697257191879558,0.09245108214789265,0.08116610780677994,17.08891862955032,2122.2625,,"draftkings@0.5,pinnacle@0.5,sgo_fair@0.5",1.1071951647367635,0.09523809523809523,0.08568009754322502,-0.009557997694870216,-0.10035897579613728,0.01128497434111271,1067,1548.0,pass,2026-09-30T22:36:58+00:00,sgo_slate_alt_20260930T223657Z.json
PIT@PHI,Rickard Rakell,PIT,f1,PP1,PTS,over,1.5,draftkings,400,True,0.8012222590421448,0.745662623153935,0.1916472886624594,0.1718230277568756,18.540236737515123,1840.311666666667,,"draftkings@0.5,sgo_fair@0.5",1.0522575427430254,0.2,0.17975273211910914,-0.020247267880890873,-0.10123633940445431,0.019824260905583785,456,546.0,pass,2026-09-30T22:36:58+00:00,sgo_slate_alt_20260930T223657Z.json
NYI@TOR,Bo Horvat,NYI,f1,PP1,A,over,0.5,draftkings,155,False,0.4071176283010176,0.45302388727144366,0.33443410368878135,0.36429705176383587,19.278630126057124,2147.2058333333334,,"draftkings@0.5,pinnacle@0.5,sgo_fair@0.5",1.1071951647367635,0.39215686274509803,0.35235187253381406,-0.039804990211283975,-0.10150272503877422,-0.02986294807505452,184,205.0,pass,2026-09-30T22:36:58+00:00,sgo_slate_alt_20260930T223657Z.json
PIT@PHI,Erik Karlsson,PIT,d1,PP1,PTS,under,0.5,draftkings,-110,False,0.7805062051807925,0.7387920128951921,0.4581740225293085,0.4776906112288697,22.990095323205242,2627.4333333333334,,"draftkings@0.5,sgo_fair@0.5",1.0522575427430254,0.5238095238095238,0.4698839757490452,-0.05392554806047861,-0.10294877357000454,-0.019516588699561188,113,125.0,pass,2026-09-30T22:36:58+00:00,sgo_slate_alt_20260930T223657Z.json
LAK@COL,Brock Nelson,COL,f2,PP2,PTS,under,0.5,draftkings,-130,False,0.7262917908087153,0.6490266478146395,0.4836993268566955,0.5225541585358031,17.712678062678066,2272.766666666667,,"draftkings@0.5,sgo_fair@0.5",1.0522575427430254,0.5652173913043478,0.5070122258641601,-0.05820516544018772,-0.10297836962494766,-0.03885483167910764,-103,107.0,pass,2026-09-30T22:36:58+00:00,sgo_slate_alt_20260930T223657Z.json
PIT@PHI,Porter Martone,PHI,f1,PP1,SOG,over,5.5,draftkings,1000,True,2.8617263496329413,2.847282767492061,0.08236444319063375,0.08095675538445353,17.520370370370372,153.36666666666667,,"draftkings@2.5,fanduel@2.5,pinnacle@2.5,sgo_fair@3.0",1.0501033526938741,0.09090909090909091,0.08151983050692563,-0.009389260402165284,-0.10328186442381804,0.0014076878061802245,1127,1669.0,pass,2026-09-30T22:36:58+00:00,sgo_slate_alt_20260930T223657Z.json
LAK@COL,Alex Laferriere,LAK,f2,PP2,PTS,over,0.5,fanduel,126,False,0.46213084506484325,0.535385524051745,0.3700600899791182,0.4145564559348577,16.89103086155165,2074.2774999999997,,"draftkings@0.5,sgo_fair@0.5",1.0522575427430254,0.4424778761061947,0.39675790955256185,-0.04571996655363286,-0.10332712441121028,-0.04449636595573947,152,169.0,pass,2026-09-30T22:36:58+00:00,sgo_slate_alt_20260930T223657Z.json
LAK@COL,Artturi Lehkonen,COL,f1,PP2,G,over,2.5,fanduel,20000,True,0.35176295388569606,0.3032419220004773,0.005585342695015972,0.003708563138280423,18.532657100445324,1926.55,,"fanduel@0.5,pinnacle@0.5,sgo_fair@0.5",1.0771563327510214,0.004975124378109453,0.004459274960974643,-0.0005158494171348098,-0.10368573284409677,0.001876779556735549,22325,,pass,2026-09-30T22:36:58+00:00,sgo_slate_alt_20260930T223657Z.json
NYI@TOR,Matias Maccelli,NYI,f2,PP1,SOG,over,1.5,fanduel,-160,False,1.6523066290768735,2.0543497930307884,0.4843904114097289,0.5962262539371208,15.174308093994778,1373.88,,"draftkings@1.5,sgo_fair@2.0",1.0501033526938741,0.6153846153846154,0.5514919169261641,-0.06389269845845136,-0.10382563499498343,-0.11183584252739193,-123,-111.0,pass,2026-09-30T22:36:58+00:00,sgo_slate_alt_20260930T223657Z.json
LAK@COL,Nazem Kadri,COL,f2,PP2,PTS,under,0.5,draftkings,-145,False,0.6711867194200936,0.6112380399499037,0.5111016834577218,0.5426785952285784,17.56882499268364,2179.7783333333336,,"draftkings@0.5,sgo_fair@0.5",1.0522575427430254,0.5918367346938775,0.5300478305202357,-0.0617889041736418,-0.10440194153477411,-0.03157691177085664,-113,-102.0,pass,2026-09-30T22:36:58+00:00,sgo_slate_alt_20260930T223657Z.json
PIT@PHI,Evgeni Malkin,PIT,f2,PP2,SOG,under,1.5,draftkings,120,False,2.1393238026178922,1.9790909547771836,0.38281076365235445,0.42311624011659466,16.83075923787529,1529.4875,,"draftkings@1.5,fanduel@1.5,pinnacle@1.5,sgo_fair@2.5",1.0501033526938741,0.45454545454545453,0.40699404953089857,-0.04755140501455596,-0.1046130910320231,-0.04030547646424021,146,162.0,pass,2026-09-30T22:36:58+00:00,sgo_slate_alt_20260930T223657Z.json
PIT@PHI,Evgeni Malkin,PIT,f2,PP2,SOG,under,1.5,fanduel,120,False,2.1393238026178922,1.9790909547771836,0.38281076365235445,0.42311624011659466,16.83075923787529,1529.4875,,"draftkings@1.5,fanduel@1.5,pinnacle@1.5,sgo_fair@2.5",1.0501033526938741,0.45454545454545453,0.40699404953089857,-0.04755140501455596,-0.1046130910320231,-0.04030547646424021,146,162.0,pass,2026-09-30T22:36:58+00:00,sgo_slate_alt_20260930T223657Z.json
LAK@COL,Quinton Byfield,LAK,f1,PP1,SOG,over,2.5,draftkings,120,False,2.136336181942233,2.459191254511227,0.3583437767300945,0.4393889786958772,18.790998989461528,2260.741666666667,,"draftkings@2.5,fanduel@2.5,pinnacle@2.5,sgo_fair@2.5",1.0501033526938741,0.45454545454545453,0.4069708979095641,-0.04757455663589044,-0.10466402459895896,-0.08104520196578269,146,162.0,pass,2026-09-30T22:36:58+00:00,sgo_slate_alt_20260930T223657Z.json
PIT@PHI,Owen Tippett,PHI,f1,PP2,SOG,under,2.5,draftkings,-130,False,2.827459759703457,2.5992621420479396,0.4746251436764678,0.5269577860058989,17.293983282893787,1918.3983333333333,,"draftkings@2.5,fanduel@2.5,pinnacle@2.5,sgo_fair@2.5",1.0501033526938741,0.5652173913043478,0.5060247290741264,-0.05919266223022135,-0.10472547933039178,-0.052332642329431134,-102,108.0,pass,2026-09-30T22:36:58+00:00,sgo_slate_alt_20260930T223657Z.json
PIT@PHI,Sidney Crosby,PIT,f1,PP1,PTS,under,0.5,draftkings,140,False,1.0432652354126144,0.9500691472649602,0.35230245139025573,0.38671428229503113,18.813389423076924,2041.1850000000002,,"draftkings@0.5,sgo_fair@0.5",1.0522575427430254,0.4166666666666667,0.37294954993312096,-0.043717116733545724,-0.10492108016050972,-0.0344118309047754,168,187.0,pass,2026-09-30T22:36:58+00:00,sgo_slate_alt_20260930T223657Z.json
LAK@COL,Quinton Byfield,LAK,f1,PP1,SOG,over,1.5,fanduel,-280,True,2.136336181942233,2.459191254511227,0.6164678418340808,0.6880229454454388,18.790998989461528,2260.741666666667,,"draftkings@2.5,fanduel@2.5,pinnacle@2.5,sgo_fair@2.5",1.0501033526938741,0.7368421052631579,0.6594009040008957,-0.07744120126226217,-0.10509877314164151,-0.07155510361135808,-194,-174.0,pass,2026-09-30T22:36:58+00:00,sgo_slate_alt_20260930T223657Z.json
LAK@COL,Brandt Clarke,LAK,d2,PP1,A,over,0.5,draftkings,160,False,0.3909624185685283,0.4428110681182439,0.3235944241485744,0.35777146692846823,19.37295046968403,2195.145,,"draftkings@0.5,pinnacle@0.5,sgo_fair@0.5",1.1071951647367635,0.38461538461538464,0.3441006498165107,-0.040514734798873964,-0.1053383104770722,-0.03417704277989381,191,213.0,pass,2026-09-30T22:36:58+00:00,sgo_slate_alt_20260930T223657Z.json
LAK@COL,Nazem Kadri,COL,f2,PP2,A,over,1.5,draftkings,1500,True,0.424219638097303,0.34620596964444167,0.06816134549261314,0.047738623396910325,17.56882499268364,2179.7783333333336,,"draftkings@0.5,pinnacle@0.5,sgo_fair@0.5",1.1071951647367635,0.0625,0.055907712235191455,-0.006592287764808545,-0.10547660423693672,0.020422722095702818,1689,3135.0,pass,2026-09-30T22:36:58+00:00,sgo_slate_alt_20260930T223657Z.json
LAK@COL,Adrian Kempe,LAK,f1,PP1,PTS,under,0.5,draftkings,-105,False,0.8204001639115107,0.7550745441844584,0.4402554449110909,0.4699755794784295,18.629540939406837,2261.9791666666665,,"draftkings@0.5,sgo_fair@0.5",1.0522575427430254,0.5121951219512195,0.4580875256514941,-0.05410759629972545,-0.10563864039470205,-0.029720134567338574,118,131.0,pass,2026-09-30T22:36:58+00:00,sgo_slate_alt_20260930T223657Z.json
PIT@PHI,Travis Konecny,PHI,f2,PP2,A,under,0.5,draftkings,-200,False,0.5646692267244804,0.4871917652414096,0.5685481762008011,0.6143492108231747,17.79007170032192,2230.1783333333337,,"draftkings@0.5,pinnacle@0.5,sgo_fair@0.5",1.1071951647367635,0.6666666666666666,0.5960287969742253,-0.07063786969244135,-0.10595680453866207,-0.045801034622373615,-148,-133.0,pass,2026-09-30T22:36:58+00:00,sgo_slate_alt_20260930T223657Z.json
LAK@COL,Martin Necas,COL,f1,PP1,SOG,over,2.5,draftkings,-130,False,2.558919995970061,2.8628088231689897,0.4634609621210834,0.5331810704059351,19.35776089828269,2352.2475,,"draftkings@2.5,fanduel@2.5,pinnacle@2.5,sgo_fair@3.5",1.0501033526938741,0.5652173913043478,0.5052930270919944,-0.059924364212353365,-0.10602002899108687,-0.0697201082848517,-102,108.0,pass,2026-09-30T22:36:58+00:00,sgo_slate_alt_20260930T223657Z.json
LAK@COL,Brock Nelson,COL,f2,PP2,PTS,over,1.5,draftkings,500,True,0.7262917908087153,0.6490266478146395,0.16499382282758512,0.1382942676481051,17.712678062678066,2272.766666666667,,"draftkings@0.5,sgo_fair@0.5",1.0522575427430254,0.16666666666666666,0.14897408971989712,-0.01769257694676954,-0.10615546168061729,0.026699555179480028,571,707.0,pass,2026-09-30T22:36:58+00:00,sgo_slate_alt_20260930T223657Z.json
NYI@TOR,Matthew Schaefer,NYI,d1,PP1,G,over,1.5,fanduel,3500,False,0.25307771005258006,0.2332007348455915,0.02710101168414308,0.02331170607201665,23.59136178861789,2023.9833333333333,,"pinnacle@0.5,sgo_fair@0.5",1.0771563327510214,0.027777777777777776,0.024827428316867222,-0.002950349460910554,-0.10621258059278005,0.003789305612126429,3928,,pass,2026-09-30T22:36:58+00:00,sgo_slate_alt_20260930T223657Z.json
LAK@COL,Mats Zuccarello,LAK,f2,PP1,A,under,0.5,draftkings,-240,False,0.5408989402050606,0.4104799462630263,0.5822246319274986,0.6633318101019748,17.496636128076993,1710.3441666666665,,"draftkings@0.5,pinnacle@0.5,sgo_fair@0.5",1.1071951647367635,0.7058823529411765,0.6308889388321843,-0.07499341410899218,-0.10624066998773884,-0.08110717817447621,-171,-154.0,pass,2026-09-30T22:36:58+00:00,sgo_slate_alt_20260930T223657Z.json
NYI@TOR,Kyle Palmieri,NYI,f1,PP1,PTS,over,1.5,fanduel,540,True,0.6837556664820772,0.6321730011671364,0.15017841569811327,0.13260494160313013,18.330910070005388,1155.1666666666667,,"draftkings@0.5,sgo_fair@0.5",1.0522575427430254,0.15625,0.1396343312411234,-0.0166156687588766,-0.10634028005681018,0.017573474094983138,616,772.0,pass,2026-09-30T22:36:58+00:00,sgo_slate_alt_20260930T223657Z.json
NYI@TOR,John Tavares,TOR,f2,PP1,PTS,under,0.5,draftkings,100,False,0.8849921821443814,0.7559350308330143,0.41271739983148037,0.46957134571096326,17.08891862955032,2122.2625,,"draftkings@0.5,sgo_fair@0.5",1.0522575427430254,0.5,0.44682976735917007,-0.05317023264082993,-0.10634046528165986,-0.05685394587948289,124,137.0,pass,2026-09-30T22:36:58+00:00,sgo_slate_alt_20260930T223657Z.json
PIT@PHI,Porter Martone,PHI,f1,PP1,PTS,over,1.5,fanduel,360,True,0.9050391231091117,0.7424955546482034,0.22936203228551835,0.17070326296432417,17.520370370370372,153.36666666666667,,"draftkings@0.5,sgo_fair@0.5",1.0522575427430254,0.21739130434782608,0.19416677069280186,-0.02322453365502422,-0.10683285481311156,0.05865876932119418,415,491.0,pass,2026-09-30T22:36:58+00:00,sgo_slate_alt_20260930T223657Z.json
LAK@COL,Alex Laferriere,LAK,f2,PP2,PTS,over,0.5,draftkings,125,False,0.46213084506484325,0.535385524051745,0.3700600899791182,0.4145564559348577,16.89103086155165,2074.2774999999997,,"draftkings@0.5,sgo_fair@0.5",1.0522575427430254,0.4444444444444444,0.39675790955256185,-0.04768653489188257,-0.10729470350673587,-0.04449636595573947,152,169.0,pass,2026-09-30T22:36:58+00:00,sgo_slate_alt_20260930T223657Z.json
LAK@COL,Gabriel Landeskog,COL,f2,PP1,SOG,over,2.5,draftkings,115,False,2.2447679521682438,2.4385909175172906,0.3860058920656257,0.43435161359241253,16.206805555555555,984.8166666666667,,"draftkings@2.5,sgo_fair@2.5",1.0501033526938741,0.46511627906976744,0.41501332498169774,-0.050102954088069696,-0.1077213512893499,-0.048345721526786845,141,156.0,pass,2026-09-30T22:36:58+00:00,sgo_slate_alt_20260930T223657Z.json
LAK@COL,Artturi Lehkonen,COL,f1,PP2,SOG,over,3.5,draftkings,400,True,2.1684808159521625,2.140161461287805,0.18167471348237418,0.1762837753114534,18.532657100445324,1926.55,,"draftkings@1.5,sgo_fair@2.0",1.0501033526938741,0.2,0.1784401505798217,-0.0215598494201783,-0.1077992471008915,0.005390938170920789,460,552.0,pass,2026-09-30T22:36:58+00:00,sgo_slate_alt_20260930T223657Z.json
NYI@TOR,Morgan Rielly,TOR,d1,PP2,SOG,under,1.5,draftkings,-125,False,1.854682364144376,1.6342350839268394,0.45670301051304873,0.5211220360736641,21.86003738855335,2459.4066666666668,,"draftkings@1.5,sgo_fair@1.5",1.0501033526938741,0.5555555555555556,0.49535442584941797,-0.06020112970613761,-0.10836203347104767,-0.0644190255606154,102,113.0,pass,2026-09-30T22:36:58+00:00,sgo_slate_alt_20260930T223657Z.json
LAK@COL,Alex Laferriere,LAK,f2,PP2,A,over,0.5,draftkings,255,False,0.2598007363590844,0.30902514616750676,0.2287947563414093,0.2658376915742397,16.89103086155165,2074.2774999999997,,"draftkings@0.5,pinnacle@0.5,sgo_fair@0.5",1.1071951647367635,0.28169014084507044,0.25102051748110754,-0.030669623363962895,-0.10887716294206828,-0.03704293523283039,298,342.0,pass,2026-09-30T22:36:58+00:00,sgo_slate_alt_20260930T223657Z.json
NYI@TOR,William Nylander,TOR,f2,PP1,A,over,1.5,fanduel,630,True,0.6387828662426337,0.5737120145598846,0.13482982272802518,0.11332329576322413,17.72223436993845,2000.8358333333333,,"draftkings@0.5,pinnacle@0.5,sgo_fair@0.5",1.1071951647367635,0.136986301369863,0.12192590654914456,-0.015060394820718442,-0.10994088219124476,0.021506526964801057,720,932.0,pass,2026-09-30T22:36:58+00:00,sgo_slate_alt_20260930T223657Z.json
PIT@PHI,Rickard Rakell,PIT,f1,PP1,G,under,0.5,fanduel,-350,False,0.3995698078964756,0.347604001433292,0.6706084744616454,0.706378545728028,18.540236737515123,1840.311666666667,,"fanduel@0.5,pinnacle@0.5,sgo_fair@0.5",1.0771563327510214,0.7777777777777778,0.692070517221475,-0.08570726055630284,-0.11019504928667512,-0.03577007126638265,-225,-200.0,pass,2026-09-30T22:36:58+00:00,sgo_slate_alt_20260930T223657Z.json
PIT@PHI,Rickard Rakell,PIT,f1,PP1,SOG,over,4.5,draftkings,650,True,2.5605191408268344,2.450920638608196,0.1275803675001518,0.11259924811225087,18.540236737515123,1840.311666666667,,"draftkings@2.5,fanduel@2.5,pinnacle@2.5,sgo_fair@2.5",1.0501033526938741,0.13333333333333333,0.11859169586741125,-0.01474163746592208,-0.11056228099441556,0.014981119387900935,743,968.0,pass,2026-09-30T22:36:58+00:00,sgo_slate_alt_20260930T223657Z.json
NYI@TOR,Kyle Palmieri,NYI,f1,PP1,SOG,over,4.5,fanduel,630,True,2.5776900322916916,2.4784594877157526,0.12999993400753934,0.11628654432547235,18.330910070005388,1155.1666666666667,,"draftkings@2.5,fanduel@2.5,pinnacle@2.5,sgo_fair@2.5",1.0501033526938741,0.136986301369863,0.12177190019829914,-0.015214401171563863,-0.11106512855241624,0.013713389682066993,721,933.0,pass,2026-09-30T22:36:58+00:00,sgo_slate_alt_20260930T223657Z.json
PIT@PHI,Owen Tippett,PHI,f1,PP2,A,over,0.5,fanduel,200,False,0.34439271044946834,0.3559394581117646,0.2913494210895796,0.2994849705459073,17.293983282893787,1918.3983333333333,,"draftkings@0.5,pinnacle@0.5,sgo_fair@0.5",1.1071951647367635,0.3333333333333333,0.29623075076337624,-0.03710258256995708,-0.11130774770987129,-0.008135549456327662,238,269.0,pass,2026-09-30T22:36:58+00:00,sgo_slate_alt_20260930T223657Z.json
LAK@COL,Cale Makar,COL,d1,PP1,PTS,under,0.5,draftkings,170,False,1.1180078523889414,1.1067963259298566,0.32693044001208116,0.33061645359959213,23.81464714714715,2789.351666666667,,"draftkings@0.5,sgo_fair@1.5",1.0522575427430254,0.37037037037037035,0.3291420481645877,-0.04122832220578265,-0.11131646995561317,-0.0036860135875109723,204,229.0,pass,2026-09-30T22:36:58+00:00,sgo_slate_alt_20260930T223657Z.json
PIT@PHI,Erik Karlsson,PIT,d1,PP1,SOG,over,3.5,fanduel,340,True,2.2661791992622393,2.2776169614419457,0.20062224950304158,0.2028732013280753,22.990095323205242,2627.4333333333334,,"draftkings@2.5,fanduel@2.5,pinnacle@2.5,sgo_fair@2.5",1.0501033526938741,0.22727272727272727,0.20197282059806182,-0.025299906674665446,-0.11131958936852793,-0.002250951825033709,395,465.0,pass,2026-09-30T22:36:58+00:00,sgo_slate_alt_20260930T223657Z.json
LAK@COL,Martin Necas,COL,f1,PP1,SOG,over,3.5,fanduel,198,True,2.558919995970061,2.8628088231689897,0.2598987389869894,0.32357939980970607,19.35776089828269,2352.2475,,"draftkings@2.5,fanduel@2.5,pinnacle@2.5,sgo_fair@3.5",1.0501033526938741,0.33557046979865773,0.2981071354806194,-0.03746333431803833,-0.11164073626775417,-0.06368066082271667,235,266.0,pass,2026-09-30T22:36:58+00:00,sgo_slate_alt_20260930T223657Z.json
NYI@TOR,Bo Horvat,NYI,f1,PP1,G,over,1.5,fanduel,1300,True,0.4133900090335741,0.4027431987249163,0.06517780030520415,0.06228897357797849,19.278630126057124,2147.2058333333334,,"fanduel@0.5,pinnacle@0.5,sgo_fair@0.5",1.0771563327510214,0.07142857142857142,0.06344450426886875,-0.007984067159702679,-0.11177694023583751,0.0028888267272256588,1476,2501.0,pass,2026-09-30T22:36:58+00:00,sgo_slate_alt_20260930T223657Z.json
NYI@TOR,Brayden Schenn,NYI,f2,PP1,SOG,under,1.5,draftkings,-110,False,1.7670895145495848,1.863460286238935,0.48155544144437945,0.45426725124867395,16.50940975192472,1989.5,,"draftkings@1.5,fanduel@1.5,pinnacle@1.5,sgo_fair@2.0",1.0501033526938741,0.5238095238095238,0.4651825273269562,-0.05862699648256764,-0.11192426601217453,0.027288190195705497,115,127.0,pass,2026-09-30T22:36:58+00:00,sgo_slate_alt_20260930T223657Z.json
LAK@COL,Alex Turcotte,LAK,f2,PP2,PTS,over,0.5,draftkings,195,False,0.31444954199592956,0.38785000399241637,0.2698092970190512,0.32148588996079663,13.563327933765299,1030.3283333333334,,"draftkings@0.5,sgo_fair@0.5",1.0522575427430254,0.3389830508474576,0.3008152527840985,-0.038167798063359126,-0.11259500428690938,-0.051676592941745425,232,263.0,pass,2026-09-30T22:36:58+00:00,sgo_slate_alt_20260930T223657Z.json
LAK@COL,Martin Necas,COL,f1,PP1,A,under,0.5,draftkings,-115,False,0.8191240998030153,0.6990938970844605,0.440817597678115,0.4970354650984261,19.35776089828269,2352.2475,,"draftkings@0.5,pinnacle@0.5,sgo_fair@0.5",1.1071951647367635,0.5348837209302325,0.4745483181303017,-0.060335402799930826,-0.11280097045204474,-0.056217867420311096,111,122.0,pass,2026-09-30T22:36:58+00:00,sgo_slate_alt_20260930T223657Z.json
NYI@TOR,Bo Horvat,NYI,f1,PP1,SOG,over,4.5,fanduel,270,True,3.303335038033972,3.2401812102375307,0.24619405497620972,0.23525696683953717,19.278630126057124,2147.2058333333334,,"draftkings@2.5,fanduel@3.5,pinnacle@3.5,sgo_fair@3.5",1.0501033526938741,0.2702702702702703,0.2396318020942062,-0.030638468176064082,-0.11336233225143699,0.010937088136672546,317,366.0,pass,2026-09-30T22:36:58+00:00,sgo_slate_alt_20260930T223657Z.json
NYI@TOR,Bo Horvat,NYI,f1,PP1,SOG,over,5.5,draftkings,600,True,3.303335038033972,3.2401812102375307,0.1312309894001045,0.12358905561521484,19.278630126057124,2147.2058333333334,,"draftkings@2.5,fanduel@3.5,pinnacle@3.5,sgo_fair@3.5",1.0501033526938741,0.14285714285714285,0.12664582912917072,-0.016211313727972132,-0.11347919609580503,0.007641933784889657,690,884.0,pass,2026-09-30T22:36:58+00:00,sgo_slate_alt_20260930T223657Z.json
NYI@TOR,Morgan Rielly,TOR,d1,PP2,SOG,over,3.5,draftkings,750,True,1.854682364144376,1.6342350839268394,0.12506912115834495,0.0903500471806477,21.86003738855335,2459.4066666666668,,"draftkings@1.5,sgo_fair@1.5",1.0501033526938741,0.11764705882352941,0.1042376767717266,-0.01340938205180281,-0.11397974744032391,0.03471907397769726,859,1162.0,pass,2026-09-30T22:36:58+00:00,sgo_slate_alt_20260930T223657Z.json
LAK@COL,Gabriel Landeskog,COL,f2,PP1,A,over,0.5,fanduel,162,False,0.4004674707998486,0.4207377284050162,0.3299932357816796,0.3434377235346743,16.206805555555555,984.8166666666667,,"draftkings@0.5,pinnacle@0.5,sgo_fair@0.5",1.1071951647367635,0.3816793893129771,0.33805992843347643,-0.04361946087950069,-0.11428298750429167,-0.013444487752994672,196,219.0,pass,2026-09-30T22:36:58+00:00,sgo_slate_alt_20260930T223657Z.json
LAK@COL,Adrian Kempe,LAK,f1,PP1,PTS,over,1.5,draftkings,380,True,0.8204001639115107,0.7550745441844584,0.19855891592091532,0.1751578240690687,18.629540939406837,2261.9791666666665,,"draftkings@0.5,sgo_fair@0.5",1.0522575427430254,0.20833333333333334,0.18451826080980735,-0.023815072523525993,-0.11431234811292479,0.023401091851846606,442,527.0,pass,2026-09-30T22:36:58+00:00,sgo_slate_alt_20260930T223657Z.json
LAK@COL,Mats Zuccarello,LAK,f2,PP1,PTS,under,0.5,draftkings,-135,False,0.7477964098740251,0.6313150547570513,0.47340860271632756,0.5318918739474905,17.496636128076993,1710.3441666666665,,"draftkings@0.5,sgo_fair@0.5",1.0522575427430254,0.574468085106383,0.5084985654550254,-0.06596951965135767,-0.11483583050421509,-0.058483271231162925,-103,107.0,pass,2026-09-30T22:36:58+00:00,sgo_slate_alt_20260930T223657Z.json
LAK@COL,Nathan MacKinnon,COL,f1,PP1,PTS,over,2.5,draftkings,330,True,1.5196028966735975,1.5830798226764629,0.1960897488391767,0.21227826887563328,20.211023366508,2590.8675,,"draftkings@1.5,sgo_fair@1.5",1.0522575427430254,0.23255813953488372,0.20580286086105065,-0.026755278673833066,-0.11504769829748218,-0.016188520036456572,386,453.0,pass,2026-09-30T22:36:58+00:00,sgo_slate_alt_20260930T223657Z.json
PIT@PHI,Cam York,PHI,d2,PP2,G,over,0.5,fanduel,750,False,0.08813222165837065,0.12469431969178553,0.08436019869389307,0.11723329425556861,21.01691176470588,2284.9075000000003,,sgo_fair@0.5,1.0771563327510214,0.11764705882352941,0.10408405603089839,-0.013563002792631021,-0.11528552373736367,-0.032873095561675544,861,1164.0,pass,2026-09-30T22:36:58+00:00,sgo_slate_alt_20260930T223657Z.json
PIT@PHI,Cam York,PHI,d2,PP2,G,over,0.5,draftkings,750,False,0.08813222165837065,0.12469431969178553,0.08436019869389307,0.11723329425556861,21.01691176470588,2284.9075000000003,,sgo_fair@0.5,1.0771563327510214,0.11764705882352941,0.10408405603089839,-0.013563002792631021,-0.11528552373736367,-0.032873095561675544,861,1164.0,pass,2026-09-30T22:36:58+00:00,sgo_slate_alt_20260930T223657Z.json
LAK@COL,Artemi Panarin,LAK,f1,PP1,SOG,over,5.5,draftkings,1400,True,2.72189031401514,2.5141733595633653,0.0692770754465211,0.05211428748138607,19.238125,2334.2925,,"draftkings@2.5,fanduel@2.5,pinnacle@2.5,sgo_fair@2.5",1.0501033526938741,0.06666666666666667,0.05897940266744009,-0.007687263999226576,-0.11530895998839863,0.017162787965135033,1596,2843.0,pass,2026-09-30T22:36:58+00:00,sgo_slate_alt_20260930T223657Z.json
NYI@TOR,Auston Matthews,TOR,f1,PP1,SOG,over,5.5,draftkings,390,True,3.747951156478456,3.6315658225880103,0.19021327268855598,0.17397991230246307,19.35674712013165,1888.035,,"draftkings@3.5,fanduel@3.5,pinnacle@3.5,sgo_fair@3.5",1.0501033526938741,0.20408163265306123,0.18047325645690024,-0.02360837619616099,-0.11568104336118878,0.01623336038609291,454,543.0,pass,2026-09-30T22:36:58+00:00,sgo_slate_alt_20260930T223657Z.json
LAK@COL,Quinton Byfield,LAK,f1,PP1,PTS,over,0.5,draftkings,-115,False,0.5906063945965947,0.6738364210812856,0.44600875443923427,0.4902507909038918,18.790998989461528,2260.741666666667,,"draftkings@0.5,sgo_fair@0.5",1.0522575427430254,0.5348837209302325,0.47255397631802876,-0.06232974461220375,-0.11652952253585935,-0.04424203646465752,112,123.0,pass,2026-09-30T22:36:58+00:00,sgo_slate_alt_20260930T223657Z.json
NYI@TOR,Bo Horvat,NYI,f1,PP1,SOG,under,2.5,draftkings,130,False,3.303335038033972,3.2401812102375307,0.37684070180662466,0.38889008671672476,19.278630126057124,2147.2058333333334,,"draftkings@2.5,fanduel@3.5,pinnacle@3.5,sgo_fair@3.5",1.0501033526938741,0.43478260869565216,0.38407033275268476,-0.0507122759429674,-0.11663823466882517,-0.012049384910100103,160,178.0,pass,2026-09-30T22:36:58+00:00,sgo_slate_alt_20260930T223657Z.json
NYI@TOR,Simon Holmstrom,NYI,f1,PP2,PTS,over,1.5,draftkings,800,True,0.5736073662696658,0.49263111659439945,0.113289469873184,0.08797757815520595,17.38473022912047,1890.7566666666667,,"draftkings@0.5,sgo_fair@0.5",1.0522575427430254,0.1111111111111111,0.09810233484239717,-0.01300877626871394,-0.11707898641842551,0.025311891717978055,919,1268.0,pass,2026-09-30T22:36:58+00:00,sgo_slate_alt_20260930T223657Z.json
PIT@PHI,Sidney Crosby,PIT,f1,PP1,PTS,over,1.5,fanduel,240,True,1.0432652354126144,0.9500691472649602,0.280152648723648,0.24588040928974758,18.813389423076924,2041.1850000000002,,"draftkings@0.5,sgo_fair@0.5",1.0522575427430254,0.29411764705882354,0.25958930506330774,-0.0345283419955158,-0.11739636278475374,0.0342722394339004,285,326.0,pass,2026-09-30T22:36:58+00:00,sgo_slate_alt_20260930T223657Z.json
PIT@PHI,Jamie Drysdale,PHI,d2,PP1,SOG,over,2.5,draftkings,390,True,1.309195387341232,1.522209345285188,0.1494371596269295,0.20056691430355003,20.541472602739724,2308.5825,,"draftkings@1.5,sgo_fair@1.5",1.0501033526938741,0.20408163265306123,0.18011501243290182,-0.023966620220159413,-0.11743643907878099,-0.05112975467662054,455,545.0,pass,2026-09-30T22:36:58+00:00,sgo_slate_alt_20260930T223657Z.json
LAK@COL,Brock Nelson,COL,f2,PP2,SOG,over,3.5,draftkings,390,True,2.17344461842204,2.149457824821926,0.1826245664925058,0.17804810582801076,17.712678062678066,2272.766666666667,,"draftkings@1.5,fanduel@1.5,pinnacle@2.5,sgo_fair@2.0",1.0501033526938741,0.20408163265306123,0.17987869009380877,-0.024202942559252455,-0.11859441854033692,0.004576460664495047,456,546.0,pass,2026-09-30T22:36:58+00:00,sgo_slate_alt_20260930T223657Z.json
PIT@PHI,Travis Konecny,PHI,f2,PP2,A,over,0.5,fanduel,118,False,0.5646692267244804,0.4871917652414096,0.4314518237991989,0.38565078917682527,17.79007170032192,2230.1783333333337,,"draftkings@0.5,pinnacle@0.5,sgo_fair@0.5",1.1071951647367635,0.45871559633027525,0.4039712030257747,-0.05474439330450054,-0.11934277740381127,0.045801034622373615,148,164.0,pass,2026-09-30T22:36:58+00:00,sgo_slate_alt_20260930T223657Z.json
PIT@PHI,Owen Tippett,PHI,f1,PP2,SOG,over,4.5,draftkings,500,True,2.827459759703457,2.5992621420479396,0.16720423083186678,0.1330664941752009,17.293983282893787,1918.3983333333333,,"draftkings@2.5,fanduel@2.5,pinnacle@2.5,sgo_fair@2.5",1.0501033526938741,0.16666666666666666,0.14672158883786723,-0.019945077828799423,-0.1196704669727966,0.03413773665666589,582,722.0,pass,2026-09-30T22:36:58+00:00,sgo_slate_alt_20260930T223657Z.json
LAK@COL,Artemi Panarin,LAK,f1,PP1,SOG,under,2.5,draftkings,-150,False,2.72189031401514,2.5141733595633653,0.4984278892941634,0.5472735076833568,19.238125,2334.2925,,"draftkings@2.5,fanduel@2.5,pinnacle@2.5,sgo_fair@2.5",1.0501033526938741,0.6,0.5277352603276795,-0.0722647396723205,-0.12044123278720098,-0.048845618389193435,-112,-101.0,pass,2026-09-30T22:36:58+00:00,sgo_slate_alt_20260930T223657Z.json
LAK@COL,Cale Makar,COL,d1,PP1,A,under,0.5,draftkings,120,False,0.8521146074867143,0.9650953990367924,0.42651207206725983,0.38094685604265266,23.81464714714715,2789.351666666667,,"draftkings@0.5,pinnacle@0.5,sgo_fair@1.0",1.1071951647367635,0.45454545454545453,0.39917294245249557,-0.05537251209295896,-0.12181952660450968,0.04556521602460717,151,167.0,pass,2026-09-30T22:36:58+00:00,sgo_slate_alt_20260930T223657Z.json
NYI@TOR,Kyle Palmieri,NYI,f1,PP1,SOG,under,2.5,draftkings,-165,False,2.5776900322916916,2.4784594877157526,0.5320695506823085,0.555918935700803,18.330910070005388,1155.1666666666667,,"draftkings@2.5,fanduel@2.5,pinnacle@2.5,sgo_fair@2.5",1.0501033526938741,0.6226415094339622,0.5463791816934052,-0.07626232774055708,-0.1224819203105918,-0.02384938501849443,-120,-109.0,pass,2026-09-30T22:36:58+00:00,sgo_slate_alt_20260930T223657Z.json
LAK@COL,Mats Zuccarello,LAK,f2,PP1,A,over,1.5,fanduel,1000,True,0.5408989402050606,0.4104799462630263,0.10285068170163554,0.06438378413281048,17.496636128076993,1710.3441666666665,,"draftkings@0.5,pinnacle@0.5,sgo_fair@0.5",1.1071951647367635,0.09090909090909091,0.07977054316034052,-0.011138547748750394,-0.12252402523625427,0.038466897568825056,1154,1726.0,pass,2026-09-30T22:36:58+00:00,sgo_slate_alt_20260930T223657Z.json
LAK@COL,Artturi Lehkonen,COL,f1,PP2,PTS,under,0.5,draftkings,-145,False,0.6833273466654184,0.6373224397634297,0.5049341033356369,0.5287061731252387,18.532657100445324,1926.55,,"draftkings@0.5,sgo_fair@0.5",1.0522575427430254,0.5918367346938775,0.519197345209398,-0.07263938948447957,-0.12273552016343103,-0.02377206978960178,-108,102.0,pass,2026-09-30T22:36:58+00:00,sgo_slate_alt_20260930T223657Z.json
NYI@TOR,Darren Raddysh,TOR,d1,PP1,A,under,0.5,draftkings,-180,False,0.6527892151450542,0.5228162585183908,0.5205917075726514,0.5928485798648995,21.772137732023086,2248.5808333333334,,"draftkings@0.5,pinnacle@0.5,sgo_fair@0.5",1.1071951647367635,0.6428571428571429,0.5639458309480002,-0.07891131190914269,-0.12275092963644407,-0.07225687229224809,-129,-117.0,pass,2026-09-30T22:36:58+00:00,sgo_slate_alt_20260930T223657Z.json
NYI@TOR,Brayden Schenn,NYI,f2,PP1,SOG,under,1.5,fanduel,-113,False,1.7670895145495848,1.863460286238935,0.48155544144437945,0.45426725124867395,16.50940975192472,1989.5,,"draftkings@1.5,fanduel@1.5,pinnacle@1.5,sgo_fair@2.0",1.0501033526938741,0.5305164319248826,0.4651825273269562,-0.06533390459792643,-0.12315151928635693,0.027288190195705497,115,127.0,pass,2026-09-30T22:36:58+00:00,sgo_slate_alt_20260930T223657Z.json
PIT@PHI,Porter Martone,PHI,f1,PP1,SOG,under,2.5,draftkings,-115,False,2.8617263496329413,2.847282767492061,0.46705673024980976,0.470237276738774,17.520370370370372,153.36666666666667,,"draftkings@2.5,fanduel@2.5,pinnacle@2.5,sgo_fair@3.0",1.0501033526938741,0.5348837209302325,0.46896505814318834,-0.06591866278704417,-0.12323923912360446,-0.0031805464889642643,113,125.0,pass,2026-09-30T22:36:58+00:00,sgo_slate_alt_20260930T223657Z.json
LAK@COL,Gabriel Landeskog,COL,f2,PP1,PTS,over,0.5,fanduel,-128,False,0.6405775066921884,0.7031032069981124,0.47301200294780343,0.5049533146380096,16.206805555555555,984.8166666666667,,"draftkings@0.5,sgo_fair@0.5",1.0522575427430254,0.5614035087719298,0.49217678996192715,-0.06922671881000264,-0.12331009288031725,-0.0319413116902062,103,114.0,pass,2026-09-30T22:36:58+00:00,sgo_slate_alt_20260930T223657Z.json
PIT@PHI,Erik Karlsson,PIT,d1,PP1,PTS,over,1.5,fanduel,400,True,0.7805062051807925,0.7387920128951921,0.18421830983392226,0.1693953805602191,22.990095323205242,2627.4333333333334,,"draftkings@0.5,sgo_fair@0.5",1.0522575427430254,0.2,0.17532455226970037,-0.024675447730299643,-0.12337723865149819,0.014822929273703156,470,565.0,pass,2026-09-30T22:36:58+00:00,sgo_slate_alt_20260930T223657Z.json
NYI@TOR,Matthew Schaefer,NYI,d1,PP1,SOG,over,4.5,fanduel,390,True,2.80586538638041,2.9625838107769127,0.16384973888322954,0.18871396696268128,23.59136178861789,2023.9833333333333,,"draftkings@2.5,fanduel@2.5,pinnacle@2.5,sgo_fair@3.5",1.0501033526938741,0.20408163265306123,0.1787682757309006,-0.025313356922160635,-0.12403544891858698,-0.02486422807945174,459,550.0,pass,2026-09-30T22:36:58+00:00,sgo_slate_alt_20260930T223657Z.json
NYI@TOR,John Tavares,TOR,f2,PP1,SOG,under,2.5,fanduel,-205,False,2.493402450010554,2.2489417721844474,0.5522933953879401,0.6129369295037538,17.08891862955032,2122.2625,,"draftkings@2.5,fanduel@2.5,pinnacle@2.5,sgo_fair@2.5",1.0501033526938741,0.6721311475409836,0.5886795158574283,-0.0834516316835553,-0.12415974469992375,-0.06064353411581369,-143,-129.0,pass,2026-09-30T22:36:58+00:00,sgo_slate_alt_20260930T223657Z.json
NYI@TOR,Matias Maccelli,NYI,f2,PP1,SOG,under,1.5,draftkings,-105,False,1.6523066290768735,2.0543497930307884,0.5156095885902712,0.4037737460628792,15.174308093994778,1373.88,,"draftkings@1.5,sgo_fair@2.0",1.0501033526938741,0.5121951219512195,0.44850808307383594,-0.06368703887738358,-0.12434136161774889,0.11183584252739198,123,136.0,pass,2026-09-30T22:36:58+00:00,sgo_slate_alt_20260930T223657Z.json
PIT@PHI,Trevor Zegras,PHI,f1,PP1,SOG,under,1.5,draftkings,110,False,2.177320181188752,1.8958702366359619,0.373734858465923,0.4453606328532391,18.15746991717456,1953.2883333333334,,"draftkings@1.5,fanduel@1.5,pinnacle@1.5,sgo_fair@1.5",1.0501033526938741,0.47619047619047616,0.4167103230983127,-0.05948015309216348,-0.12490832149354336,-0.0716257743873161,140,155.0,pass,2026-09-30T22:36:58+00:00,sgo_slate_alt_20260930T223657Z.json
LAK@COL,Nazem Kadri,COL,f2,PP2,SOG,under,2.5,draftkings,-165,False,2.727911457110763,2.396569607305325,0.49705097922028363,0.5759885117624661,17.56882499268364,2179.7783333333336,,"draftkings@2.5,fanduel@2.5,pinnacle@2.5,sgo_fair@2.5",1.0501033526938741,0.6226415094339622,0.5444134987455931,-0.07822801068836915,-0.12563892625707784,-0.0789375325421825,-119,-108.0,pass,2026-09-30T22:36:58+00:00,sgo_slate_alt_20260930T223657Z.json
LAK@COL,Nathan MacKinnon,COL,f1,PP1,SOG,over,4.5,draftkings,125,True,3.993648508922653,4.170791595677488,0.3695750575776251,0.4012858859632435,20.211023366508,2590.8675,,"draftkings@3.5,fanduel@3.5,pinnacle@3.5,sgo_fair@4.0",1.0501033526938741,0.4444444444444444,0.38860155460899615,-0.05584288983544827,-0.1256465021297587,-0.031710828385618395,157,175.0,pass,2026-09-30T22:36:58+00:00,sgo_slate_alt_20260930T223657Z.json
LAK@COL,Drew Doughty,LAK,d1,PP2,SOG,over,0.5,fanduel,-590,True,1.4003274527409229,1.4338876079063703,0.7428194517533271,0.75080641812799,22.876091617933724,1988.0616666666667,,"draftkings@1.5,pinnacle@1.5,sgo_fair@1.5",1.0501033526938741,0.855072463768116,0.7476116315781248,-0.10746083218999114,-0.1256745325611761,-0.007986966374662896,-296,-261.0,pass,2026-09-30T22:36:58+00:00,sgo_slate_alt_20260930T223657Z.json
LAK@COL,Erik Haula,LAK,f3,PP2,A,over,0.5,draftkings,285,False,0.22434432295704718,0.28011237195630345,0.20096004080403007,0.24430118267020975,14.81408969210174,1807.1625,,"draftkings@0.5,sgo_fair@0.5",1.1071951647367635,0.2597402597402597,0.2269647259237379,-0.03277553381652182,-0.1261858051936091,-0.04334114186617968,341,395.0,pass,2026-09-30T22:36:58+00:00,sgo_slate_alt_20260930T223657Z.json
LAK@COL,Artturi Lehkonen,COL,f1,PP2,SOG,under,1.5,draftkings,130,False,2.1684808159521625,2.140161461287805,0.37582994234929945,0.38260870525257284,18.532657100445324,1926.55,,"draftkings@1.5,sgo_fair@2.0",1.0501033526938741,0.43478260869565216,0.3798972000912635,-0.054885408604388675,-0.12623643979009402,-0.006778762903273394,163,182.0,pass,2026-09-30T22:36:58+00:00,sgo_slate_alt_20260930T223657Z.json
PIT@PHI,Porter Martone,PHI,f1,PP1,PTS,under,0.5,draftkings,-105,False,0.9050391231091117,0.7424955546482034,0.4045260584763032,0.4759247361196882,17.520370370370372,153.36666666666667,,"draftkings@0.5,sgo_fair@0.5",1.0522575427430254,0.5121951219512195,0.4473652650623342,-0.06482985688888532,-0.12657257773544273,-0.07139867764338503,124,137.0,pass,2026-09-30T22:36:58+00:00,sgo_slate_alt_20260930T223657Z.json
NYI@TOR,John Tavares,TOR,f2,PP1,PTS,over,1.5,draftkings,350,True,0.8849921821443814,0.7559350308330143,0.2220309278827024,0.1754632245907195,17.08891862955032,2122.2625,,"draftkings@0.5,sgo_fair@0.5",1.0522575427430254,0.2222222222222222,0.19409030590751267,-0.028131916314709543,-0.12659362341619296,0.0465677032919829,415,491.0,pass,2026-09-30T22:36:58+00:00,sgo_slate_alt_20260930T223657Z.json
LAK@COL,Alex Laferriere,LAK,f2,PP2,SOG,over,3.5,draftkings,300,True,2.3058104448806325,2.388241175899168,0.20844856937464137,0.22495185043751578,16.89103086155165,2074.2774999999997,,"draftkings@2.5,sgo_fair@2.5",1.0501033526938741,0.25,0.21835053801236604,-0.031649461987633964,-0.12659784795053586,-0.01650328106287441,358,417.0,pass,2026-09-30T22:36:58+00:00,sgo_slate_alt_20260930T223657Z.json
LAK@COL,Brandt Clarke,LAK,d2,PP1,PTS,over,0.5,draftkings,115,False,0.4577490777357853,0.5657911050675989,0.36729378363279613,0.43208930802836043,19.37295046968403,2195.145,,"draftkings@0.5,sgo_fair@0.5",1.0522575427430254,0.46511627906976744,0.40617109827013476,-0.05894518079963268,-0.1267321387192103,-0.0647955243955643,146,162.0,pass,2026-09-30T22:36:58+00:00,sgo_slate_alt_20260930T223657Z.json
LAK@COL,Trevor Moore,LAK,f3,PP2,PTS,over,0.5,draftkings,160,False,0.40481607462017527,0.4119150025085723,0.33290050389613485,0.33761942565332864,15.137832260194816,1693.5033333333333,,"draftkings@0.5,sgo_fair@0.5",1.0522575427430254,0.38461538461538464,0.33573185695045116,-0.04888352766493348,-0.12709717192882697,-0.004718921757193795,198,222.0,pass,2026-09-30T22:36:58+00:00,sgo_slate_alt_20260930T223657Z.json
LAK@COL,Artturi Lehkonen,COL,f1,PP2,A,over,1.5,draftkings,1500,True,0.3736608919810011,0.37315235413157505,0.05463249428234905,0.054501775846505805,18.532657100445324,1926.55,,"draftkings@0.5,pinnacle@0.5,sgo_fair@0.5",1.1071951647367635,0.0625,0.05455406322084311,-0.007945936779156892,-0.12713498846651028,0.00013071843584324533,1733,3284.0,pass,2026-09-30T22:36:58+00:00,sgo_slate_alt_20260930T223657Z.json
PIT@PHI,Erik Karlsson,PIT,d1,PP1,A,over,1.5,draftkings,600,True,0.6395447635083603,0.5871137016705406,0.13508681688835697,0.11767659427646161,22.990095323205242,2627.4333333333334,,"draftkings@0.5,pinnacle@0.5,sgo_fair@0.5",1.1071951647367635,0.14285714285714285,0.12464068332121976,-0.018216459535923088,-0.1275152167514617,0.017410222611895357,702,904.0,pass,2026-09-30T22:36:58+00:00,sgo_slate_alt_20260930T223657Z.json
PIT@PHI,Erik Karlsson,PIT,d1,PP1,A,over,1.5,fanduel,600,True,0.6395447635083603,0.5871137016705406,0.13508681688835697,0.11767659427646161,22.990095323205242,2627.4333333333334,,"draftkings@0.5,pinnacle@0.5,sgo_fair@0.5",1.1071951647367635,0.14285714285714285,0.12464068332121976,-0.018216459535923088,-0.1275152167514617,0.017410222611895357,702,904.0,pass,2026-09-30T22:36:58+00:00,sgo_slate_alt_20260930T223657Z.json
NYI@TOR,Matias Maccelli,NYI,f2,PP1,SOG,over,2.5,fanduel,195,True,1.6523066290768735,2.0543497930307884,0.23331152621096413,0.33722327670720736,15.174308093994778,1373.88,,"draftkings@1.5,sgo_fair@2.0",1.0501033526938741,0.3389830508474576,0.2956585765087101,-0.04332447433874753,-0.12780719929930517,-0.10391175049624324,238,269.0,pass,2026-09-30T22:36:58+00:00,sgo_slate_alt_20260930T223657Z.json
LAK@COL,Erik Haula,LAK,f3,PP2,PTS,over,0.5,draftkings,190,False,0.3577324399807327,0.3577324399807327,0.30073985596307556,0.30073985596307556,14.81408969210174,1807.1625,,"draftkings@0.5,sgo_fair@0.5",1.0522575427430254,0.3448275862068966,0.30073985596307556,-0.04408773024382101,-0.12785441770708084,0.0,233,263.0,pass,2026-09-30T22:36:58+00:00,sgo_slate_alt_20260930T223657Z.json
PIT@PHI,Christian Dvorak,PHI,f2,-,PTS,over,1.5,draftkings,800,True,0.5487328642621591,0.5033453036426875,0.10532591207922361,0.09122021630459384,16.72216638152267,2039.2425,,"draftkings@0.5,sgo_fair@0.5",1.0522575427430254,0.1111111111111111,0.09686249461444574,-0.014248616496665367,-0.12823754846998836,0.014105695774629765,932,1292.0,pass,2026-09-30T22:36:58+00:00,sgo_slate_alt_20260930T223657Z.json
PIT@PHI,Evgeni Malkin,PIT,f2,PP2,A,over,1.5,draftkings,800,True,0.5878019954655425,0.47533860706231446,0.1179013034705924,0.08281958339398524,16.83075923787529,1529.4875,,"draftkings@0.5,pinnacle@0.5,sgo_fair@0.5",1.1071951647367635,0.1111111111111111,0.0968522714246281,-0.014258839686483005,-0.12832955717834715,0.03508172007660716,933,1292.0,pass,2026-09-30T22:36:58+00:00,sgo_slate_alt_20260930T223657Z.json
PIT@PHI,Jamie Drysdale,PHI,d2,PP1,PTS,over,0.5,draftkings,115,False,0.42942966969293433,0.5836626803498522,0.3491197944071124,0.4421486111787626,20.541472602739724,2308.5825,,"draftkings@0.5,sgo_fair@0.5",1.0522575427430254,0.46511627906976744,0.4049370844701025,-0.06017919459966492,-0.12938526838927966,-0.0930288167716502,147,163.0,pass,2026-09-30T22:36:58+00:00,sgo_slate_alt_20260930T223657Z.json
NYI@TOR,Darren Raddysh,TOR,d1,PP1,PTS,under,0.5,draftkings,-120,False,0.8630637920083494,0.6735215396940623,0.42186758575841443,0.5099097449077474,21.772137732023086,2248.5808333333334,,"draftkings@0.5,sgo_fair@0.5",1.0522575427430254,0.5454545454545454,0.47469288124801423,-0.07076166420653118,-0.12972971771197384,-0.088042159149333,111,122.0,pass,2026-09-30T22:36:58+00:00,sgo_slate_alt_20260930T223657Z.json
PIT@PHI,Matvei Michkov,PHI,f3,PP1,SOG,under,1.5,draftkings,105,False,2.187048050044738,1.8456281585303085,0.3714405746176537,0.4592259142860733,14.45386396011396,1802.7041666666667,,"draftkings@1.5,sgo_fair@1.5",1.0501033526938741,0.4878048780487805,0.42411177841870545,-0.06369309963007502,-0.13057085424165393,-0.08778533966841962,136,151.0,pass,2026-09-30T22:36:58+00:00,sgo_slate_alt_20260930T223657Z.json
PIT@PHI,Rickard Rakell,PIT,f1,PP1,SOG,under,2.5,fanduel,-174,False,2.5605191408268344,2.450920638608196,0.5361574738163617,0.5626308548641948,18.540236737515123,1840.311666666667,,"draftkings@2.5,fanduel@2.5,pinnacle@2.5,sgo_fair@2.5",1.0501033526938741,0.635036496350365,0.5520415024450616,-0.0829949939053034,-0.13069326626467315,-0.026473381047833144,-123,-111.0,pass,2026-09-30T22:36:58+00:00,sgo_slate_alt_20260930T223657Z.json
LAK@COL,Nazem Kadri,COL,f2,PP2,PTS,over,1.5,draftkings,550,True,0.6711867194200936,0.6112380399499037,0.14585365433220251,0.12561560390113802,17.56882499268364,2179.7783333333336,,"draftkings@0.5,sgo_fair@0.5",1.0522575427430254,0.15384615384615385,0.13371082407356383,-0.020135329772590027,-0.13087964352183512,0.020238050431064497,648,820.0,pass,2026-09-30T22:36:58+00:00,sgo_slate_alt_20260930T223657Z.json
LAK@COL,Quinton Byfield,LAK,f1,PP1,A,over,0.5,draftkings,180,False,0.3323603075065874,0.3985871245742266,0.28277114664681546,0.32873220587658136,18.790998989461528,2260.741666666667,,"draftkings@0.5,pinnacle@0.5,sgo_fair@0.5",1.1071951647367635,0.35714285714285715,0.310347782184675,-0.04679507495818214,-0.13102620988291003,-0.0459610592297659,222,250.0,pass,2026-09-30T22:36:58+00:00,sgo_slate_alt_20260930T223657Z.json
PIT@PHI,Porter Martone,PHI,f1,PP1,A,under,0.5,draftkings,-250,False,0.5579302430860641,0.4264977984175514,0.5723925521020212,0.6527913027478458,17.520370370370372,153.36666666666667,,"draftkings@0.5,pinnacle@0.5,sgo_fair@0.5",1.1071951647367635,0.7142857142857143,0.6206318024895159,-0.09365391179619842,-0.1311154765146778,-0.08039875064582458,-164,-147.0,pass,2026-09-30T22:36:58+00:00,sgo_slate_alt_20260930T223657Z.json
PIT@PHI,Trevor Zegras,PHI,f1,PP1,SOG,over,4.5,draftkings,1300,True,2.177320181188752,1.8958702366359619,0.07900417232677383,0.05073909914724868,18.15746991717456,1953.2883333333334,,"draftkings@1.5,fanduel@1.5,pinnacle@1.5,sgo_fair@1.5",1.0501033526938741,0.07142857142857142,0.06204512841905874,-0.009383443009512688,-0.13136820213317768,0.028265073179525146,1512,2599.0,pass,2026-09-30T22:36:58+00:00,sgo_slate_alt_20260930T223657Z.json
PIT@PHI,Erik Karlsson,PIT,d1,PP1,SOG,over,3.5,draftkings,330,True,2.2661791992622393,2.2776169614419457,0.20062224950304158,0.2028732013280753,22.990095323205242,2627.4333333333334,,"draftkings@2.5,fanduel@2.5,pinnacle@2.5,sgo_fair@2.5",1.0501033526938741,0.23255813953488372,0.20197282059806182,-0.030585318936821898,-0.13151687142833424,-0.002250951825033709,395,465.0,pass,2026-09-30T22:36:58+00:00,sgo_slate_alt_20260930T223657Z.json
LAK@COL,Adrian Kempe,LAK,f1,PP1,A,over,0.5,fanduel,138,False,0.44450749898127423,0.4599614329420163,0.35886003962786267,0.36869200727061624,18.629540939406837,2261.9791666666665,,"draftkings@0.5,pinnacle@0.5,sgo_fair@0.5",1.1071951647367635,0.42016806722689076,0.3647592202135148,-0.05540884701337595,-0.13187305589183473,-0.00983196764275357,174,194.0,pass,2026-09-30T22:36:58+00:00,sgo_slate_alt_20260930T223657Z.json
NYI@TOR,John Tavares,TOR,f2,PP1,SOG,over,3.5,draftkings,300,True,2.493402450010554,2.2489417721844474,0.24637918920044358,0.19724225666391226,17.08891862955032,2122.2625,,"draftkings@2.5,fanduel@2.5,pinnacle@2.5,sgo_fair@2.5",1.0501033526938741,0.25,0.21689702967852478,-0.03310297032147522,-0.13241188128590087,0.049136932536531314,361,421.0,pass,2026-09-30T22:36:58+00:00,sgo_slate_alt_20260930T223657Z.json
NYI@TOR,Matias Maccelli,NYI,f2,PP1,SOG,over,3.5,draftkings,550,True,1.6523066290768735,2.0543497930307884,0.09301117551758746,0.1602594437201854,15.174308093994778,1373.88,,"draftkings@1.5,sgo_fair@2.0",1.0501033526938741,0.15384615384615385,0.13336013643914624,-0.020486017407007617,-0.1331591131455494,-0.06724826820259795,650,823.0,pass,2026-09-30T22:36:58+00:00,sgo_slate_alt_20260930T223657Z.json
PIT@PHI,Sidney Crosby,PIT,f1,PP1,SOG,over,3.5,draftkings,300,True,2.410393750843344,2.304635616620503,0.22943367666908127,0.20821549766800815,18.813389423076924,2041.1850000000002,,"draftkings@2.5,fanduel@2.5,pinnacle@2.5,sgo_fair@2.5",1.0501033526938741,0.25,0.2167027692684374,-0.0332972307315626,-0.1331889229262504,0.021218179001073117,361,422.0,pass,2026-09-30T22:36:58+00:00,sgo_slate_alt_20260930T223657Z.json
PIT@PHI,Trevor Zegras,PHI,f1,PP1,SOG,under,1.5,fanduel,108,False,2.177320181188752,1.8958702366359619,0.373734858465923,0.4453606328532391,18.15746991717456,1953.2883333333334,,"draftkings@1.5,fanduel@1.5,pinnacle@1.5,sgo_fair@1.5",1.0501033526938741,0.4807692307692308,0.4167103230983127,-0.0640589076709181,-0.13324252795550962,-0.0716257743873161,140,155.0,pass,2026-09-30T22:36:58+00:00,sgo_slate_alt_20260930T223657Z.json
LAK@COL,Cale Makar,COL,d1,PP1,SOG,under,2.5,fanduel,-122,False,2.752612087547682,2.8657877502754565,0.49142661821408695,0.46616491880275324,23.81464714714715,2789.351666666667,,"draftkings@2.5,fanduel@2.5,pinnacle@2.5,sgo_fair@3.0",1.0501033526938741,0.5495495495495496,0.47626959856728673,-0.07327995098226286,-0.13334548457428153,0.025261699411333716,110,122.0,pass,2026-09-30T22:36:58+00:00,sgo_slate_alt_20260930T223657Z.json
LAK@COL,Artemi Panarin,LAK,f1,PP1,SOG,over,4.5,fanduel,550,True,2.72189031401514,2.5141733595633653,0.15104177739614014,0.12114624066668062,19.238125,2334.2925,,"draftkings@2.5,fanduel@2.5,pinnacle@2.5,sgo_fair@2.5",1.0501033526938741,0.15384615384615385,0.13310445535846444,-0.02074169848768942,-0.1348210401699812,0.02989553672945952,651,825.0,pass,2026-09-30T22:36:58+00:00,sgo_slate_alt_20260930T223657Z.json
NYI@TOR,Jack Roslovic,TOR,f1,PP2,SOG,under,1.5,draftkings,105,False,2.2021131931100992,1.8506993587213365,0.36791101143369775,0.4578115420739931,16.5629364333803,1610.1491666666666,,"draftkings@1.5,sgo_fair@1.5",1.0501033526938741,0.4878048780487805,0.421851329817875,-0.06595354823090549,-0.1352047738733564,-0.08990053064029535,137,152.0,pass,2026-09-30T22:36:58+00:00,sgo_slate_alt_20260930T223657Z.json
LAK@COL,Nazem Kadri,COL,f2,PP2,SOG,under,2.5,fanduel,-170,False,2.727911457110763,2.396569607305325,0.49705097922028363,0.5759885117624661,17.56882499268364,2179.7783333333336,,"draftkings@2.5,fanduel@2.5,pinnacle@2.5,sgo_fair@2.5",1.0501033526938741,0.6296296296296297,0.5444134987455931,-0.08521613088403657,-0.13534326669817565,-0.0789375325421825,-119,-108.0,pass,2026-09-30T22:36:58+00:00,sgo_slate_alt_20260930T223657Z.json
NYI@TOR,Auston Matthews,TOR,f1,PP1,PTS,under,0.5,draftkings,140,False,0.9429702200275875,1.0790770394883018,0.389469306133691,0.3399091035928301,19.35674712013165,1888.035,,"draftkings@0.5,sgo_fair@1.0",1.0522575427430254,0.4166666666666667,0.3597331846091745,-0.05693348205749221,-0.13664035693798127,0.04956020254086091,178,199.0,pass,2026-09-30T22:36:58+00:00,sgo_slate_alt_20260930T223657Z.json
PIT@PHI,Matvei Michkov,PHI,f3,PP1,A,over,1.5,draftkings,1100,True,0.45354272946887914,0.42689679511275885,0.07645789843178144,0.0689057598805479,14.45386396011396,1802.7041666666667,,"draftkings@0.5,sgo_fair@0.5",1.1071951647367635,0.08333333333333333,0.07192661530104132,-0.011406718032292013,-0.13688061638750426,0.007552138551233545,1290,2031.0,pass,2026-09-30T22:36:58+00:00,sgo_slate_alt_20260930T223657Z.json
PIT@PHI,Matvei Michkov,PHI,f3,PP1,PTS,over,1.5,draftkings,475,True,0.721297349233459,0.657706949255484,0.1632409053382714,0.14124503835417612,14.45386396011396,1802.7041666666667,,"draftkings@0.5,sgo_fair@0.5",1.0522575427430254,0.17391304347826086,0.15004338514781423,-0.02386965833044663,-0.13725053540006815,0.02199586698409528,566,700.0,pass,2026-09-30T22:36:58+00:00,sgo_slate_alt_20260930T223657Z.json
LAK@COL,Nathan MacKinnon,COL,f1,PP1,PTS,over,1.5,fanduel,-115,False,1.5196028966735975,1.5830798226764629,0.44871402206329336,0.46958597913712574,20.211023366508,2590.8675,,"draftkings@1.5,sgo_fair@1.5",1.0522575427430254,0.5348837209302325,0.46123719630759275,-0.07364652462263976,-0.13768698081623976,-0.02087195707383238,117,129.0,pass,2026-09-30T22:36:58+00:00,sgo_slate_alt_20260930T223657Z.json
NYI@TOR,Jack Roslovic,TOR,f1,PP2,SOG,over,3.5,draftkings,475,True,2.2021131931100992,1.8506993587213365,0.1881383029134376,0.12440066880169409,16.5629364333803,1610.1491666666666,,"draftkings@1.5,sgo_fair@1.5",1.0501033526938741,0.17391304347826086,0.1498957224463915,-0.024017321031869376,-0.13809959593324894,0.06373763411174352,567,701.0,pass,2026-09-30T22:36:58+00:00,sgo_slate_alt_20260930T223657Z.json
LAK@COL,Nazem Kadri,COL,f2,PP2,PTS,over,0.5,fanduel,-120,False,0.6711867194200936,0.6112380399499037,0.48889831654227817,0.4573214047714215,17.56882499268364,2179.7783333333336,,"draftkings@0.5,sgo_fair@0.5",1.0522575427430254,0.5454545454545454,0.4699521694797642,-0.07550237597478121,-0.1384210226204322,0.03157691177085664,113,125.0,pass,2026-09-30T22:36:58+00:00,sgo_slate_alt_20260930T223657Z.json
PIT@PHI,Christian Dvorak,PHI,f2,-,PTS,over,0.5,fanduel,112,False,0.5487328642621591,0.5033453036426875,0.42231865251531725,0.3954949794346094,16.72216638152267,2039.2425,,"draftkings@0.5,sgo_fair@0.5",1.0522575427430254,0.4716981132075472,0.40622444866689256,-0.06547366454065462,-0.13880416882618773,0.026823673080707877,146,162.0,pass,2026-09-30T22:36:58+00:00,sgo_slate_alt_20260930T223657Z.json
LAK@COL,Quinton Byfield,LAK,f1,PP1,PTS,over,0.5,fanduel,-122,False,0.5906063945965947,0.6738364210812856,0.44600875443923427,0.4902507909038918,18.790998989461528,2260.741666666667,,"draftkings@0.5,sgo_fair@0.5",1.0522575427430254,0.5495495495495496,0.47255397631802876,-0.07699557323152084,-0.14010669883112803,-0.04424203646465752,112,123.0,pass,2026-09-30T22:36:58+00:00,sgo_slate_alt_20260930T223657Z.json
PIT@PHI,Jamie Drysdale,PHI,d2,PP1,A,over,0.5,draftkings,160,False,0.33190880021768737,0.4508242518489211,0.2824472394739951,0.36289719802117476,20.541472602739724,2308.5825,,"draftkings@0.5,sgo_fair@0.5",1.1071951647367635,0.38461538461538464,0.3307172146023029,-0.053898170013081725,-0.1401352420340124,-0.08044995854717968,202,227.0,pass,2026-09-30T22:36:58+00:00,sgo_slate_alt_20260930T223657Z.json
PIT@PHI,Erik Karlsson,PIT,d1,PP1,PTS,over,1.5,draftkings,390,True,0.7805062051807925,0.7387920128951921,0.18421830983392226,0.1693953805602191,22.990095323205242,2627.4333333333334,,"draftkings@0.5,sgo_fair@0.5",1.0522575427430254,0.20408163265306123,0.17532455226970037,-0.02875708038336086,-0.1409096938784682,0.014822929273703156,470,565.0,pass,2026-09-30T22:36:58+00:00,sgo_slate_alt_20260930T223657Z.json
PIT@PHI,Egor Chinakhov,PIT,f2,PP1,G,over,1.5,fanduel,2500,True,0.2679721046043106,0.2909417145168537,0.030091215354823158,0.03494458190900091,14.739930555555556,970.55,,"fanduel@0.5,pinnacle@0.5,sgo_fair@0.5",1.0771563327510214,0.038461538461538464,0.03300323528732981,-0.005458303174208652,-0.14191588252942489,-0.004853366554177754,2930,12395.0,pass,2026-09-30T22:36:58+00:00,sgo_slate_alt_20260930T223657Z.json
LAK@COL,Trevor Moore,LAK,f3,PP2,SOG,under,1.5,draftkings,110,False,1.951627011941058,2.093677665891229,0.4303576583132952,0.3939566568297863,15.137832260194816,1693.5033333333333,,"draftkings@1.5,sgo_fair@2.0",1.0501033526938741,0.47619047619047616,0.4085170574231899,-0.06767341876728628,-0.14211417941130122,0.03640100148350889,145,161.0,pass,2026-09-30T22:36:58+00:00,sgo_slate_alt_20260930T223657Z.json
PIT@PHI,Egor Chinakhov,PIT,f2,PP1,PTS,over,0.5,fanduel,-118,False,0.6218130795687508,0.6258494232686037,0.4630300148274232,0.4651930419469597,14.739930555555556,970.55,,"draftkings@0.5,sgo_fair@0.5",1.0522575427430254,0.5412844036697247,0.4643278310991451,-0.07695657257057964,-0.14217400695242688,-0.0021630271195365314,115,128.0,pass,2026-09-30T22:36:58+00:00,sgo_slate_alt_20260930T223657Z.json
PIT@PHI,Owen Tippett,PHI,f1,PP2,SOG,under,2.5,fanduel,-144,False,2.827459759703457,2.5992621420479396,0.4746251436764678,0.5269577860058989,17.293983282893787,1918.3983333333333,,"draftkings@2.5,fanduel@2.5,pinnacle@2.5,sgo_fair@2.5",1.0501033526938741,0.5901639344262295,0.5060247290741264,-0.08413920535210306,-0.1425692090688413,-0.052332642329431134,-102,108.0,pass,2026-09-30T22:36:58+00:00,sgo_slate_alt_20260930T223657Z.json
NYI@TOR,Jack Roslovic,TOR,f1,PP2,G,over,1.5,fanduel,2700,False,0.3013096210264325,0.24825642505226037,0.03722781468206205,0.02616043583047803,16.5629364333803,1610.1491666666666,,"pinnacle@0.5,sgo_fair@0.5",1.0771563327510214,0.03571428571428571,0.03058738737111164,-0.005126898343174074,-0.1435531536088741,0.011067378851584021,3169,17797.0,pass,2026-09-30T22:36:58+00:00,sgo_slate_alt_20260930T223657Z.json
LAK@COL,Artturi Lehkonen,COL,f1,PP2,PTS,over,0.5,fanduel,-128,False,0.6833273466654184,0.6373224397634297,0.4950658966643631,0.47129382687476135,18.532657100445324,1926.55,,"draftkings@0.5,sgo_fair@0.5",1.0522575427430254,0.5614035087719298,0.480802654790602,-0.08060085398132777,-0.14357027115424015,0.02377206978960178,108,119.0,pass,2026-09-30T22:36:58+00:00,sgo_slate_alt_20260930T223657Z.json
LAK@COL,Quinton Byfield,LAK,f1,PP1,SOG,over,3.5,draftkings,300,True,2.136336181942233,2.459191254511227,0.1755593296824469,0.23936803757347197,18.790998989461528,2260.741666666667,,"draftkings@2.5,fanduel@2.5,pinnacle@2.5,sgo_fair@2.5",1.0501033526938741,0.25,0.21384455441706193,-0.03615544558293807,-0.14462178233175227,-0.06380870789102508,368,430.0,pass,2026-09-30T22:36:58+00:00,sgo_slate_alt_20260930T223657Z.json
LAK@COL,Alex Turcotte,LAK,f2,PP2,G,over,1.5,fanduel,6000,False,0.16619366582860512,0.18468522495504294,0.01237133547043897,0.015093059185781223,13.563327933765299,1030.3283333333334,,sgo_fair@0.5,1.0771563327510214,0.01639344262295082,0.01400436969964432,-0.0023890729233064997,-0.14573344832169643,-0.002721723715342253,7041,,pass,2026-09-30T22:36:58+00:00,sgo_slate_alt_20260930T223657Z.json
NYI@TOR,John Tavares,TOR,f2,PP1,PTS,over,1.5,fanduel,340,True,0.8849921821443814,0.7559350308330143,0.2220309278827024,0.1754632245907195,17.08891862955032,2122.2625,,"draftkings@0.5,sgo_fair@0.5",1.0522575427430254,0.22727272727272727,0.19409030590751267,-0.0331824213652146,-0.14600265400694423,0.0465677032919829,415,491.0,pass,2026-09-30T22:36:58+00:00,sgo_slate_alt_20260930T223657Z.json
NYI@TOR,William Nylander,TOR,f2,PP1,A,over,1.5,draftkings,600,True,0.6387828662426337,0.5737120145598846,0.13482982272802518,0.11332329576322413,17.72223436993845,2000.8358333333333,,"draftkings@0.5,pinnacle@0.5,sgo_fair@0.5",1.1071951647367635,0.14285714285714285,0.12192590654914456,-0.020931236307998285,-0.14651865415598808,0.021506526964801057,720,932.0,pass,2026-09-30T22:36:58+00:00,sgo_slate_alt_20260930T223657Z.json
NYI@TOR,Bo Horvat,NYI,f1,PP1,SOG,over,6.5,draftkings,1300,True,3.303335038033972,3.2401812102375307,0.06373032425503973,0.05911713300314435,19.278630126057124,2147.2058333333334,,"draftkings@2.5,fanduel@3.5,pinnacle@3.5,sgo_fair@3.5",1.0501033526938741,0.07142857142857142,0.0609624095039025,-0.010466161924668926,-0.14652626694536508,0.004613191251895382,1540,2681.0,pass,2026-09-30T22:36:58+00:00,sgo_slate_alt_20260930T223657Z.json
LAK@COL,Alex Laferriere,LAK,f2,PP2,A,over,0.5,fanduel,240,False,0.2598007363590844,0.30902514616750676,0.2287947563414093,0.2658376915742397,16.89103086155165,2074.2774999999997,,"draftkings@0.5,pinnacle@0.5,sgo_fair@0.5",1.1071951647367635,0.29411764705882354,0.25102051748110754,-0.043097129577716,-0.14653024056423436,-0.03704293523283039,298,342.0,pass,2026-09-30T22:36:58+00:00,sgo_slate_alt_20260930T223657Z.json
NYI@TOR,Auston Matthews,TOR,f1,PP1,PTS,over,2.5,draftkings,900,True,0.9429702200275875,1.0790770394883018,0.07011607816692755,0.09540647370953244,19.35674712013165,1888.035,,"draftkings@0.5,sgo_fair@1.0",1.0522575427430254,0.1,0.08529031549249048,-0.014709684507509521,-0.14709684507509513,-0.025290395542604885,1072,1559.0,pass,2026-09-30T22:36:58+00:00,sgo_slate_alt_20260930T223657Z.json
NYI@TOR,Simon Holmstrom,NYI,f1,PP2,G,over,1.5,fanduel,3300,False,0.24742450693386628,0.23935546581707523,0.02599951325870734,0.02445989446635343,17.38473022912047,1890.7566666666667,,"pinnacle@0.5,sgo_fair@0.5",1.0771563327510214,0.029411764705882353,0.025075741983294993,-0.00433602272258736,-0.14742477256797026,0.0015396187923539077,3888,1320172.0,pass,2026-09-30T22:36:58+00:00,sgo_slate_alt_20260930T223657Z.json
PIT@PHI,Matvei Michkov,PHI,f3,PP1,SOG,over,3.5,draftkings,475,True,2.187048050044738,1.8456281585303085,0.18523501564969888,0.12355163623622228,14.45386396011396,1802.7041666666667,,"draftkings@1.5,sgo_fair@1.5",1.0501033526938741,0.17391304347826086,0.14822498800161293,-0.02568805547664793,-0.14770631899072562,0.0616833794134766,575,712.0,pass,2026-09-30T22:36:58+00:00,sgo_slate_alt_20260930T223657Z.json
LAK@COL,Nathan MacKinnon,COL,f1,PP1,A,over,0.5,fanduel,-250,False,0.99383951889195,0.9013066718911821,0.6298472493306999,0.5939612464699415,20.211023366508,2590.8675,,"draftkings@0.5,pinnacle@0.5,sgo_fair@0.5",1.1071951647367635,0.7142857142857143,0.6083156476142448,-0.10597006667146947,-0.14835809334005723,0.03588600286075838,-155,-140.0,pass,2026-09-30T22:36:58+00:00,sgo_slate_alt_20260930T223657Z.json
LAK@COL,Mats Zuccarello,LAK,f2,PP1,SOG,over,2.5,draftkings,170,True,1.981372983240766,1.9604317896902295,0.31832668244158047,0.3128938311251362,17.496636128076993,1710.3441666666665,,"draftkings@1.5,fanduel@1.5,pinnacle@1.5,sgo_fair@2.5",1.0501033526938741,0.37037037037037035,0.31506697165171393,-0.055303398718656416,-0.1493191765403723,0.005432851316444276,217,245.0,pass,2026-09-30T22:36:58+00:00,sgo_slate_alt_20260930T223657Z.json
LAK@COL,Martin Necas,COL,f1,PP1,SOG,over,4.5,fanduel,450,True,2.558919995970061,2.8628088231689897,0.1273560035049821,0.17274659730145456,19.35776089828269,2352.2475,,"draftkings@2.5,fanduel@2.5,pinnacle@2.5,sgo_fair@3.5",1.0501033526938741,0.18181818181818182,0.1545903597828656,-0.027227822035316235,-0.14975302119423928,-0.04539059379647245,547,672.0,pass,2026-09-30T22:36:58+00:00,sgo_slate_alt_20260930T223657Z.json
NYI@TOR,Colton Sissons,TOR,f3,-,G,over,1.5,fanduel,10000,False,0.1337432613002102,0.13682508270184898,0.008184803196628575,0.008548968794551142,13.314465962441314,1305.0158333333334,,sgo_fair@0.5,1.0771563327510214,0.009900990099009901,0.008403302555382115,-0.0014976875436277862,-0.15126644190640637,-0.000364165597922567,11800,,pass,2026-09-30T22:36:58+00:00,sgo_slate_alt_20260930T223657Z.json
PIT@PHI,Noah Cates,PHI,f3,PP2,SOG,over,2.5,draftkings,310,True,1.5406573649202646,1.5505246854859767,0.20515517566742164,0.2076176239844151,14.816801878736124,1889.2450000000001,,"draftkings@1.5,sgo_fair@1.5",1.0501033526938741,0.24390243902439024,0.20663264465761771,-0.037269794366772524,-0.15280615690376742,-0.0024624483169934652,384,451.0,pass,2026-09-30T22:36:58+00:00,sgo_slate_alt_20260930T223657Z.json
LAK@COL,Nathan MacKinnon,COL,f1,PP1,SOG,over,5.5,draftkings,250,True,3.993648508922653,4.170791595677488,0.22597170235346864,0.25276379448545677,20.211023366508,2590.8675,,"draftkings@3.5,fanduel@3.5,pinnacle@3.5,sgo_fair@4.0",1.0501033526938741,0.2857142857142857,0.2420469576326615,-0.043667328081624185,-0.15283564828568474,-0.026792092131988132,313,361.0,pass,2026-09-30T22:36:58+00:00,sgo_slate_alt_20260930T223657Z.json
LAK@COL,Quinton Byfield,LAK,f1,PP1,SOG,over,2.5,fanduel,108,False,2.136336181942233,2.459191254511227,0.3583437767300945,0.4393889786958772,18.790998989461528,2260.741666666667,,"draftkings@2.5,fanduel@2.5,pinnacle@2.5,sgo_fair@2.5",1.0501033526938741,0.4807692307692308,0.4069708979095641,-0.0737983328596667,-0.15350053234810668,-0.08104520196578269,146,162.0,pass,2026-09-30T22:36:58+00:00,sgo_slate_alt_20260930T223657Z.json
PIT@PHI,Tommy Novak,PIT,f2,PP1,SOG,over,2.5,draftkings,215,True,1.7375467524096142,1.8243634150962074,0.25515055046765045,0.27758270747637037,15.020621668234558,1492.5841666666668,,"draftkings@1.5,sgo_fair@1.5",1.0501033526938741,0.31746031746031744,0.2686098446728824,-0.04885047278743504,-0.15387898928042043,-0.022432157008719922,272,310.0,pass,2026-09-30T22:36:58+00:00,sgo_slate_alt_20260930T223657Z.json
PIT@PHI,Connor Dewar,PIT,f4,-,G,over,1.5,fanduel,10000,True,0.14347284158957066,0.12971525616335372,0.009358789006479152,0.007719689841920489,11.95554718875502,1335.745,,sgo_fair@0.5,1.0771563327510214,0.009900990099009901,0.008375329507743955,-0.0015256605912659458,-0.1540917197178605,0.0016390991645586625,11840,,pass,2026-09-30T22:36:58+00:00,sgo_slate_alt_20260930T223657Z.json
LAK@COL,Martin Necas,COL,f1,PP1,PTS,over,2.5,fanduel,600,True,1.2331426725326338,1.1800566391379415,0.12777837357376473,0.11621700894066515,19.35776089828269,2352.2475,,"draftkings@0.5,sgo_fair@1.5",1.0522575427430254,0.14285714285714285,0.12084155479390499,-0.022015588063237862,-0.15410911644266512,0.011561364633099577,728,943.0,pass,2026-09-30T22:36:58+00:00,sgo_slate_alt_20260930T223657Z.json
LAK@COL,Martin Necas,COL,f1,PP1,PTS,over,2.5,draftkings,600,True,1.2331426725326338,1.1800566391379415,0.12777837357376473,0.11621700894066515,19.35776089828269,2352.2475,,"draftkings@0.5,sgo_fair@1.5",1.0522575427430254,0.14285714285714285,0.12084155479390499,-0.022015588063237862,-0.15410911644266512,0.011561364633099577,728,943.0,pass,2026-09-30T22:36:58+00:00,sgo_slate_alt_20260930T223657Z.json
PIT@PHI,Evgeni Malkin,PIT,f2,PP2,PTS,over,1.5,draftkings,370,True,0.8261412069438335,0.7296746466962777,0.20063378493700795,0.16618299683625873,16.83075923787529,1529.4875,,"draftkings@0.5,sgo_fair@0.5",1.0522575427430254,0.2127659574468085,0.1799633120765584,-0.0328026453702501,-0.15417243324017538,0.034450788100749224,456,545.0,pass,2026-09-30T22:36:58+00:00,sgo_slate_alt_20260930T223657Z.json
LAK@COL,Nathan MacKinnon,COL,f1,PP1,A,over,1.5,draftkings,250,True,0.99383951889195,0.9013066718911821,0.2619748176889909,0.2279958088669207,20.211023366508,2590.8675,,"draftkings@0.5,pinnacle@0.5,sgo_fair@0.5",1.1071951647367635,0.2857142857142857,0.24158741239574877,-0.04412687331853693,-0.15444405661487925,0.033979008822070195,314,362.0,pass,2026-09-30T22:36:58+00:00,sgo_slate_alt_20260930T223657Z.json
LAK@COL,Martin Necas,COL,f1,PP1,A,over,1.5,draftkings,390,True,0.8191240998030153,0.6990938970844605,0.19809808444647145,0.1554900746167281,19.35776089828269,2352.2475,,"draftkings@0.5,pinnacle@0.5,sgo_fair@0.5",1.1071951647367635,0.20408163265306123,0.17253327854862544,-0.031548354104435794,-0.15458693511173527,0.04260800982974336,480,578.0,pass,2026-09-30T22:36:58+00:00,sgo_slate_alt_20260930T223657Z.json
NYI@TOR,Matthew Schaefer,NYI,d1,PP1,SOG,over,3.5,draftkings,155,True,2.80586538638041,2.9625838107769127,0.311581695985445,0.3445983949472918,23.59136178861789,2023.9833333333333,,"draftkings@2.5,fanduel@2.5,pinnacle@2.5,sgo_fair@3.5",1.0501033526938741,0.39215686274509803,0.3313917153625531,-0.06076514738254496,-0.15495112582548975,-0.03301669896184678,202,226.0,pass,2026-09-30T22:36:58+00:00,sgo_slate_alt_20260930T223657Z.json
PIT@PHI,Travis Konecny,PHI,f2,PP2,SOG,over,3.5,draftkings,400,True,2.145959220793068,2.0711828002167736,0.17738349511385743,0.16336413869940045,17.79007170032192,2230.1783333333337,,"draftkings@1.5,fanduel@1.5,pinnacle@1.5,sgo_fair@2.0",1.0501033526938741,0.2,0.16897188126518325,-0.031028118734816756,-0.15514059367408373,0.01401935641445698,492,595.0,pass,2026-09-30T22:36:58+00:00,sgo_slate_alt_20260930T223657Z.json
LAK@COL,Artemi Panarin,LAK,f1,PP1,PTS,over,2.5,fanduel,900,True,0.9554759854349528,1.0646749654429828,0.07229665659826803,0.09257396935113515,19.238125,2334.2925,,"draftkings@0.5,sgo_fair@1.0",1.0522575427430254,0.1,0.08446304424998831,-0.015536955750011697,-0.15536955750011694,-0.02027731275286712,1084,1582.0,pass,2026-09-30T22:36:58+00:00,sgo_slate_alt_20260930T223657Z.json
NYI@TOR,Emil Heineman,NYI,f3,-,SOG,over,2.5,draftkings,210,True,1.811984674360151,1.7984105319380814,0.274376324347586,0.2708627929607317,14.394946163178647,1680.3591666666666,,"draftkings@1.5,sgo_fair@1.5",1.0501033526938741,0.3225806451612903,0.2722682055154734,-0.05031243964581689,-0.15596856290203231,0.0035135313868543405,267,304.0,pass,2026-09-30T22:36:58+00:00,sgo_slate_alt_20260930T223657Z.json
NYI@TOR,Matthew Schaefer,NYI,d1,PP1,PTS,over,1.5,draftkings,390,True,0.7293928430008494,0.7581825529216658,0.16608387722574833,0.17626130558804415,23.59136178861789,2023.9833333333333,,"draftkings@0.5,sgo_fair@0.5",1.0522575427430254,0.20408163265306123,0.1721903342431258,-0.03189129840993543,-0.15626736220868354,-0.01017742836229582,481,579.0,pass,2026-09-30T22:36:58+00:00,sgo_slate_alt_20260930T223657Z.json
PIT@PHI,Travis Konecny,PHI,f2,PP2,PTS,over,2.5,fanduel,1060,True,0.8576142931254959,1.0191197854576217,0.056060451351623346,0.08385169085742177,17.79007170032192,2230.1783333333337,,"draftkings@0.5,sgo_fair@1.0",1.0522575427430254,0.08620689655172414,0.0727351950551024,-0.013471701496621746,-0.15627173736081224,-0.02779123950579842,1275,1995.0,pass,2026-09-30T22:36:58+00:00,sgo_slate_alt_20260930T223657Z.json
PIT@PHI,Tommy Novak,PIT,f2,PP1,G,over,1.5,fanduel,3500,False,0.22965007335824236,0.23638877806423036,0.02265975983811215,0.023903596265081258,15.020621668234558,1492.5841666666668,,sgo_fair@0.5,1.0771563327510214,0.027777777777777776,0.023406061694293614,-0.004371716083484162,-0.15738177900542993,-0.0012438364269691075,4172,,pass,2026-09-30T22:36:58+00:00,sgo_slate_alt_20260930T223657Z.json
PIT@PHI,Egor Chinakhov,PIT,f2,PP1,SOG,over,2.5,draftkings,120,False,2.0500395791824326,2.355775421334414,0.3361092622236835,0.4138940091926285,14.739930555555556,970.55,,"draftkings@2.5,sgo_fair@2.5",1.0501033526938741,0.45454545454545453,0.38278011040505044,-0.07176534414040409,-0.1578837571088889,-0.077784746968945,161,180.0,pass,2026-09-30T22:36:58+00:00,sgo_slate_alt_20260930T223657Z.json
PIT@PHI,Owen Tippett,PHI,f1,PP2,PTS,over,1.5,fanduel,500,True,0.6772388182070787,0.6397969333756965,0.14793284727836803,0.13517190016897832,17.293983282893787,1918.3983333333333,,"draftkings@0.5,sgo_fair@0.5",1.0522575427430254,0.16666666666666666,0.1402762790127342,-0.02639038765393245,-0.15834232592359476,0.012760947109389714,613,767.0,pass,2026-09-30T22:36:58+00:00,sgo_slate_alt_20260930T223657Z.json
NYI@TOR,Brayden Schenn,NYI,f2,PP1,SOG,over,3.5,draftkings,600,True,1.7670895145495848,1.863460286238935,0.11070402015745141,0.12654724969765735,16.50940975192472,1989.5,,"draftkings@1.5,fanduel@1.5,pinnacle@1.5,sgo_fair@2.0",1.0501033526938741,0.14285714285714285,0.12020995788157497,-0.022647184975567877,-0.15853029482897518,-0.015843229540205936,732,950.0,pass,2026-09-30T22:36:58+00:00,sgo_slate_alt_20260930T223657Z.json
PIT@PHI,Tyson Foerster,PHI,f2,PP1,PTS,over,1.5,draftkings,550,True,0.6271172701215075,0.6197100441035225,0.13090893554097977,0.12843331199261587,16.527680162974278,1116.2733333333333,,"draftkings@0.5,sgo_fair@0.5",1.0522575427430254,0.15384615384615385,0.12942356141196143,-0.024422592434192425,-0.1587468508222507,0.002475623548363892,673,858.0,pass,2026-09-30T22:36:58+00:00,sgo_slate_alt_20260930T223657Z.json
LAK@COL,Nazem Kadri,COL,f2,PP2,A,over,0.5,fanduel,168,False,0.424219638097303,0.34620596964444167,0.3457198387235526,0.2926332239823599,17.56882499268364,2179.7783333333336,,"draftkings@0.5,pinnacle@0.5,sgo_fair@0.5",1.1071951647367635,0.373134328358209,0.31386786987883697,-0.05926645847937201,-0.15883410872471704,0.053086614741192695,219,246.0,pass,2026-09-30T22:36:58+00:00,sgo_slate_alt_20260930T223657Z.json
NYI@TOR,Jack Roslovic,TOR,f1,PP2,PTS,over,0.5,fanduel,-108,False,0.5482164669111153,0.5913644862504313,0.4220202623604168,0.4464285714288085,16.5629364333803,1610.1491666666666,,sgo_fair@0.5,1.0522575427430254,0.5192307692307693,0.4366652478014518,-0.0825655214293175,-0.15901507830831507,-0.024408309068391698,129,143.0,pass,2026-09-30T22:36:58+00:00,sgo_slate_alt_20260930T223657Z.json
LAK@COL,Mats Zuccarello,LAK,f2,PP1,G,over,1.5,fanduel,3500,True,0.24392964454363672,0.22628059135017028,0.025327934521294563,0.02204821787103987,17.496636128076993,1710.3441666666665,,"fanduel@0.5,pinnacle@0.5,sgo_fair@0.5",1.0771563327510214,0.027777777777777776,0.023360104531141748,-0.004417673246636028,-0.15903623687889712,0.0032797166502546923,4181,,pass,2026-09-30T22:36:58+00:00,sgo_slate_alt_20260930T223657Z.json
PIT@PHI,Tyson Foerster,PHI,f2,PP1,A,over,0.5,draftkings,220,False,0.2467449385599381,0.34521494640978967,0.21866004218720353,0.29193185959510615,16.527680162974278,1116.2733333333333,,"draftkings@0.5,pinnacle@0.5,sgo_fair@0.5",1.1071951647367635,0.3125,0.26262313263194514,-0.049876867368054856,-0.15960597557777545,-0.07327181740790262,281,321.0,pass,2026-09-30T22:36:58+00:00,sgo_slate_alt_20260930T223657Z.json
PIT@PHI,Christian Dvorak,PHI,f2,-,A,over,0.5,fanduel,186,False,0.3675437227524122,0.3347681670994287,0.307566948932075,0.2844960555190492,16.72216638152267,2039.2425,,"draftkings@0.5,sgo_fair@0.5",1.1071951647367635,0.34965034965034963,0.29372441288425954,-0.05592593676609009,-0.15994817915101756,0.02307089341302576,240,272.0,pass,2026-09-30T22:36:58+00:00,sgo_slate_alt_20260930T223657Z.json
NYI@TOR,Kyle Palmieri,NYI,f1,PP1,SOG,over,5.5,draftkings,1500,True,2.5776900322916916,2.4784594877157526,0.057069398256368524,0.04944222134377039,18.330910070005388,1155.1666666666667,,"draftkings@2.5,fanduel@2.5,pinnacle@2.5,sgo_fair@2.5",1.0501033526938741,0.0625,0.05249309210880965,-0.010006907891190353,-0.16011052625904565,0.007627176912598135,1805,3537.0,pass,2026-09-30T22:36:58+00:00,sgo_slate_alt_20260930T223657Z.json
LAK@COL,Artemi Panarin,LAK,f1,PP1,G,over,1.5,fanduel,1800,True,0.3363055012761298,0.3282793923306908,0.045336907706320234,0.04342394328098702,19.238125,2334.2925,,"fanduel@0.5,pinnacle@0.5,sgo_fair@0.5",1.0771563327510214,0.05263157894736842,0.0441891290511203,-0.008442449896248115,-0.16040654802871424,0.0019129644253332162,2163,5111.0,pass,2026-09-30T22:36:58+00:00,sgo_slate_alt_20260930T223657Z.json
PIT@PHI,Travis Konecny,PHI,f2,PP2,SOG,under,1.5,fanduel,114,False,2.145959220793068,2.0711828002167736,0.3812126248271408,0.39954753064928905,17.79007170032192,2230.1783333333337,,"draftkings@1.5,fanduel@1.5,pinnacle@1.5,sgo_fair@2.0",1.0501033526938741,0.4672897196261682,0.39221356832042975,-0.07507615130573847,-0.16066296379428047,-0.01833490582214825,155,172.0,pass,2026-09-30T22:36:58+00:00,sgo_slate_alt_20260930T223657Z.json
NYI@TOR,Bo Horvat,NYI,f1,PP1,PTS,under,0.5,draftkings,115,False,0.8050932018066709,1.0427583078969032,0.44704625909863216,0.3524810884709182,19.278630126057124,2147.2058333333334,,"draftkings@0.5,sgo_fair@1.0",1.0522575427430254,0.46511627906976744,0.3903071567220038,-0.07480912234776366,-0.1608396130476919,0.09456517062771397,156,174.0,pass,2026-09-30T22:36:58+00:00,sgo_slate_alt_20260930T223657Z.json
NYI@TOR,Kyle Palmieri,NYI,f1,PP1,PTS,over,1.5,draftkings,500,True,0.6837556664820772,0.6321730011671364,0.15017841569811327,0.13260494160313013,18.330910070005388,1155.1666666666667,,"draftkings@0.5,sgo_fair@0.5",1.0522575427430254,0.16666666666666666,0.1396343312411234,-0.027032335425543258,-0.1621940125532596,0.017573474094983138,616,772.0,pass,2026-09-30T22:36:58+00:00,sgo_slate_alt_20260930T223657Z.json
LAK@COL,Artturi Lehkonen,COL,f1,PP2,SOG,over,4.5,draftkings,1000,True,2.1684808159521625,2.140161461287805,0.07801592204341469,0.07489260866323279,18.532657100445324,1926.55,,"draftkings@1.5,sgo_fair@2.0",1.0501033526938741,0.09090909090909091,0.07614193401530554,-0.014767156893785369,-0.16243872583163899,0.0031233133801819024,1213,1855.0,pass,2026-09-30T22:36:58+00:00,sgo_slate_alt_20260930T223657Z.json
NYI@TOR,William Nylander,TOR,f2,PP1,SOG,over,4.5,draftkings,425,True,2.628376809170463,2.8720520934455664,0.1372517677604592,0.17420608352422173,17.72223436993845,2000.8358333333333,,"draftkings@2.5,fanduel@2.5,pinnacle@2.5,sgo_fair@3.0",1.0501033526938741,0.19047619047619047,0.15942435721871673,-0.031051833257473738,-0.16302212460173715,-0.03695431576376254,527,644.0,pass,2026-09-30T22:36:58+00:00,sgo_slate_alt_20260930T223657Z.json
PIT@PHI,Porter Martone,PHI,f1,PP1,PTS,over,2.5,draftkings,1600,True,0.9050391231091117,0.7424955546482034,0.06368923163715638,0.03951469305569325,17.520370370370372,153.36666666666667,,"draftkings@0.5,sgo_fair@0.5",1.0522575427430254,0.058823529411764705,0.0491845084882785,-0.009639020923486202,-0.16386335569926547,0.02417453858146313,1933,4035.0,pass,2026-09-30T22:36:58+00:00,sgo_slate_alt_20260930T223657Z.json
LAK@COL,Trevor Moore,LAK,f3,PP2,SOG,over,4.5,draftkings,1200,True,1.951627011941058,2.093677665891229,0.05580359741239971,0.06990885084261265,15.137832260194816,1693.5033333333333,,"draftkings@1.5,sgo_fair@2.0",1.0501033526938741,0.07692307692307693,0.06426674947052748,-0.012656327452549451,-0.16453225688314277,-0.014105253430212947,1456,2447.0,pass,2026-09-30T22:36:58+00:00,sgo_slate_alt_20260930T223657Z.json
LAK@COL,Gabriel Landeskog,COL,f2,PP1,SOG,over,3.5,draftkings,280,True,2.2447679521682438,2.4385909175172906,0.19642611082440253,0.23516421039044869,16.206805555555555,984.8166666666667,,"draftkings@2.5,sgo_fair@2.5",1.0501033526938741,0.2631578947368421,0.21966897056403023,-0.04348892417281186,-0.16525791185668515,-0.03873809956604615,355,414.0,pass,2026-09-30T22:36:58+00:00,sgo_slate_alt_20260930T223657Z.json
LAK@COL,Martin Necas,COL,f1,PP1,SOG,over,3.5,draftkings,180,True,2.558919995970061,2.8628088231689897,0.2598987389869894,0.32357939980970607,19.35776089828269,2352.2475,,"draftkings@2.5,fanduel@2.5,pinnacle@2.5,sgo_fair@3.5",1.0501033526938741,0.35714285714285715,0.2981071354806194,-0.05903572166223775,-0.16530002065426574,-0.06368066082271667,235,266.0,pass,2026-09-30T22:36:58+00:00,sgo_slate_alt_20260930T223657Z.json
PIT@PHI,Sidney Crosby,PIT,f1,PP1,A,over,1.5,fanduel,500,True,0.6754651254167962,0.6346763334665567,0.14732286794553723,0.13344657002368676,18.813389423076924,2041.1850000000002,,"draftkings@0.5,pinnacle@0.5,sgo_fair@0.5",1.1071951647367635,0.16666666666666666,0.13899708919242695,-0.027669577474239704,-0.16601746484543822,0.013876297921850467,619,777.0,pass,2026-09-30T22:36:58+00:00,sgo_slate_alt_20260930T223657Z.json
PIT@PHI,Sidney Crosby,PIT,f1,PP1,A,over,1.5,draftkings,500,True,0.6754651254167962,0.6346763334665567,0.14732286794553723,0.13344657002368676,18.813389423076924,2041.1850000000002,,"draftkings@0.5,pinnacle@0.5,sgo_fair@0.5",1.1071951647367635,0.16666666666666666,0.13899708919242695,-0.027669577474239704,-0.16601746484543822,0.013876297921850467,619,777.0,pass,2026-09-30T22:36:58+00:00,sgo_slate_alt_20260930T223657Z.json
NYI@TOR,Darren Raddysh,TOR,d1,PP1,A,over,1.5,fanduel,630,True,0.6527892151450542,0.5228162585183908,0.13957164022997406,0.09720054374219259,21.772137732023086,2248.5808333333334,,"draftkings@0.5,pinnacle@0.5,sgo_fair@0.5",1.1071951647367635,0.136986301369863,0.11414898233730518,-0.022837319032557826,-0.16671242893767224,0.04237109648778148,776,1022.0,pass,2026-09-30T22:36:58+00:00,sgo_slate_alt_20260930T223657Z.json
NYI@TOR,Jack Roslovic,TOR,f1,PP2,A,over,0.5,fanduel,162,False,0.2544806323760364,0.47840383137100195,0.22468093096646133,0.38022813688212925,16.5629364333803,1610.1491666666666,,sgo_fair@0.5,1.1071951647367635,0.3816793893129771,0.3180092545158621,-0.06367013479711503,-0.16681575316844133,-0.15554720591566792,214,241.0,data-check,2026-09-30T22:36:58+00:00,sgo_slate_alt_20260930T223657Z.json
PIT@PHI,Owen Tippett,PHI,f1,PP2,A,over,1.5,draftkings,1600,True,0.34439271044946834,0.3559394581117646,0.04729532745703513,0.05014403056287061,17.293983282893787,1918.3983333333333,,"draftkings@0.5,pinnacle@0.5,sgo_fair@0.5",1.1071951647367635,0.058823529411764705,0.04900454932053642,-0.009818980091228287,-0.16692266155088087,-0.0028487031058354803,1941,4066.0,pass,2026-09-30T22:36:58+00:00,sgo_slate_alt_20260930T223657Z.json
LAK@COL,Brock Nelson,COL,f2,PP2,SOG,under,1.5,draftkings,120,False,2.17344461842204,2.149457824821926,0.3746522200982543,0.3803722378769956,17.712678062678066,2272.766666666667,,"draftkings@1.5,fanduel@1.5,pinnacle@2.5,sgo_fair@2.0",1.0501033526938741,0.45454545454545453,0.3780842307654991,-0.07646122377995546,-0.16821469231590191,-0.005720017778741315,164,183.0,pass,2026-09-30T22:36:58+00:00,sgo_slate_alt_20260930T223657Z.json
PIT@PHI,Evgeni Malkin,PIT,f2,PP2,SOG,over,3.5,draftkings,425,True,2.1393238026178922,1.9790909547771836,0.17612505904544776,0.1466273225199534,16.83075923787529,1529.4875,,"draftkings@1.5,fanduel@1.5,pinnacle@1.5,sgo_fair@2.5",1.0501033526938741,0.19047619047619047,0.15842641713015115,-0.03204977334603931,-0.16826131006670642,0.029497736525494367,531,649.0,pass,2026-09-30T22:36:58+00:00,sgo_slate_alt_20260930T223657Z.json
NYI@TOR,Darren Raddysh,TOR,d1,PP1,SOG,over,4.5,draftkings,500,True,2.70841230957326,2.5881644153857963,0.1490225846373856,0.13148520604179684,21.772137732023086,2248.5808333333334,,"draftkings@2.5,fanduel@2.5,pinnacle@2.5,sgo_fair@2.5",1.0501033526938741,0.16666666666666666,0.13850015748003233,-0.028166509186634325,-0.16899905511980595,0.017537378595588765,622,781.0,pass,2026-09-30T22:36:58+00:00,sgo_slate_alt_20260930T223657Z.json
PIT@PHI,Trevor Zegras,PHI,f1,PP1,A,over,1.5,draftkings,650,True,0.5547940439068091,0.5731381109931108,0.10725201956636604,0.11313782295855813,18.15746991717456,1953.2883333333334,,"draftkings@0.5,pinnacle@0.5,sgo_fair@0.5",1.1071951647367635,0.13333333333333333,0.1107835016016813,-0.022549831731652037,-0.16912373798739033,-0.005885803392192093,803,1066.0,pass,2026-09-30T22:36:58+00:00,sgo_slate_alt_20260930T223657Z.json
LAK@COL,Martin Necas,COL,f1,PP1,G,over,1.5,fanduel,1200,True,0.38568310029235686,0.4236935642977052,0.057754920605422956,0.06801538139603856,19.35776089828269,2352.2475,,"fanduel@0.5,pinnacle@0.5,sgo_fair@0.5",1.0771563327510214,0.07692307692307693,0.06391119707979231,-0.013011879843284613,-0.1691544379626999,-0.010260460790615607,1465,2470.0,pass,2026-09-30T22:36:58+00:00,sgo_slate_alt_20260930T223657Z.json
LAK@COL,Nathan MacKinnon,COL,f1,PP1,SOG,over,6.5,fanduel,500,True,3.993648508922653,4.170791595677488,0.126718971779714,0.14627770332485418,20.211023366508,2590.8675,,"draftkings@3.5,fanduel@3.5,pinnacle@3.5,sgo_fair@4.0",1.0501033526938741,0.16666666666666666,0.13845421070679811,-0.028212455959868543,-0.16927473575921126,-0.01955873154514018,622,781.0,pass,2026-09-30T22:36:58+00:00,sgo_slate_alt_20260930T223657Z.json
LAK@COL,Nathan MacKinnon,COL,f1,PP1,G,over,1.5,fanduel,700,True,0.5049114759395055,0.5691816642462283,0.09169713064707483,0.11186135261873728,20.211023366508,2590.8675,,"fanduel@0.5,pinnacle@0.5,sgo_fair@0.5",1.0771563327510214,0.125,0.1037956638300723,-0.0212043361699277,-0.1696346893594216,-0.020164221971662455,863,1169.0,pass,2026-09-30T22:36:58+00:00,sgo_slate_alt_20260930T223657Z.json
LAK@COL,Adrian Kempe,LAK,f1,PP1,PTS,over,1.5,fanduel,350,True,0.8204001639115107,0.7550745441844584,0.19855891592091532,0.1751578240690687,18.629540939406837,2261.9791666666665,,"draftkings@0.5,sgo_fair@0.5",1.0522575427430254,0.2222222222222222,0.18451826080980735,-0.03770396141241486,-0.16966782635586697,0.023401091851846606,442,527.0,pass,2026-09-30T22:36:58+00:00,sgo_slate_alt_20260930T223657Z.json
LAK@COL,Artemi Panarin,LAK,f1,PP1,PTS,under,0.5,draftkings,130,False,0.9554759854349528,1.0646749654429828,0.3846290231619932,0.34483992144457076,19.238125,2334.2925,,"draftkings@0.5,sgo_fair@1.0",1.0522575427430254,0.43478260869565216,0.36075556213153975,-0.07402704656411241,-0.17026220709745865,0.03978910171742245,177,198.0,pass,2026-09-30T22:36:58+00:00,sgo_slate_alt_20260930T223657Z.json
NYI@TOR,William Nylander,TOR,f2,PP1,PTS,under,0.5,draftkings,145,False,1.0828565192980069,1.0851222219713565,0.338626848653354,0.3378604893960371,17.72223436993845,2000.8358333333333,,"draftkings@0.5,sgo_fair@1.0",1.0522575427430254,0.40816326530612246,0.3381670330989639,-0.06999623220715856,-0.17149076890753834,0.0007663592573169398,196,219.0,pass,2026-09-30T22:36:58+00:00,sgo_slate_alt_20260930T223657Z.json
LAK@COL,Martin Necas,COL,f1,PP1,PTS,under,0.5,draftkings,175,False,1.2331426725326338,1.1800566391379415,0.29137543971247426,0.30726133509113374,19.35776089828269,2352.2475,,"draftkings@0.5,sgo_fair@1.5",1.0522575427430254,0.36363636363636365,0.30090697693966995,-0.0627293866966937,-0.17250581341590765,-0.015885895378659476,232,262.0,pass,2026-09-30T22:36:58+00:00,sgo_slate_alt_20260930T223657Z.json
PIT@PHI,Rickard Rakell,PIT,f1,PP1,A,over,1.5,draftkings,1100,True,0.4265617120513454,0.4265617120513454,0.06881243902253978,0.06881243902253978,18.540236737515123,1840.311666666667,,"draftkings@0.5,pinnacle@0.5,sgo_fair@0.5",1.1071951647367635,0.08333333333333333,0.06881243902253978,-0.01452089431079355,-0.17425073172952266,0.0,1353,2182.0,pass,2026-09-30T22:36:58+00:00,sgo_slate_alt_20260930T223657Z.json
LAK@COL,Drew Doughty,LAK,d1,PP2,SOG,over,2.5,draftkings,370,True,1.4003274527409229,1.4338876079063703,0.1708437429963558,0.1789154881137443,22.876091617933724,1988.0616666666667,,"draftkings@1.5,pinnacle@1.5,sgo_fair@1.5",1.0501033526938741,0.2127659574468085,0.1756867900667889,-0.03707916738001962,-0.17427208668609218,-0.008071745117388507,469,564.0,pass,2026-09-30T22:36:58+00:00,sgo_slate_alt_20260930T223657Z.json
LAK@COL,Cale Makar,COL,d1,PP1,SOG,over,5.5,draftkings,950,True,2.752612087547682,2.8657877502754565,0.0720480972684448,0.08276256275876998,23.81464714714715,2789.351666666667,,"draftkings@2.5,fanduel@2.5,pinnacle@2.5,sgo_fair@3.0",1.0501033526938741,0.09523809523809523,0.0784767765626399,-0.016761318675455328,-0.17599384609228097,-0.010714465490325176,1174,1770.0,pass,2026-09-30T22:36:58+00:00,sgo_slate_alt_20260930T223657Z.json
NYI@TOR,Bo Horvat,NYI,f1,PP1,SOG,over,5.5,fanduel,550,True,3.303335038033972,3.2401812102375307,0.1312309894001045,0.12358905561521484,19.278630126057124,2147.2058333333334,,"draftkings@2.5,fanduel@3.5,pinnacle@3.5,sgo_fair@3.5",1.0501033526938741,0.15384615384615385,0.12664582912917072,-0.027200324716983137,-0.1768021106603903,0.007641933784889657,690,884.0,pass,2026-09-30T22:36:58+00:00,sgo_slate_alt_20260930T223657Z.json
LAK@COL,Nathan MacKinnon,COL,f1,PP1,SOG,over,5.5,fanduel,240,True,3.993648508922653,4.170791595677488,0.22597170235346864,0.25276379448545677,20.211023366508,2590.8675,,"draftkings@3.5,fanduel@3.5,pinnacle@3.5,sgo_fair@4.0",1.0501033526938741,0.29411764705882354,0.2420469576326615,-0.052070689426162026,-0.17704034404895086,-0.026792092131988132,313,361.0,pass,2026-09-30T22:36:58+00:00,sgo_slate_alt_20260930T223657Z.json
PIT@PHI,Noah Cates,PHI,f3,PP2,PTS,over,1.5,draftkings,700,True,0.5376569265875358,0.5429166182587905,0.10183110115960388,0.10348664126023449,14.816801878736124,1889.2450000000001,,"draftkings@0.5,sgo_fair@0.5",1.0522575427430254,0.125,0.10282442521998225,-0.02217557478001775,-0.177404598240142,-0.001655540100630612,873,1185.0,pass,2026-09-30T22:36:58+00:00,sgo_slate_alt_20260930T223657Z.json
LAK@COL,Devon Toews,COL,d1,PP2,SOG,under,1.5,draftkings,-115,False,1.7549065005085098,2.031765832456246,0.4850904416901941,0.40950119849846667,22.805984996738424,2362.0433333333335,,"draftkings@1.5,sgo_fair@2.0",1.0501033526938741,0.5348837209302325,0.4397368957751576,-0.09514682515507489,-0.17788319485514015,0.07558924319172744,127,141.0,pass,2026-09-30T22:36:58+00:00,sgo_slate_alt_20260930T223657Z.json
PIT@PHI,Sidney Crosby,PIT,f1,PP1,PTS,over,2.5,draftkings,950,True,1.0432652354126144,0.9500691472649602,0.08842924047146088,0.0713501852564131,18.813389423076924,2041.1850000000002,,"draftkings@0.5,sgo_fair@0.5",1.0522575427430254,0.09523809523809523,0.07818180734243221,-0.01705628789566302,-0.17909102290446177,0.01707905521504778,1179,1780.0,pass,2026-09-30T22:36:58+00:00,sgo_slate_alt_20260930T223657Z.json
LAK@COL,Adrian Kempe,LAK,f1,PP1,SOG,under,2.5,draftkings,-140,False,2.726805296151498,2.864901153745354,0.49730376291502243,0.4663595047521064,18.629540939406837,2261.9791666666665,,"draftkings@2.5,fanduel@2.5,pinnacle@2.5,sgo_fair@3.0",1.0501033526938741,0.5833333333333334,0.4787372080172728,-0.10459612531606055,-0.17930764339896077,0.030944258162916016,109,120.0,pass,2026-09-30T22:36:58+00:00,sgo_slate_alt_20260930T223657Z.json
PIT@PHI,Tyson Foerster,PHI,f2,PP1,PTS,over,0.5,fanduel,-130,False,0.6271172701215075,0.6197100441035225,0.4658706656133523,0.46189955962779794,16.527680162974278,1116.2733333333333,,"draftkings@0.5,sgo_fair@0.5",1.0522575427430254,0.5652173913043478,0.4634880020220197,-0.10172938928232811,-0.1799827656533498,0.003971105985554335,116,128.0,pass,2026-09-30T22:36:58+00:00,sgo_slate_alt_20260930T223657Z.json
PIT@PHI,Rickard Rakell,PIT,f1,PP1,A,over,0.5,fanduel,136,False,0.4265617120513454,0.4265617120513454,0.34725041818313945,0.34725041818313945,18.540236737515123,1840.311666666667,,"draftkings@0.5,pinnacle@0.5,sgo_fair@0.5",1.1071951647367635,0.423728813559322,0.34725041818313945,-0.07647839537618256,-0.18048901308779075,0.0,188,210.0,pass,2026-09-30T22:36:58+00:00,sgo_slate_alt_20260930T223657Z.json
NYI@TOR,Matias Maccelli,NYI,f2,PP1,PTS,over,1.5,fanduel,600,True,0.5674252567275277,0.5968157684275347,0.11129590238165128,0.12085397330276221,15.174308093994778,1373.88,,"draftkings@0.5,sgo_fair@0.5",1.0522575427430254,0.14285714285714285,0.11703074493431784,-0.025826397922825012,-0.18078478545977517,-0.009558070921110925,754,987.0,pass,2026-09-30T22:36:58+00:00,sgo_slate_alt_20260930T223657Z.json
NYI@TOR,Matias Maccelli,NYI,f2,PP1,PTS,over,1.5,draftkings,600,True,0.5674252567275277,0.5968157684275347,0.11129590238165128,0.12085397330276221,15.174308093994778,1373.88,,"draftkings@0.5,sgo_fair@0.5",1.0522575427430254,0.14285714285714285,0.11703074493431784,-0.025826397922825012,-0.18078478545977517,-0.009558070921110925,754,987.0,pass,2026-09-30T22:36:58+00:00,sgo_slate_alt_20260930T223657Z.json
NYI@TOR,Tony DeAngelo,NYI,d3,PP2,SOG,under,1.5,draftkings,-105,False,1.9102586370925831,2.0543497930307884,0.44145031218751907,0.4037737460628792,18.18105358764759,1822.3483333333331,,"draftkings@1.5,sgo_fair@2.0",1.0501033526938741,0.5121951219512195,0.4188443725127351,-0.09335074943848443,-0.18225622509418393,0.037676566124639876,139,154.0,pass,2026-09-30T22:36:58+00:00,sgo_slate_alt_20260930T223657Z.json
NYI@TOR,Calum Ritchie,NYI,f2,PP2,G,over,1.5,fanduel,3500,False,0.24511233855719497,0.2190644113482066,0.02555439595252012,0.020762158596784316,14.717241379310344,915.56,,"pinnacle@0.5,sgo_fair@0.5",1.0771563327510214,0.027777777777777776,0.02267905353907864,-0.005098724238699136,-0.18355407259316892,0.004792237355735803,4309,,pass,2026-09-30T22:36:58+00:00,sgo_slate_alt_20260930T223657Z.json
PIT@PHI,Kris Letang,PIT,d2,PP2,PTS,over,1.5,draftkings,1300,True,0.3985201402974244,0.38050913040473805,0.06115558467738413,0.056403616576838594,21.127201770736253,2387.8975,,"draftkings@0.5,sgo_fair@0.5",1.0522575427430254,0.07142857142857142,0.0583044038170568,-0.013124167611514623,-0.1837383465612048,0.0047519681005455325,1615,2903.0,pass,2026-09-30T22:36:58+00:00,sgo_slate_alt_20260930T223657Z.json
LAK@COL,Gabriel Landeskog,COL,f2,PP1,PTS,over,1.5,draftkings,450,True,0.6405775066921884,0.7031032069981124,0.13543534573939697,0.1568844025462085,16.206805555555555,984.8166666666667,,"draftkings@0.5,sgo_fair@0.5",1.0522575427430254,0.18181818181818182,0.1483047798234839,-0.03351340199469793,-0.18432371097083866,-0.02144905680681153,574,711.0,pass,2026-09-30T22:36:58+00:00,sgo_slate_alt_20260930T223657Z.json
LAK@COL,Quinton Byfield,LAK,f1,PP1,G,over,1.5,fanduel,2200,True,0.2867180497220376,0.2968870187880598,0.03403069505494075,0.036246986146892986,18.790998989461528,2260.741666666667,,"fanduel@0.5,pinnacle@0.5,sgo_fair@0.5",1.0771563327510214,0.043478260869565216,0.03536046971011209,-0.008117791159453124,-0.18670919666742192,-0.0022162910919522327,2728,9552.0,pass,2026-09-30T22:36:58+00:00,sgo_slate_alt_20260930T223657Z.json
NYI@TOR,Matias Maccelli,NYI,f2,PP1,A,over,1.5,draftkings,1300,True,0.3690145614073582,0.39823459801280947,0.0534423282786662,0.06107920954251784,15.174308093994778,1373.88,,"draftkings@0.5,pinnacle@0.5,sgo_fair@0.5",1.1071951647367635,0.07142857142857142,0.05802445703697718,-0.013404114391594245,-0.18765760148231947,-0.00763688126385164,1623,2928.0,pass,2026-09-30T22:36:58+00:00,sgo_slate_alt_20260930T223657Z.json
PIT@PHI,Rickard Rakell,PIT,f1,PP1,SOG,over,5.5,draftkings,1500,True,2.5605191408268344,2.450920638608196,0.05570426606738214,0.04743792494133183,18.540236737515123,1840.311666666667,,"draftkings@2.5,fanduel@2.5,pinnacle@2.5,sgo_fair@2.5",1.0501033526938741,0.0625,0.050744461391751955,-0.011755538608248045,-0.18808861773196872,0.008266341126050306,1871,3784.0,pass,2026-09-30T22:36:58+00:00,sgo_slate_alt_20260930T223657Z.json
LAK@COL,Brandt Clarke,LAK,d2,PP1,SOG,over,2.5,draftkings,165,True,1.9078415762796752,1.9525538685278772,0.2992412879912967,0.31084930041172887,19.37295046968403,2195.145,,"draftkings@1.5,fanduel@1.5,pinnacle@1.5,sgo_fair@1.5",1.0501033526938741,0.37735849056603776,0.306206095443556,-0.07115239512248178,-0.18855384707457667,-0.01160801242043219,227,256.0,pass,2026-09-30T22:36:58+00:00,sgo_slate_alt_20260930T223657Z.json
PIT@PHI,Erik Karlsson,PIT,d1,PP1,SOG,over,4.5,draftkings,800,True,2.2661791992622393,2.2776169614419457,0.08928616340732035,0.0906548471096716,22.990095323205242,2627.4333333333334,,"draftkings@2.5,fanduel@2.5,pinnacle@2.5,sgo_fair@2.5",1.0501033526938741,0.1111111111111111,0.0901073736287311,-0.021003737482380005,-0.1890336373414201,-0.001368683702351256,1010,1436.0,pass,2026-09-30T22:36:58+00:00,sgo_slate_alt_20260930T223657Z.json
LAK@COL,Martin Necas,COL,f1,PP1,A,over,1.5,fanduel,370,True,0.8191240998030153,0.6990938970844605,0.19809808444647145,0.1554900746167281,19.35776089828269,2352.2475,,"draftkings@0.5,pinnacle@0.5,sgo_fair@0.5",1.1071951647367635,0.2127659574468085,0.17253327854862544,-0.04023267889818308,-0.18909359082146038,0.04260800982974336,480,578.0,pass,2026-09-30T22:36:58+00:00,sgo_slate_alt_20260930T223657Z.json
PIT@PHI,Matvei Michkov,PHI,f3,PP1,G,over,1.5,fanduel,2200,True,0.29876842054062097,0.28763189616763707,0.036662993837397205,0.03422762022064876,14.45386396011396,1802.7041666666667,,"fanduel@0.5,pinnacle@0.5,sgo_fair@0.5",1.0771563327510214,0.043478260869565216,0.03520176966734814,-0.008276491202217073,-0.1903592976509927,0.0024353736167484416,2741,9702.0,pass,2026-09-30T22:36:58+00:00,sgo_slate_alt_20260930T223657Z.json
NYI@TOR,Auston Matthews,TOR,f1,PP1,SOG,over,6.5,draftkings,750,True,3.747951156478456,3.6315658225880103,0.1017628342355982,0.09088927752855433,19.35674712013165,1888.035,,"draftkings@3.5,fanduel@3.5,pinnacle@3.5,sgo_fair@3.5",1.0501033526938741,0.11764705882352941,0.09523870021137187,-0.022408358612157536,-0.19047104820333904,0.010873556707043874,950,1324.0,pass,2026-09-30T22:36:58+00:00,sgo_slate_alt_20260930T223657Z.json
NYI@TOR,Matthew Schaefer,NYI,d1,PP1,PTS,over,1.5,fanduel,370,True,0.7293928430008494,0.7581825529216658,0.16608387722574833,0.17626130558804415,23.59136178861789,2023.9833333333333,,"draftkings@0.5,sgo_fair@0.5",1.0522575427430254,0.2127659574468085,0.1721903342431258,-0.040575623203682715,-0.1907054290573087,-0.01017742836229582,481,579.0,pass,2026-09-30T22:36:58+00:00,sgo_slate_alt_20260930T223657Z.json
PIT@PHI,Porter Martone,PHI,f1,PP1,SOG,under,2.5,fanduel,-138,False,2.8617263496329413,2.847282767492061,0.46705673024980976,0.470237276738774,17.520370370370372,153.36666666666667,,"draftkings@2.5,fanduel@2.5,pinnacle@2.5,sgo_fair@3.0",1.0501033526938741,0.5798319327731093,0.46896505814318834,-0.11086687462992095,-0.1912051895791389,-0.0031805464889642643,113,125.0,pass,2026-09-30T22:36:58+00:00,sgo_slate_alt_20260930T223657Z.json
PIT@PHI,Trevor Zegras,PHI,f1,PP1,A,over,1.5,fanduel,630,True,0.5547940439068091,0.5731381109931108,0.10725201956636604,0.11313782295855813,18.15746991717456,1953.2883333333334,,"draftkings@0.5,pinnacle@0.5,sgo_fair@0.5",1.1071951647367635,0.136986301369863,0.1107835016016813,-0.02620279976818171,-0.19128043830772656,-0.005885803392192093,803,1066.0,pass,2026-09-30T22:36:58+00:00,sgo_slate_alt_20260930T223657Z.json
PIT@PHI,Rickard Rakell,PIT,f1,PP1,G,over,2.5,fanduel,12500,True,0.3995698078964756,0.347604001433292,0.007903282401981576,0.005406100426326419,18.540236737515123,1840.311666666667,,"fanduel@0.5,pinnacle@0.5,sgo_fair@0.5",1.0771563327510214,0.007936507936507936,0.006404973216588482,-0.001531534719919454,-0.19297337470985132,0.0024971819756551567,15513,,pass,2026-09-30T22:36:58+00:00,sgo_slate_alt_20260930T223657Z.json
LAK@COL,Drew Doughty,LAK,d1,PP2,PTS,over,1.5,draftkings,1400,True,0.3231921550473413,0.39867886874296615,0.04222753393786474,0.061198054647023305,22.876091617933724,1988.0616666666667,,"draftkings@0.5,sgo_fair@0.5",1.0522575427430254,0.06666666666666667,0.05360984636335987,-0.013056820303306793,-0.1958523045496019,-0.018970520709158563,1765,3395.0,pass,2026-09-30T22:36:58+00:00,sgo_slate_alt_20260930T223657Z.json
LAK@COL,Adrian Kempe,LAK,f1,PP1,A,over,1.5,draftkings,950,True,0.44450749898127423,0.4599614329420163,0.07386851934589053,0.07831467830706093,18.629540939406837,2261.9791666666665,,"draftkings@0.5,pinnacle@0.5,sgo_fair@0.5",1.1071951647367635,0.09523809523809523,0.07653621472259277,-0.018701880515502464,-0.19636974541277596,-0.004446158961170399,1207,1840.0,pass,2026-09-30T22:36:58+00:00,sgo_slate_alt_20260930T223657Z.json
PIT@PHI,Owen Tippett,PHI,f1,PP2,SOG,over,5.5,draftkings,1100,True,2.827459759703457,2.5992621420479396,0.0790455618766338,0.05881125569177463,17.293983282893787,1918.3983333333333,,"draftkings@2.5,fanduel@2.5,pinnacle@2.5,sgo_fair@2.5",1.0501033526938741,0.08333333333333333,0.0669049781657183,-0.016428355167615025,-0.19714026201138035,0.020234306184859163,1395,2286.0,pass,2026-09-30T22:36:58+00:00,sgo_slate_alt_20260930T223657Z.json
PIT@PHI,Alex Bump,PHI,f3,PP2,G,over,1.5,fanduel,3500,True,0.2563718401133982,0.20679971408241,0.027751418404646493,0.018651588266309978,13.070588235294117,214.9,,"pinnacle@0.5,sgo_fair@0.5",1.0771563327510214,0.027777777777777776,0.02229152032164458,-0.005486257456133195,-0.19750526842079508,0.009099830138336516,4386,,pass,2026-09-30T22:36:58+00:00,sgo_slate_alt_20260930T223657Z.json
PIT@PHI,Trevor Zegras,PHI,f1,PP1,PTS,under,0.5,draftkings,110,False,0.8640695640116006,1.0359170848419532,0.42144349645590296,0.3549007575305049,18.15746991717456,1953.2883333333334,,"draftkings@0.5,sgo_fair@1.0",1.0522575427430254,0.47619047619047616,0.3815178531006641,-0.09467262308981206,-0.19881250848860532,0.06654273892539808,162,180.0,pass,2026-09-30T22:36:58+00:00,sgo_slate_alt_20260930T223657Z.json
LAK@COL,Quinton Byfield,LAK,f1,PP1,A,over,0.5,fanduel,158,False,0.3323603075065874,0.3985871245742266,0.28277114664681546,0.32873220587658136,18.790998989461528,2260.741666666667,,"draftkings@0.5,pinnacle@0.5,sgo_fair@0.5",1.1071951647367635,0.3875968992248062,0.310347782184675,-0.07724911704013121,-0.1993027219635385,-0.0459610592297659,222,250.0,pass,2026-09-30T22:36:58+00:00,sgo_slate_alt_20260930T223657Z.json
PIT@PHI,Matvei Michkov,PHI,f3,PP1,PTS,over,0.5,fanduel,-162,False,0.721297349233459,0.657706949255484,0.5138788222532497,0.48196213930845183,14.45386396011396,1802.7041666666667,,"draftkings@0.5,sgo_fair@0.5",1.0522575427430254,0.6183206106870229,0.494728812486371,-0.12359179820065191,-0.19988303165784438,0.031916682944797825,102,113.0,pass,2026-09-30T22:36:58+00:00,sgo_slate_alt_20260930T223657Z.json
LAK@COL,Alex Laferriere,LAK,f2,PP2,G,over,1.5,fanduel,3000,True,0.25136151535019524,0.24288078149148337,0.026764649273628708,0.025127792179168298,16.89103086155165,2074.2774999999997,,"fanduel@0.5,pinnacle@0.5,sgo_fair@0.5",1.0771563327510214,0.03225806451612903,0.025782535016952463,-0.006475529499176569,-0.2007414144744737,0.0016368570944604102,3779,127690.0,pass,2026-09-30T22:36:58+00:00,sgo_slate_alt_20260930T223657Z.json
LAK@COL,Cale Makar,COL,d1,PP1,A,over,2.5,draftkings,1100,True,0.8521146074867143,0.9650953990367924,0.055205701654662924,0.073994396175973,23.81464714714715,2789.351666666667,,"draftkings@0.5,pinnacle@0.5,sgo_fair@1.0",1.1071951647367635,0.08333333333333333,0.06647891836744897,-0.016854414965884357,-0.20225297959061228,-0.01878869452131008,1404,2311.0,pass,2026-09-30T22:36:58+00:00,sgo_slate_alt_20260930T223657Z.json
NYI@TOR,John Tavares,TOR,f2,PP1,SOG,over,4.5,draftkings,700,True,2.493402450010554,2.2489417721844474,0.11830929078123263,0.087242741446486,17.08891862955032,2122.2625,,"draftkings@2.5,fanduel@2.5,pinnacle@2.5,sgo_fair@2.5",1.0501033526938741,0.125,0.09966936118038465,-0.02533063881961535,-0.2026451105569228,0.031066549334746632,903,1239.0,pass,2026-09-30T22:36:58+00:00,sgo_slate_alt_20260930T223657Z.json
NYI@TOR,John Tavares,TOR,f2,PP1,A,over,1.5,fanduel,830,True,0.5073825394916294,0.4697257191879558,0.09245108214789265,0.08116610780677994,17.08891862955032,2122.2625,,"draftkings@0.5,pinnacle@0.5,sgo_fair@0.5",1.1071951647367635,0.10752688172043011,0.08568009754322502,-0.021846784177205092,-0.20317509284800728,0.01128497434111271,1067,1548.0,pass,2026-09-30T22:36:58+00:00,sgo_slate_alt_20260930T223657Z.json
LAK@COL,Nathan MacKinnon,COL,f1,PP1,SOG,over,6.5,draftkings,475,True,3.993648508922653,4.170791595677488,0.126718971779714,0.14627770332485418,20.211023366508,2590.8675,,"draftkings@3.5,fanduel@3.5,pinnacle@3.5,sgo_fair@4.0",1.0501033526938741,0.17391304347826086,0.13845421070679811,-0.03545883277146275,-0.2038882884359109,-0.01955873154514018,622,781.0,pass,2026-09-30T22:36:58+00:00,sgo_slate_alt_20260930T223657Z.json
LAK@COL,Sam Malinski,COL,d2,-,PTS,over,1.5,draftkings,1200,True,0.42088870147558954,0.3831521371393304,0.06723891199157943,0.05709249338681328,18.56353628800918,1990.1658333333332,,draftkings@0.5,1.0522575427430254,0.07692307692307693,0.06115106082871974,-0.01577201609435719,-0.20503620922664334,0.010146418604766151,1535,2666.0,pass,2026-09-30T22:36:58+00:00,sgo_slate_alt_20260930T223657Z.json
LAK@COL,Cale Makar,COL,d1,PP1,PTS,over,2.5,fanduel,680,True,1.1180078523889414,1.1067963259298566,0.10323678909573257,0.10095620534796336,23.81464714714715,2789.351666666667,,"draftkings@0.5,sgo_fair@1.5",1.0522575427430254,0.1282051282051282,0.10186843884707104,-0.02633668935805715,-0.20542617699284582,0.0022805837477692104,882,1201.0,pass,2026-09-30T22:36:58+00:00,sgo_slate_alt_20260930T223657Z.json
PIT@PHI,Sidney Crosby,PIT,f1,PP1,SOG,over,4.5,draftkings,700,True,2.410393750843344,2.304635616620503,0.10727013220467949,0.09392814812469998,18.813389423076924,2041.1850000000002,,"draftkings@2.5,fanduel@2.5,pinnacle@2.5,sgo_fair@2.5",1.0501033526938741,0.125,0.09926494175669179,-0.025735058243308212,-0.2058804659464657,0.01334198407997951,907,1247.0,pass,2026-09-30T22:36:58+00:00,sgo_slate_alt_20260930T223657Z.json
NYI@TOR,Tony DeAngelo,NYI,d3,PP2,PTS,over,1.5,draftkings,950,True,0.43141995852951276,0.46262024017083075,0.07016955712059136,0.07908793766911391,18.18105358764759,1822.3483333333331,,"draftkings@0.5,sgo_fair@0.5",1.0522575427430254,0.09523809523809523,0.0755205854497049,-0.019717509788390333,-0.2070338527780986,-0.00891838054852255,1224,1879.0,pass,2026-09-30T22:36:58+00:00,sgo_slate_alt_20260930T223657Z.json
NYI@TOR,Brayden Schenn,NYI,f2,PP1,PTS,over,1.5,draftkings,600,True,0.5652570308201775,0.5789217510635764,0.11059891712115949,0.11501056599765504,16.50940975192472,1989.5,,"draftkings@0.5,sgo_fair@0.5",1.0522575427430254,0.14285714285714285,0.11324590644705682,-0.029611236410086034,-0.20727865487060226,-0.004411648876495547,783,1033.0,pass,2026-09-30T22:36:58+00:00,sgo_slate_alt_20260930T223657Z.json
LAK@COL,Nathan MacKinnon,COL,f1,PP1,PTS,over,2.5,fanduel,285,True,1.5196028966735975,1.5830798226764629,0.1960897488391767,0.21227826887563328,20.211023366508,2590.8675,,"draftkings@1.5,sgo_fair@1.5",1.0522575427430254,0.2597402597402597,0.20580286086105065,-0.053937398879209064,-0.207658985684955,-0.016188520036456572,386,453.0,pass,2026-09-30T22:36:58+00:00,sgo_slate_alt_20260930T223657Z.json
NYI@TOR,Kyle Palmieri,NYI,f1,PP1,A,over,1.5,draftkings,1200,True,0.41327104276877474,0.38701440949050836,0.06514527554230964,0.05810443831300906,18.330910070005388,1155.1666666666667,,"draftkings@0.5,pinnacle@0.5,sgo_fair@0.5",1.1071951647367635,0.07692307692307693,0.06092077320472929,-0.01600230371834764,-0.2080299483385193,0.007040837229300587,1541,2684.0,pass,2026-09-30T22:36:58+00:00,sgo_slate_alt_20260930T223657Z.json
LAK@COL,Artturi Lehkonen,COL,f1,PP2,A,over,0.5,fanduel,154,False,0.3736608919810011,0.37315235413157505,0.31178975012216753,0.3114396801573725,18.532657100445324,1926.55,,"draftkings@0.5,pinnacle@0.5,sgo_fair@0.5",1.1071951647367635,0.3937007874015748,0.3115797081432905,-0.08212107925828432,-0.20858754131604207,0.00035006996479503005,221,249.0,pass,2026-09-30T22:36:58+00:00,sgo_slate_alt_20260930T223657Z.json
LAK@COL,Quinton Byfield,LAK,f1,PP1,SOG,over,3.5,fanduel,270,True,2.136336181942233,2.459191254511227,0.1755593296824469,0.23936803757347197,18.790998989461528,2260.741666666667,,"draftkings@2.5,fanduel@2.5,pinnacle@2.5,sgo_fair@2.5",1.0501033526938741,0.2702702702702703,0.21384455441706193,-0.05642571585320835,-0.20877514865687086,-0.06380870789102508,368,430.0,pass,2026-09-30T22:36:58+00:00,sgo_slate_alt_20260930T223657Z.json
PIT@PHI,Rickard Rakell,PIT,f1,PP1,PTS,over,1.5,fanduel,340,True,0.8012222590421448,0.745662623153935,0.1916472886624594,0.1718230277568756,18.540236737515123,1840.311666666667,,"draftkings@0.5,sgo_fair@0.5",1.0522575427430254,0.22727272727272727,0.17975273211910914,-0.04751999515361813,-0.20908797867591977,0.019824260905583785,456,546.0,pass,2026-09-30T22:36:58+00:00,sgo_slate_alt_20260930T223657Z.json
NYI@TOR,Jack Roslovic,TOR,f1,PP2,SOG,over,4.5,draftkings,1200,True,2.2021131931100992,1.8506993587213365,0.08180972251805667,0.046833770186181546,16.5629364333803,1610.1491666666666,,"draftkings@1.5,sgo_fair@1.5",1.0501033526938741,0.07692307692307693,0.060824151118931594,-0.016098925804145334,-0.20928603545388924,0.03497595233187512,1544,2691.0,pass,2026-09-30T22:36:58+00:00,sgo_slate_alt_20260930T223657Z.json
LAK@COL,Nazem Kadri,COL,f2,PP2,G,over,1.5,fanduel,2200,True,0.27713479548256775,0.29535032327389954,0.03199271667167076,0.035908570321030675,17.56882499268364,2179.7783333333336,,"fanduel@0.5,pinnacle@0.5,sgo_fair@0.5",1.0771563327510214,0.043478260869565216,0.03434222886128671,-0.009136032008278505,-0.21012873619040562,-0.003915853649359917,2812,10604.0,pass,2026-09-30T22:36:58+00:00,sgo_slate_alt_20260930T223657Z.json
LAK@COL,Artemi Panarin,LAK,f1,PP1,A,over,1.5,fanduel,520,True,0.6392316251641685,0.6009854740904411,0.1349811793930023,0.12222599251248704,19.238125,2334.2925,,"draftkings@0.5,pinnacle@0.5,sgo_fair@0.5",1.1071951647367635,0.16129032258064516,0.12732806726469315,-0.03396225531595201,-0.2105659829589025,0.01275518688051526,685,877.0,pass,2026-09-30T22:36:58+00:00,sgo_slate_alt_20260930T223657Z.json
LAK@COL,Jaden Schwartz,COL,f3,PP2,PTS,over,1.5,draftkings,750,True,0.5235724166590551,0.4982585502393144,0.0974349964344341,0.08967634974471872,15.187584345479083,1458.8583333333333,,"draftkings@0.5,sgo_fair@0.5",1.0522575427430254,0.11764705882352941,0.09277980842060488,-0.024867250402924534,-0.21137162842485857,0.007758646689715376,978,1375.0,pass,2026-09-30T22:36:58+00:00,sgo_slate_alt_20260930T223657Z.json
NYI@TOR,Matthew Schaefer,NYI,d1,PP1,SOG,over,4.5,draftkings,340,True,2.80586538638041,2.9625838107769127,0.16384973888322954,0.18871396696268128,23.59136178861789,2023.9833333333333,,"draftkings@2.5,fanduel@2.5,pinnacle@2.5,sgo_fair@3.5",1.0501033526938741,0.22727272727272727,0.1787682757309006,-0.04850445154182667,-0.21341958678403727,-0.02486422807945174,459,550.0,pass,2026-09-30T22:36:58+00:00,sgo_slate_alt_20260930T223657Z.json
PIT@PHI,Egor Chinakhov,PIT,f2,PP1,A,over,1.5,draftkings,1500,True,0.3339941306573285,0.3634530917664229,0.0447828507936018,0.052030141312750196,14.739930555555556,970.55,,"draftkings@0.5,sgo_fair@0.5",1.1071951647367635,0.0625,0.04913122510509084,-0.01336877489490916,-0.21390039831854657,-0.007247290519148394,1935,4044.0,pass,2026-09-30T22:36:58+00:00,sgo_slate_alt_20260930T223657Z.json
PIT@PHI,Jamie Drysdale,PHI,d2,PP1,G,over,1.5,fanduel,7500,False,0.106174121547958,0.17558104018011456,0.005252951992260861,0.013723475146798673,20.541472602739724,2308.5825,,sgo_fair@0.5,1.0771563327510214,0.013157894736842105,0.010335265884983548,-0.0028226288518585566,-0.21451979274125033,-0.008470523154537812,9576,,pass,2026-09-30T22:36:58+00:00,sgo_slate_alt_20260930T223657Z.json
LAK@COL,Jaden Schwartz,COL,f3,PP2,G,over,1.5,fanduel,3500,False,0.2527685646462365,0.20457583063862508,0.02704029497522326,0.018279204576294113,15.187584345479083,1458.8583333333333,,"pinnacle@0.5,sgo_fair@0.5",1.0771563327510214,0.027777777777777776,0.02178364073586577,-0.005994137041912005,-0.21578893350883221,0.008761090398929146,4491,,pass,2026-09-30T22:36:58+00:00,sgo_slate_alt_20260930T223657Z.json
LAK@COL,Quinton Byfield,LAK,f1,PP1,SOG,over,4.5,draftkings,700,True,2.136336181942233,2.459191254511227,0.07447575087226507,0.1137010799960848,18.790998989461528,2260.741666666667,,"draftkings@2.5,fanduel@2.5,pinnacle@2.5,sgo_fair@2.5",1.0501033526938741,0.125,0.09801094834655691,-0.02698905165344309,-0.21591241322754473,-0.03922532912381972,920,1270.0,pass,2026-09-30T22:36:58+00:00,sgo_slate_alt_20260930T223657Z.json
NYI@TOR,Matias Maccelli,NYI,f2,PP1,G,over,1.5,fanduel,3500,False,0.22023537123764353,0.22769801134767173,0.02096863958717005,0.022304621081536014,15.174308093994778,1373.88,,"pinnacle@0.5,sgo_fair@0.5",1.0771563327510214,0.027777777777777776,0.02177022848378963,-0.006007549293988147,-0.21627177458357338,-0.0013359814943659648,4493,,pass,2026-09-30T22:36:58+00:00,sgo_slate_alt_20260930T223657Z.json
NYI@TOR,Matias Maccelli,NYI,f2,PP1,SOG,over,4.5,draftkings,1400,True,1.6523066290768735,2.0543497930307884,0.03178488491831555,0.06583272389583705,15.174308093994778,1373.88,,"draftkings@1.5,sgo_fair@2.0",1.0501033526938741,0.06666666666666667,0.05221358830482845,-0.014453078361838213,-0.21679617542757323,-0.034047838977521505,1815,3575.0,pass,2026-09-30T22:36:58+00:00,sgo_slate_alt_20260930T223657Z.json
NYI@TOR,Bo Horvat,NYI,f1,PP1,A,over,1.5,fanduel,1000,True,0.4071176283010176,0.45302388727144366,0.06347049450451703,0.07630843100397137,19.278630126057124,2147.2058333333334,,"draftkings@0.5,pinnacle@0.5,sgo_fair@0.5",1.1071951647367635,0.09090909090909091,0.07117325640418963,-0.01973583450490128,-0.21709417955391408,-0.012837936499454347,1305,2066.0,pass,2026-09-30T22:36:58+00:00,sgo_slate_alt_20260930T223657Z.json
NYI@TOR,William Nylander,TOR,f2,PP1,SOG,over,5.5,draftkings,950,True,2.628376809170463,2.8720520934455664,0.0612093969993473,0.08337859318739907,17.72223436993845,2000.8358333333333,,"draftkings@2.5,fanduel@2.5,pinnacle@2.5,sgo_fair@3.0",1.0501033526938741,0.09523809523809523,0.07451091471217836,-0.020727180525916877,-0.2176353955221273,-0.02216919618805177,1242,1920.0,pass,2026-09-30T22:36:58+00:00,sgo_slate_alt_20260930T223657Z.json
NYI@TOR,Morgan Rielly,TOR,d1,PP2,SOG,over,4.5,draftkings,2000,True,1.854682364144376,1.6342350839268394,0.04717099407486183,0.030583675715784582,21.86003738855335,2459.4066666666668,,"draftkings@1.5,sgo_fair@1.5",1.0501033526938741,0.047619047619047616,0.03721860305941548,-0.010400444559632134,-0.21840933575227484,0.01658731835907725,2587,8084.0,pass,2026-09-30T22:36:58+00:00,sgo_slate_alt_20260930T223657Z.json
LAK@COL,Gabriel Landeskog,COL,f2,PP1,G,over,1.5,fanduel,2000,True,0.27937990511905353,0.3149538076458562,0.03246569147256406,0.04031701200971187,16.206805555555555,984.8166666666667,,"fanduel@0.5,pinnacle@0.5,sgo_fair@0.5",1.0771563327510214,0.047619047619047616,0.03717648379485275,-0.010442563824194867,-0.2192938403080923,-0.007851320537147807,2590,8113.0,pass,2026-09-30T22:36:58+00:00,sgo_slate_alt_20260930T223657Z.json
LAK@COL,Gabriel Landeskog,COL,f2,PP1,A,over,1.5,draftkings,1100,True,0.4004674707998486,0.4207377284050162,0.06167732149637828,0.06719720277822691,16.206805555555555,984.8166666666667,,"draftkings@0.5,pinnacle@0.5,sgo_fair@0.5",1.1071951647367635,0.08333333333333333,0.06498925026548746,-0.018344083067845865,-0.22012899681415043,-0.005519881281848632,1439,2401.0,pass,2026-09-30T22:36:58+00:00,sgo_slate_alt_20260930T223657Z.json
PIT@PHI,Egor Chinakhov,PIT,f2,PP1,PTS,over,1.5,draftkings,500,True,0.6218130795687508,0.6258494232686037,0.12913505471127693,0.13048441568942815,14.739930555555556,970.55,,"draftkings@0.5,sgo_fair@0.5",1.0522575427430254,0.16666666666666666,0.12994467129816767,-0.03672199536849899,-0.220331972210994,-0.0013493609781512206,670,853.0,pass,2026-09-30T22:36:58+00:00,sgo_slate_alt_20260930T223657Z.json
LAK@COL,Fedor Svechkov,COL,f3,-,G,over,1.5,fanduel,8000,False,0.12012181422052655,0.16060071459274097,0.0066620814096114665,0.011595237127250621,12.889583333333334,1146.8741666666667,,sgo_fair@0.5,1.0771563327510214,0.012345679012345678,0.009621974840194959,-0.0027237041721507194,-0.22062003794420837,-0.0049331557176391545,10293,,pass,2026-09-30T22:36:58+00:00,sgo_slate_alt_20260930T223657Z.json
NYI@TOR,Auston Matthews,TOR,f1,PP1,A,over,1.5,draftkings,700,True,0.5242782744502915,0.5230237493858793,0.0976539987513295,0.09726486180683148,19.35674712013165,1888.035,,"draftkings@0.5,pinnacle@0.5,sgo_fair@0.5",1.1071951647367635,0.125,0.09742051658463069,-0.02757948341536931,-0.22063586732295448,0.0003891369444980197,926,1281.0,pass,2026-09-30T22:36:58+00:00,sgo_slate_alt_20260930T223657Z.json
PIT@PHI,Egor Chinakhov,PIT,f2,PP1,SOG,over,3.5,draftkings,300,True,2.0500395791824326,2.355775421334414,0.1594676306783095,0.2184179066222473,14.739930555555556,970.55,,"draftkings@2.5,sgo_fair@2.5",1.0501033526938741,0.25,0.19483779624467218,-0.05516220375532782,-0.22064881502131128,-0.05895027594393781,413,489.0,pass,2026-09-30T22:36:58+00:00,sgo_slate_alt_20260930T223657Z.json
PIT@PHI,Travis Konecny,PHI,f2,PP2,SOG,over,4.5,draftkings,1000,True,2.145959220793068,2.0711828002167736,0.07552670411933213,0.06756151326257344,17.79007170032192,2230.1783333333337,,"draftkings@1.5,fanduel@1.5,pinnacle@1.5,sgo_fair@2.0",1.0501033526938741,0.09090909090909091,0.07074758960527691,-0.020161501303814,-0.221776514341954,0.007965190856758689,1313,2086.0,pass,2026-09-30T22:36:58+00:00,sgo_slate_alt_20260930T223657Z.json
PIT@PHI,Evgeni Malkin,PIT,f2,PP2,G,over,1.5,fanduel,2200,True,0.27756680877330775,0.29069464615343205,0.032083514317889826,0.034890861667827115,16.83075923787529,1529.4875,,"fanduel@0.5,pinnacle@0.5,sgo_fair@0.5",1.0771563327510214,0.043478260869565216,0.0337679227278522,-0.009710338141713015,-0.2233377772593994,-0.002807347349937289,2861,11305.0,pass,2026-09-30T22:36:58+00:00,sgo_slate_alt_20260930T223657Z.json
PIT@PHI,Egor Chinakhov,PIT,f2,PP1,A,over,0.5,fanduel,162,False,0.3339941306573285,0.3634530917664229,0.28394201499543875,0.3047286595983241,14.739930555555556,970.55,,"draftkings@0.5,sgo_fair@0.5",1.1071951647367635,0.3816793893129771,0.29641400175717,-0.08526538755580715,-0.2233953153962146,-0.020786644602885374,237,268.0,pass,2026-09-30T22:36:58+00:00,sgo_slate_alt_20260930T223657Z.json
LAK@COL,Martin Necas,COL,f1,PP1,SOG,over,4.5,draftkings,400,True,2.558919995970061,2.8628088231689897,0.1273560035049821,0.17274659730145456,19.35776089828269,2352.2475,,"draftkings@2.5,fanduel@2.5,pinnacle@2.5,sgo_fair@3.5",1.0501033526938741,0.2,0.1545903597828656,-0.04540964021713442,-0.22704820108567203,-0.04539059379647245,547,672.0,pass,2026-09-30T22:36:58+00:00,sgo_slate_alt_20260930T223657Z.json
PIT@PHI,Travis Konecny,PHI,f2,PP2,PTS,under,0.5,draftkings,100,False,0.8576142931254959,1.0191197854576217,0.42417282819886604,0.3609124808147699,17.79007170032192,2230.1783333333337,,"draftkings@0.5,sgo_fair@1.0",1.0522575427430254,0.5,0.3862166197684084,-0.11378338023159162,-0.22756676046318325,0.06326034738409614,159,177.0,pass,2026-09-30T22:36:58+00:00,sgo_slate_alt_20260930T223657Z.json
PIT@PHI,Jamie Drysdale,PHI,d2,PP1,SOG,over,3.5,draftkings,1100,True,1.309195387341232,1.522209345285188,0.04889105908495855,0.07465607225998604,20.541472602739724,2308.5825,,"draftkings@1.5,sgo_fair@1.5",1.0501033526938741,0.08333333333333333,0.06435006698997504,-0.018983266343358285,-0.22779919612029942,-0.02576501317502749,1454,2441.0,pass,2026-09-30T22:36:58+00:00,sgo_slate_alt_20260930T223657Z.json
LAK@COL,Cale Makar,COL,d1,PP1,A,over,2.5,fanduel,1060,True,0.8521146074867143,0.9650953990367924,0.055205701654662924,0.073994396175973,23.81464714714715,2789.351666666667,,"draftkings@0.5,pinnacle@0.5,sgo_fair@1.0",1.1071951647367635,0.08620689655172414,0.06647891836744897,-0.01972797818427517,-0.22884454693759193,-0.01878869452131008,1404,2311.0,pass,2026-09-30T22:36:58+00:00,sgo_slate_alt_20260930T223657Z.json
LAK@COL,Drew Doughty,LAK,d1,PP2,SOG,over,1.5,fanduel,-114,False,1.4003274527409229,1.4338876079063703,0.4040311264021321,0.41514909832359037,22.876091617933724,1988.0616666666667,,"draftkings@1.5,pinnacle@1.5,sgo_fair@1.5",1.0501033526938741,0.5327102803738317,0.41070190955500707,-0.12200837081882465,-0.2290332575020042,-0.011117971921458247,143,159.0,pass,2026-09-30T22:36:58+00:00,sgo_slate_alt_20260930T223657Z.json
LAK@COL,Nathan MacKinnon,COL,f1,PP1,SOG,over,7.5,draftkings,950,True,3.993648508922653,4.170791595677488,0.06575950173986149,0.07843306099669078,20.211023366508,2590.8675,,"draftkings@3.5,fanduel@3.5,pinnacle@3.5,sgo_fair@4.0",1.0501033526938741,0.09523809523809523,0.07336363729395906,-0.021874457944136172,-0.2296818084134299,-0.012673559256829295,1263,1968.0,pass,2026-09-30T22:36:58+00:00,sgo_slate_alt_20260930T223657Z.json
NYI@TOR,Tony DeAngelo,NYI,d3,PP2,A,over,1.5,draftkings,1300,True,0.38097893981066094,0.3705187563143608,0.056525852755677494,0.05382660498788911,18.18105358764759,1822.3483333333331,,"draftkings@0.5,sgo_fair@0.5",1.1071951647367635,0.07142857142857142,0.054906304095004466,-0.01652226733356696,-0.23131174266993748,0.0026992477677883833,1721,3244.0,pass,2026-09-30T22:36:58+00:00,sgo_slate_alt_20260930T223657Z.json
NYI@TOR,Auston Matthews,TOR,f1,PP1,PTS,over,2.5,fanduel,800,True,0.9429702200275875,1.0790770394883018,0.07011607816692755,0.09540647370953244,19.35674712013165,1888.035,,"draftkings@0.5,sgo_fair@1.0",1.0522575427430254,0.1111111111111111,0.08529031549249048,-0.02582079561862062,-0.23238716056758568,-0.025290395542604885,1072,1559.0,pass,2026-09-30T22:36:58+00:00,sgo_slate_alt_20260930T223657Z.json
PIT@PHI,Nick Robertson,PIT,f1,-,PTS,over,0.5,fanduel,-115,False,0.4220223248840462,0.6061358035703157,0.34428059962954505,0.4545454545454546,15.236584899893014,1360.1991666666665,,sgo_fair@0.5,1.0522575427430254,0.5348837209302325,0.4104395125790908,-0.12444420835114173,-0.23265656343909125,-0.11026485491590954,144,159.0,pass,2026-09-30T22:36:58+00:00,sgo_slate_alt_20260930T223657Z.json
LAK@COL,Brandt Clarke,LAK,d2,PP1,PTS,over,0.5,fanduel,-113,False,0.4577490777357853,0.5657911050675989,0.36729378363279613,0.43208930802836043,19.37295046968403,2195.145,,"draftkings@0.5,sgo_fair@0.5",1.0522575427430254,0.5305164319248826,0.40617109827013476,-0.12434533365474787,-0.23438545193328575,-0.0647955243955643,146,162.0,pass,2026-09-30T22:36:58+00:00,sgo_slate_alt_20260930T223657Z.json
NYI@TOR,Kyle Palmieri,NYI,f1,PP1,G,over,2.5,fanduel,20000,True,0.3324178734624247,0.28629854706769214,0.004781265589153758,0.0031603185329161783,18.330910070005388,1155.1666666666667,,"fanduel@0.5,pinnacle@0.5,sgo_fair@0.5",1.0771563327510214,0.004975124378109453,0.00380869735541121,-0.0011664270226982429,-0.23445183156234684,0.0016209470562375794,26156,,pass,2026-09-30T22:36:58+00:00,sgo_slate_alt_20260930T223657Z.json
LAK@COL,Cale Makar,COL,d1,PP1,PTS,over,2.5,draftkings,650,True,1.1180078523889414,1.1067963259298566,0.10323678909573257,0.10095620534796336,23.81464714714715,2789.351666666667,,"draftkings@0.5,sgo_fair@1.5",1.0522575427430254,0.13333333333333333,0.10186843884707104,-0.03146489448626229,-0.23598670864696714,0.0022805837477692104,882,1201.0,pass,2026-09-30T22:36:58+00:00,sgo_slate_alt_20260930T223657Z.json
LAK@COL,Brandt Clarke,LAK,d2,PP1,A,over,0.5,fanduel,122,False,0.3909624185685283,0.4428110681182439,0.3235944241485744,0.35777146692846823,19.37295046968403,2195.145,,"draftkings@0.5,pinnacle@0.5,sgo_fair@0.5",1.1071951647367635,0.45045045045045046,0.3441006498165107,-0.10634980063393978,-0.23609655740734636,-0.03417704277989381,191,213.0,pass,2026-09-30T22:36:58+00:00,sgo_slate_alt_20260930T223657Z.json
NYI@TOR,John Tavares,TOR,f2,PP1,G,over,2.5,fanduel,10000,True,0.436741374092731,0.35904791366302025,0.010042849184996176,0.005907820648034647,17.08891862955032,2122.2625,,"fanduel@0.5,pinnacle@0.5,sgo_fair@0.5",1.0771563327510214,0.009900990099009901,0.007561832062819258,-0.0023391580361906434,-0.23625496165525495,0.004135028536961529,13124,,pass,2026-09-30T22:36:58+00:00,sgo_slate_alt_20260930T223657Z.json
LAK@COL,Adrian Kempe,LAK,f1,PP1,G,over,2.5,fanduel,12500,True,0.38480854968765804,0.34594718329018204,0.007136320137888216,0.00533567338121873,18.629540939406837,2261.9791666666665,,"fanduel@0.5,pinnacle@0.5,sgo_fair@0.5",1.0771563327510214,0.007936507936507936,0.0060559320838865244,-0.0018805758526214116,-0.23695255743029797,0.0018006467566694861,16413,,pass,2026-09-30T22:36:58+00:00,sgo_slate_alt_20260930T223657Z.json
PIT@PHI,Nick Robertson,PIT,f1,-,G,over,1.5,fanduel,3300,False,0.2081508120229108,0.24111030460273541,0.018879385008410292,0.02479143562987934,15.236584899893014,1360.1991666666665,,"pinnacle@0.5,sgo_fair@0.5",1.0771563327510214,0.029411764705882353,0.02242661538129172,-0.006985149324590632,-0.23749507703608153,-0.005912050621469048,4359,,pass,2026-09-30T22:36:58+00:00,sgo_slate_alt_20260930T223657Z.json
LAK@COL,Brent Burns,COL,d3,-,PTS,over,1.5,draftkings,1400,True,0.36482575573475323,0.3544379222030298,0.05237742792270433,0.04977014544900415,18.010786375105127,2321.115,,"draftkings@0.5,sgo_fair@0.5",1.0522575427430254,0.06666666666666667,0.05081305843848422,-0.015853608228182443,-0.2378041234227367,0.0026072824737001787,1868,3774.0,pass,2026-09-30T22:36:58+00:00,sgo_slate_alt_20260930T223657Z.json
LAK@COL,Mats Zuccarello,LAK,f2,PP1,SOG,over,3.5,draftkings,425,True,1.981372983240766,1.9604317896902295,0.14703446692341937,0.1433134422084098,17.496636128076993,1710.3441666666665,,"draftkings@1.5,fanduel@1.5,pinnacle@1.5,sgo_fair@2.5",1.0501033526938741,0.19047619047619047,0.14480185209441362,-0.04567433838177684,-0.2397902765043285,0.0037210247150095688,591,735.0,pass,2026-09-30T22:36:58+00:00,sgo_slate_alt_20260930T223657Z.json
NYI@TOR,Matthew Schaefer,NYI,d1,PP1,A,over,1.5,draftkings,650,True,0.4782224275125335,0.5731626010488077,0.08367312184265673,0.11314573597926848,23.59136178861789,2023.9833333333333,,"draftkings@0.5,pinnacle@0.5,sgo_fair@0.5",1.1071951647367635,0.13333333333333333,0.10135669032462377,-0.03197664300870956,-0.23982482256532167,-0.029472614136611758,887,1210.0,pass,2026-09-30T22:36:58+00:00,sgo_slate_alt_20260930T223657Z.json
LAK@COL,Gabriel Landeskog,COL,f2,PP1,SOG,over,4.5,draftkings,650,True,2.2447679521682438,2.4385909175172906,0.08675145502548288,0.11096558599954823,16.206805555555555,984.8166666666667,,"draftkings@2.5,sgo_fair@2.5",1.0501033526938741,0.13333333333333333,0.10127993360992207,-0.03205339972341126,-0.2404004979255845,-0.024214130974065343,887,1211.0,pass,2026-09-30T22:36:58+00:00,sgo_slate_alt_20260930T223657Z.json
PIT@PHI,Sidney Crosby,PIT,f1,PP1,PTS,over,2.5,fanduel,870,True,1.0432652354126144,0.9500691472649602,0.08842924047146088,0.0713501852564131,18.813389423076924,2041.1850000000002,,"draftkings@0.5,sgo_fair@0.5",1.0522575427430254,0.10309278350515463,0.07818180734243221,-0.02491097616272242,-0.2416364687784076,0.01707905521504778,1179,1780.0,pass,2026-09-30T22:36:58+00:00,sgo_slate_alt_20260930T223657Z.json
NYI@TOR,Emil Heineman,NYI,f3,-,SOG,over,3.5,draftkings,550,True,1.811984674360151,1.7984105319380814,0.1179778867012015,0.11575854793834231,14.394946163178647,1680.3591666666666,,"draftkings@1.5,sgo_fair@1.5",1.0501033526938741,0.15384615384615385,0.11664628344348599,-0.03719987040266787,-0.24179915761734105,0.0022193387628591937,757,991.0,pass,2026-09-30T22:36:58+00:00,sgo_slate_alt_20260930T223657Z.json
NYI@TOR,Morgan Rielly,TOR,d1,PP2,PTS,over,1.5,draftkings,750,True,0.48580421604933627,0.5037857767850961,0.08592991474346795,0.09135427027760662,21.86003738855335,2459.4066666666668,,"draftkings@0.5,sgo_fair@0.5",1.0522575427430254,0.11764705882352941,0.08918452806395116,-0.028462530759578247,-0.24193151145641512,-0.0054243555341386696,1021,1458.0,pass,2026-09-30T22:36:58+00:00,sgo_slate_alt_20260930T223657Z.json
LAK@COL,Martin Necas,COL,f1,PP1,SOG,over,5.5,draftkings,950,True,2.558919995970061,2.8628088231689897,0.05557809382980277,0.0824704547181933,19.35776089828269,2352.2475,,"draftkings@2.5,fanduel@2.5,pinnacle@2.5,sgo_fair@3.5",1.0501033526938741,0.09523809523809523,0.07171351036283709,-0.023524584875258145,-0.24700814119021053,-0.026892360888390525,1294,2041.0,pass,2026-09-30T22:36:58+00:00,sgo_slate_alt_20260930T223657Z.json
LAK@COL,Alex Laferriere,LAK,f2,PP2,SOG,over,4.5,draftkings,650,True,2.3058104448806325,2.388241175899168,0.09407174986298134,0.10440702248920855,16.89103086155165,2074.2774999999997,,"draftkings@2.5,sgo_fair@2.5",1.0501033526938741,0.13333333333333333,0.10027291343871766,-0.03306041989461567,-0.24795314920961753,-0.010335272626227215,897,1228.0,pass,2026-09-30T22:36:58+00:00,sgo_slate_alt_20260930T223657Z.json
PIT@PHI,Matvei Michkov,PHI,f3,PP1,A,over,0.5,fanduel,112,False,0.45354272946887914,0.42689679511275885,0.364626795728476,0.3474691068698676,14.45386396011396,1802.7041666666667,,"draftkings@0.5,sgo_fair@0.5",1.1071951647367635,0.4716981132075472,0.354332182413311,-0.11736593079423618,-0.24881577328378068,0.01715768885860841,182,204.0,pass,2026-09-30T22:36:58+00:00,sgo_slate_alt_20260930T223657Z.json
LAK@COL,Quinton Byfield,LAK,f1,PP1,PTS,over,1.5,draftkings,450,True,0.5906063945965947,0.6738364210812856,0.11881798226051352,0.14676320819755423,18.790998989461528,2260.741666666667,,"draftkings@0.5,sgo_fair@0.5",1.0522575427430254,0.18181818181818182,0.13558511782273794,-0.046233063995443885,-0.25428185197494135,-0.027945225937040713,638,804.0,pass,2026-09-30T22:36:58+00:00,sgo_slate_alt_20260930T223657Z.json
LAK@COL,Artturi Lehkonen,COL,f1,PP2,PTS,over,1.5,fanduel,430,True,0.6833273466654184,0.6373224397634297,0.1500306155911402,0.13433751870059815,18.532657100445324,1926.55,,"draftkings@0.5,sgo_fair@0.5",1.0522575427430254,0.18867924528301888,0.14061475745681495,-0.04806448782620393,-0.2547417854788808,0.015693096890542046,611,765.0,pass,2026-09-30T22:36:58+00:00,sgo_slate_alt_20260930T223657Z.json
LAK@COL,Brock Nelson,COL,f2,PP2,A,over,1.5,fanduel,1300,True,0.3892929325236413,0.35331719189794064,0.05870434504220131,0.04949174690468901,17.712678062678066,2272.766666666667,,"draftkings@0.5,pinnacle@0.5,sgo_fair@0.5",1.1071951647367635,0.07142857142857142,0.05317678615969393,-0.018251785268877496,-0.25552499376428495,0.009212598137512303,1781,3449.0,pass,2026-09-30T22:36:58+00:00,sgo_slate_alt_20260930T223657Z.json
PIT@PHI,Nick Robertson,PIT,f1,-,A,over,0.5,fanduel,144,False,0.21057778550865425,0.4807481685287128,0.18988396258559323,0.38167938931297707,15.236584899893014,1360.1991666666665,,sgo_fair@0.5,1.1071951647367635,0.4098360655737705,0.3049612186220235,-0.10487484695174698,-0.2558946265622626,-0.19179542672738384,228,257.0,data-check,2026-09-30T22:36:58+00:00,sgo_slate_alt_20260930T223657Z.json
NYI@TOR,Darren Raddysh,TOR,d1,PP1,SOG,over,5.5,draftkings,1100,True,2.70841230957326,2.5881644153857963,0.06808012708601394,0.057911433873769985,21.772137732023086,2248.5808333333334,,"draftkings@2.5,fanduel@2.5,pinnacle@2.5,sgo_fair@2.5",1.0501033526938741,0.08333333333333333,0.06197891115866756,-0.021354422174665766,-0.2562530660959892,0.010168693212243951,1513,2604.0,pass,2026-09-30T22:36:58+00:00,sgo_slate_alt_20260930T223657Z.json
PIT@PHI,Tommy Novak,PIT,f2,PP1,SOG,over,3.5,draftkings,550,True,1.7375467524096142,1.8243634150962074,0.10602332091365334,0.12001667139993698,15.020621668234558,1492.5841666666668,,"draftkings@1.5,sgo_fair@1.5",1.0501033526938741,0.15384615384615385,0.11441933120542352,-0.03942682264073033,-0.25627434716474706,-0.01399335048628364,774,1018.0,pass,2026-09-30T22:36:58+00:00,sgo_slate_alt_20260930T223657Z.json
PIT@PHI,Erik Karlsson,PIT,d1,PP1,G,over,1.5,fanduel,5000,False,0.1556669453511506,0.19671029424608127,0.010929164107335175,0.01698797258360268,22.990095323205242,2627.4333333333334,,sgo_fair@0.5,1.0771563327510214,0.0196078431372549,0.014564449193095678,-0.005043393944159223,-0.25721309115212043,-0.006058808476267505,6766,,pass,2026-09-30T22:36:58+00:00,sgo_slate_alt_20260930T223657Z.json
NYI@TOR,Auston Matthews,TOR,f1,PP1,SOG,over,7.5,draftkings,1500,True,3.747951156478456,3.6315658225880103,0.050297804182705824,0.04383328045815449,19.35674712013165,1888.035,,"draftkings@3.5,fanduel@3.5,pinnacle@3.5,sgo_fair@3.5",1.0501033526938741,0.0625,0.04641908994797502,-0.01608091005202498,-0.25729456083239965,0.006464523724551335,2054,4569.0,pass,2026-09-30T22:36:58+00:00,sgo_slate_alt_20260930T223657Z.json
PIT@PHI,Noah Cates,PHI,f3,PP2,SOG,over,3.5,draftkings,850,True,1.5406573649202646,1.5505246854859767,0.0771430930122264,0.07848937174279952,14.816801878736124,1889.2450000000001,,"draftkings@1.5,sgo_fair@1.5",1.0501033526938741,0.10526315789473684,0.07795086025057027,-0.027312297644166567,-0.2594668276195824,-0.0013462787305731222,1183,1789.0,pass,2026-09-30T22:36:58+00:00,sgo_slate_alt_20260930T223657Z.json
NYI@TOR,William Nylander,TOR,f2,PP1,G,over,2.5,fanduel,8000,True,0.42153320033849545,0.42175496539111074,0.009131093993489907,0.00914402515202665,17.72223436993845,2000.8358333333333,,"fanduel@0.5,pinnacle@0.5,sgo_fair@0.5",1.0771563327510214,0.012345679012345678,0.009138852688611953,-0.003206826323733725,-0.2597529322224318,-1.2931158536743509e-05,10842,,pass,2026-09-30T22:36:58+00:00,sgo_slate_alt_20260930T223657Z.json
NYI@TOR,Matthew Schaefer,NYI,d1,PP1,A,over,1.5,fanduel,630,True,0.4782224275125335,0.5731626010488077,0.08367312184265673,0.11314573597926848,23.59136178861789,2023.9833333333333,,"draftkings@0.5,pinnacle@0.5,sgo_fair@0.5",1.1071951647367635,0.136986301369863,0.10135669032462377,-0.035629611045239235,-0.26009616063024643,-0.029472614136611758,887,1210.0,pass,2026-09-30T22:36:58+00:00,sgo_slate_alt_20260930T223657Z.json
LAK@COL,Alex Laferriere,LAK,f2,PP2,PTS,over,1.5,draftkings,700,True,0.46213084506484325,0.535385524051745,0.07894542702109693,0.10111845729283071,16.89103086155165,2074.2774999999997,,"draftkings@0.5,sgo_fair@0.5",1.0522575427430254,0.125,0.09224924518413719,-0.032750754815862815,-0.2620060385269025,-0.022173030271733785,984,1387.0,pass,2026-09-30T22:36:58+00:00,sgo_slate_alt_20260930T223657Z.json
NYI@TOR,John Tavares,TOR,f2,PP1,PTS,over,2.5,draftkings,1400,True,0.8849921821443814,0.7559350308330143,0.060408490638647665,0.04129782306889384,17.08891862955032,2122.2625,,"draftkings@0.5,sgo_fair@0.5",1.0522575427430254,0.06666666666666667,0.04894209009679537,-0.017724576569871295,-0.26586864854806946,0.019110667569753825,1943,4077.0,pass,2026-09-30T22:36:58+00:00,sgo_slate_alt_20260930T223657Z.json
NYI@TOR,Matthew Schaefer,NYI,d1,PP1,SOG,over,5.5,draftkings,750,True,2.80586538638041,2.9625838107769127,0.07699108279595467,0.09254515349081832,23.59136178861789,2023.9833333333333,,"draftkings@2.5,fanduel@2.5,pinnacle@2.5,sgo_fair@3.5",1.0501033526938741,0.11764705882352941,0.08632352521287286,-0.031323533610656554,-0.2662500356905807,-0.015554070694863656,1058,1531.0,pass,2026-09-30T22:36:58+00:00,sgo_slate_alt_20260930T223657Z.json
PIT@PHI,Jamie Drysdale,PHI,d2,PP1,PTS,over,1.5,draftkings,650,True,0.42942966969293433,0.5836626803498522,0.06961252270968932,0.11655157434247149,20.541472602739724,2308.5825,,"draftkings@0.5,sgo_fair@0.5",1.0522575427430254,0.13333333333333333,0.09777595368935862,-0.03555737964397471,-0.2666803473298103,-0.04693905163278217,923,1274.0,pass,2026-09-30T22:36:58+00:00,sgo_slate_alt_20260930T223657Z.json
LAK@COL,Brandt Clarke,LAK,d2,PP1,PTS,over,1.5,draftkings,650,True,0.4577490777357853,0.5657911050675989,0.07767309661301029,0.11077049003802177,19.37295046968403,2195.145,,"draftkings@0.5,sgo_fair@0.5",1.0522575427430254,0.13333333333333333,0.09753153266801717,-0.03580180066531616,-0.26851350498987125,-0.03309739342501147,925,1279.0,pass,2026-09-30T22:36:58+00:00,sgo_slate_alt_20260930T223657Z.json
LAK@COL,Brock Nelson,COL,f2,PP2,SOG,over,4.5,draftkings,850,True,2.17344461842204,2.149457824821926,0.07857010078460427,0.07591067468945313,17.712678062678066,2272.766666666667,,"draftkings@1.5,fanduel@1.5,pinnacle@2.5,sgo_fair@2.0",1.0501033526938741,0.10526315789473684,0.07697444512751359,-0.02828871276722325,-0.2687427712886209,0.0026594260951511434,1199,1824.0,pass,2026-09-30T22:36:58+00:00,sgo_slate_alt_20260930T223657Z.json
PIT@PHI,Rickard Rakell,PIT,f1,PP1,PTS,over,2.5,draftkings,1600,True,0.8012222590421448,0.745662623153935,0.047598499980197356,0.03993128999996603,18.540236737515123,1840.311666666667,,"draftkings@0.5,sgo_fair@0.5",1.0522575427430254,0.058823529411764705,0.04299817399205856,-0.015825355419706144,-0.2690310421350045,0.007667209980231328,2226,5456.0,pass,2026-09-30T22:36:58+00:00,sgo_slate_alt_20260930T223657Z.json
LAK@COL,Nathan MacKinnon,COL,f1,PP1,A,over,2.5,draftkings,950,True,0.99383951889195,0.9013066718911821,0.079171737450787,0.06307226357033126,20.211023366508,2590.8675,,"draftkings@0.5,pinnacle@0.5,sgo_fair@0.5",1.1071951647367635,0.09523809523809523,0.06951205312251355,-0.025726042115581688,-0.27012344221360773,0.01609947388045574,1339,2147.0,pass,2026-09-30T22:36:58+00:00,sgo_slate_alt_20260930T223657Z.json
PIT@PHI,Sidney Crosby,PIT,f1,PP1,SOG,over,5.5,draftkings,1700,True,2.410393750843344,2.304635616620503,0.04457720173554171,0.03760874989867231,18.813389423076924,2041.1850000000002,,"draftkings@2.5,fanduel@2.5,pinnacle@2.5,sgo_fair@2.5",1.0501033526938741,0.05555555555555555,0.04039613063342007,-0.015159424922135484,-0.27286964859843876,0.006968451836869401,2375,6395.0,pass,2026-09-30T22:36:58+00:00,sgo_slate_alt_20260930T223657Z.json
LAK@COL,Gabriel Landeskog,COL,f2,PP1,PTS,over,1.5,fanduel,390,True,0.6405775066921884,0.7031032069981124,0.13543534573939697,0.1568844025462085,16.206805555555555,984.8166666666667,,"draftkings@0.5,sgo_fair@0.5",1.0522575427430254,0.20408163265306123,0.1483047798234839,-0.05577685282957734,-0.27330657886492893,-0.02144905680681153,574,711.0,pass,2026-09-30T22:36:58+00:00,sgo_slate_alt_20260930T223657Z.json
NYI@TOR,Morgan Rielly,TOR,d1,PP2,G,over,1.5,fanduel,10000,False,0.11488041665737858,0.13142242874970222,0.006114497042329789,0.007915308781049318,21.86003738855335,2459.4066666666668,,sgo_fair@0.5,1.0771563327510214,0.009900990099009901,0.007194984085561507,-0.002706006013448394,-0.2733066073582877,-0.0018008117387195294,13799,,pass,2026-09-30T22:36:58+00:00,sgo_slate_alt_20260930T223657Z.json
LAK@COL,Nathan MacKinnon,COL,f1,PP1,A,over,1.5,fanduel,200,True,0.99383951889195,0.9013066718911821,0.2619748176889909,0.2279958088669207,20.211023366508,2590.8675,,"draftkings@0.5,pinnacle@0.5,sgo_fair@0.5",1.1071951647367635,0.3333333333333333,0.24158741239574877,-0.09174592093758455,-0.2752377628127537,0.033979008822070195,314,362.0,pass,2026-09-30T22:36:58+00:00,sgo_slate_alt_20260930T223657Z.json
LAK@COL,Nazem Kadri,COL,f2,PP2,PTS,over,1.5,fanduel,440,True,0.6711867194200936,0.6112380399499037,0.14585365433220251,0.12561560390113802,17.56882499268364,2179.7783333333336,,"draftkings@0.5,sgo_fair@0.5",1.0522575427430254,0.18518518518518517,0.13371082407356383,-0.05147436111162135,-0.27796155000275524,0.020238050431064497,648,820.0,pass,2026-09-30T22:36:58+00:00,sgo_slate_alt_20260930T223657Z.json
LAK@COL,Brock Nelson,COL,f2,PP2,G,over,2.5,fanduel,15000,True,0.3325289209388758,0.3323539802851173,0.004785667093549012,0.004778734214824479,17.712678062678066,2272.766666666667,,"fanduel@0.5,pinnacle@0.5,sgo_fair@0.5",1.0771563327510214,0.006622516556291391,0.004781507366314292,-0.0018410091899770985,-0.2779923876865419,6.9328787245326665e-06,20814,,pass,2026-09-30T22:36:58+00:00,sgo_slate_alt_20260930T223657Z.json
NYI@TOR,Anthony Duclair,NYI,f4,PP2,G,over,1.5,fanduel,5000,False,0.16573615886661922,0.18606369417672344,0.012307016912214017,0.015305354070606646,12.074826813365934,1116.5416666666667,,sgo_fair@0.5,1.0771563327510214,0.0196078431372549,0.014106019207249593,-0.005501823930005308,-0.2805930204302708,-0.002998337158392629,6989,,pass,2026-09-30T22:36:58+00:00,sgo_slate_alt_20260930T223657Z.json
PIT@PHI,Matvei Michkov,PHI,f3,PP1,SOG,over,4.5,draftkings,1100,True,2.187048050044738,1.8456281585303085,0.08009906483030622,0.04640641254388352,14.45386396011396,1802.7041666666667,,"draftkings@1.5,sgo_fair@1.5",1.0501033526938741,0.08333333333333333,0.0598834734584526,-0.023449859874880727,-0.2813983184985688,0.0336926522864227,1570,2767.0,pass,2026-09-30T22:36:58+00:00,sgo_slate_alt_20260930T223657Z.json
LAK@COL,Devon Toews,COL,d1,PP2,PTS,over,1.5,draftkings,800,True,0.4451691990260668,0.47814507236613296,0.07405717616873742,0.0836501914515848,22.805984996738424,2362.0433333333335,,"draftkings@0.5,sgo_fair@0.5",1.0522575427430254,0.1111111111111111,0.07981298533844584,-0.03129812577266526,-0.2816831319539874,-0.00959301528284738,1153,1724.0,pass,2026-09-30T22:36:58+00:00,sgo_slate_alt_20260930T223657Z.json
LAK@COL,Adrian Kempe,LAK,f1,PP1,PTS,over,2.5,draftkings,1500,True,0.8204001639115107,0.7550745441844584,0.05040053713296228,0.04118245728773722,18.629540939406837,2261.9791666666665,,"draftkings@0.5,sgo_fair@0.5",1.0522575427430254,0.0625,0.04486968922582725,-0.01763031077417275,-0.282084972386764,0.00921807984522506,2129,4933.0,pass,2026-09-30T22:36:58+00:00,sgo_slate_alt_20260930T223657Z.json
NYI@TOR,Brayden Schenn,NYI,f2,PP1,SOG,over,4.5,draftkings,1500,True,1.7670895145495848,1.863460286238935,0.04007401327344009,0.04791905783172807,16.50940975192472,1989.5,,"draftkings@1.5,fanduel@1.5,pinnacle@1.5,sgo_fair@2.0",1.0501033526938741,0.0625,0.044781040008412876,-0.017718959991587124,-0.283503359865394,-0.00784504455828798,2133,4955.0,pass,2026-09-30T22:36:58+00:00,sgo_slate_alt_20260930T223657Z.json
PIT@PHI,Egor Chinakhov,PIT,f2,PP1,PTS,over,1.5,fanduel,450,True,0.6218130795687508,0.6258494232686037,0.12913505471127693,0.13048441568942815,14.739930555555556,970.55,,"draftkings@0.5,sgo_fair@0.5",1.0522575427430254,0.18181818181818182,0.12994467129816767,-0.051873510520014154,-0.2853043078600779,-0.0013493609781512206,670,853.0,pass,2026-09-30T22:36:58+00:00,sgo_slate_alt_20260930T223657Z.json
PIT@PHI,Evgeni Malkin,PIT,f2,PP2,SOG,over,4.5,draftkings,1000,True,2.1393238026178922,1.9790909547771836,0.07480122255767042,0.058396731717913854,16.83075923787529,1529.4875,,"draftkings@1.5,fanduel@1.5,pinnacle@1.5,sgo_fair@2.5",1.0501033526938741,0.09090909090909091,0.06495852805381648,-0.02595056285527443,-0.2854561914080187,0.01640449083975657,1439,2403.0,pass,2026-09-30T22:36:58+00:00,sgo_slate_alt_20260930T223657Z.json
NYI@TOR,Morgan Rielly,TOR,d1,PP2,A,over,1.5,draftkings,1100,True,0.38261141332537296,0.3989609914779199,0.05695131873442902,0.06127356554547708,21.86003738855335,2459.4066666666668,,"draftkings@0.5,sgo_fair@0.5",1.1071951647367635,0.08333333333333333,0.05954466682105786,-0.023788666512275472,-0.2854639981473057,-0.004322246811048064,1579,2795.0,pass,2026-09-30T22:36:58+00:00,sgo_slate_alt_20260930T223657Z.json
NYI@TOR,Brayden Schenn,NYI,f2,PP1,A,over,1.5,draftkings,1400,True,0.34182191544844504,0.3483784157398837,0.04666945299493699,0.048271733042258305,16.50940975192472,1989.5,,"draftkings@0.5,pinnacle@0.5,sgo_fair@0.5",1.1071951647367635,0.06666666666666667,0.04763082102332977,-0.019035845643336893,-0.28553768465005347,-0.001602280047321318,1999,4319.0,pass,2026-09-30T22:36:58+00:00,sgo_slate_alt_20260930T223657Z.json
LAK@COL,Devon Toews,COL,d1,PP2,A,over,1.5,draftkings,1100,True,0.3867162483666512,0.39604515586776046,0.05802609582817505,0.060494687405565344,22.805984996738424,2362.0433333333335,,"draftkings@0.5,sgo_fair@0.5",1.1071951647367635,0.08333333333333333,0.05950725077460922,-0.023826082558724107,-0.28591299070468934,-0.0024685915773902944,1580,2798.0,pass,2026-09-30T22:36:58+00:00,sgo_slate_alt_20260930T223657Z.json
PIT@PHI,Erik Karlsson,PIT,d1,PP1,SOG,over,5.5,draftkings,1900,True,2.2661791992622393,2.2776169614419457,0.035251897896733296,0.035943067793982264,22.990095323205242,2627.4333333333334,,"draftkings@2.5,fanduel@2.5,pinnacle@2.5,sgo_fair@2.5",1.0501033526938741,0.05,0.03566659983508268,-0.014333400164917326,-0.2866680032983464,-0.000691169897248968,2704,9275.0,pass,2026-09-30T22:36:58+00:00,sgo_slate_alt_20260930T223657Z.json
NYI@TOR,Bo Horvat,NYI,f1,PP1,A,over,1.5,draftkings,900,True,0.4071176283010176,0.45302388727144366,0.06347049450451703,0.07630843100397137,19.278630126057124,2147.2058333333334,,"draftkings@0.5,pinnacle@0.5,sgo_fair@0.5",1.1071951647367635,0.1,0.07117325640418963,-0.028826743595810375,-0.28826743595810367,-0.012837936499454347,1305,2066.0,pass,2026-09-30T22:36:58+00:00,sgo_slate_alt_20260930T223657Z.json
NYI@TOR,Auston Matthews,TOR,f1,PP1,A,over,1.5,fanduel,630,True,0.5242782744502915,0.5230237493858793,0.0976539987513295,0.09726486180683148,19.35674712013165,1888.035,,"draftkings@0.5,pinnacle@0.5,sgo_fair@0.5",1.1071951647367635,0.136986301369863,0.09742051658463069,-0.039565784785232316,-0.288830228932196,0.0003891369444980197,926,1281.0,pass,2026-09-30T22:36:58+00:00,sgo_slate_alt_20260930T223657Z.json
LAK@COL,Brandt Clarke,LAK,d2,PP1,A,over,1.5,draftkings,950,True,0.3909624185685283,0.4428110681182439,0.05914526428046286,0.07338556422305029,19.37295046968403,2195.145,,"draftkings@0.5,pinnacle@0.5,sgo_fair@0.5",1.1071951647367635,0.09523809523809523,0.0676894442460153,-0.027548650992079926,-0.28926083541683933,-0.01424029994258743,1377,2242.0,pass,2026-09-30T22:36:58+00:00,sgo_slate_alt_20260930T223657Z.json
NYI@TOR,Kyle Palmieri,NYI,f1,PP1,A,over,1.5,fanduel,1060,True,0.41327104276877474,0.38701440949050836,0.06514527554230964,0.05810443831300906,18.330910070005388,1155.1666666666667,,"draftkings@0.5,pinnacle@0.5,sgo_fair@0.5",1.1071951647367635,0.08620689655172414,0.06092077320472929,-0.025286123346994857,-0.2933190308251403,0.007040837229300587,1541,2684.0,pass,2026-09-30T22:36:58+00:00,sgo_slate_alt_20260930T223657Z.json
LAK@COL,Cale Makar,COL,d1,PP1,SOG,over,6.5,draftkings,2000,True,2.752612087547682,2.8657877502754565,0.030226494551522896,0.03588363929764394,23.81464714714715,2789.351666666667,,"draftkings@2.5,fanduel@2.5,pinnacle@2.5,sgo_fair@3.0",1.0501033526938741,0.047619047619047616,0.033620781399195526,-0.01399826621985209,-0.2939635906168939,-0.005657144746121043,2874,11500.0,pass,2026-09-30T22:36:58+00:00,sgo_slate_alt_20260930T223657Z.json
LAK@COL,Quinton Byfield,LAK,f1,PP1,PTS,over,1.5,fanduel,420,True,0.5906063945965947,0.6738364210812856,0.11881798226051352,0.14676320819755423,18.790998989461528,2260.741666666667,,"draftkings@0.5,sgo_fair@0.5",1.0522575427430254,0.19230769230769232,0.13558511782273794,-0.05672257448495438,-0.2949573873217627,-0.027945225937040713,638,804.0,pass,2026-09-30T22:36:58+00:00,sgo_slate_alt_20260930T223657Z.json
PIT@PHI,Travis Konecny,PHI,f2,PP2,A,over,1.5,fanduel,630,True,0.5646692267244804,0.4871917652414096,0.11041016478827861,0.08634491268121582,17.79007170032192,2230.1783333333337,,"draftkings@0.5,pinnacle@0.5,sgo_fair@0.5",1.1071951647367635,0.136986301369863,0.09597101352404094,-0.04101528784582206,-0.29941160127450117,0.0240652521070628,942,1309.0,pass,2026-09-30T22:36:58+00:00,sgo_slate_alt_20260930T223657Z.json
NYI@TOR,Matias Maccelli,NYI,f2,PP1,A,over,1.5,fanduel,1100,True,0.3690145614073582,0.39823459801280947,0.0534423282786662,0.06107920954251784,15.174308093994778,1373.88,,"draftkings@0.5,pinnacle@0.5,sgo_fair@0.5",1.1071951647367635,0.08333333333333333,0.05802445703697718,-0.02530887629635615,-0.3037065155562738,-0.00763688126385164,1623,2928.0,pass,2026-09-30T22:36:58+00:00,sgo_slate_alt_20260930T223657Z.json
PIT@PHI,Jamie Drysdale,PHI,d2,PP1,A,over,1.5,draftkings,1000,True,0.33190880021768737,0.4508242518489211,0.04428516363491909,0.07567580396821945,20.541472602739724,2308.5825,,"draftkings@0.5,sgo_fair@0.5",1.1071951647367635,0.09090909090909091,0.0631195478348993,-0.02778954307419161,-0.3056849738161077,-0.03139064033330036,1484,2523.0,pass,2026-09-30T22:36:58+00:00,sgo_slate_alt_20260930T223657Z.json
LAK@COL,Brandt Clarke,LAK,d2,PP1,SOG,over,3.5,draftkings,400,True,1.9078415762796752,1.9525538685278772,0.134123159095825,0.14192252682719803,19.37295046968403,2195.145,,"draftkings@1.5,fanduel@1.5,pinnacle@1.5,sgo_fair@1.5",1.0501033526938741,0.2,0.13880277973464883,-0.06119722026535118,-0.30598610132675585,-0.007799367731373019,620,779.0,pass,2026-09-30T22:36:58+00:00,sgo_slate_alt_20260930T223657Z.json
PIT@PHI,Evgeni Malkin,PIT,f2,PP2,PTS,over,2.5,fanduel,1500,True,0.8261412069438335,0.7296746466962777,0.05125462716317913,0.037851031681117704,16.83075923787529,1529.4875,,"draftkings@0.5,sgo_fair@0.5",1.0522575427430254,0.0625,0.04321246987394227,-0.01928753012605773,-0.3086004820169237,0.013403595482061423,2214,5391.0,pass,2026-09-30T22:36:58+00:00,sgo_slate_alt_20260930T223657Z.json
PIT@PHI,Evgeni Malkin,PIT,f2,PP2,PTS,over,2.5,draftkings,1500,True,0.8261412069438335,0.7296746466962777,0.05125462716317913,0.037851031681117704,16.83075923787529,1529.4875,,"draftkings@0.5,sgo_fair@0.5",1.0522575427430254,0.0625,0.04321246987394227,-0.01928753012605773,-0.3086004820169237,0.013403595482061423,2214,5391.0,pass,2026-09-30T22:36:58+00:00,sgo_slate_alt_20260930T223657Z.json
PIT@PHI,Egor Chinakhov,PIT,f2,PP1,SOG,over,4.5,draftkings,700,True,2.0500395791824326,2.355775421334414,0.06539388813901785,0.10027588016672795,14.739930555555556,970.55,,"draftkings@2.5,sgo_fair@2.5",1.0501033526938741,0.125,0.08632308335564391,-0.03867691664435609,-0.3094153331548487,-0.0348819920277101,1058,1531.0,pass,2026-09-30T22:36:58+00:00,sgo_slate_alt_20260930T223657Z.json
LAK@COL,Adrian Kempe,LAK,f1,PP1,A,over,1.5,fanduel,800,True,0.44450749898127423,0.4599614329420163,0.07386851934589053,0.07831467830706093,18.629540939406837,2261.9791666666665,,"draftkings@0.5,pinnacle@0.5,sgo_fair@0.5",1.1071951647367635,0.1111111111111111,0.07653621472259277,-0.034574896388518336,-0.3111740674966651,-0.004446158961170399,1207,1840.0,pass,2026-09-30T22:36:58+00:00,sgo_slate_alt_20260930T223657Z.json
LAK@COL,Devon Toews,COL,d1,PP2,G,over,1.5,fanduel,10000,False,0.0916958595157615,0.13795944414025466,0.0039556934640009095,0.00868481412524208,22.805984996738424,2362.0433333333335,,sgo_fair@0.5,1.0771563327510214,0.009900990099009901,0.006793165860745611,-0.0031078242382642897,-0.31389024806469323,-0.00472912066124117,14621,,pass,2026-09-30T22:36:58+00:00,sgo_slate_alt_20260930T223657Z.json
LAK@COL,Quinton Byfield,LAK,f1,PP1,SOG,over,4.5,fanduel,600,True,2.136336181942233,2.459191254511227,0.07447575087226507,0.1137010799960848,18.790998989461528,2260.741666666667,,"draftkings@2.5,fanduel@2.5,pinnacle@2.5,sgo_fair@2.5",1.0501033526938741,0.14285714285714285,0.09801094834655691,-0.04484619451058594,-0.3139233615741016,-0.03922532912381972,920,1270.0,pass,2026-09-30T22:36:58+00:00,sgo_slate_alt_20260930T223657Z.json
LAK@COL,Martin Necas,COL,f1,PP1,G,over,2.5,fanduel,8000,True,0.38568310029235686,0.4236935642977052,0.007180469125701596,0.009257522494554886,19.35776089828269,2352.2475,,"fanduel@0.5,pinnacle@0.5,sgo_fair@0.5",1.0771563327510214,0.012345679012345678,0.00842670114701357,-0.003918977865332109,-0.3174372070919008,-0.0020770533688532896,11767,,pass,2026-09-30T22:36:58+00:00,sgo_slate_alt_20260930T223657Z.json
NYI@TOR,Matthew Schaefer,NYI,d1,PP1,PTS,over,2.5,draftkings,1600,True,0.7293928430008494,0.7581825529216658,0.03781487613067428,0.04159992024062462,23.59136178861789,2023.9833333333333,,"draftkings@0.5,sgo_fair@0.5",1.0522575427430254,0.058823529411764705,0.04008590259664449,-0.018737626815120215,-0.3185396558570437,-0.003785044109950342,2395,6529.0,pass,2026-09-30T22:36:58+00:00,sgo_slate_alt_20260930T223657Z.json
LAK@COL,Quinton Byfield,LAK,f1,PP1,SOG,over,5.5,draftkings,1600,True,2.136336181942233,2.459191254511227,0.027981622277005225,0.048034731357922904,18.790998989461528,2260.741666666667,,"draftkings@2.5,fanduel@2.5,pinnacle@2.5,sgo_fair@2.5",1.0501033526938741,0.058823529411764705,0.04001348772555583,-0.018810041686208874,-0.3197707086655509,-0.02005310908091768,2399,6561.0,pass,2026-09-30T22:36:58+00:00,sgo_slate_alt_20260930T223657Z.json
NYI@TOR,Auston Matthews,TOR,f1,PP1,G,over,2.5,fanduel,5000,True,0.5072125721037434,0.47032366712659995,0.014940429446387514,0.012237520091485878,19.35674712013165,1888.035,,"fanduel@0.5,pinnacle@0.5,sgo_fair@0.5",1.0771563327510214,0.0196078431372549,0.013318683833446532,-0.00628915930380837,-0.3207471244942268,0.0027029093549016357,7408,,pass,2026-09-30T22:36:58+00:00,sgo_slate_alt_20260930T223657Z.json
LAK@COL,Drew Doughty,LAK,d1,PP2,SOG,over,3.5,draftkings,1000,True,1.4003274527409229,1.4338876079063703,0.059234384791689444,0.06330261338661221,22.876091617933724,1988.0616666666667,,"draftkings@1.5,pinnacle@1.5,sgo_fair@1.5",1.0501033526938741,0.09090909090909091,0.0616753219486431,-0.029233768960447812,-0.32157145856492586,-0.004068228594922764,1521,2627.0,pass,2026-09-30T22:36:58+00:00,sgo_slate_alt_20260930T223657Z.json
PIT@PHI,Christian Dvorak,PHI,f2,-,PTS,over,1.5,fanduel,600,True,0.5487328642621591,0.5033453036426875,0.10532591207922361,0.09122021630459384,16.72216638152267,2039.2425,,"draftkings@0.5,sgo_fair@0.5",1.0522575427430254,0.14285714285714285,0.09686249461444574,-0.04599464824269711,-0.32196253769887984,0.014105695774629765,932,1292.0,pass,2026-09-30T22:36:58+00:00,sgo_slate_alt_20260930T223657Z.json
LAK@COL,Alex Laferriere,LAK,f2,PP2,PTS,over,1.5,fanduel,630,True,0.46213084506484325,0.535385524051745,0.07894542702109693,0.10111845729283071,16.89103086155165,2074.2774999999997,,"draftkings@0.5,sgo_fair@0.5",1.0522575427430254,0.136986301369863,0.09224924518413719,-0.04473705618572582,-0.3265805101557986,-0.022173030271733785,984,1387.0,pass,2026-09-30T22:36:58+00:00,sgo_slate_alt_20260930T223657Z.json
LAK@COL,Scott Laughton,LAK,f3,-,G,over,1.5,fanduel,5000,False,0.16682210579079754,0.1752725048565433,0.012459925544679284,0.013678058625218616,13.971408333333333,1444.2816666666665,,sgo_fair@0.5,1.0771563327510214,0.0196078431372549,0.013190805393002884,-0.006417037744252018,-0.3272689249568529,-0.0012181330805393319,7481,,pass,2026-09-30T22:36:58+00:00,sgo_slate_alt_20260930T223657Z.json
LAK@COL,Trevor Moore,LAK,f3,PP2,PTS,over,1.5,draftkings,950,True,0.40481607462017527,0.4119150025085723,0.06284790450227125,0.06477492970968994,15.137832260194816,1693.5033333333333,,"draftkings@0.5,sgo_fair@0.5",1.0522575427430254,0.09523809523809523,0.06400411962672246,-0.03123397561137277,-0.3279567439194141,-0.0019270252074186922,1462,2464.0,pass,2026-09-30T22:36:58+00:00,sgo_slate_alt_20260930T223657Z.json
NYI@TOR,Brayden Schenn,NYI,f2,PP1,A,over,1.5,fanduel,1300,True,0.34182191544844504,0.3483784157398837,0.04666945299493699,0.048271733042258305,16.50940975192472,1989.5,,"draftkings@0.5,pinnacle@0.5,sgo_fair@0.5",1.1071951647367635,0.07142857142857142,0.04763082102332977,-0.023797750405241652,-0.3331685056733832,-0.001602280047321318,1999,4319.0,pass,2026-09-30T22:36:58+00:00,sgo_slate_alt_20260930T223657Z.json
LAK@COL,Alex Turcotte,LAK,f2,PP2,PTS,over,1.5,draftkings,1200,True,0.31444954199592956,0.38785000399241637,0.04020116489700601,0.05832418967318078,13.563327933765299,1030.3283333333334,,"draftkings@0.5,sgo_fair@0.5",1.0522575427430254,0.07692307692307693,0.05107497976271087,-0.025848097160366054,-0.33602526308475866,-0.018123024776174772,1858,3735.0,pass,2026-09-30T22:36:58+00:00,sgo_slate_alt_20260930T223657Z.json
NYI@TOR,William Nylander,TOR,f2,PP1,SOG,over,6.5,draftkings,2000,True,2.628376809170463,2.8720520934455664,0.024718987463649922,0.036214953742021216,17.72223436993845,2000.8358333333333,,"draftkings@2.5,fanduel@2.5,pinnacle@2.5,sgo_fair@3.0",1.0501033526938741,0.047619047619047616,0.0316165672306727,-0.016002480388374915,-0.3360520881558733,-0.011495966278371295,3063,15014.0,pass,2026-09-30T22:36:58+00:00,sgo_slate_alt_20260930T223657Z.json
NYI@TOR,Darren Raddysh,TOR,d1,PP1,PTS,over,2.5,fanduel,1500,True,0.8630637920083494,0.6735215396940623,0.05691360023767115,0.03099955743266529,21.772137732023086,2248.5808333333334,,"draftkings@0.5,sgo_fair@0.5",1.0522575427430254,0.0625,0.041365174554667636,-0.021134825445332364,-0.3381572071253178,0.02591404280500586,2317,6011.0,pass,2026-09-30T22:36:58+00:00,sgo_slate_alt_20260930T223657Z.json
PIT@PHI,Porter Martone,PHI,f1,PP1,G,over,2.5,fanduel,8000,True,0.4345745028893148,0.38156886790124445,0.009909837214270975,0.006974183255467407,17.520370370370372,153.36666666666667,,"fanduel@0.5,pinnacle@0.5,sgo_fair@0.5",1.0771563327510214,0.012345679012345678,0.008148444838988834,-0.004197234173356844,-0.33997596804190444,0.0029356539588035685,12172,,pass,2026-09-30T22:36:58+00:00,sgo_slate_alt_20260930T223657Z.json
LAK@COL,Drew Doughty,LAK,d1,PP2,SOG,over,2.5,fanduel,275,True,1.4003274527409229,1.4338876079063703,0.1708437429963558,0.1789154881137443,22.876091617933724,1988.0616666666667,,"draftkings@1.5,pinnacle@1.5,sgo_fair@1.5",1.0501033526938741,0.26666666666666666,0.1756867900667889,-0.09097987659987777,-0.3411745372495416,-0.008071745117388507,469,564.0,pass,2026-09-30T22:36:58+00:00,sgo_slate_alt_20260930T223657Z.json
LAK@COL,Erik Haula,LAK,f3,PP2,PTS,over,1.5,draftkings,1200,True,0.3577324399807327,0.3577324399807327,0.05059181845546808,0.05059181845546808,14.81408969210174,1807.1625,,"draftkings@0.5,sgo_fair@0.5",1.0522575427430254,0.07692307692307693,0.05059181845546808,-0.02633125846760885,-0.342306360078915,0.0,1877,3807.0,pass,2026-09-30T22:36:58+00:00,sgo_slate_alt_20260930T223657Z.json
PIT@PHI,Tyson Foerster,PHI,f2,PP1,A,over,0.5,fanduel,150,False,0.2467449385599381,0.34521494640978967,0.21866004218720353,0.29193185959510615,16.527680162974278,1116.2733333333333,,"draftkings@0.5,pinnacle@0.5,sgo_fair@0.5",1.1071951647367635,0.4,0.26262313263194514,-0.13737686736805488,-0.3434421684201372,-0.07327181740790262,281,321.0,pass,2026-09-30T22:36:58+00:00,sgo_slate_alt_20260930T223657Z.json
LAK@COL,Alex Laferriere,LAK,f2,PP2,SOG,over,5.5,draftkings,1500,True,2.3058104448806325,2.388241175899168,0.03768223070510084,0.04305816754641053,16.89103086155165,2074.2774999999997,,"draftkings@2.5,sgo_fair@2.5",1.0501033526938741,0.0625,0.040907792809886656,-0.021592207190113344,-0.3454753150418135,-0.005375936841309686,2345,6186.0,pass,2026-09-30T22:36:58+00:00,sgo_slate_alt_20260930T223657Z.json
LAK@COL,Quinton Byfield,LAK,f1,PP1,A,over,1.5,draftkings,1100,True,0.3323603075065874,0.3985871245742266,0.04439274439375396,0.06117350599764402,18.790998989461528,2260.741666666667,,"draftkings@0.5,pinnacle@0.5,sgo_fair@0.5",1.1071951647367635,0.08333333333333333,0.05446120135608799,-0.028872131977245336,-0.34646558372694414,-0.01678076160389006,1736,3294.0,pass,2026-09-30T22:36:58+00:00,sgo_slate_alt_20260930T223657Z.json
NYI@TOR,John Tavares,TOR,f2,PP1,SOG,over,5.5,draftkings,1500,True,2.493402450010554,2.2489417721844474,0.05055023512914136,0.034225900781124904,17.08891862955032,2122.2625,,"draftkings@2.5,fanduel@2.5,pinnacle@2.5,sgo_fair@2.5",1.0501033526938741,0.0625,0.040755634520331485,-0.021744365479668515,-0.34790984767469624,0.01632433434801646,2354,6247.0,pass,2026-09-30T22:36:58+00:00,sgo_slate_alt_20260930T223657Z.json
LAK@COL,Gabriel Landeskog,COL,f2,PP1,A,over,1.5,fanduel,900,True,0.4004674707998486,0.4207377284050162,0.06167732149637828,0.06719720277822691,16.206805555555555,984.8166666666667,,"draftkings@0.5,pinnacle@0.5,sgo_fair@0.5",1.1071951647367635,0.1,0.06498925026548746,-0.03501074973451254,-0.35010749734512536,-0.005519881281848632,1439,2401.0,pass,2026-09-30T22:36:58+00:00,sgo_slate_alt_20260930T223657Z.json
LAK@COL,Nathan MacKinnon,COL,f1,PP1,G,over,2.5,fanduel,3500,True,0.5049114759395055,0.5691816642462283,0.014762792863067422,0.020180350712423394,20.211023366508,2590.8675,,"fanduel@0.5,pinnacle@0.5,sgo_fair@0.5",1.0771563327510214,0.027777777777777776,0.018013327572681006,-0.00976445020509677,-0.3515202073834838,-0.005417557849355973,5451,,pass,2026-09-30T22:36:58+00:00,sgo_slate_alt_20260930T223657Z.json
LAK@COL,Martin Necas,COL,f1,PP1,A,over,2.5,draftkings,1500,True,0.8191240998030153,0.6990938970844605,0.05021165103012937,0.03403143732780176,19.35776089828269,2352.2475,,"draftkings@0.5,pinnacle@0.5,sgo_fair@0.5",1.1071951647367635,0.0625,0.0405035228087328,-0.021996477191267197,-0.35194363506027515,0.016180213702327605,2369,6350.0,pass,2026-09-30T22:36:58+00:00,sgo_slate_alt_20260930T223657Z.json
PIT@PHI,Tyson Foerster,PHI,f2,PP1,PTS,over,1.5,fanduel,400,True,0.6271172701215075,0.6197100441035225,0.13090893554097977,0.12843331199261587,16.527680162974278,1116.2733333333333,,"draftkings@0.5,sgo_fair@0.5",1.0522575427430254,0.2,0.12942356141196143,-0.07057643858803858,-0.35288219294019285,0.002475623548363892,673,858.0,pass,2026-09-30T22:36:58+00:00,sgo_slate_alt_20260930T223657Z.json
NYI@TOR,Matthew Schaefer,NYI,d1,PP1,SOG,over,6.5,draftkings,1600,True,2.80586538638041,2.9625838107769127,0.0328111963698416,0.041219011956636,23.59136178861789,2023.9833333333333,,"draftkings@2.5,fanduel@2.5,pinnacle@2.5,sgo_fair@3.5",1.0501033526938741,0.058823529411764705,0.03785588572191824,-0.020967643689846466,-0.35644994272738995,-0.008407815586794397,2542,7679.0,pass,2026-09-30T22:36:58+00:00,sgo_slate_alt_20260930T223657Z.json
PIT@PHI,Porter Martone,PHI,f1,PP1,PTS,over,2.5,fanduel,1200,True,0.9050391231091117,0.7424955546482034,0.06368923163715638,0.03951469305569325,17.520370370370372,153.36666666666667,,"draftkings@0.5,sgo_fair@0.5",1.0522575427430254,0.07692307692307693,0.0491845084882785,-0.027738568434798425,-0.3606013896523794,0.02417453858146313,1933,4035.0,pass,2026-09-30T22:36:58+00:00,sgo_slate_alt_20260930T223657Z.json
NYI@TOR,John Tavares,TOR,f2,PP1,PTS,over,2.5,fanduel,1200,True,0.8849921821443814,0.7559350308330143,0.060408490638647665,0.04129782306889384,17.08891862955032,2122.2625,,"draftkings@0.5,sgo_fair@0.5",1.0522575427430254,0.07692307692307693,0.04894209009679537,-0.027980986826281556,-0.36375282874166015,0.019110667569753825,1943,4077.0,pass,2026-09-30T22:36:58+00:00,sgo_slate_alt_20260930T223657Z.json
NYI@TOR,Jack Roslovic,TOR,f1,PP2,PTS,over,1.5,fanduel,460,True,0.5482164669111153,0.5913644862504313,0.10516225264543107,0.11906608796888853,16.5629364333803,1610.1491666666666,,sgo_fair@0.5,1.0522575427430254,0.17857142857142858,0.11350455383950554,-0.06506687473192303,-0.364374498498769,-0.013903835323457459,781,1030.0,pass,2026-09-30T22:36:58+00:00,sgo_slate_alt_20260930T223657Z.json
LAK@COL,Martin Necas,COL,f1,PP1,SOG,over,6.5,draftkings,2000,True,2.558919995970061,2.8628088231689897,0.02195028893426602,0.03572676155185279,19.35776089828269,2352.2475,,"draftkings@2.5,fanduel@2.5,pinnacle@2.5,sgo_fair@3.5",1.0501033526938741,0.047619047619047616,0.030216172504818083,-0.017402875114229534,-0.3654603773988203,-0.013776472617586768,3209,19071.0,pass,2026-09-30T22:36:58+00:00,sgo_slate_alt_20260930T223657Z.json
PIT@PHI,Sidney Crosby,PIT,f1,PP1,G,over,2.5,fanduel,10000,True,0.36742926664316317,0.36615368388862374,0.006292343473326471,0.006232883906248514,18.813389423076924,2041.1850000000002,,"fanduel@0.5,pinnacle@0.5,sgo_fair@0.5",1.0771563327510214,0.009900990099009901,0.006256667733079696,-0.0036443223659302047,-0.36807655895895064,5.9459567077956195e-05,15883,,pass,2026-09-30T22:36:58+00:00,sgo_slate_alt_20260930T223657Z.json
LAK@COL,Mats Zuccarello,LAK,f2,PP1,SOG,over,4.5,draftkings,1000,True,1.981372983240766,1.9604317896902295,0.058615112625440766,0.05662788257466468,17.496636128076993,1710.3441666666665,,"draftkings@1.5,fanduel@1.5,pinnacle@1.5,sgo_fair@2.5",1.0501033526938741,0.09090909090909091,0.057422774594975114,-0.0334863163141158,-0.36834947945527374,0.0019872300507760843,1641,2984.0,pass,2026-09-30T22:36:58+00:00,sgo_slate_alt_20260930T223657Z.json
NYI@TOR,Bo Horvat,NYI,f1,PP1,G,over,2.5,fanduel,7500,True,0.4133900090335741,0.4027431987249163,0.00866368192650513,0.008074245277944129,19.278630126057124,2147.2058333333334,,"fanduel@0.5,pinnacle@0.5,sgo_fair@0.5",1.0771563327510214,0.013157894736842105,0.008310019937368528,-0.004847874799473576,-0.36843848475999186,0.0005894366485610023,11934,,pass,2026-09-30T22:36:58+00:00,sgo_slate_alt_20260930T223657Z.json
PIT@PHI,Tommy Novak,PIT,f2,PP1,SOG,over,4.5,draftkings,1400,True,1.7375467524096142,1.8243634150962074,0.03783120299558749,0.044638794548454076,15.020621668234558,1492.5841666666668,,"draftkings@1.5,sgo_fair@1.5",1.0501033526938741,0.06666666666666667,0.041915757927307444,-0.02475090873935922,-0.3712636310903883,-0.006807591552866588,2286,5812.0,pass,2026-09-30T22:36:58+00:00,sgo_slate_alt_20260930T223657Z.json
PIT@PHI,Trevor Zegras,PHI,f1,PP1,G,over,2.5,fanduel,15000,True,0.33590746598790644,0.30169034472120393,0.004920753674209455,0.0036561140465652064,18.15746991717456,1953.2883333333334,,"fanduel@0.5,pinnacle@0.5,sgo_fair@0.5",1.0771563327510214,0.006622516556291391,0.004161969897622905,-0.0024605466586684853,-0.3715425454589413,0.0012646396276442483,23927,,pass,2026-09-30T22:36:58+00:00,sgo_slate_alt_20260930T223657Z.json
PIT@PHI,Hendrix Lapierre,PIT,f3,PP2,G,over,1.5,fanduel,7000,False,0.11437713723186342,0.15343969508347963,0.006063054773527979,0.010634230248452201,11.234861675372413,772.7416666666667,,sgo_fair@0.5,1.0771563327510214,0.014084507042253521,0.008805760058482512,-0.00527874698377101,-0.37479103584774165,-0.004571175474924223,11256,,pass,2026-09-30T22:36:58+00:00,sgo_slate_alt_20260930T223657Z.json
LAK@COL,Gabriel Landeskog,COL,f2,PP1,SOG,over,5.5,draftkings,1400,True,2.2447679521682438,2.4385909175172906,0.033980290851073014,0.04655639647713918,16.206805555555555,984.8166666666667,,"draftkings@2.5,sgo_fair@2.5",1.0501033526938741,0.06666666666666667,0.041525954226712715,-0.02514071243995395,-0.37711068659930924,-0.012576105626066168,2308,5951.0,pass,2026-09-30T22:36:58+00:00,sgo_slate_alt_20260930T223657Z.json
PIT@PHI,Tyson Foerster,PHI,f2,PP1,A,over,1.5,draftkings,1500,True,0.2467449385599381,0.34521494640978967,0.025868362302260365,0.0474961544507513,16.527680162974278,1116.2733333333333,,"draftkings@0.5,pinnacle@0.5,sgo_fair@0.5",1.1071951647367635,0.0625,0.03884503759135492,-0.023654962408645078,-0.37847939853832124,-0.021627792148490938,2474,7123.0,pass,2026-09-30T22:36:58+00:00,sgo_slate_alt_20260930T223657Z.json
PIT@PHI,Erik Karlsson,PIT,d1,PP1,PTS,over,2.5,fanduel,1400,True,0.7805062051807925,0.7387920128951921,0.04466080802855777,0.03903035530769432,22.990095323205242,2627.4333333333334,,"draftkings@0.5,sgo_fair@0.5",1.0522575427430254,0.06666666666666667,0.041282536396039696,-0.02538413027062697,-0.3807619540594046,0.005630452720863453,2322,6042.0,pass,2026-09-30T22:36:58+00:00,sgo_slate_alt_20260930T223657Z.json
NYI@TOR,Jack Roslovic,TOR,f1,PP2,G,over,2.5,fanduel,22500,True,0.3013096210264325,0.24825642505226037,0.003643313905935206,0.0021193209814389887,16.5629364333803,1610.1491666666666,,"pinnacle@0.5,sgo_fair@0.5",1.0771563327510214,0.004424778761061947,0.002728918151237476,-0.0016958606098244709,-0.38326449782033045,0.0015239929244962175,36545,,pass,2026-09-30T22:36:58+00:00,sgo_slate_alt_20260930T223657Z.json
PIT@PHI,Matvei Michkov,PHI,f3,PP1,PTS,over,1.5,fanduel,310,True,0.721297349233459,0.657706949255484,0.1632409053382714,0.14124503835417612,14.45386396011396,1802.7041666666667,,"draftkings@0.5,sgo_fair@0.5",1.0522575427430254,0.24390243902439024,0.15004338514781423,-0.093859053876576,-0.3848221208939617,0.02199586698409528,566,700.0,pass,2026-09-30T22:36:58+00:00,sgo_slate_alt_20260930T223657Z.json
LAK@COL,Nazem Kadri,COL,f2,PP2,A,over,1.5,fanduel,1000,True,0.424219638097303,0.34620596964444167,0.06816134549261314,0.047738623396910325,17.56882499268364,2179.7783333333336,,"draftkings@0.5,pinnacle@0.5,sgo_fair@0.5",1.1071951647367635,0.09090909090909091,0.055907712235191455,-0.03500137867389946,-0.38501516541289404,0.020422722095702818,1689,3135.0,pass,2026-09-30T22:36:58+00:00,sgo_slate_alt_20260930T223657Z.json
PIT@PHI,Owen Tippett,PHI,f1,PP2,G,over,2.5,fanduel,12500,True,0.3701415527648481,0.30677742215604453,0.00641989690458674,0.0038297864635048087,17.293983282893787,1918.3983333333333,,"fanduel@0.5,pinnacle@0.5,sgo_fair@0.5",1.0771563327510214,0.007936507936507936,0.004865830639937582,-0.003070677296570354,-0.38690533936786464,0.0025901104410819315,20451,,pass,2026-09-30T22:36:58+00:00,sgo_slate_alt_20260930T223657Z.json
LAK@COL,Brock Nelson,COL,f2,PP2,SOG,over,5.5,draftkings,2000,True,2.17344461842204,2.149457824821926,0.029952211825219743,0.028668717691245543,17.712678062678066,2272.766666666667,,"draftkings@1.5,fanduel@1.5,pinnacle@2.5,sgo_fair@2.0",1.0501033526938741,0.047619047619047616,0.02918211534483522,-0.018436932274212395,-0.38717557775846034,0.0012834941339741994,3327,23811.0,pass,2026-09-30T22:36:58+00:00,sgo_slate_alt_20260930T223657Z.json
PIT@PHI,Egor Chinakhov,PIT,f2,PP1,SOG,over,5.5,draftkings,1700,True,2.0500395791824326,2.355775421334414,0.023724232714336567,0.0408888929921783,14.739930555555556,970.55,,"draftkings@2.5,sgo_fair@2.5",1.0501033526938741,0.05555555555555555,0.03402302888104161,-0.02153252667451394,-0.38758548014125105,-0.017164660277841734,2839,10983.0,pass,2026-09-30T22:36:58+00:00,sgo_slate_alt_20260930T223657Z.json
LAK@COL,Nicolas Roy,COL,f4,-,G,over,1.5,fanduel,5500,False,0.13674462082561256,0.1673342751945603,0.008539369855114349,0.012532331152830497,12.59407739499764,1556.21,,sgo_fair@0.5,1.0771563327510214,0.017857142857142856,0.010935146633744038,-0.006921996223398818,-0.38763178851033386,-0.003992961297716148,9045,,pass,2026-09-30T22:36:58+00:00,sgo_slate_alt_20260930T223657Z.json
PIT@PHI,Egor Chinakhov,PIT,f2,PP1,G,over,2.5,fanduel,20000,True,0.2679721046043106,0.2909417145168537,0.0026267991267759114,0.0033052276827644847,14.739930555555556,970.55,,"fanduel@0.5,pinnacle@0.5,sgo_fair@0.5",1.0771563327510214,0.004975124378109453,0.003033856260369055,-0.0019412681177403976,-0.3901948916658199,-0.0006784285559885733,32861,,pass,2026-09-30T22:36:58+00:00,sgo_slate_alt_20260930T223657Z.json
NYI@TOR,William Nylander,TOR,f2,PP1,A,over,2.5,fanduel,2500,True,0.6387828662426337,0.5737120145598846,0.027119668461190388,0.020598063044667332,17.72223436993845,2000.8358333333333,,"draftkings@0.5,pinnacle@0.5,sgo_fair@0.5",1.1071951647367635,0.038461538461538464,0.023206705211276553,-0.01525483325026191,-0.3966256645068096,0.006521605416523055,4209,,pass,2026-09-30T22:36:58+00:00,sgo_slate_alt_20260930T223657Z.json
NYI@TOR,Emil Heineman,NYI,f3,-,SOG,over,4.5,draftkings,1300,True,1.811984674360151,1.7984105319380814,0.043627969119174576,0.04253488768173031,14.394946163178647,1680.3591666666666,,"draftkings@1.5,sgo_fair@1.5",1.0501033526938741,0.07142857142857142,0.04297212025670802,-0.028456451171863406,-0.3983903164060878,0.001093081437444264,2227,5464.0,pass,2026-09-30T22:36:58+00:00,sgo_slate_alt_20260930T223657Z.json
NYI@TOR,Matthew Schaefer,NYI,d1,PP1,PTS,over,2.5,fanduel,1400,True,0.7293928430008494,0.7581825529216658,0.03781487613067428,0.04159992024062462,23.59136178861789,2023.9833333333333,,"draftkings@0.5,sgo_fair@0.5",1.0522575427430254,0.06666666666666667,0.04008590259664449,-0.026580764070022175,-0.3987114610503326,-0.003785044109950342,2395,6529.0,pass,2026-09-30T22:36:58+00:00,sgo_slate_alt_20260930T223657Z.json
NYI@TOR,Jack Roslovic,TOR,f1,PP2,A,over,1.5,fanduel,870,True,0.2544806323760364,0.47840383137100195,0.02737724398560662,0.0837269029905955,16.5629364333803,1610.1491666666666,,sgo_fair@0.5,1.1071951647367635,0.10309278350515463,0.06118703938859995,-0.041905744116554684,-0.4064857179305805,-0.05634965900498888,1534,2663.0,pass,2026-09-30T22:36:58+00:00,sgo_slate_alt_20260930T223657Z.json
PIT@PHI,Owen Tippett,PHI,f1,PP2,A,over,1.5,fanduel,1100,True,0.34439271044946834,0.3559394581117646,0.04729532745703513,0.05014403056287061,17.293983282893787,1918.3983333333333,,"draftkings@0.5,pinnacle@0.5,sgo_fair@0.5",1.1071951647367635,0.08333333333333333,0.04900454932053642,-0.03432878401279691,-0.41194540815356295,-0.0028487031058354803,1941,4066.0,pass,2026-09-30T22:36:58+00:00,sgo_slate_alt_20260930T223657Z.json
PIT@PHI,Rickard Rakell,PIT,f1,PP1,A,over,1.5,fanduel,750,True,0.4265617120513454,0.4265617120513454,0.06881243902253978,0.06881243902253978,18.540236737515123,1840.311666666667,,"draftkings@0.5,pinnacle@0.5,sgo_fair@0.5",1.1071951647367635,0.11764705882352941,0.06881243902253978,-0.04883461980098963,-0.4150942683084119,0.0,1353,2182.0,pass,2026-09-30T22:36:58+00:00,sgo_slate_alt_20260930T223657Z.json
PIT@PHI,Ville Koivunen,PIT,f3,PP2,G,over,1.5,fanduel,4500,False,0.12042127668898525,0.19403004605887514,0.006694016782964986,0.016557263651704887,13.345999608763693,561.9791666666666,,sgo_fair@0.5,1.0771563327510214,0.021739130434782608,0.012611964904208926,-0.009127165530573682,-0.41984961440638935,-0.009863246868739902,7829,,pass,2026-09-30T22:36:58+00:00,sgo_slate_alt_20260930T223657Z.json
LAK@COL,Brock Nelson,COL,f2,PP2,PTS,over,2.5,fanduel,1700,True,0.7262917908087153,0.6490266478146395,0.037418182107998556,0.028235063120646397,17.712678062678066,2272.766666666667,,"draftkings@0.5,sgo_fair@0.5",1.0522575427430254,0.05555555555555555,0.031908310715587265,-0.023647244839968287,-0.42565040711942925,0.009183118987352159,3034,14375.0,pass,2026-09-30T22:36:58+00:00,sgo_slate_alt_20260930T223657Z.json
LAK@COL,Mats Zuccarello,LAK,f2,PP1,PTS,over,2.5,fanduel,1700,True,0.7477964098740251,0.6313150547570513,0.04021322375584823,0.026321712051361648,17.496636128076993,1710.3441666666665,,"draftkings@0.5,sgo_fair@0.5",1.0522575427430254,0.05555555555555555,0.03187831673315628,-0.02367723882239927,-0.42619029880318693,0.013891511704486582,3037,14438.0,pass,2026-09-30T22:36:58+00:00,sgo_slate_alt_20260930T223657Z.json
LAK@COL,Brandt Clarke,LAK,d2,PP1,SOG,over,4.5,draftkings,950,True,1.9078415762796752,1.9525538685278772,0.05180380508811142,0.05589005363530083,19.37295046968403,2195.145,,"draftkings@1.5,fanduel@1.5,pinnacle@1.5,sgo_fair@1.5",1.0501033526938741,0.09523809523809523,0.05425555421642506,-0.04098254102167017,-0.4303166807275368,-0.0040862485471894056,1743,3318.0,pass,2026-09-30T22:36:58+00:00,sgo_slate_alt_20260930T223657Z.json
LAK@COL,Martin Necas,COL,f1,PP1,A,over,2.5,fanduel,1300,True,0.8191240998030153,0.6990938970844605,0.05021165103012937,0.03403143732780176,19.35776089828269,2352.2475,,"draftkings@0.5,pinnacle@0.5,sgo_fair@0.5",1.1071951647367635,0.07142857142857142,0.0405035228087328,-0.03092504861983862,-0.4329506806777408,0.016180213702327605,2369,6350.0,pass,2026-09-30T22:36:58+00:00,sgo_slate_alt_20260930T223657Z.json
PIT@PHI,Christian Dvorak,PHI,f2,-,A,over,1.5,fanduel,1060,True,0.3675437227524122,0.3347681670994287,0.05306752758575869,0.04496811147274991,16.72216638152267,2039.2425,,"draftkings@0.5,sgo_fair@0.5",1.1071951647367635,0.08620689655172414,0.04820787791795342,-0.037999018633770726,-0.44078861615174036,0.008099416113008781,1974,4209.0,pass,2026-09-30T22:36:58+00:00,sgo_slate_alt_20260930T223657Z.json
PIT@PHI,Nick Robertson,PIT,f1,-,PTS,over,1.5,fanduel,450,True,0.4220223248840462,0.6061358035703157,0.06755237381363291,0.12392592532528246,15.236584899893014,1360.1991666666665,,sgo_fair@0.5,1.0522575427430254,0.18181818181818182,0.10137650472062264,-0.08044167709755919,-0.4424292240365755,-0.05637355151164955,886,1209.0,pass,2026-09-30T22:36:58+00:00,sgo_slate_alt_20260930T223657Z.json
LAK@COL,Nathan MacKinnon,COL,f1,PP1,A,over,2.5,fanduel,700,True,0.99383951889195,0.9013066718911821,0.079171737450787,0.06307226357033126,20.211023366508,2590.8675,,"draftkings@0.5,pinnacle@0.5,sgo_fair@0.5",1.1071951647367635,0.125,0.06951205312251355,-0.055487946877486455,-0.44390357501989164,0.01609947388045574,1339,2147.0,pass,2026-09-30T22:36:58+00:00,sgo_slate_alt_20260930T223657Z.json
NYI@TOR,Tony DeAngelo,NYI,d3,PP2,G,over,1.5,fanduel,10000,False,0.08571864723745272,0.12136085700426745,0.0034704956763944995,0.006794669510505985,18.18105358764759,1822.3483333333331,,sgo_fair@0.5,1.0771563327510214,0.009900990099009901,0.00546499997686139,-0.004435990122148511,-0.44803500233699955,-0.0033241738341114858,18198,,pass,2026-09-30T22:36:58+00:00,sgo_slate_alt_20260930T223657Z.json
NYI@TOR,Darren Raddysh,TOR,d1,PP1,A,over,2.5,fanduel,2500,True,0.6527892151450542,0.5228162585183908,0.02865078949725058,0.01617686498207438,21.772137732023086,2248.5808333333334,,"draftkings@0.5,pinnacle@0.5,sgo_fair@0.5",1.1071951647367635,0.038461538461538464,0.02116643478814486,-0.017295103673393604,-0.44967269550823363,0.012473924515176201,4624,,pass,2026-09-30T22:36:58+00:00,sgo_slate_alt_20260930T223657Z.json
NYI@TOR,Easton Cowan,TOR,f3,PP2,G,over,1.5,fanduel,3500,False,0.17152021151610353,0.19504648662647772,0.013131006148092234,0.016720043246182318,14.114925373134328,986.9,,"pinnacle@0.5,sgo_fair@0.5",1.0771563327510214,0.027777777777777776,0.015284428406946285,-0.012493349370831491,-0.4497605773499338,-0.0035890370980900844,6443,,pass,2026-09-30T22:36:58+00:00,sgo_slate_alt_20260930T223657Z.json
LAK@COL,Drew Doughty,LAK,d1,PP2,G,over,1.5,fanduel,10000,False,0.08095513209299947,0.12270273882184382,0.00310526887250122,0.006939609771902543,22.876091617933724,1988.0616666666667,,sgo_fair@0.5,1.0771563327510214,0.009900990099009901,0.005405873412142014,-0.004495116686867887,-0.4540067853736566,-0.003834340899401323,18398,,pass,2026-09-30T22:36:58+00:00,sgo_slate_alt_20260930T223657Z.json
LAK@COL,Artturi Lehkonen,COL,f1,PP2,A,over,1.5,fanduel,900,True,0.3736608919810011,0.37315235413157505,0.05463249428234905,0.054501775846505805,18.532657100445324,1926.55,,"draftkings@0.5,pinnacle@0.5,sgo_fair@0.5",1.1071951647367635,0.1,0.05455406322084311,-0.0454459367791569,-0.4544593677915689,0.00013071843584324533,1733,3284.0,pass,2026-09-30T22:36:58+00:00,sgo_slate_alt_20260930T223657Z.json
PIT@PHI,Nick Robertson,PIT,f1,-,A,over,1.5,fanduel,830,True,0.21057778550865425,0.4807481685287128,0.019291521421821344,0.08442288816163562,15.236584899893014,1360.1991666666665,,sgo_fair@0.5,1.1071951647367635,0.10752688172043011,0.05837034146570991,-0.0491565402547202,-0.4571558243688978,-0.06513136673981428,1613,2897.0,pass,2026-09-30T22:36:58+00:00,sgo_slate_alt_20260930T223657Z.json
LAK@COL,Adrian Kempe,LAK,f1,PP1,PTS,over,2.5,fanduel,1100,True,0.8204001639115107,0.7550745441844584,0.05040053713296228,0.04118245728773722,18.629540939406837,2261.9791666666665,,"draftkings@0.5,sgo_fair@0.5",1.0522575427430254,0.08333333333333333,0.04486968922582725,-0.03846364410750608,-0.46156372929007294,0.00921807984522506,2129,4933.0,pass,2026-09-30T22:36:58+00:00,sgo_slate_alt_20260930T223657Z.json
LAK@COL,Brandt Clarke,LAK,d2,PP1,PTS,over,1.5,fanduel,450,True,0.4577490777357853,0.5657911050675989,0.07767309661301029,0.11077049003802177,19.37295046968403,2195.145,,"draftkings@0.5,sgo_fair@0.5",1.0522575427430254,0.18181818181818182,0.09753153266801717,-0.08428664915016465,-0.4635765703259056,-0.03309739342501147,925,1279.0,pass,2026-09-30T22:36:58+00:00,sgo_slate_alt_20260930T223657Z.json
NYI@TOR,Brayden Schenn,NYI,f2,PP1,PTS,over,2.5,fanduel,2500,True,0.5652570308201775,0.5789217510635764,0.019822311174624487,0.021084265608425214,16.50940975192472,1989.5,,"draftkings@0.5,sgo_fair@0.5",1.0522575427430254,0.038461538461538464,0.020579483834904926,-0.017882054626633538,-0.464933420292472,-0.0012619544338007271,4759,,pass,2026-09-30T22:36:58+00:00,sgo_slate_alt_20260930T223657Z.json
LAK@COL,Quinton Byfield,LAK,f1,PP1,A,over,1.5,fanduel,870,True,0.3323603075065874,0.3985871245742266,0.04439274439375396,0.06117350599764402,18.790998989461528,2260.741666666667,,"draftkings@0.5,pinnacle@0.5,sgo_fair@0.5",1.1071951647367635,0.10309278350515463,0.05446120135608799,-0.04863158214906664,-0.4717263468459465,-0.01678076160389006,1736,3294.0,pass,2026-09-30T22:36:58+00:00,sgo_slate_alt_20260930T223657Z.json
LAK@COL,Alex Laferriere,LAK,f2,PP2,A,over,1.5,fanduel,1400,True,0.2598007363590844,0.30902514616750676,0.0284350661549204,0.03896307690229496,16.89103086155165,2074.2774999999997,,"draftkings@0.5,pinnacle@0.5,sgo_fair@0.5",1.1071951647367635,0.06666666666666667,0.03475187260334514,-0.031914794063321525,-0.47872191094982286,-0.010528010747374559,2778,10154.0,pass,2026-09-30T22:36:58+00:00,sgo_slate_alt_20260930T223657Z.json
PIT@PHI,Owen Tippett,PHI,f1,PP2,PTS,over,2.5,fanduel,1700,True,0.6772388182070787,0.6397969333756965,0.03143105436042525,0.02722901179593737,17.293983282893787,1918.3983333333333,,"draftkings@0.5,sgo_fair@0.5",1.0522575427430254,0.05555555555555555,0.02890982882173252,-0.02664572673382303,-0.4796230812088146,0.004202042564487883,3359,25477.0,pass,2026-09-30T22:36:58+00:00,sgo_slate_alt_20260930T223657Z.json
NYI@TOR,Kyle Palmieri,NYI,f1,PP1,PTS,over,2.5,fanduel,1700,True,0.6837556664820772,0.6321730011671364,0.0321951077846982,0.026412734707877517,18.330910070005388,1155.1666666666667,,"draftkings@0.5,sgo_fair@0.5",1.0522575427430254,0.05555555555555555,0.028725683938605792,-0.02682987161694976,-0.4829376891050957,0.005782373076820686,3381,26741.0,pass,2026-09-30T22:36:58+00:00,sgo_slate_alt_20260930T223657Z.json
PIT@PHI,Trevor Zegras,PHI,f1,PP1,A,over,2.5,fanduel,2500,True,0.5547940439068091,0.5731381109931108,0.01888512512954137,0.02054488566544436,18.15746991717456,1953.2883333333334,,"draftkings@0.5,pinnacle@0.5,sgo_fair@0.5",1.1071951647367635,0.038461538461538464,0.019880981451083166,-0.018580557010455297,-0.4830944822718377,-0.0016597605359029918,4930,,pass,2026-09-30T22:36:58+00:00,sgo_slate_alt_20260930T223657Z.json
PIT@PHI,Rickard Rakell,PIT,f1,PP1,PTS,over,2.5,fanduel,1100,True,0.8012222590421448,0.745662623153935,0.047598499980197356,0.03993128999996603,18.540236737515123,1840.311666666667,,"draftkings@0.5,sgo_fair@0.5",1.0522575427430254,0.08333333333333333,0.04299817399205856,-0.04033515934127477,-0.4840219120952973,0.007667209980231328,2226,5456.0,pass,2026-09-30T22:36:58+00:00,sgo_slate_alt_20260930T223657Z.json
PIT@PHI,Kris Letang,PIT,d2,PP2,G,over,1.5,fanduel,10000,False,0.07719597615337395,0.11961673389217627,0.0028306159042241485,0.006608377031406181,21.127201770736253,2387.8975,,sgo_fair@0.5,1.0771563327510214,0.009900990099009901,0.005097272580533368,-0.004803717518476533,-0.4851754693661299,-0.0037777611271820324,19518,,pass,2026-09-30T22:36:58+00:00,sgo_slate_alt_20260930T223657Z.json
PIT@PHI,Sidney Crosby,PIT,f1,PP1,A,over,2.5,fanduel,1700,True,0.6754651254167962,0.6346763334665567,0.03122477395990146,0.02667928893620419,18.813389423076924,2041.1850000000002,,"draftkings@0.5,pinnacle@0.5,sgo_fair@0.5",1.1071951647367635,0.05555555555555555,0.0284974829456831,-0.027058072609872454,-0.4870453069777042,0.004545485023697272,3409,28492.0,pass,2026-09-30T22:36:58+00:00,sgo_slate_alt_20260930T223657Z.json
PIT@PHI,Travis Konecny,PHI,f2,PP2,G,over,2.5,fanduel,10000,True,0.3266812083333245,0.34572544981169895,0.004557211067716392,0.005326290252589736,17.79007170032192,2230.1783333333337,,"fanduel@0.5,pinnacle@0.5,sgo_fair@0.5",1.0771563327510214,0.009900990099009901,0.005018658578640398,-0.004882331520369503,-0.4931154835573198,-0.0007690791848733438,19826,,pass,2026-09-30T22:36:58+00:00,sgo_slate_alt_20260930T223657Z.json
PIT@PHI,Matvei Michkov,PHI,f3,PP1,G,over,2.5,fanduel,15000,True,0.29876842054062097,0.28763189616763707,0.0035585794048120806,0.0032015231005683305,14.45386396011396,1802.7041666666667,,"fanduel@0.5,pinnacle@0.5,sgo_fair@0.5",1.0771563327510214,0.006622516556291391,0.0033443456222658307,-0.00327817093402556,-0.4950038110378595,0.0003570563042437501,29801,,pass,2026-09-30T22:36:58+00:00,sgo_slate_alt_20260930T223657Z.json
PIT@PHI,Matvei Michkov,PHI,f3,PP1,A,over,1.5,fanduel,600,True,0.45354272946887914,0.42689679511275885,0.07645789843178144,0.0689057598805479,14.45386396011396,1802.7041666666667,,"draftkings@0.5,sgo_fair@0.5",1.1071951647367635,0.14285714285714285,0.07192661530104132,-0.07093052755610153,-0.49651369289271075,0.007552138551233545,1290,2031.0,pass,2026-09-30T22:36:58+00:00,sgo_slate_alt_20260930T223657Z.json
PIT@PHI,Rasmus Ristolainen,PHI,d1,-,G,over,1.5,fanduel,8000,False,0.08573413449812052,0.1317692776311233,0.0034717142693116054,0.007955324545558544,21.774176457037548,1522.8483333333331,,sgo_fair@0.5,1.0771563327510214,0.012345679012345678,0.006161880435059769,-0.006183798577285909,-0.5008876847601587,-0.004483610276246939,16129,,pass,2026-09-30T22:36:58+00:00,sgo_slate_alt_20260930T223657Z.json
NYI@TOR,Simon Holmstrom,NYI,f1,PP2,G,over,2.5,fanduel,25000,True,0.24742450693386628,0.23935546581707523,0.0020993794047674524,0.0019120025217889828,17.38473022912047,1890.7566666666667,,"pinnacle@0.5,sgo_fair@0.5",1.0771563327510214,0.00398406374501992,0.0019869532749803706,-0.0019971104700395497,-0.501274727979927,0.00018737688297846959,50228,,pass,2026-09-30T22:36:58+00:00,sgo_slate_alt_20260930T223657Z.json
LAK@COL,Brandt Clarke,LAK,d2,PP1,A,over,1.5,fanduel,630,True,0.3909624185685283,0.4428110681182439,0.05914526428046286,0.07338556422305029,19.37295046968403,2195.145,,"draftkings@0.5,pinnacle@0.5,sgo_fair@0.5",1.1071951647367635,0.136986301369863,0.0676894442460153,-0.0692968571238477,-0.5058670570040883,-0.01424029994258743,1377,2242.0,pass,2026-09-30T22:36:58+00:00,sgo_slate_alt_20260930T223657Z.json
NYI@TOR,Matthew Schaefer,NYI,d1,PP1,G,over,2.5,fanduel,25000,True,0.25307771005258006,0.2332007348455915,0.0022372094002264613,0.001776350777618207,23.59136178861789,2023.9833333333333,,"pinnacle@0.5,sgo_fair@0.5",1.0771563327510214,0.00398406374501992,0.001960694226661509,-0.0020233695183584114,-0.5078657491079612,0.0004608586226082544,50902,,pass,2026-09-30T22:36:58+00:00,sgo_slate_alt_20260930T223657Z.json
PIT@PHI,Egor Chinakhov,PIT,f2,PP1,A,over,1.5,fanduel,900,True,0.3339941306573285,0.3634530917664229,0.0447828507936018,0.052030141312750196,14.739930555555556,970.55,,"draftkings@0.5,sgo_fair@0.5",1.1071951647367635,0.1,0.04913122510509084,-0.050868774894909166,-0.5086877489490916,-0.007247290519148394,1935,4044.0,pass,2026-09-30T22:36:58+00:00,sgo_slate_alt_20260930T223657Z.json
LAK@COL,Nazem Kadri,COL,f2,PP2,G,over,2.5,fanduel,15000,True,0.27713479548256775,0.29535032327389954,0.002885947252766145,0.003446524247789852,17.56882499268364,2179.7783333333336,,"fanduel@0.5,pinnacle@0.5,sgo_fair@0.5",1.0771563327510214,0.006622516556291391,0.0032222934497803694,-0.0034002231065110213,-0.5134336890831642,-0.0005605769950237068,30934,,pass,2026-09-30T22:36:58+00:00,sgo_slate_alt_20260930T223657Z.json
LAK@COL,Brandt Clarke,LAK,d2,PP1,G,over,1.5,fanduel,6500,False,0.09721402685561148,0.1426917620231869,0.00442992145088114,0.009261929735215639,19.37295046968403,2195.145,,sgo_fair@0.5,1.0771563327510214,0.015151515151515152,0.007329126421481839,-0.007822388730033313,-0.5162776561821987,-0.004832008284334499,13544,,pass,2026-09-30T22:36:58+00:00,sgo_slate_alt_20260930T223657Z.json
LAK@COL,Artemi Panarin,LAK,f1,PP1,G,over,2.5,fanduel,10000,True,0.3363055012761298,0.3282793923306908,0.004936818506267997,0.004618976373860709,19.238125,2334.2925,,"fanduel@0.5,pinnacle@0.5,sgo_fair@0.5",1.0771563327510214,0.009900990099009901,0.004746113226823624,-0.005154876872186277,-0.520642564090814,0.00031784213240728786,20970,,pass,2026-09-30T22:36:58+00:00,sgo_slate_alt_20260930T223657Z.json
NYI@TOR,Brayden Schenn,NYI,f2,PP1,G,over,2.5,fanduel,20000,True,0.28146871950144386,0.24134102469837387,0.003013798099485356,0.001957100193797733,16.50940975192472,1989.5,,"fanduel@0.5,pinnacle@0.5,sgo_fair@0.5",1.0771563327510214,0.004975124378109453,0.0023797793560727818,-0.002595345022036671,-0.5216643494293709,0.001056697905687623,41921,,pass,2026-09-30T22:36:58+00:00,sgo_slate_alt_20260930T223657Z.json
LAK@COL,Gabriel Landeskog,COL,f2,PP1,PTS,over,2.5,fanduel,1400,True,0.6405775066921884,0.7031032069981124,0.02731333904337471,0.034520218372163784,16.206805555555555,984.8166666666667,,"draftkings@0.5,sgo_fair@0.5",1.0522575427430254,0.06666666666666667,0.031637466640648156,-0.03502920002601851,-0.5254380003902777,-0.007206879328789075,3061,14966.0,pass,2026-09-30T22:36:58+00:00,sgo_slate_alt_20260930T223657Z.json
LAK@COL,Artturi Lehkonen,COL,f1,PP2,PTS,over,2.5,fanduel,1500,True,0.6833273466654184,0.6373224397634297,0.03214459403027906,0.026962610490980223,18.532657100445324,1926.55,,"draftkings@0.5,sgo_fair@0.5",1.0522575427430254,0.0625,0.029035403906699758,-0.03346459609330024,-0.5354335374928039,0.005181983539298839,3344,24681.0,pass,2026-09-30T22:36:58+00:00,sgo_slate_alt_20260930T223657Z.json
LAK@COL,Gabriel Landeskog,COL,f2,PP1,G,over,2.5,fanduel,12500,True,0.27937990511905353,0.3149538076458562,0.002951751867848835,0.0041193075477156975,16.206805555555555,984.8166666666667,,"fanduel@0.5,pinnacle@0.5,sgo_fair@0.5",1.0771563327510214,0.007936507936507936,0.0036522852757689523,-0.004284222660738983,-0.539812055253112,-0.0011675556798668623,27280,,pass,2026-09-30T22:36:58+00:00,sgo_slate_alt_20260930T223657Z.json
PIT@PHI,Erik Karlsson,PIT,d1,PP1,A,over,2.5,fanduel,1800,True,0.6395447635083603,0.5871137016705406,0.027201799148658723,0.021861441812962328,22.990095323205242,2627.4333333333334,,"draftkings@0.5,pinnacle@0.5,sgo_fair@0.5",1.1071951647367635,0.05263157894736842,0.023997584747240886,-0.028633994200127532,-0.5440458898024232,0.005340357335696395,4067,,pass,2026-09-30T22:36:58+00:00,sgo_slate_alt_20260930T223657Z.json
NYI@TOR,Matias Maccelli,NYI,f2,PP1,PTS,over,2.5,fanduel,2000,True,0.5674252567275277,0.5968157684275347,0.020019676993977,0.02280189856979008,15.174308093994778,1373.88,,"draftkings@0.5,sgo_fair@0.5",1.0522575427430254,0.047619047619047616,0.02168900993946485,-0.025930037679582768,-0.5445307912712382,-0.002782221575813079,4511,,pass,2026-09-30T22:36:58+00:00,sgo_slate_alt_20260930T223657Z.json
LAK@COL,Artemi Panarin,LAK,f1,PP1,A,over,2.5,fanduel,1700,True,0.6392316251641685,0.6009854740904411,0.02716802746471081,0.023212750814001606,19.238125,2334.2925,,"draftkings@0.5,pinnacle@0.5,sgo_fair@0.5",1.1071951647367635,0.05555555555555555,0.024794861474285286,-0.030760694081270266,-0.5536924934628649,0.003955276650709202,3933,,pass,2026-09-30T22:36:58+00:00,sgo_slate_alt_20260930T223657Z.json
LAK@COL,Nazem Kadri,COL,f2,PP2,PTS,over,2.5,fanduel,1500,True,0.6711867194200936,0.6112380399499037,0.03073014361052516,0.024240002119155436,17.56882499268364,2179.7783333333336,,"draftkings@0.5,sgo_fair@0.5",1.0522575427430254,0.0625,0.026836058715703326,-0.035663941284296674,-0.5706230605487468,0.006490141491369724,3626,54364.0,pass,2026-09-30T22:36:58+00:00,sgo_slate_alt_20260930T223657Z.json
LAK@COL,Quinton Byfield,LAK,f1,PP1,G,over,2.5,fanduel,12500,True,0.2867180497220376,0.2968870187880598,0.0031732470939923826,0.003496629949244616,18.790998989461528,2260.741666666667,,"fanduel@0.5,pinnacle@0.5,sgo_fair@0.5",1.0771563327510214,0.007936507936507936,0.0033672768071437223,-0.004569231129364214,-0.575723122299891,-0.0003233828552522333,29598,,pass,2026-09-30T22:36:58+00:00,sgo_slate_alt_20260930T223657Z.json
LAK@COL,Quinton Byfield,LAK,f1,PP1,PTS,over,2.5,fanduel,1400,True,0.5906063945965947,0.6738364210812856,0.022197501109638515,0.031035986489203863,18.790998989461528,2260.741666666667,,"draftkings@0.5,sgo_fair@0.5",1.0522575427430254,0.06666666666666667,0.027500592337377727,-0.03916607432928894,-0.587491114939334,-0.008838485379565348,3536,39891.0,pass,2026-09-30T22:36:58+00:00,sgo_slate_alt_20260930T223657Z.json
PIT@PHI,Egor Chinakhov,PIT,f2,PP1,PTS,over,2.5,fanduel,1500,True,0.6218130795687508,0.6258494232686037,0.0253249280101238,0.025745815336276737,14.739930555555556,970.55,,"draftkings@0.5,sgo_fair@0.5",1.0522575427430254,0.0625,0.025577460405815565,-0.036922539594184435,-0.590760633506951,-0.00042088732615293625,3810,173072.0,pass,2026-09-30T22:36:58+00:00,sgo_slate_alt_20260930T223657Z.json
NYI@TOR,Matias Maccelli,NYI,f2,PP1,G,over,2.5,fanduel,25000,True,0.22023537123764353,0.22769801134767173,0.0015106870628556737,0.001660305482220674,15.174308093994778,1373.88,,"pinnacle@0.5,sgo_fair@0.5",1.0771563327510214,0.00398406374501992,0.0016004581144746738,-0.0023836056305452467,-0.5982850132668569,-0.0001496184193650002,62382,,pass,2026-09-30T22:36:58+00:00,sgo_slate_alt_20260930T223657Z.json
NYI@TOR,Matthew Schaefer,NYI,d1,PP1,A,over,2.5,fanduel,2200,True,0.4782224275125335,0.5731626010488077,0.012790377725957668,0.020547153340763204,23.59136178861789,2023.9833333333333,,"draftkings@0.5,pinnacle@0.5,sgo_fair@0.5",1.1071951647367635,0.043478260869565216,0.01744444309484099,-0.026033817774724227,-0.5987778088186573,-0.007756775614805537,5632,,pass,2026-09-30T22:36:58+00:00,sgo_slate_alt_20260930T223657Z.json
PIT@PHI,Evgeni Malkin,PIT,f2,PP2,G,over,2.5,fanduel,12500,True,0.27756680877330775,0.29069464615343205,0.0028985386546109744,0.003297416271038626,16.83075923787529,1529.4875,,"fanduel@0.5,pinnacle@0.5,sgo_fair@0.5",1.0771563327510214,0.007936507936507936,0.0031378652244675653,-0.004798642712040371,-0.6046289817170868,-0.0003988776164276517,31769,,pass,2026-09-30T22:36:58+00:00,sgo_slate_alt_20260930T223657Z.json
LAK@COL,Alex Laferriere,LAK,f2,PP2,PTS,over,2.5,fanduel,2500,True,0.46213084506484325,0.535385524051745,0.011678894419318233,0.017213373712484815,16.89103086155165,2074.2774999999997,,"draftkings@0.5,sgo_fair@0.5",1.0522575427430254,0.038461538461538464,0.014999581995218184,-0.02346195646632028,-0.6100108681243273,-0.005534479293166581,6567,,pass,2026-09-30T22:36:58+00:00,sgo_slate_alt_20260930T223657Z.json
PIT@PHI,Matvei Michkov,PHI,f3,PP1,PTS,over,2.5,fanduel,1100,True,0.721297349233459,0.657706949255484,0.03678380533251356,0.029199035840271503,14.45386396011396,1802.7041666666667,,"draftkings@0.5,sgo_fair@0.5",1.0522575427430254,0.08333333333333333,0.03223294363716833,-0.051100389696165,-0.61320467635398,0.007584769492242058,3002,13726.0,pass,2026-09-30T22:36:58+00:00,sgo_slate_alt_20260930T223657Z.json
PIT@PHI,Alex Bump,PHI,f3,PP2,G,over,2.5,fanduel,22500,True,0.2563718401133982,0.20679971408241,0.002320047613427039,0.0012632573111809814,13.070588235294117,214.9,,"pinnacle@0.5,sgo_fair@0.5",1.0771563327510214,0.004424778761061947,0.0016859734320794045,-0.002738805328982542,-0.6189700043500546,0.0010567903022460578,59213,,pass,2026-09-30T22:36:58+00:00,sgo_slate_alt_20260930T223657Z.json
PIT@PHI,Tyson Foerster,PHI,f2,PP1,A,over,1.5,fanduel,870,True,0.2467449385599381,0.34521494640978967,0.025868362302260365,0.0474961544507513,16.527680162974278,1116.2733333333333,,"draftkings@0.5,pinnacle@0.5,sgo_fair@0.5",1.1071951647367635,0.10309278350515463,0.03884503759135492,-0.06424774591379971,-0.6232031353638573,-0.021627792148490938,2474,7123.0,pass,2026-09-30T22:36:58+00:00,sgo_slate_alt_20260930T223657Z.json
PIT@PHI,Tyson Foerster,PHI,f2,PP1,PTS,over,2.5,fanduel,1300,True,0.6271172701215075,0.6197100441035225,0.025878792661898017,0.025107120478098436,16.527680162974278,1116.2733333333333,,"draftkings@0.5,sgo_fair@0.5",1.0522575427430254,0.07142857142857142,0.02541578935161827,-0.046012782076953154,-0.6441789490773442,0.0007716721837995807,3835,240406.0,pass,2026-09-30T22:36:58+00:00,sgo_slate_alt_20260930T223657Z.json
NYI@TOR,Auston Matthews,TOR,f1,PP1,A,over,2.5,fanduel,2000,True,0.5242782744502915,0.5230237493858793,0.016295567584080878,0.01619368158348723,19.35674712013165,1888.035,,"draftkings@0.5,pinnacle@0.5,sgo_fair@0.5",1.1071951647367635,0.047619047619047616,0.01623443598372469,-0.031384611635322926,-0.6590768443417815,0.00010188600059364908,6060,,pass,2026-09-30T22:36:58+00:00,sgo_slate_alt_20260930T223657Z.json
PIT@PHI,Travis Konecny,PHI,f2,PP2,A,over,2.5,fanduel,2000,True,0.5646692267244804,0.4871917652414096,0.0197689921182583,0.013435233522704204,17.79007170032192,2230.1783333333337,,"draftkings@0.5,pinnacle@0.5,sgo_fair@0.5",1.1071951647367635,0.047619047619047616,0.015968736960925843,-0.03165031065812177,-0.6646565238205573,0.0063337585955540975,6162,,pass,2026-09-30T22:36:58+00:00,sgo_slate_alt_20260930T223657Z.json
NYI@TOR,Jack Roslovic,TOR,f1,PP2,PTS,over,2.5,fanduel,1500,True,0.5482164669111153,0.5913644862504313,0.01830886334621246,0.02227081454441811,16.5629364333803,1610.1491666666666,,sgo_fair@0.5,1.0522575427430254,0.0625,0.02068603406513585,-0.04181396593486415,-0.6690234549578264,-0.0039619511982056516,4734,,pass,2026-09-30T22:36:58+00:00,sgo_slate_alt_20260930T223657Z.json
PIT@PHI,Christian Dvorak,PHI,f2,-,PTS,over,2.5,fanduel,1800,True,0.5487328642621591,0.5033453036426875,0.01835374487431918,0.014642579785351552,16.72216638152267,2039.2425,,"draftkings@0.5,sgo_fair@0.5",1.0522575427430254,0.05263157894736842,0.016127045820938605,-0.03650453312642982,-0.6935861294021666,0.003711165088967629,6101,,pass,2026-09-30T22:36:58+00:00,sgo_slate_alt_20260930T223657Z.json
PIT@PHI,Nick Robertson,PIT,f1,-,PTS,over,2.5,fanduel,1500,True,0.4220223248840462,0.6061358035703157,0.009159629203698632,0.023725758315328225,15.236584899893014,1360.1991666666665,,sgo_fair@0.5,1.0522575427430254,0.0625,0.017899306670676386,-0.044600693329323614,-0.7136110932691778,-0.014566129111629593,5487,,pass,2026-09-30T22:36:58+00:00,sgo_slate_alt_20260930T223657Z.json
LAK@COL,Brandt Clarke,LAK,d2,PP1,PTS,over,2.5,fanduel,1500,True,0.4577490777357853,0.5657911050675989,0.011386295424754523,0.019870825483137535,19.37295046968403,2195.145,,"draftkings@0.5,sgo_fair@0.5",1.0522575427430254,0.0625,0.01647701345978433,-0.046022986540215666,-0.7363677846434507,-0.008484530058383013,5969,,pass,2026-09-30T22:36:58+00:00,sgo_slate_alt_20260930T223657Z.json
NYI@TOR,Easton Cowan,TOR,f3,PP2,G,over,2.5,fanduel,22500,True,0.17152021151610353,0.19504648662647772,0.0007398927892129278,0.0010691670867185507,14.114925373134328,986.9,,"pinnacle@0.5,sgo_fair@0.5",1.0771563327510214,0.004424778761061947,0.0009374573677163015,-0.0034873213933456454,-0.7881346348961159,-0.00032927429750562295,106572,,pass,2026-09-30T22:36:58+00:00,sgo_slate_alt_20260930T223657Z.json
LAK@COL,Brandt Clarke,LAK,d2,PP1,A,over,2.5,fanduel,2000,True,0.3909624185685283,0.4428110681182439,0.007450422715236714,0.01042095155567174,19.37295046968403,2195.145,,"draftkings@0.5,pinnacle@0.5,sgo_fair@0.5",1.1071951647367635,0.047619047619047616,0.00923274001949773,-0.03838630759954989,-0.8061124595905477,-0.0029705288404350263,10731,,pass,2026-09-30T22:36:58+00:00,sgo_slate_alt_20260930T223657Z.json
PIT@PHI,Matvei Michkov,PHI,f3,PP1,A,over,2.5,fanduel,1800,True,0.45354272946887914,0.42689679511275885,0.011109444317791435,0.009446859847735889,14.45386396011396,1802.7041666666667,,"draftkings@0.5,sgo_fair@0.5",1.1071951647367635,0.05263157894736842,0.010111893635758106,-0.04251968531161031,-0.807874020920596,0.0016625844700555465,9789,,pass,2026-09-30T22:36:58+00:00,sgo_slate_alt_20260930T223657Z.json
