game,player,unit,market,side,line,book,odds,mu,p_v2,implied,edge,gp,new_team,ev,mu_mkt,mu_rel,p_rel,edge_raw
STL@DAL,Miro Heiskanen,d1,SOG,under,2.5,draftkings,-150,1.6712960656471383,0.7610417547554937,0.6,0.12926650663431072,198,False,0.21544417772385116,2.3950632445505953,1.7959717237577753,0.7292665066343107,0.16104175475549376
STL@DAL,Miro Heiskanen,d1,SOG,under,2.5,fanduel,-176,1.6712960656471383,0.7610417547554937,0.6376811594202898,0.0915853472140209,198,False,0.14362247631289637,2.3950632445505953,1.7959717237577753,0.7292665066343107,0.12336059533520394
ANA@VGK,Cutter Gauthier,f1,SOG,under,3.5,fanduel,-148,2.613409810296964,0.7276677845110296,0.5967741935483871,0.09061581419249742,156,False,0.1518427156739146,3.3929101010926113,2.8083654466494052,0.6873900077408845,0.13089359096264253
ANA@VGK,Cutter Gauthier,f1,SOG,under,3.5,draftkings,-160,2.613409810296964,0.7276677845110296,0.6153846153846154,0.07200539235626913,156,False,0.11700876257893733,3.3929101010926113,2.8083654466494052,0.6873900077408845,0.11228316912641423
NYR@DET,Andrew Copp,f1,SOG,over,1.5,draftkings,100,1.812635461937794,0.5286899322981652,0.5,0.06536395335330791,214,False,0.13072790670661583,1.596879568299651,1.947854782904883,0.5653639533533079,0.02868993229816519
NYR@DET,Viktor Arvidsson,f2,SOG,under,2.5,fanduel,-114,2.187354724636535,0.6293793892058543,0.5327102803738317,0.05612370163028224,150,True,0.10535501884982801,2.7280222443681392,2.3505274236100564,0.588833982004114,0.09666910883202262
BOS@WPG,David Pastrnak,f1,SOG,under,3.5,fanduel,-132,2.9008362094669606,0.6682315567523147,0.5689655172413793,0.05466040480017542,238,False,0.096069802376066,3.553138421006804,3.1172333343811633,0.6236259220415548,0.09926603951093538
WSH@CAR,Alex Tuch,f1,SOG,under,2.5,fanduel,-170,1.8601089724582334,0.7128254102530845,0.6296296296296297,0.04761732012364728,232,True,0.0756275084316751,2.3395489587695857,1.998869731288198,0.6772469497532769,0.0831957806234549
WSH@CAR,Jordan Kyrou,f3,SOG,under,2.5,fanduel,-196,1.7580330226838186,0.7389697178558476,0.6621621621621622,0.04320412062543155,234,True,0.06524703931187625,2.218664051889694,1.8891791006221208,0.7053662827875937,0.07680755569368547
STL@DAL,Miro Heiskanen,d1,PTS,under,0.5,draftkings,135,0.7676980288455855,0.4640801387500757,0.425531914893617,0.04307081158211229,198,False,0.10121640721796399,0.9205672886414152,0.7579999345819428,0.4686027264757293,0.038548223856458674
STL@DAL,Robert Thomas,f1,SOG,over,1.5,fanduel,-104,1.760464097176326,0.5139123219105033,0.5098039215686274,0.040640081019087226,214,False,0.07971708199897876,1.6679796911291853,1.891791528866665,0.5504440025877146,0.004108400341875873
BOS@WPG,David Pastrnak,f1,SOG,under,3.5,draftkings,-140,2.9008362094669606,0.6682315567523147,0.5833333333333334,0.04029258870822139,238,False,0.06907300921409387,3.553138421006804,3.1172333343811633,0.6236259220415548,0.08489822341898134
BOS@WPG,Mark Scheifele,f1,SOG,over,2.5,fanduel,146,2.322549618140107,0.4042900964768913,0.4065040650406504,0.039771375030122014,235,False,0.09783758257410025,2.2655785679116605,2.495807611195996,0.4462754400707724,-0.0022139685637591056
STL@DAL,Thomas Harley,d1,A,over,0.5,draftkings,190,0.4735726428000503,0.37722665762225915,0.3448275862068966,0.03909639627277178,225,False,0.1133795491910381,0.39032005247927326,0.4843849179969228,0.38392398247966836,0.03239907141536258
NYR@DET,J.T. Miller,f2,PTS,under,0.5,draftkings,105,0.6496936318961429,0.5222057394382488,0.4878048780487805,0.038704439157320136,219,False,0.07934410027250638,0.786561625199371,0.641486251066871,0.5265093172061006,0.034400861389468296
WSH@CAR,Jordan Kyrou,f3,A,over,0.5,draftkings,275,0.3557259973727477,0.2993354221292377,0.26666666666666666,0.038336285688954586,234,True,0.14376107133357974,,0.3638476814200672,0.30500295235562125,0.03266875546257103
WSH@CAR,Taylor Hall,f2,PTS,over,0.5,draftkings,105,0.7524699078672182,0.528798709486255,0.4878048780487805,0.036493366734766775,165,False,0.074811401806272,0.6011536141365089,0.7429641857957101,0.5242982447835473,0.04099383143747448
STL@DAL,Wyatt Johnston,f1,G,over,0.5,fanduel,150,0.5490612585304083,0.4225083286127294,0.4,0.036465855120353885,242,False,0.0911646378008848,0.4640334622590137,0.573527353052979,0.4364658551203539,0.02250832861272939
WSH@CAR,Jakob Chychrun,d1,SOG,under,1.5,fanduel,138,1.7383301962895041,0.49246209939065655,0.42016806722689076,0.03583996333656142,235,False,0.08529911274101609,2.0889623139404536,1.8680064790802904,0.4560080305634522,0.07229403216376579
BOS@WPG,David Pastrnak,f1,G,under,0.5,fanduel,-210,0.3244979921127672,0.7228901591303312,0.6774193548387096,0.035093319663283995,238,False,0.05180442426484788,0.4640334622590137,0.33895757822282174,0.7125126745019936,0.045470804291621536
NYR@DET,Adam Fox,d1,SOG,under,1.5,draftkings,105,1.5243791202961317,0.5572280279514046,0.4878048780487805,0.03429830131973288,199,False,0.07031151770545252,1.793059165688547,1.6380950404969277,0.5221031793685134,0.0694231499026241
BOS@WPG,Mark Scheifele,f1,G,over,0.5,fanduel,220,0.4076166685377081,0.3347661649883434,0.3125,0.034239963984528776,235,False,0.10956788475049217,0.34593196030966256,0.4257800114916649,0.3467399639845288,0.022266164988343384
WSH@CAR,Taylor Hall,f2,A,over,0.5,draftkings,200,0.44680129861941764,0.360329000841533,0.3333333333333333,0.033487814224790025,165,False,0.10046344267437002,0.3732042458899428,0.4570023494453896,0.36682114755812334,0.026995667508199706
BOS@WPG,Gabriel Vilardi,f2,SOG,over,1.5,fanduel,-140,2.002649346216068,0.5795561570629703,0.5833333333333334,0.032975292555717295,200,False,0.05652907295265819,1.8656455989308036,2.1520433586453662,0.6163086258890507,-0.003777176270363114
BOS@WPG,Gabriel Vilardi,f2,SOG,over,1.5,draftkings,-140,2.002649346216068,0.5795561570629703,0.5833333333333334,0.032975292555717295,200,False,0.05652907295265819,1.8656455989308036,2.1520433586453662,0.6163086258890507,-0.003777176270363114
WSH@CAR,Jakob Chychrun,d1,A,under,0.5,draftkings,-175,0.3927204200455942,0.6752174984768591,0.6363636363636364,0.03282671070844878,235,False,0.05158483111327672,0.520714455895238,0.40168673455197745,0.6691903470720851,0.038853862113222726
WSH@CAR,Andrei Svechnikov,f1,PTS,over,0.5,draftkings,-140,0.967719618492411,0.6200515215546276,0.5833333333333334,0.03204484648625794,207,False,0.05493402254787072,0.786561625199371,0.9554947126983603,0.6153781798195913,0.036718188221294246
ANA@VGK,Mark Stone,f1,SOG,over,1.5,fanduel,-178,2.23225542710566,0.6348879039392153,0.6402877697841727,0.030677927752474132,181,False,0.04791271862465063,2.111183542740241,2.3987776371233545,0.6709656975366468,-0.00539986584495733
STL@DAL,Dylan Holloway,f1,A,over,0.5,fanduel,172,0.4936147130909265,0.3895840769461612,0.36764705882352944,0.028777701882470585,174,False,0.07827534912032008,0.4567272784507173,0.5048845746429118,0.396424760706,0.02193701812263177
ANA@VGK,Shea Theodore,d1,SOG,under,1.5,draftkings,135,1.7486881885922934,0.48947130490523894,0.425531914893617,0.027447696795295407,183,False,0.06450208746894415,2.061612739263385,1.879137158840197,0.45297961168891243,0.06393939001162191
WSH@CAR,Shayne Gostisbehere,d3,A,over,0.5,draftkings,135,0.589560393163882,0.4454289756307973,0.425531914893617,0.027311807846586655,206,False,0.06418274843947858,0.5079847127643868,0.6030208185346855,0.4528437227402037,0.019897060737180283
BOS@WPG,Hampus Lindholm,d1,A,under,0.5,draftkings,-205,0.3496122951542815,0.7049613536752746,0.6721311475409836,0.027225532174779188,158,False,0.040506279577110504,0.4596078381184652,0.357594395482265,0.6993566797157628,0.032830206134290996
BOS@WPG,JJ Peterka,f1,PTS,under,0.5,draftkings,-120,0.5657142282126092,0.567954352837787,0.5454545454545454,0.026573228171810515,238,False,0.04871758498165257,0.6731064296764996,0.5585677334902771,0.5720277736263559,0.022499807383241532
STL@DAL,Dylan Holloway,f1,PTS,over,0.5,fanduel,-115,0.8341898770451271,0.5657738844758736,0.5348837209302325,0.026290064826857917,174,False,0.04915099076325613,0.7135977910312363,0.8236518116113454,0.5611737857570904,0.030890163545641114
BOS@WPG,Gabriel Vilardi,f2,PTS,over,0.5,draftkings,-125,0.8830083061301377,0.5864630073018281,0.5555555555555556,0.026268716249471136,200,False,0.04728368924904802,0.7346038942382915,0.8718535324213831,0.5818242718050267,0.03090745174627252
BOS@WPG,Hampus Lindholm,d1,PTS,under,0.5,draftkings,-165,0.4381613256450269,0.6452216836562836,0.6226415094339622,0.026161480551167182,158,False,0.04201692330945028,0.5387158777478238,0.43262616770645834,0.6488029899851294,0.022580174222321392
STL@DAL,Wyatt Johnston,f1,A,over,0.5,fanduel,162,0.5120669424140469,0.40074432911845,0.3816793893129771,0.02603013272076593,242,False,0.06819894772840662,0.4669501917585635,0.5237580921980927,0.40770952203374305,0.019064939805472858
BOS@WPG,JJ Peterka,f1,A,under,0.5,draftkings,-260,0.28411311578375165,0.7526814997329092,0.7222222222222222,0.025592682480918283,238,False,0.03543602189665607,0.3959735114265928,0.2905997852347821,0.7478149047031405,0.030459277510687
WSH@CAR,Shayne Gostisbehere,d3,PTS,over,0.5,draftkings,-105,0.7811334524902073,0.5421132757806012,0.5121951219512195,0.02537744350871729,206,False,0.04954643732654329,0.645107203972583,0.7712656326312372,0.5375725654599368,0.029918153829381677
BOS@WPG,Gabriel Vilardi,f2,A,over,0.5,fanduel,164,0.5051170703062962,0.39656507302002786,0.3787878787878788,0.024696318577353993,200,False,0.06519828104421443,0.44693090250038936,0.5166495455322682,0.4034841973652328,0.017777194232149074
STL@DAL,Jimmy Snuggerud,f1,G,over,0.5,fanduel,280,0.32495860778316404,0.27744273873006864,0.2631578947368421,0.024672167107730958,75,False,0.09375423500937763,0.282027014968436,0.33943871886444066,0.28783006184457305,0.014284843993226548
ANA@VGK,Mark Stone,f1,A,over,0.5,draftkings,115,0.6576117812813141,0.4819128363487124,0.46511627906976744,0.024517079992430857,181,False,0.05271172198372631,0.5739095991925931,0.672625907751709,0.4896333590621983,0.016796557278944968
NYR@DET,J.T. Miller,f2,A,under,0.5,draftkings,-165,0.42723241860963035,0.6523119251774139,0.6226415094339622,0.023338522093251157,219,False,0.03748308093764585,0.5481373322033496,0.43698668662587453,0.6459800315272134,0.02967041574345164
BOS@WPG,Gabriel Vilardi,f2,G,over,0.5,fanduel,240,0.3651160205751341,0.3058838855446809,0.29411764705882354,0.022967805280588893,200,False,0.07809053795400223,0.3225347287774313,0.38138554047352513,0.31708545233941243,0.011766238485857339
ANA@VGK,Tomas Hertl,f3,SOG,over,2.5,fanduel,130,2.3667937961202616,0.41514766687815396,0.43478260869565216,0.022746176688325792,209,False,0.052316206383149266,2.3504016978559923,2.543352324683068,0.45752878538397795,-0.019634941817498197
WSH@CAR,Matt Roy,d1,PTS,under,0.5,draftkings,-370,0.2135264280284576,0.8077308131355687,0.7872340425531915,0.02267849618857365,226,False,0.02880781948278277,0.2986362943828177,0.2108290140075921,0.8099125387417652,0.0204967705823772
STL@DAL,Dylan Holloway,f1,G,over,0.5,fanduel,260,0.34165468761284046,0.28940646090047595,0.2777777777777778,0.02236488853292795,174,False,0.08051359871854058,0.29936568916026735,0.35687877372590604,0.30014266631070574,0.011628683122698158
STL@DAL,Wyatt Johnston,f1,G,over,1.5,draftkings,1000,0.5490612585304083,0.10543002473000569,0.09090909090909091,0.022354517743465266,242,False,0.24589969517811783,0.4640334622590137,0.573527353052979,0.11326360865255618,0.01452093382091478
ANA@VGK,Mark Stone,f1,A,over,0.5,fanduel,114,0.6576117812813141,0.4819128363487124,0.4672897196261682,0.02234363943603007,181,False,0.047815388393104286,0.5739095991925931,0.672625907751709,0.4896333590621983,0.014623116722544183
BOS@WPG,Cole Perfetti,f1,PTS,under,0.5,draftkings,-120,0.5737293915040322,0.5634203008147257,0.5454545454545454,0.022064117628897484,218,False,0.04045088231964544,0.6834100052820871,0.5664816436766796,0.5675186630834429,0.017965755360180302
ANA@VGK,Leo Carlsson,f1,A,under,0.5,draftkings,-175,0.40925931314473063,0.6641419892429565,0.6363636363636364,0.021601566694505858,198,False,0.03394531909136633,0.5296941080703739,0.41860323194553045,0.6579652030581422,0.02777835287932018
WSH@CAR,Jakob Chychrun,d1,SOG,under,1.5,draftkings,130,1.7383301962895041,0.49246209939065655,0.43478260869565216,0.02122542186780002,235,False,0.04881847029594,2.0889623139404536,1.8680064790802904,0.4560080305634522,0.05767949069500439
BOS@WPG,Mark Scheifele,f1,SOG,over,2.5,draftkings,135,2.322549618140107,0.4042900964768913,0.425531914893617,0.020743525177155386,235,False,0.04874728416631524,2.2655785679116605,2.495807611195996,0.4462754400707724,-0.021241818416725733
WSH@CAR,Alex Ovechkin,f2,A,over,0.5,draftkings,230,0.38228402075007617,0.31769876202646796,0.30303030303030304,0.02059769719990917,224,False,0.06797240075970024,0.33484754089421115,0.39101205877878875,0.3236280002302122,0.014668458996164924
BOS@WPG,Gabriel Vilardi,f2,PTS,over,0.5,fanduel,-128,0.8830083061301377,0.5864630073018281,0.5614035087719298,0.020420763033096923,200,False,0.036374484152703834,0.7346038942382915,0.8718535324213831,0.5818242718050267,0.025059498529898305
NYR@DET,Michael Brandsegg-Nygård,f3,G,over,0.5,fanduel,800,0.1347997620892498,0.1261091197461345,0.1111111111111111,0.020231439656645145,14,False,0.18208295690980636,,0.14080642103605467,0.13134255076775625,0.014998008635023402
WSH@CAR,Nikolaj Ehlers,f3,PTS,over,0.5,draftkings,-145,0.9579410650205665,0.6163179503289946,0.5918367346938775,0.019809927261803306,232,False,0.03347194606304704,0.7944689391622576,0.9458396887000442,0.6116466619556808,0.02448121563511707
STL@DAL,Thomas Harley,d1,PTS,over,0.5,draftkings,135,0.5960889290605164,0.44903771974529566,0.425531914893617,0.019341283538487963,225,False,0.04545201631544682,0.504132776257893,0.5885587200377894,0.444873198432105,0.023505804851678636
ANA@VGK,Mitch Marner,f2,SOG,over,2.5,fanduel,136,2.3100224641180724,0.4012004086489234,0.423728813559322,0.019338205377774365,228,False,0.04563816469154758,2.370209391237808,2.482345954183107,0.4430670189370964,-0.02252840491039859
WSH@CAR,Jordan Kyrou,f3,A,over,0.5,fanduel,250,0.3557259973727477,0.2993354221292377,0.2857142857142857,0.01928866664133555,234,True,0.06751033324467448,,0.3638476814200672,0.30500295235562125,0.013621136414951995
BOS@WPG,Gabriel Vilardi,f2,A,over,0.5,draftkings,160,0.5051170703062962,0.39656507302002786,0.38461538461538464,0.01886881274984814,200,False,0.04905891314960509,0.44693090250038936,0.5166495455322682,0.4034841973652328,0.011949688404643222
WSH@CAR,Matt Roy,d1,A,under,0.5,draftkings,-450,0.17440450139693636,0.8399570651254882,0.8181818181818182,0.018437288737390922,226,False,0.022534464012366584,0.25542121023355957,0.17838638145978702,0.8366191069192092,0.021775246943669946
BOS@WPG,Kyle Connor,f1,G,over,0.5,fanduel,170,0.47078198492982737,0.37548628302742754,0.37037037037037035,0.018080488665452255,226,False,0.04881731939672118,0.4261829806119048,0.49175996573591385,0.3884508590358226,0.005115912657057187
NYR@DET,J.T. Miller,f2,SOG,under,1.5,fanduel,142,1.8247923245810085,0.4679167110862694,0.4132231404958678,0.01799433686375934,219,False,0.043546295210297625,2.0821422453630647,1.9609185254730592,0.4312174773596271,0.05469357059040164
ANA@VGK,Beckett Sennecke,f2,SOG,under,2.5,fanduel,-160,2.0212037998530787,0.6715362864599979,0.6153846153846154,0.01786441011097306,82,False,0.029029666430331114,2.363294408662375,2.171981940903048,0.6332490254955885,0.05615167107538244
STL@DAL,Mason McTavish,f2,SOG,under,1.5,fanduel,125,1.7206732436891554,0.49759180458279817,0.4444444444444444,0.01676278655183394,212,True,0.03771626974162645,2.015931287548767,1.8490323498103345,0.46120723099627836,0.05314736013835375
ANA@VGK,Shea Theodore,d1,PTS,under,0.5,draftkings,105,0.6929474224164534,0.5000998890482392,0.4878048780487805,0.016691998853734846,183,False,0.034218597650156335,0.786561625199371,0.6841936296882781,0.5044968769025153,0.012295010999458733
WSH@CAR,Pierre-Luc Dubois,f1,A,over,0.5,draftkings,200,0.4207019366048922,0.3434142235683556,0.3333333333333333,0.016357316048797477,190,False,0.049071948146392375,0.37469344944141075,0.4303071052808832,0.3496906493821308,0.010080890235022288
BOS@WPG,Josh Morrissey,d1,SOG,under,2.5,draftkings,-160,2.0275751656943037,0.6699085716337119,0.6153846153846154,0.0161400493369529,236,False,0.026227580172548448,2.40658779526067,2.1788285990911205,0.6315246647215683,0.05452395624909645
WSH@CAR,Andrei Svechnikov,f1,A,over,0.5,draftkings,150,0.5257811256873975,0.40890653429986695,0.4,0.015959756246649692,207,False,0.039899390616624286,0.4669501917585635,0.5377853879915734,0.4159597562466497,0.00890653429986693
ANA@VGK,Mark Stone,f1,SOG,over,1.5,draftkings,-190,2.23225542710566,0.6348879039392153,0.6551724137931034,0.015793283743543385,181,False,0.024105538345408295,2.111183542740241,2.3987776371233545,0.6709656975366468,-0.020284509853888077
STL@DAL,Dylan Holloway,f1,PTS,over,0.5,draftkings,-120,0.8341898770451271,0.5657738844758736,0.5454545454545454,0.015719240302545012,174,False,0.02881860722133256,0.7135977910312363,0.8236518116113454,0.5611737857570904,0.02031933902132821
STL@DAL,Robert Thomas,f1,SOG,over,1.5,draftkings,-115,1.760464097176326,0.5139123219105033,0.5348837209302325,0.015560281657482133,214,False,0.02909096135964062,1.6679796911291853,1.891791528866665,0.5504440025877146,-0.02097139901972922
STL@DAL,Tyler Seguin,f2,PTS,over,0.5,draftkings,110,0.6851912555366126,0.49600617125364316,0.47619047619047616,0.01543428453580964,115,False,0.03241199752520019,0.5903376866938638,0.6765354440910497,0.4916247607262858,0.019815695063166994
STL@DAL,Jason Robertson,f2,G,over,1.5,draftkings,1000,0.5283167582280126,0.09890968381869972,0.09090909090909091,0.01540888801130598,242,False,0.16949776812436568,0.49223279068937464,0.5518584806566927,0.10631797892039689,0.008000592909608806
ANA@VGK,Cutter Gauthier,f1,A,under,0.5,draftkings,-235,0.3255557645423571,0.7221259101224047,0.7014925373134329,0.015285811439644581,156,False,0.0217904120522594,0.4239431875282588,0.3329886232002133,0.7167783487530774,0.020633372808971817
ANA@VGK,William Karlsson,f2,SOG,over,1.5,draftkings,-130,1.8613989992312592,0.5421866752415005,0.5652173913043478,0.013726902819975462,136,False,0.024286058835341295,1.7980948500054361,2.000255991720964,0.5789442941243232,-0.023030716062847234
NYR@DET,Alex DeBrincat,f1,PTS,under,0.5,draftkings,155,0.9139797677192065,0.4009254545963089,0.39215686274509803,0.013424514838662527,242,False,0.03423251283858941,1.0127366301424074,0.9024337410142377,0.40558137758376056,0.008768591851210872
STL@DAL,Wyatt Johnston,f1,PTS,over,0.5,draftkings,-180,1.081188550142882,0.6608078608955359,0.6428571428571429,0.013286139225909932,242,False,0.020667327684748882,0.9205672886414152,1.067530226059617,0.6561432820830528,0.017950718038392988
STL@DAL,Wyatt Johnston,f1,PTS,over,0.5,fanduel,-180,1.081188550142882,0.6608078608955359,0.6428571428571429,0.013286139225909932,242,False,0.020667327684748882,0.9205672886414152,1.067530226059617,0.6561432820830528,0.017950718038392988
ANA@VGK,Tomas Hertl,f3,SOG,over,2.5,draftkings,125,2.3667937961202616,0.41514766687815396,0.4444444444444444,0.013084340939533534,209,False,0.029439767113950355,2.3504016978559923,2.543352324683068,0.45752878538397795,-0.029296777566290455
ANA@VGK,Tomas Hertl,f3,A,over,0.5,draftkings,185,0.44088866376308145,0.3565356565164152,0.3508771929824561,0.012103122195044558,209,False,0.0344938982558769,0.39959998865576585,0.45095472149733395,0.3629803151775007,0.005658463533959102
WSH@CAR,Nikolaj Ehlers,f3,SOG,over,2.5,draftkings,115,2.4442668352989223,0.43394000319455656,0.46511627906976744,0.011810813998855307,232,False,0.0253932500975389,2.4634219880617563,2.626604712203395,0.47692709306862274,-0.03117627587521088
ANA@VGK,Shea Theodore,d1,SOG,under,1.5,fanduel,126,1.7486881885922934,0.48947130490523894,0.4424778761061947,0.01050173558271772,183,False,0.023733922416941944,2.061612739263385,1.879137158840197,0.45297961168891243,0.04699342879904422
WSH@CAR,Shayne Gostisbehere,d3,A,over,0.5,fanduel,126,0.589560393163882,0.4454289756307973,0.4424778761061947,0.010365846634008968,206,False,0.023426813392860346,0.5079847127643868,0.6030208185346855,0.4528437227402037,0.002951099524602596
ANA@VGK,Jackson LaCombe,d1,SOG,under,1.5,draftkings,100,1.5613345681490256,0.5456428403445861,0.5,0.010209019832613131,225,False,0.020418039665226262,1.826274301015986,1.6778072977964165,0.5102090198326131,0.0456428403445861
WSH@CAR,Jackson Blake,f2,A,over,0.5,fanduel,176,0.4554759067609235,0.3658538982933825,0.36231884057971014,0.010095438396342915,159,False,0.02786340997390635,0.41551544396166346,0.4658750100966359,0.37241427897605306,0.0035350577136723516
STL@DAL,Robert Thomas,f1,G,over,1.5,draftkings,2800,0.3159844612371414,0.04055418377612911,0.034482758620689655,0.009364023241309583,214,False,0.271556673997978,0.29936568916026735,0.3300646855767418,0.04384678186199924,0.006071425155439458
BOS@WPG,James Hagens,f3,A,over,0.5,fanduel,390,0.23457431458072203,0.20909254424859502,0.20408163265306123,0.009235400444054215,3,False,0.045253462175865566,,0.23992994920600036,0.21331703309711544,0.005010911595533796
WSH@CAR,Alex Tuch,f1,PTS,over,0.5,draftkings,115,0.6507116494814194,0.4783256046829134,0.46511627906976744,0.008903362509734003,232,True,0.019142229395928023,,0.6424914083475314,0.47401964157950144,0.013209325613145972
WSH@CAR,Jackson Blake,f2,A,over,0.5,draftkings,175,0.4554759067609235,0.3658538982933825,0.36363636363636365,0.008777915339689413,159,False,0.02413926718414583,0.41551544396166346,0.4658750100966359,0.37241427897605306,0.0022175346570188492
BOS@WPG,Mark Scheifele,f1,PTS,over,0.5,draftkings,-210,1.1721160243744229,0.6902891083939211,0.6774193548387096,0.00824974988794358,235,False,0.012178202215535672,1.003355870859443,1.157309041335268,0.6856691047266532,0.012869753555211472
BOS@WPG,Elias Lindholm,f1,G,over,1.5,fanduel,4500,0.25550631701884774,0.027579919148493427,0.021739130434782608,0.008130939490238073,223,False,0.3740232165509514,,0.26689164353055395,0.02987006992502068,0.005840788713710819
BOS@WPG,Pavel Zacha,f2,G,over,1.5,fanduel,2700,0.3146472469206323,0.040246569337088124,0.03571428571428571,0.007801539313025574,235,False,0.21844310076471607,,0.3286678851733319,0.043515825027311286,0.004532283622802412
STL@DAL,Wyatt Johnston,f1,A,over,0.5,draftkings,150,0.5120669424140469,0.40074432911845,0.4,0.007709522033743033,242,False,0.019273805084357498,0.4669501917585635,0.5237580921980927,0.40770952203374305,0.0007443291184499601
STL@DAL,Jason Robertson,f2,G,over,0.5,fanduel,140,0.5283167582280126,0.410403431533357,0.4166666666666667,0.007454777254284173,242,False,0.01789146541028197,0.49223279068937464,0.5518584806566927,0.42412144392095086,-0.006263235133309675
WSH@CAR,Shayne Gostisbehere,d3,PTS,over,0.5,fanduel,-113,0.7811334524902073,0.5421132757806012,0.5305164319248826,0.007056133535054188,206,False,0.013300499495279228,0.645107203972583,0.7712656326312372,0.5375725654599368,0.011596843855718575
BOS@WPG,Cole Perfetti,f1,SOG,over,1.5,draftkings,-170,2.084057044086702,0.5999333147995024,0.6296296296296297,0.006902704040411378,218,False,0.010963118181829934,2.0478163188473926,2.2395239232664896,0.636532333670041,-0.029696314830127246
STL@DAL,Dylan Holloway,f1,G,over,1.5,draftkings,2200,0.34165468761284046,0.04662884727972533,0.043478260869565216,0.006900178411022959,174,False,0.15870410345352814,0.29936568916026735,0.35687877372590604,0.050378439280588175,0.003150586410160111
ANA@VGK,Mark Stone,f1,G,over,0.5,fanduel,165,0.46349329965463176,0.37091777009303856,0.37735849056603776,0.006418589339631797,181,False,0.01700926175002415,0.432708869932181,0.48414649764255785,0.38377707990566956,-0.006440720472999206
NYR@DET,Michael Brandsegg-Nygård,f3,G,over,0.5,draftkings,700,0.1347997620892498,0.1261091197461345,0.125,0.00634255076775625,14,False,0.05074040614205,,0.14080642103605467,0.13134255076775625,0.001109119746134507
WSH@CAR,Nikolaj Ehlers,f3,A,over,0.5,draftkings,130,0.5686132737172007,0.43368978830411725,0.43478260869565216,0.006211601971015113,232,False,0.014286684533334704,0.5127039995237264,0.5815954492915207,0.4409942106666673,-0.00109282039153491
WSH@CAR,Alex Tuch,f1,A,over,0.5,draftkings,265,0.32029514291598676,0.2740652490464813,0.273972602739726,0.005381864075402365,232,True,0.01964380387521869,,0.32760789478643515,0.2793544668151284,9.264630675526186e-05
WSH@CAR,Nikolaj Ehlers,f3,PTS,over,0.5,fanduel,-154,0.9579410650205665,0.6163179503289946,0.6062992125984252,0.005347449357255618,232,False,0.00881981906975926,0.7944689391622576,0.9458396887000442,0.6116466619556808,0.010018737730569383
ANA@VGK,Jackson LaCombe,d1,SOG,under,1.5,fanduel,-102,1.5613345681490256,0.5456428403445861,0.504950495049505,0.005258524783108176,225,False,0.010413941237135793,1.826274301015986,1.6778072977964165,0.5102090198326131,0.040692345295081145
WSH@CAR,Boone Jenner,f4,G,over,1.5,fanduel,10000,0.17683813936079265,0.013909200817335626,0.009900990099009901,0.005197105241516196,147,True,0.5249076293931358,,0.18471802264444825,0.015098095340526098,0.004008210718325725
ANA@VGK,Leo Carlsson,f1,PTS,under,0.5,draftkings,115,0.7648803570662109,0.4653896082216349,0.46511627906976744,0.004791951434962971,198,False,0.010302695585170385,0.8285518175661484,0.7552178575878792,0.4699082305047304,0.0002733291518674519
WSH@CAR,Pierre-Luc Dubois,f1,PTS,over,0.5,draftkings,115,0.6422107849824623,0.4738720184890859,0.46511627906976744,0.004469979444902239,190,False,0.009610455806539742,0.568259068548668,0.6340979326683129,0.4695862585146697,0.008755739419318453
WSH@CAR,Anthony Beauvillier,f4,G,over,1.5,fanduel,10000,0.17113836509819952,0.013075885674666742,0.009900990099009901,0.004294893123466047,220,False,0.4337842054700707,,0.17876426722092026,0.014195883222475949,0.0031748955756568404
STL@DAL,Dylan Holloway,f1,A,over,0.5,draftkings,155,0.4936147130909265,0.3895840769461612,0.39215686274509803,0.00426789796090199,174,False,0.010883139800299979,0.4567272784507173,0.5048845746429118,0.396424760706,-0.0025727857989368275
WSH@CAR,Alex Ovechkin,f2,G,over,1.5,draftkings,2200,0.3310119609377387,0.04407176346619004,0.043478260869565216,0.004151635522597501,224,False,0.09548761701974251,0.33484754089421115,0.34576180860697775,0.04762989639216272,0.0005935025966248217
STL@DAL,Robert Thomas,f1,G,over,0.5,fanduel,260,0.3159844612371414,0.2709292210624529,0.2777777777777778,0.003344991282589971,214,False,0.012041968617323873,0.29936568916026735,0.3300646855767418,0.28112276906036776,-0.006848556715324916
WSH@CAR,Anthony Beauvillier,f4,G,over,1.5,draftkings,9000,0.17113836509819952,0.013075885674666742,0.01098901098901099,0.0032068722334649587,220,False,0.2918253732453113,,0.17876426722092026,0.014195883222475949,0.0020868746856557516
WSH@CAR,Justin Sourdif,f4,G,over,1.5,draftkings,10000,0.1636451020546861,0.012014931672616259,0.009900990099009901,0.003145884221691944,82,False,0.3177343063908864,,0.17093710540189355,0.013046874320701845,0.002113941573606358
NYR@DET,Mika Zibanejad,f1,G,over,1.5,draftkings,1700,0.37257737689241044,0.05435411378207713,0.05555555555555555,0.003118839920655092,242,False,0.05613911857179166,0.3603389684675673,0.3891793738069611,0.058674395476210645,-0.0012014417734784247
WSH@CAR,Tom Wilson,f1,G,over,0.5,fanduel,310,0.27154549499194636,0.23779939363122046,0.24390243902439024,0.003064032073139822,224,False,0.012562531499873186,0.2591256218654068,0.2836455250786316,0.24696647109753006,-0.006103045393169776
NYR@DET,Alexis Lafrenière,f1,A,under,0.5,draftkings,-225,0.3552635246580114,0.7009886910611867,0.6923076923076923,0.003018188645409259,244,False,0.004359605821146806,0.4350714013009797,0.3633746498558306,0.6953258809531015,0.008680998753494373
STL@DAL,Tyler Seguin,f2,G,over,1.5,draftkings,2800,0.28871814835737897,0.034462277511022744,0.034482758620689655,0.0028061048667330987,115,False,0.0813770411352599,0.29105475693042016,0.3015833895273713,0.03728886348742275,-2.0481109666910247e-05
BOS@WPG,JJ Peterka,f1,SOG,under,2.5,fanduel,-198,1.8970895091716837,0.7033364242236242,0.6644295302013423,0.0026618107759829313,238,False,0.004006159652742092,2.1693777584686265,2.03860894903178,0.6670913409773253,0.03890689402228187
STL@DAL,Jimmy Snuggerud,f1,G,over,1.5,draftkings,2200,0.32495860778316404,0.042641537064175915,0.043478260869565216,0.0026137495537617433,75,False,0.06011623973652003,0.282027014968436,0.33943871886444066,0.04609201042332696,-0.0008367238053893014
ANA@VGK,Mitch Marner,f2,G,under,0.5,fanduel,-240,0.3299616430463096,0.7189513096851435,0.7058823529411765,0.0025755146365830095,228,False,0.003648645735159217,0.41551544396166346,0.34466468869407796,0.7084578675777595,0.01306895674396702
WSH@CAR,Nikolaj Ehlers,f3,A,over,0.5,fanduel,128,0.5686132737172007,0.43368978830411725,0.43859649122807015,0.0023977194385971234,232,False,0.005466800320001353,0.5127039995237264,0.5815954492915207,0.4409942106666673,-0.004906702923952899
BOS@WPG,David Pastrnak,f1,PTS,under,0.5,draftkings,175,1.019084021772848,0.3609253886057785,0.36363636363636365,0.0019655353721818036,238,False,0.005405222273499932,1.086636097621394,1.0062102451909454,0.36560189900854545,-0.00271097503058515
STL@DAL,Thomas Harley,d1,SOG,under,1.5,draftkings,120,1.736788823353547,0.49290832464662815,0.45454545454545453,0.0019145978080321036,225,False,0.004212115177670617,1.945372086157093,1.8663501225162769,0.45646005235348663,0.03836287010117362
ANA@VGK,Braeden Bowman,f4,G,over,1.5,draftkings,6000,0.1948611679309058,0.016690314018778987,0.01639344262295082,0.001714098128062863,55,False,0.10455998581183468,,0.20354415490058655,0.018107540751013684,0.000296871395828166
STL@DAL,Tyler Seguin,f2,A,over,0.5,draftkings,215,0.3757546471267348,0.31322918643475145,0.31746031746031744,0.0016354504795704217,115,False,0.005151669010646787,0.3542237312472745,0.38433361112097325,0.31909576793988786,-0.004231131025565993
BOS@WPG,Cole Perfetti,f1,SOG,over,1.5,fanduel,-174,2.084057044086702,0.5999333147995024,0.635036496350365,0.0014958373196760633,218,False,0.002355513940179632,2.0478163188473926,2.2395239232664896,0.636532333670041,-0.03510318155086256
ANA@VGK,Mikael Granlund,f2,G,over,1.5,draftkings,2800,0.28245969960064726,0.03311897411659884,0.034482758620689655,0.001358953770988519,207,False,0.039409659358667026,0.2735973325700419,0.29504606515071935,0.035841712391678174,-0.0013637845040908175
ANA@VGK,Tomas Hertl,f3,G,over,1.5,fanduel,1900,0.3451120122874079,0.04747099613236983,0.05,0.0012833595234862452,209,False,0.025667190469724988,,0.36049015631472076,0.05128335952348625,-0.002529003867630171
NYR@DET,J.T. Compher,f2,G,over,1.5,draftkings,7500,0.17252708424177263,0.013276838410618736,0.013157894736842105,0.0012555766419903927,231,False,0.09542382479126976,,0.18021486749943794,0.014413471378832497,0.00011894367377663154
STL@DAL,Justin Hryckowian,f1,G,over,1.5,draftkings,5000,0.2099785904037444,0.019189418123735646,0.0196078431372549,0.0012019899019095372,86,False,0.0613014849973863,,0.2193352076494859,0.02080983303916444,-0.0004184250135192552
STL@DAL,Dalibor Dvorsky,f3,G,over,1.5,fanduel,8000,0.1666401932853758,0.012434253002565322,0.012345679012345678,0.001155364522953119,72,False,0.09358452635920256,,0.17406565748784358,0.013501043535298797,8.85739902196439e-05
STL@DAL,Roope Hintz,f2,G,over,1.5,draftkings,1900,0.3442345988306737,0.04725674547728012,0.05,0.0010531524460535013,205,False,0.021063048921069916,0.37623546979322614,0.35957364543445813,0.051053152446053504,-0.002743254522719882
BOS@WPG,Alex Iafallo,f4,G,over,1.5,fanduel,6500,0.18262062691001996,0.014777505579061507,0.015151515151515152,0.0008864343417244354,240,False,0.0585046665538127,,0.19075817704734077,0.016037949493239587,-0.00037400957245364505
WSH@CAR,Ilya Protas,f3,G,over,1.5,draftkings,4500,0.21960163033777047,0.020856782359276585,0.021739130434782608,0.0008726411159868733,4,False,0.04014149133539613,,0.22938704892573475,0.02261177155076948,-0.0008823480755060231
WSH@CAR,Nikolaj Ehlers,f3,SOG,over,2.5,fanduel,110,2.4442668352989223,0.43394000319455656,0.47619047619047616,0.0007366168781465787,232,False,0.0015468954441077987,2.4634219880617563,2.626604712203395,0.47692709306862274,-0.04225047299591961
WSH@CAR,Justin Sourdif,f4,G,over,1.5,fanduel,8000,0.1636451020546861,0.012014931672616259,0.012345679012345678,0.0007011953083561669,82,False,0.0567968199768496,,0.17093710540189355,0.013046874320701845,-0.00033074733972941923
ANA@VGK,Tomas Hertl,f3,A,over,0.5,fanduel,176,0.44088866376308145,0.3565356565164152,0.36231884057971014,0.0006614745977905345,209,False,0.0018256698899019597,0.39959998865576585,0.45095472149733395,0.3629803151775007,-0.005783184063294922
NYR@DET,Andrew Copp,f1,PTS,under,0.5,draftkings,-125,0.5941478511142643,0.5520327796113523,0.5555555555555556,0.0006361983105468427,214,False,0.0011451569589842059,0.6641596436866928,0.5866421631352141,0.5561917538661024,-0.003522775944203249
BOS@WPG,Mark Scheifele,f1,A,over,0.5,fanduel,-115,0.7495882492186027,0.5274389099140849,0.5348837209302325,0.0005738202217574484,235,False,0.0010727943276334084,0.7029801014761843,0.7667023172673252,0.53545754115199,-0.007444811016147579
WSH@CAR,Jordan Martinook,f3,G,over,1.5,fanduel,8000,0.1626819442826644,0.011881438424251715,0.012345679012345678,0.0005565952711815009,236,False,0.04508421696570153,,0.16993102945139116,0.01290227428352718,-0.0004642405880939636
NYR@DET,Alexis Lafrenière,f1,G,over,0.5,fanduel,260,0.3121908606761541,0.26815816492970806,0.2777777777777778,0.0004906859785565043,244,False,0.00176646952280346,0.29936568916026735,0.32610204269403903,0.2782684637563343,-0.009619612848069725
WSH@CAR,Eric Robinson,f1,G,over,1.5,fanduel,8000,0.16216711496985575,0.011810353950458709,0.012345679012345678,0.00047959395246905887,193,False,0.03884711014999387,,0.1693932594148755,0.012825272964814737,-0.0005353250618869692
NYR@DET,Alex DeBrincat,f1,G,under,0.5,fanduel,-175,0.4320855862899629,0.6491538156408536,0.6363636363636364,0.00041113640134560203,242,False,0.0006460714878289142,0.520714455895238,0.45133926086956383,0.636774772764982,0.012790179277217262
STL@DAL,Dalibor Dvorsky,f3,G,over,1.5,draftkings,7500,0.1666401932853758,0.012434253002565322,0.013157894736842105,0.00034314879845669284,72,False,0.02607930868270869,,0.17406565748784358,0.013501043535298797,-0.0007236417342767823
BOS@WPG,James Hagens,f3,SOG,under,1.5,fanduel,-135,1.367335108367615,0.6081841728112058,0.574468085106383,0.00030974671658046127,3,False,0.0005391887288623831,1.5728032422493334,1.4693358298421213,0.5747778318229635,0.03371608770482282
STL@DAL,Thomas Harley,d1,G,over,1.5,fanduel,10000,0.1432043365447666,0.0093254414205799,0.009900990099009901,0.00023138564162753818,225,False,0.02336994980438134,,0.14958550217885996,0.01013237574063744,-0.0005755486784300018
WSH@CAR,Dylan Strome,f2,A,under,0.5,draftkings,-195,0.40439905863310693,0.6673777452718491,0.6610169491525424,0.00022728759260881581,241,False,0.00034384533240827686,0.4808679978919112,0.4136320115449234,0.6612442367451512,0.006360796119306733
WSH@CAR,Alex Ovechkin,f2,PTS,over,0.5,draftkings,100,0.7022044282211002,0.5045081771734883,0.5,9.324830943391316e-05,224,False,0.00018649661886782631,0.6261364702769852,0.6933336945714698,0.5000932483094339,0.004508177173488281
WSH@CAR,Shayne Gostisbehere,d3,G,over,1.5,fanduel,8000,0.15884710305025804,0.011356491474774886,0.012345679012345678,-1.2088493620747084e-05,206,False,-0.00097916798328046,,0.1659253082185961,0.012333590518724931,-0.0009891875375707924
WSH@CAR,Jakob Chychrun,d1,PTS,under,0.5,draftkings,-120,0.6139153509070099,0.541227619103241,0.5454545454545454,-1.3168522189799248e-05,235,False,-2.4142290681261613e-05,0.6834100052820871,0.6061599461524264,0.5454413769323556,-0.004226926351304394
NYR@DET,Mika Zibanejad,f1,G,over,0.5,fanduel,210,0.37257737689241044,0.31104365980523696,0.3225806451612903,-0.00019335830152661382,242,False,-0.000599410734732464,0.3603389684675673,0.3891793738069611,0.3223872868597637,-0.011536985356053353
BOS@WPG,Adam Lowry,f3,G,over,1.5,fanduel,8000,0.15746562659411473,0.01116996377981099,0.012345679012345678,-0.00021418058453752213,222,False,-0.01734862734753928,,0.16448227336066867,0.012131498427808156,-0.0011757152325346885
WSH@CAR,Jordan Kyrou,f3,PTS,over,0.5,draftkings,130,0.5771462041709745,0.4385015156927131,0.43478260869565216,-0.00038988892226216043,234,True,-0.000896744521202919,,0.5698552927948305,0.43439271977339,0.0037189069970609556
STL@DAL,Jamie Benn,f3,G,over,1.5,draftkings,5000,0.20087473731941885,0.017666581596705238,0.0196078431372549,-0.0004444428690848906,218,False,-0.022666586323329407,,0.20982568811789204,0.01916340026817001,-0.0019412615405496637
STL@DAL,Jamie Benn,f3,G,over,1.5,fanduel,5000,0.20087473731941885,0.017666581596705238,0.0196078431372549,-0.0004444428690848906,218,False,-0.022666586323329407,,0.20982568811789204,0.01916340026817001,-0.0019412615405496637
NYR@DET,Alexis Lafrenière,f1,G,over,1.5,draftkings,2200,0.3121908606761541,0.0396838325602975,0.043478260869565216,-0.0005679253589970998,244,False,-0.01306228325693326,0.29936568916026735,0.32610204269403903,0.042910335510568116,-0.003794428309267718
WSH@CAR,Dylan Strome,f2,G,over,1.5,draftkings,3500,0.2425488111978629,0.025064582183007836,0.027777777777777776,-0.0006219139647410422,241,False,-0.022388902730677507,,0.2533567530238576,0.027155863813036734,-0.0027131955947699397
NYR@DET,Moritz Seider,d1,SOG,under,2.5,draftkings,-160,2.0899779019402076,0.6540061836249621,0.6153846153846154,-0.0006664675695534639,242,False,-0.0010830098005243372,2.391170804979908,2.245886466387279,0.614718147815062,0.03862156824034668
BOS@WPG,Casey Mittelstadt,f2,G,over,1.5,fanduel,5000,0.19854089899818075,0.017284872120599114,0.0196078431372549,-0.0008572382308235857,229,False,-0.04371914977200286,,0.20738785428052403,0.018750604906431316,-0.002322971016655788
ANA@VGK,Mikael Granlund,f2,G,over,0.5,fanduel,290,0.28245969960064726,0.24607297509271914,0.2564102564102564,-0.0009075477063090753,207,False,-0.0035394360546053827,0.2735973325700419,0.29504606515071935,0.2555027087039473,-0.01033728131753725
WSH@CAR,Aliaksei Protas,f3,G,over,1.5,draftkings,5500,0.18768152131948657,0.015556149467747374,0.017857142857142856,-0.0009765917158306402,230,False,-0.05468913608651582,,0.1960445842189392,0.016880551141312216,-0.0023009933893954823
WSH@CAR,Pierre-Luc Dubois,f1,G,over,1.5,draftkings,4000,0.22367940081804633,0.02158090522616727,0.024390243902439025,-0.0009961429956304446,190,False,-0.04084186282084823,,0.2336465243004313,0.02339410090680858,-0.0028093386762717554
WSH@CAR,Tom Wilson,f1,G,over,1.5,draftkings,2800,0.27154549499194636,0.030827252691648488,0.034482758620689655,-0.001110878230515533,224,False,-0.03221546868495051,0.2591256218654068,0.2836455250786316,0.03337188039017412,-0.0036555059290411668
ANA@VGK,Mikael Granlund,f2,SOG,over,1.5,fanduel,-130,1.8080838164735165,0.5274145479273659,0.5652173913043478,-0.001139023268316497,207,False,-0.002015195013175375,1.826779781740905,1.9429635929365467,0.5640783680360313,-0.03780284337698192
BOS@WPG,Marat Khusnutdinov,f3,G,over,1.5,fanduel,10000,0.13263143128661392,0.008055187226032826,0.009900990099009901,-0.0011461003218652815,165,False,-0.11575613250839345,,0.13854146970966252,0.00875488977714462,-0.0018458028729770749
ANA@VGK,Alex Killorn,f2,PTS,over,0.5,draftkings,150,0.5153670339241422,0.40271866812878787,0.4,-0.0011826022473163667,224,False,-0.002956505618290861,0.4700036292453683,0.5088565598997579,0.39881739775268366,0.002718668128787849
BOS@WPG,Kyle Connor,f1,SOG,over,3.5,fanduel,132,3.146844319739307,0.38242912667888845,0.43103448275862066,-0.0012662548209648739,226,False,-0.0029377111846384807,3.2985402259756658,3.3815932039134,0.4297682279376558,-0.04860535607973221
ANA@VGK,Tomas Hertl,f3,G,over,1.5,draftkings,1800,0.3451120122874079,0.04747099613236983,0.05263157894736842,-0.0013482194238821701,209,False,-0.025616169053761184,,0.36049015631472076,0.05128335952348625,-0.005160582814998586
ANA@VGK,Braeden Bowman,f4,G,over,1.5,fanduel,5000,0.1948611679309058,0.016690314018778987,0.0196078431372549,-0.001500302386241218,55,False,-0.07651542169830217,,0.20354415490058655,0.018107540751013684,-0.002917529118475915
STL@DAL,Pavel Buchnevich,f2,G,over,1.5,draftkings,4000,0.22053241064485737,0.02102115446932874,0.024390243902439025,-0.0016008751844921974,235,False,-0.06563588256418007,0.2735973325700419,0.23035930467589677,0.022789368717946828,-0.003369089433110286
BOS@WPG,Mark Scheifele,f1,PTS,over,0.5,fanduel,-220,1.1721160243744229,0.6902891083939211,0.6875,-0.0018308952733467887,235,False,-0.002663120397595309,1.003355870859443,1.157309041335268,0.6856691047266532,0.0027891083939211025
STL@DAL,Jonatan Berggren,f3,G,over,1.5,fanduel,10000,0.12588427905014374,0.007288832996781277,0.009900990099009901,-0.001977470271520766,134,False,-0.19972449742359744,,0.1314936652931105,0.007923519827489135,-0.0026121571022286244
NYR@DET,J.T. Compher,f2,G,over,1.5,fanduel,6000,0.17252708424177263,0.013276838410618736,0.01639344262295082,-0.0019799712441183233,231,False,-0.12077824589121766,,0.18021486749943794,0.014413471378832497,-0.0031166042123320845
STL@DAL,Pius Suter,f4,G,over,1.5,draftkings,10000,0.12577200573638156,0.007276376157679749,0.009900990099009901,-0.0019909860007936726,208,False,-0.20108958608016092,,0.13137638909585544,0.007910004098216229,-0.0026246139413301523
ANA@VGK,Jackson LaCombe,d1,G,over,1.5,draftkings,7500,0.14964052216271254,0.010139463577597645,0.013157894736842105,-0.0021431120366519948,225,False,-0.16287651478555165,,0.15630848334693256,0.01101478270019011,-0.00301843115924446
STL@DAL,Thomas Harley,d1,G,over,1.5,draftkings,8000,0.1432043365447666,0.0093254414205799,0.012345679012345678,-0.002213303271708239,225,False,-0.17927756500836733,,0.14958550217885996,0.01013237574063744,-0.003020237591765779
STL@DAL,Sam Steel,f3,G,over,1.5,draftkings,5000,0.18966203956817546,0.015865567771953464,0.0196078431372549,-0.0023925104987459235,225,False,-0.12201803543604206,,0.19811335408968897,0.017215332638508978,-0.003742275365301438
STL@DAL,Sam Steel,f3,G,over,1.5,fanduel,5000,0.18966203956817546,0.015865567771953464,0.0196078431372549,-0.0023925104987459235,225,False,-0.12201803543604206,,0.19811335408968897,0.017215332638508978,-0.003742275365301438
BOS@WPG,Morgan Barron,f3,G,over,1.5,fanduel,8000,0.1412503484535188,0.00908437564609135,0.012345679012345678,-0.0024746696913619352,216,False,-0.20044824500031677,,0.1475444446457353,0.009871009320983743,-0.003261303366254329
ANA@VGK,Beckett Sennecke,f2,A,over,0.5,draftkings,190,0.4095329102498437,0.33603969322765204,0.3448275862068966,-0.002608687622045358,82,False,-0.007565194103931527,0.39032005247927326,0.4188830756259863,0.3422188985848512,-0.008787892979244538
ANA@VGK,Beckett Sennecke,f2,G,under,0.5,fanduel,-330,0.2568486606047771,0.7734852637001146,0.7674418604651163,-0.0027587776068307424,82,False,-0.0035947708210218865,0.3327923796628125,0.2682938017629274,0.7646830828582856,0.006043403234998301
NYR@DET,Moritz Seider,d1,A,over,0.5,draftkings,115,0.606630171823141,0.4548150433125321,0.46511627906976744,-0.002802392003991072,242,False,-0.006025142808580797,0.5629325405614245,0.6204803222914974,0.46231388706577636,-0.01030123575723535
STL@DAL,Arttu Hyry,f3,G,over,1.5,fanduel,10000,0.11864326706595175,0.006505432204625364,0.009900990099009901,-0.002827597660892203,25,False,-0.2855873637501125,,0.12392999480607952,0.007073392438117698,-0.0033955578943845374
STL@DAL,Connor McMichael,f2,G,under,0.5,fanduel,-450,0.19551128993269257,0.8224140585124027,0.8181818181818182,-0.002901475591374436,237,True,-0.0035462479450132367,0.2666286632539486,0.20422324624978183,0.8152803425904438,0.004232240330584447
STL@DAL,Roope Hintz,f2,SOG,over,1.5,fanduel,-196,2.1798224542647673,0.6228331336035878,0.6621621621621622,-0.0030338793656169427,205,False,-0.004581777001135823,2.251655923316977,2.3424332595170205,0.6591282827965452,-0.03932902855857434
ANA@VGK,Beckett Sennecke,f2,SOG,under,2.5,draftkings,-175,2.0212037998530787,0.6715362864599979,0.6363636363636364,-0.0031146108680478735,82,False,-0.004894388506932357,2.363294408662375,2.171981940903048,0.6332490254955885,0.0351726500963615
ANA@VGK,Nic Dowd,f4,G,over,1.5,fanduel,10000,0.11594384544751818,0.006223851549622273,0.009900990099009901,-0.0031332301497982926,219,False,-0.31645624512962756,,0.1211102873298354,0.0067677599492116085,-0.003677138549387628
WSH@CAR,Jordan Staal,f3,G,over,1.5,fanduel,3000,0.25191944876158595,0.026873812601334406,0.03225806451612903,-0.0031497700341723417,227,False,-0.09764287105934255,,0.26314494491473245,0.02910829448195669,-0.005384251914794625
BOS@WPG,Josh Morrissey,d1,G,over,1.5,fanduel,8000,0.13096043132236304,0.007862150705006917,0.012345679012345678,-0.003800179069098261,236,False,-0.30781450459695914,,0.1367960102157373,0.008545499943247417,-0.004483528307338761
ANA@VGK,Shea Theodore,d1,A,under,0.5,draftkings,-135,0.5486415704033542,0.5777340886514901,0.574468085106383,-0.003925670569613904,183,False,-0.006833574695253808,0.6261364702769852,0.5611677661915471,0.5705424145367691,0.003266003545107088
NYR@DET,Marco Kasper,f4,G,over,1.5,draftkings,5500,0.16850558933666482,0.012698614464938343,0.017857142857142856,-0.004069798958992992,154,False,-0.22790874170360753,,0.1760141753318357,0.013787343898149864,-0.005158528392204513
STL@DAL,Jake Neighbours,f3,G,over,1.5,fanduel,4500,0.192160542908372,0.01625966080623729,0.021739130434782608,-0.004097443297712489,226,False,-0.18848239169477454,,0.20072319039672026,0.01764168713707012,-0.005479469628545317
WSH@CAR,Jordan Staal,f3,SOG,under,1.5,draftkings,-115,1.4978337482032613,0.5656483299722618,0.5348837209302325,-0.004116523935369432,227,False,-0.007696109966125464,1.7292070275263625,1.6095694317461142,0.5307671969948631,0.030764609042029267
ANA@VGK,Jackson LaCombe,d1,G,over,1.5,fanduel,6500,0.14964052216271254,0.010139463577597645,0.015151515151515152,-0.004136732451325042,225,False,-0.27302434178745283,,0.15630848334693256,0.01101478270019011,-0.005012051573917507
ANA@VGK,Mitch Marner,f2,A,over,0.5,fanduel,-104,0.68876162537315,0.49780240709633206,0.5098039215686274,-0.004166066718500727,228,False,-0.008171900101674456,0.7029801014761843,0.7044869430235701,0.5056378548501267,-0.01200151447229536
ANA@VGK,Nic Dowd,f4,G,over,1.5,draftkings,9000,0.11594384544751818,0.006223851549622273,0.01098901098901099,-0.004221251039799381,219,False,-0.3841338446217437,,0.1211102873298354,0.0067677599492116085,-0.004765159439388717
NYR@DET,J.T. Miller,f2,G,over,1.5,draftkings,2800,0.25706670015446587,0.027889413606248335,0.034482758620689655,-0.004278832184549514,219,False,-0.12408613335193597,0.2852982810965047,0.26852155712510417,0.03020392643614014,-0.00659334501444132
WSH@CAR,Pierre-Luc Dubois,f1,G,over,1.5,fanduel,3500,0.22367940081804633,0.02158090522616727,0.027777777777777776,-0.004383676870969196,190,False,-0.15781236735489101,,0.2336465243004313,0.02339410090680858,-0.006196872551610506
ANA@VGK,Alex Killorn,f2,G,over,1.5,fanduel,4000,0.20536838038676364,0.018411548175248246,0.024390243902439025,-0.00442133073124152,224,False,-0.18127455998090236,,0.21451956730521116,0.019968913171197505,-0.005978695727190779
STL@DAL,Pius Suter,f4,G,over,1.5,fanduel,8000,0.12577200573638156,0.007276376157679749,0.012345679012345678,-0.00443567491412945,208,False,-0.3592896680444855,,0.13137638909585544,0.007910004098216229,-0.0050693028546659295
NYR@DET,Pavel Dorofeyev,f2,G,over,1.5,draftkings,1500,0.3695337713370285,0.05357485948824025,0.0625,-0.004661910387508905,211,False,-0.07459056620014248,0.3815359621113813,0.3860001456046514,0.057838089612491095,-0.00892514051175975
ANA@VGK,Rasmus Andersson,d2,G,over,1.5,draftkings,7000,0.13666345145644618,0.008529691452205201,0.014084507042253521,-0.004814980422186905,238,False,-0.3418636099752702,,0.1427531561463446,0.009269526620066616,-0.00555481559004832
WSH@CAR,Aliaksei Protas,f3,G,over,1.5,fanduel,4500,0.18768152131948657,0.015556149467747374,0.021739130434782608,-0.004858579293470392,230,False,-0.223494647499638,,0.1960445842189392,0.016880551141312216,-0.006182980967035234
WSH@CAR,K'Andre Miller,d2,G,over,1.5,fanduel,10000,0.09885069896256636,0.004575385374278745,0.009900990099009901,-0.0049232771704959336,224,False,-0.49725099422008934,,0.10325547257728751,0.0049777129285139676,-0.0053256047247311564
NYR@DET,Mika Zibanejad,f1,A,under,0.5,draftkings,-165,0.4710744180684462,0.6243311151669189,0.6226415094339622,-0.004989243005235289,242,False,-0.008013026644771881,0.5481373322033496,0.4818296555674863,0.617652266428727,0.0016896057329566228
WSH@CAR,Dylan Strome,f2,G,over,1.5,fanduel,3000,0.2425488111978629,0.025064582183007836,0.03225806451612903,-0.005102200703092297,241,False,-0.1581682217958612,,0.2533567530238576,0.027155863813036734,-0.007193482333121195
WSH@CAR,Ilya Protas,f3,G,over,1.5,fanduel,3500,0.21960163033777047,0.020856782359276585,0.027777777777777776,-0.005166006227008295,4,False,-0.18597622417229864,,0.22938704892573475,0.02261177155076948,-0.006920995418501191
BOS@WPG,Vladislav Namestnikov,f4,G,over,1.5,fanduel,6000,0.15106924376050743,0.010324290995563,0.01639344262295082,-0.0051783403601824065,213,False,-0.31587876197112674,,0.15780086858355646,0.011215102262768414,-0.006069151627387821
STL@DAL,Arttu Hyry,f3,G,over,1.5,draftkings,8000,0.11864326706595175,0.006505432204625364,0.012345679012345678,-0.00527228657422798,25,False,-0.4270552125124665,,0.12392999480607952,0.007073392438117698,-0.005840246807720315
BOS@WPG,JJ Peterka,f1,SOG,under,1.5,draftkings,140,1.8970895091716837,0.4481287600984789,0.4166666666666667,-0.0053278531010387264,238,False,-0.012786847442492921,2.1693777584686265,2.03860894903178,0.41133881356562796,0.03146209343181222
ANA@VGK,Jack Eichel,f1,A,over,0.5,draftkings,-135,0.8231329612768797,0.5609460415515886,0.574468085106383,-0.0053478695853461655,216,False,-0.009309254463380379,0.7649729151312009,0.8419261501070461,0.5691202155210369,-0.013522043554794472
ANA@VGK,Victor Olofsson,f3,G,over,1.5,draftkings,3500,0.21863248664274748,0.020686212262316612,0.027777777777777776,-0.005350307860113656,186,False,-0.19261108296409157,,0.22837472032032152,0.02242746991766412,-0.007091565515461164
ANA@VGK,Nikita Nesterenko,f3,G,over,1.5,fanduel,10000,0.09371695412672744,0.004126471883953337,0.009900990099009901,-0.005410991631108029,49,False,-0.5465101547419109,,0.09789296877428966,0.004489998467901872,-0.005774518215056564
BOS@WPG,Brad Lambert,f3,G,over,1.5,fanduel,7000,0.13177649456320728,0.007956158131610203,0.014084507042253521,-0.005437033776533344,31,False,-0.3860293981338674,,0.1376484371228878,0.008647473265720178,-0.006128348910643318
ANA@VGK,Mark Stone,f1,G,over,1.5,draftkings,1000,0.46349329965463176,0.07934237159936744,0.09090909090909091,-0.005474179534161169,181,False,-0.060215974875772904,0.432708869932181,0.48414649764255785,0.08543491137492974,-0.011566719309723472
NYR@DET,Lucas Raymond,f1,G,over,1.5,draftkings,2000,0.3088905076038297,0.03893253542848546,0.047619047619047616,-0.005517191111673973,240,False,-0.11586101334515342,0.33484754089421115,0.3226546263405764,0.04210185650737364,-0.008686512190562157
WSH@CAR,Taylor Hall,f2,G,over,1.5,fanduel,2500,0.26857607332912375,0.030215118742258604,0.038461538461538464,-0.005749571327917778,165,False,-0.14948885452586225,,0.28054378639297906,0.032711967133620685,-0.00824641971927986
BOS@WPG,Isak Rosen,f2,G,over,1.5,fanduel,5000,0.16706686011731506,0.01249450350482016,0.0196078431372549,-0.00604154691916097,52,False,-0.3081188928772095,,0.17451133653541032,0.013566296218093932,-0.0071133396324347415
NYR@DET,Andrew Copp,f1,G,over,1.5,draftkings,3000,0.23695836548605692,0.024009991967295773,0.03225806451612903,-0.00624064165914134,214,False,-0.1934598914333816,0.2735973325700419,0.24751719781637446,0.02601742285698769,-0.008248072548833259
BOS@WPG,Neal Pionk,d2,G,over,1.5,fanduel,10000,0.08297335364868719,0.003257672368228853,0.009900990099009901,-0.006355214809567404,200,False,-0.6418766957663078,,0.08667063492957187,0.0035457752894424975,-0.006643317730781048
NYR@DET,Mason Appleton,f3,G,over,1.5,draftkings,9000,0.09472111963630366,0.004212576172779689,0.01098901098901099,-0.006405457284737722,215,False,-0.5828966129111326,,0.09894187976151869,0.004583553704273268,-0.006776434816231301
WSH@CAR,Jakob Chychrun,d1,G,over,1.5,draftkings,5000,0.16452894421177278,0.012138011449911244,0.0196078431372549,-0.006427654148750019,235,False,-0.327810361586251,,0.17186033144451643,0.013180188988504883,-0.007469831687343657
WSH@CAR,Cole Hutson,d2,A,over,0.5,draftkings,205,0.3790054855573931,0.31545814243766873,0.32786885245901637,-0.00651279746602762,14,False,-0.019864032271384224,0.3666622924763916,0.38765867039244073,0.32135605499298875,-0.012410710021347637
WSH@CAR,Cole Hutson,d2,G,over,1.5,draftkings,10000,0.07946135157962614,0.0029946903397345013,0.009900990099009901,-0.006641119176069006,14,False,-0.6707530367829695,,0.08300213852904935,0.003259870922940896,-0.0069062997592754
WSH@CAR,Cole Hutson,d2,G,over,1.5,fanduel,10000,0.07946135157962614,0.0029946903397345013,0.009900990099009901,-0.006641119176069006,14,False,-0.6707530367829695,,0.08300213852904935,0.003259870922940896,-0.0069062997592754
NYR@DET,Justin Faulk,d3,G,over,1.5,draftkings,8000,0.10608134960595693,0.005244097679612522,0.012345679012345678,-0.0066416555988994515,214,False,-0.5379741035108556,,0.11080832002358924,0.005704023413446227,-0.007101581332733156
NYR@DET,Justin Faulk,d3,G,over,1.5,fanduel,8000,0.10608134960595693,0.005244097679612522,0.012345679012345678,-0.0066416555988994515,214,False,-0.5379741035108556,,0.11080832002358924,0.005704023413446227,-0.007101581332733156
STL@DAL,Mikko Rantanen,f1,G,over,1.5,draftkings,1400,0.377459230238188,0.05561236379964065,0.06666666666666667,-0.0066421394178933155,222,False,-0.09963209126839978,0.4261829806119048,0.39427876186958033,0.06002452724877335,-0.011054302867026015
STL@DAL,Jake Neighbours,f3,G,over,1.5,draftkings,4000,0.192160542908372,0.01625966080623729,0.024390243902439025,-0.0067485567653689064,226,False,-0.2766908273801252,,0.20072319039672026,0.01764168713707012,-0.008130583096201734
NYR@DET,Adam Fox,d1,G,over,1.5,fanduel,6500,0.12975073538101942,0.007723732640991205,0.015151515151515152,-0.0067561691608153986,199,False,-0.4459071646138163,,0.13553241038883507,0.008395345990699753,-0.007427782510523947
NYR@DET,Oliver Bjorkstrand,f2,G,over,1.5,draftkings,4500,0.17603751640616946,0.013790789382074599,0.021739130434782608,-0.0067692226497848285,241,False,-0.31138424189010216,,0.1838817240405593,0.01496990778499778,-0.00794834105270801
STL@DAL,Jason Robertson,f2,PTS,over,1.5,fanduel,186,1.2302593597086393,0.34828079447879984,0.34965034965034963,-0.006964742572640292,242,False,-0.019919163757751268,1.2072734770307343,1.2147178697075196,0.34268560707770934,-0.0013695551715497967
STL@DAL,Justin Hryckowian,f1,G,over,1.5,fanduel,3500,0.2099785904037444,0.019189418123735646,0.027777777777777776,-0.006967944738613337,86,False,-0.25084601059008016,,0.2193352076494859,0.02080983303916444,-0.00858835965404213
WSH@CAR,Alex Ovechkin,f2,SOG,under,2.5,fanduel,-108,2.4884442007496688,0.5554783466480959,0.5192307692307693,-0.007036571518589496,224,False,-0.01355191551728352,2.7666196547170117,2.6740776290674293,0.5121941977121798,0.03624757741732665
ANA@VGK,Ivan Barbashev,f1,A,over,0.5,draftkings,160,0.46346321608667607,0.37089884477035623,0.38461538461538464,-0.0070948241727099015,232,False,-0.01844654284904579,0.4443271412001745,0.47404468001231187,0.37752056044267474,-0.013716539845028408
ANA@VGK,Rasmus Andersson,d2,G,over,1.5,fanduel,6000,0.13666345145644618,0.008529691452205201,0.01639344262295082,-0.007123916002884204,238,False,-0.43455887617593647,,0.1427531561463446,0.009269526620066616,-0.00786375117074562
NYR@DET,Mika Zibanejad,f1,PTS,under,0.5,draftkings,125,0.8377339323241006,0.43268991795960765,0.4444444444444444,-0.007151124308916401,242,False,-0.016090029695061903,0.8823891801984741,0.8271510959245489,0.437293320135528,-0.01175452648483677
NYR@DET,Alexis Lafrenière,f1,SOG,under,2.5,draftkings,-180,2.0121647922327806,0.673846612143173,0.6428571428571429,-0.007159303798188521,244,False,-0.011136694797182156,2.2655785679116605,2.1622686396929476,0.6356978390589544,0.03098946928603008
STL@DAL,Miro Heiskanen,d1,A,under,0.5,draftkings,-105,0.6680848610526463,0.512689509824313,0.5121951219512195,-0.0072664490506354484,198,False,-0.014186876717907304,0.7436119744858549,0.6833381014633586,0.5049286729005841,0.0004943878730935269
NYR@DET,Michael Rasmussen,f4,G,over,1.5,fanduel,8000,0.09879929964545896,0.004570783815052622,0.012345679012345678,-0.007372964808461607,212,False,-0.5972101494853902,,0.10320178291364553,0.0049727142038840716,-0.0077748951972930564
NYR@DET,Michael Rasmussen,f4,G,over,1.5,draftkings,8000,0.09879929964545896,0.004570783815052622,0.012345679012345678,-0.007372964808461607,212,False,-0.5972101494853902,,0.10320178291364553,0.0049727142038840716,-0.0077748951972930564
NYR@DET,Alex DeBrincat,f1,SOG,under,3.5,draftkings,-135,3.1626109605555754,0.6143532383604229,0.574468085106383,-0.007598584528574648,242,False,-0.013227165660852136,3.550469728070113,3.3985360075654265,0.5668695005778084,0.03988515325403985
NYR@DET,Alex DeBrincat,f1,SOG,under,3.5,fanduel,-135,3.1626109605555754,0.6143532383604229,0.574468085106383,-0.007598584528574648,242,False,-0.013227165660852136,3.550469728070113,3.3985360075654265,0.5668695005778084,0.03988515325403985
BOS@WPG,Hampus Lindholm,d1,SOG,under,1.5,draftkings,-125,1.4461404703269134,0.5822759342586736,0.5555555555555556,-0.007632469944080289,158,False,-0.013738445899344476,1.6218050837082691,1.5540199290083536,0.5479230856114753,0.026720378703118053
ANA@VGK,Alex Killorn,f2,G,over,1.5,draftkings,3500,0.20536838038676364,0.018411548175248246,0.027777777777777776,-0.007808864606580271,224,False,-0.2811191258368898,,0.21451956730521116,0.019968913171197505,-0.00936622960252953
ANA@VGK,Nikita Nesterenko,f3,G,over,1.5,draftkings,8000,0.09371695412672744,0.004126471883953337,0.012345679012345678,-0.007855680544443806,49,False,-0.6363101240999484,,0.09789296877428966,0.004489998467901872,-0.008219207128392341
WSH@CAR,Ryan Leonard,f2,G,over,1.5,draftkings,3000,0.22786292925498722,0.022334534117659455,0.03225806451612903,-0.008049906328561725,81,False,-0.2495470961854135,,0.2380164701918654,0.024208158187567306,-0.009923530398469577
WSH@CAR,Ryan Leonard,f2,G,over,1.5,fanduel,3000,0.22786292925498722,0.022334534117659455,0.03225806451612903,-0.008049906328561725,81,False,-0.2495470961854135,,0.2380164701918654,0.024208158187567306,-0.009923530398469577
BOS@WPG,James Hagens,f3,G,over,1.5,fanduel,4500,0.16775896941540794,0.012592510492634691,0.021739130434782608,-0.008066693036009103,3,False,-0.37106787965641874,,0.1752342861290877,0.013672437398773505,-0.009146619942147917
BOS@WPG,Nino Niederreiter,f4,G,over,1.5,fanduel,4000,0.18266074944122584,0.014783610302796613,0.024390243902439025,-0.008345687502071323,217,False,-0.3421731875849242,,0.19080008743304508,0.016044556400367702,-0.009606633599642412
ANA@VGK,Cutter Gauthier,f1,PTS,under,0.5,draftkings,110,0.7696324066492511,0.46318330012257314,0.47619047619047616,-0.00848189930411769,156,False,-0.017811988538647183,0.8077505632989486,0.7599098759827827,0.4677085768863585,-0.013007176067903026
BOS@WPG,James Hagens,f3,SOG,under,1.5,draftkings,-140,1.367335108367615,0.6081841728112058,0.5833333333333334,-0.008555501510369878,3,False,-0.014666574017776934,1.5728032422493334,1.4693358298421213,0.5747778318229635,0.024850839477872477
WSH@CAR,Jakob Chychrun,d1,G,over,1.5,fanduel,4500,0.16452894421177278,0.012138011449911244,0.021739130434782608,-0.008558941446277725,235,False,-0.3937113065287754,,0.17186033144451643,0.013180188988504883,-0.009601118984871364
ANA@VGK,Trevor Connelly,f3,G,over,1.5,draftkings,4500,0.16400602165374645,0.012065124720517953,0.021739130434782608,-0.008637888551051968,1,False,-0.3973428733483906,,0.171314107528884,0.01310124188373064,-0.009674005714264656
STL@DAL,Dylan Holloway,f1,SOG,under,2.5,draftkings,-115,2.4317787422275474,0.5690693550138288,0.5348837209302325,-0.00871115971234493,174,False,-0.016286081201340563,2.7207695334286486,2.6131850300173065,0.5261725612178876,0.03418563408359632
BOS@WPG,Fraser Minten,f3,SOG,over,1.5,draftkings,115,1.4589976874177648,0.4218876555948439,0.46511627906976744,-0.008737654380502557,104,False,-0.018785956918080493,1.5380116106150727,1.5678362711969194,0.4563786246892649,-0.04322862347492351
WSH@CAR,Jackson Blake,f2,PTS,over,0.5,draftkings,-115,0.7559480732716599,0.5304347786045647,0.5348837209302325,-0.008954610411864294,159,False,-0.016741228161311517,0.6834100052820871,0.7463984126010029,0.5259291105183682,-0.004448942325667837
NYR@DET,Pavel Dorofeyev,f2,SOG,under,2.5,draftkings,100,2.576481800416922,0.5347040632647568,0.5,-0.009070463318679334,211,False,-0.018140926637358668,2.8670589431765645,2.7686826741458255,0.49092953668132067,0.034704063264756835
NYR@DET,Viktor Arvidsson,f2,G,under,0.5,fanduel,-290,0.29548440832514017,0.7441710175052072,0.7435897435897436,-0.009152812209491046,150,True,-0.0123089543506949,0.3603389684675673,0.30865115311310515,0.7344369313802526,0.0005812739154635871
BOS@WPG,Elias Lindholm,f1,PTS,over,0.5,draftkings,140,0.5300528572522611,0.41142614154077517,0.4166666666666667,-0.009194837308520942,223,False,-0.022067609540450284,0.49223279068937464,0.5233568617160013,0.40747182935814574,-0.005240525125891515
NYR@DET,Adam Fox,d1,G,over,1.5,draftkings,5500,0.12975073538101942,0.007723732640991205,0.017857142857142856,-0.009461796866443103,199,False,-0.5298606245208137,,0.13553241038883507,0.008395345990699753,-0.010133410216151651
ANA@VGK,Jack Eichel,f1,G,over,1.5,draftkings,1100,0.42546786864954633,0.06850809563103594,0.08333333333333333,-0.009487851636240871,216,False,-0.11385421963489051,0.43944097883554545,0.444426658636948,0.07384548169709246,-0.014825237702297392
NYR@DET,Alexis Lafrenière,f1,PTS,under,0.5,draftkings,-115,0.6518485294675261,0.5210816511411249,0.5348837209302325,-0.009493453741626245,244,False,-0.017748630908257734,0.7029801014761843,0.6436139264766874,0.5253902671886063,-0.013802069789107585
ANA@VGK,William Karlsson,f2,G,over,1.5,draftkings,3000,0.2199971103653166,0.020926556311436074,0.03225806451612903,-0.009570904238240543,136,False,-0.2966980313854568,,0.22980015148917357,0.022687160277888488,-0.011331508204692958
ANA@VGK,William Karlsson,f2,G,over,1.5,fanduel,3000,0.2199971103653166,0.020926556311436074,0.03225806451612903,-0.009570904238240543,136,False,-0.2966980313854568,,0.22980015148917357,0.022687160277888488,-0.011331508204692958
BOS@WPG,Fraser Minten,f3,G,over,1.5,fanduel,3500,0.19509252622140003,0.016727432545661988,0.027777777777777776,-0.009630087152626608,104,False,-0.3466831374945579,,0.20378582248483604,0.018147690625151168,-0.011050345232115788
BOS@WPG,Pavel Zacha,f2,PTS,over,0.5,fanduel,-102,0.6925499215653178,0.49970128130535263,0.504950495049505,-0.009645415417026015,235,False,-0.01910170504156128,0.6834100052820871,0.6838011503437498,0.49530507963247894,-0.005249213744152326
ANA@VGK,Ryan Poehling,f3,G,over,1.5,fanduel,5000,0.1417923903190594,0.009150963165125656,0.0196078431372549,-0.009664636548346648,217,False,-0.4928964639656791,,0.1481106398226077,0.009943206588908253,-0.010456879972129246
ANA@VGK,Victor Olofsson,f3,G,over,1.5,fanduel,3000,0.21863248664274748,0.020686212262316612,0.03225806451612903,-0.009830594598464911,186,False,-0.30474843255241224,,0.22837472032032152,0.02242746991766412,-0.01157185225381242
NYR@DET,Emmitt Finnie,f2,G,over,1.5,draftkings,3000,0.21843936899242744,0.020652293822928672,0.03225806451612903,-0.00986724454963055,82,False,-0.3058845810385471,,0.22817299737393787,0.02239081996649848,-0.01160577069320036
NYR@DET,Emmitt Finnie,f2,G,over,1.5,fanduel,3000,0.21843936899242744,0.020652293822928672,0.03225806451612903,-0.00986724454963055,82,False,-0.3058845810385471,,0.22817299737393787,0.02239081996649848,-0.01160577069320036
STL@DAL,Tyler Seguin,f2,G,over,0.5,fanduel,270,0.28871814835737897,0.25077665452320397,0.2702702702702703,-0.009916415310700755,115,False,-0.03669073664959277,0.29105475693042016,0.3015833895273713,0.26035385495956953,-0.019493615747066317
ANA@VGK,Shea Theodore,d1,G,over,1.5,draftkings,5500,0.12544552203580503,0.007240207680460356,0.017857142857142856,-0.009986382111099834,183,False,-0.5592373982215908,,0.13103535732627153,0.007870760746043022,-0.0106169351766825
ANA@VGK,Frank Vatrano,f3,G,over,1.5,fanduel,6500,0.10069572176481725,0.004741988657821302,0.015151515151515152,-0.009992826902624959,210,False,-0.6595265755732473,,0.10518270934305313,0.005158688248890193,-0.01040952649369385
BOS@WPG,Mark Scheifele,f1,A,over,0.5,draftkings,-120,0.7495882492186027,0.5274389099140849,0.5454545454545454,-0.009997004302555457,235,False,-0.01832784122135167,0.7029801014761843,0.7667023172673252,0.53545754115199,-0.018015635540460484
ANA@VGK,Leo Carlsson,f1,G,over,1.5,draftkings,1800,0.3096463406485659,0.039104107987979086,0.05263157894736842,-0.010345080862415187,198,False,-0.19655653638588855,0.3603389684675673,0.32344413920232484,0.04228649808495323,-0.013527470959389332
ANA@VGK,Mikael Granlund,f2,SOG,over,1.5,draftkings,-135,1.8080838164735165,0.5274145479273659,0.574468085106383,-0.010389717070351745,207,False,-0.018085803789130828,1.826779781740905,1.9429635929365467,0.5640783680360313,-0.04705353717901717
ANA@VGK,A.J. Greer,f1,G,over,1.5,fanduel,3500,0.19048525417006668,0.01599495366264759,0.027777777777777776,-0.010422462151463661,214,True,-0.37520863745269184,,0.19897325102155577,0.017355315626314115,-0.011782824115130187
BOS@WPG,Morgan Geekie,f2,G,over,0.5,fanduel,230,0.3312316975514683,0.28196121806206176,0.30303030303030304,-0.010548919588733885,231,False,-0.03481143464282177,0.3327923796628125,0.3459913366541367,0.29248138344156915,-0.02106908496824128
NYR@DET,Marco Kasper,f4,G,over,1.5,fanduel,4000,0.16850558933666482,0.012698614464938343,0.024390243902439025,-0.010602900004289161,154,False,-0.43471890017585557,,0.1760141753318357,0.013787343898149864,-0.011691629437500682
NYR@DET,Adam Fox,d1,SOG,under,1.5,fanduel,-114,1.5243791202961317,0.5572280279514046,0.5327102803738317,-0.010607101005318365,199,False,-0.01991157557138712,1.793059165688547,1.6380950404969277,0.5221031793685134,0.024517747577572857
ANA@VGK,Ivan Barbashev,f1,G,over,1.5,fanduel,2200,0.2690201505991785,0.03030635074289988,0.043478260869565216,-0.010667935199578912,232,False,-0.24536250959031503,,0.28100765168540054,0.032810325669986304,-0.013171910126665336
WSH@CAR,Alex Ovechkin,f2,G,over,0.5,fanduel,230,0.3310119609377387,0.2818034213153658,0.30303030303030304,-0.010711333593692807,224,False,-0.035347400859186306,0.33484754089421115,0.34576180860697775,0.29231896943661023,-0.02122688171493725
STL@DAL,Miro Heiskanen,d1,G,over,1.5,fanduel,5000,0.13238340818390978,0.008026400977117185,0.0196078431372549,-0.010884177281650823,198,False,-0.5550930413641919,,0.1382823947314522,0.00872366585560408,-0.011581442160137716
WSH@CAR,Shayne Gostisbehere,d3,SOG,over,1.5,draftkings,-145,1.8683043418488783,0.5440732191109172,0.5918367346938775,-0.01099777698132931,206,False,-0.0185824507615564,1.9055394884277386,2.0076764603853845,0.5808389577125482,-0.047763515582960325
ANA@VGK,Brett Howden,f2,G,over,1.5,fanduel,3000,0.2116101563344291,0.01946797661422007,0.03225806451612903,-0.011147136341961662,209,False,-0.34556122660081157,,0.2210394759347071,0.02111092817416737,-0.012790087901908963
NYR@DET,Vladislav Gavrikov,d1,SOG,under,1.5,draftkings,-185,1.1903824921399346,0.6685297685921994,0.6491228070175439,-0.011219380328345796,240,False,-0.017283910235559752,1.3647244946845225,1.2791828690818026,0.6379034266891981,0.01940696157465549
ANA@VGK,Trevor Connelly,f3,G,over,1.5,fanduel,4000,0.16400602165374645,0.012065124720517953,0.024390243902439025,-0.011289002018708385,1,False,-0.46284908276704373,,0.171314107528884,0.01310124188373064,-0.012325119181921073
WSH@CAR,Andrei Svechnikov,f1,A,over,0.5,fanduel,134,0.5257811256873975,0.40890653429986695,0.42735042735042733,-0.011390671103777616,207,False,-0.02665417038283957,0.4669501917585635,0.5377853879915734,0.4159597562466497,-0.018443893050560378
ANA@VGK,William Karlsson,f2,PTS,under,0.5,draftkings,-165,0.4985985996243937,0.6073812478750492,0.6226415094339622,-0.0114225099677977,136,False,-0.018345243281614465,0.5481373322033496,0.4922999560989585,0.6112189994661645,-0.015260261558913024
STL@DAL,Jimmy Snuggerud,f1,SOG,over,2.5,fanduel,128,2.248124117996691,0.3858399275243079,0.43859649122807015,-0.011520426129404071,75,False,-0.02626657157504131,2.385229528757076,2.415830103600806,0.4270760650986661,-0.05275656370376225
ANA@VGK,Alex Killorn,f2,A,over,0.5,draftkings,320,0.2509514428999095,0.22193984901365196,0.23809523809523808,-0.01171020455497454,224,False,-0.04918285913089304,0.25542121023355957,0.25668098852071025,0.22638503354026354,-0.01615538908158612
ANA@VGK,Shea Theodore,d1,G,over,1.5,fanduel,5000,0.12544552203580503,0.007240207680460356,0.0196078431372549,-0.01173708239121188,183,False,-0.5985912019518058,,0.13103535732627153,0.007870760746043022,-0.012367635456794545
ANA@VGK,Ryan Poehling,f3,G,over,1.5,draftkings,4500,0.1417923903190594,0.009150963165125656,0.021739130434782608,-0.011795923845874355,217,False,-0.5426124969102204,,0.1481106398226077,0.009943206588908253,-0.012588167269656952
WSH@CAR,Logan Stankoven,f2,A,over,0.5,draftkings,215,0.35647209373745326,0.29985799045625927,0.31746031746031744,-0.011927193836025696,180,False,-0.03757066058348091,0.3542237312472745,0.3646108121285872,0.30553312362429175,-0.01760232700405817
WSH@CAR,Logan Stankoven,f2,A,over,0.5,fanduel,215,0.35647209373745326,0.29985799045625927,0.31746031746031744,-0.011927193836025696,180,False,-0.03757066058348091,0.3542237312472745,0.3646108121285872,0.30553312362429175,-0.01760232700405817
NYR@DET,Will Cuylle,f3,G,over,1.5,draftkings,3500,0.18147867273202786,0.01460421492868647,0.027777777777777776,-0.011927379009465389,243,False,-0.429385644340754,,0.18956533754749227,0.015850398768312388,-0.013173562849091306
WSH@CAR,Cole Hutson,d2,A,over,0.5,fanduel,200,0.3790054855573931,0.31545814243766873,0.3333333333333333,-0.011977278340344566,14,False,-0.0359318350210337,0.3666622924763916,0.38765867039244073,0.32135605499298875,-0.017875190895664583
WSH@CAR,Jordan Kyrou,f3,PTS,over,0.5,fanduel,124,0.5771462041709745,0.4385015156927131,0.44642857142857145,-0.012035851655181451,234,True,-0.02696030770760649,,0.5698552927948305,0.43439271977339,-0.007927055735858335
NYR@DET,Moritz Seider,d1,SOG,under,2.5,fanduel,-168,2.0899779019402076,0.6540061836249621,0.6268656716417911,-0.012147523826729123,242,False,-0.019378192771210778,2.391170804979908,2.245886466387279,0.614718147815062,0.027140511983171023
WSH@CAR,Dylan Strome,f2,PTS,under,0.5,draftkings,-115,0.6576361751789312,0.5180745256402068,0.5348837209302325,-0.012487251094326912,241,False,-0.023345730306785106,0.6931471805599455,0.6493284586309843,0.5223964698359056,-0.01680919529002567
WSH@CAR,Tom Wilson,f1,A,over,0.5,draftkings,235,0.32934376452022535,0.28060432847261896,0.29850746268656714,-0.012514037608425788,224,False,-0.041922025988226364,0.32664105080846007,0.3368631081109195,0.28599342507814135,-0.01790313421394818
NYR@DET,Alex DeBrincat,f1,A,under,0.5,draftkings,-165,0.4833556205788471,0.6167104694383498,0.6226415094339622,-0.012699415193952901,242,False,-0.020396030463015302,0.5481373322033496,0.4943912537960728,0.6099420942400093,-0.005931039995612397
WSH@CAR,K'Andre Miller,d2,A,over,0.5,draftkings,220,0.34837816373225383,0.29416809428952234,0.3125,-0.012740040832630362,224,False,-0.0407681306644172,0.34593196030966256,0.35633208724561993,0.29975995916736964,-0.01833190571047766
NYR@DET,Oliver Bjorkstrand,f2,G,over,1.5,fanduel,3500,0.17603751640616946,0.013790789382074599,0.027777777777777776,-0.012807869992779997,241,False,-0.4610833197400799,,0.1838817240405593,0.01496990778499778,-0.013986988395703177
STL@DAL,Miro Heiskanen,d1,G,over,1.5,draftkings,4500,0.13238340818390978,0.008026400977117185,0.021739130434782608,-0.013015464579178529,198,False,-0.5987113706422124,,0.1382823947314522,0.00872366585560408,-0.013712729457665423
ANA@VGK,Rasmus Andersson,d2,SOG,under,1.5,draftkings,115,1.7522490857606599,0.4884462733156183,0.46511627906976744,-0.013174102130976861,238,False,-0.0283243195816002,1.963810809724091,1.882963692484982,0.4519421769387906,0.02332999424585086
NYR@DET,J.T. Miller,f2,SOG,under,1.5,draftkings,125,1.8247923245810085,0.4679167110862694,0.4444444444444444,-0.013226967084817298,219,False,-0.029760675940838976,2.0821422453630647,1.9609185254730592,0.4312174773596271,0.023472266641825
WSH@CAR,Andrei Svechnikov,f1,SOG,over,2.5,draftkings,105,2.433726171933461,0.43140044838217495,0.4878048780487805,-0.013493369889155171,207,False,-0.027661408272768084,2.5731255064102725,2.6152777344505407,0.4743115081596253,-0.05640442966660553
NYR@DET,Will Cuylle,f3,G,over,1.5,fanduel,3300,0.18147867273202786,0.01460421492868647,0.029411764705882353,-0.013561365937569965,243,False,-0.4610864418773788,,0.18956533754749227,0.015850398768312388,-0.014807549777195882
BOS@WPG,Neal Pionk,d2,PTS,under,0.5,draftkings,-230,0.3857142596220996,0.6799647913206616,0.696969696969697,-0.013683617167936313,200,False,-0.01963301593660427,0.4261829806119048,0.380841649418487,0.6832860798017607,-0.01700490564903545
BOS@WPG,Pavel Zacha,f2,A,over,0.5,fanduel,200,0.37647645047656786,0.31372472104776405,0.3333333333333333,-0.013735050860185838,235,False,-0.04120515258055757,0.3977528396660086,0.3850718941737095,0.3195982824731475,-0.01960861228556926
NYR@DET,Lucas Raymond,f1,PTS,under,0.5,draftkings,120,0.8297943263362182,0.4361389793992786,0.45454545454545453,-0.013810585605759818,240,False,-0.030383288332671565,0.8560506514967985,0.8193117885493938,0.4407348689396947,-0.018406475146175938
NYR@DET,Pavel Dorofeyev,f2,SOG,under,2.5,fanduel,-102,2.576481800416922,0.5347040632647568,0.504950495049505,-0.014020958368184289,211,False,-0.02776699598405119,2.8670589431765645,2.7686826741458255,0.49092953668132067,0.02975356821525188
BOS@WPG,David Pastrnak,f1,A,over,0.5,draftkings,-110,0.6965824066780849,0.5017146662397451,0.5238095238095238,-0.014232873040818217,238,False,-0.02717184853247112,0.6641596436866928,0.712486282868592,0.5095766507687056,-0.022094857569778692
WSH@CAR,Andrei Svechnikov,f1,PTS,over,0.5,fanduel,-170,0.967719618492411,0.6200515215546276,0.6296296296296297,-0.014251449810038341,207,False,-0.022634655580649143,0.786561625199371,0.9554947126983603,0.6153781798195913,-0.009578108075002034
ANA@VGK,Frank Vatrano,f3,G,over,1.5,draftkings,5000,0.10069572176481725,0.004741988657821302,0.0196078431372549,-0.014449154888364709,210,False,-0.7369068993066001,,0.10518270934305313,0.005158688248890193,-0.0148658544794336
ANA@VGK,Leo Carlsson,f1,SOG,over,2.5,draftkings,115,2.3383109339006514,0.40816787818781486,0.46511627906976744,-0.014817868823221447,198,False,-0.03185841796992617,2.4618700072664517,2.5127446925527903,0.450298410246546,-0.05694840088195258
WSH@CAR,K'Andre Miller,d2,PTS,over,0.5,draftkings,160,0.46757370312314034,0.37347944950887774,0.38461538461538464,-0.014847564733411145,224,False,-0.03860366830686901,0.4443271412001745,0.4616669876208126,0.3697678198819735,-0.0111359351065069
STL@DAL,Dylan Holloway,f1,SOG,under,2.5,fanduel,-118,2.4317787422275474,0.5690693550138288,0.5412844036697247,-0.015111842451837165,174,False,-0.027918488597461932,2.7207695334286486,2.6131850300173065,0.5261725612178876,0.02778495134410408
STL@DAL,Thomas Harley,d1,SOG,under,1.5,fanduel,112,1.736788823353547,0.49290832464662815,0.4716981132075472,-0.015238060854060542,225,False,-0.032304689010608345,1.945372086157093,1.8663501225162769,0.45646005235348663,0.021210211439080973
WSH@CAR,Sebastian Aho,f1,A,over,0.5,draftkings,105,0.6251673014804059,0.4648281140198966,0.4878048780487805,-0.015392310541626986,233,False,-0.031554236610335296,0.6077183327815403,0.6394406785651254,0.4724125675071535,-0.022976764028883878
ANA@VGK,Mikael Granlund,f2,A,under,0.5,draftkings,-205,0.4113826682017121,0.6627332761198917,0.6721311475409836,-0.015593385035905571,207,False,-0.0231999143217132,0.4669501917585635,0.4207750659414156,0.656537762505078,-0.00939787142109183
NYR@DET,Axel Sandin-Pellikka,d2,G,over,0.5,fanduel,1100,0.06705974235425548,0.0648606677573475,0.08333333333333333,-0.015682478385427204,68,False,-0.1881897406251265,,0.0700479152941745,0.06765085494790612,-0.018472665575985828
ANA@VGK,Mark Stone,f1,PTS,over,0.5,draftkings,-210,1.0976870232438611,0.6663581021285486,0.6774193548387096,-0.01572000579505184,181,False,-0.023205722840314635,1.003355870859443,1.083820278998856,0.6616993490436578,-0.011061252710161007
ANA@VGK,Mark Stone,f1,PTS,over,0.5,fanduel,-210,1.0976870232438611,0.6663581021285486,0.6774193548387096,-0.01572000579505184,181,False,-0.023205722840314635,1.003355870859443,1.083820278998856,0.6616993490436578,-0.011061252710161007
WSH@CAR,Shayne Gostisbehere,d3,SOG,over,1.5,fanduel,-148,1.8683043418488783,0.5440732191109172,0.5967741935483871,-0.01593523583583889,206,False,-0.026702287076270537,1.9055394884277386,2.0076764603853845,0.5808389577125482,-0.052700974437469905
BOS@WPG,Fraser Minten,f3,A,over,0.5,fanduel,340,0.23204670449503825,0.20709090997678073,0.22727272727272727,-0.01599215166386725,104,False,-0.0703654673210159,,0.23734463051689048,0.21128057560886002,-0.020181817295946536
NYR@DET,Moritz Seider,d1,G,over,1.5,fanduel,4500,0.10602592447381488,0.005238811111965493,0.021739130434782608,-0.0160408480286654,242,False,-0.7378790093186084,,0.11075042515514574,0.005698282406117209,-0.016500319322817116
NYR@DET,Moritz Seider,d1,G,over,1.5,draftkings,4500,0.10602592447381488,0.005238811111965493,0.021739130434782608,-0.0160408480286654,242,False,-0.7378790093186084,,0.11075042515514574,0.005698282406117209,-0.016500319322817116
ANA@VGK,Ivan Barbashev,f1,SOG,over,1.5,draftkings,-110,1.6181340400318003,0.4718446040638846,0.5238095238095238,-0.016122971602315683,232,False,-0.03078021851351176,1.678102105180021,1.7388439073610653,0.5076865522072082,-0.051964919745639215
BOS@WPG,James Hagens,f3,PTS,over,0.5,fanduel,196,0.392945206163827,0.32493426398589986,0.33783783783783783,-0.016262901706767086,3,False,-0.0481381890520306,,0.387981249625403,0.32157493613107074,-0.012903573851937966
BOS@WPG,David Pastrnak,f1,A,over,0.5,fanduel,-111,0.6965824066780849,0.5017146662397451,0.5260663507109005,-0.016489699942194846,238,False,-0.0313452854757037,0.6641596436866928,0.712486282868592,0.5095766507687056,-0.02435168447115532
STL@DAL,Mason McTavish,f2,G,under,0.5,fanduel,-400,0.23385743288989483,0.791474646105471,0.8,-0.016730214023563117,212,True,-0.020912767529453924,0.29804485948732745,0.24427808808819457,0.7832697859764369,-0.00852535389452902
STL@DAL,Mikko Rantanen,f1,A,over,0.5,draftkings,-125,0.7559928820228466,0.530455818764341,0.5555555555555556,-0.01706480822822365,222,False,-0.030716654810802546,0.7346038942382915,0.7732531761120028,0.5384907473273319,-0.025099736791214577
ANA@VGK,Brett Howden,f2,G,over,1.5,draftkings,2500,0.2116101563344291,0.01946797661422007,0.038461538461538464,-0.017350610287371095,209,False,-0.45111586747164845,,0.2210394759347071,0.02111092817416737,-0.018993561847318395
ANA@VGK,Jack Eichel,f1,A,over,0.5,fanduel,-142,0.8231329612768797,0.5609460415515886,0.5867768595041323,-0.01765664398309541,216,False,-0.030090900309218904,0.7649729151312009,0.8419261501070461,0.5691202155210369,-0.025830817952543716
ANA@VGK,Beckett Sennecke,f2,PTS,under,0.5,draftkings,-115,0.6685048637861339,0.51247422404223,0.5348837209302325,-0.01806331721558707,82,False,-0.033770549576967124,0.7029801014761843,0.6600598464211024,0.5168204037146454,-0.022409496888002534
ANA@VGK,Jack Eichel,f1,SOG,under,3.5,fanduel,-156,3.048963816850138,0.6376397216648444,0.609375,-0.018094542663926738,216,False,-0.029693608474136157,3.2730725667500153,3.276410992868063,0.5912804573360733,0.028264721664844394
BOS@WPG,Cole Perfetti,f1,G,over,0.5,fanduel,250,0.29793655763636134,0.25765156540681156,0.2857142857142857,-0.018272425249169333,218,False,-0.06395348837209269,0.31121256986197504,0.31121256986197504,0.26744186046511637,-0.028062720307474143
ANA@VGK,Cutter Gauthier,f1,G,over,1.5,draftkings,1200,0.37241498887257307,0.05431243617519509,0.07692307692307693,-0.018293407529090554,156,False,-0.2378142978781772,0.4261829806119048,0.38900974979918806,0.058629669393986374,-0.022610640747881834
WSH@CAR,Mark Jankowski,f4,G,over,1.5,fanduel,3300,0.1486653904288468,0.010014172935100521,0.029411764705882353,-0.018532781725125187,157,False,-0.6301145786542564,,0.15528989987648542,0.010878982980757165,-0.019397591770781833
STL@DAL,Pavel Buchnevich,f2,A,over,0.5,draftkings,280,0.2742290112900829,0.23984202943183375,0.2631578947368421,-0.01857138240078654,235,False,-0.07057125312298884,0.2843871765549284,0.28049001386722405,0.24458651233605555,-0.023315865305008343
BOS@WPG,Elias Lindholm,f1,SOG,over,1.5,fanduel,-115,1.6457920341195802,0.48021743816945095,0.5348837209302325,-0.01865394986813229,223,False,-0.0348747758404212,1.7511624411545654,1.7685651376915386,0.5162297710621002,-0.05466628276078156
NYR@DET,Pavel Dorofeyev,f2,G,over,0.5,fanduel,195,0.3695337713370285,0.3089435541353628,0.3389830508474576,-0.018753477550035424,211,False,-0.05532275877260451,0.3815359621113813,0.3860001456046514,0.3202295732974222,-0.030039496712094826
STL@DAL,Tyler Seguin,f2,SOG,over,1.5,draftkings,-125,1.7139059803735353,0.5004317036260125,0.5555555555555556,-0.018767723572128414,115,False,-0.033781902429831145,1.8086094411399327,1.8417602609136428,0.5367878319834272,-0.055123851929543055
NYR@DET,Lucas Raymond,f1,A,under,0.5,draftkings,-155,0.5175708097679566,0.5959665070218286,0.6078431372549019,-0.018877607249193518,240,False,-0.031056708700286095,0.568259068548668,0.5293876199535948,0.5889655300057084,-0.011876630233073282
STL@DAL,Roope Hintz,f2,PTS,under,0.5,draftkings,120,0.8416256155864047,0.43100929818914124,0.45454545454545453,-0.01892921891680982,205,False,-0.04164428161698164,0.8560506514967985,0.8309936167431525,0.4356162356286447,-0.023536156356313287
BOS@WPG,Kyle Connor,f1,A,over,0.5,draftkings,120,0.5590339500422631,0.4282388530321943,0.45454545454545453,-0.019055321024727068,226,False,-0.041921706254399504,0.5481373322033496,0.5717974172825017,0.43549013352072746,-0.026306601513260253
ANA@VGK,Cutter Gauthier,f1,G,under,0.5,fanduel,-230,0.37241498887257307,0.6890682275349373,0.696969696969697,-0.019242034696549393,156,False,-0.027608136738527356,0.4261829806119048,0.38900974979918806,0.6777276622731476,-0.007901469434759667
ANA@VGK,Mitch Marner,f2,PTS,under,0.5,draftkings,175,1.080151343577224,0.33954413393227967,0.36363636363636365,-0.019427320351790955,228,False,-0.05342513096742507,1.0788096613719298,1.066506122207092,0.3442090432845727,-0.02409222970408398
WSH@CAR,Logan Stankoven,f2,SOG,over,1.5,draftkings,-190,2.0806786533218737,0.5991044079759473,0.6551724137931034,-0.019460619793566836,180,False,-0.029703051263865188,2.1308243091138332,2.2358935106722457,0.6357117939995366,-0.0560680058171561
NYR@DET,Pavel Dorofeyev,f2,PTS,under,0.5,draftkings,-110,0.6936460339904075,0.49975063548811127,0.5238095238095238,-0.019660521911143536,211,False,-0.03753372364854679,0.7230001437096264,0.6848834159160111,0.5041490018983803,-0.024058888321412564
ANA@VGK,Beckett Sennecke,f2,G,over,1.5,draftkings,1900,0.2568486606047771,0.02784608232097799,0.05,-0.019842814302130696,82,False,-0.3968562860426139,0.3327923796628125,0.2682938017629274,0.030157185697869307,-0.022153917679022014
ANA@VGK,Leo Carlsson,f1,G,under,0.5,fanduel,-290,0.3096463406485659,0.7337063924724624,0.7435897435897436,-0.019937362997173746,198,False,-0.026812315754819904,0.3603389684675673,0.32344413920232484,0.7236523805925699,-0.009883351117281225
STL@DAL,Mikko Rantanen,f1,SOG,over,2.5,fanduel,114,2.3260530524023357,0.4051529825596658,0.4672897196261682,-0.020118717237282258,222,False,-0.04305405488778402,2.492580769023439,2.499572395305968,0.44717100238888596,-0.06213673706650241
NYR@DET,Adam Fox,d1,PTS,under,0.5,draftkings,100,0.7438867284802003,0.4752631024112578,0.5,-0.02024965985371996,199,False,-0.04049931970743992,0.7731898882334818,0.7344894350872212,0.47975034014628004,-0.0247368975887422
BOS@WPG,JJ Peterka,f1,G,under,0.5,fanduel,-350,0.26590923967474506,0.7665086929223617,0.7777777777777778,-0.020297758392784693,238,False,-0.02609711793358027,0.32074293471266907,0.2777581189960074,0.7574800193849931,-0.011269084855416112
STL@DAL,Pavel Buchnevich,f2,G,under,0.5,fanduel,-440,0.22053241064485737,0.8020916421329906,0.8148148148148148,-0.020566640669074876,235,False,-0.025240877184773747,0.2735973325700419,0.23035930467589677,0.7942481741457399,-0.012723172681824213
NYR@DET,Mika Zibanejad,f1,SOG,under,2.5,draftkings,-140,2.2874519753629063,0.6043828952830661,0.5833333333333334,-0.020595622615288356,242,False,-0.035306781626208594,2.5397678606949783,2.4580917478645063,0.562737710718045,0.02104956194973273
NYR@DET,Mika Zibanejad,f1,SOG,under,2.5,fanduel,-140,2.2874519753629063,0.6043828952830661,0.5833333333333334,-0.020595622615288356,242,False,-0.035306781626208594,2.5397678606949783,2.4580917478645063,0.562737710718045,0.02104956194973273
STL@DAL,Jimmy Snuggerud,f1,PTS,over,0.5,draftkings,-110,0.7078837420146449,0.5073142548771448,0.5238095238095238,-0.020920859086184906,75,False,-0.03993982189180756,0.6731064296764996,0.6989412633318723,0.5028886647233389,-0.01649526893237907
STL@DAL,Jason Robertson,f2,PTS,over,1.5,draftkings,175,1.2302593597086393,0.34828079447879984,0.36363636363636365,-0.020950756558654304,242,False,-0.05761458053629931,1.2072734770307343,1.2147178697075196,0.34268560707770934,-0.015355569157563809
WSH@CAR,Jackson Blake,f2,SOG,under,2.5,draftkings,-155,2.195798184549864,0.627257222254306,0.6078431372549019,-0.021231586250307077,159,False,-0.03492938383115041,2.4414927065768888,2.35960075033338,0.5866115510045948,0.019414084999404113
ANA@VGK,Ivan Barbashev,f1,PTS,under,0.5,draftkings,100,0.7461129358417858,0.47420624502231146,0.5,-0.021303033449487585,232,False,-0.04260606689897517,0.7563260821814771,0.7366875194524828,0.4786969665505124,-0.025793754977688543
ANA@VGK,Leo Carlsson,f1,SOG,over,2.5,fanduel,112,2.3383109339006514,0.40816787818781486,0.4716981132075472,-0.021399702961001188,198,False,-0.045367370277322516,2.4618700072664517,2.5127446925527903,0.450298410246546,-0.06353023501973232
BOS@WPG,Neal Pionk,d2,A,under,0.5,draftkings,-320,0.29372071123122045,0.7454846678662994,0.7619047619047619,-0.021402606471357943,200,False,-0.028090920993657287,0.33059143913295896,0.3004267344974207,0.7405021554334039,-0.01642009403846245
WSH@CAR,Logan Stankoven,f2,PTS,over,0.5,draftkings,-105,0.6834125443227116,0.49510891403453916,0.5121951219512195,-0.021463975287045467,180,False,-0.0419058565128031,0.6533409301595257,0.6747792027915839,0.49073114666417406,-0.017086207916680363
NYR@DET,Oliver Bjorkstrand,f2,SOG,under,1.5,fanduel,-128,1.4703584131575538,0.5744486526923336,0.5614035087719298,-0.02156414175814758,241,False,-0.03841112750670039,1.5884383860663895,1.580044486491274,0.5398393670137822,0.01304514392040379
STL@DAL,Wyatt Johnston,f1,SOG,over,2.5,fanduel,-114,2.58473941763086,0.46722219076845023,0.5327102803738317,-0.021674342033623728,242,False,-0.040686922764872624,2.7171526949317224,2.77755629464113,0.511035938340208,-0.0654880896053815
WSH@CAR,Tom Wilson,f1,PTS,over,0.5,draftkings,110,0.6138072314042549,0.4587138604721618,0.47619047619047616,-0.021690084095444706,224,False,-0.045549176600433894,0.5842530923208828,0.6060531924902625,0.45450039209503146,-0.01747661571831438
NYR@DET,Alexis Lafrenière,f1,SOG,under,2.5,fanduel,-192,2.0121647922327806,0.673846612143173,0.6575342465753424,-0.021836407516388046,244,False,-0.033209536431173525,2.2655785679116605,2.1622686396929476,0.6356978390589544,0.016312365567830556
BOS@WPG,Fraser Minten,f3,PTS,over,0.5,fanduel,164,0.44709090391681416,0.3605142261290733,0.3787878787878788,-0.021895663234252405,104,False,-0.0578045509384264,,0.441442941348612,0.3568922155536264,-0.018273652658805484
ANA@VGK,Mitch Marner,f2,SOG,over,2.5,draftkings,115,2.3100224641180724,0.4012004086489234,0.46511627906976744,-0.022049260132671056,228,False,-0.0474059092852428,2.370209391237808,2.482345954183107,0.4430670189370964,-0.06391587042084401
BOS@WPG,Pavel Zacha,f2,SOG,under,1.5,fanduel,-110,1.5882317863412359,0.5373130578956533,0.5238095238095238,-0.02213346879132916,235,False,-0.04225480405617388,1.7016735346784448,1.7067109997280356,0.5016760550181947,0.013503534086129476
ANA@VGK,Jack Eichel,f1,PTS,over,1.5,fanduel,172,1.2380423933615479,0.35107675843565245,0.36764705882352944,-0.02219285322720821,216,False,-0.06036456077800634,1.2472366913077264,1.2224025826780935,0.34545420559632123,-0.01657030038787699
ANA@VGK,Rasmus Andersson,d2,A,over,0.5,draftkings,195,0.37212903609843195,0.31073470331893477,0.3389830508474576,-0.022417028010778273,238,False,-0.06613023263179596,0.3815359621113813,0.3806252227093253,0.31656602283667934,-0.028248347528522844
STL@DAL,Jimmy Snuggerud,f1,A,over,0.5,draftkings,180,0.39831285917504494,0.3285480750978718,0.35714285714285715,-0.0225162810031877,75,False,-0.06304558680892558,0.4074068562910736,0.4074068562910736,0.33462657613966945,-0.028594782044985334
WSH@CAR,Alex Ovechkin,f2,SOG,under,2.5,draftkings,-115,2.4884442007496688,0.5554783466480959,0.5348837209302325,-0.022689523218052732,224,False,-0.04241954340766385,2.7666196547170117,2.6740776290674293,0.5121941977121798,0.020594625717863413
ANA@VGK,Ivan Barbashev,f1,G,over,1.5,draftkings,1700,0.2690201505991785,0.03030635074289988,0.05555555555555555,-0.02274522988556925,232,False,-0.4094141379402465,,0.28100765168540054,0.032810325669986304,-0.025249204812655673
WSH@CAR,Jackson Blake,f2,SOG,under,2.5,fanduel,-156,2.195798184549864,0.627257222254306,0.609375,-0.022763448995405167,159,False,-0.03735540347963928,2.4414927065768888,2.35960075033338,0.5866115510045948,0.017882222254306024
STL@DAL,Mikko Rantanen,f1,G,under,0.5,fanduel,-230,0.377459230238188,0.6856011528102051,0.696969696969697,-0.02280359872775073,222,False,-0.032718206870251065,0.4261829806119048,0.39427876186958033,0.6741660982419463,-0.011368544159491956
NYR@DET,Moritz Seider,d1,A,over,0.5,fanduel,106,0.606630171823141,0.4548150433125321,0.4854368932038835,-0.02312300613810714,242,False,-0.04763339264450073,0.5629325405614245,0.6204803222914974,0.46231388706577636,-0.030621849891351416
STL@DAL,Jimmy Snuggerud,f1,PTS,over,0.5,fanduel,-111,0.7078837420146449,0.5073142548771448,0.5260663507109005,-0.023177685987561536,75,False,-0.044058484174553936,0.6731064296764996,0.6989412633318723,0.5028886647233389,-0.0187520958337557
ANA@VGK,Jack Eichel,f1,SOG,over,2.5,draftkings,-175,3.048963816850138,0.5686266382386092,0.6363636363636364,-0.023382563349018004,216,False,-0.03674402811988542,3.2730725667500153,3.276410992868063,0.6129810730146183,-0.0677369981250272
WSH@CAR,Taylor Hall,f2,SOG,over,1.5,fanduel,-152,1.864354943558505,0.5429949920882318,0.6031746031746031,-0.023418405579264667,165,False,-0.038825251355096735,1.9966673331296392,2.0034324441388547,0.5797561975953385,-0.060179611086371376
STL@DAL,Wyatt Johnston,f1,SOG,over,2.5,draftkings,-115,2.58473941763086,0.46722219076845023,0.5348837209302325,-0.023847782590024513,242,False,-0.04458498484221973,2.7171526949317224,2.77755629464113,0.511035938340208,-0.06766153016178228
NYR@DET,Pavel Dorofeyev,f2,A,under,0.5,draftkings,-285,0.3262108811891119,0.7216529883440095,0.7402597402597403,-0.023961525022516805,211,False,-0.03236907766199637,0.37176518966232214,0.333658697006294,0.7162982152372235,-0.0186067519157308
NYR@DET,Adam Fox,d1,A,over,0.5,fanduel,106,0.6050409937460344,0.4539479585378229,0.4854368932038835,-0.023997704681771814,199,False,-0.04943527164444994,0.6261364702769852,0.6188548612259881,0.4614391885221117,-0.03148893466606062
WSH@CAR,Alex Tuch,f1,G,over,0.5,fanduel,250,0.2898656206357247,0.2516358744826085,0.2857142857142857,-0.02447441940108802,232,True,-0.0856604679038081,0.31121256986197504,0.30278199301336983,0.2612398663131977,-0.03407841123167721
NYR@DET,Viktor Arvidsson,f2,A,over,0.5,fanduel,180,0.3953321740034678,0.32654370258415866,0.35714285714285715,-0.024547925690216188,150,True,-0.06873419193260533,,0.4043581182265764,0.33259493145264096,-0.030599154558698494
BOS@WPG,Kyle Connor,f1,SOG,over,3.5,draftkings,120,3.146844319739307,0.38242912667888845,0.45454545454545453,-0.02477722660779874,226,False,-0.054509898537157264,3.2985402259756658,3.3815932039134,0.4297682279376558,-0.07211632786656608
BOS@WPG,Elias Lindholm,f1,A,over,0.5,draftkings,235,0.31268924960212185,0.2685228159193114,0.29850746268656714,-0.024781154592142196,223,False,-0.08301686788367635,0.328558339583376,0.31982834910291197,0.27372630809442494,-0.029984646767255763
STL@DAL,Jason Robertson,f2,A,over,0.5,fanduel,-111,0.6795127272328839,0.49313608681666293,0.5260663507109005,-0.02512738346021537,242,False,-0.04776466585680583,0.6834100052820871,0.6950268805910232,0.5009389672506851,-0.03293026389423753
ANA@VGK,Jackson LaCombe,d1,PTS,under,0.5,draftkings,-120,0.6619207097415397,0.5158595658533525,0.5454545454545454,-0.025263358614558307,225,False,-0.0463161574600236,0.6834100052820871,0.6535588679796379,0.5201911868399871,-0.02959497960119295
BOS@WPG,Cole Perfetti,f1,A,under,0.5,draftkings,-270,0.34253793579882524,0.7099661857402848,0.7297297297297297,-0.025294239053271106,218,False,-0.03466247573966785,0.3815359621113813,0.3503585193640572,0.7044354906764586,-0.01976354398944491
BOS@WPG,Pavel Zacha,f2,SOG,over,1.5,draftkings,-110,1.5882317863412359,0.46268694210434674,0.5238095238095238,-0.025485578827718514,235,False,-0.04865428685291717,1.7016735346784448,1.7067109997280356,0.4983239449818053,-0.06112258170517709
WSH@CAR,Sebastian Aho,f1,SOG,over,2.5,fanduel,106,2.376260203601326,0.4174592623666901,0.4854368932038835,-0.025516567689884917,233,False,-0.052564129441162954,2.556132079464761,2.5535249090091,0.4599203255139986,-0.06797763083719338
STL@DAL,Roope Hintz,f2,SOG,over,2.5,draftkings,130,2.1798224542647673,0.3687255200555867,0.43478260869565216,-0.02560229980417217,205,False,-0.05888528954959604,2.251655923316977,2.3424332595170205,0.40918030889148,-0.06605708864006549
STL@DAL,Robert Thomas,f1,PTS,over,0.5,draftkings,-160,0.9023808720728766,0.5943971791913356,0.6153846153846154,-0.02563756031117248,214,False,-0.04166103550565525,0.8428925669192869,0.8909813706670563,0.5897470550734429,-0.020987436193279807
STL@DAL,Jason Robertson,f2,SOG,under,3.5,fanduel,-130,3.292307713903206,0.5880808841186431,0.5652173913043478,-0.02567314732298731,242,False,-0.04542172218682372,3.599853592719408,3.5379079037024153,0.5395442439813605,0.02286349281429534
STL@DAL,Jason Robertson,f2,SOG,under,3.5,draftkings,-130,3.292307713903206,0.5880808841186431,0.5652173913043478,-0.02567314732298731,242,False,-0.04542172218682372,3.599853592719408,3.5379079037024153,0.5395442439813605,0.02286349281429534
BOS@WPG,Neal Pionk,d2,SOG,over,1.5,draftkings,-130,1.722794405141453,0.5030265236478677,0.5652173913043478,-0.025797585574185766,200,False,-0.04564188216971332,1.7980948500054361,1.8513117460634312,0.539419805730162,-0.062190867656480076
ANA@VGK,Jack Eichel,f1,G,over,0.5,fanduel,160,0.42546786864954633,0.3465360217123401,0.38461538461538464,-0.02580717705771285,216,False,-0.06709866035005341,0.43944097883554545,0.444426658636948,0.3588082075576718,-0.038079362903044534
STL@DAL,Mikko Rantanen,f1,PTS,under,0.5,draftkings,180,1.1187873498609713,0.32667569785889317,0.35714285714285715,-0.025817373219693518,222,False,-0.07228864501514187,1.090738232237204,1.1046540516470391,0.33132548392316363,-0.030467159283963985
BOS@WPG,Morgan Geekie,f2,SOG,over,1.5,fanduel,-174,1.972615892699071,0.5718249437938833,0.635036496350365,-0.026429024269911117,231,False,-0.04161811867790599,2.0790434640637763,2.119769463916586,0.6086074720804538,-0.0632115525564817
ANA@VGK,William Karlsson,f2,A,over,0.5,draftkings,240,0.3044460722124184,0.26246819937954546,0.29411764705882354,-0.02654071572013006,136,False,-0.09023843344844218,0.3225347287774313,0.31139696932485444,0.2675769313386935,-0.031649447679278075
BOS@WPG,Hampus Lindholm,d1,SOG,under,1.5,fanduel,-135,1.4461404703269134,0.5822759342586736,0.574468085106383,-0.02654499949490774,158,False,-0.04620796208372824,1.6218050837082691,1.5540199290083536,0.5479230856114753,0.007807849152290602
STL@DAL,Robert Thomas,f1,A,under,0.5,draftkings,-145,0.5578304224863594,0.5724496915216368,0.5918367346938775,-0.026631525484862806,214,False,-0.04499809478476824,0.6011536141365089,0.5705664116377782,0.5652052092090147,-0.019387043172240714
STL@DAL,Mikko Rantanen,f1,A,over,0.5,fanduel,-130,0.7559928820228466,0.530455818764341,0.5652173913043478,-0.02672664397701585,222,False,-0.047285600882412626,0.7346038942382915,0.7732531761120028,0.5384907473273319,-0.03476157254000678
BOS@WPG,Josh Morrissey,d1,A,under,0.5,draftkings,-155,0.531399648161115,0.5877817060890052,0.6078431372549019,-0.027149630598592434,236,False,-0.04466552130736179,0.568259068548668,0.5435321885913803,0.5806935066563095,-0.02006143116589676
BOS@WPG,Morgan Geekie,f2,A,under,0.5,draftkings,-290,0.3260352659428224,0.7217797327400914,0.7435897435897436,-0.02716285189452039,231,False,-0.03652935254780332,0.3603389684675673,0.33347907223707174,0.7164268916952232,-0.021810010849652173
NYR@DET,Lucas Raymond,f1,G,over,0.5,fanduel,230,0.3088905076038297,0.2657388383609494,0.30303030303030304,-0.027254242081473534,240,False,-0.0899389988688627,0.33484754089421115,0.3226546263405764,0.2757760609488295,-0.037291464669353624
ANA@VGK,William Karlsson,f2,SOG,over,1.5,fanduel,-154,1.8613989992312592,0.5421866752415005,0.6062992125984252,-0.027354918474101986,136,False,-0.045117852548194226,1.7980948500054361,2.000255991720964,0.5789442941243232,-0.06411253735692468
STL@DAL,Roope Hintz,f2,A,over,0.5,draftkings,120,0.5445760156587508,0.4199123206992807,0.45454545454545453,-0.027465339096492902,205,False,-0.060423746012284396,0.5531011069142318,0.5570093895802356,0.42708011544896163,-0.034633133846173836
BOS@WPG,Casey Mittelstadt,f2,A,under,0.5,draftkings,-320,0.30184608267699115,0.7394518705833875,0.7619047619047619,-0.027531331277184545,229,False,-0.036134872301304743,0.33484754089421115,0.3087376186696636,0.7343734306275773,-0.022452891321374402
NYR@DET,Oliver Bjorkstrand,f2,SOG,over,1.5,draftkings,105,1.4703584131575538,0.42555134730766636,0.4878048780487805,-0.027644245062562633,241,False,-0.056670702378253446,1.5884383860663895,1.580044486491274,0.46016063298621784,-0.062253530741114116
STL@DAL,Jimmy Snuggerud,f1,A,over,0.5,fanduel,176,0.39831285917504494,0.3285480750978718,0.36231884057971014,-0.027692264440040693,75,False,-0.07643064985451231,0.4074068562910736,0.4074068562910736,0.33462657613966945,-0.03377076548183833
NYR@DET,Lucas Raymond,f1,SOG,over,2.5,draftkings,115,2.2858757011903137,0.3952264013469679,0.46511627906976744,-0.028260518837433135,240,False,-0.060760115500481215,2.4618700072664517,2.4563978864948455,0.4368557602323343,-0.06988987772279953
WSH@CAR,Jordan Kyrou,f3,G,under,0.5,fanduel,-490,0.2109422135156067,0.8098208622298105,0.8305084745762712,-0.028263906338430123,234,True,-0.03403205048913016,0.2520700006629038,0.2203417696753085,0.8022445682378411,-0.02068761234646066
BOS@WPG,Elias Lindholm,f1,SOG,under,1.5,draftkings,-105,1.6457920341195802,0.519782561830549,0.5121951219512195,-0.02842489301331974,223,False,-0.05549621969267182,1.7511624411545654,1.7685651376915386,0.4837702289378998,0.007587439879329527
ANA@VGK,Rasmus Andersson,d2,PTS,over,0.5,draftkings,130,0.5273766436439725,0.40984888257170166,0.43478260869565216,-0.028878549655061647,238,False,-0.06642066420664183,0.520714455895238,0.520714455895238,0.4059040590405905,-0.024933726123950506
NYR@DET,Alex DeBrincat,f1,G,over,1.5,draftkings,850,0.4320855862899629,0.07035617733560177,0.10526315789473684,-0.029439385939850182,242,False,-0.2796741664285768,0.520714455895238,0.45133926086956383,0.07582377195488665,-0.03490698055913506
ANA@VGK,Mitch Marner,f2,G,over,1.5,draftkings,1200,0.3299616430463096,0.04382233490085038,0.07692307692307693,-0.029561354882395433,228,False,-0.38429761347114055,0.41551544396166346,0.34466468869407796,0.047361722040681495,-0.03310074202222655
NYR@DET,Albert Johansson,d1,G,over,0.5,draftkings,1300,0.04053896869542208,0.03972825675479619,0.07142857142857142,-0.029967235131865118,139,False,-0.41954129184611166,,0.042345379591365494,0.04146133629670631,-0.03170031467377524
NYR@DET,Albert Johansson,d1,G,over,0.5,fanduel,1300,0.04053896869542208,0.03972825675479619,0.07142857142857142,-0.029967235131865118,139,False,-0.41954129184611166,,0.042345379591365494,0.04146133629670631,-0.03170031467377524
STL@DAL,Philip Broberg,d2,A,over,0.5,draftkings,180,0.38732157008661144,0.32112724534784387,0.35714285714285715,-0.030038770575478047,160,False,-0.08410855761133851,0.4074068562910736,0.3961646218741898,0.3271040865673791,-0.03601561179501328
WSH@CAR,Tom Wilson,f1,SOG,over,1.5,fanduel,-120,1.64246036260259,0.47921384998617644,0.5454545454545454,-0.03024792544047561,224,False,-0.0554545299742053,1.7499722769531916,1.764984929516366,0.5152066200140698,-0.06624069546836897
NYR@DET,Lucas Raymond,f1,SOG,under,2.5,fanduel,-146,2.2858757011903137,0.604773598653032,0.5934959349593496,-0.030351695191683903,240,False,-0.05114052751475506,2.4618700072664517,2.4563978864948455,0.5631442397676657,0.011277663693682438
WSH@CAR,Andrei Svechnikov,f1,SOG,over,2.5,fanduel,-102,2.433726171933461,0.43140044838217495,0.504950495049505,-0.03063898688987965,207,False,-0.06067720933093812,2.5731255064102725,2.6152777344505407,0.4743115081596253,-0.07355004666733
BOS@WPG,Fraser Minten,f3,SOG,under,1.5,fanduel,-135,1.4589976874177648,0.5781123444051561,0.574468085106383,-0.030846709795647964,104,False,-0.05369612445909089,1.5380116106150727,1.5678362711969194,0.5436213753107351,0.0036442592987731004
ANA@VGK,Jackson LaCombe,d1,A,over,0.5,draftkings,120,0.5384724650303255,0.41636089906404977,0.45454545454545453,-0.031053209829332185,225,False,-0.06831706162453077,0.5531011069142318,0.5507664870063889,0.42349224471612235,-0.03818455548140476
NYR@DET,J.T. Miller,f2,G,over,0.5,fanduel,275,0.25706670015446587,0.2266833682935833,0.26666666666666666,-0.0311756086839734,219,False,-0.1169085325649003,0.2852982810965047,0.26852155712510417,0.23549105798269326,-0.03998329837308337
BOS@WPG,Morgan Geekie,f2,PTS,over,0.5,fanduel,-108,0.6779288472637778,0.49233263910310526,0.5192307692307693,-0.03126449800539677,231,False,-0.06021310726965301,0.6641596436866928,0.6693647795994473,0.4879662712253725,-0.02689813012766401
BOS@WPG,Pavel Zacha,f2,A,over,0.5,draftkings,185,0.37647645047656786,0.31372472104776405,0.3508771929824561,-0.031278910509308644,235,False,-0.08914489495152966,0.3977528396660086,0.3850718941737095,0.3195982824731475,-0.037152471934692066
STL@DAL,Roope Hintz,f2,G,over,0.5,fanduel,200,0.3442345988306737,0.2912373663410431,0.3333333333333333,-0.031307180311446914,205,False,-0.0939215409343408,0.37623546979322614,0.35957364543445813,0.3020261530218864,-0.042095966992290235
STL@DAL,Roope Hintz,f2,G,under,0.5,fanduel,-270,0.3442345988306737,0.708762633658957,0.7297297297297297,-0.031755882751616116,205,False,-0.043517320807770266,0.37623546979322614,0.35957364543445813,0.6979738469781136,-0.02096709607077274
STL@DAL,Tyler Seguin,f2,SOG,under,1.5,fanduel,102,1.7139059803735353,0.4995682963739875,0.49504950495049505,-0.03183733693392221,115,False,-0.06431142060652284,1.8086094411399327,1.8417602609136428,0.46321216801657283,0.00451879142349243
BOS@WPG,Kyle Connor,f1,PTS,over,0.5,draftkings,-190,0.9887513064325136,0.6279590337456256,0.6551724137931034,-0.03188953539428452,226,False,-0.04867350139127635,0.9448446772232407,0.9762607137609373,0.6232828783988189,-0.027213380047477864
ANA@VGK,Jack Eichel,f1,PTS,over,1.5,draftkings,165,1.2380423933615479,0.35107675843565245,0.37735849056603776,-0.031904284969716534,216,False,-0.08454635516974884,1.2472366913077264,1.2224025826780935,0.34545420559632123,-0.026281732130385316
NYR@DET,Justin Faulk,d3,SOG,over,1.5,draftkings,-125,1.669406410431374,0.487291219740254,0.5555555555555556,-0.032120783635002925,214,False,-0.057817410543005265,1.7828808974152148,1.7939411036869681,0.5234347719205527,-0.06826433581530156
STL@DAL,Tyler Seguin,f2,SOG,over,1.5,fanduel,-132,1.7139059803735353,0.5004317036260125,0.5689655172413793,-0.03217768525795217,115,False,-0.0565547195442796,1.8086094411399327,1.8417602609136428,0.5367878319834272,-0.06853381361536681
NYR@DET,Moritz Seider,d1,PTS,under,0.5,draftkings,-105,0.7446639181140566,0.47489387635262703,0.5121951219512195,-0.03281278739129123,242,False,-0.06406306109728288,0.7346038942382915,0.7352568067222724,0.4793823345599283,-0.03730124559859249
ANA@VGK,Jack Eichel,f1,PTS,under,1.5,draftkings,-220,1.2380423933615479,0.6489232415643476,0.6875,-0.03295420559632123,216,False,-0.047933389958285444,1.2472366913077264,1.2224025826780935,0.6545457944036788,-0.03857675843565245
NYR@DET,Andrew Copp,f1,A,over,0.5,draftkings,160,0.4225988840520045,0.3446585516951026,0.38461538461538464,-0.03366419111377211,214,False,-0.0875268968958075,0.4443271412001745,0.4322473624886922,0.3509511935016125,-0.039956832920282015
BOS@WPG,Fraser Minten,f3,SOG,over,1.5,fanduel,104,1.4589976874177648,0.4218876555948439,0.49019607843137253,-0.03381745374210765,104,False,-0.0689876056338996,1.5380116106150727,1.5678362711969194,0.4563786246892649,-0.0683084228365286
NYR@DET,Eeli Tolvanen,f3,G,over,0.5,fanduel,430,0.161066339796485,0.14876440156238194,0.18867924528301888,-0.03382731727451971,239,False,-0.17928478155495442,,0.16824343385045756,0.15485192800849917,-0.039914843720636944
BOS@WPG,Morgan Geekie,f2,A,over,0.5,fanduel,215,0.3260352659428224,0.2782202672599086,0.31746031746031744,-0.03388720915554072,231,False,-0.10674470883995324,0.3603389684675673,0.33347907223707174,0.2835731083047767,-0.03924005020040883
STL@DAL,Jason Robertson,f2,A,over,0.5,draftkings,-115,0.6795127272328839,0.49313608681666293,0.5348837209302325,-0.03394475367954741,242,False,-0.06346193079219731,0.6834100052820871,0.6950268805910232,0.5009389672506851,-0.041747634113569576
STL@DAL,Mason McTavish,f2,A,over,0.5,draftkings,245,0.28883596558460933,0.2508649207406018,0.2898550724637681,-0.03406623500573375,212,True,-0.11752851076978144,,0.29543046379757676,0.2557888374580344,-0.03899015172316633
NYR@DET,Andrew Copp,f1,G,under,0.5,fanduel,-440,0.23695836548605692,0.7890241379702327,0.8148148148148148,-0.034078021087362353,214,False,-0.041823025879944686,0.2735973325700419,0.24751719781637446,0.7807367937274524,-0.025790676844582028
BOS@WPG,Morgan Geekie,f2,SOG,under,1.5,draftkings,135,1.972615892699071,0.42817505620611673,0.425531914893617,-0.03413938697407087,231,False,-0.08022755938906656,2.0790434640637763,2.119769463916586,0.39139252791954615,0.0026431413124997083
BOS@WPG,Morgan Geekie,f2,SOG,over,1.5,draftkings,-180,1.972615892699071,0.5718249437938833,0.6428571428571429,-0.034249670776689056,231,False,-0.05327726565262747,2.0790434640637763,2.119769463916586,0.6086074720804538,-0.07103219906325964
WSH@CAR,Sebastian Aho,f1,PTS,over,0.5,draftkings,-190,0.9824144759756139,0.6255939876856106,0.6551724137931034,-0.03425396038055406,233,False,-0.05228236058084568,0.9448446772232407,0.9700039345439712,0.6209184534125494,-0.02957842610749284
WSH@CAR,Taylor Hall,f2,SOG,under,1.5,draftkings,120,1.864354943558505,0.45700500791176824,0.45454545454545453,-0.034301652140793004,165,False,-0.0754636347097446,1.9966673331296392,2.0034324441388547,0.4202438024046615,0.002459553366313705
WSH@CAR,Sebastian Aho,f1,SOG,under,2.5,draftkings,-135,2.376260203601326,0.5825407376333098,0.574468085106383,-0.03438841062038156,233,False,-0.05986130737621975,2.556132079464761,2.5535249090091,0.5400796744860015,0.008072652526926793
WSH@CAR,Tom Wilson,f1,SOG,under,1.5,fanduel,-108,1.64246036260259,0.5207861500138236,0.5192307692307693,-0.03443738924483908,224,False,-0.06632386076783825,1.7499722769531916,1.764984929516366,0.4847933799859302,0.0015553807830542832
NYR@DET,Lucas Raymond,f1,SOG,over,2.5,fanduel,112,2.2858757011903137,0.3952264013469679,0.4716981132075472,-0.034842352975212876,240,False,-0.07386578830745127,2.4618700072664517,2.4563978864948455,0.4368557602323343,-0.07647171186057927
NYR@DET,Moritz Seider,d1,PTS,over,0.5,draftkings,-125,0.7446639181140566,0.525106123647373,0.5555555555555556,-0.03493789011548387,242,False,-0.06288820220787095,0.7346038942382915,0.7352568067222724,0.5206176654400717,-0.03044943190818261
WSH@CAR,Jackson Blake,f2,PTS,over,0.5,fanduel,-128,0.7559480732716599,0.5304347786045647,0.5614035087719298,-0.03547439825356158,159,False,-0.06318877188915661,0.6834100052820871,0.7463984126010029,0.5259291105183682,-0.03096873016736512
NYR@DET,Eeli Tolvanen,f3,G,over,0.5,draftkings,425,0.161066339796485,0.14876440156238194,0.19047619047619047,-0.03562426246769129,239,False,-0.18702737795537927,,0.16824343385045756,0.15485192800849917,-0.04171178891380853
NYR@DET,Justin Faulk,d3,SOG,under,1.5,draftkings,-105,1.669406410431374,0.512708780259746,0.5121951219512195,-0.03562989387177218,214,False,-0.06956312613060278,1.7828808974152148,1.7939411036869681,0.47656522807944734,0.0005136583085264546
WSH@CAR,Andrei Svechnikov,f1,SOG,under,2.5,fanduel,-128,2.433726171933461,0.568599551617825,0.5614035087719298,-0.0357150169315551,207,False,-0.06361737390933253,2.5731255064102725,2.6152777344505407,0.5256884918403747,0.007196042845895256
BOS@WPG,Morgan Geekie,f2,PTS,over,0.5,draftkings,-110,0.6779288472637778,0.49233263910310526,0.5238095238095238,-0.03584325258415133,231,False,-0.06842802766065259,0.6641596436866928,0.6693647795994473,0.4879662712253725,-0.03147688470641857
NYR@DET,Adam Fox,d1,A,under,0.5,draftkings,-135,0.6050409937460344,0.5460520414621771,0.574468085106383,-0.03590727362849466,199,False,-0.06250525409404628,0.6261364702769852,0.6188548612259881,0.5385608114778884,-0.028416043644205913
WSH@CAR,Cole Hutson,d2,PTS,under,0.5,draftkings,-200,0.46683307329896817,0.6269847421721556,0.6666666666666666,-0.035973445793713865,14,False,-0.05396016869057085,0.4776275543566874,0.46093571394655797,0.6306932208729528,-0.03968192449451102
ANA@VGK,Tomas Hertl,f3,PTS,over,0.5,draftkings,-125,0.7420791842409794,0.5238770616442162,0.5555555555555556,-0.036162875475409084,209,False,-0.06509317585573637,0.7230001437096264,0.7327047250012207,0.5193926800801465,-0.03167849391133937
ANA@VGK,Mitch Marner,f2,PTS,over,0.5,fanduel,-225,1.080151343577224,0.6604558660677203,0.6923076923076923,-0.03651673559226498,228,False,-0.0527463958554939,1.0788096613719298,1.066506122207092,0.6557909567154273,-0.03185182623997196
NYR@DET,Andrew Copp,f1,G,over,0.5,fanduel,290,0.23695836548605692,0.21097586202976723,0.2564102564102564,-0.037147050137708776,214,False,-0.1448734955370642,0.2735973325700419,0.24751719781637446,0.2192632062725476,-0.04543439438048916
BOS@WPG,Josh Morrissey,d1,PTS,under,0.5,draftkings,-115,0.7066384425098838,0.4932996686172336,0.5348837209302325,-0.037160777524879895,236,False,-0.06947449711173204,0.7029801014761843,0.6977116953146623,0.4977229434053526,-0.04158405231299889
ANA@VGK,Mikael Granlund,f2,PTS,over,0.5,draftkings,-120,0.718876163095167,0.5127004063897521,0.5454545454545454,-0.037199628565356524,207,False,-0.06819931903648702,0.7029801014761843,0.7097948205208395,0.5082549168891889,-0.0327541390647933
STL@DAL,Mikko Rantanen,f1,PTS,over,0.5,draftkings,-240,1.1187873498609713,0.6733243021411068,0.7058823529411765,-0.03720783686434015,222,False,-0.05271110222448183,1.090738232237204,1.1046540516470391,0.6686745160768364,-0.03255805080006968
STL@DAL,Philip Broberg,d2,A,under,0.5,draftkings,-245,0.38732157008661144,0.6788727546521561,0.7101449275362319,-0.03724901410361103,160,False,-0.052452693329574696,0.4074068562910736,0.3961646218741898,0.6728959134326209,-0.0312721728840758
BOS@WPG,Casey Mittelstadt,f2,PTS,over,0.5,draftkings,135,0.4976282319700309,0.3920290829564726,0.425531914893617,-0.037336809596532294,229,False,-0.08774150255185087,0.500469835586131,0.4913418468022166,0.38819510529708473,-0.03350283193714443
WSH@CAR,Sebastian Aho,f1,A,over,0.5,fanduel,-104,0.6251673014804059,0.4648281140198966,0.5098039215686274,-0.037391354061473925,233,False,-0.07334457912058345,0.6077183327815403,0.6394406785651254,0.4724125675071535,-0.04497580754873082
BOS@WPG,Casey Mittelstadt,f2,A,over,0.5,draftkings,230,0.30184608267699115,0.26054812941661254,0.30303030303030304,-0.03740373365788041,229,False,-0.12343232107100532,0.33484754089421115,0.3087376186696636,0.2656265693724226,-0.0424821736136905
WSH@CAR,Sebastian Aho,f1,PTS,under,0.5,draftkings,140,0.9824144759756139,0.3744060123143894,0.4166666666666667,-0.03758512007921605,233,False,-0.0902042881901185,0.9448446772232407,0.9700039345439712,0.37908154658745064,-0.04226065435227727
NYR@DET,Lucas Raymond,f1,G,under,0.5,fanduel,-320,0.3088905076038297,0.7342611616390506,0.7619047619047619,-0.03768082285359142,240,False,-0.04945607999533874,0.33484754089421115,0.3226546263405764,0.7242239390511704,-0.02764360026571122
NYR@DET,Viktor Arvidsson,f2,A,over,0.5,draftkings,170,0.3953321740034678,0.32654370258415866,0.37037037037037035,-0.03777543891772939,150,True,-0.10199368507786932,,0.4043581182265764,0.33259493145264096,-0.04382666778621169
BOS@WPG,Pavel Zacha,f2,A,under,0.5,draftkings,-255,0.37647645047656786,0.686275278952236,0.7183098591549296,-0.0379081416280771,235,False,-0.05277407952144064,0.3977528396660086,0.3850718941737095,0.6804017175268525,-0.032034580202693674
STL@DAL,Jimmy Snuggerud,f1,SOG,over,2.5,draftkings,115,2.248124117996691,0.3858399275243079,0.46511627906976744,-0.038040213971101355,75,False,-0.08178646003786794,2.385229528757076,2.415830103600806,0.4270760650986661,-0.07927635154545953
BOS@WPG,Hampus Lindholm,d1,SOG,over,1.5,fanduel,104,1.4461404703269134,0.4177240657413264,0.49019607843137253,-0.03811916404284782,158,False,-0.0777630946474096,1.6218050837082691,1.5540199290083536,0.4520769143885247,-0.0724720126900461
NYR@DET,Andrew Copp,f1,A,under,0.5,draftkings,-220,0.4225988840520045,0.6553414483048974,0.6875,-0.038451193501612524,214,False,-0.05592900872961826,0.4443271412001745,0.4322473624886922,0.6490488064983875,-0.03215855169510262
NYR@DET,Adam Fox,d1,A,over,0.5,draftkings,100,0.6050409937460344,0.4539479585378229,0.5,-0.03856081147788831,199,False,-0.07712162295577663,0.6261364702769852,0.6188548612259881,0.4614391885221117,-0.04605204146217712
WSH@CAR,Cole Hutson,d2,PTS,over,0.5,draftkings,145,0.46683307329896817,0.3730152578278444,0.40816326530612246,-0.03885648617907528,14,False,-0.0951983911387344,0.4776275543566874,0.46093571394655797,0.3693067791270472,-0.035148007478278065
ANA@VGK,Jackson LaCombe,d1,A,under,0.5,draftkings,-160,0.5384724650303255,0.5836391009359503,0.6153846153846154,-0.038876860100737765,225,False,-0.06317489766369888,0.5531011069142318,0.5507664870063889,0.5765077552838777,-0.031745514448665135
BOS@WPG,Elias Lindholm,f1,PTS,over,0.5,fanduel,124,0.5300528572522611,0.41142614154077517,0.44642857142857145,-0.03895674207042571,223,False,-0.08726310223775358,0.49223279068937464,0.5233568617160013,0.40747182935814574,-0.03500242988779628
BOS@WPG,Morgan Geekie,f2,A,over,0.5,draftkings,210,0.3260352659428224,0.2782202672599086,0.3225806451612903,-0.03900753685651359,231,False,-0.12092336425519212,0.3603389684675673,0.33347907223707174,0.2835731083047767,-0.0443603779013817
STL@DAL,Mikko Rantanen,f1,SOG,under,2.5,draftkings,-145,2.3260530524023357,0.5948470174403342,0.5918367346938775,-0.039007737082763505,222,False,-0.06590962472604867,2.492580769023439,2.499572395305968,0.552828997611114,0.0030102827464566495
BOS@WPG,Neal Pionk,d2,A,over,0.5,draftkings,235,0.29372071123122045,0.25451533213370064,0.29850746268656714,-0.03900961811997111,200,False,-0.13068222070190327,0.33059143913295896,0.3004267344974207,0.259497844566596,-0.04399213055286649
NYR@DET,Will Cuylle,f3,SOG,over,1.5,draftkings,-115,1.5799776685428724,0.4601399820818532,0.5348837209302325,-0.039167171540347934,243,False,-0.07322558157543313,1.6957745597662717,1.6978411396983666,0.4957165493898846,-0.07474373884837932
BOS@WPG,Elias Lindholm,f1,SOG,over,1.5,draftkings,-125,1.6457920341195802,0.48021743816945095,0.5555555555555556,-0.03932578449345536,223,False,-0.07078641208821967,1.7511624411545654,1.7685651376915386,0.5162297710621002,-0.07533811738610463
STL@DAL,Jason Robertson,f2,SOG,over,3.5,fanduel,100,3.292307713903206,0.4119191158813568,0.5,-0.03954424398136047,242,False,-0.07908848796272094,3.599853592719408,3.5379079037024153,0.46045575601863953,-0.08808088411864318
BOS@WPG,Pavel Zacha,f2,PTS,over,0.5,draftkings,-115,0.6925499215653178,0.49970128130535263,0.5348837209302325,-0.03957864129775357,235,False,-0.07399485112188708,0.6834100052820871,0.6838011503437498,0.49530507963247894,-0.03518243962487988
BOS@WPG,Morgan Geekie,f2,SOG,under,1.5,fanduel,132,1.972615892699071,0.42817505620611673,0.43103448275862066,-0.03964195483907451,231,False,-0.09196933522665285,2.0790434640637763,2.119769463916586,0.39139252791954615,-0.0028594265525039297
WSH@CAR,Sebastian Aho,f1,SOG,under,2.5,fanduel,-138,2.376260203601326,0.5825407376333098,0.5798319327731093,-0.03975225828710782,233,False,-0.06855824255312792,2.556132079464761,2.5535249090091,0.5400796744860015,0.002708804860200531
ANA@VGK,Mitch Marner,f2,A,over,0.5,draftkings,-120,0.68876162537315,0.49780240709633206,0.5454545454545454,-0.039816690604418725,228,False,-0.07299726610810098,0.7029801014761843,0.7044869430235701,0.5056378548501267,-0.04765213835821336
BOS@WPG,Kyle Connor,f1,PTS,under,0.5,draftkings,140,0.9887513064325136,0.37204096625437444,0.4166666666666667,-0.03994954506548559,226,False,-0.09587890815716538,0.9448446772232407,0.9762607137609373,0.3767171216011811,-0.044625700412292246
WSH@CAR,Sebastian Aho,f1,SOG,over,2.5,draftkings,100,2.376260203601326,0.4174592623666901,0.5,-0.040079674486001415,233,False,-0.08015934897200283,2.556132079464761,2.5535249090091,0.4599203255139986,-0.08254073763330988
ANA@VGK,William Karlsson,f2,A,under,0.5,draftkings,-340,0.3044460722124184,0.7375318006204545,0.7727272727272727,-0.04030420406596624,136,False,-0.05215838173242693,0.3225347287774313,0.31139696932485444,0.7324230686613065,-0.03519547210681817
WSH@CAR,Jordan Kyrou,f3,G,over,0.5,fanduel,320,0.2109422135156067,0.19017913777018944,0.23809523809523808,-0.04033980633307918,234,True,-0.16942718659893252,0.2520700006629038,0.2203417696753085,0.1977554317621589,-0.047916100325048644
WSH@CAR,Tom Wilson,f1,SOG,over,1.5,draftkings,-125,1.64246036260259,0.47921384998617644,0.5555555555555556,-0.040348935541485775,224,False,-0.07262808397467435,1.7499722769531916,1.764984929516366,0.5152066200140698,-0.07634170556937914
ANA@VGK,Mitch Marner,f2,A,under,0.5,draftkings,-115,0.68876162537315,0.5021975929036679,0.5348837209302325,-0.0405215757803592,228,False,-0.07575772863284547,0.7029801014761843,0.7044869430235701,0.4943621451498733,-0.032686128026564565
STL@DAL,Mikko Rantanen,f1,SOG,over,2.5,draftkings,105,2.3260530524023357,0.4051529825596658,0.4878048780487805,-0.040633875659894514,222,False,-0.08329944510278375,2.492580769023439,2.499572395305968,0.44717100238888596,-0.08265189548911467
BOS@WPG,Pavel Zacha,f2,PTS,under,0.5,draftkings,-120,0.6925499215653178,0.5002987186946474,0.5454545454545454,-0.040759625087024354,235,False,-0.07472597932621128,0.6834100052820871,0.6838011503437498,0.5046949203675211,-0.04515582675989804
WSH@CAR,Jackson Blake,f2,SOG,over,2.5,fanduel,120,2.195798184549864,0.3727427777456939,0.45454545454545453,-0.04115700555004942,159,False,-0.0905454122101087,2.4414927065768888,2.35960075033338,0.4133884489954051,-0.08180267679976061
BOS@WPG,Elias Lindholm,f1,A,under,0.5,draftkings,-330,0.31268924960212185,0.7314771840806886,0.7674418604651163,-0.04116816855954131,223,False,-0.05364337115334172,0.328558339583376,0.31982834910291197,0.726273691905575,-0.035964676384427685
NYR@DET,Will Cuylle,f3,SOG,under,1.5,draftkings,-120,1.5799776685428724,0.5398600179181468,0.5454545454545454,-0.041171094844429934,243,False,-0.07548034054812158,1.6957745597662717,1.6978411396983666,0.5042834506101155,-0.0055945275363986635
NYR@DET,Eeli Tolvanen,f3,SOG,over,1.5,draftkings,-110,1.538416012932911,0.44719137954638494,0.5238095238095238,-0.04137182258357225,239,False,-0.07898257038681977,1.648355189349986,1.6531790598895766,0.4824377012259516,-0.0766181442631389
ANA@VGK,Tomas Hertl,f3,PTS,over,0.5,fanduel,-128,0.7420791842409794,0.5238770616442162,0.5614035087719298,-0.0420108286917833,209,False,-0.07483178860723905,0.7230001437096264,0.7327047250012207,0.5193926800801465,-0.03752644712771358
NYR@DET,Alexis Lafrenière,f1,SOG,over,2.5,fanduel,146,2.0121647922327806,0.32615338785682696,0.4065040650406504,-0.04220190409960478,244,False,-0.10381668408502776,2.2655785679116605,2.1622686396929476,0.3643021609410456,-0.08035067718382344
ANA@VGK,Shea Theodore,d1,A,over,0.5,fanduel,112,0.5486415704033542,0.42226591134850994,0.4716981132075472,-0.0422405277443163,183,False,-0.0895499188179506,0.6261364702769852,0.5611677661915471,0.4294575854632309,-0.04943220185903724
ANA@VGK,Rasmus Andersson,d2,PTS,under,0.5,draftkings,-175,0.5273766436439725,0.5901511174282983,0.6363636363636364,-0.04226769540422681,238,False,-0.06642066420664217,0.520714455895238,0.520714455895238,0.5940959409594095,-0.046212518935338065
STL@DAL,Roope Hintz,f2,A,under,0.5,draftkings,-160,0.5445760156587508,0.5800876793007193,0.6153846153846154,-0.04246473083357705,205,False,-0.06900518760456265,0.5531011069142318,0.5570093895802356,0.5729198845510384,-0.03529693608389617
WSH@CAR,Taylor Hall,f2,SOG,over,1.5,draftkings,-165,1.864354943558505,0.5429949920882318,0.6226415094339622,-0.04288531183862376,165,False,-0.06887640992263822,1.9966673331296392,2.0034324441388547,0.5797561975953385,-0.07964651734573047
BOS@WPG,Pavel Zacha,f2,SOG,over,1.5,fanduel,-118,1.5882317863412359,0.46268694210434674,0.5412844036697247,-0.04296045868791942,235,False,-0.0793676270675121,1.7016735346784448,1.7067109997280356,0.4983239449818053,-0.078597461565378
ANA@VGK,Mikael Granlund,f2,PTS,under,0.5,draftkings,-115,0.718876163095167,0.4872995936102479,0.5348837209302325,-0.0431386378194214,207,False,-0.08065049679283132,0.7029801014761843,0.7097948205208395,0.4917450831108111,-0.047584127319984626
BOS@WPG,Josh Morrissey,d1,PTS,over,0.5,draftkings,-120,0.7066384425098838,0.5067003313827664,0.5454545454545454,-0.04317748885989803,236,False,-0.07915872957647974,0.7029801014761843,0.6977116953146623,0.5022770565946474,-0.038754214071779036
NYR@DET,J.T. Miller,f2,G,under,0.5,fanduel,-420,0.25706670015446587,0.7733166317064167,0.8076923076923077,-0.04318336567500092,219,False,-0.053465119407144046,0.2852982810965047,0.26852155712510417,0.7645089420173068,-0.034375675985890974
ANA@VGK,Tomas Hertl,f3,PTS,under,0.5,draftkings,-110,0.7420791842409794,0.4761229383557838,0.5238095238095238,-0.04320220388967033,209,False,-0.08247693469846151,0.7230001437096264,0.7327047250012207,0.4806073199198535,-0.04768658545374005
BOS@WPG,Casey Mittelstadt,f2,PTS,under,0.5,draftkings,-190,0.4976282319700309,0.6079709170435275,0.6551724137931034,-0.0433675190901881,229,False,-0.0661925291376555,0.500469835586131,0.4913418468022166,0.6118048947029153,-0.047201496749575966
BOS@WPG,Cole Perfetti,f1,A,over,0.5,draftkings,195,0.34253793579882524,0.29003381425971525,0.3389830508474576,-0.04341854152391622,218,False,-0.12808469749555285,0.3815359621113813,0.3503585193640572,0.2955645093235414,-0.04894923658774236
NYR@DET,Mika Zibanejad,f1,SOG,over,2.5,fanduel,108,2.2874519753629063,0.39561710471693395,0.4807692307692308,-0.043506941487275796,242,False,-0.09049443829353365,2.5397678606949783,2.4580917478645063,0.437262289281955,-0.08515212605229683
BOS@WPG,Morgan Geekie,f2,PTS,under,0.5,draftkings,-125,0.6779288472637778,0.5076673608968947,0.5555555555555556,-0.043521826780928086,231,False,-0.0783392882056706,0.6641596436866928,0.6693647795994473,0.5120337287746275,-0.0478881946586609
STL@DAL,Wyatt Johnston,f1,SOG,under,2.5,fanduel,-114,2.58473941763086,0.5327778092315498,0.5327102803738317,-0.04374621871403972,242,False,-0.08212009477898685,2.7171526949317224,2.77755629464113,0.488964061659792,6.752885771810213e-05
ANA@VGK,Leo Carlsson,f1,SOG,under,2.5,fanduel,-146,2.3383109339006514,0.5918321218121851,0.5934959349593496,-0.043794345205895535,198,False,-0.0737904720592486,2.4618700072664517,2.5127446925527903,0.5497015897534541,-0.0016638131471644613
WSH@CAR,Alex Tuch,f1,G,under,0.5,fanduel,-360,0.2898656206357247,0.7483641255173915,0.782608695652174,-0.04384856196537157,232,True,-0.056028718066863714,0.31121256986197504,0.30278199301336983,0.7387601336868024,-0.03424457013478244
ANA@VGK,Ivan Barbashev,f1,PTS,over,0.5,draftkings,-130,0.7461129358417858,0.5257937549776885,0.5652173913043478,-0.0439143578548602,232,False,-0.07769463312782954,0.7563260821814771,0.7366875194524828,0.5213030334494876,-0.03942363632665924
STL@DAL,Mikko Rantanen,f1,SOG,under,2.5,fanduel,-148,2.3260530524023357,0.5948470174403342,0.5967741935483871,-0.043945195937273085,222,False,-0.07363789589489,2.492580769023439,2.499572395305968,0.552828997611114,-0.0019271761080529304
WSH@CAR,Logan Stankoven,f2,PTS,over,0.5,fanduel,-115,0.6834125443227116,0.49510891403453916,0.5348837209302325,-0.04415257426605845,180,False,-0.08254611710610926,0.6533409301595257,0.6747792027915839,0.49073114666417406,-0.03977480689569335
STL@DAL,Mikko Rantanen,f1,G,over,0.5,fanduel,170,0.377459230238188,0.31439884718979494,0.37037037037037035,-0.04453646861231664,222,False,-0.12024846525325494,0.4261829806119048,0.39427876186958033,0.3258339017580537,-0.05597152318057541
ANA@VGK,Alex Killorn,f2,A,under,0.5,draftkings,-450,0.2509514428999095,0.7780601509863481,0.8181818181818182,-0.044566851722081746,224,False,-0.05447059654921105,0.25542121023355957,0.25668098852071025,0.7736149664597365,-0.04012166719547017
STL@DAL,Pavel Buchnevich,f2,A,under,0.5,draftkings,-400,0.2742290112900829,0.7601579705681663,0.8,-0.044586512336055595,235,False,-0.055733140420069494,0.2843871765549284,0.28049001386722405,0.7554134876639444,-0.03984202943183379
NYR@DET,Lucas Raymond,f1,SOG,under,2.5,draftkings,-155,2.2858757011903137,0.604773598653032,0.6078431372549019,-0.04469889748723621,240,False,-0.07353689586609824,2.4618700072664517,2.4563978864948455,0.5631442397676657,-0.00306953860186987
STL@DAL,Jimmy Snuggerud,f1,A,under,0.5,draftkings,-245,0.39831285917504494,0.6714519249021282,0.7101449275362319,-0.044771503675901325,75,False,-0.06304558680892225,0.4074068562910736,0.4074068562910736,0.6653734238603306,-0.03869300263410369
NYR@DET,Oliver Bjorkstrand,f2,SOG,over,1.5,fanduel,-102,1.4703584131575538,0.42555134730766636,0.504950495049505,-0.04478986206328711,241,False,-0.08870149153709805,1.5884383860663895,1.580044486491274,0.46016063298621784,-0.0793991477418386
NYR@DET,Adam Fox,d1,PTS,over,0.5,fanduel,-130,0.7438867284802003,0.5247368975887422,0.5652173913043478,-0.044967731450627824,199,False,-0.07955829410495696,0.7731898882334818,0.7344894350872212,0.52024965985372,-0.04048049371560558
STL@DAL,Roope Hintz,f2,SOG,under,2.5,draftkings,-175,2.1798224542647673,0.6312744799444133,0.6363636363636364,-0.0455439452551164,205,False,-0.07156905682946868,2.251655923316977,2.3424332595170205,0.59081969110852,-0.005089156419223029
BOS@WPG,Josh Morrissey,d1,A,over,0.5,draftkings,115,0.531399648161115,0.41221829391099485,0.46511627906976744,-0.04580978572607697,236,False,-0.09849103931106551,0.568259068548668,0.5435321885913803,0.41930649334369047,-0.05289798515877259
ANA@VGK,Jack Eichel,f1,SOG,over,3.5,fanduel,120,3.048963816850138,0.36236027833515555,0.45454545454545453,-0.04582591188152779,216,False,-0.10081700613936118,3.2730725667500153,3.276410992868063,0.40871954266392674,-0.09218517621029898
ANA@VGK,Leo Carlsson,f1,G,over,0.5,fanduel,210,0.3096463406485659,0.2662936075275376,0.3225806451612903,-0.046233025753860235,198,False,-0.14332237983696672,0.3603389684675673,0.32344413920232484,0.2763476194074301,-0.0562870376337527
WSH@CAR,Logan Stankoven,f2,PTS,under,0.5,draftkings,-125,0.6834125443227116,0.5048910859654608,0.5555555555555556,-0.046286702219729636,180,False,-0.08331606399551339,0.6533409301595257,0.6747792027915839,0.5092688533358259,-0.05066446959009474
ANA@VGK,Rasmus Andersson,d2,A,under,0.5,draftkings,-270,0.37212903609843195,0.6892652966810653,0.7297297297297297,-0.046295752566409054,238,False,-0.06344232759100499,0.3815359621113813,0.3806252227093253,0.6834339771633207,-0.04046443304866443
STL@DAL,Jason Robertson,f2,A,under,0.5,draftkings,-120,0.6795127272328839,0.506863913183337,0.5454545454545454,-0.04639351270523051,242,False,-0.08505477329292266,0.6834100052820871,0.6950268805910232,0.4990610327493149,-0.0385906322712084
BOS@WPG,Elias Lindholm,f1,SOG,under,1.5,fanduel,-113,1.6457920341195802,0.519782561830549,0.5305164319248826,-0.04674620298698284,223,False,-0.08811452421440125,1.7511624411545654,1.7685651376915386,0.4837702289378998,-0.010733870094333575
WSH@CAR,Logan Stankoven,f2,SOG,over,1.5,fanduel,-215,2.0806786533218737,0.5991044079759473,0.6825396825396826,-0.04682788854014597,180,False,-0.06860830181463251,2.1308243091138332,2.2358935106722457,0.6357117939995366,-0.08343527456373523
WSH@CAR,Cole Hutson,d2,PTS,over,0.5,fanduel,140,0.46683307329896817,0.3730152578278444,0.4166666666666667,-0.047359887539619505,14,False,-0.11366373009508679,0.4776275543566874,0.46093571394655797,0.3693067791270472,-0.04365140883882229
NYR@DET,Eeli Tolvanen,f3,SOG,under,1.5,draftkings,-130,1.538416012932911,0.5528086204536151,0.5652173913043478,-0.047655092530299314,239,False,-0.08431285601514493,1.648355189349986,1.6531790598895766,0.5175622987740485,-0.012408770850732664
ANA@VGK,Jack Eichel,f1,SOG,under,2.5,draftkings,130,3.048963816850138,0.43137336176139085,0.43478260869565216,-0.04776368171027051,216,False,-0.10985646793362214,3.2730725667500153,3.276410992868063,0.38701892698538165,-0.003409246934261312
ANA@VGK,Cutter Gauthier,f1,G,over,0.5,fanduel,170,0.37241498887257307,0.3109317724650626,0.37037037037037035,-0.04809803264351803,156,False,-0.12986468813749874,0.4261829806119048,0.38900974979918806,0.3222723377268523,-0.059438597905307755
STL@DAL,Jimmy Snuggerud,f1,PTS,under,0.5,draftkings,-120,0.7078837420146449,0.49268574512285523,0.5454545454545454,-0.048343210177884344,75,False,-0.08862921865945461,0.6731064296764996,0.6989412633318723,0.49711133527666107,-0.05276880033169018
STL@DAL,Jason Robertson,f2,PTS,under,1.5,draftkings,-240,1.2302593597086393,0.6517192055212002,0.7058823529411765,-0.04856796001888586,242,False,-0.06880461002675498,1.2072734770307343,1.2147178697075196,0.6573143929222907,-0.0541631474199763
ANA@VGK,Rasmus Andersson,d2,SOG,over,1.5,fanduel,-148,1.7522490857606599,0.5115537266843817,0.5967741935483871,-0.048716370487177696,238,False,-0.08163283703256807,1.963810809724091,1.882963692484982,0.5480578230612094,-0.08522046686400542
WSH@CAR,Dylan Strome,f2,A,over,0.5,fanduel,158,0.40439905863310693,0.3326222547281509,0.3875968992248062,-0.04884113596995748,241,False,-0.12601013080249035,0.4808679978919112,0.4136320115449234,0.33875576325484874,-0.054974644496655345
STL@DAL,Tyler Seguin,f2,SOG,under,1.5,draftkings,-105,1.7139059803735353,0.4995682963739875,0.5121951219512195,-0.04898295393464669,115,False,-0.09563338625335782,1.8086094411399327,1.8417602609136428,0.46321216801657283,-0.012626825577232048
NYR@DET,Pavel Dorofeyev,f2,A,over,0.5,fanduel,200,0.3262108811891119,0.2783470116559906,0.3333333333333333,-0.04963154857055674,211,False,-0.14889464571167021,0.37176518966232214,0.333658697006294,0.2837017847627766,-0.05498632167734274
NYR@DET,Pavel Dorofeyev,f2,A,over,0.5,draftkings,200,0.3262108811891119,0.2783470116559906,0.3333333333333333,-0.04963154857055674,211,False,-0.14889464571167021,0.37176518966232214,0.333658697006294,0.2837017847627766,-0.05498632167734274
STL@DAL,Jimmy Snuggerud,f1,SOG,under,2.5,draftkings,-165,2.248124117996691,0.6141600724756922,0.6226415094339622,-0.04971757453262826,75,False,-0.07984943788573629,2.385229528757076,2.415830103600806,0.572923934901334,-0.008481436958270083
STL@DAL,Thomas Harley,d1,SOG,over,1.5,fanduel,-146,1.736788823353547,0.5070916753533719,0.5934959349593496,-0.049955987312836236,225,False,-0.08417241697916245,1.945372086157093,1.8663501225162769,0.5435399476465134,-0.08640425960597775
NYR@DET,Pavel Dorofeyev,f2,G,under,0.5,fanduel,-270,0.3695337713370285,0.6910564458646372,0.7297297297297297,-0.0499593030271519,211,False,-0.06846274859276369,0.3815359621113813,0.3860001456046514,0.6797704267025778,-0.0386732838650925
STL@DAL,Dylan Holloway,f1,SOG,over,2.5,fanduel,-110,2.4317787422275474,0.4309306449861711,0.5238095238095238,-0.04998208502741136,174,False,-0.09542034414323985,2.7207695334286486,2.6131850300173065,0.4738274387821125,-0.09287887882335272
BOS@WPG,Cole Perfetti,f1,G,under,0.5,fanduel,-360,0.29793655763636134,0.7423484345931884,0.782608695652174,-0.05005055611729026,218,False,-0.06395348837209314,0.31121256986197504,0.31121256986197504,0.7325581395348837,-0.0402602610589855
WSH@CAR,Tom Wilson,f1,SOG,under,1.5,draftkings,-115,1.64246036260259,0.5207861500138236,0.5348837209302325,-0.050090340944302314,224,False,-0.09364715915673916,1.7499722769531916,1.764984929516366,0.4847933799859302,-0.014097570916408952
ANA@VGK,Mitch Marner,f2,PTS,over,0.5,draftkings,-240,1.080151343577224,0.6604558660677203,0.7058823529411765,-0.05009139622574921,228,False,-0.07096281131981141,1.0788096613719298,1.066506122207092,0.6557909567154273,-0.045426486873456184
STL@DAL,Robert Thomas,f1,PTS,over,0.5,fanduel,-178,0.9023808720728766,0.5943971791913356,0.6402877697841727,-0.05054071471072974,214,False,-0.07893437466057796,0.8428925669192869,0.8909813706670563,0.5897470550734429,-0.045890590592837066
STL@DAL,Pavel Buchnevich,f2,G,over,0.5,fanduel,290,0.22053241064485737,0.19790835786700942,0.2564102564102564,-0.05065843055599631,235,False,-0.19756787916838559,0.2735973325700419,0.23035930467589677,0.20575182585426008,-0.05850189854324697
STL@DAL,Mikko Rantanen,f1,A,under,0.5,draftkings,-105,0.7559928820228466,0.469544181235659,0.5121951219512195,-0.050685869278551454,222,False,-0.09895812573431473,0.7346038942382915,0.7732531761120028,0.46150925267266807,-0.042650940715560526
ANA@VGK,Mitch Marner,f2,SOG,under,2.5,draftkings,-155,2.3100224641180724,0.5987995913510766,0.6078431372549019,-0.050910156191998346,228,False,-0.08375541825135213,2.370209391237808,2.482345954183107,0.5569329810629036,-0.009043545903825279
STL@DAL,Roope Hintz,f2,PTS,over,0.5,draftkings,-160,0.8416256155864047,0.5689907018108588,0.6153846153846154,-0.05100085101326013,205,False,-0.08287638289654775,0.8560506514967985,0.8309936167431525,0.5643837643713553,-0.04639391357375666
BOS@WPG,JJ Peterka,f1,G,over,0.5,fanduel,240,0.26590923967474506,0.23349130707763835,0.29411764705882354,-0.05159766644381669,238,False,-0.17543206590897675,0.32074293471266907,0.2777581189960074,0.24251998061500685,-0.06062633998118519
BOS@WPG,Neal Pionk,d2,SOG,under,1.5,draftkings,-105,1.722794405141453,0.4969734763521323,0.5121951219512195,-0.05161492768138154,200,False,-0.10077200166364964,1.7980948500054361,1.8513117460634312,0.460580194269838,-0.01522164559908723
STL@DAL,Jason Robertson,f2,SOG,over,3.5,draftkings,-105,3.292307713903206,0.4119191158813568,0.5121951219512195,-0.051739365932579995,242,False,-0.10101495253503712,3.599853592719408,3.5379079037024153,0.46045575601863953,-0.1002760060698627
NYR@DET,Lucas Raymond,f1,A,over,0.5,fanduel,116,0.5175708097679566,0.40403349297817137,0.46296296296296297,-0.051928492968671414,240,False,-0.11216554481233021,0.568259068548668,0.5293876199535948,0.41103446999429155,-0.058929469984791594
NYR@DET,Oliver Bjorkstrand,f2,SOG,under,1.5,draftkings,-145,1.4703584131575538,0.5744486526923336,0.5918367346938775,-0.05199736768009533,241,False,-0.0878576212525749,1.5884383860663895,1.580044486491274,0.5398393670137822,-0.01738808200154396
NYR@DET,Pavel Dorofeyev,f2,SOG,over,2.5,fanduel,-128,2.576481800416922,0.46529593673524317,0.5614035087719298,-0.05233304545325046,211,False,-0.09321823721360234,2.8670589431765645,2.7686826741458255,0.5090704633186793,-0.09610757203668663
WSH@CAR,Logan Stankoven,f2,A,under,0.5,draftkings,-295,0.35647209373745326,0.7001420095437407,0.7468354430379747,-0.052368566662266414,180,False,-0.07012062315794998,0.3542237312472745,0.3646108121285872,0.6944668763757083,-0.04669343349423394
WSH@CAR,Logan Stankoven,f2,SOG,under,1.5,draftkings,140,2.0806786533218737,0.40089559202405267,0.4166666666666667,-0.052378460666203275,180,False,-0.1257083055988879,2.1308243091138332,2.2358935106722457,0.3642882060004634,-0.015771074642614014
BOS@WPG,Kyle Connor,f1,SOG,under,3.5,draftkings,-165,3.146844319739307,0.6175708733211116,0.6226415094339622,-0.052409737371618026,226,False,-0.08417321456653803,3.2985402259756658,3.3815932039134,0.5702317720623442,-0.005070636112850635
WSH@CAR,Dylan Strome,f2,PTS,over,0.5,fanduel,-113,0.6576361751789312,0.4819254743597932,0.5305164319248826,-0.05291290176078822,241,False,-0.09973847854024687,0.6931471805599455,0.6493284586309843,0.4776035301640944,-0.04859095756508941
STL@DAL,Robert Thomas,f1,A,over,0.5,draftkings,105,0.5578304224863594,0.42755030847836323,0.4878048780487805,-0.05301008725779521,214,False,-0.10867067887848014,0.6011536141365089,0.5705664116377782,0.43479479079098526,-0.06025456957041725
NYR@DET,Viktor Arvidsson,f2,PTS,over,0.5,draftkings,-125,0.707184483079498,0.5069696194870029,0.5555555555555556,-0.05301022764078267,150,True,-0.09541840975340876,,0.6982508379208625,0.5025453279147729,-0.04858593606855266
ANA@VGK,Ivan Barbashev,f1,SOG,under,1.5,draftkings,-120,1.6181340400318003,0.5281553959361154,0.5454545454545454,-0.05314109766175357,232,False,-0.09742534571321493,1.678102105180021,1.7388439073610653,0.49231344779279185,-0.017299149518430035
NYR@DET,Moritz Seider,d1,SOG,over,2.5,fanduel,128,2.0899779019402076,0.3459938163750379,0.43859649122807015,-0.053314639043132106,242,False,-0.12155737701834124,2.391170804979908,2.245886466387279,0.38528185218493805,-0.09260267485303225
BOS@WPG,Neal Pionk,d2,PTS,over,0.5,draftkings,170,0.3857142596220996,0.32003520867933843,0.37037037037037035,-0.053656450172131054,200,False,-0.14487241546475382,0.4261829806119048,0.380841649418487,0.3167139201982393,-0.050335161691031916
ANA@VGK,Mark Stone,f1,PTS,under,0.5,draftkings,155,1.0976870232438611,0.3336418978714514,0.39215686274509803,-0.053856211788755826,181,False,-0.13733334006132736,1.003355870859443,1.083820278998856,0.3383006509563422,-0.05851496487364666
BOS@WPG,Pavel Zacha,f2,SOG,under,1.5,draftkings,-125,1.5882317863412359,0.5373130578956533,0.5555555555555556,-0.0538795005373609,235,False,-0.0969831009672496,1.7016735346784448,1.7067109997280356,0.5016760550181947,-0.018242497659902268
STL@DAL,Jimmy Snuggerud,f1,SOG,under,2.5,fanduel,-168,2.248124117996691,0.6141600724756922,0.6268656716417911,-0.0539417367404571,75,False,-0.08604991337168155,2.385229528757076,2.415830103600806,0.572923934901334,-0.012705599166098924
NYR@DET,Lucas Raymond,f1,A,over,0.5,draftkings,115,0.5175708097679566,0.40403349297817137,0.46511627906976744,-0.054081809075475884,240,False,-0.11627588951227319,0.568259068548668,0.5293876199535948,0.41103446999429155,-0.061082786091596064
WSH@CAR,Alex Ovechkin,f2,G,under,0.5,fanduel,-320,0.3310119609377387,0.7181965786846343,0.7619047619047619,-0.05422373134137204,224,False,-0.07116864738555084,0.33484754089421115,0.34576180860697775,0.7076810305633898,-0.043708183220127594
STL@DAL,Mason McTavish,f2,PTS,over,0.5,draftkings,125,0.5008992203315031,0.39401449984224773,0.4444444444444444,-0.054276600448257606,212,True,-0.1221223510085796,,0.49457151376872244,0.3901678439961868,-0.050429944602196686
WSH@CAR,Tom Wilson,f1,PTS,under,0.5,draftkings,-150,0.6138072314042549,0.5412861395278382,0.6,-0.054500392095031436,224,False,-0.09083398682505239,0.5842530923208828,0.6060531924902625,0.5454996079049685,-0.05871386047216176
NYR@DET,Vladislav Gavrikov,d1,SOG,over,1.5,draftkings,140,1.1903824921399346,0.33147023140780063,0.4166666666666667,-0.05457009335586471,240,False,-0.13096822405407527,1.3647244946845225,1.2791828690818026,0.362096573310802,-0.08519643525886605
STL@DAL,Robert Thomas,f1,PTS,under,0.5,draftkings,115,0.9023808720728766,0.4056028208086644,0.46511627906976744,-0.054863334143210374,214,False,-0.11795616840790235,0.8428925669192869,0.8909813706670563,0.41025294492655706,-0.05951345826110305
ANA@VGK,Jackson LaCombe,d1,PTS,over,0.5,draftkings,-115,0.6619207097415397,0.4841404341466475,0.5348837209302325,-0.05507490777021962,225,False,-0.10296613191823667,0.6834100052820871,0.6535588679796379,0.4798088131600129,-0.05074328678358503
WSH@CAR,Sebastian Aho,f1,A,under,0.5,draftkings,-140,0.6251673014804059,0.5351718859801033,0.5833333333333334,-0.05574590084048692,233,False,-0.09556440144083467,0.6077183327815403,0.6394406785651254,0.5275874324928465,-0.048161447353230025
ANA@VGK,Jack Eichel,f1,G,under,0.5,fanduel,-230,0.42546786864954633,0.6534639782876599,0.696969696969697,-0.05577790452736875,216,False,-0.08002916736535515,0.43944097883554545,0.444426658636948,0.6411917924423283,-0.04350571868203712
WSH@CAR,K'Andre Miller,d2,A,under,0.5,draftkings,-310,0.34837816373225383,0.7058319057104776,0.7560975609756098,-0.0558575201429794,224,False,-0.07387607502781146,0.34593196030966256,0.35633208724561993,0.7002400408326304,-0.05026565526513216
NYR@DET,Lucas Raymond,f1,PTS,over,0.5,draftkings,-160,0.8297943263362182,0.5638610206007214,0.6153846153846154,-0.05611948432431013,240,False,-0.09119416202700392,0.8560506514967985,0.8193117885493938,0.5592651310603053,-0.05152359478389401
STL@DAL,Wyatt Johnston,f1,SOG,under,2.5,draftkings,-120,2.58473941763086,0.5327778092315498,0.5454545454545454,-0.05649048379475341,242,False,-0.10356588695704794,2.7171526949317224,2.77755629464113,0.488964061659792,-0.012676736222995588
ANA@VGK,Mikael Granlund,f2,A,over,0.5,draftkings,150,0.4113826682017121,0.33726672388010825,0.4,-0.056537762505078026,207,False,-0.14134440626269507,0.4669501917585635,0.4207750659414156,0.343462237494922,-0.06273327611989177
NYR@DET,Adam Fox,d1,SOG,over,1.5,fanduel,-115,1.5243791202961317,0.4427719720485955,0.5348837209302325,-0.05698690029874587,199,False,-0.10654072664548142,1.793059165688547,1.6380950404969277,0.47789682063148664,-0.09211174888163703
NYR@DET,Viktor Arvidsson,f2,G,over,0.5,fanduel,210,0.29548440832514017,0.25582898249479286,0.3225806451612903,-0.057017576541542936,150,True,-0.17675448727878307,0.3603389684675673,0.30865115311310515,0.2655630686197474,-0.06675166266649746
WSH@CAR,Shayne Gostisbehere,d3,SOG,under,1.5,draftkings,110,1.8683043418488783,0.4559267808890828,0.47619047619047616,-0.057029433903024396,206,False,-0.11976181119635121,1.9055394884277386,2.0076764603853845,0.41916104228745177,-0.02026369530139338
NYR@DET,Alex DeBrincat,f1,SOG,over,3.5,fanduel,104,3.1626109605555754,0.38564676163957706,0.49019607843137253,-0.05706557900918097,242,False,-0.11641378117872914,3.550469728070113,3.3985360075654265,0.43313049942219156,-0.10454931679179547
WSH@CAR,K'Andre Miller,d2,PTS,under,0.5,draftkings,-220,0.46757370312314034,0.6265205504911222,0.6875,-0.05726781988197349,224,False,-0.08329864710105239,0.4443271412001745,0.4616669876208126,0.6302321801180265,-0.06097944950887779
WSH@CAR,Dylan Strome,f2,PTS,over,0.5,draftkings,-115,0.6576361751789312,0.4819254743597932,0.5348837209302325,-0.057280190766138106,241,False,-0.10708905230191035,0.6931471805599455,0.6493284586309843,0.4776035301640944,-0.052958246570439294
WSH@CAR,Andrei Svechnikov,f1,SOG,under,2.5,draftkings,-140,2.433726171933461,0.568599551617825,0.5833333333333334,-0.057644841492958676,207,False,-0.09881972827364349,2.5731255064102725,2.6152777344505407,0.5256884918403747,-0.01473378171550832
WSH@CAR,Alex Ovechkin,f2,SOG,over,2.5,draftkings,-120,2.4884442007496688,0.444521653351904,0.5454545454545454,-0.057648743166725136,224,False,-0.1056893624723294,2.7666196547170117,2.6740776290674293,0.4878058022878203,-0.10093289210264139
WSH@CAR,Alex Ovechkin,f2,SOG,over,2.5,fanduel,-120,2.4884442007496688,0.444521653351904,0.5454545454545454,-0.057648743166725136,224,False,-0.1056893624723294,2.7666196547170117,2.6740776290674293,0.4878058022878203,-0.10093289210264139
WSH@CAR,Alex Ovechkin,f2,A,over,0.5,fanduel,162,0.38228402075007617,0.31769876202646796,0.3816793893129771,-0.058051389082764915,224,False,-0.1520946393968441,0.33484754089421115,0.39101205877878875,0.3236280002302122,-0.06398062728650916
BOS@WPG,Kyle Connor,f1,A,under,0.5,draftkings,-165,0.5590339500422631,0.5717611469678057,0.6226415094339622,-0.058131642954689755,226,False,-0.09336294171510784,0.5481373322033496,0.5717974172825017,0.5645098664792725,-0.05088036246615657
ANA@VGK,Leo Carlsson,f1,SOG,under,2.5,draftkings,-155,2.3383109339006514,0.5918321218121851,0.6078431372549019,-0.05814154750144784,198,False,-0.0956522233088336,2.4618700072664517,2.5127446925527903,0.5497015897534541,-0.01601101544271677
WSH@CAR,Tom Wilson,f1,A,under,0.5,draftkings,-340,0.32934376452022535,0.719395671527381,0.7727272727272727,-0.058720697805414,224,False,-0.07599149127759464,0.32664105080846007,0.3368631081109195,0.7140065749218587,-0.053331601199891665
NYR@DET,Andrew Copp,f1,A,over,0.5,fanduel,144,0.4225988840520045,0.3446585516951026,0.4098360655737705,-0.05888487207215798,214,False,-0.14367908785606542,0.4443271412001745,0.4322473624886922,0.3509511935016125,-0.06517751387866788
ANA@VGK,Cutter Gauthier,f1,PTS,over,0.5,draftkings,-145,0.7696324066492511,0.5368166998774269,0.5918367346938775,-0.059545311580236016,156,False,-0.10061104370453666,0.8077505632989486,0.7599098759827827,0.5322914231136415,-0.05502003481645068
BOS@WPG,Elias Lindholm,f1,A,over,0.5,fanduel,200,0.31268924960212185,0.2685228159193114,0.3333333333333333,-0.05960702523890837,223,False,-0.17882107571672512,0.328558339583376,0.31982834910291197,0.27372630809442494,-0.06481051741402194
NYR@DET,Pavel Dorofeyev,f2,PTS,over,0.5,draftkings,-125,0.6936460339904075,0.5002493645118887,0.5555555555555556,-0.059704557453935936,211,False,-0.10746820341708463,0.7230001437096264,0.6848834159160111,0.49585099810161964,-0.05530619104366685
BOS@WPG,Morgan Geekie,f2,G,under,0.5,fanduel,-330,0.3312316975514683,0.7180387819379382,0.7674418604651163,-0.059923243906685464,231,False,-0.07808180266628717,0.3327923796628125,0.3459913366541367,0.7075186165584308,-0.04940307852717807
STL@DAL,Tyler Seguin,f2,G,under,0.5,fanduel,-400,0.28871814835737897,0.749223345476796,0.8,-0.060353854959569575,115,False,-0.07544231869946194,0.29105475693042016,0.3015833895273713,0.7396461450404305,-0.05077665452320401
NYR@DET,J.T. Miller,f2,SOG,over,1.5,draftkings,-170,1.8247923245810085,0.5320832889137306,0.6296296296296297,-0.06084710698925677,219,False,-0.0966395228652902,2.0821422453630647,1.9609185254730592,0.5687825226403729,-0.09754634071589907
STL@DAL,Mason McTavish,f2,G,over,0.5,fanduel,260,0.23385743288989483,0.208525353894529,0.2777777777777778,-0.06104756375421469,212,True,-0.21977122951517292,0.29804485948732745,0.24427808808819457,0.2167302140235631,-0.06925242388324879
ANA@VGK,Alex Killorn,f2,SOG,over,1.5,fanduel,-128,1.5946341258537848,0.4646568287988174,0.5614035087719298,-0.0610639582891479,224,False,-0.10877017570254466,,1.7135909421671887,0.5003395504827819,-0.09674667997311237
NYR@DET,Alexis Lafrenière,f1,SOG,over,2.5,draftkings,135,2.0121647922327806,0.32615338785682696,0.425531914893617,-0.06122975395257141,244,False,-0.14388992178854276,2.2655785679116605,2.1622686396929476,0.3643021609410456,-0.09937852703679007
ANA@VGK,Rasmus Andersson,d2,PTS,over,0.5,fanduel,114,0.5273766436439725,0.40984888257170166,0.4672897196261682,-0.061385660585577706,238,False,-0.1313653136531363,0.520714455895238,0.520714455895238,0.4059040590405905,-0.057440837054466565
WSH@CAR,Cole Hutson,d2,A,under,0.5,draftkings,-285,0.3790054855573931,0.6845418575623312,0.7402597402597403,-0.06161579525272909,14,False,-0.0832353725343884,0.3666622924763916,0.38765867039244073,0.6786439450070112,-0.05571788269740907
WSH@CAR,Sebastian Aho,f1,PTS,over,0.5,fanduel,-215,0.9824144759756139,0.6255939876856106,0.6825396825396826,-0.06162122912713319,233,False,-0.09028226593045097,0.9448446772232407,0.9700039345439712,0.6209184534125494,-0.05694569485407197
ANA@VGK,Rasmus Andersson,d2,A,over,0.5,fanduel,164,0.37212903609843195,0.31073470331893477,0.3787878787878788,-0.062221855951199445,238,False,-0.16426569971116656,0.3815359621113813,0.3806252227093253,0.31656602283667934,-0.06805317546894402
ANA@VGK,Beckett Sennecke,f2,PTS,over,0.5,draftkings,-120,0.6685048637861339,0.48752577595777,0.5454545454545454,-0.06227494916919085,82,False,-0.11417074014351658,0.7029801014761843,0.6600598464211024,0.48317959628535456,-0.05792876949677539
STL@DAL,Roope Hintz,f2,SOG,under,1.5,fanduel,148,2.1798224542647673,0.37716686639641217,0.4032258064516129,-0.06235408924815811,205,False,-0.15463814133543208,2.251655923316977,2.3424332595170205,0.34087171720345477,-0.026058940055200708
BOS@WPG,James Hagens,f3,SOG,over,1.5,draftkings,105,1.367335108367615,0.3918158271887942,0.4878048780487805,-0.06258270987174402,3,False,-0.12829455523707523,1.5728032422493334,1.4693358298421213,0.42522216817703645,-0.09598905085998627
BOS@WPG,Elias Lindholm,f1,PTS,under,0.5,draftkings,-190,0.5300528572522611,0.5885738584592248,0.6551724137931034,-0.06264424315124917,223,False,-0.0956148974413803,0.49223279068937464,0.5233568617160013,0.5925281706418543,-0.0665985553338786
NYR@DET,Moritz Seider,d1,PTS,over,0.5,fanduel,-140,0.7446639181140566,0.525106123647373,0.5833333333333334,-0.06271566789326166,242,False,-0.10751257353130572,0.7346038942382915,0.7352568067222724,0.5206176654400717,-0.0582272096859604
NYR@DET,Mika Zibanejad,f1,SOG,over,2.5,draftkings,100,2.2874519753629063,0.39561710471693395,0.5,-0.06273771071804501,242,False,-0.12547542143609003,2.5397678606949783,2.4580917478645063,0.437262289281955,-0.10438289528306605
WSH@CAR,Jackson Blake,f2,SOG,over,2.5,draftkings,110,2.195798184549864,0.3727427777456939,0.47619047619047616,-0.06280202719507105,159,False,-0.13188425710964924,2.4414927065768888,2.35960075033338,0.4133884489954051,-0.10344769844478224
NYR@DET,Alexis Lafrenière,f1,A,over,0.5,fanduel,172,0.3552635246580114,0.2990113089388134,0.36764705882352944,-0.06297293977663093,244,False,-0.17128639619243613,0.4350714013009797,0.3633746498558306,0.3046741190468985,-0.06863574988471605
NYR@DET,Adam Fox,d1,PTS,over,0.5,draftkings,-140,0.7438867284802003,0.5247368975887422,0.5833333333333334,-0.06308367347961341,199,False,-0.10814344025076583,0.7731898882334818,0.7344894350872212,0.52024965985372,-0.05859643574459117
ANA@VGK,Mikael Granlund,f2,SOG,under,1.5,draftkings,100,1.8080838164735165,0.47258545207263414,0.5,-0.06407836803603129,207,False,-0.12815673607206257,1.826779781740905,1.9429635929365467,0.4359216319639687,-0.027414547927365862
ANA@VGK,Mikael Granlund,f2,SOG,under,1.5,fanduel,100,1.8080838164735165,0.47258545207263414,0.5,-0.06407836803603129,207,False,-0.12815673607206257,1.826779781740905,1.9429635929365467,0.4359216319639687,-0.027414547927365862
BOS@WPG,Fraser Minten,f3,SOG,under,1.5,draftkings,-155,1.4589976874177648,0.5781123444051561,0.6078431372549019,-0.06422176194416684,104,False,-0.1056551567468551,1.5380116106150727,1.5678362711969194,0.5436213753107351,-0.02973079284974578
STL@DAL,Thomas Harley,d1,SOG,over,1.5,draftkings,-155,1.736788823353547,0.5070916753533719,0.6078431372549019,-0.06430318960838854,225,False,-0.1057891183879941,1.945372086157093,1.8663501225162769,0.5435399476465134,-0.10075146190153006
ANA@VGK,Beckett Sennecke,f2,A,under,0.5,draftkings,-260,0.4095329102498437,0.663960306772348,0.7222222222222222,-0.06444112080707343,82,False,-0.08922616727133248,0.39032005247927326,0.4188830756259863,0.6577811014151488,-0.058261915449874246
NYR@DET,Alex DeBrincat,f1,A,over,0.5,draftkings,120,0.4833556205788471,0.3832895305616502,0.45454545454545453,-0.06448754878546387,242,False,-0.14187260732802054,0.5481373322033496,0.4943912537960728,0.39005790575999066,-0.07125592398380431
BOS@WPG,Kyle Connor,f1,SOG,under,3.5,fanduel,-174,3.146844319739307,0.6175708733211116,0.635036496350365,-0.06480472428802075,226,False,-0.10204881870642346,3.2985402259756658,3.3815932039134,0.5702317720623442,-0.017465623029253363
BOS@WPG,James Hagens,f3,SOG,over,1.5,fanduel,104,1.367335108367615,0.3918158271887942,0.49019607843137253,-0.06497391025433608,3,False,-0.13254677691884564,1.5728032422493334,1.4693358298421213,0.42522216817703645,-0.09838025124257832
ANA@VGK,Ivan Barbashev,f1,A,under,0.5,draftkings,-220,0.46346321608667607,0.6291011552296437,0.6875,-0.06502056044267479,232,False,-0.0945753606438906,0.4443271412001745,0.47404468001231187,0.6224794395573252,-0.058398844770356284
BOS@WPG,David Pastrnak,f1,A,under,0.5,draftkings,-125,0.6965824066780849,0.49828533376025486,0.5555555555555556,-0.0651322063242612,238,False,-0.1172379713836702,0.6641596436866928,0.712486282868592,0.4904233492312944,-0.057270221795300724
STL@DAL,Robert Thomas,f1,A,over,0.5,fanduel,100,0.5578304224863594,0.42755030847836323,0.5,-0.06520520920901474,214,False,-0.13041041841802947,0.6011536141365089,0.5705664116377782,0.43479479079098526,-0.07244969152163677
STL@DAL,Connor McMichael,f2,G,over,0.5,fanduel,300,0.19551128993269257,0.17758594148759732,0.25,-0.06528034259044377,237,True,-0.2611213703617751,0.2666286632539486,0.20422324624978183,0.18471965740955623,-0.07241405851240268
NYR@DET,Pavel Dorofeyev,f2,SOG,over,2.5,draftkings,-135,2.576481800416922,0.46529593673524317,0.574468085106383,-0.0653976217877037,211,False,-0.1138403045934101,2.8670589431765645,2.7686826741458255,0.5090704633186793,-0.10917214837113987
ANA@VGK,Alex Killorn,f2,PTS,under,0.5,draftkings,-200,0.5153670339241422,0.5972813318712121,0.6666666666666666,-0.06548406441935029,224,False,-0.09822609662902548,0.4700036292453683,0.5088565598997579,0.6011826022473163,-0.0693853347954545
ANA@VGK,William Karlsson,f2,PTS,over,0.5,draftkings,120,0.4985985996243937,0.3926187521249508,0.45454545454545453,-0.06576445401161901,136,False,-0.14468179882556187,0.5481373322033496,0.4922999560989585,0.3887810005338355,-0.06192670242050374
STL@DAL,Tyler Seguin,f2,A,under,0.5,draftkings,-295,0.3757546471267348,0.6867708135652486,0.7468354430379747,-0.06593121097786248,115,False,-0.08828077402120571,0.3542237312472745,0.38433361112097325,0.6809042320601122,-0.06006462947272606
NYR@DET,Mika Zibanejad,f1,G,under,0.5,fanduel,-290,0.37257737689241044,0.688956340194763,0.7435897435897436,-0.06597703044950731,242,False,-0.08872773060450978,0.3603389684675673,0.3891793738069611,0.6776127131402363,-0.05463340339498057
NYR@DET,Viktor Arvidsson,f2,PTS,over,0.5,fanduel,-132,0.707184483079498,0.5069696194870029,0.5689655172413793,-0.06642018932660643,150,True,-0.1167385145740355,,0.6982508379208625,0.5025453279147729,-0.06199589775437642
BOS@WPG,JJ Peterka,f1,SOG,over,1.5,draftkings,-190,1.8970895091716837,0.5518712399015211,0.6551724137931034,-0.06651122735873138,238,False,-0.10151713649490579,2.1693777584686265,2.03860894903178,0.588661186434372,-0.10330117389158233
NYR@DET,Alexis Lafrenière,f1,PTS,over,0.5,fanduel,-118,0.6518485294675261,0.47891834885887513,0.5412844036697247,-0.06667467085833101,244,False,-0.12317862921284883,0.7029801014761843,0.6436139264766874,0.47460973281139374,-0.062366054810849614
NYR@DET,Alex DeBrincat,f1,SOG,over,3.5,draftkings,100,3.1626109605555754,0.38564676163957706,0.5,-0.06686950057780844,242,False,-0.13373900115561688,3.550469728070113,3.3985360075654265,0.43313049942219156,-0.11435323836042294
NYR@DET,Mika Zibanejad,f1,PTS,over,0.5,draftkings,-170,0.8377339323241006,0.5673100820403923,0.6296296296296297,-0.06692294976515767,242,False,-0.10628939080348565,0.8823891801984741,0.8271510959245489,0.562706679864472,-0.0623195475892373
WSH@CAR,Nikolaj Ehlers,f3,SOG,under,2.5,fanduel,-144,2.4442668352989223,0.5660599968054434,0.5901639344262295,-0.06709102749485218,232,False,-0.11368201881072171,2.4634219880617563,2.626604712203395,0.5230729069313773,-0.02410393762078611
BOS@WPG,JJ Peterka,f1,SOG,over,2.5,fanduel,150,1.8970895091716837,0.29666357577637575,0.4,-0.06709134097732528,238,False,-0.1677283524433132,2.1693777584686265,2.03860894903178,0.33290865902267475,-0.10333642422362427
ANA@VGK,Rasmus Andersson,d2,SOG,over,1.5,draftkings,-160,1.7522490857606599,0.5115537266843817,0.6153846153846154,-0.06732679232340599,238,False,-0.10940603752553468,1.963810809724091,1.882963692484982,0.5480578230612094,-0.10383088870023371
BOS@WPG,Cole Perfetti,f1,SOG,under,1.5,fanduel,132,2.084057044086702,0.4000666852004976,0.43103448275862066,-0.06756681642866169,218,False,-0.1567550141144951,2.0478163188473926,2.2395239232664896,0.36346766632995897,-0.030967797558123067
ANA@VGK,Beckett Sennecke,f2,G,over,0.5,fanduel,230,0.2568486606047771,0.2265147362998854,0.30303030303030304,-0.06771338588858866,82,False,-0.22345417343234253,0.3327923796628125,0.2682938017629274,0.23531691714171438,-0.07651556673041765
ANA@VGK,Mikael Granlund,f2,PTS,over,0.5,fanduel,-136,0.718876163095167,0.5127004063897521,0.576271186440678,-0.0680162695514891,207,False,-0.11802823245699579,0.7029801014761843,0.7097948205208395,0.5082549168891889,-0.06357078005092587
ANA@VGK,Beckett Sennecke,f2,SOG,over,2.5,draftkings,130,2.0212037998530787,0.32846371354000214,0.43478260869565216,-0.06803163419124059,82,False,-0.15647275863985333,2.363294408662375,2.171981940903048,0.3667509745044116,-0.10631889515565002
NYR@DET,Mika Zibanejad,f1,A,over,0.5,fanduel,122,0.4710744180684462,0.3756688848330812,0.45045045045045046,-0.06810271687917735,242,False,-0.15118803147177373,0.5481373322033496,0.4818296555674863,0.3823477335712731,-0.07478156561736926
NYR@DET,Alex DeBrincat,f1,A,over,0.5,fanduel,118,0.4833556205788471,0.3832895305616502,0.45871559633027525,-0.06865769057028459,242,False,-0.14967376544322042,0.5481373322033496,0.4943912537960728,0.39005790575999066,-0.07542606576862504
WSH@CAR,Alex Ovechkin,f2,PTS,over,0.5,fanduel,-132,0.7022044282211002,0.5045081771734883,0.5689655172413793,-0.06887226893194542,224,False,-0.12104823024402533,0.6261364702769852,0.6933336945714698,0.5000932483094339,-0.06445734006789106
ANA@VGK,Jack Eichel,f1,A,under,0.5,draftkings,100,0.8231329612768797,0.43905395844841144,0.5,-0.06912021552103687,216,False,-0.13824043104207373,0.7649729151312009,0.8419261501070461,0.43087978447896313,-0.06094604155158856
NYR@DET,Pavel Dorofeyev,f2,PTS,over,0.5,fanduel,-130,0.6936460339904075,0.5002493645118887,0.5652173913043478,-0.06936639320272814,211,False,-0.12272515720482668,0.7230001437096264,0.6848834159160111,0.49585099810161964,-0.06496802679245905
WSH@CAR,Dylan Strome,f2,A,over,0.5,draftkings,145,0.40439905863310693,0.3326222547281509,0.40816326530612246,-0.06940750205127372,241,False,-0.17004838002562062,0.4808679978919112,0.4136320115449234,0.33875576325484874,-0.07554101057797158
ANA@VGK,Leo Carlsson,f1,PTS,over,0.5,draftkings,-150,0.7648803570662109,0.5346103917783651,0.6,-0.06990823050473038,198,False,-0.11651371750788397,0.8285518175661484,0.7552178575878792,0.5300917694952696,-0.06538960822163487
STL@DAL,Miro Heiskanen,d1,A,over,0.5,draftkings,-130,0.6680848610526463,0.48731049017568695,0.5652173913043478,-0.07014606420493186,198,False,-0.12410457513180251,0.7436119744858549,0.6833381014633586,0.4950713270994159,-0.07790690112866083
ANA@VGK,Mikael Granlund,f2,G,under,0.5,fanduel,-440,0.28245969960064726,0.7539270249072809,0.8148148148148148,-0.07031752351876208,207,False,-0.08629877886393533,0.2735973325700419,0.29504606515071935,0.7444972912960527,-0.06088778990753385
BOS@WPG,Mark Scheifele,f1,A,under,0.5,draftkings,-115,0.7495882492186027,0.47256109008591507,0.5348837209302325,-0.07034126208222247,235,False,-0.13150757693632897,0.7029801014761843,0.7667023172673252,0.46454245884801004,-0.06232263084431744
ANA@VGK,Shea Theodore,d1,A,over,0.5,draftkings,100,0.5486415704033542,0.42226591134850994,0.5,-0.07054241453676913,183,False,-0.14108482907353825,0.6261364702769852,0.5611677661915471,0.4294575854632309,-0.07773408865149006
NYR@DET,Alexis Lafrenière,f1,PTS,over,0.5,draftkings,-120,0.6518485294675261,0.47891834885887513,0.5454545454545454,-0.07084481264315168,244,False,-0.12988215651244472,0.7029801014761843,0.6436139264766874,0.47460973281139374,-0.06653619659567028
BOS@WPG,David Pastrnak,f1,PTS,over,1.5,fanduel,196,1.019084021772848,0.27126131481391674,0.33783783783783783,-0.071312113290047,238,False,-0.21108385533853913,1.086636097621394,1.0062102451909454,0.26652572454779083,-0.06657652302392109
WSH@CAR,Jackson Blake,f2,PTS,under,0.5,draftkings,-120,0.7559480732716599,0.46956522139543533,0.5454545454545454,-0.07138365597291363,159,False,-0.13087003595034163,0.6834100052820871,0.7463984126010029,0.4740708894816318,-0.07588932405911009
WSH@CAR,Tom Wilson,f1,G,under,0.5,fanduel,-470,0.27154549499194636,0.7622006063687795,0.8245614035087719,-0.07152787460630206,224,False,-0.08674657133104713,0.2591256218654068,0.2836455250786316,0.7530335289024699,-0.06236079713999243
NYR@DET,Alex DeBrincat,f1,G,over,0.5,fanduel,130,0.4320855862899629,0.35084618435914644,0.43478260869565216,-0.07155738146063412,242,False,-0.16458197735945845,0.520714455895238,0.45133926086956383,0.36322522723501804,-0.08393642433650572
ANA@VGK,Jackson LaCombe,d1,SOG,over,1.5,fanduel,-128,1.5613345681490256,0.45435715965541384,0.5614035087719298,-0.07161252860454292,225,False,-0.12755981657684212,1.826274301015986,1.6778072977964165,0.48979098016738687,-0.10704634911651595
STL@DAL,Dylan Holloway,f1,SOG,over,2.5,draftkings,-120,2.4317787422275474,0.4309306449861711,0.5454545454545454,-0.07162710667243294,174,False,-0.13131636223279375,2.7207695334286486,2.6131850300173065,0.4738274387821125,-0.1145239004683743
BOS@WPG,Hampus Lindholm,d1,SOG,over,1.5,draftkings,-110,1.4461404703269134,0.4177240657413264,0.5238095238095238,-0.07173260942099913,158,False,-0.13694407253099827,1.6218050837082691,1.5540199290083536,0.4520769143885247,-0.10608545806819741
BOS@WPG,Cole Perfetti,f1,A,over,0.5,fanduel,172,0.34253793579882524,0.29003381425971525,0.36764705882352944,-0.07208254949998805,218,False,-0.19606453463996742,0.3815359621113813,0.3503585193640572,0.2955645093235414,-0.07761324456381419
ANA@VGK,Mitch Marner,f2,G,over,0.5,fanduel,175,0.3299616430463096,0.28104869031485646,0.36363636363636365,-0.07209423121412317,228,False,-0.1982591358388387,0.41551544396166346,0.34466468869407796,0.2915421324222405,-0.08258767332150718
NYR@DET,Mika Zibanejad,f1,A,over,0.5,draftkings,120,0.4710744180684462,0.3756688848330812,0.45454545454545453,-0.07219772097418142,242,False,-0.15883498614319913,0.5481373322033496,0.4818296555674863,0.3823477335712731,-0.07887656971237333
NYR@DET,Mika Zibanejad,f1,PTS,over,0.5,fanduel,-174,0.8377339323241006,0.5673100820403923,0.635036496350365,-0.07232981648589298,242,False,-0.11389867653525676,0.8823891801984741,0.8271510959245489,0.562706679864472,-0.06772641430997262
NYR@DET,Alexis Lafrenière,f1,A,over,0.5,draftkings,165,0.3552635246580114,0.2990113089388134,0.37735849056603776,-0.07268437151913926,244,False,-0.19261358452571897,0.4350714013009797,0.3633746498558306,0.3046741190468985,-0.07834718162722437
NYR@DET,Lucas Raymond,f1,PTS,over,0.5,fanduel,-172,0.8297943263362182,0.5638610206007214,0.6323529411764706,-0.07308781011616527,240,False,-0.11558072297440092,0.8560506514967985,0.8193117885493938,0.5592651310603053,-0.06849192057574915
STL@DAL,Dylan Holloway,f1,A,under,0.5,draftkings,-210,0.4936147130909265,0.6104159230538388,0.6774193548387096,-0.07384411554470971,174,False,-0.10900798008980961,0.4567272784507173,0.5048845746429118,0.6035752392939999,-0.06700343178487078
NYR@DET,Alexis Lafrenière,f1,G,under,0.5,fanduel,-390,0.3121908606761541,0.731841835070292,0.7959183673469388,-0.07418683110327307,244,False,-0.09320909548872769,0.29936568916026735,0.32610204269403903,0.7217315362436657,-0.06407653227664678
WSH@CAR,Alex Ovechkin,f2,PTS,under,0.5,draftkings,-135,0.7022044282211002,0.4954918228265117,0.574468085106383,-0.07456133341581694,224,False,-0.12979195076086647,0.6261364702769852,0.6933336945714698,0.4999067516905661,-0.07897626227987131
WSH@CAR,Matt Roy,d1,A,over,0.5,draftkings,320,0.17440450139693636,0.16004293487451188,0.23809523809523808,-0.07471434501444724,226,False,-0.3138002490606784,0.25542121023355957,0.17838638145978702,0.16338089308079085,-0.0780523032207262
STL@DAL,Mikko Rantanen,f1,PTS,over,0.5,fanduel,-290,1.1187873498609713,0.6733243021411068,0.7435897435897436,-0.07491522751290725,222,False,-0.10074806458632357,1.090738232237204,1.1046540516470391,0.6686745160768364,-0.07026544144863678
ANA@VGK,Shea Theodore,d1,SOG,over,1.5,fanduel,-165,1.7486881885922934,0.5105286950947611,0.6226415094339622,-0.07562112112287467,183,False,-0.12145210362158665,2.061612739263385,1.879137158840197,0.5470203883110876,-0.11211281433920117
WSH@CAR,Jordan Staal,f3,SOG,over,1.5,draftkings,-120,1.4978337482032613,0.4343516700277382,0.5454545454545454,-0.07622174244940849,227,False,-0.1397398611572489,1.7292070275263625,1.6095694317461142,0.4692328030051369,-0.11110287542680719
STL@DAL,Robert Thomas,f1,G,under,0.5,fanduel,-390,0.3159844612371414,0.7290707789375471,0.7959183673469388,-0.07704113640730648,214,False,-0.09679527394764142,0.29936568916026735,0.3300646855767418,0.7188772309396323,-0.06684758840939165
ANA@VGK,Tomas Hertl,f3,A,under,0.5,draftkings,-250,0.44088866376308145,0.6434643434835847,0.7142857142857143,-0.07726602946321492,209,False,-0.1081724412485009,0.39959998865576585,0.45095472149733395,0.6370196848224994,-0.07082137080212958
WSH@CAR,Pierre-Luc Dubois,f1,PTS,under,0.5,draftkings,-155,0.6422107849824623,0.5261279815109141,0.6078431372549019,-0.07742939576957164,190,False,-0.1273838446531662,0.568259068548668,0.6340979326683129,0.5304137414853303,-0.0817151557439878
NYR@DET,Moritz Seider,d1,A,under,0.5,draftkings,-160,0.606630171823141,0.5451849566874679,0.6153846153846154,-0.07769850245039178,242,False,-0.1262600664818866,0.5629325405614245,0.6204803222914974,0.5376861129342236,-0.0701996586971475
BOS@WPG,Mark Scheifele,f1,PTS,under,0.5,draftkings,155,1.1721160243744229,0.3097108916060789,0.39215686274509803,-0.07782596747175125,235,False,-0.19845621705296568,1.003355870859443,1.157309041335268,0.3143308952733468,-0.08244597113901914
WSH@CAR,Jackson Blake,f2,A,under,0.5,draftkings,-240,0.4554759067609235,0.6341461017066174,0.7058823529411765,-0.07829663191722958,159,False,-0.11092022854940853,0.41551544396166346,0.4658750100966359,0.6275857210239469,-0.07173625123455907
STL@DAL,Jason Robertson,f2,G,under,0.5,fanduel,-190,0.5283167582280126,0.589596568466643,0.6551724137931034,-0.07929385771405428,242,False,-0.12102746703724077,0.49223279068937464,0.5518584806566927,0.5758785560790491,-0.06557584532646044
NYR@DET,Moritz Seider,d1,SOG,over,2.5,draftkings,115,2.0899779019402076,0.3459938163750379,0.46511627906976744,-0.07983442688482939,242,False,-0.17164401780238314,2.391170804979908,2.245886466387279,0.38528185218493805,-0.11912246269472954
STL@DAL,Wyatt Johnston,f1,A,under,0.5,draftkings,-205,0.5120669424140469,0.59925567088155,0.6721311475409836,-0.07984066957472657,242,False,-0.11878733765995908,0.4669501917585635,0.5237580921980927,0.592290477966257,-0.07287547665943361
BOS@WPG,David Pastrnak,f1,PTS,over,0.5,draftkings,-250,1.019084021772848,0.6390746113942215,0.7142857142857143,-0.07988761329425975,238,False,-0.11184265861196363,1.086636097621394,1.0062102451909454,0.6343981009914545,-0.0752111028914928
NYR@DET,Andrew Copp,f1,PTS,over,0.5,draftkings,-110,0.5941478511142643,0.44796722038864767,0.5238095238095238,-0.08000127767562626,214,False,-0.15272971192619555,0.6641596436866928,0.5866421631352141,0.4438082461338976,-0.07584230342087617
WSH@CAR,Jakob Chychrun,d1,PTS,over,0.5,draftkings,-115,0.6139153509070099,0.458772380896759,0.5348837209302325,-0.08032509786258818,235,False,-0.15017300904744746,0.6834100052820871,0.6061599461524264,0.45455862306764433,-0.07611134003347353
ANA@VGK,Mark Stone,f1,G,under,0.5,fanduel,-230,0.46349329965463176,0.6290822299069614,0.696969696969697,-0.08074677687536658,181,False,-0.11585407116900426,0.432708869932181,0.48414649764255785,0.6162229200943304,-0.06788746706273563
ANA@VGK,Shea Theodore,d1,PTS,over,0.5,fanduel,-136,0.6929474224164534,0.4999001109517608,0.576271186440678,-0.08076806334319336,183,False,-0.14015634521318843,0.786561625199371,0.6841936296882781,0.4955031230974846,-0.0763710754889172
BOS@WPG,Cole Perfetti,f1,SOG,under,1.5,draftkings,125,2.084057044086702,0.4000666852004976,0.4444444444444444,-0.08097677811448545,218,False,-0.18219775075759226,2.0478163188473926,2.2395239232664896,0.36346766632995897,-0.044377759243946824
BOS@WPG,Hampus Lindholm,d1,A,over,0.5,fanduel,162,0.3496122951542815,0.2950386463247254,0.3816793893129771,-0.08103606902873989,158,False,-0.21231450085529846,0.4596078381184652,0.357594395482265,0.30064332028423724,-0.08664074298825175
BOS@WPG,JJ Peterka,f1,A,over,0.5,fanduel,200,0.28411311578375165,0.24731850026709085,0.3333333333333333,-0.08114823803647381,238,False,-0.24344471410942148,0.3959735114265928,0.2905997852347821,0.2521850952968595,-0.08601483306624247
ANA@VGK,Ivan Barbashev,f1,A,over,0.5,fanduel,118,0.46346321608667607,0.37089884477035623,0.45871559633027525,-0.08119503588760052,232,False,-0.17700517823496908,0.4443271412001745,0.47404468001231187,0.37752056044267474,-0.08781675155991903
STL@DAL,Wyatt Johnston,f1,PTS,under,0.5,draftkings,135,1.081188550142882,0.3391921391044641,0.425531914893617,-0.08167519697666986,242,False,-0.19193671289517422,0.9205672886414152,1.067530226059617,0.34385671791694716,-0.08633977578915292
STL@DAL,Mason McTavish,f2,SOG,over,1.5,fanduel,-164,1.7206732436891554,0.5024081954172018,0.6212121212121212,-0.08241935220839958,212,True,-0.13267505477449693,2.015931287548767,1.8490323498103345,0.5387927690037216,-0.11880392579491938
WSH@CAR,Pierre-Luc Dubois,f1,A,under,0.5,draftkings,-275,0.4207019366048922,0.6565857764316444,0.7333333333333333,-0.08302398271546407,190,False,-0.1132145218847237,0.37469344944141075,0.4303071052808832,0.6503093506178692,-0.07674755690168888
ANA@VGK,Mitch Marner,f2,SOG,under,2.5,fanduel,-178,2.3100224641180724,0.5987995913510766,0.6402877697841727,-0.08335478872126911,228,False,-0.1301833217107461,2.370209391237808,2.482345954183107,0.5569329810629036,-0.041488178433096046
STL@DAL,Tyler Seguin,f2,PTS,under,0.5,draftkings,-145,0.6851912555366126,0.5039938287463568,0.5918367346938775,-0.08346149542016335,115,False,-0.14102114743406913,0.5903376866938638,0.6765354440910497,0.5083752392737142,-0.08784290594752076
ANA@VGK,Beckett Sennecke,f2,SOG,over,2.5,fanduel,122,2.0212037998530787,0.32846371354000214,0.45045045045045046,-0.08369947594603888,82,False,-0.1858128366002063,2.363294408662375,2.171981940903048,0.3667509745044116,-0.12198673691044831
WSH@CAR,Matt Roy,d1,PTS,over,0.5,draftkings,265,0.2135264280284576,0.19226918686443129,0.273972602739726,-0.08388514148149112,226,False,-0.30618076640744263,0.2986362943828177,0.2108290140075921,0.1900874612582349,-0.08170341587529473
NYR@DET,J.T. Miller,f2,SOG,over,1.5,fanduel,-188,1.8247923245810085,0.5320832889137306,0.6527777777777778,-0.08399525513740491,219,False,-0.12867358233815218,2.0821422453630647,1.9609185254730592,0.5687825226403729,-0.12069448886404721
STL@DAL,Dylan Holloway,f1,PTS,under,0.5,draftkings,-110,0.8341898770451271,0.4342261155241264,0.5238095238095238,-0.08498330956661426,174,False,-0.16224086371808177,0.7135977910312363,0.8236518116113454,0.4388262142429096,-0.08958340828539746
BOS@WPG,Kyle Connor,f1,G,under,0.5,fanduel,-230,0.47078198492982737,0.6245137169725725,0.696969696969697,-0.08542055600551968,226,False,-0.12255992818183259,0.4261829806119048,0.49175996573591385,0.6115491409641773,-0.0724559799971245
WSH@CAR,Alex Ovechkin,f2,A,under,0.5,draftkings,-320,0.38228402075007617,0.682301237973532,0.7619047619047619,-0.08553276213497407,224,False,-0.11226175030215346,0.33484754089421115,0.39101205877878875,0.6763719997697878,-0.07960352393122982
BOS@WPG,Gabriel Vilardi,f2,A,under,0.5,draftkings,-215,0.5051170703062962,0.6034349269799721,0.6825396825396826,-0.08602387990491533,200,False,-0.12603498683743408,0.44693090250038936,0.5166495455322682,0.5965158026347672,-0.07910475555971042
BOS@WPG,Josh Morrissey,d1,SOG,over,2.5,draftkings,120,2.0275751656943037,0.3300914283662882,0.45454545454545453,-0.08607011926702285,236,False,-0.18935426238745023,2.40658779526067,2.1788285990911205,0.3684753352784317,-0.12445402617916634
ANA@VGK,Cutter Gauthier,f1,A,over,0.5,draftkings,170,0.3255557645423571,0.27787408987759527,0.37037037037037035,-0.08714871912344785,156,False,-0.23530154163330919,0.4239431875282588,0.3329886232002133,0.2832216512469225,-0.09249628049277508
ANA@VGK,Tomas Hertl,f3,SOG,under,2.5,fanduel,-170,2.3667937961202616,0.584852333121846,0.6296296296296297,-0.08715841501360766,209,False,-0.13842807090396514,2.3504016978559923,2.543352324683068,0.542471214616022,-0.044777296507783615
ANA@VGK,Tomas Hertl,f3,SOG,under,2.5,draftkings,-170,2.3667937961202616,0.584852333121846,0.6296296296296297,-0.08715841501360766,209,False,-0.13842807090396514,2.3504016978559923,2.543352324683068,0.542471214616022,-0.044777296507783615
ANA@VGK,Mikael Granlund,f2,A,over,0.5,fanduel,132,0.4113826682017121,0.33726672388010825,0.43103448275862066,-0.08757224526369867,207,False,-0.20316760901178088,0.4669501917585635,0.4207750659414156,0.343462237494922,-0.09376775887851241
ANA@VGK,Mark Stone,f1,SOG,under,1.5,draftkings,140,2.23225542710566,0.36511209606078465,0.4166666666666667,-0.0876323642033135,181,False,-0.21031767408795243,2.111183542740241,2.3987776371233545,0.3290343024633532,-0.05155457060588203
ANA@VGK,Shea Theodore,d1,PTS,over,0.5,draftkings,-140,0.6929474224164534,0.4999001109517608,0.5833333333333334,-0.08783021023584875,183,False,-0.15056607469002636,0.786561625199371,0.6841936296882781,0.4955031230974846,-0.08343322238157258
WSH@CAR,Andrei Svechnikov,f1,A,under,0.5,draftkings,-205,0.5257811256873975,0.591093465700133,0.6721311475409836,-0.08809090378763329,207,False,-0.13106207636696665,0.4669501917585635,0.5377853879915734,0.5840402437533503,-0.08103768184085058
BOS@WPG,Mark Scheifele,f1,SOG,under,2.5,draftkings,-180,2.322549618140107,0.5957099035231087,0.6428571428571429,-0.08913258292791537,235,False,-0.138650684554535,2.2655785679116605,2.495807611195996,0.5537245599292275,-0.0471472393340342
ANA@VGK,Mark Stone,f1,A,under,0.5,draftkings,-150,0.6576117812813141,0.5180871636512876,0.6,-0.08963335906219827,181,False,-0.1493889317703304,0.5739095991925931,0.672625907751709,0.5103666409378017,-0.08191283634871238
BOS@WPG,Gabriel Vilardi,f2,G,under,0.5,fanduel,-340,0.3651160205751341,0.6941161144553192,0.7727272727272727,-0.08981272506668514,200,False,-0.11622823243923963,0.3225347287774313,0.38138554047352513,0.6829145476605876,-0.07861115827195353
WSH@CAR,Nikolaj Ehlers,f3,A,under,0.5,draftkings,-185,0.5686132737172007,0.5663102116958827,0.6491228070175439,-0.09011701768421121,232,False,-0.13882891913513618,0.5127039995237264,0.5815954492915207,0.5590057893333327,-0.08281259532166119
BOS@WPG,Kyle Connor,f1,PTS,over,0.5,fanduel,-250,0.9887513064325136,0.6279590337456256,0.7142857142857143,-0.0910028358868954,226,False,-0.1274039702416535,0.9448446772232407,0.9762607137609373,0.6232828783988189,-0.08632668054008874
ANA@VGK,William Karlsson,f2,SOG,under,1.5,draftkings,-105,1.8613989992312592,0.45781332475849945,0.5121951219512195,-0.09113941607554277,136,False,-0.17793885995701209,1.7980948500054361,2.000255991720964,0.42105570587567676,-0.05438179719272007
BOS@WPG,JJ Peterka,f1,PTS,over,0.5,fanduel,-108,0.5657142282126092,0.43204564716221305,0.5192307692307693,-0.0912585428571252,238,False,-0.1757571936507596,0.6731064296764996,0.5585677334902771,0.42797222637364407,-0.08718512206855622
BOS@WPG,Hampus Lindholm,d1,A,over,0.5,draftkings,155,0.3496122951542815,0.2950386463247254,0.39215686274509803,-0.0915135424608608,158,False,-0.23335953327519499,0.4596078381184652,0.357594395482265,0.30064332028423724,-0.09711821642037266
WSH@CAR,Nikolaj Ehlers,f3,SOG,under,2.5,draftkings,-160,2.4442668352989223,0.5660599968054434,0.6153846153846154,-0.0923117084532381,232,False,-0.1500065262365119,2.4634219880617563,2.626604712203395,0.5230729069313773,-0.04932461857917203
NYR@DET,Alex DeBrincat,f1,PTS,over,0.5,draftkings,-220,0.9139797677192065,0.5990745454036911,0.6875,-0.09308137758376056,242,False,-0.13539109466728805,1.0127366301424074,0.9024337410142377,0.5944186224162394,-0.0884254545963089
BOS@WPG,Hampus Lindholm,d1,PTS,over,0.5,draftkings,125,0.4381613256450269,0.35477831634371637,0.4444444444444444,-0.09324743442957384,158,False,-0.20980672746654117,0.5387158777478238,0.43262616770645834,0.3511970100148706,-0.08966612810072805
ANA@VGK,Jackson LaCombe,d1,SOG,over,1.5,draftkings,-140,1.5613345681490256,0.45435715965541384,0.5833333333333334,-0.0935423531659465,225,False,-0.16035831971305115,1.826274301015986,1.6778072977964165,0.48979098016738687,-0.12897617367791953
STL@DAL,Thomas Harley,d1,PTS,under,0.5,draftkings,-185,0.5960889290605164,0.5509622802547043,0.6491228070175439,-0.09399600544964892,225,False,-0.14480465704405376,0.504132776257893,0.5885587200377894,0.555126801567895,-0.0981605267628396
BOS@WPG,Gabriel Vilardi,f2,PTS,under,0.5,draftkings,-105,0.8830083061301377,0.4135369926981719,0.5121951219512195,-0.09401939375624624,200,False,-0.1835616735240998,0.7346038942382915,0.8718535324213831,0.4181757281949733,-0.09865812925304762
ANA@VGK,Mark Stone,f1,SOG,under,1.5,fanduel,136,2.23225542710566,0.36511209606078465,0.423728813559322,-0.09469451109596883,181,False,-0.2234790461864864,2.111183542740241,2.3987776371233545,0.3290343024633532,-0.05861671749853736
BOS@WPG,Kyle Connor,f1,A,over,0.5,fanduel,-113,0.5590339500422631,0.4282388530321943,0.5305164319248826,-0.09502629840415516,226,False,-0.17912036778836327,0.5481373322033496,0.5717974172825017,0.43549013352072746,-0.10227757889268835
STL@DAL,Jimmy Snuggerud,f1,G,under,0.5,fanduel,-420,0.32495860778316404,0.7225572612699314,0.8076923076923077,-0.09552236953688076,75,False,-0.11826579085518574,0.282027014968436,0.33943871886444066,0.712169938155427,-0.08513504642237635
WSH@CAR,Shayne Gostisbehere,d3,A,under,0.5,draftkings,-180,0.589560393163882,0.5545710243692027,0.6428571428571429,-0.09570086559734658,206,False,-0.14886801315142806,0.5079847127643868,0.6030208185346855,0.5471562772597963,-0.08828611848794021
BOS@WPG,JJ Peterka,f1,PTS,over,0.5,draftkings,-110,0.5657142282126092,0.43204564716221305,0.5238095238095238,-0.09583729743587976,238,False,-0.18296211328667955,0.6731064296764996,0.5585677334902771,0.42797222637364407,-0.09176387664731078
STL@DAL,Robert Thomas,f1,SOG,under,1.5,draftkings,-120,1.760464097176326,0.4860876780894967,0.5454545454545454,-0.09589854804226006,214,False,-0.17581400474414344,1.6679796911291853,1.891791528866665,0.44955599741228536,-0.0593668673650487
STL@DAL,Dylan Holloway,f1,G,under,0.5,fanduel,-390,0.34165468761284046,0.710593539099524,0.7959183673469388,-0.09606103365764451,174,False,-0.12069206792883547,0.29936568916026735,0.35687877372590604,0.6998573336892943,-0.08532482824741472
NYR@DET,J.T. Miller,f2,A,over,0.5,fanduel,122,0.42723241860963035,0.3476880748225862,0.45045045045045046,-0.09643048197766385,219,False,-0.21407566999041372,0.5481373322033496,0.43698668662587453,0.3540199684727866,-0.10276237562786428
ANA@VGK,Ivan Barbashev,f1,PTS,over,0.5,fanduel,-162,0.7461129358417858,0.5257937549776885,0.6183206106870229,-0.09701757723753535,232,False,-0.15690497059403863,0.7563260821814771,0.7366875194524828,0.5213030334494876,-0.09252685570933439
BOS@WPG,Gabriel Vilardi,f2,SOG,under,1.5,fanduel,108,2.002649346216068,0.42044384293702974,0.4807692307692308,-0.09707785665828145,200,False,-0.2019219418492254,1.8656455989308036,2.1520433586453662,0.38369137411094933,-0.06032538783220104
BOS@WPG,JJ Peterka,f1,A,over,0.5,draftkings,185,0.28411311578375165,0.24731850026709085,0.3508771929824561,-0.09869209768559661,238,False,-0.2812724784039503,0.3959735114265928,0.2905997852347821,0.2521850952968595,-0.10355869271536527
WSH@CAR,Jakob Chychrun,d1,SOG,over,1.5,draftkings,-180,1.7383301962895041,0.5075379006093435,0.6428571428571429,-0.09886517342059509,235,False,-0.15379026976537014,2.0889623139404536,1.8680064790802904,0.5439919694365478,-0.13531924224779945
WSH@CAR,Nikolaj Ehlers,f3,PTS,under,0.5,draftkings,105,0.9579410650205665,0.3836820496710054,0.4878048780487805,-0.09945154000446133,232,False,-0.20387565700914567,0.7944689391622576,0.9458396887000442,0.38835333804431915,-0.10412282837777509
NYR@DET,J.T. Miller,f2,A,over,0.5,draftkings,120,0.42723241860963035,0.3476880748225862,0.45454545454545453,-0.10052548607266792,219,False,-0.22115606935986942,0.5481373322033496,0.43698668662587453,0.3540199684727866,-0.10685737972286835
WSH@CAR,Jakob Chychrun,d1,SOG,over,1.5,fanduel,-182,1.7383301962895041,0.5075379006093435,0.6453900709219859,-0.10139810148543804,235,False,-0.1571113440598545,2.0889623139404536,1.8680064790802904,0.5439919694365478,-0.1378521703126424
ANA@VGK,Shea Theodore,d1,SOG,over,1.5,draftkings,-185,1.7486881885922934,0.5105286950947611,0.6491228070175439,-0.10210241870645631,183,False,-0.15729291530454081,2.061612739263385,1.879137158840197,0.5470203883110876,-0.13859411192278281
BOS@WPG,Cole Perfetti,f1,PTS,over,0.5,draftkings,-115,0.5737293915040322,0.4365796991852743,0.5348837209302325,-0.10240238401367541,218,False,-0.1914479353299149,0.6834100052820871,0.5664816436766796,0.4324813369165571,-0.09830402174495823
ANA@VGK,Leo Carlsson,f1,A,over,0.5,draftkings,125,0.40925931314473063,0.3358580107570435,0.4444444444444444,-0.10240964750258669,198,False,-0.2304217068808201,0.5296941080703739,0.41860323194553045,0.34203479694185773,-0.1085864336874009
WSH@CAR,Shayne Gostisbehere,d3,PTS,under,0.5,draftkings,-130,0.7811334524902073,0.4578867242193988,0.5652173913043478,-0.1027899567642846,206,False,-0.18185915427527277,0.645107203972583,0.7712656326312372,0.4624274345400632,-0.10733066708494898
BOS@WPG,Mark Scheifele,f1,G,under,0.5,fanduel,-310,0.4076166685377081,0.6652338350116567,0.7560975609756098,-0.10283752496013854,235,False,-0.1360109201085703,0.34593196030966256,0.4257800114916649,0.6532600360154712,-0.09086372596395309
WSH@CAR,Andrei Svechnikov,f1,PTS,under,0.5,draftkings,105,0.967719618492411,0.3799484784453724,0.4878048780487805,-0.10318305786837179,207,False,-0.2115252686301622,0.786561625199371,0.9554947126983603,0.3846218201804087,-0.10785639960340809
BOS@WPG,Hampus Lindholm,d1,PTS,over,0.5,fanduel,120,0.4381613256450269,0.35477831634371637,0.45454545454545453,-0.10334844453058395,158,False,-0.22736657796728466,0.5387158777478238,0.43262616770645834,0.3511970100148706,-0.09976713820173816
WSH@CAR,Taylor Hall,f2,A,under,0.5,draftkings,-280,0.44680129861941764,0.639670999158467,0.7368421052631579,-0.1036632528212812,165,False,-0.14068584311459587,0.3732042458899428,0.4570023494453896,0.6331788524418767,-0.09717110610469082
BOS@WPG,Mark Scheifele,f1,SOG,under,2.5,fanduel,-192,2.322549618140107,0.5957099035231087,0.6575342465753424,-0.1038096866461149,235,False,-0.1578772317742998,2.2655785679116605,2.495807611195996,0.5537245599292275,-0.06182434305223372
WSH@CAR,Jakob Chychrun,d1,A,over,0.5,draftkings,130,0.3927204200455942,0.32478250152314087,0.43478260869565216,-0.1039729557677373,235,False,-0.23913779826579584,0.520714455895238,0.40168673455197745,0.33080965292791487,-0.1100001071725113
NYR@DET,Adam Fox,d1,SOG,over,1.5,draftkings,-140,1.5243791202961317,0.4427719720485955,0.5833333333333334,-0.10543651270184673,199,False,-0.18074830748888004,1.793059165688547,1.6380950404969277,0.47789682063148664,-0.1405613612847379
STL@DAL,Robert Thomas,f1,SOG,under,1.5,fanduel,-125,1.760464097176326,0.4860876780894967,0.5555555555555556,-0.10599955814327022,214,False,-0.19079920465788636,1.6679796911291853,1.891791528866665,0.44955599741228536,-0.06946787746605887
STL@DAL,Thomas Harley,d1,A,under,0.5,draftkings,-260,0.4735726428000503,0.6227733423777408,0.7222222222222222,-0.10614620470189051,225,False,-0.1469716680487715,0.39032005247927326,0.4843849179969228,0.6160760175203317,-0.09944887984448136
WSH@CAR,Jakob Chychrun,d1,PTS,over,0.5,fanduel,-128,0.6139153509070099,0.458772380896759,0.5614035087719298,-0.10684488570428546,235,False,-0.1903174526607585,0.6834100052820871,0.6061599461524264,0.45455862306764433,-0.10263112787517081
WSH@CAR,Jordan Kyrou,f3,SOG,over,2.5,fanduel,148,1.7580330226838186,0.2610302821441524,0.4032258064516129,-0.1085920892392066,234,True,-0.2693083813132324,2.218664051889694,1.8891791006221208,0.2946337172124063,-0.14219552430746046
NYR@DET,J.T. Miller,f2,PTS,over,0.5,draftkings,-140,0.6496936318961429,0.4777942605617512,0.5833333333333334,-0.10984265053943398,219,False,-0.1883016866390297,0.786561625199371,0.641486251066871,0.4734906827938994,-0.10553907277158214
STL@DAL,Mason McTavish,f2,SOG,over,1.5,draftkings,-185,1.7206732436891554,0.5024081954172018,0.6491228070175439,-0.11033003801382224,212,True,-0.16996789639967214,2.015931287548767,1.8490323498103345,0.5387927690037216,-0.14671461160034205
ANA@VGK,Jackson LaCombe,d1,A,over,0.5,fanduel,-115,0.5384724650303255,0.41636089906404977,0.5348837209302325,-0.11139147621411016,225,False,-0.20825362944377124,0.5531011069142318,0.5507664870063889,0.42349224471612235,-0.11852282186618274
STL@DAL,Miro Heiskanen,d1,PTS,over,0.5,draftkings,-180,0.7676980288455855,0.5359198612499243,0.6428571428571429,-0.11145986933287222,198,False,-0.1733820189622457,0.9205672886414152,0.7579999345819428,0.5313972735242707,-0.1069372816072186
WSH@CAR,Jakob Chychrun,d1,A,over,0.5,fanduel,126,0.3927204200455942,0.32478250152314087,0.4424778761061947,-0.11166822317827985,235,False,-0.2523701843829125,0.520714455895238,0.40168673455197745,0.33080965292791487,-0.11769537458305385
WSH@CAR,Alex Tuch,f1,SOG,over,2.5,draftkings,130,1.8601089724582334,0.28717458974691545,0.43478260869565216,-0.11202955844892915,232,True,-0.257667984432537,2.3395489587695857,1.998869731288198,0.322753050246723,-0.1476080189487367
WSH@CAR,Alex Tuch,f1,SOG,over,2.5,fanduel,130,1.8601089724582334,0.28717458974691545,0.43478260869565216,-0.11202955844892915,232,True,-0.257667984432537,2.3395489587695857,1.998869731288198,0.322753050246723,-0.1476080189487367
BOS@WPG,David Pastrnak,f1,G,over,0.5,fanduel,150,0.3244979921127672,0.2771098408696689,0.4,-0.1125126745019937,238,False,-0.2812816862549843,0.4640334622590137,0.33895757822282174,0.2874873254980063,-0.12289015913033113
BOS@WPG,Cole Perfetti,f1,PTS,over,0.5,fanduel,-120,0.5737293915040322,0.4365796991852743,0.5454545454545454,-0.11297320853798831,218,False,-0.20711754898631196,0.6834100052820871,0.5664816436766796,0.4324813369165571,-0.10887484626927113
WSH@CAR,Jordan Kyrou,f3,SOG,over,2.5,draftkings,145,1.7580330226838186,0.2610302821441524,0.40816326530612246,-0.11352954809371618,234,True,-0.27814739282960466,2.218664051889694,1.8891791006221208,0.2946337172124063,-0.14713298316197004
STL@DAL,Wyatt Johnston,f1,G,under,0.5,fanduel,-210,0.5490612585304083,0.5774916713872706,0.6774193548387096,-0.1138852099590636,242,False,-0.16811626232052246,0.4640334622590137,0.573527353052979,0.563534144879646,-0.09992768345143899
NYR@DET,Alex DeBrincat,f1,PTS,over,0.5,fanduel,-245,0.9139797677192065,0.5990745454036911,0.7101449275362319,-0.11572630511999249,242,False,-0.16296153169958127,1.0127366301424074,0.9024337410142377,0.5944186224162394,-0.11107038213254083
WSH@CAR,Taylor Hall,f2,PTS,under,0.5,draftkings,-145,0.7524699078672182,0.47120129051374504,0.5918367346938775,-0.1161349794774248,165,False,-0.19622806877220056,0.6011536141365089,0.7429641857957101,0.47570175521645275,-0.1206354441801325
BOS@WPG,Gabriel Vilardi,f2,SOG,under,1.5,draftkings,100,2.002649346216068,0.42044384293702974,0.5,-0.11630862588905067,200,False,-0.23261725177810133,1.8656455989308036,2.1520433586453662,0.38369137411094933,-0.07955615706297026
NYR@DET,Andrew Copp,f1,PTS,over,0.5,fanduel,-128,0.5941478511142643,0.44796722038864767,0.5614035087719298,-0.11759526263803222,214,False,-0.2094665615739949,0.6641596436866928,0.5866421631352141,0.4438082461338976,-0.11343628838328212
BOS@WPG,David Pastrnak,f1,SOG,over,3.5,fanduel,102,2.9008362094669606,0.33176844324768523,0.49504950495049505,-0.11867542699204975,238,False,-0.23972436252394047,3.553138421006804,3.1172333343811633,0.3763740779584453,-0.16328106170280982
ANA@VGK,Cutter Gauthier,f1,PTS,over,0.5,fanduel,-188,0.7696324066492511,0.5368166998774269,0.6527777777777778,-0.12048635466413626,156,False,-0.18457484118761303,0.8077505632989486,0.7599098759827827,0.5322914231136415,-0.11596107790035093
NYR@DET,Viktor Arvidsson,f2,SOG,over,2.5,fanduel,-114,2.187354724636535,0.37062061079414566,0.5327102803738317,-0.12154426237794569,150,True,-0.2281620363936876,2.7280222443681392,2.3505274236100564,0.41116601799588604,-0.16208966957968607
BOS@WPG,David Pastrnak,f1,SOG,over,3.5,draftkings,100,2.9008362094669606,0.33176844324768523,0.5,-0.1236259220415547,238,False,-0.2472518440831094,3.553138421006804,3.1172333343811633,0.3763740779584453,-0.16823155675231477
ANA@VGK,Jackson LaCombe,d1,PTS,over,0.5,fanduel,-154,0.6619207097415397,0.4841404341466475,0.6062992125984252,-0.12649039943841234,225,False,-0.20862702245036835,0.6834100052820871,0.6535588679796379,0.4798088131600129,-0.12215877845177775
NYR@DET,J.T. Miller,f2,PTS,over,0.5,fanduel,-150,0.6496936318961429,0.4777942605617512,0.6,-0.1265093172061006,219,False,-0.21084886201016761,0.786561625199371,0.641486251066871,0.4734906827938994,-0.12220573943824875
ANA@VGK,Beckett Sennecke,f2,A,over,0.5,fanduel,112,0.4095329102498437,0.33603969322765204,0.4716981132075472,-0.12947921462269596,82,False,-0.2744959350001154,0.39032005247927326,0.4188830756259863,0.3422188985848512,-0.13565841997989514
ANA@VGK,Leo Carlsson,f1,PTS,over,0.5,fanduel,-196,0.7648803570662109,0.5346103917783651,0.6621621621621622,-0.13207039266689258,198,False,-0.19945324606836834,0.8285518175661484,0.7552178575878792,0.5300917694952696,-0.12755177038379706
NYR@DET,Viktor Arvidsson,f2,SOG,over,2.5,draftkings,-120,2.187354724636535,0.37062061079414566,0.5454545454545454,-0.13428852745865938,150,True,-0.24619563367420882,2.7280222443681392,2.3505274236100564,0.41116601799588604,-0.17483393466039976
NYR@DET,Andrew Copp,f1,SOG,under,1.5,draftkings,-135,1.812635461937794,0.4713100677018348,0.574468085106383,-0.13983203845969094,214,False,-0.2434113262076102,1.596879568299651,1.947854782904883,0.4346360466466921,-0.10315801740454822
ANA@VGK,Cutter Gauthier,f1,SOG,over,3.5,draftkings,120,2.613409810296964,0.27233221548897035,0.45454545454545453,-0.14193546228633908,156,False,-0.31225801702994593,3.3929101010926113,2.8083654466494052,0.31260999225911545,-0.18221323905648418
ANA@VGK,Beckett Sennecke,f2,PTS,over,0.5,fanduel,-174,0.6685048637861339,0.48752577595777,0.635036496350365,-0.1518569000650104,82,False,-0.23913098056214277,0.7029801014761843,0.6600598464211024,0.48317959628535456,-0.14751072039259494
ANA@VGK,Leo Carlsson,f1,A,over,0.5,fanduel,102,0.40925931314473063,0.3358580107570435,0.49504950495049505,-0.1530147080086373,198,False,-0.30908971017744735,0.5296941080703739,0.41860323194553045,0.34203479694185773,-0.15919149419345152
ANA@VGK,Cutter Gauthier,f1,SOG,over,3.5,fanduel,114,2.613409810296964,0.27233221548897035,0.4672897196261682,-0.15467972736705277,156,False,-0.3310146165654929,3.3929101010926113,2.8083654466494052,0.31260999225911545,-0.19495750413719787
STL@DAL,Miro Heiskanen,d1,SOG,over,2.5,fanduel,134,1.6712960656471383,0.2389582452445062,0.42735042735042733,-0.15661693398473803,198,False,-0.36648362552428704,2.3950632445505953,1.7959717237577753,0.2707334933656893,-0.18839218210592112
ANA@VGK,Cutter Gauthier,f1,A,over,0.5,fanduel,124,0.3255557645423571,0.27787408987759527,0.44642857142857145,-0.16320692018164895,156,False,-0.36558350120689365,0.4239431875282588,0.3329886232002133,0.2832216512469225,-0.1685544815509762
STL@DAL,Miro Heiskanen,d1,SOG,over,2.5,draftkings,110,1.6712960656471383,0.2389582452445062,0.47619047619047616,-0.20545698282478686,198,False,-0.4314596639320525,2.3950632445505953,1.7959717237577753,0.2707334933656893,-0.23723223094596996
