game,player,unit,market,side,line,book,odds,mu,p_v2,implied,edge,gp,new_team,ev,mu_mkt,mu_rel,p_rel,edge_raw
ANA@VGK,Trevor Connelly,f3,SOG,under,1.5,draftkings,100,1.2189202779582102,0.6586194155307226,0.5,0.11739405813107595,1,False,0.2347881162621519,1.834045672352235,1.3397803087519238,0.617394058131076,0.15861941553072256
STL@DAL,Miro Heiskanen,d1,SOG,under,2.5,draftkings,-160,1.6712960656471383,0.7610417547554937,0.6153846153846154,0.10336551567552499,198,False,0.16796896297272812,2.344398775734553,1.8370106719361399,0.7187501310601404,0.14565713937087832
NYR@DET,Andrew Copp,f1,SOG,over,1.5,draftkings,110,1.812635461937794,0.5286899322981652,0.47619047619047616,0.10073111968324644,214,False,0.2115353513348175,1.523447606550137,1.99236434307065,0.5769215958737226,0.052499456107689024
ANA@VGK,Cutter Gauthier,f1,SOG,under,3.5,fanduel,-146,2.613409810296964,0.7276677845110296,0.5934959349593496,0.08059686762957763,156,False,0.1358002016224391,3.4467548424617416,2.8725381518798687,0.6740928025889272,0.13417184955168004
ANA@VGK,Cutter Gauthier,f1,SOG,under,3.5,draftkings,-150,2.613409810296964,0.7276677845110296,0.6,0.07409280258892725,156,False,0.12348800431487872,3.4467548424617416,2.8725381518798687,0.6740928025889272,0.12766778451102967
STL@DAL,Miro Heiskanen,d1,SOG,under,2.5,fanduel,-182,1.6712960656471383,0.7610417547554937,0.6453900709219859,0.07336006013815455,198,False,0.11366778548878886,2.344398775734553,1.8370106719361399,0.7187501310601404,0.11565168383350788
WSH@CAR,Eric Robinson,f1,A,under,0.5,draftkings,-350,0.1474126134458714,0.8629378441912289,0.7777777777777778,0.07178367085543991,193,False,0.0922932910998513,0.3128723212803395,0.16303500542650168,0.8495614486332177,0.08516006641345109
BOS@WPG,Gabriel Vilardi,f2,A,over,0.5,draftkings,175,0.5051170703062962,0.39656507302002786,0.36363636363636365,0.06438178574158421,200,False,0.1770499107893566,0.4198538455602601,0.5586480177874633,0.42801814937794785,0.03292870938366421
NYR@DET,Viktor Arvidsson,f2,SOG,under,2.5,fanduel,-106,2.187354724636535,0.6293793892058543,0.5145631067961165,0.06117025488529193,150,True,0.11887804251292589,2.802070189773904,2.404238276544603,0.5757333616814084,0.11481628240973785
BOS@WPG,Gabriel Vilardi,f2,A,over,0.5,fanduel,172,0.5051170703062962,0.39656507302002786,0.36764705882352944,0.060371090554418416,200,False,0.1642093663080182,0.4198538455602601,0.5586480177874633,0.42801814937794785,0.02891801419649842
BOS@WPG,Mark Scheifele,f1,SOG,over,2.5,fanduel,150,2.322549618140107,0.4042900964768913,0.4,0.05975906457386493,235,False,0.14939766143466238,2.25309501316178,2.552838196847274,0.45975906457386495,0.00429009647689127
STL@DAL,Thomas Harley,d1,A,over,0.5,draftkings,185,0.4735726428000503,0.37722665762225915,0.3508771929824561,0.05683381247915792,225,False,0.16197636556560013,0.39959998865576585,0.523760596762633,0.40771100546161404,0.026349464639803033
WSH@CAR,Andrei Svechnikov,f1,A,over,0.5,draftkings,160,0.5257811256873975,0.40890653429986695,0.38461538461538464,0.05632658163717558,207,False,0.14644911225665647,0.44693090250038936,0.5815019941361592,0.4409419662525602,0.024291149684482316
ANA@VGK,Brett Howden,f2,SOG,under,1.5,draftkings,-110,1.3226915667112233,0.6231430509338916,0.5238095238095238,0.05597057261387606,209,False,0.10685291135376329,1.7632348313648551,1.4538408685762172,0.5797800964233999,0.09933352712436772
WSH@CAR,Jordan Kyrou,f3,A,over,0.5,draftkings,270,0.3557259973727477,0.2993354221292377,0.2702702702702703,0.05498772815411457,234,True,0.20345459417022393,,0.39342488106222456,0.32525799842438485,0.02906515185896741
BOS@WPG,David Pastrnak,f1,G,under,0.5,fanduel,-190,0.3244979921127672,0.7228901591303312,0.6551724137931034,0.05464251266911957,238,False,0.08340172986339311,0.49223279068937464,0.34275100988092705,0.709814926462223,0.06771774533722774
BOS@WPG,David Pastrnak,f1,SOG,under,3.5,draftkings,-125,2.9008362094669606,0.6682315567523147,0.5555555555555556,0.0535319630295763,238,False,0.09635753345323739,3.6026660428529587,3.188463841842534,0.6090875185851319,0.11267600119675913
BOS@WPG,Gabriel Vilardi,f2,SOG,over,1.5,draftkings,-135,2.002649346216068,0.5795561570629703,0.574468085106383,0.05332515623310807,200,False,0.09282527196133628,1.8684883269989232,2.2012187408102095,0.6277932413394911,0.005088071956587226
BOS@WPG,Gabriel Vilardi,f2,PTS,over,0.5,draftkings,-120,0.8830083061301377,0.5864630073018281,0.5454545454545454,0.0526788955741706,200,False,0.09657797521931277,0.7029801014761843,0.9116351883258439,0.598133441028716,0.041008461847282685
WSH@CAR,Taylor Hall,f2,A,over,0.5,draftkings,195,0.44680129861941764,0.360329000841533,0.3389830508474576,0.05092896602879288,165,False,0.150240449784939,0.3831521371393306,0.49415209758649664,0.3899120168762505,0.02134594999407541
ANA@VGK,Parker Wotherspoon,d2,A,over,0.5,draftkings,330,0.2991490780576987,0.25855113256151846,0.23255813953488372,0.04913045536920843,173,False,0.21126095808759615,0.24613306953890843,0.33085209212696337,0.28168859490409215,0.025992993026634742
WSH@CAR,Nikolaj Ehlers,f3,SOG,over,2.5,fanduel,126,2.4442668352989223,0.43394000319455656,0.4424778761061947,0.048180144511652645,232,False,0.10888712659633493,2.370136505039488,2.68662408402492,0.49065802061784736,-0.008537872911638156
BOS@WPG,Isak Rosen,f2,A,under,0.5,draftkings,-390,0.15371784913900902,0.8575139351768295,0.7959183673469388,0.04773931775852036,52,False,0.059980168465833206,0.2856557293065486,0.17000845302651676,0.8436576851054591,0.06159556782989073
STL@DAL,Robert Thomas,f1,SOG,over,1.5,fanduel,-106,1.760464097176326,0.5139123219105033,0.5145631067961165,0.04742084371898614,214,False,0.09215748873689766,1.6846773233905612,1.9350200126397754,0.5619839505151026,-0.0006507848856132092
WSH@CAR,Eric Robinson,f1,PTS,under,0.5,draftkings,-220,0.29888503356488094,0.7416446687776297,0.6875,0.046993008071492204,193,False,0.06835346628580674,0.4375353670664732,0.30857480271713233,0.7344930080714922,0.05414466877762969
WSH@CAR,Nikolaj Ehlers,f3,SOG,over,2.5,draftkings,125,2.4442668352989223,0.43394000319455656,0.4444444444444444,0.04621357617340294,232,False,0.10398054639015664,2.370136505039488,2.68662408402492,0.49065802061784736,-0.010504441249887864
ANA@VGK,Frank Vatrano,f3,PTS,under,0.5,draftkings,-270,0.24687554640388998,0.7812379153494312,0.7297297297297297,0.04528039733334077,210,False,0.06205091486420766,0.3815359621113813,0.25487918253600944,0.7750101270630705,0.051508185619701496
WSH@CAR,Shayne Gostisbehere,d3,A,over,0.5,draftkings,130,0.589560393163882,0.4454289756307973,0.43478260869565216,0.04423571948873756,206,False,0.10174215482409643,0.520714455895238,0.6520404167043549,0.4790183281843897,0.010646366935145146
WSH@CAR,Cole Hutson,d2,A,over,0.5,draftkings,235,0.3790054855573931,0.31545814243766873,0.29850746268656714,0.043901106773853615,14,False,0.14706870769240954,0.328558339583376,0.4191714667429911,0.34240856946042075,0.016950679751101594
WSH@CAR,Jordan Kyrou,f3,A,over,0.5,fanduel,255,0.3557259973727477,0.2993354221292377,0.28169014084507044,0.04356785757931442,234,True,0.1546658944065662,,0.39342488106222456,0.32525799842438485,0.017645281284167258
ANA@VGK,Mitch Marner,f2,SOG,over,2.5,fanduel,142,2.3100224641180724,0.4012004086489234,0.4132231404958678,0.04329690348561671,228,False,0.10477850643519249,2.3747015164281295,2.539068933518963,0.4565200439814845,-0.012022731846944357
BOS@WPG,Gabriel Vilardi,f2,PTS,over,0.5,fanduel,-125,0.8830083061301377,0.5864630073018281,0.5555555555555556,0.04257788547316044,200,False,0.07664019385168874,0.7029801014761843,0.9116351883258439,0.598133441028716,0.03090745174627252
BOS@WPG,Isak Rosen,f2,PTS,under,0.5,draftkings,-220,0.3049869199894638,0.7371330160361875,0.6875,0.042380460789206875,52,False,0.06164430660248277,0.4443271412001745,0.3148745105921313,0.7298804607892069,0.04963301603618753
WSH@CAR,Nikolaj Ehlers,f3,A,over,0.5,draftkings,135,0.5686132737172007,0.43368978830411725,0.425531914893617,0.04127591628777577,232,False,0.09699840327627296,0.5079847127643868,0.628873377922336,0.4668078311813928,0.008157873410500227
WSH@CAR,Taylor Hall,f2,PTS,over,0.5,draftkings,100,0.7524699078672182,0.528798709486255,0.5,0.04015452586092905,165,False,0.0803090517218581,0.6190392084062237,0.7768647717193303,0.540154525860929,0.02879870948625496
STL@DAL,Wyatt Johnston,f1,G,over,0.5,fanduel,150,0.5490612585304083,0.4225083286127294,0.4,0.04007137794192983,242,False,0.10017844485482463,0.4700036292453683,0.5799459639873252,0.44007137794192985,0.02250832861272939
WSH@CAR,Andrei Svechnikov,f1,PTS,over,0.5,draftkings,-145,0.967719618492411,0.6200515215546276,0.5918367346938775,0.03994993900387711,207,False,0.0675016210755166,0.7944689391622576,0.9990928177304408,0.6317866736977547,0.028214786860750074
WSH@CAR,Pierre-Luc Dubois,f1,A,over,0.5,draftkings,200,0.4207019366048922,0.3434142235683556,0.3333333333333333,0.038711681929324726,190,False,0.11613504578797418,0.3732042458899428,0.46528679543764884,0.37204501526265804,0.010080890235022288
WSH@CAR,Jackson Blake,f2,A,over,0.5,draftkings,180,0.4554759067609235,0.3658538982933825,0.35714285714285715,0.0385943072125528,159,False,0.10806406019514792,0.4074068562910736,0.5037460173492888,0.39573716435540995,0.008711041150525345
BOS@WPG,Gabriel Vilardi,f2,SOG,over,1.5,fanduel,-144,2.002649346216068,0.5795561570629703,0.5901639344262295,0.037629306913261606,200,False,0.06376077004747116,1.8684883269989232,2.2012187408102095,0.6277932413394911,-0.010607777363259241
BOS@WPG,Mark Scheifele,f1,A,over,0.5,fanduel,-111,0.7495882492186027,0.5274389099140849,0.5260663507109005,0.037460139885119315,235,False,0.07120801365549712,0.7135977910312363,0.8290275941947863,0.5635264905960198,0.0013725592031844647
BOS@WPG,Mark Scheifele,f1,G,over,0.5,fanduel,220,0.4076166685377081,0.3347661649883434,0.3125,0.03734540981623313,235,False,0.11950531141194598,0.34593196030966256,0.4305451133178266,0.34984540981623313,0.022266164988343384
ANA@VGK,Mark Stone,f1,SOG,over,1.5,fanduel,-182,2.23225542710566,0.6348879039392153,0.6453900709219859,0.03673700398346036,181,False,0.05692217100733976,2.1339525940087403,2.453591034149088,0.6821270749054462,-0.010502166982770511
WSH@CAR,Shayne Gostisbehere,d3,A,over,0.5,fanduel,126,0.589560393163882,0.4454289756307973,0.4424778761061947,0.03654045207819501,206,False,0.08258142169672067,0.520714455895238,0.6520404167043549,0.4790183281843897,0.002951099524602596
ANA@VGK,Tomas Hertl,f3,SOG,over,2.5,fanduel,130,2.3667937961202616,0.41514766687815396,0.43478260869565216,0.0363300877478589,209,False,0.08355920182007548,2.3730683770151275,2.6014693333593524,0.47111269644351106,-0.019634941817498197
STL@DAL,Dylan Holloway,f1,G,over,0.5,fanduel,275,0.34165468761284046,0.28940646090047595,0.26666666666666666,0.03626565245106439,174,False,0.13599619669149154,0.2852982810965047,0.3608727698048717,0.30293231911773105,0.022739794233809285
WSH@CAR,Nikolaj Ehlers,f3,PTS,over,0.5,draftkings,-145,0.9579410650205665,0.6163179503289946,0.5918367346938775,0.03621378750367532,232,False,0.06118881336827897,0.7944689391622576,0.9889972462913366,0.6280505221975529,0.02448121563511707
ANA@VGK,Mark Stone,f1,A,over,0.5,fanduel,108,0.6576117812813141,0.4819128363487124,0.4807692307692308,0.03602065835738394,181,False,0.07492296938335863,0.6077183327815403,0.7273037077597055,0.5167898891266147,0.0011436055794816213
STL@DAL,Miro Heiskanen,d1,PTS,under,0.5,draftkings,140,0.7676980288455855,0.4640801387500757,0.4166666666666667,0.03600573777332444,198,False,0.08641377065597866,0.9391845517400075,0.792586584118586,0.4526724044399911,0.047413472083409014
WSH@CAR,Alex Tuch,f1,SOG,under,2.5,fanduel,-170,1.8601089724582334,0.7128254102530845,0.6296296296296297,0.03594695606209375,232,True,0.05709222433391359,2.3395489587695857,2.044545011267551,0.6655765856917234,0.0831957806234549
ANA@VGK,Parker Wotherspoon,d2,PTS,over,0.5,draftkings,290,0.3349134459749934,0.28459999557723525,0.2564102564102564,0.03591539178332476,173,False,0.14007002795496648,0.2751605656537396,0.3457712461758798,0.29232564819358114,0.028189739166978867
WSH@CAR,Jakob Chychrun,d1,SOG,under,1.5,fanduel,144,1.7383301962895041,0.49246209939065655,0.4098360655737705,0.03464496980390663,235,False,0.08453372632153222,2.071974237564175,1.9106914612978416,0.44448103537767714,0.08262603381688605
BOS@WPG,David Pastrnak,f1,SOG,under,3.5,fanduel,-135,2.9008362094669606,0.6682315567523147,0.574468085106383,0.03461943347874885,238,False,0.06026345827782209,3.6026660428529587,3.188463841842534,0.6090875185851319,0.09376347164593168
BOS@WPG,Mark Scheifele,f1,SOG,over,2.5,draftkings,135,2.322549618140107,0.4042900964768913,0.425531914893617,0.034227149680247926,235,False,0.08043380174858261,2.25309501316178,2.552838196847274,0.45975906457386495,-0.021241818416725733
NYR@DET,Moritz Seider,d1,A,over,0.5,draftkings,120,0.606630171823141,0.4548150433125321,0.45454545454545453,0.034216116411039166,242,False,0.0752754561042861,0.5434429286898225,0.6709192045589869,0.4887615709564937,0.0002695887670775554
STL@DAL,Thomas Harley,d1,PTS,over,0.5,draftkings,135,0.5960889290605164,0.44903771974529566,0.425531914893617,0.03405095007100628,225,False,0.0800197326668648,0.5079847127643868,0.615413965339241,0.4595828649646233,0.023505804851678636
STL@DAL,Jake Neighbours,f3,A,over,0.5,draftkings,285,0.3144483132930652,0.2698083998310918,0.2597402597402597,0.03400034891557463,226,False,0.1309013433249624,0.2811673914305872,0.34777269913143244,0.29374060865583435,0.010068140090832067
NYR@DET,Emmitt Finnie,f2,PTS,under,0.5,draftkings,-160,0.41829644943958927,0.6581670862374889,0.6153846153846154,0.03391727809879552,82,False,0.055115576910542696,0.5531011069142318,0.4318575032800324,0.6493018934834109,0.042782470852873455
WSH@CAR,Jackson Blake,f2,A,over,0.5,fanduel,176,0.4554759067609235,0.3658538982933825,0.36231884057971014,0.03341832377569981,159,False,0.09223457362093157,0.4074068562910736,0.5037460173492888,0.39573716435540995,0.0035350577136723516
NYR@DET,Marcus Pettersson,d2,PTS,under,0.5,draftkings,-370,0.19186696774464773,0.8254166682290469,0.7872340425531915,0.03306424369748151,240,False,0.042000525777881936,0.2986362943828177,0.19808724114948692,0.820298286250673,0.0381826256758554
STL@DAL,Wyatt Johnston,f1,A,over,0.5,fanduel,150,0.5120669424140469,0.40074432911845,0.4,0.03239777780639469,242,False,0.0809944445159867,0.4776275543566874,0.5663344186341365,0.4323977778063947,0.0007443291184499601
WSH@CAR,Andrei Svechnikov,f1,A,over,0.5,fanduel,144,0.5257811256873975,0.40890653429986695,0.4098360655737705,0.03110590067878971,207,False,0.07589839765624684,0.44693090250038936,0.5815019941361592,0.4409419662525602,-0.00092953127390355
ANA@VGK,Beckett Sennecke,f2,A,over,0.5,draftkings,200,0.4095329102498437,0.33603969322765204,0.3333333333333333,0.030906641479817087,82,False,0.0927199244394512,0.37623546979322614,0.4529341057332993,0.3642399748131504,0.0027063598943187217
WSH@CAR,Shayne Gostisbehere,d3,PTS,over,0.5,draftkings,-110,0.7811334524902073,0.5421132757806012,0.5238095238095238,0.029753741549428114,206,False,0.05680259750345362,0.6558294175527504,0.8064575804381802,0.553563265358952,0.018303751971077364
ANA@VGK,Ryan Poehling,f3,SOG,under,1.5,draftkings,-135,1.2550834372713078,0.6461516935931324,0.574468085106383,0.029664657121796223,217,False,0.05163847721201553,1.596879568299651,1.3795291665124212,0.6041327422281793,0.07168360848674937
STL@DAL,Wyatt Johnston,f1,PTS,over,0.5,draftkings,-180,1.081188550142882,0.6608078608955359,0.6428571428571429,0.029634065774219454,242,False,0.04609743564878577,0.9076823573375551,1.1162403803934178,0.6724912086313624,0.017950718038392988
STL@DAL,Jason Robertson,f2,PTS,over,1.5,fanduel,200,1.2302593597086393,0.34828079447879984,0.3333333333333333,0.02923025145122049,242,False,0.08769075435366158,1.2267066244384226,1.2701440238913493,0.3625635847845538,0.014947461145466523
ANA@VGK,Mark Stone,f1,A,over,0.5,draftkings,105,0.6576117812813141,0.4819128363487124,0.4878048780487805,0.028985011077834244,181,False,0.059419272709560156,0.6077183327815403,0.7273037077597055,0.5167898891266147,-0.005892041700068074
ANA@VGK,Tomas Hertl,f3,A,over,0.5,fanduel,180,0.44088866376308145,0.3565356565164152,0.35714285714285715,0.028766575333936006,209,False,0.0805464109350209,0.4176408432739764,0.48761285760319867,0.38590943247679316,-0.0006072006264419283
BOS@WPG,James Hagens,f3,A,over,0.5,fanduel,400,0.23457431458072203,0.20909254424859502,0.2,0.02851177443087219,3,False,0.14255887215436092,0.26090395337038796,0.2594338690333899,0.2285117744308722,0.009092544248595014
ANA@VGK,Noah Hanifin,d3,A,over,0.5,draftkings,295,0.2990604861521011,0.25848544328372275,0.25316455696202533,0.028453653884742636,230,False,0.11239193284473337,0.2721109858746326,0.3307541114896745,0.28161821084676797,0.005320886321697416
BOS@WPG,Hampus Lindholm,d1,PTS,under,0.5,draftkings,-155,0.4381613256450269,0.6452216836562836,0.6078431372549019,0.0282779193292656,158,False,0.04652173825137251,0.568259068548668,0.4523663932133336,0.6361210565841675,0.03737854640138172
WSH@CAR,Alex Tuch,f1,A,over,0.5,draftkings,270,0.32029514291598676,0.2740652490464813,0.2702702702702703,0.028022602734278756,232,True,0.10368363011683135,,0.35423916001980726,0.29829287300454904,0.0037949787762109888
NYR@DET,Vladislav Gavrikov,d1,SOG,under,1.5,draftkings,-150,1.1903824921399346,0.6685297685921994,0.6,0.027967933080205176,240,False,0.046613221800341886,1.523447606550137,1.3084129058248422,0.6279679330802052,0.06852976859219939
WSH@CAR,Shayne Gostisbehere,d3,PTS,over,0.5,fanduel,-111,0.7811334524902073,0.5421132757806012,0.5260663507109005,0.027496914648051485,206,False,0.05226890982647614,0.6558294175527504,0.8064575804381802,0.553563265358952,0.016046925069700735
NYR@DET,Vladislav Gavrikov,d1,PTS,under,0.5,draftkings,-250,0.28935871038677546,0.7487435751278853,0.7142857142857143,0.027466793578165394,240,False,0.03845351100943151,0.39959998865576585,0.29873963880730936,0.7417525078638797,0.03445786084217095
ANA@VGK,Ryan Poehling,f3,A,over,0.5,draftkings,300,0.293767330546982,0.2545500853087363,0.25,0.02740039109455661,217,False,0.10960156437822643,0.2666286632539486,0.32490000150117754,0.2774003910945566,0.004550085308736296
STL@DAL,Jimmy Snuggerud,f1,G,over,0.5,fanduel,280,0.32495860778316404,0.27744273873006864,0.2631578947368421,0.027372437732634425,75,False,0.10401526338401079,0.282027014968436,0.34323753519089145,0.2905303324694765,0.014284843993226548
STL@DAL,Robert Thomas,f1,SOG,over,1.5,draftkings,-115,1.760464097176326,0.5139123219105033,0.5348837209302325,0.027100229584870128,214,False,0.05066564661519202,1.6846773233905612,1.9350200126397754,0.5619839505151026,-0.02097139901972922
NYR@DET,Will Cuylle,f3,PTS,under,0.5,draftkings,-200,0.35452754506494344,0.7015047943302197,0.6666666666666666,0.02682141241869551,243,False,0.04023211862804321,0.4700036292453683,0.36602122886978333,0.6934880790853621,0.0348381276635531
STL@DAL,Nils Lundkvist,d2,A,over,0.5,draftkings,550,0.1792717164328873,0.16412125345348594,0.15384615384615385,0.026005832365201043,150,False,0.16903791037380667,0.15780699103036894,0.19827045039253818,0.1798519862113549,0.010275099607332083
NYR@DET,J.T. Compher,f2,A,under,0.5,draftkings,-300,0.22955207443952028,0.7948895741309989,0.75,0.02578536744511739,231,False,0.03438048992682319,0.3529643645421967,0.25387938540044974,0.7757853674451174,0.04488957413099892
BOS@WPG,Cole Perfetti,f1,SOG,over,1.5,fanduel,-165,2.084057044086702,0.5999333147995024,0.6226415094339622,0.02528661635073326,218,False,0.040611838381480636,2.0413886120846807,2.2906982847641415,0.6479281257846955,-0.022708194634459833
NYR@DET,Justin Faulk,d3,PTS,over,0.5,draftkings,170,0.4876576255000443,0.3859369234046138,0.37037037037037035,0.02519838175029887,214,False,0.06803563072580698,0.4239431875282588,0.5034673492592795,0.3955687521206692,0.015566553034243424
STL@DAL,Wyatt Johnston,f1,PTS,over,0.5,fanduel,-184,1.081188550142882,0.6608078608955359,0.647887323943662,0.02460388468770036,242,False,0.037975561148407166,0.9076823573375551,1.1162403803934178,0.6724912086313624,0.012920536951873896
STL@DAL,Wyatt Johnston,f1,G,over,1.5,draftkings,1000,0.5490612585304083,0.10543002473000569,0.09090909090909091,0.024433942549276874,242,False,0.26877336804204566,0.4700036292453683,0.5799459639873252,0.11534303345836779,0.01452093382091478
BOS@WPG,Mark Scheifele,f1,PTS,over,0.5,draftkings,-210,1.1721160243744229,0.6902891083939211,0.6774193548387096,0.024417864533360034,235,False,0.03604541907305525,1.003355870859443,1.2101156978956378,0.7018372193720697,0.012869753555211472
BOS@WPG,Mark Scheifele,f1,PTS,over,0.5,fanduel,-210,1.1721160243744229,0.6902891083939211,0.6774193548387096,0.024417864533360034,235,False,0.03604541907305525,1.003355870859443,1.2101156978956378,0.7018372193720697,0.012869753555211472
WSH@CAR,Nikolaj Ehlers,f3,A,over,0.5,fanduel,126,0.5686132737172007,0.43368978830411725,0.4424778761061947,0.024329955075198084,232,False,0.05498569846994772,0.5079847127643868,0.628873377922336,0.4668078311813928,-0.00878808780207746
STL@DAL,Wyatt Johnston,f1,A,over,0.5,draftkings,145,0.5120669424140469,0.40074432911845,0.40816326530612246,0.024234512500272254,242,False,0.05937455562566707,0.4776275543566874,0.5663344186341365,0.4323977778063947,-0.007418936187672476
BOS@WPG,Hampus Lindholm,d1,A,under,0.5,draftkings,-190,0.3496122951542815,0.7049613536752746,0.6551724137931034,0.024147393284523755,158,False,0.03685654764479951,0.49223279068937464,0.38666326513897353,0.6793198070776272,0.049788939882171146
NYR@DET,Vladislav Gavrikov,d1,A,under,0.5,draftkings,-340,0.20532239327534083,0.8143847219264515,0.7727272727272727,0.02412823817145282,240,False,0.031224778810115428,0.3225347287774313,0.2270819078458244,0.7968555108987255,0.0416574491991788
WSH@CAR,Alex Tuch,f1,PTS,over,0.5,draftkings,115,0.6507116494814194,0.4783256046829134,0.46511627906976744,0.0240992409681014,232,True,0.0518133680814179,,0.6718075390713106,0.48921552003786883,0.013209325613145972
WSH@CAR,Jordan Kyrou,f3,PTS,over,0.5,draftkings,135,0.5771462041709745,0.4385015156927131,0.425531914893617,0.02337807343691306,234,True,0.05493847257674567,,0.5958571226094547,0.4489099883305301,0.012969600799096093
NYR@DET,Oliver Bjorkstrand,f2,PTS,under,0.5,draftkings,-190,0.37610334410554214,0.6865313804046613,0.6551724137931034,0.023038803736345592,241,False,0.03516448991336962,0.49223279068937464,0.38829650927780013,0.678211217529449,0.031358966611557904
STL@DAL,Colton Parayko,d2,A,under,0.5,draftkings,-475,0.1484334963337758,0.862057335237503,0.8260869565217391,0.02251581626544441,222,False,0.02725598811080121,0.2532618485653016,0.16416407873494304,0.8486027727871835,0.03597037871576392
ANA@VGK,Tomas Hertl,f3,A,over,0.5,draftkings,175,0.44088866376308145,0.3565356565164152,0.36363636363636365,0.02227306884042951,209,False,0.061250939311181085,0.4176408432739764,0.48761285760319867,0.38590943247679316,-0.007100707119948424
WSH@CAR,Jordan Kyrou,f3,SOG,under,2.5,fanduel,-205,1.7580330226838186,0.7389697178558476,0.6721311475409836,0.022159492044034446,234,True,0.0329690003581975,2.182437073909488,1.9323478889635441,0.694290639585018,0.06683857031486407
STL@DAL,Dylan Holloway,f1,PTS,over,0.5,fanduel,-125,0.8341898770451271,0.5657738844758736,0.5555555555555556,0.021804255653018578,174,False,0.03924766017543346,0.7436119744858549,0.8612340794305825,0.5773598112085742,0.010218328920318043
NYR@DET,Michael Brandsegg-Nygård,f3,G,over,0.5,fanduel,800,0.1347997620892498,0.1261091197461345,0.1111111111111111,0.021599218186328956,14,False,0.19439296367696057,,0.14238225107951677,0.13271032929744006,0.014998008635023402
BOS@WPG,Kyle Connor,f1,G,over,0.5,fanduel,170,0.47078198492982737,0.37548628302742754,0.37037037037037035,0.021436913468258878,226,False,0.057879666364298865,0.42179200139558876,0.49726347986883906,0.39180728383862923,0.005115912657057187
STL@DAL,Mikko Rantanen,f1,A,over,0.5,draftkings,-120,0.7559928820228466,0.530455818764341,0.5454545454545454,0.021152728177812774,222,False,0.03878000165932338,0.7135977910312363,0.8361109727441944,0.5666072736323582,-0.014998726690204411
ANA@VGK,Mark Stone,f1,SOG,over,1.5,draftkings,-195,2.23225542710566,0.6348879039392153,0.6610169491525424,0.02111012575290383,181,False,0.031935831267213555,2.1339525940087403,2.453591034149088,0.6821270749054462,-0.02612904521332704
STL@DAL,Dylan Holloway,f1,A,over,0.5,draftkings,150,0.4936147130909265,0.3895840769461612,0.4,0.020695290756088836,174,False,0.051738226890222005,0.4700036292453683,0.5459266717154467,0.42069529075608886,-0.010415923053838816
STL@DAL,Dylan Holloway,f1,A,over,0.5,fanduel,150,0.4936147130909265,0.3895840769461612,0.4,0.020695290756088836,174,False,0.051738226890222005,0.4700036292453683,0.5459266717154467,0.42069529075608886,-0.010415923053838816
ANA@VGK,Alex Killorn,f2,PTS,over,0.5,draftkings,155,0.5153670339241422,0.40271866812878787,0.39215686274509803,0.02045830885676031,224,False,0.05216868758473869,0.4567272784507173,0.5320750889506626,0.41261517160185834,0.010561805383689837
BOS@WPG,JJ Peterka,f1,A,under,0.5,draftkings,-245,0.28411311578375165,0.7526814997329092,0.7101449275362319,0.020211462062116214,238,False,0.028461038414000273,0.4074068562910736,0.3142226590437099,0.7303563895983481,0.04253657219667728
ANA@VGK,Mikael Granlund,f2,SOG,over,1.5,fanduel,-125,1.8080838164735165,0.5274145479273659,0.5555555555555556,0.020079610149192018,207,False,0.036143298268545676,1.7925478264816421,1.9873613867036641,0.5756351657047476,-0.028141007628189718
BOS@WPG,Mark Scheifele,f1,G,over,1.5,draftkings,1900,0.4076166685377081,0.06360576536232865,0.05,0.019924528111458242,235,False,0.3984905622291648,0.34593196030966256,0.4305451133178266,0.06992452811145825,0.013605765362328645
WSH@CAR,Pierre-Luc Dubois,f1,PTS,over,0.5,draftkings,115,0.6422107849824623,0.4738720184890859,0.46511627906976744,0.01959663175226678,190,False,0.042132758267373616,0.5629325405614245,0.6630310789240637,0.4847129108220342,0.008755739419318453
NYR@DET,Marcus Pettersson,d2,A,under,0.5,draftkings,-475,0.15228104542851068,0.8587468999327521,0.8260869565217391,0.018912427387904662,240,False,0.022893991048516193,0.2532618485653016,0.1684193807262422,0.8449993839096438,0.03265994341101297
WSH@CAR,Nikolaj Ehlers,f3,PTS,over,0.5,fanduel,-156,0.9579410650205665,0.6163179503289946,0.609375,0.018675522197552863,232,False,0.030647010785727735,0.7944689391622576,0.9889972462913366,0.6280505221975529,0.006942950328994613
STL@DAL,Jason Robertson,f2,A,over,0.5,fanduel,-104,0.6795127272328839,0.49313608681666293,0.5098039215686274,0.018549645566213746,242,False,0.036385843226034664,0.6931471805599455,0.7515256570121743,0.5283535671348412,-0.016667834751964483
ANA@VGK,Noah Hanifin,d3,PTS,over,0.5,draftkings,235,0.3691790177161272,0.3086983558690301,0.29850746268656714,0.01841554436251286,230,False,0.061692073614417975,0.328558339583376,0.38114769816444966,0.31692300704908,0.010190893182462968
BOS@WPG,Cole Perfetti,f1,PTS,under,0.5,draftkings,-115,0.5737293915040322,0.5634203008147257,0.5348837209302325,0.018153740352754077,218,False,0.03393960152906206,0.6931471805599455,0.5923295378319645,0.5530374612829866,0.028536579884493207
BOS@WPG,Mark Scheifele,f1,A,over,0.5,draftkings,-120,0.7495882492186027,0.5274389099140849,0.5454545454545454,0.018071945141474366,235,False,0.03313189942603634,0.7135977910312363,0.8290275941947863,0.5635264905960198,-0.018015635540460484
BOS@WPG,Kyle Connor,f1,G,over,1.5,draftkings,1300,0.47078198492982737,0.08147647573517532,0.07142857142857142,0.017946685940773574,226,False,0.2512536031708301,0.42179200139558876,0.49726347986883906,0.089375257369345,0.010047904306603891
WSH@CAR,Shayne Gostisbehere,d3,SOG,over,1.5,draftkings,-135,1.8683043418488783,0.5440732191109172,0.574468085106383,0.017928484042825987,206,False,0.031208842593067443,1.834045672352235,2.0535529790002127,0.592396569149209,-0.030394865995465814
ANA@VGK,Jack Eichel,f1,A,over,0.5,fanduel,-138,0.8231329612768797,0.5609460415515886,0.5798319327731093,0.017791291748363802,216,False,0.03068353214572883,0.8153648132841949,0.9103663768757844,0.5976232245214731,-0.018885891221520734
STL@DAL,Jason Robertson,f2,G,over,1.5,draftkings,1000,0.5283167582280126,0.09890968381869972,0.09090909090909091,0.017376564812016118,242,False,0.19114221293217737,0.49223279068937464,0.5580345851777748,0.10828565572110703,0.008000592909608806
BOS@WPG,Gabriel Vilardi,f2,G,over,0.5,fanduel,230,0.3651160205751341,0.3058838855446809,0.30303030303030304,0.01696379614024235,200,False,0.055980527262799784,0.3327923796628125,0.38565380315926096,0.3199940991705454,0.0028535825143778393
WSH@CAR,K'Andre Miller,d2,A,over,0.5,draftkings,230,0.34837816373225383,0.29416809428952234,0.30303030303030304,0.016722038707233988,224,False,0.05518272773387212,0.33484754089421115,0.3852983437907663,0.319752341737537,-0.008862208740780697
BOS@WPG,Adam Lowry,f3,A,over,0.5,draftkings,425,0.20988556967402483,0.1893229933030973,0.19047619047619047,0.016679713895355025,222,False,0.08756849795061394,0.1986706947954957,0.23212867739648232,0.2071559043715455,-0.0011531971730931734
ANA@VGK,Tomas Hertl,f3,SOG,over,2.5,draftkings,120,2.3667937961202616,0.41514766687815396,0.45454545454545453,0.01656724189805653,209,False,0.036447932175724285,2.3730683770151275,2.6014693333593524,0.47111269644351106,-0.039397787667300566
BOS@WPG,Marat Khusnutdinov,f3,A,under,0.5,draftkings,-370,0.19793639282225894,0.8204220362084843,0.7872340425531915,0.01615743993453056,165,False,0.020524315592511888,0.3022155870679488,0.2189131589457141,0.8033914824877221,0.03318799365529279
ANA@VGK,Shea Theodore,d1,SOG,under,1.5,draftkings,135,1.7486881885922934,0.48947130490523894,0.425531914893617,0.01591422652139357,183,False,0.037398432325274955,2.0643393388206785,1.9220764832524577,0.4414461414150106,0.06393939001162191
NYR@DET,Oliver Bjorkstrand,f2,A,under,0.5,draftkings,-330,0.22093828475168287,0.8017661599610086,0.7674418604651163,0.0157694633561275,241,False,0.020548088615560012,0.328558339583376,0.24435272946734007,0.7832113238212438,0.03432429949589233
NYR@DET,Alexis Lafrenière,f1,SOG,under,2.5,draftkings,-155,2.0121647922327806,0.673846612143173,0.6078431372549019,0.015429363729302703,244,False,0.025383791941756106,2.313484537899197,2.2116776751906744,0.6232725009842046,0.06600347488827107
BOS@WPG,David Pastrnak,f1,PTS,under,1.5,draftkings,-235,1.019084021772848,0.7287386851860833,0.7014925373134329,0.01510003011559724,238,False,0.021525574845638662,1.2111565458161617,1.0521224405921137,0.7165925674290301,0.02724614787265045
STL@DAL,Justin Hryckowian,f1,SOG,under,1.5,draftkings,-135,1.2968331944002502,0.6318947077374383,0.574468085106383,0.014556431585045493,86,False,0.025338973499894113,1.596879568299651,1.4254185519857918,0.5890245166914285,0.057426622631055246
WSH@CAR,Jordan Kyrou,f3,PTS,over,0.5,fanduel,130,0.5771462041709745,0.4385015156927131,0.43478260869565216,0.014127379634877923,234,True,0.03249297316021926,,0.5958571226094547,0.4489099883305301,0.0037189069970609556
ANA@VGK,Jackson LaCombe,d1,A,over,0.5,draftkings,130,0.5384724650303255,0.41636089906404977,0.43478260869565216,0.013951666806203689,225,False,0.0320888336542684,0.520714455895238,0.5955383274612149,0.44873427550185585,-0.01842170963160239
STL@DAL,Roope Hintz,f2,A,over,0.5,fanduel,128,0.5445760156587508,0.4199123206992807,0.43859649122807015,0.013846510324128314,205,False,0.03157004353901249,0.568259068548668,0.6022887159562377,0.45244300155219846,-0.018684170528789457
STL@DAL,Justin Hryckowian,f1,A,under,0.5,draftkings,-270,0.26810684769342913,0.7648260568368696,0.7297297297297297,0.013670962653682062,86,False,0.0187342821550458,0.3815359621113813,0.2965200897454457,0.7434006923834118,0.035096327107139835
STL@DAL,Colton Parayko,d2,PTS,under,0.5,draftkings,-350,0.2265534613897121,0.7972767176522997,0.7777777777777778,0.01366455440531078,222,False,0.017568712806828035,0.3128723212803395,0.23389826121232773,0.7914423321830886,0.019498939874521892
STL@DAL,Robert Thomas,f1,G,over,0.5,fanduel,270,0.3159844612371414,0.2709292210624529,0.2702702702702703,0.013503066057006685,214,False,0.04996134441092481,0.29105475693042016,0.333758592743692,0.28377333632727697,0.0006589507921825888
WSH@CAR,Logan Stankoven,f2,A,over,0.5,fanduel,220,0.35647209373745326,0.29985799045625927,0.3125,0.01331454269394472,180,False,0.04260653662062319,0.36808501067676325,0.3942500467113848,0.3258145426939447,-0.012642009543740729
NYR@DET,J.T. Miller,f2,SOG,under,1.5,fanduel,146,1.8247923245810085,0.4679167110862694,0.4065040650406504,0.013154152113788786,219,False,0.032359214199920494,2.125173073571907,2.005726599388892,0.4196582171544392,0.061412646045619024
STL@DAL,Dylan Holloway,f1,G,over,1.5,draftkings,2500,0.34165468761284046,0.04662884727972533,0.038461538461538464,0.012918035914749867,174,False,0.3358689337834966,0.2852982810965047,0.3608727698048717,0.05137957437628833,0.008167308818186864
BOS@WPG,JJ Peterka,f1,PTS,under,0.5,draftkings,-120,0.5657142282126092,0.567954352837787,0.5454545454545454,0.0121782950000201,238,False,0.022326874166703536,0.6834100052820871,0.5840545251894877,0.5576328404545655,0.022499807383241532
STL@DAL,Dylan Holloway,f1,PTS,over,0.5,draftkings,-130,0.8341898770451271,0.5657738844758736,0.5652173913043478,0.012142419904226376,174,False,0.021482742907477537,0.7436119744858549,0.8612340794305825,0.5773598112085742,0.0005564931715258403
WSH@CAR,Vincent Desharnais,d2,A,over,0.5,draftkings,750,0.12556659872317258,0.1180029774045578,0.11764705882352941,0.012015090727926475,182,True,0.102128271187375,,0.1388738088666805,0.12966214955145589,0.0003559185810283888
BOS@WPG,Cole Perfetti,f1,SOG,over,1.5,draftkings,-175,2.084057044086702,0.5999333147995024,0.6363636363636364,0.011564489421059143,218,False,0.018172769090235796,2.0413886120846807,2.2906982847641415,0.6479281257846955,-0.03643032156413395
ANA@VGK,Ryan Poehling,f3,PTS,over,0.5,draftkings,165,0.47699346773654017,0.3793534164928054,0.37735849056603776,0.011518773282360673,217,False,0.030524749198255874,0.4350714013009797,0.49245746248519534,0.38887726384839844,0.0019949259267676434
WSH@CAR,Sebastian Aho,f1,A,over,0.5,draftkings,105,0.6251673014804059,0.4648281140198966,0.4878048780487805,0.011331210847790929,233,False,0.02322898223797143,0.6077183327815403,0.6914208493207064,0.4991360888965714,-0.022976764028883878
NYR@DET,J.T. Miller,f2,PTS,under,0.5,draftkings,100,0.6496936318961429,0.5222057394382488,0.5,0.011321607613841489,219,False,0.022643215227682978,0.7649729151312009,0.6707565176407877,0.5113216076138415,0.022205739438248773
STL@DAL,Jake Neighbours,f3,PTS,over,0.5,draftkings,155,0.5001953073756553,0.39358778863147537,0.39215686274509803,0.011185319362247648,226,False,0.028522564373731463,0.4567272784507173,0.5164114992729234,0.4033421821073457,0.0014309258863773322
BOS@WPG,David Pastrnak,f1,A,over,0.5,fanduel,-111,0.6965824066780849,0.5017146662397451,0.5260663507109005,0.011107755587700274,238,False,0.02111474260364643,0.6931471805599455,0.7704043351383095,0.5371741062986007,-0.02435168447115532
STL@DAL,Mikko Rantanen,f1,A,over,0.5,fanduel,-125,0.7559928820228466,0.530455818764341,0.5555555555555556,0.011051718076802608,222,False,0.019893092538244783,0.7135977910312363,0.8361109727441944,0.5666072736323582,-0.025099736791214577
STL@DAL,Jason Robertson,f2,G,over,0.5,fanduel,140,0.5283167582280126,0.410403431533357,0.4166666666666667,0.011000502751689567,242,False,0.026401206604054872,0.49223279068937464,0.5580345851777748,0.42766716941835625,-0.006263235133309675
BOS@WPG,Elias Lindholm,f1,G,over,1.5,draftkings,5000,0.25550631701884774,0.027579919148493427,0.0196078431372549,0.010875171187411003,223,False,0.5546337305579612,,0.2698785518485825,0.030483014324665905,0.007972076011238526
ANA@VGK,Mikael Granlund,f2,SOG,over,1.5,draftkings,-130,1.8080838164735165,0.5274145479273659,0.5652173913043478,0.010417774400399815,207,False,0.018431447016092006,1.7925478264816421,1.9873613867036641,0.5756351657047476,-0.03780284337698192
WSH@CAR,Jordan Martinook,f3,A,under,0.5,draftkings,-320,0.23377172432353602,0.791542485169851,0.7619047619047619,0.01026857659832503,236,False,0.013477506785301685,0.33484754089421115,0.2585462224210895,0.7721733385030869,0.029637723265089178
BOS@WPG,Gabriel Vilardi,f2,G,over,1.5,draftkings,2000,0.3651160205751341,0.05245097201768037,0.047619047619047616,0.010128189725879123,200,False,0.21269198424346158,0.3327923796628125,0.38565380315926096,0.05774723734492674,0.004831924398632753
BOS@WPG,Brad Lambert,f3,A,over,0.5,draftkings,500,0.17534391651537773,0.16083163272498785,0.16666666666666666,0.00961479969142745,31,False,0.05768879814856476,0.17185025692665976,0.19392639281227878,0.1762814663580941,-0.005835033941678808
WSH@CAR,Cole Hutson,d2,A,over,0.5,fanduel,200,0.3790054855573931,0.31545814243766873,0.3333333333333333,0.009075236127087438,14,False,0.02722570838126237,0.328558339583376,0.4191714667429911,0.34240856946042075,-0.017875190895664583
STL@DAL,Jimmy Snuggerud,f1,G,over,1.5,draftkings,2500,0.32495860778316404,0.042641537064175915,0.038461538461538464,0.008552174032059982,75,False,0.2223565248335595,0.282027014968436,0.34323753519089145,0.047013712493598446,0.004179998602637451
NYR@DET,Justin Faulk,d3,A,over,0.5,draftkings,255,0.309970652473949,0.2665315186062023,0.28169014084507044,0.008544261689466315,214,False,0.030332128997605512,0.30743867088785715,0.34282050787128154,0.29023440253453675,-0.015158622238868158
NYR@DET,Moritz Seider,d1,A,over,0.5,fanduel,108,0.606630171823141,0.4548150433125321,0.4807692307692308,0.007992340187262914,242,False,0.016624067589506852,0.5434429286898225,0.6709192045589869,0.4887615709564937,-0.025954187456698696
STL@DAL,Jamie Benn,f3,PTS,over,0.5,draftkings,140,0.535065802846801,0.4143692472938312,0.4166666666666667,0.007773728951637304,218,False,0.018656949483929486,0.49223279068937464,0.5524124864495585,0.424440395618304,-0.0022974193728355075
STL@DAL,Jamie Benn,f3,A,over,0.5,draftkings,250,0.3140652467446028,0.26952863427410667,0.2857142857142857,0.007727043640187947,218,False,0.027044652740657815,0.3128723212803395,0.34734903622126895,0.29344132935447365,-0.016185651440179027
WSH@CAR,Andrei Svechnikov,f1,PTS,over,0.5,fanduel,-166,0.967719618492411,0.6200515215546276,0.6240601503759399,0.007726523321814782,207,False,0.012381055443389855,0.7944689391622576,0.9990928177304408,0.6317866736977547,-0.0040086288213122545
NYR@DET,Michael Brandsegg-Nygård,f3,G,over,0.5,draftkings,700,0.1347997620892498,0.1261091197461345,0.125,0.007710329297440061,14,False,0.061682634379520485,,0.14238225107951677,0.13271032929744006,0.001109119746134507
STL@DAL,Esa Lindell,d2,A,over,0.5,draftkings,245,0.3185736402682003,0.27281447415334614,0.2898550724637681,0.00710051761211844,242,False,0.02449678576180858,0.31675833653328994,0.35233521715519844,0.29695559007588657,-0.017040598310421984
NYR@DET,Adam Fox,d1,A,over,0.5,fanduel,108,0.6050409937460344,0.4539479585378229,0.4807692307692308,0.007093000029408603,199,False,0.014753440061169965,0.6077183327815403,0.6691616096668788,0.4878622307986394,-0.0268212722314079
STL@DAL,Tyler Seguin,f2,PTS,over,0.5,draftkings,100,0.6851912555366126,0.49600617125364316,0.5,0.0070783114475435616,115,False,0.014156622895087123,0.6337237600891448,0.7074049643065093,0.5070783114475436,-0.003993828746356842
WSH@CAR,Jackson Blake,f2,PTS,over,0.5,draftkings,-115,0.7559480732716599,0.5304347786045647,0.5348837209302325,0.0069191150029064286,159,False,0.012935736744564164,0.6931471805599455,0.7804556982729015,0.5418028359331389,-0.004448942325667837
STL@DAL,Robert Thomas,f1,G,over,1.5,draftkings,2500,0.3159844612371414,0.04055418377612911,0.038461538461538464,0.006264994512820865,214,False,0.16288985733334238,0.29105475693042016,0.333758592743692,0.04472653297435933,0.0020926453145906493
WSH@CAR,Matt Roy,d1,PTS,under,0.5,draftkings,-390,0.2135264280284576,0.8077308131355687,0.7959183673469388,0.006240264724087896,226,False,0.007840332602059075,0.2889633026078295,0.22044889507480916,0.8021586320710267,0.011812445788629944
STL@DAL,Mikko Rantanen,f1,SOG,over,2.5,draftkings,120,2.3260530524023357,0.4051529825596658,0.45454545454545453,0.0061175547975449995,222,False,0.01345862055459901,2.4628508365280424,2.556689008358428,0.46066300934299953,-0.04939247198578872
BOS@WPG,Elias Lindholm,f1,G,over,1.5,fanduel,4000,0.25550631701884774,0.027579919148493427,0.024390243902439025,0.006092770422226879,223,False,0.24980358731130203,,0.2698785518485825,0.030483014324665905,0.003189675246054402
STL@DAL,Robert Thomas,f1,PTS,over,0.5,draftkings,-150,0.9023808720728766,0.5943971791913356,0.6,0.006091175922825154,214,False,0.010151959871375293,0.8153648132841949,0.9316358074354911,0.6060911759228251,-0.005602820808664366
WSH@CAR,K'Andre Miller,d2,PTS,over,0.5,draftkings,165,0.46757370312314034,0.37347944950887774,0.37735849056603776,0.005546519083148238,224,False,0.014698275570342867,0.432708869932181,0.4827323117389279,0.382905009649186,-0.0038790410571600265
WSH@CAR,Boone Jenner,f4,G,over,1.5,fanduel,10000,0.17683813936079265,0.013909200817335626,0.009900990099009901,0.00551600721395318,147,True,0.5571167286092711,,0.1867852878125438,0.01541699731296308,0.004008210718325725
STL@DAL,Dalibor Dvorsky,f3,A,under,0.5,draftkings,-425,0.18496291330791464,0.8311351073323586,0.8095238095238095,0.005478130788086677,72,False,0.006767102738224784,0.2721109858746326,0.20456478499331557,0.8150019403118962,0.02161129780854909
WSH@CAR,Cole Hutson,d2,PTS,over,0.5,draftkings,165,0.46683307329896817,0.3730152578278444,0.37735849056603776,0.00507448260776,14,False,0.013447378910564023,0.432708869932181,0.48196767090310383,0.38243297317379776,-0.00434323273819337
NYR@DET,Alex DeBrincat,f1,PTS,under,0.5,draftkings,160,0.9139797677192065,0.4009254545963089,0.38461538461538464,0.004604540069042595,242,False,0.011971804179510714,1.0251451367862376,0.9436107360329978,0.38921992468442723,0.01631006998092427
WSH@CAR,Anthony Beauvillier,f4,G,over,1.5,fanduel,10000,0.17113836509819952,0.013075885674666742,0.009900990099009901,0.004595362532908046,220,False,0.46413161582371276,,0.18076490114735233,0.014496352631917947,0.0031748955756568404
ANA@VGK,Alex Killorn,f2,A,over,0.5,draftkings,320,0.2509514428999095,0.22193984901365196,0.23809523809523808,0.004264505167592081,224,False,0.01791092170388664,0.25542121023355957,0.27754660132932507,0.24235974326283016,-0.01615538908158612
WSH@CAR,Jackson Blake,f2,G,over,1.5,draftkings,2200,0.32747959122188963,0.043235013708394776,0.043478260869565216,0.0041855331649455485,159,False,0.09626726279374753,,0.3459003239924197,0.047663794034510765,-0.0002432471611704401
NYR@DET,Mason Appleton,f3,PTS,under,0.5,draftkings,-380,0.22117458502498288,0.8015767247809611,0.7916666666666666,0.004182975141438505,215,False,0.005283758073395983,0.29718972322689097,0.2283450031810056,0.7958496418081051,0.009910058114294462
BOS@WPG,Alex Iafallo,f4,G,over,1.5,draftkings,8000,0.18262062691001996,0.014777505579061507,0.012345679012345678,0.004030309695488149,240,False,0.32645508533454004,,0.19289304038819854,0.016375988707833827,0.0024318265667158286
BOS@WPG,Elias Lindholm,f1,SOG,over,1.5,draftkings,-110,1.6457920341195802,0.48021743816945095,0.5238095238095238,0.003855739077077258,223,False,0.007360956419874665,1.678102105180021,1.8089778302053847,0.5276652628866011,-0.043592085640072886
WSH@CAR,Andrei Svechnikov,f1,G,over,1.5,draftkings,1400,0.4092456636132107,0.06404800641686247,0.06666666666666667,0.003740047796158441,207,False,0.056100716942376616,,0.4322657393949998,0.0704067144628251,-0.0026186602498042
STL@DAL,Tyler Seguin,f2,G,over,1.5,draftkings,2800,0.28871814835737897,0.034462277511022744,0.034482758620689655,0.0035619191795185287,115,False,0.10329565620603742,0.282027014968436,0.30495854928450106,0.03804467780020818,-2.0481109666910247e-05
WSH@CAR,Anthony Beauvillier,f4,G,over,1.5,draftkings,9000,0.17113836509819952,0.013075885674666742,0.01098901098901099,0.0035073416429069575,220,False,0.319168089504533,,0.18076490114735233,0.014496352631917947,0.0020868746856557516
WSH@CAR,Justin Sourdif,f4,G,over,1.5,fanduel,10000,0.1636451020546861,0.012014931672616259,0.009900990099009901,0.0034227886315172703,82,False,0.3457016517832443,,0.1728501419257448,0.013323778730527171,0.002113941573606358
WSH@CAR,Justin Sourdif,f4,G,over,1.5,draftkings,10000,0.1636451020546861,0.012014931672616259,0.009900990099009901,0.0034227886315172703,82,False,0.3457016517832443,,0.1728501419257448,0.013323778730527171,0.002113941573606358
NYR@DET,Viktor Arvidsson,f2,A,over,0.5,draftkings,185,0.3953321740034678,0.32654370258415866,0.3508771929824561,0.00329890747142747,150,True,0.009401886293568307,,0.4372284136838307,0.3541761004538836,-0.024333490398297464
BOS@WPG,Nikita Zadorov,d2,A,over,0.5,draftkings,425,0.19444112037677283,0.17670534789163078,0.19047619047619047,0.0030206524877765817,234,False,0.01585842556082695,0.19695321906202834,0.21504746693472362,0.19349684296396705,-0.013770842584559684
NYR@DET,Eeli Tolvanen,f3,PTS,under,0.5,draftkings,-235,0.3393539172185592,0.7122303338991229,0.7014925373134329,0.0029449561530776602,239,False,0.004198128984174598,0.4239431875282588,0.3503556762546009,0.7044374934665105,0.010737796585690074
NYR@DET,Noah Laba,f3,PTS,under,0.5,draftkings,-310,0.2670422864879129,0.7656406945248505,0.7560975609756098,0.0029432583041562044,76,False,0.0038926964667871378,0.34142274178106913,0.27569972269037013,0.759040819279766,0.009543133549240745
ANA@VGK,Shea Theodore,d1,SOG,under,1.5,fanduel,128,1.7486881885922934,0.48947130490523894,0.43859649122807015,0.0028496501869404445,183,False,0.006497202426224202,2.0643393388206785,1.9220764832524577,0.4414461414150106,0.050874813677168784
WSH@CAR,Jordan Martinook,f3,PTS,under,0.5,draftkings,-200,0.38862450326743037,0.677988804803412,0.6666666666666666,0.002833676743366431,236,False,0.004250515115049591,0.4776275543566874,0.40122360091596593,0.6695003434100331,0.011322138136745319
NYR@DET,Mika Zibanejad,f1,G,over,0.5,fanduel,210,0.37257737689241044,0.31104365980523696,0.3225806451612903,0.002751557198910126,242,False,0.008529827316621441,0.3577496350684979,0.393534860900719,0.32533220236020044,-0.011536985356053353
BOS@WPG,Casey Mittelstadt,f2,G,over,1.5,draftkings,6000,0.19854089899818075,0.017284872120599114,0.01639344262295082,0.0027500828332733956,229,False,0.16775505282967718,,0.20970882806154717,0.019143525456224216,0.0008914294976482932
ANA@VGK,Mitch Marner,f2,A,over,0.5,fanduel,-113,0.68876162537315,0.49780240709633206,0.5305164319248826,0.0026370490963771864,228,False,0.0049707208630827004,0.7029801014761843,0.7617547284819718,0.5331534810212598,-0.03271402482855057
BOS@WPG,Kyle Connor,f1,SOG,over,3.5,fanduel,126,3.146844319739307,0.38242912667888845,0.4424778761061947,0.002555636723926946,226,False,0.005775738996074864,3.333290780025525,3.4588644807491757,0.44503351283012166,-0.06004874942730626
ANA@VGK,Mark Stone,f1,G,over,0.5,fanduel,160,0.46349329965463176,0.37091777009303856,0.38461538461538464,0.00249155179708771,181,False,0.0064780346724280236,0.4443271412001745,0.4895648059186182,0.38710693641247235,-0.01369761452234608
NYR@DET,Andrew Copp,f1,SOG,over,1.5,fanduel,-135,1.812635461937794,0.5286899322981652,0.574468085106383,0.002453510767339573,214,False,0.004270926150554022,1.523447606550137,1.99236434307065,0.5769215958737226,-0.04577815280821784
ANA@VGK,Nikita Nesterenko,f3,PTS,under,0.5,draftkings,-300,0.2754969624753089,0.7591947381633092,0.75,0.0024441556246400653,49,False,0.0032588741661867537,0.3529643645421967,0.28442849690743605,0.7524441556246401,0.00919473816330918
STL@DAL,Mikko Rantanen,f1,G,over,1.5,draftkings,1600,0.377459230238188,0.05561236379964065,0.058823529411764705,0.002377856790645172,222,False,0.040423565440967923,0.43944097883554545,0.39869131858312695,0.06120138620240988,-0.0032111656121240548
ANA@VGK,Tomas Hertl,f3,G,over,1.5,fanduel,1900,0.3451120122874079,0.04747099613236983,0.05,0.0023011558531928836,209,False,0.046023117063857644,,0.36452456905323943,0.052301155853192886,-0.002529003867630171
BOS@WPG,Alex Iafallo,f4,G,over,1.5,fanduel,7000,0.18262062691001996,0.014777505579061507,0.014084507042253521,0.002291481665580306,240,False,0.1626951982562017,,0.19289304038819854,0.016375988707833827,0.0006929985368079854
BOS@WPG,David Pastrnak,f1,A,over,0.5,draftkings,-115,0.6965824066780849,0.5017146662397451,0.5348837209302325,0.0022903853683682307,238,False,0.00428202481912332,0.6931471805599455,0.7704043351383095,0.5371741062986007,-0.033169054690487365
ANA@VGK,Brett Howden,f2,PTS,under,0.5,draftkings,-165,0.4556222661285658,0.6340532952758897,0.6226415094339622,0.0021149235035645697,209,False,0.003396695323906629,0.5387158777478238,0.4703934125013168,0.6247564329375268,0.01141178584192748
ANA@VGK,Braeden Bowman,f4,G,over,1.5,draftkings,6000,0.1948611679309058,0.016690314018778987,0.01639344262295082,0.0020940547602364135,55,False,0.1277373403744213,,0.20582211205696735,0.018487497383187234,0.000296871395828166
ANA@VGK,Victor Olofsson,f3,A,over,0.5,draftkings,285,0.2742287224780536,0.23984180988903606,0.2597402597402597,0.001875356182399479,186,False,0.007220121302238036,0.2811673914305872,0.3032907443414182,0.2616156159226592,-0.01989844985122366
WSH@CAR,Tom Wilson,f1,G,over,1.5,draftkings,3000,0.27154549499194636,0.030827252691648488,0.03225806451612903,0.0017945634658620008,224,False,0.05563146744172198,0.282027014968436,0.28681993386498966,0.03405262798199103,-0.0014308118244805434
WSH@CAR,Vincent Desharnais,d2,PTS,over,0.5,draftkings,600,0.15133705445233933,0.1404420679996469,0.14285714285714285,0.0017918498185903187,182,True,0.012542948730132286,,0.15624335940958148,0.14464899267573317,-0.0024150748574959524
BOS@WPG,Brad Lambert,f3,PTS,over,0.5,draftkings,265,0.31212013968377755,0.2681064065186876,0.273972602739726,0.0015023798806431676,31,False,0.005483686564347501,0.2986362943828177,0.3222389872728715,0.2754749826203692,-0.0058661962210384
WSH@CAR,Ilya Protas,f3,G,over,1.5,draftkings,4500,0.21960163033777047,0.020856782359276585,0.021739130434782608,0.0013428255275075018,4,False,0.06176997426534503,,0.2319542259097,0.02308195596229011,-0.0008823480755060231
ANA@VGK,Shea Theodore,d1,PTS,under,0.5,draftkings,105,0.6929474224164534,0.5000998890482392,0.4878048780487805,0.001185442566372763,183,False,0.002430157261064103,0.7944689391622576,0.7154125839462142,0.48899032061515324,0.012295010999458733
BOS@WPG,Morgan Geekie,f2,G,over,1.5,draftkings,2000,0.3312316975514683,0.044124013412969953,0.047619047619047616,0.0010183656938327831,231,False,0.021385679570488536,0.3327923796628125,0.3498634863690818,0.0486374133128804,-0.003495034206077663
NYR@DET,Mika Zibanejad,f1,G,over,1.5,draftkings,1600,0.37257737689241044,0.05435411378207713,0.058823529411764705,0.001003375050062573,242,False,0.017057375851063705,0.3577496350684979,0.393534860900719,0.05982690446182728,-0.004469415629687577
WSH@CAR,Alex Ovechkin,f2,G,over,1.5,draftkings,2000,0.3310119609377387,0.04407176346619004,0.047619047619047616,0.000961148005005498,224,False,0.020184108105115506,0.3327923796628125,0.34963138956696216,0.048580195624053114,-0.0035472841528575785
NYR@DET,Albert Johansson,d1,PTS,under,0.5,draftkings,-650,0.1375491742965525,0.8714914939622918,0.8666666666666667,0.0009472323897763424,139,False,0.001092960449741831,0.1986706947954957,0.1420084800373569,0.867613899056443,0.004824827295625056
BOS@WPG,Pavel Zacha,f2,G,over,1.5,draftkings,2200,0.3146472469206323,0.040246569337088124,0.043478260869565216,0.0009111111355364077,235,False,0.02095555611733735,,0.3323461600983416,0.044389372005101624,-0.003231691532477092
BOS@WPG,Pavel Zacha,f2,G,over,1.5,fanduel,2200,0.3146472469206323,0.040246569337088124,0.043478260869565216,0.0009111111355364077,235,False,0.02095555611733735,,0.3323461600983416,0.044389372005101624,-0.003231691532477092
WSH@CAR,Eric Robinson,f1,G,over,1.5,fanduel,8000,0.16216711496985575,0.011810353950458709,0.012345679012345678,0.0007519416273592712,193,False,0.060907271816101005,,0.1712890180413772,0.01309762063970495,-0.0005353250618869692
WSH@CAR,Eric Robinson,f1,G,over,1.5,draftkings,8000,0.16216711496985575,0.011810353950458709,0.012345679012345678,0.0007519416273592712,193,False,0.060907271816101005,,0.1712890180413772,0.01309762063970495,-0.0005353250618869692
NYR@DET,J.T. Compher,f2,G,over,1.5,draftkings,7000,0.17252708424177263,0.013276838410618736,0.014084507042253521,0.0006338847871409283,231,False,0.045005819887005805,,0.18223173576719567,0.01471839182939445,-0.0008076686316347854
ANA@VGK,Braeden Bowman,f4,G,over,1.5,fanduel,5500,0.1948611679309058,0.016690314018778987,0.017857142857142856,0.0006303545260443778,55,False,0.035299853458485186,,0.20582211205696735,0.018487497383187234,-0.0011668288383638696
STL@DAL,Dalibor Dvorsky,f3,G,over,1.5,draftkings,7500,0.1666401932853758,0.012434253002565322,0.013157894736842105,0.0006293800459466863,72,False,0.04783288349194814,,0.17601370709088043,0.01378727478278879,-0.0007236417342767823
STL@DAL,Dalibor Dvorsky,f3,G,over,1.5,fanduel,7500,0.1666401932853758,0.012434253002565322,0.013157894736842105,0.0006293800459466863,72,False,0.04783288349194814,,0.17601370709088043,0.01378727478278879,-0.0007236417342767823
NYR@DET,Mason Appleton,f3,A,under,0.5,draftkings,-700,0.12011048815973158,0.8868224479236767,0.875,0.0006056379552608071,215,False,0.000692157663155113,0.18879407129957604,0.1328394743920066,0.8756056379552608,0.011822447923676704
WSH@CAR,Ilya Protas,f3,A,over,0.5,draftkings,250,0.3049946490070705,0.2628726812558546,0.2857142857142857,0.0006032624869211078,4,False,0.002111418704223933,0.3128723212803395,0.33731716095095365,0.2863175482012068,-0.022841604458431086
NYR@DET,Alexis Lafrenière,f1,G,over,1.5,draftkings,2200,0.3121908606761541,0.0396838325602975,0.043478260869565216,0.0002942574074315252,244,False,0.006767920370924996,0.31121256986197504,0.3297516020843742,0.04377251827699674,-0.003794428309267718
BOS@WPG,Morgan Barron,f3,G,over,1.5,draftkings,10000,0.1412503484535188,0.00908437564609135,0.009900990099009901,0.00018123149291238497,216,False,0.018304380784150975,,0.1491956830403192,0.010082221591922286,-0.0008166144529185519
BOS@WPG,Morgan Barron,f3,G,over,1.5,fanduel,10000,0.1412503484535188,0.00908437564609135,0.009900990099009901,0.00018123149291238497,216,False,0.018304380784150975,,0.1491956830403192,0.010082221591922286,-0.0008166144529185519
NYR@DET,Adam Fox,d1,A,over,0.5,draftkings,105,0.6050409937460344,0.4539479585378229,0.4878048780487805,5.73527498589077e-05,199,False,0.00011757313721072471,0.6077183327815403,0.6691616096668788,0.4878622307986394,-0.033856919510957595
STL@DAL,Jamie Benn,f3,G,over,1.5,fanduel,5000,0.20087473731941885,0.017666581596705238,0.0196078431372549,-4.321531732359371e-05,218,False,-0.0022039811835032896,,0.21217394482943516,0.019564627819931308,-0.0019412615405496637
STL@DAL,Jamie Benn,f3,G,over,1.5,draftkings,5000,0.20087473731941885,0.017666581596705238,0.0196078431372549,-4.321531732359371e-05,218,False,-0.0022039811835032896,,0.21217394482943516,0.019564627819931308,-0.0019412615405496637
WSH@CAR,Dylan Strome,f2,G,over,1.5,draftkings,3500,0.2425488111978629,0.025064582183007836,0.027777777777777776,-6.199243888955e-05,241,False,-0.002231727800023786,,0.2561921860970891,0.027715785338888226,-0.0027131955947699397
ANA@VGK,Mitch Marner,f2,G,under,0.5,fanduel,-240,0.3299616430463096,0.7189513096851435,0.7058823529411765,-0.00015195799955225464,228,False,-0.00021527383269903666,0.42179200139558876,0.3485219912756524,0.7057303949416243,0.01306895674396702
WSH@CAR,Alex Tuch,f1,A,over,0.5,fanduel,235,0.32029514291598676,0.2740652490464813,0.29850746268656714,-0.00021458968201809592,232,True,-0.0007188754347605686,,0.35423916001980726,0.29829287300454904,-0.024442213640085864
STL@DAL,Tyler Seguin,f2,G,over,0.5,fanduel,280,0.28871814835737897,0.25077665452320397,0.2631578947368421,-0.0003118240530066707,115,False,-0.001184931401425393,0.282027014968436,0.30495854928450106,0.2628460706838354,-0.012381240213638123
ANA@VGK,Tomas Hertl,f3,G,over,1.5,draftkings,1800,0.3451120122874079,0.04747099613236983,0.05263157894736842,-0.0003304230941755318,209,False,-0.006278038789335083,,0.36452456905323943,0.052301155853192886,-0.005160582814998586
BOS@WPG,Casey Mittelstadt,f2,G,over,1.5,fanduel,5000,0.19854089899818075,0.017284872120599114,0.0196078431372549,-0.0004643176810306855,229,False,-0.02368020173256491,,0.20970882806154717,0.019143525456224216,-0.002322971016655788
WSH@CAR,Pierre-Luc Dubois,f1,G,over,1.5,fanduel,4000,0.22367940081804633,0.02158090522616727,0.024390243902439025,-0.0005104197872199782,190,False,-0.020927211276019153,,0.23626137105126832,0.023879824115219047,-0.0028093386762717554
WSH@CAR,Pierre-Luc Dubois,f1,G,over,1.5,draftkings,4000,0.22367940081804633,0.02158090522616727,0.024390243902439025,-0.0005104197872199782,190,False,-0.020927211276019153,,0.23626137105126832,0.023879824115219047,-0.0028093386762717554
WSH@CAR,Ilya Protas,f3,PTS,over,0.5,draftkings,140,0.5208055780597799,0.40595819188228793,0.4166666666666667,-0.0007626531953300875,4,False,-0.0018303676687921877,0.49223279068937464,0.5376899491653295,0.4159040134713366,-0.010708474784378752
BOS@WPG,Adam Lowry,f3,G,over,1.5,fanduel,7500,0.15746562659411473,0.01116996377981099,0.013157894736842105,-0.0007683400544991649,222,False,-0.05839384414193649,,0.1663230708617451,0.01238955468234294,-0.0019879309570311147
WSH@CAR,Jordan Martinook,f3,G,over,1.5,fanduel,7000,0.1626819442826644,0.011881438424251715,0.014084507042253521,-0.0009083012812357572,236,False,-0.06448939096773876,,0.17183280651209334,0.013176205761017764,-0.0022030686180018067
BOS@WPG,Marat Khusnutdinov,f3,G,over,1.5,fanduel,10000,0.13263143128661392,0.008055187226032826,0.009900990099009901,-0.0009581838460559489,165,False,-0.09677656845165084,,0.14009195163106564,0.008942806252953952,-0.0018458028729770749
WSH@CAR,Alex Tuch,f1,PTS,over,0.5,fanduel,104,0.6507116494814194,0.4783256046829134,0.49019607843137253,-0.0009805583935036943,232,True,-0.002000339122747552,,0.6718075390713106,0.48921552003786883,-0.01187047374845912
ANA@VGK,Jackson LaCombe,d1,SOG,under,1.5,draftkings,100,1.5613345681490256,0.5456428403445861,0.5,-0.001086615646459621,225,False,-0.002173231292919242,1.8174150234299402,1.7161461234230697,0.4989133843535404,0.0456428403445861
WSH@CAR,Taylor Hall,f2,G,over,1.5,draftkings,2800,0.26857607332912375,0.030215118742258604,0.034482758620689655,-0.0011027704101083322,165,False,-0.031980341893141584,,0.2836834821813655,0.03337998821058132,-0.00426763987843105
STL@DAL,Pavel Buchnevich,f2,G,over,1.5,draftkings,4000,0.22053241064485737,0.02102115446932874,0.024390243902439025,-0.001127159957836403,235,False,-0.046213558271292476,0.2520700006629038,0.23293736262544415,0.023263083944602622,-0.003369089433110286
ANA@VGK,Leo Carlsson,f1,SOG,over,2.5,draftkings,115,2.3383109339006514,0.40816787818781486,0.46511627906976744,-0.0012971333085654013,198,False,-0.0027888366134156684,2.4555947794928352,2.5701622998898213,0.46381914576120203,-0.05694840088195258
WSH@CAR,Nikolaj Ehlers,f3,G,over,1.5,draftkings,2000,0.3222396516751923,0.04200492988435367,0.047619047619047616,-0.001302763693934901,232,False,-0.027358037572632887,,0.3403656377539872,0.046316283925112715,-0.005614117734693946
ANA@VGK,William Karlsson,f2,SOG,over,1.5,draftkings,-145,1.8613989992312592,0.5421866752415005,0.5918367346938775,-0.0013338062422342256,136,False,-0.0022536726161889176,1.8834106749920483,2.0459629485186714,0.5905029284516433,-0.04965005945237699
ANA@VGK,Alex Killorn,f2,G,over,1.5,fanduel,4500,0.20536838038676364,0.018411548175248246,0.021739130434782608,-0.0013528125867915373,224,False,-0.06222937899241077,,0.21692035539841523,0.02038631784799107,-0.003327582259534362
WSH@CAR,Jakob Chychrun,d1,A,under,0.5,draftkings,-185,0.3927204200455942,0.6752174984768591,0.6491228070175439,-0.001430722043453958,235,False,-0.0022040853101857882,0.504132776257893,0.4343398730715922,0.6476920849740899,0.0260946914593152
STL@DAL,Roope Hintz,f2,SOG,over,2.5,fanduel,136,2.1798224542647673,0.3687255200555867,0.423728813559322,-0.0014727018647327506,205,False,-0.0034755764007693424,2.293452143053062,2.3959591563209295,0.42225611169458926,-0.05500329350373534
ANA@VGK,Victor Olofsson,f3,G,over,1.5,draftkings,4000,0.21863248664274748,0.020686212262316612,0.024390243902439025,-0.001496255767456725,186,False,-0.061346486465725714,,0.2309305678647731,0.0228939881349823,-0.0037040316401224134
WSH@CAR,Matt Roy,d1,A,under,0.5,draftkings,-475,0.17440450139693636,0.8399570651254882,0.8260869565217391,-0.0015121578082913922,226,False,-0.0018305068205632935,0.24804511601053397,0.19288742100822034,0.8245747987134477,0.013870108603749043
STL@DAL,Jake Neighbours,f3,G,over,1.5,fanduel,5000,0.192160542908372,0.01625966080623729,0.0196078431372549,-0.0015956085269403855,226,False,-0.08137603487395961,,0.2029695768293796,0.018012234610314516,-0.003348182331017611
WSH@CAR,Alex Ovechkin,f2,SOG,under,2.5,draftkings,100,2.4884442007496688,0.5554783466480959,0.5,-0.0016047492866361202,224,False,-0.0032094985732722403,2.7887219642929706,2.7351817833213765,0.4983952507133639,0.05547834664809592
WSH@CAR,Logan Stankoven,f2,G,over,1.5,draftkings,2000,0.3210276828839579,0.04172233189101933,0.047619047619047616,-0.0016123953201731892,180,False,-0.033860301723636965,,0.33908549569691276,0.04600665229887443,-0.005896715728028287
NYR@DET,J.T. Compher,f2,G,over,1.5,fanduel,6000,0.17252708424177263,0.013276838410618736,0.01639344262295082,-0.0016750507935563708,231,False,-0.10217809840693859,,0.18223173576719567,0.01471839182939445,-0.0031166042123320845
STL@DAL,Pius Suter,f4,G,over,1.5,fanduel,10000,0.12687512265226336,0.007399189050628874,0.009900990099009901,-0.0016847344817797188,208,False,-0.17015818265975158,,0.13401185053471026,0.008216255617230182,-0.002501801048381027
BOS@WPG,Adam Lowry,f3,G,over,1.5,draftkings,7000,0.15746562659411473,0.01116996377981099,0.014084507042253521,-0.0016949523599105818,222,False,-0.12034161755365136,,0.1663230708617451,0.01238955468234294,-0.0029145432624425316
STL@DAL,Jonatan Berggren,f3,G,over,1.5,fanduel,10000,0.12588427905014374,0.007288832996781277,0.009900990099009901,-0.0018069826240696956,134,False,-0.18250524503103926,,0.13296527196253058,0.008094007474940206,-0.0026121571022286244
ANA@VGK,Mikael Granlund,f2,G,over,1.5,draftkings,2500,0.28245969960064726,0.03311897411659884,0.038461538461538464,-0.001891652416063594,207,False,-0.04918296281765344,0.282027014968436,0.29834806267504194,0.03656988604547487,-0.0053425643449396265
STL@DAL,Jonatan Berggren,f3,PTS,over,0.5,draftkings,220,0.3602143770649024,0.3024732237014105,0.3125,-0.0019284028499438333,134,False,-0.006170889119820222,0.34593196030966256,0.37189242637185527,0.31057159715005617,-0.010026776298589501
WSH@CAR,Jordan Martinook,f3,G,over,1.5,draftkings,6500,0.1626819442826644,0.011881438424251715,0.015151515151515152,-0.0019753093904973876,236,False,-0.1303704197728276,,0.17183280651209334,0.013176205761017764,-0.003270076727263437
STL@DAL,Thomas Harley,d1,G,over,1.5,fanduel,8000,0.1432043365447666,0.0093254414205799,0.012345679012345678,-0.0019966521003369347,225,False,-0.16172882012729173,,0.1512595829960938,0.010349026912008744,-0.003020237591765779
STL@DAL,Thomas Harley,d1,G,over,1.5,draftkings,8000,0.1432043365447666,0.0093254414205799,0.012345679012345678,-0.0019966521003369347,225,False,-0.16172882012729173,,0.1512595829960938,0.010349026912008744,-0.003020237591765779
WSH@CAR,Logan Stankoven,f2,SOG,over,1.5,draftkings,-185,2.0806786533218737,0.5991044079759473,0.6491228070175439,-0.0020109287868705916,180,False,-0.0030979173203141697,2.100837714169238,2.286984915232241,0.6471118782306733,-0.05001839904159655
WSH@CAR,Logan Stankoven,f2,A,over,0.5,draftkings,205,0.35647209373745326,0.29985799045625927,0.32786885245901637,-0.002054309765071649,180,False,-0.0062656447834685824,0.36808501067676325,0.3942500467113848,0.3258145426939447,-0.028010862002757098
WSH@CAR,Aliaksei Protas,f3,G,over,1.5,draftkings,5000,0.18768152131948657,0.015556149467747374,0.0196078431372549,-0.002372150244694827,230,False,-0.12097966247943615,,0.19823861019727956,0.017235692892560075,-0.004051693669507528
ANA@VGK,Jack Eichel,f1,A,over,0.5,draftkings,-150,0.8231329612768797,0.5609460415515886,0.6,-0.0023767754785268824,216,False,-0.003961292464211508,0.8153648132841949,0.9103663768757844,0.5976232245214731,-0.03905395844841142
WSH@CAR,Jordan Staal,f3,G,over,1.5,draftkings,3000,0.25191944876158595,0.026873812601334406,0.03225806451612903,-0.0025516649690177223,227,False,-0.0791016140395494,,0.26608992218871363,0.02970639954711131,-0.005384251914794625
WSH@CAR,Shayne Gostisbehere,d3,G,over,1.5,draftkings,6500,0.15884710305025804,0.011356491474774886,0.015151515151515152,-0.002555701355124453,206,False,-0.1686762894382139,,0.16778225539286323,0.012595813796390699,-0.003795023676740266
WSH@CAR,Shayne Gostisbehere,d3,G,over,1.5,fanduel,6500,0.15884710305025804,0.011356491474774886,0.015151515151515152,-0.002555701355124453,206,False,-0.1686762894382139,,0.16778225539286323,0.012595813796390699,-0.003795023676740266
NYR@DET,Sean Durzi,d2,PTS,under,0.5,draftkings,-260,0.31872170549022,0.7270778629310835,0.7222222222222222,-0.0026184781982357963,164,False,-0.0036255851975572906,0.39032005247927326,0.32905457399546645,0.7196037440239864,0.004855640708861242
WSH@CAR,Sebastian Aho,f1,SOG,over,2.5,fanduel,110,2.376260203601326,0.4174592623666901,0.47619047619047616,-0.002666341935118277,233,False,-0.00559931806374836,2.558480405746121,2.611874366869006,0.4735241342553579,-0.058731213823786044
STL@DAL,Arttu Hyry,f3,G,over,1.5,draftkings,10000,0.11864326706595175,0.006505432204625364,0.009900990099009901,-0.002675002981925298,25,False,-0.2701753011744551,,0.12531695292677142,0.007225987117084603,-0.0033955578943845374
NYR@DET,Alex DeBrincat,f1,G,under,0.5,fanduel,-175,0.4320855862899629,0.6491538156408536,0.6363636363636364,-0.002797197040221522,242,False,-0.004395595348919534,0.520714455895238,0.45639040812434784,0.6335664393234148,0.012790179277217262
ANA@VGK,Jackson LaCombe,d1,G,over,1.5,draftkings,7000,0.14964052216271254,0.010139463577597645,0.014084507042253521,-0.002834755100606254,225,False,-0.201267612143044,,0.15805780416833898,0.011249751941647268,-0.003945043464655877
ANA@VGK,Nic Dowd,f4,G,over,1.5,draftkings,10000,0.11594384544751818,0.006223851549622273,0.009900990099009901,-0.0029870864685063872,219,False,-0.3016957333191451,,0.12246568879478573,0.006913903630503514,-0.003677138549387628
ANA@VGK,Nic Dowd,f4,G,over,1.5,fanduel,10000,0.11594384544751818,0.006223851549622273,0.009900990099009901,-0.0029870864685063872,219,False,-0.3016957333191451,,0.12246568879478573,0.006913903630503514,-0.003677138549387628
NYR@DET,Emmitt Finnie,f2,A,under,0.5,draftkings,-330,0.24298173540141838,0.7842858383067499,0.7674418604651163,-0.003094005340727346,82,False,-0.00403158271670534,0.3244316146605224,0.26873228568230456,0.764347855124389,0.016843977841633606
STL@DAL,Justin Hryckowian,f1,G,over,1.5,draftkings,4000,0.2099785904037444,0.019189418123735646,0.024390243902439025,-0.0031461636295664654,86,False,-0.12899270881222502,,0.2217898898100001,0.02124408027287256,-0.005200825778703379
BOS@WPG,Cole Perfetti,f1,G,over,1.5,draftkings,2200,0.29793655763636134,0.03647882823737541,0.043478260869565216,-0.0032206081977451326,218,False,-0.07407398854813807,0.31121256986197504,0.3146954942476887,0.040257652671820084,-0.006999432632189807
STL@DAL,Roope Hintz,f2,SOG,over,2.5,draftkings,135,2.1798224542647673,0.3687255200555867,0.425531914893617,-0.0032758031990277603,205,False,-0.007698137517715198,2.293452143053062,2.3959591563209295,0.42225611169458926,-0.05680639483803035
WSH@CAR,Sebastian Aho,f1,G,over,1.5,draftkings,1800,0.3333092334928506,0.04461916327690954,0.05263157894736842,-0.0034519737087614147,233,False,-0.06558750046646689,,0.35205788374373564,0.049179605238607,-0.008012415670458878
STL@DAL,Roope Hintz,f2,G,over,1.5,draftkings,1700,0.3442345988306737,0.04725674547728012,0.05555555555555555,-0.0034888417818320083,205,False,-0.06279915207297615,0.37623546979322614,0.3635978010741197,0.052066713773723544,-0.008298810078275431
BOS@WPG,Brad Lambert,f3,G,over,1.5,draftkings,8000,0.13177649456320728,0.007956158131610203,0.012345679012345678,-0.0035125374041518,31,False,-0.2845155297362958,,0.13918892470191876,0.008833141608193878,-0.004389520880735475
BOS@WPG,Brad Lambert,f3,G,over,1.5,fanduel,8000,0.13177649456320728,0.007956158131610203,0.012345679012345678,-0.0035125374041518,31,False,-0.2845155297362958,,0.13918892470191876,0.008833141608193878,-0.004389520880735475
NYR@DET,J.T. Miller,f2,G,over,1.5,draftkings,2800,0.25706670015446587,0.027889413606248335,0.034482758620689655,-0.0036593945123950845,219,False,-0.10612244085945743,0.282027014968436,0.271526706563045,0.03082336410829457,-0.00659334501444132
ANA@VGK,Rasmus Andersson,d2,G,over,1.5,draftkings,7500,0.13666345145644618,0.008529691452205201,0.013157894736842105,-0.003689695801881915,238,False,-0.2804168809430255,,0.14435077300642263,0.00946819893496019,-0.0046282032846369035
BOS@WPG,Vladislav Namestnikov,f4,G,over,1.5,fanduel,6500,0.15106924376050743,0.010324290995563,0.015151515151515152,-0.003697294526148573,213,False,-0.24402143872580584,,0.1595668913811582,0.011454220625366579,-0.004827224155952152
NYR@DET,Marco Kasper,f4,G,over,1.5,draftkings,5500,0.16850558933666482,0.012698614464938343,0.017857142857142856,-0.0037776965282598583,154,False,-0.21155100558255202,,0.17798403170288918,0.014079446328882998,-0.005158528392204513
ANA@VGK,Mark Stone,f1,G,over,1.5,draftkings,1000,0.46349329965463176,0.07934237159936744,0.09090909090909091,-0.0038530282207137334,181,False,-0.04238331042785104,0.4443271412001745,0.4895648059186182,0.08705606268837718,-0.011566719309723472
BOS@WPG,James Hagens,f3,G,over,1.5,draftkings,5500,0.16775896941540794,0.012592510492634691,0.017857142857142856,-0.0038949586587532,3,False,-0.21811768489017924,,0.17719541439791958,0.013962184198389656,-0.005264632364508165
ANA@VGK,Jackson LaCombe,d1,G,over,1.5,fanduel,6500,0.14964052216271254,0.010139463577597645,0.015151515151515152,-0.0039017632098678843,225,False,-0.2575163718512804,,0.15805780416833898,0.011249751941647268,-0.005012051573917507
NYR@DET,Andrew Copp,f1,PTS,under,0.5,draftkings,-120,0.5941478511142643,0.5520327796113523,0.5454545454545454,-0.003953324721585494,214,False,-0.007247761989573442,0.6731064296764996,0.6134099581891362,0.5415012207329599,0.006578234156806917
ANA@VGK,William Karlsson,f2,A,over,0.5,draftkings,245,0.3044460722124184,0.26246819937954546,0.2898550724637681,-0.003970656411588058,136,False,-0.013698764619978765,0.3185312294717335,0.33671044746421525,0.28588441605218007,-0.027386873084222663
NYR@DET,Alex DeBrincat,f1,SOG,under,3.5,fanduel,-125,3.1626109605555754,0.6143532383604229,0.5555555555555556,-0.003987627748797129,242,False,-0.007177729947834832,3.5719345813559538,3.4761944368445694,0.5515679278067585,0.0587976828048673
ANA@VGK,Alex Killorn,f2,G,over,1.5,draftkings,4000,0.20536838038676364,0.018411548175248246,0.024390243902439025,-0.0040039260544479545,224,False,-0.16416096823236614,,0.21692035539841523,0.02038631784799107,-0.005978695727190779
STL@DAL,Jimmy Snuggerud,f1,SOG,over,2.5,fanduel,125,2.248124117996691,0.3858399275243079,0.4444444444444444,-0.004081088599599991,75,False,-0.009182449349099953,2.4085122103612493,2.471033158926179,0.44036335584484443,-0.05860451692013652
NYR@DET,J.T. Compher,f2,PTS,under,0.5,draftkings,-200,0.3988593113721736,0.6710851087553719,0.6666666666666666,-0.004203432749294023,231,False,-0.0063051491239410895,0.4776275543566874,0.4117902186354955,0.6624632339173726,0.004418442088705232
STL@DAL,Nils Lundkvist,d2,PTS,over,0.5,draftkings,380,0.2210961005379265,0.19836036141211147,0.20833333333333334,-0.004247464600798667,150,False,-0.020387830083833602,0.2187862459453453,0.22826397424884087,0.20408586873253468,-0.009972971921221874
BOS@WPG,Pavel Zacha,f2,A,over,0.5,fanduel,190,0.37647645047656786,0.31372472104776405,0.3448275862068966,-0.004260911155182456,235,False,-0.01235664235002909,0.4350714013009797,0.4163744113317352,0.3405666750517141,-0.03110286515913252
NYR@DET,Lucas Raymond,f1,SOG,over,2.5,draftkings,120,2.2858757011903137,0.3952264013469679,0.45454545454545453,-0.0042984308616557665,240,False,-0.009456547895642653,2.471076730584615,2.5125279381185885,0.45024702368379876,-0.059319053198486626
NYR@DET,Oliver Bjorkstrand,f2,G,over,1.5,draftkings,5000,0.17603751640616946,0.013790789382074599,0.0196078431372549,-0.004321648577425707,241,False,-0.22040407744871104,,0.1859396298026305,0.015286194559829195,-0.005817053755180303
BOS@WPG,James Hagens,f3,PTS,over,0.5,fanduel,196,0.392945206163827,0.32493426398589986,0.33783783783783783,-0.004358339407988576,3,False,-0.012900684647646155,0.41551544396166346,0.405684379791217,0.33347949842984925,-0.012903573851937966
ANA@VGK,Leo Carlsson,f1,G,over,1.5,draftkings,2000,0.3096463406485659,0.039104107987979086,0.047619047619047616,-0.004482093921249361,198,False,-0.0941239723462366,0.33484754089421115,0.3270639527604455,0.043136953697798255,-0.00851493963106853
WSH@CAR,Aliaksei Protas,f3,G,over,1.5,fanduel,4500,0.18768152131948657,0.015556149467747374,0.021739130434782608,-0.004503437542222533,230,False,-0.20715812694223656,,0.19823861019727956,0.017235692892560075,-0.006182980967035234
ANA@VGK,Mark Stone,f1,PTS,over,0.5,fanduel,-215,1.0976870232438611,0.6663581021285486,0.6825396825396826,-0.0045171446364709045,181,False,-0.006618142141806227,1.0251451367862376,1.1332737293756223,0.6780225379032117,-0.016181580411133933
BOS@WPG,Neal Pionk,d2,SOG,over,1.5,draftkings,-125,1.722794405141453,0.5030265236478677,0.5555555555555556,-0.004619849553788136,200,False,-0.008315729196818666,1.7632348313648551,1.893615244388966,0.5509357060017674,-0.05252903190768787
NYR@DET,Lucas Raymond,f1,G,over,1.5,draftkings,2000,0.3088905076038297,0.03893253542848546,0.047619047619047616,-0.004670210098686144,240,False,-0.09807441207240897,0.33484754089421115,0.3262656040936387,0.04294883752036147,-0.008686512190562157
WSH@CAR,Ilya Protas,f3,G,over,1.5,fanduel,3500,0.21960163033777047,0.020856782359276585,0.027777777777777776,-0.004695821815487666,4,False,-0.169049585357556,,0.2319542259097,0.02308195596229011,-0.006920995418501191
WSH@CAR,K'Andre Miller,d2,G,over,1.5,fanduel,10000,0.09885069896256636,0.004575385374278745,0.009900990099009901,-0.004815123356090483,224,False,-0.48632745896513874,,0.10441105251918165,0.005085866742919418,-0.0053256047247311564
NYR@DET,Alexis Lafrenière,f1,G,over,0.5,fanduel,250,0.3121908606761541,0.26815816492970806,0.2857142857142857,-0.004816620484272061,244,False,-0.016858171694952184,0.31121256986197504,0.3297516020843742,0.28089766523001364,-0.017556120784577633
STL@DAL,Mason McTavish,f2,SOG,under,1.5,fanduel,120,1.7206732436891554,0.49759180458279817,0.45454545454545453,-0.004852478912041935,212,True,-0.010675453606492247,1.971459546134547,1.8912837626695607,0.4496929756334126,0.04304635003734364
WSH@CAR,Jordan Staal,f3,A,over,0.5,draftkings,280,0.27016594347586026,0.23674717299973763,0.2631578947368421,-0.004867557135743272,227,False,-0.018496717115824457,0.2843871765549284,0.29879740295640517,0.2582903376010988,-0.02641072173710446
BOS@WPG,Vladislav Namestnikov,f4,G,over,1.5,draftkings,6000,0.15106924376050743,0.010324290995563,0.01639344262295082,-0.0049392219975842415,213,False,-0.30129254185263876,,0.1595668913811582,0.011454220625366579,-0.006069151627387821
ANA@VGK,Brayden McNabb,d1,A,over,0.5,draftkings,380,0.20558155839215525,0.18582631083779175,0.20833333333333334,-0.0049604736792280835,226,False,-0.023810273660294756,0.2187862459453453,0.22736853858412084,0.20337285965410526,-0.022507022495541595
ANA@VGK,Frank Vatrano,f3,A,under,0.5,draftkings,-650,0.13459013288916144,0.8740740925027052,0.8666666666666667,-0.004971437161159997,210,False,-0.005736273647492296,0.2076393647782745,0.14885363289482184,0.8616952295055067,0.007407425836038484
WSH@CAR,Taylor Hall,f2,G,over,1.5,fanduel,2500,0.26857607332912375,0.030215118742258604,0.038461538461538464,-0.005081550250957141,165,False,-0.1321203065248857,,0.2836834821813655,0.03337998821058132,-0.00824641971927986
ANA@VGK,Mikael Granlund,f2,G,over,0.5,fanduel,280,0.28245969960064726,0.24607297509271914,0.2631578947368421,-0.005200912053422713,207,False,-0.019763465803006364,0.282027014968436,0.29834806267504194,0.2579569826834194,-0.017084919644122953
NYR@DET,Mason Appleton,f3,G,over,1.5,fanduel,10000,0.09472111963630366,0.004212576172779689,0.009900990099009901,-0.005217698575625267,215,False,-0.526987556138152,,0.10004918428312777,0.004683291523384634,-0.005688413926230212
ANA@VGK,Nikita Nesterenko,f3,G,over,1.5,fanduel,10000,0.09371695412672744,0.004126471883953337,0.009900990099009901,-0.00531325426260347,49,False,-0.5366386805229505,,0.09898853444596256,0.004587735836406431,-0.005774518215056564
NYR@DET,Will Cuylle,f3,A,under,0.5,draftkings,-450,0.18736709372098842,0.8291393086780323,0.8181818181818182,-0.005344064222112754,243,False,-0.006531634049248947,0.26090395337038796,0.20722375397520462,0.8128377539597055,0.010957490496214084
BOS@WPG,Josh Morrissey,d1,G,over,1.5,draftkings,7000,0.13096043132236304,0.007862150705006917,0.014084507042253521,-0.00535547398557501,236,False,-0.3802386529758257,,0.13832695788941268,0.008729033056678511,-0.006222356337246604
BOS@WPG,Josh Morrissey,d1,G,over,1.5,fanduel,7000,0.13096043132236304,0.007862150705006917,0.014084507042253521,-0.00535547398557501,236,False,-0.3802386529758257,,0.13832695788941268,0.008729033056678511,-0.006222356337246604
BOS@WPG,Nino Niederreiter,f4,G,over,1.5,fanduel,4500,0.18266074944122584,0.014783610302796613,0.021739130434782608,-0.005356400518896853,217,False,-0.24639442386925525,,0.19293541981249102,0.016382729915885755,-0.006955520131985995
BOS@WPG,Nino Niederreiter,f4,G,over,1.5,draftkings,4500,0.18266074944122584,0.014783610302796613,0.021739130434782608,-0.005356400518896853,217,False,-0.24639442386925525,,0.19293541981249102,0.016382729915885755,-0.006955520131985995
WSH@CAR,Sean Walker,d2,G,over,1.5,fanduel,10000,0.09104224140252018,0.0039011877598446134,0.009900990099009901,-0.005563292918517386,241,False,-0.561892584770256,,0.09616336908393833,0.004337697180492515,-0.005999802339165288
BOS@WPG,James Hagens,f3,G,over,1.5,fanduel,5000,0.16775896941540794,0.012592510492634691,0.0196078431372549,-0.0056456589388652455,3,False,-0.28792860588212754,,0.17719541439791958,0.013962184198389656,-0.0070153326446202105
NYR@DET,Andrew Copp,f1,G,over,1.5,draftkings,3000,0.23695836548605692,0.024009991967295773,0.03225806451612903,-0.005703086230836086,214,False,-0.1767956731559187,0.282027014968436,0.250287277715591,0.026554978285292945,-0.008248072548833259
BOS@WPG,Isak Rosen,f2,G,over,1.5,fanduel,5000,0.16706686011731506,0.01249450350482016,0.0196078431372549,-0.005753976968910224,52,False,-0.2934528254144214,,0.17646437393962647,0.013853866168344678,-0.0071133396324347415
BOS@WPG,Isak Rosen,f2,G,over,1.5,draftkings,5000,0.16706686011731506,0.01249450350482016,0.0196078431372549,-0.005753976968910224,52,False,-0.2934528254144214,,0.17646437393962647,0.013853866168344678,-0.0071133396324347415
WSH@CAR,Jalen Chatfield,d1,A,over,0.5,draftkings,390,0.19985912146710808,0.18115389720973268,0.20408163265306123,-0.005766522944157165,220,False,-0.028255962426370074,0.21476784521724704,0.22103965319691174,0.19831510970890406,-0.022927735443328545
BOS@WPG,JJ Peterka,f1,SOG,under,2.5,draftkings,-195,1.8970895091716837,0.7033364242236242,0.6610169491525424,-0.005794095031831703,238,False,-0.008765425817386374,2.2349821024434373,2.0851922921371018,0.6552228541207107,0.0423194750710818
BOS@WPG,Fraser Minten,f3,G,over,1.5,draftkings,4000,0.19509252622140003,0.016727432545661988,0.024390243902439025,-0.005861786411865428,104,False,-0.2403332428864825,,0.20606648425537424,0.018528457490573597,-0.007662811356777037
NYR@DET,J.T. Miller,f2,SOG,under,1.5,draftkings,135,1.8247923245810085,0.4679167110862694,0.425531914893617,-0.005873697739177841,219,False,-0.013803189687067952,2.125173073571907,2.005726599388892,0.4196582171544392,0.042384796192652396
WSH@CAR,Jordan Staal,f3,G,over,1.5,fanduel,2700,0.25191944876158595,0.026873812601334406,0.03571428571428571,-0.006007886167174403,227,False,-0.1682208126808833,,0.26608992218871363,0.02970639954711131,-0.008840473112951306
WSH@CAR,Logan Stankoven,f2,PTS,over,0.5,draftkings,-105,0.6834125443227116,0.49510891403453916,0.5121951219512195,-0.0060228319691642,180,False,-0.011758862415987226,0.6533409301595257,0.705568587772784,0.5061722899820553,-0.017086207916680363
BOS@WPG,Josh Morrissey,d1,A,over,0.5,fanduel,122,0.531399648161115,0.41221829391099485,0.45045045045045046,-0.006045292063842411,236,False,-0.013420548381730124,0.5903376866938638,0.5877159524981945,0.44440515838660805,-0.03823215653945561
STL@DAL,Radek Faksa,f4,G,over,1.5,fanduel,10000,0.08554563498232058,0.0034568961403762264,0.009900990099009901,-0.006056516698657168,200,False,-0.6117081865643741,,0.09035757845585118,0.0038444734003527325,-0.006444093958633675
ANA@VGK,Beckett Sennecke,f2,SOG,under,2.5,fanduel,-168,2.0212037998530787,0.6715362864599979,0.6268656716417911,-0.006081895756330891,82,False,-0.009702071801765966,2.3408012299544723,2.2216129307109287,0.6207837758854602,0.04467061481820678
WSH@CAR,Alex Ovechkin,f2,A,over,0.5,draftkings,185,0.38228402075007617,0.31769876202646796,0.3508771929824561,-0.0060885242224281155,224,False,-0.017352294033920135,0.3977528396660086,0.42279745227052085,0.344788668760028,-0.03317843095598816
WSH@CAR,Jakob Chychrun,d1,G,over,1.5,draftkings,5000,0.16452894421177278,0.012138011449911244,0.0196078431372549,-0.006148010299043185,235,False,-0.31354852525120247,,0.173783700219725,0.013459832838211717,-0.007469831687343657
NYR@DET,J.T. Miller,f2,A,under,0.5,draftkings,-170,0.42723241860963035,0.6523119251774139,0.6296296296296297,-0.006193751115650792,219,False,-0.009837134124857094,0.5340824859302583,0.4725093603470696,0.6234358785139789,0.022682295547784226
NYR@DET,Mason Appleton,f3,G,over,1.5,draftkings,9000,0.09472111963630366,0.004212576172779689,0.01098901098901099,-0.006305719465626356,215,False,-0.5738204713719983,,0.10004918428312777,0.004683291523384634,-0.006776434816231301
STL@DAL,Jake Neighbours,f3,G,over,1.5,draftkings,4000,0.192160542908372,0.01625966080623729,0.024390243902439025,-0.006378009292124509,226,False,-0.26149838097710487,,0.2029695768293796,0.018012234610314516,-0.008130583096201734
ANA@VGK,Victor Olofsson,f3,G,over,1.5,fanduel,3300,0.21863248664274748,0.020686212262316612,0.029411764705882353,-0.006517776570900052,186,False,-0.22160440341060184,,0.2309305678647731,0.0228939881349823,-0.00872555244356574
NYR@DET,Justin Faulk,d3,G,over,1.5,fanduel,8000,0.10608134960595693,0.005244097679612522,0.012345679012345678,-0.006518043244223518,214,False,-0.527961502782105,,0.1120484273885369,0.00582763576812216,-0.007101581332733156
NYR@DET,Justin Faulk,d3,G,over,1.5,draftkings,8000,0.10608134960595693,0.005244097679612522,0.012345679012345678,-0.006518043244223518,214,False,-0.527961502782105,,0.1120484273885369,0.00582763576812216,-0.007101581332733156
STL@DAL,Jason Robertson,f2,A,over,0.5,draftkings,-115,0.6795127272328839,0.49313608681666293,0.5348837209302325,-0.006530153795391347,242,False,-0.012208548400079455,0.6931471805599455,0.7515256570121743,0.5283535671348412,-0.041747634113569576
STL@DAL,Justin Hryckowian,f1,G,over,1.5,fanduel,3500,0.2099785904037444,0.019189418123735646,0.027777777777777776,-0.006533697504905216,86,False,-0.23521311017658775,,0.2217898898100001,0.02124408027287256,-0.00858835965404213
NYR@DET,Emmitt Finnie,f2,G,over,1.5,fanduel,3300,0.21843936899242744,0.020652293822928672,0.029411764705882353,-0.006555155830092935,82,False,-0.22287529822315977,,0.2307265873432233,0.022856608875789417,-0.00875947088295368
WSH@CAR,Cole Hutson,d2,G,over,1.5,draftkings,10000,0.07946135157962614,0.0029946903397345013,0.009900990099009901,-0.006569794556971383,14,False,-0.6635492502541097,,0.08393105400465956,0.0033311955420385177,-0.0069062997592754
ANA@VGK,A.J. Greer,f1,G,over,1.5,fanduel,4000,0.19048525417006668,0.01599495366264759,0.024390243902439025,-0.006670172318922651,214,True,-0.2734770650758287,,0.20120005307005615,0.017720071583516375,-0.008395290239791436
WSH@CAR,Jordan Staal,f3,PTS,over,0.5,draftkings,135,0.5256330274091011,0.40881898789270843,0.425531914893617,-0.0067240363243690204,227,False,-0.01580148536226722,0.5079847127643868,0.5426739030717079,0.418807878569248,-0.016712927000908595
ANA@VGK,Leo Carlsson,f1,A,under,0.5,draftkings,-180,0.40925931314473063,0.6641419892429565,0.6428571428571429,-0.00690471254336511,198,False,-0.010740663956345764,0.5079847127643868,0.45263151354343106,0.6359524303137778,0.021284846385813627
BOS@WPG,JJ Peterka,f1,SOG,under,2.5,fanduel,-196,1.8970895091716837,0.7033364242236242,0.6621621621621622,-0.006939308041451486,238,False,-0.01047977132790634,2.2349821024434373,2.0851922921371018,0.6552228541207107,0.04117426206146202
WSH@CAR,Aliaksei Protas,f3,A,under,0.5,draftkings,-310,0.2611399380048732,0.7701731355817134,0.7560975609756098,-0.006946659918446674,230,False,-0.009187517956655289,0.34142274178106913,0.2888148457210139,0.7491509010571631,0.014075574606103647
ANA@VGK,Ivan Barbashev,f1,A,over,0.5,draftkings,145,0.46346321608667607,0.37089884477035623,0.40816326530612246,-0.007111682035970013,232,False,-0.017423620988126554,0.4776275543566874,0.5125798002178449,0.40105158327015245,-0.03726442053576623
NYR@DET,Nate Danielson,f3,PTS,over,0.5,draftkings,310,0.26168570033856525,0.23024708122642523,0.24390243902439024,-0.007152568662547321,28,False,-0.029325531516444014,0.26090395337038796,0.27016947751697484,0.23674987036184292,-0.013655357797965006
NYR@DET,Michael Rasmussen,f4,G,over,1.5,draftkings,8000,0.09879929964545896,0.004570783815052622,0.012345679012345678,-0.007264917604740254,212,False,-0.5884583259839606,,0.10435676198958221,0.005080761407605425,-0.0077748951972930564
NYR@DET,Michael Rasmussen,f4,G,over,1.5,fanduel,8000,0.09879929964545896,0.004570783815052622,0.012345679012345678,-0.007264917604740254,212,False,-0.5884583259839606,,0.10435676198958221,0.005080761407605425,-0.0077748951972930564
STL@DAL,Mikko Rantanen,f1,PTS,over,0.5,draftkings,-225,1.1187873498609713,0.6733243021411068,0.6923076923076923,-0.007346917755739701,222,False,-0.01061221453606842,1.041906261173809,1.1550581226772307,0.6849607745519526,-0.018983390166585457
NYR@DET,Sean Durzi,d2,G,over,1.5,fanduel,10000,0.06902249905107075,0.002275228144887528,0.009900990099009901,-0.0073691225361256114,164,False,-0.7442813761486867,,0.07290501583762815,0.0025318675628842897,-0.007625761954122373
WSH@CAR,Ryan Leonard,f2,G,over,1.5,draftkings,3000,0.22786292925498722,0.022334534117659455,0.03225806451612903,-0.007548054226494225,81,False,-0.233989681021321,,0.24068022303642564,0.024710010289634807,-0.009923530398469577
WSH@CAR,Ryan Leonard,f2,G,over,1.5,fanduel,3000,0.22786292925498722,0.022334534117659455,0.03225806451612903,-0.007548054226494225,81,False,-0.233989681021321,,0.24068022303642564,0.024710010289634807,-0.009923530398469577
STL@DAL,Pavel Buchnevich,f2,PTS,over,0.5,draftkings,140,0.5096112451548227,0.39927093023953514,0.4166666666666667,-0.007552356134478966,235,False,-0.018125654722749518,0.49223279068937464,0.5261326991200634,0.4091143105321877,-0.017395736427131547
ANA@VGK,Brett Howden,f2,A,under,0.5,draftkings,-380,0.21998066802843996,0.8025343123830188,0.7916666666666666,-0.007625402460996411,209,False,-0.009632087319153326,0.2937093908227927,0.2432936271013967,0.7840412642056702,0.010867645716352126
STL@DAL,Sam Steel,f3,G,over,1.5,draftkings,5000,0.15453408085961073,0.010778700445918568,0.0196078431372549,-0.007650993126216012,225,False,-0.3902006494370166,,0.16322662562807416,0.01195685001103889,-0.008829142691336334
NYR@DET,Marco Kasper,f4,G,over,1.5,fanduel,4500,0.16850558933666482,0.012698614464938343,0.021739130434782608,-0.00765968410589961,154,False,-0.3523454688713821,,0.17798403170288918,0.014079446328882998,-0.009040515969844265
NYR@DET,Pavel Dorofeyev,f2,G,over,1.5,draftkings,1400,0.3695337713370285,0.05357485948824025,0.06666666666666667,-0.007691190517090385,211,False,-0.11536785775635583,0.39032005247927326,0.39032005247927326,0.05897547614957628,-0.013091807178426416
ANA@VGK,Ryan Poehling,f3,G,over,1.5,fanduel,5500,0.1417923903190594,0.009150963165125656,0.017857142857142856,-0.0077012209996218765,217,False,-0.43126837597882506,,0.14976821477033747,0.01015592185752098,-0.0087061796920172
ANA@VGK,Nikita Nesterenko,f3,G,over,1.5,draftkings,8000,0.09371695412672744,0.004126471883953337,0.012345679012345678,-0.007757943175939247,49,False,-0.6283933972510791,,0.09898853444596256,0.004587735836406431,-0.008219207128392341
STL@DAL,Wyatt Johnston,f1,SOG,over,2.5,fanduel,-114,2.58473941763086,0.46722219076845023,0.5327102803738317,-0.00776524107192389,242,False,-0.01457685604729575,2.7507235231302167,2.841024993691562,0.5249450393019078,-0.0654880896053815
STL@DAL,Jason Robertson,f2,PTS,over,1.5,draftkings,170,1.2302593597086393,0.34828079447879984,0.37037037037037035,-0.007806785585816545,242,False,-0.02107832108170471,1.2267066244384226,1.2701440238913493,0.3625635847845538,-0.022089575891570512
BOS@WPG,Morgan Geekie,f2,G,over,0.5,fanduel,230,0.3312316975514683,0.28196121806206176,0.30303030303030304,-0.007814598845381215,231,False,-0.02578817618975804,0.3327923796628125,0.3498634863690818,0.2952157041849218,-0.02106908496824128
NYR@DET,Adam Fox,d1,G,over,1.5,fanduel,6000,0.12975073538101942,0.007723732640991205,0.01639344262295082,-0.00781770942100743,199,False,-0.4768802746814532,,0.1370492165300754,0.008575733201943391,-0.008669709981959615
ANA@VGK,Nikita Nesterenko,f3,A,under,0.5,draftkings,-525,0.16615523178772706,0.8469147558932484,0.84,-0.007867766263677467,49,False,-0.009366388409139836,0.23471653687227328,0.18376391601048855,0.8321322337363225,0.006914755893248414
ANA@VGK,Leo Carlsson,f1,SOG,over,2.5,fanduel,112,2.3383109339006514,0.40816787818781486,0.4716981132075472,-0.007878967446345142,198,False,-0.01670341098625172,2.4555947794928352,2.5701622998898213,0.46381914576120203,-0.06353023501973232
WSH@CAR,Alex Ovechkin,f2,G,over,0.5,fanduel,230,0.3310119609377387,0.2818034213153658,0.30303030303030304,-0.00797819601107913,224,False,-0.026328046836561092,0.3327923796628125,0.34963138956696216,0.2950521070192239,-0.02122688171493725
WSH@CAR,Dylan Strome,f2,G,over,1.5,fanduel,2700,0.2425488111978629,0.025064582183007836,0.03571428571428571,-0.007998500375397486,241,False,-0.22395801051112962,,0.2561921860970891,0.027715785338888226,-0.010649703531277876
ANA@VGK,Jack Eichel,f1,G,over,1.5,draftkings,1100,0.42546786864954633,0.06850809563103594,0.08333333333333333,-0.008066122392063085,216,False,-0.09679346870475702,0.4443271412001745,0.4494004437501727,0.07526721094127024,-0.014825237702297392
NYR@DET,Viktor Arvidsson,f2,A,over,0.5,fanduel,176,0.3953321740034678,0.32654370258415866,0.36231884057971014,-0.008142740125826553,150,True,-0.022473962747281306,,0.4372284136838307,0.3541761004538836,-0.03577513799555149
WSH@CAR,Jakob Chychrun,d1,G,over,1.5,fanduel,4500,0.16452894421177278,0.012138011449911244,0.021739130434782608,-0.008279297596570891,235,False,-0.380847689442261,,0.173783700219725,0.013459832838211717,-0.009601118984871364
ANA@VGK,Rasmus Andersson,d2,G,over,1.5,fanduel,5500,0.13666345145644618,0.008529691452205201,0.017857142857142856,-0.008388943922182666,238,False,-0.4697808596422294,,0.14435077300642263,0.00946819893496019,-0.009327451404937655
BOS@WPG,Pavel Zacha,f2,PTS,over,0.5,fanduel,-108,0.6925499215653178,0.49970128130535263,0.5192307692307693,-0.008421806650517172,235,False,-0.01621977577136635,0.7029801014761843,0.7150021962287161,0.5108089625802521,-0.019529487925416644
NYR@DET,Nate Danielson,f3,A,over,0.5,draftkings,500,0.15542017623675067,0.14394459223412157,0.16666666666666666,-0.008737462116291034,28,False,-0.05242477269774626,0.1730191641316417,0.17189118816790208,0.15792920455037562,-0.022722074432545092
ANA@VGK,Brayden McNabb,d1,PTS,over,0.5,draftkings,290,0.2756106077311802,0.24089153581455863,0.2564102564102564,-0.00876613323959674,226,False,-0.034187919634427244,0.2751605656537396,0.2845458265107017,0.24764412317065965,-0.015518720595697755
BOS@WPG,Dylan DeMelo,d1,A,over,0.5,draftkings,500,0.15538316712188402,0.14391290979493745,0.16666666666666666,-0.008771929824560903,243,False,-0.052631578947365476,0.17185025692665976,0.17185025692665976,0.15789473684210575,-0.022753756871729203
WSH@CAR,Cole Hutson,d2,G,over,1.5,fanduel,8000,0.07946135157962614,0.0029946903397345013,0.012345679012345678,-0.009014483470307161,14,False,-0.7301731610948801,,0.08393105400465956,0.0033311955420385177,-0.009350988672611176
NYR@DET,Moritz Seider,d1,PTS,over,0.5,draftkings,-120,0.7446639181140566,0.525106123647373,0.5454545454545454,-0.009020914142040093,242,False,-0.016538342593740207,0.7029801014761843,0.7688057139626931,0.5364336313125053,-0.020348421807172445
ANA@VGK,William Karlsson,f2,G,over,1.5,fanduel,3000,0.2199971103653166,0.020926556311436074,0.03225806451612903,-0.009099220780193564,136,False,-0.2820758441860005,,0.23237195169575686,0.023158843735935467,-0.011331508204692958
ANA@VGK,William Karlsson,f2,G,over,1.5,draftkings,3000,0.2199971103653166,0.020926556311436074,0.03225806451612903,-0.009099220780193564,136,False,-0.2820758441860005,,0.23237195169575686,0.023158843735935467,-0.011331508204692958
BOS@WPG,Fraser Minten,f3,G,over,1.5,fanduel,3500,0.19509252622140003,0.016727432545661988,0.027777777777777776,-0.009249320287204179,104,False,-0.33297553033935046,,0.20606648425537424,0.018528457490573597,-0.011050345232115788
NYR@DET,Adam Fox,d1,G,over,1.5,draftkings,5500,0.12975073538101942,0.007723732640991205,0.017857142857142856,-0.009281409655199465,199,False,-0.51975894069117,,0.1370492165300754,0.008575733201943391,-0.010133410216151651
NYR@DET,Emmitt Finnie,f2,G,over,1.5,draftkings,3000,0.21843936899242744,0.020652293822928672,0.03225806451612903,-0.009401455640339614,82,False,-0.2914451248505281,,0.2307265873432233,0.022856608875789417,-0.01160577069320036
ANA@VGK,Mark Stone,f1,PTS,over,0.5,draftkings,-220,1.0976870232438611,0.6663581021285486,0.6875,-0.009477462096788347,181,False,-0.013785399413510313,1.0251451367862376,1.1332737293756223,0.6780225379032117,-0.021141897871451376
STL@DAL,Justin Hryckowian,f1,PTS,under,0.5,draftkings,-155,0.4974395735312118,0.6080856267077173,0.6078431372549019,-0.009485366639879422,86,False,-0.015604958020446813,0.568259068548668,0.5135664253083702,0.5983577706150225,0.00024248945281535317
BOS@WPG,Kyle Connor,f1,SOG,over,3.5,draftkings,120,3.146844319739307,0.38242912667888845,0.45454545454545453,-0.009511941715332872,226,False,-0.020926271773732297,3.333290780025525,3.4588644807491757,0.44503351283012166,-0.07211632786656608
BOS@WPG,Morgan Geekie,f2,SOG,over,1.5,fanduel,-170,1.972615892699071,0.5718249437938833,0.6296296296296297,-0.009512869283229586,231,False,-0.015108674743952832,2.1051598039700234,2.1682073697193194,0.6201167603464001,-0.05780468583574638
STL@DAL,Sam Steel,f3,G,over,1.5,fanduel,4500,0.15453408085961073,0.010778700445918568,0.021739130434782608,-0.009782280423743718,225,False,-0.449984899492211,,0.16322662562807416,0.01195685001103889,-0.01096042998886404
ANA@VGK,Ivan Barbashev,f1,G,over,1.5,fanduel,2200,0.2690201505991785,0.03030635074289988,0.043478260869565216,-0.009998015783075555,232,False,-0.2299543630107378,,0.2841525388056775,0.03348024508648966,-0.013171910126665336
WSH@CAR,Jakob Chychrun,d1,SOG,under,1.5,draftkings,120,1.7383301962895041,0.49246209939065655,0.45454545454545453,-0.010064419167777394,235,False,-0.022141722169110256,2.071974237564175,1.9106914612978416,0.44448103537767714,0.03791664484520202
ANA@VGK,Pavel Mintyukov,d2,A,over,0.5,draftkings,320,0.23377279413630644,0.20845836163195505,0.23809523809523808,-0.01026766297213691,201,False,-0.04312418448297506,0.25542121023355957,0.25854740560973766,0.22782757512310117,-0.02963687646328303
ANA@VGK,Beckett Sennecke,f2,G,under,0.5,fanduel,-340,0.2568486606047771,0.7734852637001146,0.7727272727272727,-0.0103367840979397,82,False,-0.013377014714980762,0.32664105080846007,0.27129640228484836,0.762390488629333,0.0007579909728419043
NYR@DET,Justin Faulk,d3,SOG,over,1.5,draftkings,-120,1.669406410431374,0.487291219740254,0.5454545454545454,-0.010555016803202144,214,False,-0.01935086413920395,1.7292070275263625,1.8349336510725178,0.5348995286513433,-0.05816332571429139
STL@DAL,Miro Heiskanen,d1,G,over,1.5,draftkings,5000,0.13238340818390978,0.008026400977117185,0.0196078431372549,-0.010696914182174992,198,False,-0.5455426232909246,,0.1398299772244687,0.00891092895507991,-0.011581442160137716
BOS@WPG,JJ Peterka,f1,G,over,1.5,draftkings,2200,0.26590923967474506,0.029669563338570563,0.043478260869565216,-0.010697848038088126,238,False,-0.24605050487602687,0.3225347287774313,0.2808666390869864,0.03278041283147709,-0.013808697530994653
ANA@VGK,Brett Howden,f2,G,over,1.5,fanduel,3000,0.2116101563344291,0.01946797661422007,0.03225806451612903,-0.010706869738983067,209,False,-0.3319129619084751,,0.22351323135300466,0.021551194777145965,-0.012790087901908963
NYR@DET,Pavel Dorofeyev,f2,SOG,under,2.5,draftkings,105,2.576481800416922,0.5347040632647568,0.4878048780487805,-0.010776987042804498,211,False,-0.02209282343774921,2.8904434375502124,2.831948606055303,0.477027891005976,0.04689918521597636
WSH@CAR,Shayne Gostisbehere,d3,SOG,over,1.5,fanduel,-152,1.8683043418488783,0.5440732191109172,0.6031746031746031,-0.010778034025394123,206,False,-0.01786884588420601,1.834045672352235,2.0535529790002127,0.592396569149209,-0.059101384063685924
ANA@VGK,Jackson LaCombe,d1,SOG,under,1.5,fanduel,-104,1.5613345681490256,0.5456428403445861,0.5098039215686274,-0.010890537215087037,225,False,-0.02136220761420915,1.8174150234299402,1.7161461234230697,0.4989133843535404,0.035838918775958684
ANA@VGK,Trevor Connelly,f3,G,over,1.5,draftkings,4000,0.16400602165374645,0.012065124720517953,0.024390243902439025,-0.011010980257690987,1,False,-0.4514501905653304,,0.1732313632586052,0.013379263644748039,-0.012325119181921073
ANA@VGK,Frank Vatrano,f3,G,over,1.5,fanduel,6000,0.10069572176481725,0.004741988657821302,0.01639344262295082,-0.011122742848919082,210,False,-0.6784873137840639,,0.10635985788653525,0.005270699774031739,-0.011651453965129519
STL@DAL,Connor McMichael,f2,G,under,0.5,fanduel,-470,0.19551128993269257,0.8224140585124027,0.8245614035087719,-0.01114230296371943,237,True,-0.013513005721957572,0.2591256218654068,0.20650880343279807,0.8134191005450525,-0.0021473449963692604
BOS@WPG,Dylan Samberg,d2,PTS,over,0.5,draftkings,370,0.21807146881423434,0.1959320261716483,0.2127659574468085,-0.011169365962481637,201,False,-0.052496020023663714,0.22430341999262624,0.2251412848110384,0.20159659148432688,-0.016833931275160224
STL@DAL,Arttu Hyry,f3,A,over,0.5,draftkings,550,0.13917241963247778,0.12992200300403053,0.15384615384615385,-0.011185440728362361,25,False,-0.0727053647343553,0.15780699103036894,0.1539215380529967,0.1426607131177915,-0.02392415084212332
ANA@VGK,Victor Olofsson,f3,SOG,under,1.5,draftkings,125,1.777072802449649,0.48134547461340293,0.4444444444444444,-0.011229578752958158,186,False,-0.025266552194155856,2.018133703043733,1.9532755267053354,0.43321486569148626,0.036901030168958515
STL@DAL,Dylan Holloway,f1,SOG,under,2.5,draftkings,-110,2.4317787422275474,0.5690693550138288,0.5238095238095238,-0.011346605603179127,174,False,-0.021661701606069284,2.7565428950652335,2.6728977546714403,0.5124629182063447,0.04525983120430499
ANA@VGK,Shea Theodore,d1,G,over,1.5,draftkings,5000,0.12544552203580503,0.007240207680460356,0.0196078431372549,-0.011567703062833532,183,False,-0.5899528562045102,,0.1325018348584123,0.00804014007442137,-0.012367635456794545
ANA@VGK,Ryan Poehling,f3,G,over,1.5,draftkings,4500,0.1417923903190594,0.009150963165125656,0.021739130434782608,-0.011583208577261628,217,False,-0.532827594554035,,0.14976821477033747,0.01015592185752098,-0.012588167269656952
NYR@DET,Will Cuylle,f3,G,over,1.5,draftkings,3500,0.18147867273202786,0.01460421492868647,0.027777777777777776,-0.011593153525505846,243,False,-0.4173535269182105,,0.19168685126759372,0.01618462425227193,-0.013173562849091306
NYR@DET,Will Cuylle,f3,G,over,1.5,fanduel,3500,0.18147867273202786,0.01460421492868647,0.027777777777777776,-0.011593153525505846,243,False,-0.4173535269182105,,0.19168685126759372,0.01618462425227193,-0.013173562849091306
ANA@VGK,Alex Killorn,f2,SOG,under,1.5,draftkings,100,1.5946341258537848,0.5353431712011826,0.5,-0.011697054159263698,224,False,-0.023394108318527396,1.834045672352235,1.7527474438783475,0.4883029458407363,0.03534317120118258
BOS@WPG,Fraser Minten,f3,A,over,0.5,fanduel,320,0.23204670449503825,0.20709090997678073,0.23809523809523808,-0.011743160392895469,104,False,-0.049321273650160924,0.2666286632539486,0.2566383896344248,0.2263520777023426,-0.031004328118457353
WSH@CAR,Sebastian Aho,f1,PTS,over,0.5,draftkings,-185,0.9824144759756139,0.6255939876856106,0.6491228070175439,-0.011792034791984651,233,False,-0.018166107652516916,0.9264147492236348,1.0142640783812402,0.6373307722255592,-0.023528819331933293
WSH@CAR,Andrei Svechnikov,f1,SOG,over,2.5,draftkings,100,2.433726171933461,0.43140044838217495,0.5,-0.011975469360689994,207,False,-0.02395093872137999,2.594298865860144,2.6750382785595423,0.48802453063931,-0.06859955161782505
ANA@VGK,Trevor Connelly,f3,PTS,under,0.5,draftkings,-200,0.41029667839924727,0.6634533886461687,0.6666666666666666,-0.011979903497084887,1,False,-0.01796985524562733,0.4700036292453683,0.42359838190110966,0.6546867631695817,-0.0032132780204979783
ANA@VGK,Tristan Luneau,d1,A,over,0.5,draftkings,310,0.2384594899677334,0.2121593969410472,0.24390243902439024,-0.012082756625290902,14,False,-0.04953930216369273,0.26090395337038796,0.26373078485014184,0.23181968239909934,-0.031743042083343026
WSH@CAR,Tom Wilson,f1,A,over,0.5,fanduel,215,0.32934376452022535,0.28060432847261896,0.31746031746031744,-0.01218008271921689,224,False,-0.03836726056553319,0.3666622924763916,0.3642467301853759,0.30528023474110055,-0.036855988987698485
ANA@VGK,Mitch Marner,f2,A,over,0.5,draftkings,-120,0.68876162537315,0.49780240709633206,0.5454545454545454,-0.012301064433285602,228,False,-0.022551951461023623,0.7029801014761843,0.7617547284819718,0.5331534810212598,-0.04765213835821336
STL@DAL,Pavel Buchnevich,f2,A,over,0.5,draftkings,265,0.2742290112900829,0.23984202943183375,0.273972602739726,-0.012356750962696172,235,False,-0.045102141013841024,0.29718972322689097,0.30329106376096904,0.26161585177702984,-0.034130573307892265
STL@DAL,Roope Hintz,f2,A,over,0.5,draftkings,115,0.5445760156587508,0.4199123206992807,0.46511627906976744,-0.01267327751756897,205,False,-0.027247546662773292,0.568259068548668,0.6022887159562377,0.45244300155219846,-0.04520395837048674
ANA@VGK,Cutter Gauthier,f1,G,under,0.5,fanduel,-220,0.37241498887257307,0.6890682275349373,0.6875,-0.012716471829979148,156,False,-0.018496686298151488,0.4443271412001745,0.3933633385519074,0.6747835281700209,0.0015682275349373498
BOS@WPG,Adam Lowry,f3,PTS,over,0.5,draftkings,235,0.3258758277115971,0.2781051788014799,0.29850746268656714,-0.012815752874661412,222,False,-0.042932772130115704,0.328558339583376,0.3364406308573484,0.2856917098119057,-0.020402283885087247
STL@DAL,Miro Heiskanen,d1,G,over,1.5,fanduel,4500,0.13238340818390978,0.008026400977117185,0.021739130434782608,-0.012828201479702699,198,False,-0.5900972680663241,,0.1398299772244687,0.00891092895507991,-0.013712729457665423
STL@DAL,Connor McMichael,f2,A,over,0.5,draftkings,225,0.315810057251384,0.27080205712408045,0.3076923076923077,-0.012888832058775446,237,True,-0.0418887041910202,,0.3492787570490307,0.29480347563353226,-0.036890250568227256
BOS@WPG,Hampus Lindholm,d1,SOG,over,1.5,fanduel,110,1.4461404703269134,0.4177240657413264,0.47619047619047616,-0.013103650915562315,158,False,-0.027517666922680872,1.599559932239935,1.5895301447267172,0.46308682527491385,-0.05846641044914974
WSH@CAR,Mark Jankowski,f4,G,over,1.5,draftkings,4000,0.1486653904288468,0.010014172935100521,0.024390243902439025,-0.013279106381840464,157,False,-0.544443361655459,,0.15702782125727902,0.011111137520598561,-0.014376070967338504
ANA@VGK,Jack Eichel,f1,PTS,over,1.5,fanduel,164,1.2380423933615479,0.35107675843565245,0.3787878787878788,-0.01336098851987294,216,False,-0.03527300969246461,1.3051489040735955,1.278179381317387,0.36542689026800584,-0.027711120352226337
NYR@DET,Moritz Seider,d1,SOG,under,2.5,fanduel,-160,2.0899779019402076,0.6540061836249621,0.6153846153846154,-0.013417215752858924,242,False,-0.021802975598395724,2.3793694894494943,2.2972062155176887,0.6019673996317565,0.03862156824034668
BOS@WPG,Casey Mittelstadt,f2,A,under,0.5,draftkings,-270,0.30184608267699115,0.7394518705833875,0.7297297297297297,-0.013557730180493444,229,False,-0.018579111728824316,0.37623546979322614,0.3338349180362476,0.7161719995492363,0.009722140853657746
ANA@VGK,Ivan Barbashev,f1,SOG,over,1.5,fanduel,-114,1.6181340400318003,0.4718446040638846,0.5327102803738317,-0.013627879334662474,232,False,-0.025582159452787412,1.747275023470453,1.778577453307516,0.5190824010391693,-0.0608656763099471
ANA@VGK,Shea Theodore,d1,G,over,1.5,fanduel,4500,0.12544552203580503,0.007240207680460356,0.021739130434782608,-0.013698990360361239,183,False,-0.630153556576617,,0.1325018348584123,0.00804014007442137,-0.014498922754322251
WSH@CAR,Jackson Blake,f2,PTS,over,0.5,fanduel,-125,0.7559480732716599,0.5304347786045647,0.5555555555555556,-0.013752719622416643,159,False,-0.024754895320349912,0.6931471805599455,0.7804556982729015,0.5418028359331389,-0.02512077695099091
WSH@CAR,Tom Wilson,f1,G,over,0.5,fanduel,280,0.27154549499194636,0.23779939363122046,0.2631578947368421,-0.01380477748815806,224,False,-0.05245815445500068,0.282027014968436,0.28681993386498966,0.24935311724868403,-0.025358501105621628
NYR@DET,Oliver Bjorkstrand,f2,G,over,1.5,fanduel,3300,0.17603751640616946,0.013790789382074599,0.029411764705882353,-0.014125570146053158,241,False,-0.4802693849658074,,0.1859396298026305,0.015286194559829195,-0.015620975323807754
NYR@DET,Albert Johansson,d1,A,under,0.5,draftkings,-1000,0.10037103312035145,0.904501755660115,0.9090909090909091,-0.014159395748648662,139,False,-0.015575335323513517,0.1459539126230797,0.11100808504048937,0.8949315133422604,-0.004589153430794024
ANA@VGK,Frank Vatrano,f3,G,over,1.5,draftkings,5000,0.10069572176481725,0.004741988657821302,0.0196078431372549,-0.014337143363223163,210,False,-0.7311943115243813,,0.10635985788653525,0.005270699774031739,-0.0148658544794336
ANA@VGK,Trevor Connelly,f3,G,over,1.5,fanduel,3500,0.16400602165374645,0.012065124720517953,0.027777777777777776,-0.014398514133029738,1,False,-0.5183465087890706,,0.1732313632586052,0.013379263644748039,-0.015712653057259822
NYR@DET,Pavel Dorofeyev,f2,A,over,0.5,draftkings,215,0.3262108811891119,0.2783470116559906,0.31746031746031744,-0.014591390812422667,211,False,-0.04596288105913138,0.3529643645421967,0.360781832311652,0.3028689266478948,-0.03911330580432687
BOS@WPG,Morgan Barron,f3,PTS,over,0.5,draftkings,250,0.30630115685106024,0.2638351150292725,0.2857142857142857,-0.014605084101554366,216,False,-0.05111779435544028,0.3128723212803395,0.3162313546450225,0.27110920161273133,-0.021879170685013216
BOS@WPG,Morgan Geekie,f2,A,over,0.5,fanduel,215,0.3260352659428224,0.2782202672599086,0.31746031746031744,-0.014726805275187216,231,False,-0.0463894366168397,0.3977528396660086,0.36058760583426647,0.3027335121851302,-0.03924005020040883
ANA@VGK,Victor Olofsson,f3,PTS,over,0.5,draftkings,140,0.49766389431562347,0.39205076423882135,0.4166666666666667,-0.014885877735310915,186,False,-0.035726106564746174,0.49223279068937464,0.5137980185098415,0.40178078893135577,-0.024615902427845338
BOS@WPG,Kyle Connor,f1,A,over,0.5,draftkings,110,0.5590339500422631,0.4282388530321943,0.47619047619047616,-0.015061586931171655,226,False,-0.03162933255546052,0.5842530923208828,0.618278863309113,0.4611288892593045,-0.047951623158281886
BOS@WPG,Marat Khusnutdinov,f3,PTS,under,0.5,draftkings,-255,0.3410811534295174,0.7110012056788306,0.7183098591549296,-0.015127422318293116,165,False,-0.021059744796055102,0.3977528396660086,0.35213890898019207,0.7031824368366365,-0.007308653476098992
WSH@CAR,Jordan Staal,f3,SOG,under,1.5,draftkings,-115,1.4978337482032613,0.5656483299722618,0.5348837209302325,-0.015268793261733804,227,False,-0.028546004793676194,1.7292070275263625,1.6463489843554946,0.5196149276684987,0.030764609042029267
BOS@WPG,James Hagens,f3,A,over,0.5,draftkings,310,0.23457431458072203,0.20909254424859502,0.24390243902439024,-0.015390664593518039,3,False,-0.06310172483342391,0.26090395337038796,0.2594338690333899,0.2285117744308722,-0.034809894775795214
WSH@CAR,Sebastian Aho,f1,A,over,0.5,fanduel,-106,0.6251673014804059,0.4648281140198966,0.5145631067961165,-0.015427017899545092,233,False,-0.02998080837081407,0.6077183327815403,0.6914208493207064,0.4991360888965714,-0.0497349927762199
ANA@VGK,Beckett Sennecke,f2,SOG,under,2.5,draftkings,-175,2.0212037998530787,0.6715362864599979,0.6363636363636364,-0.015579860478176166,82,False,-0.02448263789427685,2.3408012299544723,2.2216129307109287,0.6207837758854602,0.0351726500963615
BOS@WPG,Cole Perfetti,f1,G,over,0.5,fanduel,250,0.29793655763636134,0.25765156540681156,0.2857142857142857,-0.01572541873134642,218,False,-0.05503896555971244,0.31121256986197504,0.3146954942476887,0.2699888669829393,-0.028062720307474143
STL@DAL,Robert Thomas,f1,A,over,0.5,draftkings,110,0.5578304224863594,0.42755030847836323,0.47619047619047616,-0.01577934193247077,214,False,-0.03313661805818857,0.5842530923208828,0.6169477891423847,0.4604111342580054,-0.048640167712112936
BOS@WPG,Morgan Geekie,f2,PTS,over,0.5,fanduel,-108,0.6779288472637778,0.49233263910310526,0.5192307692307693,-0.01586220258133908,231,False,-0.030549427193690026,0.6834100052820871,0.6999071107896827,0.5033685666494302,-0.02689813012766401
NYR@DET,Moritz Seider,d1,G,over,1.5,fanduel,4500,0.10602592447381488,0.005238811111965493,0.021739130434782608,-0.015917357620301588,242,False,-0.732198450533873,,0.11198988459173628,0.00582177281448102,-0.016500319322817116
NYR@DET,Moritz Seider,d1,G,over,1.5,draftkings,4500,0.10602592447381488,0.005238811111965493,0.021739130434782608,-0.015917357620301588,242,False,-0.732198450533873,,0.11198988459173628,0.00582177281448102,-0.016500319322817116
STL@DAL,Jimmy Snuggerud,f1,PTS,over,0.5,draftkings,-115,0.7078837420146449,0.5073142548771448,0.5348837209302325,-0.016391383051464148,75,False,-0.030644759617954764,0.6931471805599455,0.7308331348462026,0.5184923378787684,-0.027569466053087743
ANA@VGK,Ivan Barbashev,f1,G,over,1.5,draftkings,1900,0.2690201505991785,0.03030635074289988,0.05,-0.01651975491351034,232,False,-0.33039509827020686,,0.2841525388056775,0.03348024508648966,-0.019693649257100123
WSH@CAR,Jaccob Slavin,d1,A,over,0.5,draftkings,380,0.19245889759608106,0.17507177596013854,0.20833333333333334,-0.016606521434853833,197,False,-0.07971130288729844,0.22010864761915944,0.21285517351930783,0.1917268118984795,-0.033261557373194806
WSH@CAR,Mark Jankowski,f4,G,over,1.5,fanduel,3500,0.1486653904288468,0.010014172935100521,0.027777777777777776,-0.016666640257179215,157,False,-0.5999990492584517,,0.15702782125727902,0.011111137520598561,-0.017763604842677257
NYR@DET,Oliver Bjorkstrand,f2,SOG,under,1.5,draftkings,-120,1.4703584131575538,0.5744486526923336,0.5454545454545454,-0.016694720353003678,241,False,-0.03060698731384004,1.6529256451781573,1.6161493777559048,0.5287598251015417,0.02899410723778817
BOS@WPG,Neal Pionk,d2,A,over,0.5,draftkings,240,0.29372071123122045,0.25451533213370064,0.29411764705882354,-0.01675451409221984,200,False,-0.05696534791354746,0.3244316146605224,0.3248484415958174,0.2773631329666037,-0.039602314925122895
ANA@VGK,Brett Howden,f2,G,over,1.5,draftkings,2500,0.2116101563344291,0.01946797661422007,0.038461538461538464,-0.0169103436843925,209,False,-0.43966893579420496,,0.22351323135300466,0.021551194777145965,-0.018993561847318395
STL@DAL,Tyler Seguin,f2,SOG,over,1.5,fanduel,-130,1.7139059803735353,0.5004317036260125,0.5652173913043478,-0.016920762551831392,115,False,-0.02993673374554784,1.8088043705675059,1.883845502515587,0.5482966287525164,-0.06478568767833526
STL@DAL,Tyler Seguin,f2,SOG,over,1.5,draftkings,-130,1.7139059803735353,0.5004317036260125,0.5652173913043478,-0.016920762551831392,115,False,-0.02993673374554784,1.8088043705675059,1.883845502515587,0.5482966287525164,-0.06478568767833526
WSH@CAR,Andrei Svechnikov,f1,SOG,over,2.5,fanduel,-102,2.433726171933461,0.43140044838217495,0.504950495049505,-0.01692596441019495,207,False,-0.033520047165288,2.594298865860144,2.6750382785595423,0.48802453063931,-0.07355004666733
BOS@WPG,Connor Clifton,d2,A,over,0.5,draftkings,550,0.13302281334517596,0.12455487995074906,0.15384615384615385,-0.017036358302845833,199,False,-0.11073632896849794,0.15780699103036894,0.14712021304433825,0.13680979554330802,-0.0292912738954048
STL@DAL,Esa Lindell,d2,PTS,over,0.5,draftkings,185,0.39345434429591924,0.32527787821279786,0.3508771929824561,-0.01704743394917313,242,False,-0.04858518675514345,0.3959735114265928,0.4062100240390814,0.333829759033283,-0.025599314769658266
NYR@DET,Michael Brandsegg-Nygård,f3,A,over,0.5,draftkings,400,0.1826467726165068,0.1669376357880157,0.2,-0.017092324726215802,14,False,-0.08546162363107901,0.2097205309821062,0.202003185945817,0.1829076752737842,-0.0330623642119843
ANA@VGK,Jackson LaCombe,d1,PTS,over,0.5,draftkings,-105,0.6619207097415397,0.4841404341466475,0.5121951219512195,-0.017102642588052108,225,False,-0.03339087362429216,0.645107203972583,0.6833799939284732,0.4950924793631674,-0.028054687804572043
STL@DAL,Tyler Seguin,f2,A,over,0.5,draftkings,180,0.3757546471267348,0.31322918643475145,0.35714285714285715,-0.0171028166563712,115,False,-0.04788788663783938,0.4074068562910736,0.4155761132057738,0.34004004048648595,-0.0439136707081057
ANA@VGK,Cutter Gauthier,f1,G,over,1.5,draftkings,1200,0.37241498887257307,0.05431243617519509,0.07692307692307693,-0.017141706533892305,156,False,-0.22284218494059993,0.4443271412001745,0.3933633385519074,0.05978137038918462,-0.022610640747881834
WSH@CAR,Logan Stankoven,f2,SOG,over,1.5,fanduel,-198,2.0806786533218737,0.5991044079759473,0.6644295302013423,-0.017317651970669035,180,False,-0.026063940844744282,2.100837714169238,2.286984915232241,0.6471118782306733,-0.065325122225395
BOS@WPG,JJ Peterka,f1,G,under,0.5,fanduel,-340,0.26590923967474506,0.7665086929223617,0.7727272727272727,-0.017598239264455695,238,False,-0.022774191989295645,0.3225347287774313,0.2808666390869864,0.755129033462817,-0.006218579804911029
WSH@CAR,Alex Ovechkin,f2,SOG,over,2.5,fanduel,-108,2.4884442007496688,0.444521653351904,0.5192307692307693,-0.017626019944133153,224,False,-0.03394640878129351,2.7887219642929706,2.7351817833213765,0.5016047492866361,-0.07470911587886525
ANA@VGK,Trevor Connelly,f3,A,under,0.5,draftkings,-400,0.22208258722373733,0.8008492216895764,0.8,-0.017779259984998963,1,False,-0.022224074981248676,0.2811673914305872,0.24561830203524967,0.7822207400150011,0.0008492216895763516
BOS@WPG,Elias Lindholm,f1,SOG,over,1.5,fanduel,-120,1.6457920341195802,0.48021743816945095,0.5454545454545454,-0.01778928256794432,223,False,-0.03261368470789794,1.678102105180021,1.8089778302053847,0.5276652628866011,-0.06523710728509446
BOS@WPG,Fraser Minten,f3,PTS,over,0.5,fanduel,158,0.44709090391681416,0.3605142261290733,0.3875968992248062,-0.017880459040120922,104,False,-0.04613158432351194,0.45397294897201484,0.4615854659139605,0.3697164401846853,-0.027082673095732923
STL@DAL,Robert Thomas,f1,PTS,over,0.5,fanduel,-166,0.9023808720728766,0.5943971791913356,0.6240601503759399,-0.01796897445311474,214,False,-0.028793657858605548,0.8153648132841949,0.9316358074354911,0.6060911759228251,-0.02966297118460426
BOS@WPG,Fraser Minten,f3,SOG,over,1.5,fanduel,106,1.4589976874177648,0.4218876555948439,0.4854368932038835,-0.01801073952505111,104,False,-0.03710212342160524,1.5594169800771778,1.6036621979833305,0.4674261536788324,-0.06354923760903958
WSH@CAR,Taylor Hall,f2,SOG,over,1.5,fanduel,-156,1.864354943558505,0.5429949920882318,0.609375,-0.018060571348386123,165,False,-0.029637860674274652,1.9966673331296392,2.0492119846328665,0.5913144286516139,-0.06638000791176824
NYR@DET,Viktor Arvidsson,f2,G,under,0.5,fanduel,-300,0.29548440832514017,0.7441710175052072,0.75,-0.018095626971965983,150,True,-0.024127502629287978,0.3577496350684979,0.3121054114945486,0.731904373028034,-0.0058289824947928
WSH@CAR,Tom Wilson,f1,PTS,over,0.5,draftkings,105,0.6138072314042549,0.4587138604721618,0.4878048780487805,-0.01842618057624995,224,False,-0.03777367018131239,0.6077183327815403,0.6337066900869148,0.4693786974725305,-0.029091017576618694
NYR@DET,Eeli Tolvanen,f3,SOG,over,1.5,draftkings,-105,1.538416012932911,0.44719137954638494,0.5121951219512195,-0.01850962399449313,239,False,-0.0361378373225818,1.6440585281361237,1.6909551166453098,0.4936854979567264,-0.06500374240483459
BOS@WPG,Dylan DeMelo,d1,PTS,over,0.5,draftkings,400,0.19398118129755262,0.17632659541255682,0.2,-0.018509728140487736,243,False,-0.09254864070243862,0.2076393647782745,0.20026999691416422,0.18149027185951228,-0.023673404587443186
NYR@DET,Noah Laba,f3,A,under,0.5,draftkings,-500,0.18517667711720784,0.8309574597137703,0.8333333333333334,-0.018524051312093337,76,False,-0.022228861574511982,0.2411620568166062,0.20480120291572695,0.81480928202124,-0.0023758736195630403
BOS@WPG,Hampus Lindholm,d1,SOG,under,1.5,draftkings,-125,1.4461404703269134,0.5822759342586736,0.5555555555555556,-0.01864238083046943,158,False,-0.03355628549484502,1.599559932239935,1.5895301447267172,0.5369131747250862,0.026720378703118053
NYR@DET,Andrew Copp,f1,A,over,0.5,draftkings,155,0.4225988840520045,0.3446585516951026,0.39215686274509803,-0.018795790974787674,214,False,-0.04792926698570854,0.45397294897201484,0.4673847762691691,0.37336107177031036,-0.04749831104999541
ANA@VGK,William Karlsson,f2,SOG,over,1.5,fanduel,-156,1.8613989992312592,0.5421866752415005,0.609375,-0.018872071548356684,136,False,-0.030969553310123743,1.8834106749920483,2.0459629485186714,0.5905029284516433,-0.06718832475849945
WSH@CAR,Sean Walker,d2,A,over,0.5,draftkings,245,0.28547418198162283,0.24834225275864288,0.2898550724637681,-0.019112877566682673,241,False,-0.06593942760505522,0.31675833653328994,0.3157279673736327,0.27074219489708545,-0.04151281970512524
NYR@DET,Will Cuylle,f3,SOG,under,1.5,draftkings,-105,1.5799776685428724,0.5398600179181468,0.5121951219512195,-0.01924304546994926,243,False,-0.037569755441329455,1.7980948500054361,1.7366377497036667,0.49295207648127026,0.027664895966927228
BOS@WPG,James Hagens,f3,SOG,under,1.5,draftkings,-140,1.367335108367615,0.6081841728112058,0.5833333333333334,-0.019301811731014973,3,False,-0.033088820110311334,1.5647122939889897,1.5029109670115068,0.5640315216023184,0.024850839477872477
STL@DAL,Connor McMichael,f2,PTS,over,0.5,draftkings,130,0.519902032138112,0.4054212052697639,0.43478260869565216,-0.0194237167384555,237,True,-0.04467454849844765,,0.5367571105377171,0.41535889195719666,-0.029361403425888277
ANA@VGK,Mitch Marner,f2,SOG,over,2.5,draftkings,110,2.3100224641180724,0.4012004086489234,0.47619047619047616,-0.019670432208991673,228,False,-0.04130790763888248,2.3747015164281295,2.539068933518963,0.4565200439814845,-0.07499006754155274
STL@DAL,Sam Steel,f3,A,over,0.5,draftkings,265,0.2651145589863478,0.23288193532597193,0.273972602739726,-0.019837583322196595,225,False,-0.07240717912601757,0.29718972322689097,0.2932106863355685,0.2541350194175294,-0.041090667413754084
NYR@DET,Lucas Raymond,f1,PTS,under,0.5,draftkings,125,0.8297943263362182,0.4361389793992786,0.4444444444444444,-0.019881933476748936,240,False,-0.044734350322685135,0.8758617418785103,0.8566960261976818,0.4245625109676955,-0.008305465045165827
WSH@CAR,Logan Stankoven,f2,PTS,over,0.5,fanduel,-111,0.6834125443227116,0.49510891403453916,0.5260663507109005,-0.019894060728845142,180,False,-0.037816637962038935,0.6533409301595257,0.705568587772784,0.5061722899820553,-0.030957436676361305
NYR@DET,Michael Brandsegg-Nygård,f3,PTS,over,0.5,draftkings,245,0.30449894520430293,0.26250719386156773,0.2898550724637681,-0.020103335868022487,14,False,-0.06935650874467758,0.3185312294717335,0.3143707158009837,0.26975173659574564,-0.027347878602200393
STL@DAL,Mikko Rantanen,f1,SOG,over,2.5,fanduel,108,2.3260530524023357,0.4051529825596658,0.4807692307692308,-0.020106221426231252,222,False,-0.04182094056656105,2.4628508365280424,2.556689008358428,0.46066300934299953,-0.07561624820956497
NYR@DET,Andrew Copp,f1,A,over,0.5,fanduel,154,0.4225988840520045,0.3446585516951026,0.3937007874015748,-0.020339715631264466,214,False,-0.051662877703411714,0.45397294897201484,0.4673847762691691,0.37336107177031036,-0.049042235706472204
ANA@VGK,Tomas Hertl,f3,PTS,over,0.5,fanduel,-125,0.7420791842409794,0.5238770616442162,0.5555555555555556,-0.02036061711739834,209,False,-0.036649110811317054,0.7436119744858549,0.7661371837407276,0.5351949384381572,-0.03167849391133937
BOS@WPG,Fraser Minten,f3,SOG,over,1.5,draftkings,105,1.4589976874177648,0.4218876555948439,0.4878048780487805,-0.020378724369948087,104,False,-0.04177638495839353,1.5594169800771778,1.6036621979833305,0.4674261536788324,-0.06591722245393655
STL@DAL,Wyatt Johnston,f1,SOG,over,2.5,draftkings,-120,2.58473941763086,0.46722219076845023,0.5454545454545454,-0.02050950615263758,242,False,-0.03760076127983558,2.7507235231302167,2.841024993691562,0.5249450393019078,-0.07823235468609518
BOS@WPG,Morgan Geekie,f2,A,under,0.5,draftkings,-255,0.3260352659428224,0.7217797327400914,0.7183098591549296,-0.021043371340059847,231,False,-0.029295673826357782,0.3977528396660086,0.36058760583426647,0.6972664878148698,0.00346987358516182
STL@DAL,Jimmy Snuggerud,f1,A,over,0.5,draftkings,165,0.39831285917504494,0.3285480750978718,0.37735849056603776,-0.021056891666674182,75,False,-0.055800762916686564,0.4350714013009797,0.44052498384674427,0.3563015988993636,-0.048810415468165946
STL@DAL,Jonatan Berggren,f3,A,over,0.5,draftkings,310,0.22788683682795302,0.20378564312022224,0.24390243902439024,-0.021117898533059898,134,False,-0.08658338398554555,0.26090395337038796,0.25203767038914937,0.22278454049133034,-0.040116795904168
BOS@WPG,Kyle Connor,f1,PTS,over,0.5,draftkings,-195,0.9887513064325136,0.6279590337456256,0.6610169491525424,-0.021321241835459914,226,False,-0.0322552120074906,0.9629802246724055,1.0208063471083402,0.6396957073170825,-0.03305791540691683
ANA@VGK,Mikael Granlund,f2,PTS,over,0.5,draftkings,-120,0.718876163095167,0.5127004063897521,0.5454545454545454,-0.021528568071227272,207,False,-0.03946904146391672,0.7029801014761843,0.7421819271421857,0.5239259773833181,-0.0327541390647933
NYR@DET,Pavel Dorofeyev,f2,G,over,0.5,fanduel,190,0.3695337713370285,0.3089435541353628,0.3448275862068966,-0.021667801646753027,211,False,-0.06283662477558383,0.39032005247927326,0.39032005247927326,0.32315978456014355,-0.03588403207153379
ANA@VGK,Tristan Luneau,d1,PTS,over,0.5,draftkings,220,0.33274127735718756,0.2830443371739421,0.3125,-0.021763155882429108,14,False,-0.06964209882377315,0.34593196030966256,0.3435286564593148,0.2907368441175709,-0.029455662826057882
NYR@DET,Adam Fox,d1,SOG,under,1.5,fanduel,-114,1.5243791202961317,0.5572280279514046,0.5327102803738317,-0.021823436834795373,199,False,-0.04096680247935269,1.70410253576049,1.6755264190586852,0.5108868435390364,0.024517747577572857
ANA@VGK,Beckett Sennecke,f2,G,over,1.5,draftkings,1800,0.2568486606047771,0.02784608232097799,0.05263157894736842,-0.02185586427802716,82,False,-0.4152614212825161,0.32664105080846007,0.27129640228484836,0.03077571466934126,-0.02478549662639043
NYR@DET,Alexis Lafrenière,f1,A,under,0.5,draftkings,-230,0.3552635246580114,0.7009886910611867,0.696969696969697,-0.02188248715792196,244,False,-0.031396612009192415,0.4261829806119048,0.3929133967340241,0.6750872098117751,0.004018994091489647
NYR@DET,Alex DeBrincat,f1,A,under,0.5,draftkings,-155,0.4833556205788471,0.6167104694383498,0.6078431372549019,-0.021928018356833667,242,False,-0.03607512697414572,0.568259068548668,0.5345803481934639,0.5859151188980682,0.008867332183447929
WSH@CAR,Alex Tuch,f1,G,over,0.5,fanduel,250,0.2898656206357247,0.2516358744826085,0.2857142857142857,-0.021975312699723526,232,True,-0.07691359444903234,0.31121256986197504,0.30617056689870153,0.2637389730145622,-0.03407841123167721
STL@DAL,Dalibor Dvorsky,f3,PTS,under,0.5,draftkings,-255,0.35093187474284626,0.7040317145635335,0.7183098591549296,-0.02224260092028152,72,False,-0.030965189516470315,0.3977528396660086,0.3623089879220072,0.6960672582346481,-0.014278144591396091
BOS@WPG,Morgan Barron,f3,A,under,0.5,draftkings,-600,0.16322876262453803,0.8493968559333959,0.8571428571428571,-0.022312973893085508,216,False,-0.026031802875266408,0.2097205309821062,0.18052730752259816,0.8348298832497716,-0.0077460012094612285
STL@DAL,Miro Heiskanen,d1,A,under,0.5,draftkings,100,0.6680848610526463,0.512689509824313,0.5,-0.02235461602004518,198,False,-0.04470923204009036,0.7731898882334818,0.7388866963346845,0.4776453839799548,0.01268950982431305
STL@DAL,Thomas Harley,d1,SOG,under,1.5,fanduel,114,1.736788823353547,0.49290832464662815,0.4672897196261682,-0.022355636164670234,225,False,-0.0478410613923943,1.907060604585749,1.908997256069344,0.444934083461498,0.025618605020459928
STL@DAL,Dylan Holloway,f1,SOG,under,2.5,fanduel,-115,2.4317787422275474,0.5690693550138288,0.5348837209302325,-0.0224208027238878,174,False,-0.0419171529185729,2.7565428950652335,2.6728977546714403,0.5124629182063447,0.03418563408359632
BOS@WPG,Fraser Minten,f3,PTS,over,0.5,draftkings,155,0.44709090391681416,0.3605142261290733,0.39215686274509803,-0.02244042256041273,104,False,-0.057223077529052424,0.45397294897201484,0.4615854659139605,0.3697164401846853,-0.03164263661602473
WSH@CAR,Tom Wilson,f1,A,over,0.5,draftkings,205,0.32934376452022535,0.28060432847261896,0.32786885245901637,-0.022588617717915815,224,False,-0.06889528403964329,0.3666622924763916,0.3642467301853759,0.30528023474110055,-0.04726452398639741
ANA@VGK,Jack Eichel,f1,G,over,0.5,fanduel,160,0.42546786864954633,0.3465360217123401,0.38461538461538464,-0.022625944806797083,216,False,-0.058827456497672403,0.4443271412001745,0.4494004437501727,0.36198943980858755,-0.038079362903044534
NYR@DET,Lucas Raymond,f1,A,over,0.5,fanduel,118,0.5175708097679566,0.40403349297817137,0.45871559633027525,-0.022873231792435333,240,False,-0.049863645307508975,0.568259068548668,0.5724215710353853,0.4358423645378399,-0.054682103352103884
BOS@WPG,Elias Lindholm,f1,PTS,over,0.5,draftkings,125,0.5300528572522611,0.41142614154077517,0.4444444444444444,-0.022990558393954807,223,False,-0.05172875638639829,0.5387158777478238,0.5472370225615982,0.4214538860504896,-0.03301830290366925
BOS@WPG,Pavel Zacha,f2,SOG,over,1.5,fanduel,-114,1.5882317863412359,0.46268694210434674,0.5327102803738317,-0.023040034607275994,235,False,-0.04325059128032516,1.7298527676125806,1.7457102909455684,0.5096702457665557,-0.07002333826948498
NYR@DET,Alexis Lafrenière,f1,SOG,over,2.5,fanduel,150,2.0121647922327806,0.32615338785682696,0.4,-0.02327250098420469,244,False,-0.058181252460511756,2.313484537899197,2.2116776751906744,0.37672749901579533,-0.07384661214317306
WSH@CAR,Aliaksei Protas,f3,PTS,under,0.5,draftkings,-180,0.4636867055777519,0.6289605734424875,0.6428571428571429,-0.023280766751872073,230,False,-0.036214526058467644,0.5079847127643868,0.47871929882080244,0.6195763761052708,-0.013896569414655446
NYR@DET,Mika Zibanejad,f1,PTS,under,0.5,draftkings,125,0.8377339323241006,0.43268991795960765,0.4444444444444444,-0.02334785036146836,242,False,-0.05253266331330386,0.8758617418785103,0.86489303198998,0.42109659408297606,-0.01175452648483677
WSH@CAR,Ryan Leonard,f2,A,under,0.5,draftkings,-285,0.30097489821859164,0.7400963502503476,0.7402597402597403,-0.02339736911703183,81,False,-0.03160697231599041,0.3666622924763916,0.33287140779392493,0.7168623711427085,-0.00016339000939269432
BOS@WPG,Fraser Minten,f3,A,over,0.5,draftkings,300,0.23204670449503825,0.20709090997678073,0.25,-0.023647922297657387,104,False,-0.09459168919062955,0.2666286632539486,0.2566383896344248,0.2263520777023426,-0.04290909002321927
STL@DAL,Jason Robertson,f2,SOG,over,3.5,draftkings,100,3.292307713903206,0.4119191158813568,0.5,-0.023989545577805194,242,False,-0.04797909115561039,3.573692104936055,3.6187510579677173,0.4760104544221948,-0.08808088411864318
STL@DAL,Jason Robertson,f2,SOG,over,3.5,fanduel,100,3.292307713903206,0.4119191158813568,0.5,-0.023989545577805194,242,False,-0.04797909115561039,3.573692104936055,3.6187510579677173,0.4760104544221948,-0.08808088411864318
ANA@VGK,Leo Carlsson,f1,G,over,0.5,fanduel,230,0.3096463406485659,0.2662936075275376,0.30303030303030304,-0.024067932235599998,198,False,-0.07942417637748,0.33484754089421115,0.3270639527604455,0.27896237079470304,-0.036736695502765426
ANA@VGK,Cutter Gauthier,f1,A,under,0.5,draftkings,-260,0.3255557645423571,0.7221259101224047,0.7222222222222222,-0.024585863603573066,156,False,-0.03404196498956269,0.39032005247927326,0.36005728816605975,0.6976363586186491,-9.631209981753042e-05
NYR@DET,Lucas Raymond,f1,G,over,0.5,fanduel,230,0.3088905076038297,0.2657388383609494,0.30303030303030304,-0.024643801507239826,240,False,-0.08132454497389141,0.33484754089421115,0.3262656040936387,0.2783865015230632,-0.037291464669353624
NYR@DET,Alexis Lafrenière,f1,PTS,under,0.5,draftkings,-115,0.6518485294675261,0.5210816511411249,0.5348837209302325,-0.024698416067367446,244,False,-0.04617529960420874,0.7029801014761843,0.672981276388438,0.5101853048628651,-0.013802069789107585
STL@DAL,Jimmy Snuggerud,f1,SOG,over,2.5,draftkings,115,2.248124117996691,0.3858399275243079,0.46511627906976744,-0.024752923224923007,75,False,-0.05321878493358445,2.4085122103612493,2.471033158926179,0.44036335584484443,-0.07927635154545953
WSH@CAR,Jakob Chychrun,d1,PTS,under,0.5,draftkings,-125,0.6139153509070099,0.541227619103241,0.5555555555555556,-0.024993480169724247,235,False,-0.04498826430550362,0.6641596436866928,0.6338183147936944,0.5305620753858313,-0.01432793645231456
ANA@VGK,William Karlsson,f2,PTS,under,0.5,draftkings,-165,0.4985985996243937,0.6073812478750492,0.6226415094339622,-0.024999306351908612,136,False,-0.040150401110641054,0.5481373322033496,0.5147630267031669,0.5976422030820536,-0.015260261558913024
STL@DAL,Robert Thomas,f1,A,over,0.5,fanduel,106,0.5578304224863594,0.42755030847836323,0.4854368932038835,-0.025025758945878107,214,False,-0.05155306342850885,0.5842530923208828,0.6169477891423847,0.4604111342580054,-0.057886584725520274
STL@DAL,Roope Hintz,f2,PTS,under,0.5,draftkings,125,0.8416256155864047,0.43100929818914124,0.4444444444444444,-0.02503635918183922,205,False,-0.0563318081591383,0.8886392005436446,0.8689108825346523,0.4194080852626052,-0.013435146255303176
STL@DAL,Mason McTavish,f2,A,over,0.5,draftkings,235,0.28883596558460933,0.2508649207406018,0.29850746268656714,-0.025058880522320304,212,True,-0.08394724974977308,,0.31944602375390896,0.27344858216424683,-0.047642541945965344
WSH@CAR,Jaccob Slavin,d1,PTS,over,0.5,draftkings,290,0.25465347268737976,0.22481492577555773,0.2564102564102564,-0.025221907134303306,197,False,-0.09836543782378293,0.2751605656537396,0.2629092670131409,0.23118834927595308,-0.03159533063469866
NYR@DET,J.T. Miller,f2,G,over,0.5,fanduel,280,0.25706670015446587,0.2266833682935833,0.2631578947368421,-0.025372821792054023,219,False,-0.09641672280980529,0.282027014968436,0.271526706563045,0.23778507294478807,-0.0364745264432588
BOS@WPG,Cole Perfetti,f1,A,under,0.5,draftkings,-245,0.34253793579882524,0.7099661857402848,0.7101449275362319,-0.02548922028186973,218,False,-0.03589298366222471,0.4074068562910736,0.378839184221167,0.6846557072543622,-0.0001787417959471238
NYR@DET,Mika Zibanejad,f1,SOG,over,2.5,fanduel,110,2.2874519753629063,0.39561710471693395,0.47619047619047616,-0.02553277948466831,242,False,-0.05361883691780345,2.5156761624128503,2.514260505158306,0.45065769670580785,-0.08057337147354221
STL@DAL,Arttu Hyry,f3,PTS,over,0.5,draftkings,295,0.25015010172738034,0.22131610749846164,0.25316455696202533,-0.02555901918360748,25,False,-0.10095812577524954,0.2721109858746326,0.25825989802678034,0.22760553777841785,-0.03184844946356369
ANA@VGK,Pavel Mintyukov,d2,PTS,over,0.5,draftkings,230,0.31472373852053404,0.270009485325384,0.30303030303030304,-0.025610407389890844,201,False,-0.08451434438663974,0.33484754089421115,0.32492699405535996,0.2774198956404122,-0.03302081770491905
WSH@CAR,Tom Wilson,f1,PTS,over,0.5,fanduel,102,0.6138072314042549,0.4587138604721618,0.49504950495049505,-0.02567080747796452,224,False,-0.05185503110548828,0.6077183327815403,0.6337066900869148,0.4693786974725305,-0.03633564447833326
WSH@CAR,Ryan Leonard,f2,PTS,over,0.5,draftkings,110,0.5799487970563059,0.44007296425609344,0.47619047619047616,-0.025688239931457968,81,False,-0.05394530385606178,0.5842530923208828,0.598750574771889,0.4505022362590182,-0.03611751193438273
STL@DAL,Mikko Rantanen,f1,G,under,0.5,fanduel,-230,0.377459230238188,0.6856011528102051,0.696969696969697,-0.025771841285147312,222,False,-0.036976989669993965,0.43944097883554545,0.39869131858312695,0.6711978556845497,-0.011368544159491956
WSH@CAR,Sean Walker,d2,PTS,over,0.5,draftkings,185,0.3801791965564503,0.3162611254180444,0.3508771929824561,-0.026240500379291154,241,False,-0.07478542608097982,0.39959998865576585,0.39250449972463564,0.32463669260316497,-0.03461606756441171
ANA@VGK,Ivan Barbashev,f1,SOG,over,1.5,draftkings,-120,1.6181340400318003,0.4718446040638846,0.5454545454545454,-0.026372144415376164,232,False,-0.048348931428189634,1.747275023470453,1.778577453307516,0.5190824010391693,-0.0736099413906608
STL@DAL,Philip Broberg,d1,A,under,0.5,draftkings,-255,0.33303154303960236,0.7167475854016553,0.7183098591549296,-0.02641780701192431,160,False,-0.036777731330326024,0.3920786348120629,0.3683253295457972,0.6918920521430053,-0.0015622737532743347
NYR@DET,Eeli Tolvanen,f3,A,under,0.5,draftkings,-500,0.19402398943715862,0.8236381454160451,0.8333333333333334,-0.02645802042690193,239,False,-0.03174962451228236,0.2411620568166062,0.21458612958092563,0.8068753129064314,-0.009695187917288295
WSH@CAR,Tom Wilson,f1,SOG,under,1.5,fanduel,100,1.64246036260259,0.5207861500138236,0.5,-0.026637645921266828,224,False,-0.053275291842533656,1.8011973942723951,1.8053158122913255,0.47336235407873317,0.020786150013823557
ANA@VGK,Jack Eichel,f1,SOG,over,3.5,fanduel,122,3.048963816850138,0.36236027833515555,0.45045045045045046,-0.026718337253344937,216,False,-0.05931470870242572,3.3512787979502057,3.3512787979502057,0.4237321131971055,-0.0880901721152949
STL@DAL,Jimmy Snuggerud,f1,PTS,over,0.5,fanduel,-120,0.7078837420146449,0.5073142548771448,0.5454545454545454,-0.026962207575777053,75,False,-0.049430713888924616,0.6931471805599455,0.7308331348462026,0.5184923378787684,-0.03814029057740065
WSH@CAR,Dylan Strome,f2,A,over,0.5,fanduel,158,0.40439905863310693,0.3326222547281509,0.3875968992248062,-0.026976988628613363,241,False,-0.06960063066182243,0.4669501917585635,0.44725618234107295,0.36061991059619286,-0.054974644496655345
NYR@DET,Moritz Seider,d1,SOG,under,2.5,draftkings,-170,2.0899779019402076,0.6540061836249621,0.6296296296296297,-0.027662229997873156,242,False,-0.04393412999662205,2.3793694894494943,2.2972062155176887,0.6019673996317565,0.02437655399533245
NYR@DET,Pavel Dorofeyev,f2,SOG,under,2.5,fanduel,-102,2.576481800416922,0.5347040632647568,0.504950495049505,-0.027922604043528976,211,False,-0.055297706046988804,2.8904434375502124,2.831948606055303,0.477027891005976,0.02975356821525188
WSH@CAR,Jackson Blake,f2,SOG,over,2.5,fanduel,120,2.195798184549864,0.3727427777456939,0.45454545454545453,-0.028029008568240588,159,False,-0.06166381885012928,2.4294429997930718,2.413518933806753,0.42651644597721394,-0.08180267679976061
BOS@WPG,Morgan Geekie,f2,SOG,under,1.5,draftkings,145,1.972615892699071,0.42817505620611673,0.40816326530612246,-0.028280025652522522,231,False,-0.06928606284868022,2.1051598039700234,2.1682073697193194,0.37988323965359994,0.020011790899994275
STL@DAL,Sam Steel,f3,PTS,over,0.5,draftkings,155,0.437888455862959,0.35460223082039477,0.39215686274509803,-0.02845715014539496,225,False,-0.07256573287075718,0.45397294897201484,0.45208467706928723,0.3636997125997031,-0.03755463192470326
STL@DAL,Roope Hintz,f2,G,over,0.5,fanduel,200,0.3442345988306737,0.2912373663410431,0.3333333333333333,-0.028504068780090264,205,False,-0.08551220634027079,0.37623546979322614,0.3635978010741197,0.30482926455324305,-0.042095966992290235
ANA@VGK,Mitch Marner,f2,G,over,1.5,draftkings,1200,0.3299616430463096,0.04382233490085038,0.07692307692307693,-0.028616034413508566,228,False,-0.37200844737561134,0.42179200139558876,0.3485219912756524,0.04830704250956836,-0.03310074202222655
NYR@DET,Mika Zibanejad,f1,A,under,0.5,draftkings,-165,0.4710744180684462,0.6243311151669189,0.6226415094339622,-0.02871376946211035,242,False,-0.0461160539846015,0.5481373322033496,0.520997616898476,0.5939277399718519,0.0016896057329566228
NYR@DET,Oliver Bjorkstrand,f2,SOG,over,1.5,fanduel,100,1.4703584131575538,0.42555134730766636,0.5,-0.02875982510154179,241,False,-0.05751965020308358,1.6529256451781573,1.6161493777559048,0.4712401748984582,-0.07444865269233364
WSH@CAR,Tom Wilson,f1,SOG,over,1.5,draftkings,-125,1.64246036260259,0.47921384998617644,0.5555555555555556,-0.028917909634288752,224,False,-0.05205223734171971,1.8011973942723951,1.8053158122913255,0.5266376459212668,-0.07634170556937914
NYR@DET,Andrew Copp,f1,G,under,0.5,fanduel,-420,0.23695836548605692,0.7890241379702327,0.8076923076923077,-0.029115224597216605,214,False,-0.03604742092988722,0.282027014968436,0.250287277715591,0.7785770830950911,-0.018668169722074968
NYR@DET,Adam Fox,d1,PTS,over,0.5,fanduel,-130,0.7438867284802003,0.5247368975887422,0.5652173913043478,-0.029155868379086125,199,False,-0.0515834594399216,0.7521613519970007,0.7680033280583854,0.5360615229252617,-0.04048049371560558
NYR@DET,Lucas Raymond,f1,A,over,0.5,draftkings,115,0.5175708097679566,0.40403349297817137,0.46511627906976744,-0.029273914531927514,240,False,-0.06293891624364412,0.568259068548668,0.5724215710353853,0.4358423645378399,-0.061082786091596064
ANA@VGK,Shea Theodore,d1,A,under,0.5,draftkings,-135,0.5486415704033542,0.5777340886514901,0.574468085106383,-0.029367601241321872,183,False,-0.05112137993859733,0.6261364702769852,0.6067851272493698,0.5451004838650612,0.003266003545107088
BOS@WPG,Cole Perfetti,f1,A,over,0.5,fanduel,190,0.34253793579882524,0.29003381425971525,0.3448275862068966,-0.02948329346125872,218,False,-0.08550155103765023,0.4074068562910736,0.378839184221167,0.31534429274563786,-0.054793771947181324
NYR@DET,Albert Johansson,d1,G,over,0.5,fanduel,1300,0.04053896869542208,0.03972825675479619,0.07142857142857142,-0.029513084755588358,139,False,-0.41318318657823705,,0.04281928639810688,0.04191548667298307,-0.03170031467377524
WSH@CAR,Jalen Chatfield,d1,PTS,under,0.5,draftkings,-400,0.2526626214509721,0.7767298896264953,0.8,-0.029606513271903112,220,False,-0.03700814158987886,0.2811673914305872,0.2608538729367416,0.7703934867280969,-0.023270110373504793
WSH@CAR,Alex Ovechkin,f2,PTS,over,0.5,draftkings,-120,0.7022044282211002,0.5045081771734883,0.5454545454545454,-0.02979379001119009,224,False,-0.05462194835384848,0.7029801014761843,0.7249696992886931,0.5156607554433553,-0.04094636828105713
BOS@WPG,Will Borgen,d1,A,over,0.5,draftkings,475,0.14066047855605535,0.13121576749403774,0.17391304347826086,-0.02984251659297335,238,False,-0.17159447040959674,,0.1555672974558683,0.14407052688528751,-0.042697275984223126
ANA@VGK,Tomas Hertl,f3,PTS,over,0.5,draftkings,-130,0.7420791842409794,0.5238770616442162,0.5652173913043478,-0.03002245286619054,209,False,-0.053116647378644855,0.7436119744858549,0.7661371837407276,0.5351949384381572,-0.04134032966013157
NYR@DET,Lucas Raymond,f1,SOG,under,2.5,fanduel,-138,2.2858757011903137,0.604773598653032,0.5798319327731093,-0.030078956456908057,240,False,-0.051875301715537114,2.471076730584615,2.5125279381185885,0.5497529763162012,0.024941665879922748
BOS@WPG,Josh Morrissey,d1,SOG,under,2.5,draftkings,-185,2.0275751656943037,0.6699085716337119,0.6491228070175439,-0.030091190251614663,236,False,-0.04635669849573065,2.2888793845967714,2.2286160388290632,0.6190316167659292,0.02078576461616799
WSH@CAR,Jalen Chatfield,d1,PTS,over,0.5,draftkings,285,0.2526626214509721,0.22327011037350478,0.2597402597402597,-0.030133746468356676,220,False,-0.11601492390317325,0.2811673914305872,0.2608538729367416,0.22960651327190304,-0.03647014936675494
BOS@WPG,James Hagens,f3,PTS,over,0.5,draftkings,175,0.392945206163827,0.32493426398589986,0.36363636363636365,-0.030156865206514394,3,False,-0.08293137931791461,0.41551544396166346,0.405684379791217,0.33347949842984925,-0.038702099650463784
STL@DAL,Pavel Buchnevich,f2,G,over,0.5,fanduel,320,0.22053241064485737,0.19790835786700942,0.23809523809523808,-0.03029843159365883,235,False,-0.1272534126933671,0.2520700006629038,0.23293736262544415,0.20779680650157925,-0.040186880228228666
NYR@DET,Sean Durzi,d2,A,under,0.5,draftkings,-360,0.2575087313516559,0.7729748771685451,0.782608695652174,-0.03044313104249785,164,False,-0.03889955633208053,0.30743867088785715,0.2847988135608528,0.7521655646096761,-0.009633818483628875
NYR@DET,Pavel Dorofeyev,f2,A,over,0.5,fanduel,200,0.3262108811891119,0.2783470116559906,0.3333333333333333,-0.03046440668543854,211,False,-0.09139322005631567,0.3529643645421967,0.360781832311652,0.3028689266478948,-0.05498632167734274
ANA@VGK,Rasmus Andersson,d2,SOG,over,1.5,fanduel,-144,1.7522490857606599,0.5115537266843817,0.5901639344262295,-0.03057058364107479,238,False,-0.051800155614043386,1.9055394884277386,1.9259904553094813,0.5595933507851547,-0.07861020774184779
ANA@VGK,Jack Eichel,f1,SOG,over,3.5,draftkings,120,3.048963816850138,0.36236027833515555,0.45454545454545453,-0.03081334134834901,216,False,-0.06778935096636785,3.3512787979502057,3.3512787979502057,0.4237321131971055,-0.09218517621029898
STL@DAL,Jimmy Snuggerud,f1,A,over,0.5,fanduel,158,0.39831285917504494,0.3285480750978718,0.3875968992248062,-0.03129530032544264,75,False,-0.08074187483964201,0.4350714013009797,0.44052498384674427,0.3563015988993636,-0.05904882412693441
WSH@CAR,Taylor Hall,f2,SOG,over,1.5,draftkings,-165,1.864354943558505,0.5429949920882318,0.6226415094339622,-0.03132708078234836,165,False,-0.050313190347408,1.9966673331296392,2.0492119846328665,0.5913144286516139,-0.07964651734573047
BOS@WPG,Casey Mittelstadt,f2,PTS,under,0.5,draftkings,-170,0.4976282319700309,0.6079709170435275,0.6296296296296297,-0.03138839261618542,229,False,-0.049852152978647424,0.5340824859302583,0.5137612000009841,0.5982412370134442,-0.02165871258610219
BOS@WPG,Morgan Geekie,f2,PTS,over,0.5,draftkings,-115,0.6779288472637778,0.49233263910310526,0.5348837209302325,-0.031515154280802316,231,False,-0.05891963626410868,0.6834100052820871,0.6999071107896827,0.5033685666494302,-0.042551081827127246
NYR@DET,Axel Sandin-Pellikka,d2,G,over,0.5,fanduel,900,0.06705974235425548,0.0648606677573475,0.1,-0.03161852684809907,68,False,-0.3161852684809907,,0.07083185404206856,0.06838147315190093,-0.035139332242652505
BOS@WPG,Will Borgen,d1,PTS,over,0.5,draftkings,390,0.1832978522198187,0.1674798491704501,0.20408163265306123,-0.031669231833256456,238,False,-0.15517923598295658,,0.18924031729720767,0.17241240081980477,-0.03660178348261112
NYR@DET,Alex DeBrincat,f1,SOG,under,3.5,draftkings,-140,3.1626109605555754,0.6143532383604229,0.5833333333333334,-0.03176540552657492,242,False,-0.054454980902699845,3.5719345813559538,3.4761944368445694,0.5515679278067585,0.03101990502708951
BOS@WPG,Josh Morrissey,d1,A,over,0.5,draftkings,110,0.531399648161115,0.41221829391099485,0.47619047619047616,-0.03178531780386812,236,False,-0.06674916738812309,0.5903376866938638,0.5877159524981945,0.44440515838660805,-0.06397218227948132
ANA@VGK,Jack Eichel,f1,PTS,under,1.5,draftkings,-200,1.2380423933615479,0.6489232415643476,0.6666666666666666,-0.03209355693467242,216,False,-0.04814033540200868,1.3051489040735955,1.278179381317387,0.6345731097319942,-0.017743425102319077
ANA@VGK,Rasmus Andersson,d2,SOG,over,1.5,draftkings,-145,1.7522490857606599,0.5115537266843817,0.5918367346938775,-0.032243383908722834,238,False,-0.054480200397497236,1.9055394884277386,1.9259904553094813,0.5595933507851547,-0.08028300800949584
BOS@WPG,Elias Lindholm,f1,A,under,0.5,draftkings,-285,0.31268924960212185,0.7314771840806886,0.7402597402597403,-0.032624994767053606,223,False,-0.04407236135198467,0.37176518966232214,0.3458272146054165,0.7076347454926867,-0.00878255617905166
WSH@CAR,Dylan Strome,f2,A,under,0.5,draftkings,-205,0.40439905863310693,0.6673777452718491,0.6721311475409836,-0.03275105813717649,241,False,-0.04872718405775034,0.4669501917585635,0.44725618234107295,0.6393800894038071,-0.004753402269134455
WSH@CAR,Jordan Kyrou,f3,G,over,0.5,fanduel,330,0.2109422135156067,0.19017913777018944,0.23255813953488372,-0.03282685231415394,234,True,-0.14115546495086195,0.24613306953890843,0.2228077167388664,0.19973128722072978,-0.04237900176469428
BOS@WPG,Pavel Zacha,f2,A,under,0.5,draftkings,-225,0.37647645047656786,0.686275278952236,0.6923076923076923,-0.03287436735940641,235,False,-0.047485197296920356,0.4350714013009797,0.4163744113317352,0.6594333249482859,-0.006032413355456345
ANA@VGK,Rasmus Andersson,d2,A,over,0.5,draftkings,170,0.37212903609843195,0.31073470331893477,0.37037037037037035,-0.032981978850713634,238,False,-0.08905134289692684,0.42179200139558876,0.4115662696797937,0.3373883915196567,-0.05963566705143558
WSH@CAR,Jordan Kyrou,f3,G,under,0.5,fanduel,-500,0.2109422135156067,0.8098208622298105,0.8333333333333334,-0.03306462055406312,234,True,-0.03967754466487572,0.24613306953890843,0.2228077167388664,0.8002687127792703,-0.023512471103522836
STL@DAL,Miro Heiskanen,d1,A,over,0.5,fanduel,-125,0.6680848610526463,0.48731049017568695,0.5555555555555556,-0.0332009395355104,198,False,-0.05976169116391872,0.7731898882334818,0.7388866963346845,0.5223546160200452,-0.06824506537986863
WSH@CAR,Dylan Strome,f2,PTS,over,0.5,fanduel,-111,0.6576361751789312,0.4819254743597932,0.5260663507109005,-0.03321224545266893,241,False,-0.06313318730192019,0.6834100052820871,0.6789565559542707,0.49285410525823153,-0.04414087635110725
BOS@WPG,Pavel Zacha,f2,SOG,under,1.5,draftkings,-110,1.5882317863412359,0.5373130578956533,0.5238095238095238,-0.033479769576079565,235,False,-0.06391592373615185,1.7298527676125806,1.7457102909455684,0.49032975423344427,0.013503534086129476
STL@DAL,Mason McTavish,f2,G,under,0.5,fanduel,-440,0.23385743288989483,0.791474646105471,0.8148148148148148,-0.033683430555226046,212,True,-0.041338755681413764,0.2735973325700419,0.24701191760631214,0.7811313842595887,-0.023340168709343745
ANA@VGK,Mitch Marner,f2,PTS,over,0.5,draftkings,-240,1.080151343577224,0.6604558660677203,0.7058823529411765,-0.03374203921297381,228,False,-0.04780122221837957,1.0788096613719298,1.115169547881139,0.6721403137282027,-0.045426486873456184
ANA@VGK,Leo Carlsson,f1,PTS,under,0.5,draftkings,105,0.7648803570662109,0.4653896082216349,0.4878048780487805,-0.03381372336619071,198,False,-0.069318132900691,0.7944689391622576,0.789677564208583,0.45399115468258977,-0.02241526982714559
NYR@DET,Alex DeBrincat,f1,G,over,1.5,draftkings,800,0.4320855862899629,0.07035617733560177,0.1111111111111111,-0.03383119625122888,242,False,-0.3044807662610599,0.520714455895238,0.45639040812434784,0.07727991485988223,-0.04075493377550933
NYR@DET,Sean Durzi,d2,A,over,0.5,draftkings,255,0.2575087313516559,0.22702512283145493,0.28169014084507044,-0.033855705454746476,164,False,-0.12018775436435003,0.30743867088785715,0.2847988135608528,0.24783443539032396,-0.05466501801361551
NYR@DET,Mika Zibanejad,f1,SOG,under,2.5,draftkings,-140,2.2874519753629063,0.6043828952830661,0.5833333333333334,-0.03399103003914117,242,False,-0.058270337209956335,2.5156761624128503,2.514260505158306,0.5493423032941922,0.02104956194973273
WSH@CAR,Alex Ovechkin,f2,A,over,0.5,fanduel,164,0.38228402075007617,0.31769876202646796,0.3787878787878788,-0.03399921002785078,224,False,-0.0897579144735261,0.3977528396660086,0.42279745227052085,0.344788668760028,-0.06108911676141082
NYR@DET,Eeli Tolvanen,f3,A,over,0.5,draftkings,340,0.19402398943715862,0.17636185458395492,0.22727272727272727,-0.034148040179158706,239,False,-0.15025137678829836,0.2411620568166062,0.21458612958092563,0.19312468709356856,-0.05091087268877234
WSH@CAR,Cole Hutson,d2,PTS,over,0.5,fanduel,140,0.46683307329896817,0.3730152578278444,0.4166666666666667,-0.03423369349286892,14,False,-0.08216086438288539,0.432708869932181,0.48196767090310383,0.38243297317379776,-0.04365140883882229
STL@DAL,Philip Broberg,d1,PTS,over,0.5,draftkings,155,0.429116913335257,0.34891619564798315,0.39215686274509803,-0.03424560079177574,160,False,-0.08732628201902815,0.4567272784507173,0.4430287635873463,0.3579112619533223,-0.04324066709711488
WSH@CAR,Jackson Blake,f2,SOG,under,2.5,draftkings,-155,2.195798184549864,0.627257222254306,0.6078431372549019,-0.03435958323211585,159,False,-0.0565270562850938,2.4294429997930718,2.413518933806753,0.5734835540227861,0.019414084999404113
BOS@WPG,Neal Pionk,d2,PTS,under,0.5,draftkings,-240,0.3857142596220996,0.6799647913206616,0.7058823529411765,-0.034367408520338594,200,False,-0.04868716207047963,0.42179200139558876,0.3982190079860165,0.6715149444208379,-0.02591756162051495
ANA@VGK,Mikael Granlund,f2,A,over,0.5,draftkings,150,0.4113826682017121,0.33726672388010825,0.4,-0.034460722984198056,207,False,-0.08615180746049511,0.4669501917585635,0.4549798960538902,0.36553927701580197,-0.06273327611989177
STL@DAL,Roope Hintz,f2,G,under,0.5,fanduel,-270,0.3442345988306737,0.708762633658957,0.7297297297297297,-0.03455899428297282,205,False,-0.04735862179518502,0.37623546979322614,0.3635978010741197,0.6951707354467569,-0.02096709607077274
NYR@DET,Adam Fox,d1,SOG,under,1.5,draftkings,-120,1.5243791202961317,0.5572280279514046,0.5454545454545454,-0.034567701915509064,199,False,-0.06337412017843325,1.70410253576049,1.6755264190586852,0.5108868435390364,0.011773482496859167
ANA@VGK,Jack Eichel,f1,PTS,over,1.5,draftkings,150,1.2380423933615479,0.35107675843565245,0.4,-0.03457310973199418,216,False,-0.08643277432998542,1.3051489040735955,1.278179381317387,0.36542689026800584,-0.048923241564347575
BOS@WPG,Pavel Zacha,f2,PTS,over,0.5,draftkings,-120,0.6925499215653178,0.49970128130535263,0.5454545454545454,-0.03464558287429331,235,False,-0.0635169019362044,0.7029801014761843,0.7150021962287161,0.5108089625802521,-0.045753264149192785
ANA@VGK,Rasmus Andersson,d2,PTS,over,0.5,draftkings,120,0.5273766436439725,0.40984888257170166,0.45454545454545453,-0.03469228770761301,238,False,-0.07632303295674858,0.5481373322033496,0.5444740468570041,0.4198531668378415,-0.044696571973752874
BOS@WPG,Morgan Barron,f3,A,over,0.5,draftkings,400,0.16322876262453803,0.15060314406660413,0.2,-0.03482988324977157,216,False,-0.17414941624885782,0.2097205309821062,0.18052730752259816,0.16517011675022844,-0.04939685593339588
NYR@DET,Albert Johansson,d1,G,over,0.5,draftkings,1200,0.04053896869542208,0.03972825675479619,0.07692307692307693,-0.03500759025009386,139,False,-0.4550986732512201,,0.04281928639810688,0.04191548667298307,-0.03719482016828074
ANA@VGK,Cutter Gauthier,f1,PTS,over,0.5,draftkings,-140,0.7696324066492511,0.5368166998774269,0.5833333333333334,-0.03510261244720436,156,False,-0.06017590705235032,0.786561625199371,0.7945836739093565,0.548230720886129,-0.04651663345590651
NYR@DET,Pavel Dorofeyev,f2,PTS,under,0.5,draftkings,-110,0.6936460339904075,0.49975063548811127,0.5238095238095238,-0.035171765371990626,211,False,-0.06714609752834577,0.7230001437096264,0.716133844311906,0.4886377584375332,-0.024058888321412564
NYR@DET,Lucas Raymond,f1,SOG,over,2.5,fanduel,106,2.2858757011903137,0.3952264013469679,0.4854368932038835,-0.03518986952008474,240,False,-0.07249113121137452,2.471076730584615,2.5125279381185885,0.45024702368379876,-0.0902104918569156
ANA@VGK,Shea Theodore,d1,A,over,0.5,fanduel,104,0.5486415704033542,0.42226591134850994,0.49019607843137253,-0.03529656229643369,183,False,-0.07200498708472469,0.6261364702769852,0.6067851272493698,0.45489951613493884,-0.06793016708286259
STL@DAL,Philip Broberg,d1,PTS,under,0.5,draftkings,-210,0.429116913335257,0.6510838043520168,0.6774193548387096,-0.035330616792031866,160,False,-0.05215472002633281,0.4567272784507173,0.4430287635873463,0.6420887380466778,-0.026335550486692783
BOS@WPG,James Hagens,f3,SOG,over,1.5,fanduel,112,1.367335108367615,0.3918158271887942,0.4716981132075472,-0.035729634809865574,3,False,-0.07574682579691505,1.5647122939889897,1.5029109670115068,0.4359684783976816,-0.07988228601875297
ANA@VGK,Mitch Marner,f2,PTS,under,0.5,draftkings,175,1.080151343577224,0.33954413393227967,0.36363636363636365,-0.035776677364566356,228,False,-0.09838586275255745,1.0788096613719298,1.115169547881139,0.3278596862717973,-0.02409222970408398
ANA@VGK,Rasmus Andersson,d2,SOG,under,1.5,draftkings,110,1.7522490857606599,0.4884462733156183,0.47619047619047616,-0.03578382697563087,238,False,-0.0751460366488248,1.9055394884277386,1.9259904553094813,0.4404066492148453,0.012255797125142132
BOS@WPG,Pavel Zacha,f2,SOG,over,1.5,draftkings,-120,1.5882317863412359,0.46268694210434674,0.5454545454545454,-0.035784299687989685,235,False,-0.06560454942798111,1.7298527676125806,1.7457102909455684,0.5096702457665557,-0.08276760335019867
WSH@CAR,Jackson Blake,f2,SOG,under,2.5,fanduel,-156,2.195798184549864,0.627257222254306,0.609375,-0.03589144597721394,159,False,-0.058898783142094624,2.4294429997930718,2.413518933806753,0.5734835540227861,0.017882222254306024
ANA@VGK,Cutter Gauthier,f1,PTS,under,0.5,draftkings,105,0.7696324066492511,0.46318330012257314,0.4878048780487805,-0.036035598934909485,156,False,-0.07387297781656443,0.786561625199371,0.7945836739093565,0.451769279113871,-0.02462157792620734
BOS@WPG,Josh Morrissey,d1,A,under,0.5,draftkings,-145,0.531399648161115,0.5877817060890052,0.5918367346938775,-0.03624189308048553,236,False,-0.06123630210150999,0.5903376866938638,0.5877159524981945,0.555594841613392,-0.0040550286048723905
NYR@DET,Alex DeBrincat,f1,A,over,0.5,fanduel,122,0.4833556205788471,0.3832895305616502,0.45045045045045046,-0.0363655693485187,242,False,-0.0807315639537115,0.568259068548668,0.5345803481934639,0.41408488110193176,-0.06716091988880024
ANA@VGK,Beckett Sennecke,f2,PTS,over,0.5,draftkings,-115,0.6685048637861339,0.48752577595777,0.5348837209302325,-0.03637071578731327,82,False,-0.06799742516758567,0.6834100052820871,0.6901776044047729,0.49851300514291924,-0.047357944972462485
NYR@DET,Oliver Bjorkstrand,f2,SOG,under,1.5,fanduel,-130,1.4703584131575538,0.5744486526923336,0.5652173913043478,-0.03645756620280605,241,False,-0.0645018478972722,1.6529256451781573,1.6161493777559048,0.5287598251015417,0.0092312613879858
STL@DAL,Philip Broberg,d1,A,over,0.5,draftkings,190,0.33303154303960236,0.2832524145983447,0.3448275862068966,-0.036719638349901884,160,False,-0.10648695121471541,0.3920786348120629,0.3683253295457972,0.3081079478569947,-0.06157517160855186
STL@DAL,Thomas Harley,d1,SOG,over,1.5,draftkings,-145,1.736788823353547,0.5070916753533719,0.5918367346938775,-0.03677081815537553,225,False,-0.06213000309011729,1.907060604585749,1.908997256069344,0.555065916538502,-0.08474505934050569
BOS@WPG,Pavel Zacha,f2,A,over,0.5,draftkings,165,0.37647645047656786,0.31372472104776405,0.37735849056603776,-0.036791815514323645,235,False,-0.0974983111129577,0.4350714013009797,0.4163744113317352,0.3405666750517141,-0.06363376951827371
BOS@WPG,Connor Clifton,d2,A,under,0.5,draftkings,-900,0.13302281334517596,0.8754451200492509,0.9,-0.0368097955433081,199,False,-0.04089977282589785,0.15780699103036894,0.14712021304433825,0.8631902044566919,-0.02455487995074912
ANA@VGK,Ivan Barbashev,f1,PTS,under,0.5,draftkings,100,0.7461129358417858,0.47420624502231146,0.5,-0.03712660556771086,232,False,-0.07425321113542172,0.7731898882334818,0.7703017084396819,0.46287339443228914,-0.025793754977688543
STL@DAL,Arttu Hyry,f3,PTS,under,0.5,draftkings,-425,0.25015010172738034,0.7786838925015384,0.8095238095238095,-0.03712934730222739,25,False,-0.04586566431451622,0.2721109858746326,0.25825989802678034,0.7723944622215821,-0.03083991702227118
NYR@DET,Mika Zibanejad,f1,SOG,over,2.5,draftkings,105,2.2874519753629063,0.39561710471693395,0.4878048780487805,-0.037147181342972624,242,False,-0.07615172175309393,2.5156761624128503,2.514260505158306,0.45065769670580785,-0.09218777333184652
BOS@WPG,Elias Lindholm,f1,PTS,over,0.5,fanduel,118,0.5300528572522611,0.41142614154077517,0.45871559633027525,-0.03726171027978564,223,False,-0.08123052840993272,0.5387158777478238,0.5472370225615982,0.4214538860504896,-0.047289454789500085
NYR@DET,Viktor Arvidsson,f2,PTS,over,0.5,draftkings,-125,0.707184483079498,0.5069696194870029,0.5555555555555556,-0.037410957390696886,150,True,-0.06733972330325444,,0.7301112061320494,0.5181445981648587,-0.04858593606855266
STL@DAL,Mason McTavish,f2,G,over,0.5,fanduel,290,0.23385743288989483,0.208525353894529,0.2564102564102564,-0.03754164066984511,212,True,-0.14641239861239597,0.2735973325700419,0.24701191760631214,0.21886861574041128,-0.047884902515727384
ANA@VGK,Mikael Granlund,f2,A,under,0.5,draftkings,-205,0.4113826682017121,0.6627332761198917,0.6721311475409836,-0.03767042455678549,207,False,-0.05604624141375403,0.4669501917585635,0.4549798960538902,0.6344607229841981,-0.00939787142109183
BOS@WPG,Josh Morrissey,d1,PTS,over,0.5,draftkings,-125,0.7066384425098838,0.5067003313827664,0.5555555555555556,-0.037682676608305044,236,False,-0.0678288178949491,0.7230001437096264,0.7295474630799649,0.5178728789472505,-0.0488552241727892
NYR@DET,Albert Johansson,d1,A,over,0.5,draftkings,600,0.10037103312035145,0.09549824433988496,0.14285714285714285,-0.0377886561994033,139,False,-0.2645205933958231,0.1459539126230797,0.11100808504048937,0.10506848665773955,-0.047358898517257886
ANA@VGK,Alex Killorn,f2,SOG,over,1.5,fanduel,-122,1.5946341258537848,0.4646568287988174,0.5495495495495496,-0.0378524953902859,224,False,-0.06887913095609399,1.834045672352235,1.7527474438783475,0.5116970541592637,-0.08489272075073218
WSH@CAR,Jaccob Slavin,d1,A,under,0.5,draftkings,-550,0.19245889759608106,0.8249282240398614,0.8461538461538461,-0.037880658052325655,197,False,-0.044768050425475825,0.22010864761915944,0.21285517351930783,0.8082731881015205,-0.02122562211398471
STL@DAL,Pavel Buchnevich,f2,G,under,0.5,fanduel,-490,0.22053241064485737,0.8020916421329906,0.8305084745762712,-0.03830528107785047,235,False,-0.04612268537945263,0.2520700006629038,0.23293736262544415,0.7922031934984207,-0.028416832443280637
WSH@CAR,Dylan Strome,f2,PTS,under,0.5,draftkings,-120,0.6576361751789312,0.5180745256402068,0.5454545454545454,-0.038308650712777004,241,False,-0.0702325263067578,0.6834100052820871,0.6789565559542707,0.5071458947417684,-0.027380019814338574
NYR@DET,Adam Fox,d1,PTS,over,0.5,draftkings,-135,0.7438867284802003,0.5247368975887422,0.574468085106383,-0.03840656218112137,199,False,-0.06685586750047057,0.7521613519970007,0.7680033280583854,0.5360615229252617,-0.04973118751764083
NYR@DET,Pavel Dorofeyev,f2,SOG,over,2.5,fanduel,-128,2.576481800416922,0.46529593673524317,0.5614035087719298,-0.03843139977790577,211,False,-0.06845593085439461,2.8904434375502124,2.831948606055303,0.522972108994024,-0.09610757203668663
WSH@CAR,Tom Wilson,f1,SOG,over,1.5,fanduel,-130,1.64246036260259,0.47921384998617644,0.5652173913043478,-0.038579745383080954,224,False,-0.06825647260083556,1.8011973942723951,1.8053158122913255,0.5266376459212668,-0.08600354131817134
WSH@CAR,Jackson Blake,f2,SOG,over,2.5,draftkings,115,2.195798184549864,0.3727427777456939,0.46511627906976744,-0.03859983309255349,159,False,-0.08298964114898999,2.4294429997930718,2.413518933806753,0.42651644597721394,-0.09237350132407351
WSH@CAR,Sebastian Aho,f1,SOG,over,2.5,draftkings,-105,2.376260203601326,0.4174592623666901,0.5121951219512195,-0.038670987695861636,233,False,-0.07550049978715845,2.558480405746121,2.611874366869006,0.4735241342553579,-0.0947358595845294
WSH@CAR,Sebastian Aho,f1,SOG,under,2.5,draftkings,-130,2.376260203601326,0.5825407376333098,0.5652173913043478,-0.03874152555970567,233,False,-0.06854269906717159,2.558480405746121,2.611874366869006,0.5264758657446421,0.01732334632896204
WSH@CAR,Tom Wilson,f1,SOG,under,1.5,draftkings,-105,1.64246036260259,0.5207861500138236,0.5121951219512195,-0.03883276787248635,224,False,-0.0758163563224733,1.8011973942723951,1.8053158122913255,0.47336235407873317,0.008591028062604034
WSH@CAR,Sean Walker,d2,PTS,under,0.5,draftkings,-250,0.3801791965564503,0.6837388745819556,0.7142857142857143,-0.03892240688887927,241,False,-0.05449136964443102,0.39959998865576585,0.39250449972463564,0.675363307396835,-0.03054683970375871
ANA@VGK,Jack Eichel,f1,SOG,under,3.5,draftkings,-160,3.048963816850138,0.6376397216648444,0.6153846153846154,-0.03911672858172088,216,False,-0.06356468394529646,3.3512787979502057,3.3512787979502057,0.5762678868028945,0.022255106280228976
ANA@VGK,Jack Eichel,f1,SOG,under,3.5,fanduel,-160,3.048963816850138,0.6376397216648444,0.6153846153846154,-0.03911672858172088,216,False,-0.06356468394529646,3.3512787979502057,3.3512787979502057,0.5762678868028945,0.022255106280228976
ANA@VGK,Pavel Mintyukov,d2,PTS,under,0.5,draftkings,-320,0.31472373852053404,0.729990514674616,0.7619047619047619,-0.039324657545174,201,False,-0.051613613028040906,0.33484754089421115,0.32492699405535996,0.7225801043595879,-0.03191424723014591
BOS@WPG,James Hagens,f3,PTS,under,0.5,draftkings,-240,0.392945206163827,0.6750657360141001,0.7058823529411765,-0.03936185137102577,3,False,-0.05576262277561983,0.41551544396166346,0.405684379791217,0.6665205015701507,-0.03081661692707638
NYR@DET,Alex DeBrincat,f1,SOG,over,3.5,draftkings,105,3.1626109605555754,0.38564676163957706,0.4878048780487805,-0.03937280585553887,242,False,-0.08071425200385474,3.5719345813559538,3.4761944368445694,0.4484320721932416,-0.10215811640920341
WSH@CAR,Dylan Strome,f2,A,over,0.5,draftkings,150,0.40439905863310693,0.3326222547281509,0.4,-0.03938008940380716,241,False,-0.09845022350951793,0.4669501917585635,0.44725618234107295,0.36061991059619286,-0.06737774527184914
NYR@DET,Moritz Seider,d1,PTS,over,0.5,fanduel,-136,0.7446639181140566,0.525106123647373,0.576271186440678,-0.039837555128172664,242,False,-0.0691298750753584,0.7029801014761843,0.7688057139626931,0.5364336313125053,-0.051165062793305016
NYR@DET,Michael Brandsegg-Nygård,f3,A,under,0.5,draftkings,-600,0.1826467726165068,0.8330623642119843,0.8571428571428571,-0.04005053241664125,14,False,-0.04672562115274814,0.2097205309821062,0.202003185945817,0.8170923247262158,-0.024080492930872777
WSH@CAR,Sebastian Aho,f1,PTS,over,0.5,fanduel,-210,0.9824144759756139,0.6255939876856106,0.6774193548387096,-0.0400885826131504,233,False,-0.05917838385750773,0.9264147492236348,1.0142640783812402,0.6373307722255592,-0.051825367153099045
NYR@DET,Emmitt Finnie,f2,SOG,under,1.5,draftkings,-125,1.5104377021725146,0.5616401401525851,0.5555555555555556,-0.04009800464919189,82,False,-0.07217640836854544,1.6802673727639053,1.6602026626031874,0.5154575509063637,0.006084584597029541
NYR@DET,Nate Danielson,f3,A,under,0.5,draftkings,-750,0.15542017623675067,0.8560554077658784,0.8823529411764706,-0.040282145726846186,28,False,-0.04565309849042565,0.1730191641316417,0.17189118816790208,0.8420707954496244,-0.026297533410592155
NYR@DET,Lucas Raymond,f1,G,under,0.5,fanduel,-320,0.3088905076038297,0.7342611616390506,0.7619047619047619,-0.040291263427825075,240,False,-0.052882283249020445,0.33484754089421115,0.3262656040936387,0.7216134984769368,-0.02764360026571122
STL@DAL,Mason McTavish,f2,PTS,over,0.5,draftkings,125,0.5008992203315031,0.39401449984224773,0.4444444444444444,-0.040668808564839065,212,True,-0.09150481927088794,,0.5171382328898264,0.40377563587960535,-0.050429944602196686
WSH@CAR,Jaccob Slavin,d1,PTS,under,0.5,draftkings,-425,0.25465347268737976,0.7751850742244423,0.8095238095238095,-0.04071215879976264,197,False,-0.0502914902820597,0.2751605656537396,0.2629092670131409,0.7688116507240469,-0.03433873529936726
NYR@DET,Mika Zibanejad,f1,SOG,under,2.5,fanduel,-144,2.2874519753629063,0.6043828952830661,0.5901639344262295,-0.040821631132037295,242,False,-0.06916998608484093,2.5156761624128503,2.514260505158306,0.5493423032941922,0.014218960856836604
ANA@VGK,Leo Carlsson,f1,G,under,0.5,fanduel,-320,0.3096463406485659,0.7337063924724624,0.7619047619047619,-0.04086713269946496,198,False,-0.05363811166804777,0.33484754089421115,0.3270639527604455,0.7210376292052969,-0.028198369432299475
BOS@WPG,Morgan Geekie,f2,SOG,over,1.5,draftkings,-195,1.972615892699071,0.5718249437938833,0.6610169491525424,-0.040900188806142324,231,False,-0.06187464460416403,2.1051598039700234,2.1682073697193194,0.6201167603464001,-0.08919200535865912
STL@DAL,Jonatan Berggren,f3,A,under,0.5,draftkings,-450,0.22788683682795302,0.7962143568797777,0.8181818181818182,-0.04096635867314857,134,False,-0.050069993933848256,0.26090395337038796,0.25203767038914937,0.7772154595086697,-0.021967461302040525
BOS@WPG,Elias Lindholm,f1,A,over,0.5,draftkings,200,0.31268924960212185,0.2685228159193114,0.3333333333333333,-0.040968078826019994,223,False,-0.12290423647806004,0.37176518966232214,0.3458272146054165,0.2923652545073133,-0.06481051741402194
STL@DAL,Mikko Rantanen,f1,PTS,over,0.5,fanduel,-265,1.1187873498609713,0.6733243021411068,0.726027397260274,-0.0410666227083214,222,False,-0.05656346146617852,1.041906261173809,1.1550581226772307,0.6849607745519526,-0.052703095119167154
NYR@DET,Alexis Lafrenière,f1,SOG,under,2.5,fanduel,-198,2.0121647922327806,0.673846612143173,0.6644295302013423,-0.04115702921713771,244,False,-0.06194340760963146,2.313484537899197,2.2116776751906744,0.6232725009842046,0.009417081941830663
STL@DAL,Jason Robertson,f2,SOG,under,3.5,fanduel,-130,3.292307713903206,0.5880808841186431,0.5652173913043478,-0.04122784572654259,242,False,-0.07294157320849848,3.573692104936055,3.6187510579677173,0.5239895455778052,0.02286349281429534
ANA@VGK,Mikael Granlund,f2,PTS,over,0.5,fanduel,-130,0.718876163095167,0.5127004063897521,0.5652173913043478,-0.04129141392102964,207,False,-0.0730540400141294,0.7029801014761843,0.7421819271421857,0.5239259773833181,-0.052516984914595666
BOS@WPG,Josh Morrissey,d1,PTS,under,0.5,draftkings,-110,0.7066384425098838,0.4932996686172336,0.5238095238095238,-0.04168240275677437,236,False,-0.07957549617202375,0.7230001437096264,0.7295474630799649,0.48212712105274946,-0.030509855192290214
STL@DAL,Thomas Harley,d1,SOG,over,1.5,fanduel,-148,1.736788823353547,0.5070916753533719,0.5967741935483871,-0.04170827700988511,225,False,-0.0698895452598075,1.907060604585749,1.908997256069344,0.555065916538502,-0.08968251819501527
NYR@DET,Andrew Copp,f1,G,over,0.5,fanduel,280,0.23695836548605692,0.21097586202976723,0.2631578947368421,-0.04173497783193322,214,False,-0.15859291576134626,0.282027014968436,0.250287277715591,0.22142291690490887,-0.05218203270707486
BOS@WPG,Cole Perfetti,f1,A,over,0.5,draftkings,180,0.34253793579882524,0.29003381425971525,0.35714285714285715,-0.041798564397219296,218,False,-0.11703598031221407,0.4074068562910736,0.378839184221167,0.31534429274563786,-0.0671090428831419
BOS@WPG,Neal Pionk,d2,PTS,over,0.5,draftkings,170,0.3857142596220996,0.32003520867933843,0.37037037037037035,-0.04188531479120827,200,False,-0.11309034993626232,0.42179200139558876,0.3982190079860165,0.3284850555791621,-0.050335161691031916
ANA@VGK,Trevor Connelly,f3,A,over,0.5,draftkings,285,0.22208258722373733,0.19915077831042355,0.2597402597402597,-0.0419609997552608,1,False,-0.16154984905775405,0.2811673914305872,0.24561830203524967,0.21777925998499892,-0.06058948142983617
WSH@CAR,Dylan Strome,f2,PTS,over,0.5,draftkings,-115,0.6576361751789312,0.4819254743597932,0.5348837209302325,-0.042029615672000975,241,False,-0.07857710756069747,0.6834100052820871,0.6789565559542707,0.49285410525823153,-0.052958246570439294
NYR@DET,Noah Laba,f3,A,over,0.5,draftkings,340,0.18517667711720784,0.1690425402862297,0.22727272727272727,-0.0420820092939673,76,False,-0.18516084089345608,0.2411620568166062,0.20480120291572695,0.18519071797875997,-0.05823018698649757
ANA@VGK,Mitch Marner,f2,PTS,over,0.5,fanduel,-250,1.080151343577224,0.6604558660677203,0.7142857142857143,-0.04214540055751159,228,False,-0.05900356078051627,1.0788096613719298,1.115169547881139,0.6721403137282027,-0.05382984821799397
BOS@WPG,Pavel Zacha,f2,SOG,under,1.5,fanduel,-114,1.5882317863412359,0.5373130578956533,0.5327102803738317,-0.04238052614038745,235,False,-0.07955642626353432,1.7298527676125806,1.7457102909455684,0.49032975423344427,0.004602777521821588
ANA@VGK,Cutter Gauthier,f1,A,over,0.5,draftkings,190,0.3255557645423571,0.27787408987759527,0.3448275862068966,-0.04246394482554572,156,False,-0.12314543999408256,0.39032005247927326,0.36005728816605975,0.30236364138135086,-0.06695349632930131
NYR@DET,Michael Brandsegg-Nygård,f3,PTS,under,0.5,draftkings,-340,0.30449894520430293,0.7374928061384323,0.7727272727272727,-0.04247900932301829,14,False,-0.054972835594494285,0.3185312294717335,0.3143707158009837,0.7302482634042544,-0.03523446658884044
ANA@VGK,Rasmus Andersson,d2,PTS,under,0.5,draftkings,-165,0.5273766436439725,0.5901511174282983,0.6226415094339622,-0.04249467627180381,238,False,-0.0682490255274425,0.5481373322033496,0.5444740468570041,0.5801468331621584,-0.03249039200566395
STL@DAL,Arttu Hyry,f3,A,under,0.5,draftkings,-900,0.13917241963247778,0.8700779969959694,0.9,-0.042660713117791516,25,False,-0.047400792353101684,0.15780699103036894,0.1539215380529967,0.8573392868822085,-0.029922003004030584
BOS@WPG,Casey Mittelstadt,f2,PTS,over,0.5,draftkings,125,0.4976282319700309,0.3920290829564726,0.4444444444444444,-0.0426856814578887,229,False,-0.09604278328024962,0.5340824859302583,0.5137612000009841,0.4017587629865557,-0.05241536148797182
STL@DAL,Thomas Harley,d1,SOG,under,1.5,draftkings,105,1.736788823353547,0.49290832464662815,0.4878048780487805,-0.04287079458728249,225,False,-0.08788512890392908,1.907060604585749,1.908997256069344,0.444934083461498,0.005103446597847672
ANA@VGK,Ivan Barbashev,f1,SOG,under,1.5,draftkings,-110,1.6181340400318003,0.5281553959361154,0.5238095238095238,-0.042891924848693086,232,False,-0.08188458380205044,1.747275023470453,1.778577453307516,0.48091759896083075,0.004345872126591543
STL@DAL,Dylan Holloway,f1,SOG,over,2.5,fanduel,-113,2.4317787422275474,0.4309306449861711,0.5305164319248826,-0.04297935013122728,174,False,-0.08101417325620719,2.7565428950652335,2.6728977546714403,0.48753708179365535,-0.0995857869387115
ANA@VGK,Rasmus Andersson,d2,A,under,0.5,draftkings,-240,0.37212903609843195,0.6892652966810653,0.7058823529411765,-0.04327074446083323,238,False,-0.06130022131951374,0.42179200139558876,0.4115662696797937,0.6626116084803433,-0.01661705626011123
NYR@DET,Adam Fox,d1,SOG,over,1.5,fanduel,-114,1.5243791202961317,0.4427719720485955,0.5327102803738317,-0.043597123912868074,199,False,-0.08184021506450678,1.70410253576049,1.6755264190586852,0.48911315646096365,-0.08993830832523625
NYR@DET,Lucas Raymond,f1,A,under,0.5,draftkings,-155,0.5175708097679566,0.5959665070218286,0.6078431372549019,-0.04368550179274189,240,False,-0.07186969649773667,0.568259068548668,0.5724215710353853,0.56415763546216,-0.011876630233073282
NYR@DET,Mika Zibanejad,f1,PTS,over,0.5,draftkings,-165,0.8377339323241006,0.5673100820403923,0.6226415094339622,-0.0437381035169383,242,False,-0.07024604504235543,0.8758617418785103,0.86489303198998,0.5789034059170239,-0.05533142739356989
ANA@VGK,Beckett Sennecke,f2,PTS,under,0.5,draftkings,-120,0.6685048637861339,0.51247422404223,0.5454545454545454,-0.0439675505974646,82,False,-0.08060717609535173,0.6834100052820871,0.6901776044047729,0.5014869948570808,-0.03298032141231544
STL@DAL,Mikko Rantanen,f1,SOG,under,2.5,fanduel,-140,2.3260530524023357,0.5948470174403342,0.5833333333333334,-0.0439963426763329,222,False,-0.0754223017308564,2.4628508365280424,2.556689008358428,0.5393369906570005,0.011513684107000821
BOS@WPG,Elias Lindholm,f1,PTS,under,0.5,draftkings,-165,0.5300528572522611,0.5885738584592248,0.6226415094339622,-0.04409539548445185,223,False,-0.07081987759624087,0.5387158777478238,0.5472370225615982,0.5785461139495104,-0.03406765097473741
NYR@DET,Pavel Dorofeyev,f2,PTS,over,0.5,draftkings,-125,0.6936460339904075,0.5002493645118887,0.5555555555555556,-0.04419331399308879,211,False,-0.0795479651875598,0.7230001437096264,0.716133844311906,0.5113622415624668,-0.05530619104366685
BOS@WPG,Fraser Minten,f3,A,under,0.5,draftkings,-450,0.23204670449503825,0.7929090900232193,0.8181818181818182,-0.0445338958841609,104,False,-0.054430317191752176,0.2666286632539486,0.2566383896344248,0.7736479222976573,-0.025272728158598934
BOS@WPG,Josh Morrissey,d1,SOG,over,2.5,draftkings,135,2.0275751656943037,0.3300914283662882,0.425531914893617,-0.04456353165954624,236,False,-0.10472429939993366,2.2888793845967714,2.2286160388290632,0.3809683832340708,-0.09544048652732884
WSH@CAR,Ryan Leonard,f2,A,over,0.5,draftkings,205,0.30097489821859164,0.2599036497496524,0.32786885245901637,-0.04473122360172477,81,False,-0.1364302319852605,0.3666622924763916,0.33287140779392493,0.2831376288572916,-0.06796520270936396
BOS@WPG,Neal Pionk,d2,A,under,0.5,draftkings,-330,0.29372071123122045,0.7454846678662994,0.7674418604651163,-0.044804993431720064,200,False,-0.058382264168604925,0.3244316146605224,0.3248484415958174,0.7226368670333962,-0.0219571925988169
ANA@VGK,Shea Theodore,d1,A,over,0.5,draftkings,100,0.5486415704033542,0.42226591134850994,0.5,-0.04510048386506116,183,False,-0.09020096773012232,0.6261364702769852,0.6067851272493698,0.45489951613493884,-0.07773408865149006
WSH@CAR,Aliaksei Protas,f3,PTS,over,0.5,draftkings,135,0.4636867055777519,0.37103942655751254,0.425531914893617,-0.04510829099888791,230,False,-0.10600448384738659,0.5079847127643868,0.47871929882080244,0.3804236238947291,-0.05449248833610448
NYR@DET,Pavel Dorofeyev,f2,G,under,0.5,fanduel,-260,0.3695337713370285,0.6910564458646372,0.7222222222222222,-0.0453820067823657,211,False,-0.06283662477558327,0.39032005247927326,0.39032005247927326,0.6768402154398565,-0.031165776357584996
NYR@DET,Alexis Lafrenière,f1,A,over,0.5,draftkings,170,0.3552635246580114,0.2990113089388134,0.37037037037037035,-0.04545758018214541,244,False,-0.12273546649179257,0.4261829806119048,0.3929133967340241,0.32491279018822494,-0.07135906143155696
BOS@WPG,Elias Lindholm,f1,A,over,0.5,fanduel,196,0.31268924960212185,0.2685228159193114,0.33783783783783783,-0.04547258333052451,223,False,-0.13459884665835253,0.37176518966232214,0.3458272146054165,0.2923652545073133,-0.06931502191852645
NYR@DET,J.T. Miller,f2,G,under,0.5,fanduel,-420,0.25706670015446587,0.7733166317064167,0.8076923076923077,-0.04547738063709583,219,False,-0.05630532840783298,0.282027014968436,0.271526706563045,0.7622149270552119,-0.034375675985890974
WSH@CAR,Tom Wilson,f1,A,under,0.5,draftkings,-285,0.32934376452022535,0.719395671527381,0.7402597402597403,-0.04553997500084084,224,False,-0.06151891359762707,0.3666622924763916,0.3642467301853759,0.6947197652588994,-0.020864068732359242
BOS@WPG,Pavel Zacha,f2,PTS,under,0.5,draftkings,-115,0.6925499215653178,0.5002987186946474,0.5348837209302325,-0.04569268351048461,235,False,-0.08542545178047123,0.7029801014761843,0.7150021962287161,0.4891910374197479,-0.03458500223558514
NYR@DET,Adam Fox,d1,SOG,over,1.5,draftkings,-115,1.5243791202961317,0.4427719720485955,0.5348837209302325,-0.04577056446926886,199,False,-0.0855710553121114,1.70410253576049,1.6755264190586852,0.48911315646096365,-0.09211174888163703
STL@DAL,Sam Steel,f3,A,under,0.5,draftkings,-380,0.2651145589863478,0.7671180646740281,0.7916666666666666,-0.04580168608419599,225,False,-0.05785476136951073,0.29718972322689097,0.2932106863355685,0.7458649805824706,-0.02454860199263853
ANA@VGK,Leo Carlsson,f1,PTS,over,0.5,draftkings,-145,0.7648803570662109,0.5346103917783651,0.5918367346938775,-0.04582788937646731,198,False,-0.07743333032575517,0.7944689391622576,0.789677564208583,0.5460088453174102,-0.05722634291551243
WSH@CAR,Taylor Hall,f2,SOG,under,1.5,draftkings,120,1.864354943558505,0.45700500791176824,0.45454545454545453,-0.04585988319706841,165,False,-0.10089174303355053,1.9966673331296392,2.0492119846328665,0.4086855713483861,0.002459553366313705
ANA@VGK,Pavel Mintyukov,d2,A,under,0.5,draftkings,-450,0.23377279413630644,0.7915416383680449,0.8181818181818182,-0.04600939330491938,201,False,-0.05623370292823482,0.25542121023355957,0.25854740560973766,0.7721724248768989,-0.026640179813773313
ANA@VGK,Ivan Barbashev,f1,PTS,over,0.5,draftkings,-140,0.7461129358417858,0.5257937549776885,0.5833333333333334,-0.04620672776562251,232,False,-0.07921153331249575,0.7731898882334818,0.7703017084396819,0.5371266055677109,-0.05753957835564483
STL@DAL,Sam Steel,f3,PTS,under,0.5,draftkings,-215,0.437888455862959,0.6453977691796052,0.6825396825396826,-0.046239395139385575,225,False,-0.06774609055305325,0.45397294897201484,0.45208467706928723,0.636300287400297,-0.03714191336007733
WSH@CAR,Alex Tuch,f1,G,under,0.5,fanduel,-360,0.2898656206357247,0.7483641255173915,0.782608695652174,-0.04634766866673612,232,True,-0.059222021074162856,0.31121256986197504,0.30617056689870153,0.7362610269854378,-0.03424457013478244
NYR@DET,Moritz Seider,d1,SOG,over,2.5,draftkings,125,2.0899779019402076,0.3459938163750379,0.4444444444444444,-0.04641184407620086,242,False,-0.10442664917145195,2.3793694894494943,2.2972062155176887,0.39803260036824356,-0.09845062806940652
STL@DAL,Connor McMichael,f2,SOG,over,1.5,fanduel,-115,1.5219703326538274,0.44201126616447534,0.5348837209302325,-0.04655819306343301,237,True,-0.08704357833598342,,1.6728787920485495,0.4883255278667995,-0.09287245476575717
BOS@WPG,James Hagens,f3,A,under,0.5,draftkings,-450,0.23457431458072203,0.790907455751405,0.8181818181818182,-0.04669359261269046,3,False,-0.05706994652662167,0.26090395337038796,0.2594338690333899,0.7714882255691278,-0.027274362430413257
BOS@WPG,Dylan DeMelo,d1,A,under,0.5,draftkings,-800,0.15538316712188402,0.8560870902050626,0.8888888888888888,-0.046783625730994594,243,False,-0.05263157894736892,0.17185025692665976,0.17185025692665976,0.8421052631578942,-0.032801798683826267
ANA@VGK,Tristan Luneau,d1,PTS,under,0.5,draftkings,-310,0.33274127735718756,0.7169556628260578,0.7560975609756098,-0.0468344050931806,14,False,-0.06194227770388405,0.34593196030966256,0.3435286564593148,0.7092631558824292,-0.039141898149551935
STL@DAL,Dalibor Dvorsky,f3,PTS,over,0.5,draftkings,185,0.35093187474284626,0.29596828543646647,0.3508771929824561,-0.046944451217104166,72,False,-0.1337916859687469,0.3977528396660086,0.3623089879220072,0.30393274176535195,-0.05490890754598965
WSH@CAR,Alex Ovechkin,f2,SOG,under,2.5,fanduel,-120,2.4884442007496688,0.5554783466480959,0.5454545454545454,-0.047059294741181534,224,False,-0.0862753736921662,2.7887219642929706,2.7351817833213765,0.4983952507133639,0.010023801193550508
NYR@DET,Viktor Arvidsson,f2,PTS,over,0.5,fanduel,-130,0.707184483079498,0.5069696194870029,0.5652173913043478,-0.04707279313948909,150,True,-0.08328263401601921,,0.7301112061320494,0.5181445981648587,-0.05824777181734486
NYR@DET,Lucas Raymond,f1,PTS,over,0.5,draftkings,-165,0.8297943263362182,0.5638610206007214,0.6226415094339622,-0.04720402040165772,240,False,-0.07581251761478358,0.8758617418785103,0.8566960261976818,0.5754374890323045,-0.05878048883324083
BOS@WPG,Fraser Minten,f3,SOG,under,1.5,fanduel,-138,1.4589976874177648,0.5781123444051561,0.5798319327731093,-0.04725808645194174,104,False,-0.08150307663450818,1.5594169800771778,1.6036621979833305,0.5325738463211676,-0.001719588367953162
ANA@VGK,Tomas Hertl,f3,PTS,under,0.5,draftkings,-105,0.7420791842409794,0.4761229383557838,0.5121951219512195,-0.047390060389376765,209,False,-0.09252345123640227,0.7436119744858549,0.7661371837407276,0.46480506156184276,-0.036072183595435736
BOS@WPG,Dylan Samberg,d2,PTS,under,0.5,draftkings,-550,0.21807146881423434,0.8040679738283517,0.8461538461538461,-0.04775043763817299,201,False,-0.056432335390568134,0.22430341999262624,0.2251412848110384,0.7984034085156732,-0.04208587232549443
BOS@WPG,Kyle Connor,f1,PTS,under,0.5,draftkings,145,0.9887513064325136,0.37204096625437444,0.40816326530612246,-0.04785897262320493,226,False,-0.11725448292685203,0.9629802246724055,1.0208063471083402,0.3603042926829175,-0.03612229905174802
BOS@WPG,Morgan Geekie,f2,A,over,0.5,draftkings,185,0.3260352659428224,0.2782202672599086,0.3508771929824561,-0.048143680797325894,231,False,-0.13720949027237883,0.3977528396660086,0.36058760583426647,0.3027335121851302,-0.0726569257225475
BOS@WPG,Dylan DeMelo,d1,PTS,under,0.5,draftkings,-650,0.19398118129755262,0.8236734045874432,0.8666666666666667,-0.04815693852617897,243,False,-0.05556569829943725,0.2076393647782745,0.20026999691416422,0.8185097281404877,-0.04299326207922349
STL@DAL,Jimmy Snuggerud,f1,SOG,under,2.5,draftkings,-155,2.248124117996691,0.6141600724756922,0.6078431372549019,-0.04820649309974634,75,False,-0.07930745638990533,2.4085122103612493,2.471033158926179,0.5596366441551556,0.006316935220790243
NYR@DET,Alexis Lafrenière,f1,A,over,0.5,fanduel,168,0.3552635246580114,0.2990113089388134,0.373134328358209,-0.048221538169984035,244,False,-0.12923372229555719,0.4261829806119048,0.3929133967340241,0.32491279018822494,-0.07412301941939559
NYR@DET,Adam Fox,d1,PTS,under,0.5,draftkings,-105,0.7438867284802003,0.4752631024112578,0.5121951219512195,-0.04825664487648118,199,False,-0.09421535428265371,0.7521613519970007,0.7680033280583854,0.46393847707473834,-0.036932019539961725
STL@DAL,Tyler Seguin,f2,SOG,under,1.5,fanduel,100,1.7139059803735353,0.4995682963739875,0.5,-0.04829662875251639,115,False,-0.09659325750503278,1.8088043705675059,1.883845502515587,0.4517033712474836,-0.0004317036260125251
BOS@WPG,David Pastrnak,f1,G,over,1.5,draftkings,950,0.3244979921127672,0.04253343571379782,0.09523809523809523,-0.04834280457380117,238,False,-0.5075994480249123,0.49223279068937464,0.34275100988092705,0.04689529066429406,-0.05270465952429741
ANA@VGK,Mitch Marner,f2,SOG,under,2.5,draftkings,-145,2.3100224641180724,0.5987995913510766,0.5918367346938775,-0.04835677867536203,228,False,-0.08170628121009449,2.3747015164281295,2.539068933518963,0.5434799560185155,0.00696285665719909
NYR@DET,Mika Zibanejad,f1,A,over,0.5,fanduel,120,0.4710744180684462,0.3756688848330812,0.45454545454545453,-0.04847319451730647,242,False,-0.10664102793807428,0.5481373322033496,0.520997616898476,0.40607226002814806,-0.07887656971237333
NYR@DET,Mika Zibanejad,f1,A,over,0.5,draftkings,120,0.4710744180684462,0.3756688848330812,0.45454545454545453,-0.04847319451730647,242,False,-0.10664102793807428,0.5481373322033496,0.520997616898476,0.40607226002814806,-0.07887656971237333
WSH@CAR,Sean Walker,d2,A,under,0.5,draftkings,-350,0.28547418198162283,0.7516577472413571,0.7777777777777778,-0.04851997267486319,241,False,-0.06238282201053835,0.31675833653328994,0.3157279673736327,0.7292578051029146,-0.026120030536420646
STL@DAL,Jimmy Snuggerud,f1,A,under,0.5,draftkings,-225,0.39831285917504494,0.6714519249021282,0.6923076923076923,-0.04860929120705593,75,False,-0.07021342063241409,0.4350714013009797,0.44052498384674427,0.6436984011006364,-0.020855767405564052
BOS@WPG,Kyle Connor,f1,A,over,0.5,fanduel,-104,0.5590339500422631,0.4282388530321943,0.5098039215686274,-0.04867503230932291,226,False,-0.09547794799136422,0.5842530923208828,0.618278863309113,0.4611288892593045,-0.08156506853643314
STL@DAL,Wyatt Johnston,f1,SOG,under,2.5,draftkings,-110,2.58473941763086,0.5327778092315498,0.5238095238095238,-0.04875456311143167,242,False,-0.09307689321273316,2.7507235231302167,2.841024993691562,0.47505496069809217,0.00896828542202599
BOS@WPG,Morgan Geekie,f2,PTS,under,0.5,draftkings,-120,0.6779288472637778,0.5076673608968947,0.5454545454545454,-0.04882311210397561,231,False,-0.08950903885728867,0.6834100052820871,0.6999071107896827,0.4966314333505698,-0.03778718455765073
BOS@WPG,Morgan Barron,f3,PTS,under,0.5,draftkings,-350,0.30630115685106024,0.7361648849707275,0.7777777777777778,-0.04888697939050912,216,False,-0.06285468778779746,0.3128723212803395,0.3162313546450225,0.7288907983872687,-0.04161289280705027
NYR@DET,Eeli Tolvanen,f3,SOG,under,1.5,draftkings,-125,1.538416012932911,0.5528086204536151,0.5555555555555556,-0.04924105351228203,239,False,-0.08863389632210761,1.6440585281361237,1.6909551166453098,0.5063145020432736,-0.002746935101940462
BOS@WPG,JJ Peterka,f1,G,over,0.5,fanduel,240,0.26590923967474506,0.23349130707763835,0.29411764705882354,-0.04924668052164052,238,False,-0.16743871377357777,0.3225347287774313,0.2808666390869864,0.24487096653718302,-0.06062633998118519
WSH@CAR,Andrei Svechnikov,f1,SOG,under,2.5,fanduel,-128,2.433726171933461,0.568599551617825,0.5614035087719298,-0.049428039411239855,207,False,-0.08804369520127098,2.594298865860144,2.6750382785595423,0.5119754693606899,0.007196042845895256
ANA@VGK,Jack Eichel,f1,G,under,0.5,fanduel,-220,0.42546786864954633,0.6534639782876599,0.6875,-0.049489439808587554,216,False,-0.07198463972158187,0.4443271412001745,0.4494004437501727,0.6380105601914124,-0.0340360217123401
BOS@WPG,Casey Mittelstadt,f2,A,over,0.5,draftkings,200,0.30184608267699115,0.26054812941661254,0.3333333333333333,-0.049505332882569586,229,False,-0.1485159986477088,0.37623546979322614,0.3338349180362476,0.28382800045076373,-0.07278520391672078
WSH@CAR,Alex Ovechkin,f2,PTS,over,0.5,fanduel,-130,0.7022044282211002,0.5045081771734883,0.5652173913043478,-0.04955663586099246,224,False,-0.08767712498483282,0.7029801014761843,0.7249696992886931,0.5156607554433553,-0.0607092141308595
ANA@VGK,A.J. Greer,f1,PTS,over,0.5,draftkings,130,0.4709275833172592,0.37557720459836996,0.43478260869565216,-0.04974453361621595,214,True,-0.11441242731729673,,0.48619492379043583,0.3850380750794362,-0.0592054040972822
ANA@VGK,Tristan Luneau,d1,A,under,0.5,draftkings,-450,0.2384594899677334,0.7878406030589528,0.8181818181818182,-0.05000150058091757,14,False,-0.061112945154454756,0.26090395337038796,0.26373078485014184,0.7681803176009007,-0.030341215122865473
NYR@DET,Pavel Dorofeyev,f2,PTS,over,0.5,fanduel,-128,0.6936460339904075,0.5002493645118887,0.5614035087719298,-0.050041267209463,211,False,-0.089136007216856,0.7230001437096264,0.716133844311906,0.5113622415624668,-0.061154144260041066
WSH@CAR,Jalen Chatfield,d1,A,under,0.5,draftkings,-575,0.19985912146710808,0.8188461027902674,0.8518518518518519,-0.05016696156075595,220,False,-0.05889165052784395,0.21476784521724704,0.22103965319691174,0.8016848902910959,-0.03300574906158449
STL@DAL,Tyler Seguin,f2,A,under,0.5,draftkings,-245,0.3757546471267348,0.6867708135652486,0.7101449275362319,-0.05018496802271788,115,False,-0.07066862844015376,0.4074068562910736,0.4155761132057738,0.659959959513514,-0.023374113970983323
ANA@VGK,Rasmus Andersson,d2,A,over,0.5,fanduel,158,0.37212903609843195,0.31073470331893477,0.3875968992248062,-0.05020850770514951,238,False,-0.12953794987928569,0.42179200139558876,0.4115662696797937,0.3373883915196567,-0.07686219590587146
NYR@DET,Emmitt Finnie,f2,SOG,over,1.5,draftkings,-115,1.5104377021725146,0.4383598598474149,0.5348837209302325,-0.0503412718365962,82,False,-0.09411629082494077,1.6802673727639053,1.6602026626031874,0.4845424490936363,-0.09652386108281763
STL@DAL,Jason Robertson,f2,SOG,under,3.5,draftkings,-135,3.292307713903206,0.5880808841186431,0.574468085106383,-0.05047853952857784,242,False,-0.08787005029048733,3.573692104936055,3.6187510579677173,0.5239895455778052,0.01361279901226009
WSH@CAR,Ryan Leonard,f2,PTS,under,0.5,draftkings,-150,0.5799487970563059,0.5599270357439066,0.6,-0.050502236259018174,81,False,-0.08417039376503033,0.5842530923208828,0.598750574771889,0.5494977637409818,-0.04007296425609341
WSH@CAR,Alex Ovechkin,f2,PTS,under,0.5,draftkings,-115,0.7022044282211002,0.4954918228265117,0.5348837209302325,-0.05054447637358783,224,False,-0.09449619495931638,0.7029801014761843,0.7249696992886931,0.4843392445566447,-0.03939189810372079
NYR@DET,Alex DeBrincat,f1,A,over,0.5,draftkings,115,0.4833556205788471,0.3832895305616502,0.46511627906976744,-0.05103139796783568,242,False,-0.1097175056308467,0.568259068548668,0.5345803481934639,0.41408488110193176,-0.08182674850811722
ANA@VGK,Mikael Granlund,f2,A,over,0.5,fanduel,140,0.4113826682017121,0.33726672388010825,0.4166666666666667,-0.05112738965086472,207,False,-0.12270573516207528,0.4669501917585635,0.4549798960538902,0.36553927701580197,-0.07939994278655843
BOS@WPG,James Hagens,f3,SOG,over,1.5,draftkings,105,1.367335108367615,0.3918158271887942,0.4878048780487805,-0.051836399651098874,3,False,-0.10626461928475273,1.5647122939889897,1.5029109670115068,0.4359684783976816,-0.09598905085998627
ANA@VGK,William Karlsson,f2,PTS,over,0.5,draftkings,120,0.4985985996243937,0.3926187521249508,0.45454545454545453,-0.052187657627508155,136,False,-0.11481284678051795,0.5481373322033496,0.5147630267031669,0.4023577969179464,-0.06192670242050374
BOS@WPG,Fraser Minten,f3,PTS,under,0.5,draftkings,-215,0.44709090391681416,0.6394857738709268,0.6825396825396826,-0.05225612272436786,104,False,-0.07656129608453899,0.45397294897201484,0.4615854659139605,0.6302835598153147,-0.0430539086687558
NYR@DET,Moritz Seider,d1,SOG,over,2.5,fanduel,122,2.0899779019402076,0.3459938163750379,0.45045045045045046,-0.052417850082206896,242,False,-0.11636762718249927,2.3793694894494943,2.2972062155176887,0.39803260036824356,-0.10445663407541256
BOS@WPG,Cole Perfetti,f1,G,under,0.5,fanduel,-360,0.29793655763636134,0.7423484345931884,0.782608695652174,-0.05259756263511328,218,False,-0.06720799670042255,0.31121256986197504,0.3146954942476887,0.7300111330170607,-0.0402602610589855
WSH@CAR,Tom Wilson,f1,PTS,under,0.5,draftkings,-140,0.6138072314042549,0.5412861395278382,0.5833333333333334,-0.05271203080586384,224,False,-0.09036348138148087,0.6077183327815403,0.6337066900869148,0.5306213025274695,-0.04204719380549515
NYR@DET,Pavel Dorofeyev,f2,A,under,0.5,draftkings,-300,0.3262108811891119,0.7216529883440095,0.75,-0.052868926647894776,211,False,-0.07049190219719303,0.3529643645421967,0.360781832311652,0.6971310733521052,-0.028347011655990517
BOS@WPG,Adam Lowry,f3,PTS,under,0.5,draftkings,-330,0.3258758277115971,0.7218948211985201,0.7674418604651163,-0.053133570277022035,222,False,-0.06923465217914992,0.328558339583376,0.3364406308573484,0.7143082901880943,-0.0455470392665962
BOS@WPG,Hampus Lindholm,d1,SOG,under,1.5,fanduel,-144,1.4461404703269134,0.5822759342586736,0.5901639344262295,-0.053250759701143346,158,False,-0.0902304539380484,1.599559932239935,1.5895301447267172,0.5369131747250862,-0.007888000167555864
STL@DAL,Pavel Buchnevich,f2,A,under,0.5,draftkings,-380,0.2742290112900829,0.7601579705681663,0.7916666666666666,-0.05328251844369647,235,False,-0.06730423382361661,0.29718972322689097,0.30329106376096904,0.7383841482229702,-0.03150869609850038
STL@DAL,Jimmy Snuggerud,f1,PTS,under,0.5,draftkings,-115,0.7078837420146449,0.49268574512285523,0.5348837209302325,-0.05337605880900087,75,False,-0.0997900229907408,0.6931471805599455,0.7308331348462026,0.48150766212123164,-0.042197975807377275
BOS@WPG,Marat Khusnutdinov,f3,PTS,over,0.5,draftkings,185,0.3410811534295174,0.28899879432116937,0.3508771929824561,-0.054059629819092625,165,False,-0.15406994498441395,0.3977528396660086,0.35213890898019207,0.2968175631633635,-0.06187839866128675
NYR@DET,Lucas Raymond,f1,PTS,over,0.5,fanduel,-170,0.8297943263362182,0.5638610206007214,0.6296296296296297,-0.054192140597325134,240,False,-0.08606987036045755,0.8758617418785103,0.8566960261976818,0.5754374890323045,-0.06576860902890824
ANA@VGK,Brett Howden,f2,A,over,0.5,draftkings,270,0.21998066802843996,0.19746568761698124,0.2702702702702703,-0.05431153447594056,209,False,-0.20095267756098,0.2937093908227927,0.2432936271013967,0.21595873579432973,-0.07280458265328904
ANA@VGK,Nikita Nesterenko,f3,A,over,0.5,draftkings,350,0.16615523178772706,0.15308524410675156,0.2222222222222222,-0.05435445595854474,49,False,-0.24459505181345131,0.23471653687227328,0.18376391601048855,0.16786776626367747,-0.06913697811547065
WSH@CAR,Jakob Chychrun,d1,PTS,over,0.5,draftkings,-110,0.6139153509070099,0.458772380896759,0.5238095238095238,-0.054371599195355114,235,False,-0.10380032573658704,0.6641596436866928,0.6338183147936944,0.4694379246141687,-0.06503714291276486
STL@DAL,Roope Hintz,f2,PTS,over,0.5,fanduel,-174,0.8416256155864047,0.5689907018108588,0.635036496350365,-0.054444581612970167,205,False,-0.0857345710457117,0.8886392005436446,0.8689108825346523,0.5805919147373948,-0.06604579453950621
ANA@VGK,Jackson LaCombe,d1,SOG,over,1.5,fanduel,-125,1.5613345681490256,0.45435715965541384,0.5555555555555556,-0.05446893990909596,225,False,-0.09804409183637275,1.8174150234299402,1.7161461234230697,0.5010866156464596,-0.10119839590014174
NYR@DET,Viktor Arvidsson,f2,G,over,0.5,fanduel,210,0.29548440832514017,0.25582898249479286,0.3225806451612903,-0.05448501818932433,150,True,-0.16890355638690546,0.3577496350684979,0.3121054114945486,0.268095626971966,-0.06675166266649746
ANA@VGK,Trevor Connelly,f3,PTS,over,0.5,draftkings,150,0.41029667839924727,0.33654661135383135,0.4,-0.054686763169581765,1,False,-0.1367169079239544,0.4700036292453683,0.42359838190110966,0.34531323683041826,-0.06345338864616867
BOS@WPG,Morgan Geekie,f2,SOG,under,1.5,fanduel,130,1.972615892699071,0.42817505620611673,0.43478260869565216,-0.054899369042052226,231,False,-0.12626854879672011,2.1051598039700234,2.1682073697193194,0.37988323965359994,-0.006607552489535429
NYR@DET,Nate Danielson,f3,PTS,under,0.5,draftkings,-450,0.26168570033856525,0.7697529187735748,0.8181818181818182,-0.05493168854366115,28,False,-0.06713873044225249,0.26090395337038796,0.27016947751697484,0.7632501296381571,-0.048428899408243464
ANA@VGK,Brayden McNabb,d1,A,under,0.5,draftkings,-575,0.20558155839215525,0.8141736891622082,0.8518518518518519,-0.05522471150595709,226,False,-0.064829009159167,0.2187862459453453,0.22736853858412084,0.7966271403458948,-0.037678162689643635
ANA@VGK,Beckett Sennecke,f2,SOG,over,2.5,draftkings,130,2.0212037998530787,0.32846371354000214,0.43478260869565216,-0.05556638458111235,82,False,-0.1278026845365584,2.3408012299544723,2.2216129307109287,0.3792162241145398,-0.10631889515565002
NYR@DET,Alexis Lafrenière,f1,PTS,over,0.5,draftkings,-120,0.6518485294675261,0.47891834885887513,0.5454545454545454,-0.05563985031741042,244,False,-0.10200639224858576,0.7029801014761843,0.672981276388438,0.489814695137135,-0.06653619659567028
STL@DAL,Roope Hintz,f2,PTS,over,0.5,draftkings,-175,0.8416256155864047,0.5689907018108588,0.6363636363636364,-0.055771721626241555,205,False,-0.08764127684123668,0.8886392005436446,0.8689108825346523,0.5805919147373948,-0.0673729345527776
STL@DAL,Mikko Rantanen,f1,G,over,0.5,fanduel,160,0.377459230238188,0.31439884718979494,0.38461538461538464,-0.05581324029993434,222,False,-0.14511442477982928,0.43944097883554545,0.39869131858312695,0.3288021443154503,-0.0702165374255897
ANA@VGK,Victor Olofsson,f3,SOG,over,1.5,draftkings,-165,1.777072802449649,0.5186545253865971,0.6226415094339622,-0.0558563751254485,186,False,-0.08970872368632643,2.018133703043733,1.9532755267053354,0.5667851343085137,-0.10398698404736517
NYR@DET,Andrew Copp,f1,A,under,0.5,draftkings,-215,0.4225988840520045,0.6553414483048974,0.6825396825396826,-0.05590075430999297,214,False,-0.08190110515185012,0.45397294897201484,0.4673847762691691,0.6266389282296896,-0.02719823423478518
STL@DAL,Nils Lundkvist,d2,PTS,under,0.5,draftkings,-575,0.2210961005379265,0.8016396385878886,0.8518518518518519,-0.05593772058438651,150,False,-0.0656660198164537,0.2187862459453453,0.22826397424884087,0.7959141312674654,-0.0502122132639633
STL@DAL,Mason McTavish,f2,SOG,over,1.5,fanduel,-154,1.7206732436891554,0.5024081954172018,0.6062992125984252,-0.055992188231837825,212,True,-0.09235075201874554,1.971459546134547,1.8912837626695607,0.5503070243665874,-0.1038910171812234
STL@DAL,Esa Lindell,d2,PTS,under,0.5,draftkings,-260,0.39345434429591924,0.6747221217872021,0.7222222222222222,-0.05605198125550526,242,False,-0.07761043558454572,0.3959735114265928,0.4062100240390814,0.666170240966717,-0.047500100435020065
NYR@DET,Will Cuylle,f3,A,over,0.5,draftkings,310,0.18736709372098842,0.17086069132196768,0.24390243902439024,-0.05674019298409569,243,False,-0.23263479123479236,0.26090395337038796,0.20722375397520462,0.18716224604029455,-0.07304174770242255
WSH@CAR,Aliaksei Protas,f3,A,over,0.5,draftkings,225,0.2611399380048732,0.22982686441828656,0.3076923076923077,-0.05684320874947085,230,False,-0.1847404284357803,0.34142274178106913,0.2888148457210139,0.25084909894283686,-0.07786544327402115
ANA@VGK,Victor Olofsson,f3,PTS,under,0.5,draftkings,-190,0.49766389431562347,0.6079492357611787,0.6551724137931034,-0.05695320272445925,186,False,-0.08692857257943776,0.49223279068937464,0.5137980185098415,0.5982192110686442,-0.04722317803192477
WSH@CAR,Tom Wilson,f1,G,under,0.5,fanduel,-420,0.27154549499194636,0.7622006063687795,0.8076923076923077,-0.05704542494099174,224,False,-0.07062766897456119,0.282027014968436,0.28681993386498966,0.750646882751316,-0.0454917013235282
WSH@CAR,Matt Roy,d1,A,over,0.5,draftkings,330,0.17440450139693636,0.16004293487451188,0.23255813953488372,-0.05713293824833146,226,False,-0.24567163446782525,0.24804511601053397,0.19288742100822034,0.17542520128655226,-0.07251520466037184
ANA@VGK,Brayden McNabb,d1,PTS,under,0.5,draftkings,-425,0.2756106077311802,0.7591084641854413,0.8095238095238095,-0.05716793269446918,226,False,-0.07061921097552071,0.2751605656537396,0.2845458265107017,0.7523558768293404,-0.05041534533836822
ANA@VGK,Leo Carlsson,f1,SOG,under,2.5,fanduel,-146,2.3383109339006514,0.5918321218121851,0.5934959349593496,-0.05731508072055158,198,False,-0.09657198532366906,2.4555947794928352,2.5701622998898213,0.536180854238798,-0.0016638131471644613
STL@DAL,Connor McMichael,f2,G,over,0.5,fanduel,310,0.19551128993269257,0.17758594148759732,0.24390243902439024,-0.05732153956944275,237,True,-0.23501831223471525,0.2591256218654068,0.20650880343279807,0.1865808994549475,-0.06631649753679292
NYR@DET,Mason Appleton,f3,A,over,0.5,draftkings,450,0.12011048815973158,0.11317755207632328,0.18181818181818182,-0.05742381977344267,215,False,-0.31583100875393466,0.18879407129957604,0.1328394743920066,0.12439436204473915,-0.06864062974185854
STL@DAL,Wyatt Johnston,f1,SOG,under,2.5,fanduel,-114,2.58473941763086,0.5327778092315498,0.5327102803738317,-0.05765531967573956,242,False,-0.10823016149656373,2.7507235231302167,2.841024993691562,0.47505496069809217,6.752885771810213e-05
NYR@DET,Albert Johansson,d1,PTS,over,0.5,draftkings,425,0.1375491742965525,0.12850850603770822,0.19047619047619047,-0.05809008953263353,139,False,-0.30497297004632606,0.1986706947954957,0.1420084800373569,0.13238610094355693,-0.061967684438482246
NYR@DET,Will Cuylle,f3,SOG,over,1.5,draftkings,-130,1.5799776685428724,0.4601399820818532,0.5652173913043478,-0.058169467785618045,243,False,-0.10291521223609346,1.7980948500054361,1.7366377497036667,0.5070479235187297,-0.10507740922249459
WSH@CAR,Jordan Staal,f3,A,under,0.5,draftkings,-400,0.27016594347586026,0.7632528270002623,0.8,-0.05829033760109881,227,False,-0.07286292200137345,0.2843871765549284,0.29879740295640517,0.7417096623989012,-0.03674717299973773
BOS@WPG,JJ Peterka,f1,SOG,over,2.5,fanduel,148,1.8970895091716837,0.29666357577637575,0.4032258064516129,-0.05844866057232356,238,False,-0.14495267821936242,2.2349821024434373,2.0851922921371018,0.3447771458792893,-0.10656223067523712
NYR@DET,Emmitt Finnie,f2,A,over,0.5,draftkings,240,0.24298173540141838,0.21571416169325003,0.29411764705882354,-0.05846550218321256,82,False,-0.1987827074229227,0.3244316146605224,0.26873228568230456,0.23565214487561098,-0.07840348536557351
ANA@VGK,William Karlsson,f2,A,under,0.5,draftkings,-340,0.3044460722124184,0.7375318006204545,0.7727272727272727,-0.058611688779452775,136,False,-0.07585042077340942,0.3185312294717335,0.33671044746421525,0.7141155839478199,-0.03519547210681817
ANA@VGK,Mikael Granlund,f2,PTS,under,0.5,draftkings,-115,0.718876163095167,0.4872995936102479,0.5348837209302325,-0.05880969831355065,207,False,-0.10994856641229034,0.7029801014761843,0.7421819271421857,0.47607402261668186,-0.047584127319984626
BOS@WPG,Fraser Minten,f3,SOG,under,1.5,draftkings,-145,1.4589976874177648,0.5781123444051561,0.5918367346938775,-0.05926288837270999,104,False,-0.10013384587113072,1.5594169800771778,1.6036621979833305,0.5325738463211676,-0.013724390288721411
ANA@VGK,Beckett Sennecke,f2,SOG,over,2.5,fanduel,128,2.0212037998530787,0.32846371354000214,0.43859649122807015,-0.05938026711353034,82,False,-0.13538700901884915,2.3408012299544723,2.2216129307109287,0.3792162241145398,-0.110132777688068
ANA@VGK,Cutter Gauthier,f1,G,over,0.5,fanduel,160,0.37241498887257307,0.3109317724650626,0.38461538461538464,-0.05939891278540549,156,False,-0.1544371732420543,0.4443271412001745,0.3933633385519074,0.32521647182997915,-0.07368361215032204
STL@DAL,Jason Robertson,f2,PTS,under,1.5,draftkings,-230,1.2302593597086393,0.6517192055212002,0.696969696969697,-0.05953328175425088,242,False,-0.08541731729957736,1.2267066244384226,1.2701440238913493,0.6374364152154461,-0.0452504914484968
STL@DAL,Roope Hintz,f2,A,under,0.5,draftkings,-155,0.5445760156587508,0.5800876793007193,0.6078431372549019,-0.06028613880710043,205,False,-0.09918042190845555,0.568259068548668,0.6022887159562377,0.5475569984478015,-0.02775545795418266
ANA@VGK,Jackson LaCombe,d1,PTS,under,0.5,draftkings,-130,0.6619207097415397,0.5158595658533525,0.5652173913043478,-0.06030987066751525,225,False,-0.10670207887329619,0.645107203972583,0.6833799939284732,0.5049075206368325,-0.04935782545099532
NYR@DET,Pavel Dorofeyev,f2,SOG,over,2.5,draftkings,-140,2.576481800416922,0.46529593673524317,0.5833333333333334,-0.06036122433930935,211,False,-0.10347638458167319,2.8904434375502124,2.831948606055303,0.522972108994024,-0.1180373965980902
STL@DAL,Robert Thomas,f1,A,under,0.5,draftkings,-150,0.5578304224863594,0.5724496915216368,0.6,-0.06041113425800537,214,False,-0.10068522376334232,0.5842530923208828,0.6169477891423847,0.5395888657419946,-0.02755030847836315
BOS@WPG,Kyle Connor,f1,SOG,under,3.5,draftkings,-160,3.146844319739307,0.6175708733211116,0.6153846153846154,-0.06041812821473713,226,False,-0.09817945834894781,3.333290780025525,3.4588644807491757,0.5549664871698783,0.002186257936496183
STL@DAL,Tyler Seguin,f2,SOG,under,1.5,draftkings,-105,1.7139059803735353,0.4995682963739875,0.5121951219512195,-0.060491750703735914,115,False,-0.11810294185015102,1.8088043705675059,1.883845502515587,0.4517033712474836,-0.012626825577232048
ANA@VGK,Alex Killorn,f2,A,under,0.5,draftkings,-450,0.2509514428999095,0.7780601509863481,0.8181818181818182,-0.060541561444648395,224,False,-0.0739952417656814,0.25542121023355957,0.27754660132932507,0.7576402567371698,-0.04012166719547017
BOS@WPG,Hampus Lindholm,d1,SOG,over,1.5,draftkings,-110,1.4461404703269134,0.4177240657413264,0.5238095238095238,-0.06072269853460999,158,False,-0.11592515174789175,1.599559932239935,1.5895301447267172,0.46308682527491385,-0.10608545806819741
ANA@VGK,Beckett Sennecke,f2,G,over,0.5,fanduel,235,0.2568486606047771,0.2265147362998854,0.29850746268656714,-0.06089795131590017,82,False,-0.20400813690826558,0.32664105080846007,0.27129640228484836,0.23760951137066696,-0.07199272638668175
ANA@VGK,Rasmus Andersson,d2,PTS,over,0.5,fanduel,108,0.5273766436439725,0.40984888257170166,0.4807692307692308,-0.060916063931389264,238,False,-0.12670541297728966,0.5481373322033496,0.5444740468570041,0.4198531668378415,-0.07092034819752913
STL@DAL,Miro Heiskanen,d1,A,over,0.5,draftkings,-140,0.6680848610526463,0.48731049017568695,0.5833333333333334,-0.06097871731328819,198,False,-0.1045349439656369,0.7731898882334818,0.7388866963346845,0.5223546160200452,-0.09602284315764642
BOS@WPG,Hampus Lindholm,d1,A,over,0.5,fanduel,162,0.3496122951542815,0.2950386463247254,0.3816793893129771,-0.06099919639060436,158,False,-0.15981789454338347,0.49223279068937464,0.38666326513897353,0.32068019292237276,-0.08664074298825175
BOS@WPG,Kyle Connor,f1,A,under,0.5,draftkings,-150,0.5590339500422631,0.5717611469678057,0.6,-0.061128889259304486,226,False,-0.10188148209884085,0.5842530923208828,0.618278863309113,0.5388711107406955,-0.02823885303219431
NYR@DET,Alex DeBrincat,f1,SOG,over,3.5,fanduel,-104,3.1626109605555754,0.38564676163957706,0.5098039215686274,-0.06137184937538581,242,False,-0.12038324300556447,3.5719345813559538,3.4761944368445694,0.4484320721932416,-0.12415715992905035
NYR@DET,Mika Zibanejad,f1,PTS,over,0.5,fanduel,-178,0.8377339323241006,0.5673100820403923,0.6402877697841727,-0.06138436386714874,242,False,-0.09586996154532224,0.8758617418785103,0.86489303198998,0.5789034059170239,-0.07297768774378033
ANA@VGK,Leo Carlsson,f1,A,over,0.5,draftkings,135,0.40925931314473063,0.3358580107570435,0.425531914893617,-0.061484345207394875,198,False,-0.14448821123737798,0.5079847127643868,0.45263151354343106,0.36404756968622215,-0.0896739041365735
STL@DAL,Jimmy Snuggerud,f1,SOG,under,2.5,fanduel,-164,2.248124117996691,0.6141600724756922,0.6212121212121212,-0.061575477056965644,75,False,-0.09912149965267636,2.4085122103612493,2.471033158926179,0.5596366441551556,-0.007052048736429062
ANA@VGK,Travis Mitchell,d2,PTS,over,0.5,draftkings,380,0.15370083381123079,0.14247147381835415,0.20833333333333334,-0.06159947643122454,9,True,-0.2956774868698778,,0.15868377183384033,0.1467338569021088,-0.06586185951497919
ANA@VGK,Victor Olofsson,f3,A,under,0.5,draftkings,-400,0.2742287224780536,0.760158190110964,0.8,-0.061615615922659295,186,False,-0.07701951990332412,0.2811673914305872,0.3032907443414182,0.7383843840773407,-0.03984180988903607
WSH@CAR,Jordan Staal,f3,PTS,under,0.5,draftkings,-180,0.5256330274091011,0.5911810121072916,0.6428571428571429,-0.061665021426390854,227,False,-0.09592336666327461,0.5079847127643868,0.5426739030717079,0.581192121430752,-0.051676130749851334
ANA@VGK,Frank Vatrano,f3,A,over,0.5,draftkings,400,0.13459013288916144,0.1259259074972948,0.2,-0.061695229505506766,210,False,-0.30847614752753383,0.2076393647782745,0.14885363289482184,0.13830477049449325,-0.07407409250270522
WSH@CAR,Logan Stankoven,f2,PTS,under,0.5,draftkings,-125,0.6834125443227116,0.5048910859654608,0.5555555555555556,-0.061727845537610904,180,False,-0.11111012196769965,0.6533409301595257,0.705568587772784,0.4938277100179447,-0.05066446959009474
BOS@WPG,Kyle Connor,f1,PTS,over,0.5,fanduel,-235,0.9887513064325136,0.6279590337456256,0.7014925373134329,-0.06179682999635039,226,False,-0.08809335339905267,0.9629802246724055,1.0208063471083402,0.6396957073170825,-0.0735335035678073
ANA@VGK,Ivan Barbashev,f1,A,over,0.5,fanduel,116,0.46346321608667607,0.37089884477035623,0.46296296296296297,-0.06191137969281052,232,False,-0.1337285801364707,0.4776275543566874,0.5125798002178449,0.40105158327015245,-0.09206411819260674
ANA@VGK,A.J. Greer,f1,A,over,0.5,draftkings,230,0.249434606028033,0.22075876315726303,0.30303030303030304,-0.06194263404398523,214,True,-0.2044106923451513,,0.2758690141686557,0.2410876689863178,-0.08227153987304
STL@DAL,Mikko Rantanen,f1,PTS,under,0.5,draftkings,165,1.1187873498609713,0.32667569785889317,0.37735849056603776,-0.06231926511799035,222,False,-0.16514605256267445,1.041906261173809,1.1550581226772307,0.3150392254480474,-0.0506827927071446
WSH@CAR,Andrei Svechnikov,f1,SOG,under,2.5,draftkings,-135,2.433726171933461,0.568599551617825,0.574468085106383,-0.06249261574569309,207,False,-0.10878344222398428,2.594298865860144,2.6750382785595423,0.5119754693606899,-0.005868533488557981
WSH@CAR,Alex Ovechkin,f2,G,under,0.5,fanduel,-330,0.3310119609377387,0.7181965786846343,0.7674418604651163,-0.06249396748434022,224,False,-0.0814315333886857,0.3327923796628125,0.34963138956696216,0.7049478929807761,-0.04924528178048204
NYR@DET,J.T. Miller,f2,SOG,over,1.5,draftkings,-180,1.8247923245810085,0.5320832889137306,0.6428571428571429,-0.06251536001158209,219,False,-0.0972461155735721,2.125173073571907,2.005726599388892,0.5803417828455608,-0.11077385394341233
STL@DAL,Roope Hintz,f2,SOG,under,2.5,fanduel,-178,2.1798224542647673,0.6312744799444133,0.6402877697841727,-0.062543881478762,205,False,-0.09768089354548226,2.293452143053062,2.3959591563209295,0.5777438883054107,-0.009013289839759353
ANA@VGK,Mark Stone,f1,PTS,under,0.5,draftkings,160,1.0976870232438611,0.3336418978714514,0.38461538461538464,-0.06263792251859629,181,False,-0.1628585985483504,1.0251451367862376,1.1332737293756223,0.32197746209678835,-0.05097348674393326
WSH@CAR,Logan Stankoven,f2,A,under,0.5,draftkings,-280,0.35647209373745326,0.7001420095437407,0.7368421052631579,-0.06265664795710257,180,False,-0.08503402222749634,0.36808501067676325,0.3942500467113848,0.6741854573060553,-0.036700095719417125
BOS@WPG,Morgan Geekie,f2,G,under,0.5,fanduel,-330,0.3312316975514683,0.7180387819379382,0.7674418604651163,-0.06265756465003813,231,False,-0.08164470545308,0.3327923796628125,0.3498634863690818,0.7047842958150782,-0.04940307852717807
BOS@WPG,Brad Lambert,f3,PTS,under,0.5,draftkings,-370,0.31212013968377755,0.7318935934813124,0.7872340425531915,-0.0627090251735607,31,False,-0.07965741035560414,0.2986362943828177,0.3222389872728715,0.7245250173796308,-0.05534044907187907
ANA@VGK,Alex Killorn,f2,SOG,over,1.5,draftkings,-135,1.5946341258537848,0.4646568287988174,0.574468085106383,-0.06277103094711933,224,False,-0.10926809090794842,1.834045672352235,1.7527474438783475,0.5116970541592637,-0.10981125630756561
WSH@CAR,Sebastian Aho,f1,PTS,under,0.5,draftkings,135,0.9824144759756139,0.3744060123143894,0.425531914893617,-0.06286268711917625,233,False,-0.14772731473006417,0.9264147492236348,1.0142640783812402,0.36266922777444077,-0.05112590257922761
WSH@CAR,Alex Ovechkin,f2,A,under,0.5,draftkings,-255,0.38228402075007617,0.682301237973532,0.7183098591549296,-0.06309852791495763,224,False,-0.08784304866592141,0.3977528396660086,0.42279745227052085,0.655211331239972,-0.03600862118139758
STL@DAL,Jason Robertson,f2,A,under,0.5,draftkings,-115,0.6795127272328839,0.506863913183337,0.5348837209302325,-0.06323728806507367,242,False,-0.118226234208616,0.6931471805599455,0.7515256570121743,0.47164643286515884,-0.028019807746895498
STL@DAL,Justin Hryckowian,f1,PTS,over,0.5,draftkings,115,0.4974395735312118,0.39191437329228274,0.46511627906976744,-0.06347404968478992,86,False,-0.13646920682229835,0.568259068548668,0.5135664253083702,0.4016422293849775,-0.0732019057774847
NYR@DET,Alexis Lafrenière,f1,G,under,0.5,fanduel,-360,0.3121908606761541,0.731841835070292,0.782608695652174,-0.06350636088218764,244,False,-0.08114701668279534,0.31121256986197504,0.3297516020843742,0.7191023347699863,-0.050766860581881956
NYR@DET,Oliver Bjorkstrand,f2,SOG,over,1.5,draftkings,-115,1.4703584131575538,0.42555134730766636,0.5348837209302325,-0.0636435460317743,241,False,-0.11898575997244765,1.6529256451781573,1.6161493777559048,0.4712401748984582,-0.10933237362256615
WSH@CAR,Sebastian Aho,f1,SOG,under,2.5,fanduel,-144,2.376260203601326,0.5825407376333098,0.5901639344262295,-0.06368806868158738,233,False,-0.10791589415491198,2.558480405746121,2.611874366869006,0.5264758657446421,-0.007623196792919673
BOS@WPG,JJ Peterka,f1,A,over,0.5,fanduel,200,0.28411311578375165,0.24731850026709085,0.3333333333333333,-0.06368972293168146,238,False,-0.19106916879504443,0.4074068562910736,0.3142226590437099,0.26964361040165186,-0.08601483306624247
WSH@CAR,Ilya Protas,f3,A,under,0.5,draftkings,-350,0.3049946490070705,0.7371273187441454,0.7777777777777778,-0.0640953259789846,4,False,-0.08240827625869451,0.3128723212803395,0.33731716095095365,0.7136824517987932,-0.0406504590336324
STL@DAL,Pavel Buchnevich,f2,PTS,under,0.5,draftkings,-190,0.5096112451548227,0.6007290697604648,0.6551724137931034,-0.06428672432529114,235,False,-0.0981218423912339,0.49223279068937464,0.5261326991200634,0.5908856894678123,-0.05444334403263862
NYR@DET,Sean Durzi,d2,PTS,over,0.5,draftkings,190,0.31872170549022,0.2729221370689166,0.3448275862068966,-0.06443133023088304,164,False,-0.18685085766956078,0.39032005247927326,0.32905457399546645,0.28039625597601353,-0.07190544913797997
WSH@CAR,Jordan Staal,f3,SOG,over,1.5,draftkings,-120,1.4978337482032613,0.4343516700277382,0.5454545454545454,-0.06506947312304417,227,False,-0.11929403405891437,1.7292070275263625,1.6463489843554946,0.48038507233150124,-0.11110287542680719
BOS@WPG,Brad Lambert,f3,A,under,0.5,draftkings,-800,0.17534391651537773,0.8391683672750121,0.8888888888888888,-0.06517035524698289,31,False,-0.07331664965285578,0.17185025692665976,0.19392639281227878,0.823718533641906,-0.049720521613876745
NYR@DET,Andrew Copp,f1,PTS,over,0.5,draftkings,-110,0.5941478511142643,0.44796722038864767,0.5238095238095238,-0.0653107445424837,214,False,-0.12468414867201438,0.6731064296764996,0.6134099581891362,0.45849877926704014,-0.07584230342087617
NYR@DET,Lucas Raymond,f1,SOG,under,2.5,draftkings,-160,2.2858757011903137,0.604773598653032,0.6153846153846154,-0.06563163906841418,240,False,-0.10665141348617302,2.471076730584615,2.5125279381185885,0.5497529763162012,-0.010611016731583378
ANA@VGK,Mikael Granlund,f2,G,under,0.5,fanduel,-420,0.28245969960064726,0.7539270249072809,0.8076923076923077,-0.06564929037572709,207,False,-0.0812800737985192,0.282027014968436,0.29834806267504194,0.7420430173165806,-0.05376528278502679
NYR@DET,Alexis Lafrenière,f1,PTS,over,0.5,fanduel,-125,0.6518485294675261,0.47891834885887513,0.5555555555555556,-0.06574086041842059,244,False,-0.11833354875315705,0.7029801014761843,0.672981276388438,0.489814695137135,-0.07663720669668045
NYR@DET,J.T. Miller,f2,A,over,0.5,fanduel,126,0.42723241860963035,0.3476880748225862,0.4424778761061947,-0.06591375462017363,219,False,-0.14896508544159237,0.5340824859302583,0.4725093603470696,0.3765641214860211,-0.09478980128360853
BOS@WPG,David Pastrnak,f1,PTS,over,1.5,fanduel,186,1.019084021772848,0.27126131481391674,0.34965034965034963,-0.06624291707937974,238,False,-0.18945474284702601,1.2111565458161617,1.0521224405921137,0.2834074325709699,-0.07838903483643289
STL@DAL,Jonatan Berggren,f3,PTS,under,0.5,draftkings,-310,0.3602143770649024,0.6975267762985895,0.7560975609756098,-0.06666915812566598,134,False,-0.08817533816620338,0.34593196030966256,0.37189242637185527,0.6894284028499438,-0.05857078467702026
NYR@DET,Noah Laba,f3,PTS,over,0.5,draftkings,225,0.2670422864879129,0.2343593054751495,0.3076923076923077,-0.0667331269720737,76,False,-0.2168826626592395,0.34142274178106913,0.27569972269037013,0.240959180720234,-0.07333300221715822
WSH@CAR,Jakob Chychrun,d1,SOG,over,1.5,draftkings,-165,1.7383301962895041,0.5075379006093435,0.6226415094339622,-0.06712254481163937,235,False,-0.10780287500051178,2.071974237564175,1.9106914612978416,0.5555189646223229,-0.11510360882461879
STL@DAL,Connor McMichael,f2,A,over,0.5,fanduel,176,0.315810057251384,0.27080205712408045,0.36231884057971014,-0.06751536494617788,237,True,-0.1863424072514509,,0.3492787570490307,0.29480347563353226,-0.09151678345562969
BOS@WPG,Kyle Connor,f1,SOG,under,3.5,fanduel,-165,3.146844319739307,0.6175708733211116,0.6226415094339622,-0.06767502226408395,226,False,-0.1086901872726197,3.333290780025525,3.4588644807491757,0.5549664871698783,-0.005070636112850635
ANA@VGK,Ivan Barbashev,f1,A,under,0.5,draftkings,-200,0.46346321608667607,0.6291011552296437,0.6666666666666666,-0.06771824993681907,232,False,-0.10157737490522867,0.4776275543566874,0.5125798002178449,0.5989484167298476,-0.037565511437022914
NYR@DET,J.T. Miller,f2,A,over,0.5,draftkings,125,0.42723241860963035,0.3476880748225862,0.4444444444444444,-0.06788032295842333,219,False,-0.1527307266564525,0.5340824859302583,0.4725093603470696,0.3765641214860211,-0.09675636962185824
STL@DAL,Dylan Holloway,f1,SOG,over,2.5,draftkings,-125,2.4317787422275474,0.4309306449861711,0.5555555555555556,-0.06801847376190023,174,False,-0.12243325277142036,2.7565428950652335,2.6728977546714403,0.48753708179365535,-0.12462491056938446
ANA@VGK,Mitch Marner,f2,A,under,0.5,draftkings,-115,0.68876162537315,0.5021975929036679,0.5348837209302325,-0.06803720195149232,228,False,-0.1271999862571378,0.7029801014761843,0.7617547284819718,0.4668465189787402,-0.032686128026564565
STL@DAL,Dalibor Dvorsky,f3,A,over,0.5,draftkings,295,0.18496291330791464,0.16886489266764135,0.25316455696202533,-0.06816649727392149,72,False,-0.2692576642319898,0.2721109858746326,0.20456478499331557,0.18499805968810384,-0.08429966429438399
ANA@VGK,Shea Theodore,d1,SOG,over,1.5,fanduel,-168,1.7486881885922934,0.5105286950947611,0.6268656716417911,-0.06831181305680167,183,False,-0.10897360654299315,2.0643393388206785,1.9220764832524577,0.5585538585849894,-0.11633697654703001
NYR@DET,Alex DeBrincat,f1,G,over,0.5,fanduel,130,0.4320855862899629,0.35084618435914644,0.43478260869565216,-0.068349048019067,242,False,-0.1572028104438541,0.520714455895238,0.45639040812434784,0.36643356067658517,-0.08393642433650572
BOS@WPG,Nikita Zadorov,d2,A,under,0.5,draftkings,-700,0.19444112037677283,0.8232946521083693,0.875,-0.06849684296396708,234,False,-0.0782821062445338,0.19695321906202834,0.21504746693472362,0.8065031570360329,-0.051705347891630726
WSH@CAR,Matt Roy,d1,PTS,over,0.5,draftkings,275,0.2135264280284576,0.19226918686443129,0.26666666666666666,-0.06882529873769333,226,False,-0.25809487026635003,0.2889633026078295,0.22044889507480916,0.19784136792897333,-0.07439747980223538
ANA@VGK,Brett Howden,f2,PTS,over,0.5,draftkings,125,0.4556222661285658,0.3659467047241103,0.4444444444444444,-0.06920087738197123,209,False,-0.15570197410943531,0.5387158777478238,0.4703934125013168,0.3752435670624732,-0.07849773972033414
NYR@DET,Justin Faulk,d3,SOG,under,1.5,draftkings,-115,1.669406410431374,0.512708780259746,0.5348837209302325,-0.06978324958157578,214,False,-0.13046433617425035,1.7292070275263625,1.8349336510725178,0.46510047134865673,-0.02217494067048653
NYR@DET,Mason Appleton,f3,PTS,over,0.5,draftkings,265,0.22117458502498288,0.1984232752190389,0.273972602739726,-0.06982224454783117,215,False,-0.2548511925995838,0.29718972322689097,0.2283450031810056,0.20415035819189484,-0.0755493275206871
ANA@VGK,Nikita Nesterenko,f3,PTS,over,0.5,draftkings,215,0.2754969624753089,0.24080526183669082,0.31746031746031744,-0.06990447308495748,49,False,-0.22019909021761608,0.3529643645421967,0.28442849690743605,0.24755584437535996,-0.07665505562362662
ANA@VGK,Travis Mitchell,d2,A,over,0.5,draftkings,450,0.10721546639239568,0.10166790823905511,0.18181818181818182,-0.07000082939897576,9,True,-0.3850045616943667,,0.11857787292745876,0.11181735241920607,-0.08015027357912671
STL@DAL,Tyler Seguin,f2,G,under,0.5,fanduel,-420,0.28871814835737897,0.749223345476796,0.8076923076923077,-0.07053837837614307,115,False,-0.08733323037046281,0.282027014968436,0.30495854928450106,0.7371539293161646,-0.05846896221551168
NYR@DET,J.T. Compher,f2,PTS,over,0.5,draftkings,145,0.3988593113721736,0.32891489124462814,0.40816326530612246,-0.07062649922349512,231,False,-0.17303492309756308,0.4776275543566874,0.4117902186354955,0.33753676608262734,-0.07924837406149432
WSH@CAR,Ilya Protas,f3,PTS,under,0.5,draftkings,-190,0.5208055780597799,0.5940418081177121,0.6551724137931034,-0.07107642726443997,4,False,-0.10848507319309264,0.49223279068937464,0.5376899491653295,0.5840959865286635,-0.0611306056753913
NYR@DET,Adam Fox,d1,A,under,0.5,draftkings,-140,0.6050409937460344,0.5460520414621771,0.5833333333333334,-0.0711955641319727,199,False,-0.12204953851195322,0.6077183327815403,0.6691616096668788,0.5121377692013607,-0.03728129187115625
STL@DAL,Jamie Benn,f3,A,under,0.5,draftkings,-350,0.3140652467446028,0.7304713657258933,0.7777777777777778,-0.07121910713225144,218,False,-0.09156742345575186,0.3128723212803395,0.34734903622126895,0.7065586706455264,-0.04730641205188446
NYR@DET,Moritz Seider,d1,PTS,under,0.5,draftkings,-115,0.7446639181140566,0.47489387635262703,0.5348837209302325,-0.07131735224273783,242,False,-0.1333324411494664,0.7029801014761843,0.7688057139626931,0.4635663686874947,-0.05998984457760548
STL@DAL,Roope Hintz,f2,SOG,under,2.5,draftkings,-185,2.1798224542647673,0.6312744799444133,0.6491228070175439,-0.0713789187121332,205,False,-0.10996211801598899,2.293452143053062,2.3959591563209295,0.5777438883054107,-0.017848327073130554
BOS@WPG,JJ Peterka,f1,SOG,over,2.5,draftkings,140,1.8970895091716837,0.29666357577637575,0.4166666666666667,-0.07188952078737737,238,False,-0.1725348498897057,2.2349821024434373,2.0851922921371018,0.3447771458792893,-0.12000309089029093
BOS@WPG,David Pastrnak,f1,A,under,0.5,draftkings,-115,0.6965824066780849,0.49828533376025486,0.5348837209302325,-0.07205782722883325,238,False,-0.13471680742781866,0.6931471805599455,0.7704043351383095,0.46282589370139926,-0.03659838716997765
STL@DAL,Tyler Seguin,f2,PTS,under,0.5,draftkings,-130,0.6851912555366126,0.5039938287463568,0.5652173913043478,-0.07229570275189134,115,False,-0.12790778179180773,0.6337237600891448,0.7074049643065093,0.49292168855245644,-0.061223562557990996
WSH@CAR,Logan Stankoven,f2,SOG,under,1.5,draftkings,135,2.0806786533218737,0.40089559202405267,0.425531914893617,-0.07264379312429031,180,False,-0.1707129138420822,2.100837714169238,2.286984915232241,0.3528881217693267,-0.024636322869564353
NYR@DET,Justin Faulk,d3,A,under,0.5,draftkings,-360,0.309970652473949,0.7334684813937977,0.782608695652174,-0.07284309818671064,214,False,-0.09307729212746363,0.30743867088785715,0.34282050787128154,0.7097655974654633,-0.049140214258376225
BOS@WPG,Elias Lindholm,f1,SOG,under,1.5,draftkings,-120,1.6457920341195802,0.519782561830549,0.5454545454545454,-0.07311980834114651,223,False,-0.13405298195876858,1.678102105180021,1.8089778302053847,0.4723347371133989,-0.025671983623996364
WSH@CAR,Jakob Chychrun,d1,A,over,0.5,draftkings,135,0.3927204200455942,0.32478250152314087,0.425531914893617,-0.07322399986770689,235,False,-0.17207639968911115,0.504132776257893,0.4343398730715922,0.35230791502591013,-0.10074941337047616
ANA@VGK,Jack Eichel,f1,A,under,0.5,draftkings,110,0.8231329612768797,0.43905395844841144,0.47619047619047616,-0.07381370071194926,216,False,-0.1550087714950934,0.8153648132841949,0.9103663768757844,0.4023767754785269,-0.03713651774206472
BOS@WPG,Adam Lowry,f3,A,under,0.5,draftkings,-650,0.20988556967402483,0.8106770066969027,0.8666666666666667,-0.07382257103821221,222,False,-0.08517988965947565,0.1986706947954957,0.23212867739648232,0.7928440956284545,-0.055989659969764016
ANA@VGK,Mark Stone,f1,G,under,0.5,fanduel,-220,0.46349329965463176,0.6290822299069614,0.6875,-0.0746069364124724,181,False,-0.10851918023632345,0.4443271412001745,0.4895648059186182,0.6128930635875276,-0.05841777009303861
STL@DAL,Esa Lindell,d2,A,under,0.5,draftkings,-350,0.3185736402682003,0.7271855258466539,0.7777777777777778,-0.07473336785366436,242,False,-0.09608575866899705,0.31675833653328994,0.35233521715519844,0.7030444099241134,-0.05059225193112393
BOS@WPG,Neal Pionk,d2,SOG,under,1.5,draftkings,-110,1.722794405141453,0.4969734763521323,0.5238095238095238,-0.07474522981129128,200,False,-0.14269543873064694,1.7632348313648551,1.893615244388966,0.44906429399823256,-0.026836047457391543
NYR@DET,Eeli Tolvanen,f3,PTS,over,0.5,draftkings,170,0.3393539172185592,0.2877696661008771,0.37037037037037035,-0.07480786383688082,239,False,-0.2019812323595782,0.4239431875282588,0.3503556762546009,0.29556250653348953,-0.08260070426949323
WSH@CAR,Jordan Martinook,f3,A,over,0.5,draftkings,230,0.23377172432353602,0.208457514830149,0.30303030303030304,-0.07520364153338993,236,False,-0.24817201706018677,0.33484754089421115,0.2585462224210895,0.2278266614969131,-0.09457278820015405
NYR@DET,Mika Zibanejad,f1,G,under,0.5,fanduel,-300,0.37257737689241044,0.688956340194763,0.75,-0.07533220236020044,242,False,-0.10044293648026725,0.3577496350684979,0.393534860900719,0.6746677976397996,-0.06104365980523696
ANA@VGK,Shea Theodore,d1,PTS,over,0.5,fanduel,-142,0.6929474224164534,0.4999001109517608,0.5867768595041323,-0.07576718011928552,183,False,-0.12912434921737392,0.7944689391622576,0.7154125839462142,0.5110096793848468,-0.08687674855237149
WSH@CAR,Jakob Chychrun,d1,PTS,over,0.5,fanduel,-120,0.6139153509070099,0.458772380896759,0.5454545454545454,-0.07601662084037669,235,False,-0.139363804874024,0.6641596436866928,0.6338183147936944,0.4694379246141687,-0.08668216455778643
STL@DAL,Mikko Rantanen,f1,SOG,under,2.5,draftkings,-160,2.3260530524023357,0.5948470174403342,0.6153846153846154,-0.07604762472761495,222,False,-0.12357739018237424,2.4628508365280424,2.556689008358428,0.5393369906570005,-0.020537597944281227
ANA@VGK,Mitch Marner,f2,G,over,0.5,fanduel,170,0.3299616430463096,0.28104869031485646,0.37037037037037035,-0.07610076531199456,228,False,-0.20547206634238535,0.42179200139558876,0.3485219912756524,0.2942696050583758,-0.08932168005551389
WSH@CAR,Jackson Blake,f2,PTS,under,0.5,draftkings,-115,0.7559480732716599,0.46956522139543533,0.5348837209302325,-0.07668655686337145,159,False,-0.14337051935325973,0.6931471805599455,0.7804556982729015,0.45819716406686106,-0.06531849953479718
NYR@DET,Alex DeBrincat,f1,PTS,over,0.5,draftkings,-220,0.9139797677192065,0.5990745454036911,0.6875,-0.07671992468442723,242,False,-0.11159261772280327,1.0251451367862376,0.9436107360329978,0.6107800753155728,-0.0884254545963089
STL@DAL,Colton Parayko,d2,PTS,over,0.5,draftkings,250,0.2265534613897121,0.20272328234770037,0.2857142857142857,-0.0771566178973743,222,False,-0.2700481626408101,0.3128723212803395,0.23389826121232773,0.2085576678169114,-0.08299100336658533
NYR@DET,J.T. Miller,f2,SOG,over,1.5,fanduel,-192,1.8247923245810085,0.5320832889137306,0.6575342465753424,-0.07719246372978161,219,False,-0.11739687192237624,2.125173073571907,2.005726599388892,0.5803417828455608,-0.12545095766161185
WSH@CAR,Jordan Martinook,f3,PTS,over,0.5,draftkings,145,0.38862450326743037,0.32201119519658805,0.40816326530612246,-0.07766360871615552,236,False,-0.19027584135458098,0.4776275543566874,0.40122360091596593,0.33049965658996694,-0.0861520701095344
NYR@DET,Alexis Lafrenière,f1,SOG,over,2.5,draftkings,120,2.0121647922327806,0.32615338785682696,0.45454545454545453,-0.0778179555296592,244,False,-0.17119950216525026,2.313484537899197,2.2116776751906744,0.37672749901579533,-0.12839206668862757
ANA@VGK,William Karlsson,f2,SOG,under,1.5,draftkings,105,1.8613989992312592,0.45781332475849945,0.4878048780487805,-0.0783078065004238,136,False,-0.16053100332586878,1.8834106749920483,2.0459629485186714,0.4094970715483567,-0.029991553290281026
WSH@CAR,Jakob Chychrun,d1,A,over,0.5,fanduel,132,0.3927204200455942,0.32478250152314087,0.43103448275862066,-0.07872656773271053,235,False,-0.18264563713988846,0.504132776257893,0.4343398730715922,0.35230791502591013,-0.1062519812354798
ANA@VGK,Leo Carlsson,f1,SOG,under,2.5,draftkings,-160,2.3383109339006514,0.5918321218121851,0.6153846153846154,-0.0792037611458174,198,False,-0.12870611186195324,2.4555947794928352,2.5701622998898213,0.536180854238798,-0.023552493572430278
WSH@CAR,Cole Hutson,d2,PTS,under,0.5,draftkings,-230,0.46683307329896817,0.6269847421721556,0.696969696969697,-0.07940267014349478,14,False,-0.11392557020588379,0.432708869932181,0.48196767090310383,0.6175670268262022,-0.06998495479754141
STL@DAL,Jamie Benn,f3,PTS,under,0.5,draftkings,-190,0.535065802846801,0.5856307527061688,0.6551724137931034,-0.07961280941140747,218,False,-0.12151428804899034,0.49223279068937464,0.5524124864495585,0.575559604381696,-0.0695416610869346
STL@DAL,Nils Lundkvist,d2,A,under,0.5,draftkings,-900,0.1792717164328873,0.8358787465465141,0.9,-0.07985198621135492,150,False,-0.08872442912372769,0.15780699103036894,0.19827045039253818,0.8201480137886451,-0.06412125345348596
WSH@CAR,K'Andre Miller,d2,PTS,under,0.5,draftkings,-230,0.46757370312314034,0.6265205504911222,0.696969696969697,-0.07987470661888296,224,False,-0.11460283993144071,0.432708869932181,0.4827323117389279,0.617094990350814,-0.07044914647857481
BOS@WPG,David Pastrnak,f1,PTS,over,1.5,draftkings,175,1.019084021772848,0.27126131481391674,0.36363636363636365,-0.08022893106539375,238,False,-0.22062956042983284,1.2111565458161617,1.0521224405921137,0.2834074325709699,-0.0923750488224469
NYR@DET,Emmitt Finnie,f2,SOG,over,1.5,fanduel,-130,1.5104377021725146,0.4383598598474149,0.5652173913043478,-0.08067494221071148,82,False,-0.14273259006510497,1.6802673727639053,1.6602026626031874,0.4845424490936363,-0.1268575314569329
STL@DAL,Jake Neighbours,f3,PTS,under,0.5,draftkings,-210,0.5001953073756553,0.6064122113685246,0.6774193548387096,-0.08076153694605537,226,False,-0.11921941168227224,0.4567272784507173,0.5164114992729234,0.5966578178926543,-0.071007143470185
ANA@VGK,Shea Theodore,d1,PTS,over,0.5,draftkings,-145,0.6929474224164534,0.4999001109517608,0.5918367346938775,-0.08082705530903078,183,False,-0.13656985207387962,0.7944689391622576,0.7154125839462142,0.5110096793848468,-0.09193662374211675
BOS@WPG,Marat Khusnutdinov,f3,A,over,0.5,draftkings,260,0.19793639282225894,0.17957796379151567,0.2777777777777778,-0.08116926026549984,165,False,-0.2922093369557994,0.3022155870679488,0.2189131589457141,0.19660851751227795,-0.09819981398626212
ANA@VGK,Ryan Poehling,f3,PTS,under,0.5,draftkings,-225,0.47699346773654017,0.6206465835071946,0.6923076923076923,-0.08118495615609067,217,False,-0.11726715889213102,0.4350714013009797,0.49245746248519534,0.6111227361516016,-0.0716611088004977
ANA@VGK,Ivan Barbashev,f1,PTS,over,0.5,fanduel,-162,0.7461129358417858,0.5257937549776885,0.6183206106870229,-0.08119400511931207,232,False,-0.13131376136580097,0.7731898882334818,0.7703017084396819,0.5371266055677109,-0.09252685570933439
WSH@CAR,K'Andre Miller,d2,A,under,0.5,draftkings,-320,0.34837816373225383,0.7058319057104776,0.7619047619047619,-0.08165710364229883,224,False,-0.10717494853051723,0.33484754089421115,0.3852983437907663,0.680247658262463,-0.05607285619428426
NYR@DET,Oliver Bjorkstrand,f2,A,over,0.5,draftkings,235,0.22093828475168287,0.19823384003899133,0.29850746268656714,-0.08171878650781092,241,False,-0.2737579348011666,0.328558339583376,0.24435272946734007,0.21678867617875622,-0.1002736226475758
WSH@CAR,Alex Ovechkin,f2,SOG,over,2.5,draftkings,-140,2.4884442007496688,0.444521653351904,0.5833333333333334,-0.08172858404669725,224,False,-0.1401061440800524,2.7887219642929706,2.7351817833213765,0.5016047492866361,-0.13881167998142935
ANA@VGK,Jackson LaCombe,d1,A,over,0.5,fanduel,-113,0.5384724650303255,0.41636089906404977,0.5305164319248826,-0.08178215642302678,225,False,-0.15415574617791772,0.520714455895238,0.5955383274612149,0.44873427550185585,-0.11415553286083285
BOS@WPG,Josh Morrissey,d1,SOG,over,2.5,fanduel,116,2.0275751656943037,0.3300914283662882,0.46296296296296297,-0.08199457972889218,236,False,-0.17710829221440716,2.2888793845967714,2.2286160388290632,0.3809683832340708,-0.13287153459667478
ANA@VGK,Jackson LaCombe,d1,SOG,over,1.5,draftkings,-140,1.5613345681490256,0.45435715965541384,0.5833333333333334,-0.08224671768687375,225,False,-0.14099437317749786,1.8174150234299402,1.7161461234230697,0.5010866156464596,-0.12897617367791953
STL@DAL,Robert Thomas,f1,PTS,under,0.5,draftkings,110,0.9023808720728766,0.4056028208086644,0.47619047619047616,-0.0822816521133013,214,False,-0.17279146943793278,0.8153648132841949,0.9316358074354911,0.39390882407717487,-0.07058765538181178
STL@DAL,Justin Hryckowian,f1,A,over,0.5,draftkings,195,0.26810684769342913,0.23517394316313048,0.3389830508474576,-0.08238374323086933,86,False,-0.24303204253106458,0.3815359621113813,0.2965200897454457,0.2565993076165883,-0.10380910768432713
WSH@CAR,Sebastian Aho,f1,A,under,0.5,draftkings,-140,0.6251673014804059,0.5351718859801033,0.5833333333333334,-0.08246942222990483,233,False,-0.1413761523941226,0.6077183327815403,0.6914208493207064,0.5008639111034285,-0.048161447353230025
BOS@WPG,Cole Perfetti,f1,SOG,under,1.5,draftkings,130,2.084057044086702,0.4000666852004976,0.43478260869565216,-0.08271073448034766,218,False,-0.1902346893047996,2.0413886120846807,2.2906982847641415,0.3520718742153045,-0.034715923495154566
STL@DAL,Jason Robertson,f2,G,under,0.5,fanduel,-190,0.5283167582280126,0.589596568466643,0.6551724137931034,-0.08283958321145968,242,False,-0.12643936384907006,0.49223279068937464,0.5580345851777748,0.5723328305816437,-0.06557584532646044
NYR@DET,Marcus Pettersson,d2,A,over,0.5,draftkings,320,0.15228104542851068,0.14125310006724787,0.23809523809523808,-0.08309462200488191,240,False,-0.3489974124205041,0.2532618485653016,0.1684193807262422,0.15500061609035617,-0.09684213802799022
BOS@WPG,Cole Perfetti,f1,PTS,over,0.5,fanduel,-113,0.5737293915040322,0.4365796991852743,0.5305164319248826,-0.08355389320786921,218,False,-0.15749539162191273,0.6931471805599455,0.5923295378319645,0.4469625387170134,-0.09393673273960834
STL@DAL,Robert Thomas,f1,G,under,0.5,fanduel,-400,0.3159844612371414,0.7290707789375471,0.8,-0.08377333632727701,214,False,-0.10471667040909627,0.29105475693042016,0.333758592743692,0.716226663672723,-0.07092922106245292
ANA@VGK,Shea Theodore,d1,SOG,over,1.5,draftkings,-180,1.7486881885922934,0.5105286950947611,0.6428571428571429,-0.0843032842721535,183,False,-0.1311384422011277,2.0643393388206785,1.9220764832524577,0.5585538585849894,-0.13232844776238184
ANA@VGK,Noah Hanifin,d3,PTS,under,0.5,draftkings,-330,0.3691790177161272,0.6913016441309698,0.7674418604651163,-0.08436486751419636,230,False,-0.10992997888213463,0.328558339583376,0.38114769816444966,0.68307699295092,-0.07614021633414647
ANA@VGK,Jackson LaCombe,d1,A,under,0.5,draftkings,-175,0.5384724650303255,0.5836391009359503,0.6363636363636364,-0.0850979118654922,225,False,-0.13372529007434486,0.520714455895238,0.5955383274612149,0.5512657244981441,-0.05272453542768607
ANA@VGK,Mikael Granlund,f2,SOG,under,1.5,fanduel,-104,1.8080838164735165,0.47258545207263414,0.5098039215686274,-0.08543908727337501,207,False,-0.16759205580546643,1.7925478264816421,1.9873613867036641,0.4243648342952524,-0.03721846949599328
NYR@DET,J.T. Miller,f2,PTS,over,0.5,draftkings,-135,0.6496936318961429,0.4777942605617512,0.574468085106383,-0.08578969272022452,219,False,-0.1493376132537242,0.7649729151312009,0.6707565176407877,0.4886783923861585,-0.0966738245446318
ANA@VGK,Tomas Hertl,f3,SOG,under,2.5,draftkings,-160,2.3667937961202616,0.584852333121846,0.6153846153846154,-0.08649731182812648,209,False,-0.14055813172070553,2.3730683770151275,2.6014693333593524,0.5288873035564889,-0.030532282262769384
STL@DAL,Colton Parayko,d2,A,over,0.5,draftkings,320,0.1484334963337758,0.13794266476249695,0.23809523809523808,-0.0866980108824216,222,False,-0.36413164570617074,0.2532618485653016,0.16416407873494304,0.15139722721281648,-0.10015257333274113
BOS@WPG,Mark Scheifele,f1,A,under,0.5,draftkings,-110,0.7495882492186027,0.47256109008591507,0.5238095238095238,-0.08733601440554362,235,False,-0.16673239113785598,0.7135977910312363,0.8290275941947863,0.4364735094039802,-0.051248433723608766
STL@DAL,Dylan Holloway,f1,A,under,0.5,draftkings,-200,0.4936147130909265,0.6104159230538388,0.6666666666666666,-0.08736195742275543,174,False,-0.1310429361341332,0.4700036292453683,0.5459266717154467,0.5793047092439112,-0.05625074361282778
ANA@VGK,Tomas Hertl,f3,A,under,0.5,draftkings,-235,0.44088866376308145,0.6434643434835847,0.7014925373134329,-0.08740196979022596,209,False,-0.12459429736053484,0.4176408432739764,0.48761285760319867,0.6140905675232069,-0.05802819382984814
BOS@WPG,Gabriel Vilardi,f2,G,under,0.5,fanduel,-330,0.3651160205751341,0.6941161144553192,0.7674418604651163,-0.08743595963566175,200,False,-0.11393170497980165,0.3327923796628125,0.38565380315926096,0.6800059008294546,-0.07332574600979713
BOS@WPG,JJ Peterka,f1,A,over,0.5,draftkings,180,0.28411311578375165,0.24731850026709085,0.35714285714285715,-0.0874992467412053,238,False,-0.24499789087537482,0.4074068562910736,0.3142226590437099,0.26964361040165186,-0.1098243568757663
ANA@VGK,Mikael Granlund,f2,SOG,under,1.5,draftkings,-105,1.8080838164735165,0.47258545207263414,0.5121951219512195,-0.08783028765596712,207,False,-0.1714781806616501,1.7925478264816421,1.9873613867036641,0.4243648342952524,-0.039609669878585385
BOS@WPG,Cole Perfetti,f1,PTS,over,0.5,draftkings,-115,0.5737293915040322,0.4365796991852743,0.5348837209302325,-0.0879211822132191,218,False,-0.1643743841377574,0.6931471805599455,0.5923295378319645,0.4469625387170134,-0.09830402174495823
WSH@CAR,Jordan Kyrou,f3,SOG,over,2.5,fanduel,154,1.7580330226838186,0.2610302821441524,0.3937007874015748,-0.08799142698659285,234,True,-0.2234982245459458,2.182437073909488,1.9323478889635441,0.305709360414982,-0.1326705052574224
STL@DAL,Justin Hryckowian,f1,SOG,over,1.5,draftkings,100,1.2968331944002502,0.3681052922625617,0.5,-0.08902451669142858,86,False,-0.17804903338285716,1.596879568299651,1.4254185519857918,0.4109754833085714,-0.13189470773743828
STL@DAL,Dylan Holloway,f1,PTS,under,0.5,draftkings,-105,0.8341898770451271,0.4342261155241264,0.5121951219512195,-0.08955493315979368,174,False,-0.17484534569293053,0.7436119744858549,0.8612340794305825,0.42264018879142584,-0.07796900642709315
ANA@VGK,Alex Killorn,f2,PTS,under,0.5,draftkings,-210,0.5153670339241422,0.5972813318712121,0.6774193548387096,-0.09003452644056797,224,False,-0.13290811045988604,0.4567272784507173,0.5320750889506626,0.5873848283981417,-0.0801380229674975
ANA@VGK,Mark Stone,f1,SOG,under,1.5,draftkings,145,2.23225542710566,0.36511209606078465,0.40816326530612246,-0.09029034021156868,181,False,-0.2212113335183432,2.1339525940087403,2.453591034149088,0.3178729250945538,-0.043051169245337806
BOS@WPG,Cole Perfetti,f1,SOG,under,1.5,fanduel,126,2.084057044086702,0.4000666852004976,0.4424778761061947,-0.09040600189089021,218,False,-0.20431756427341186,2.0413886120846807,2.2906982847641415,0.3520718742153045,-0.042411190905697116
STL@DAL,Mikko Rantanen,f1,A,under,0.5,draftkings,-110,0.7559928820228466,0.469544181235659,0.5238095238095238,-0.09041679744188202,222,False,-0.17261388602541117,0.7135977910312363,0.8361109727441944,0.4333927263676418,-0.05426534257386484
BOS@WPG,Hampus Lindholm,d1,PTS,over,0.5,fanduel,120,0.4381613256450269,0.35477831634371637,0.45454545454545453,-0.09066651112962204,158,False,-0.19946632448516854,0.568259068548668,0.4523663932133336,0.3638789434158325,-0.09976713820173816
NYR@DET,Alex DeBrincat,f1,PTS,over,0.5,fanduel,-235,0.9139797677192065,0.5990745454036911,0.7014925373134329,-0.0907124619978601,242,False,-0.129313509656524,1.0251451367862376,0.9436107360329978,0.6107800753155728,-0.10241799190974177
NYR@DET,Vladislav Gavrikov,d1,A,over,0.5,draftkings,240,0.20532239327534083,0.1856152780735485,0.29411764705882354,-0.0909731579575491,240,False,-0.30930873705566686,0.3225347287774313,0.2270819078458244,0.20314448910127444,-0.10850236898527504
NYR@DET,Andrew Copp,f1,PTS,over,0.5,fanduel,-122,0.5941478511142643,0.44796722038864767,0.5495495495495496,-0.09105077028250946,214,False,-0.16568254920259917,0.6731064296764996,0.6134099581891362,0.45849877926704014,-0.10158232916090193
ANA@VGK,Noah Hanifin,d3,A,under,0.5,draftkings,-425,0.2990604861521011,0.7415145567162773,0.8095238095238095,-0.0911420203705775,230,False,-0.11258720163424285,0.2721109858746326,0.3307541114896745,0.718381789153232,-0.06800925280753223
WSH@CAR,Shayne Gostisbehere,d3,SOG,under,1.5,draftkings,100,1.8683043418488783,0.4559267808890828,0.5,-0.09239656914920902,206,False,-0.18479313829841804,1.834045672352235,2.0535529790002127,0.407603430850791,-0.04407321911091722
BOS@WPG,JJ Peterka,f1,PTS,over,0.5,draftkings,-115,0.5657142282126092,0.43204564716221305,0.5348837209302325,-0.09251656138479802,238,False,-0.17296574519766583,0.6834100052820871,0.5840545251894877,0.4423671595454345,-0.10283807376801946
BOS@WPG,JJ Peterka,f1,PTS,over,0.5,fanduel,-115,0.5657142282126092,0.43204564716221305,0.5348837209302325,-0.09251656138479802,238,False,-0.17296574519766583,0.6834100052820871,0.5840545251894877,0.4423671595454345,-0.10283807376801946
NYR@DET,Vladislav Gavrikov,d1,PTS,over,0.5,draftkings,185,0.28935871038677546,0.2512564248721148,0.3508771929824561,-0.09262970084633582,240,False,-0.26399464741205714,0.39959998865576585,0.29873963880730936,0.2582474921361203,-0.09962076811034132
NYR@DET,J.T. Compher,f2,A,over,0.5,draftkings,215,0.22955207443952028,0.20511042586900108,0.31746031746031744,-0.0932456849054348,231,False,-0.2937239074521196,0.3529643645421967,0.25387938540044974,0.22421463255488264,-0.11234989159131636
NYR@DET,Will Cuylle,f3,PTS,over,0.5,draftkings,150,0.35452754506494344,0.29849520566978033,0.4,-0.09348807908536211,243,False,-0.23372019771340524,0.4700036292453683,0.36602122886978333,0.3065119209146379,-0.1015047943302197
STL@DAL,Jake Neighbours,f3,A,under,0.5,draftkings,-400,0.3144483132930652,0.7301916001689082,0.8,-0.09374060865583433,226,False,-0.11717576081979286,0.2811673914305872,0.34777269913143244,0.7062593913441657,-0.06980839983109188
ANA@VGK,Beckett Sennecke,f2,A,under,0.5,draftkings,-270,0.4095329102498437,0.663960306772348,0.7297297297297297,-0.09396970454288012,82,False,-0.1287732988180209,0.37623546979322614,0.4529341057332993,0.6357600251868496,-0.06576942295738175
BOS@WPG,Mark Scheifele,f1,PTS,under,0.5,draftkings,155,1.1721160243744229,0.3097108916060789,0.39215686274509803,-0.0939940821171677,235,False,-0.23968490939877762,1.003355870859443,1.2101156978956378,0.29816278062793033,-0.08244597113901914
NYR@DET,Marcus Pettersson,d2,PTS,over,0.5,draftkings,265,0.19186696774464773,0.17458333177095303,0.273972602739726,-0.09427088899039907,240,False,-0.34408874481495666,0.2986362943828177,0.19808724114948692,0.17970171374932695,-0.09938927096877298
STL@DAL,Connor McMichael,f2,PTS,over,0.5,fanduel,-104,0.519902032138112,0.4054212052697639,0.5098039215686274,-0.09444502961143075,237,True,-0.18525755808396038,,0.5367571105377171,0.41535889195719666,-0.10438271629886353
NYR@DET,Oliver Bjorkstrand,f2,PTS,over,0.5,draftkings,140,0.37610334410554214,0.3134686195953387,0.4166666666666667,-0.0948778841961157,241,False,-0.22770692207067766,0.49223279068937464,0.38829650927780013,0.321788782470551,-0.10319804707132796
STL@DAL,Miro Heiskanen,d1,PTS,over,0.5,fanduel,-180,0.7676980288455855,0.5359198612499243,0.6428571428571429,-0.09552954729713403,198,False,-0.148601518017764,0.9391845517400075,0.792586584118586,0.5473275955600089,-0.1069372816072186
ANA@VGK,Ryan Poehling,f3,A,under,0.5,draftkings,-450,0.293767330546982,0.7454499146912636,0.8181818181818182,-0.09558220927637484,217,False,-0.1168227002266804,0.2666286632539486,0.32490000150117754,0.7225996089054434,-0.07273190349055458
BOS@WPG,Hampus Lindholm,d1,A,over,0.5,draftkings,140,0.3496122951542815,0.2950386463247254,0.4166666666666667,-0.09598647374429392,158,False,-0.2303675369863054,0.49223279068937464,0.38666326513897353,0.32068019292237276,-0.12162802034194131
STL@DAL,Robert Thomas,f1,SOG,under,1.5,draftkings,-115,1.760464097176326,0.4860876780894967,0.5348837209302325,-0.09686767144533515,214,False,-0.18110042922388747,1.6846773233905612,1.9350200126397754,0.43801604948489736,-0.0487960428407358
NYR@DET,Justin Faulk,d3,PTS,under,0.5,draftkings,-235,0.4876576255000443,0.6140630765953863,0.7014925373134329,-0.09706128943410208,214,False,-0.1383639657890391,0.4239431875282588,0.5034673492592795,0.6044312478793308,-0.08742946071804658
BOS@WPG,Kyle Connor,f1,G,under,0.5,fanduel,-240,0.47078198492982737,0.6245137169725725,0.7058823529411765,-0.0976896367798058,226,False,-0.13839365210472487,0.42179200139558876,0.49726347986883906,0.6081927161613707,-0.081368635968604
STL@DAL,Jimmy Snuggerud,f1,G,under,0.5,fanduel,-420,0.32495860778316404,0.7225572612699314,0.8076923076923077,-0.09822264016178428,75,False,-0.12160898305744716,0.282027014968436,0.34323753519089145,0.7094696675305234,-0.08513504642237635
ANA@VGK,Beckett Sennecke,f2,A,over,0.5,fanduel,116,0.4095329102498437,0.33603969322765204,0.46296296296296297,-0.09872298814981256,82,False,-0.2132416544035951,0.37623546979322614,0.4529341057332993,0.3642399748131504,-0.12692326973531093
STL@DAL,Mason McTavish,f2,SOG,over,1.5,draftkings,-185,1.7206732436891554,0.5024081954172018,0.6491228070175439,-0.09881578265095647,212,True,-0.15222971921904105,1.971459546134547,1.8912837626695607,0.5503070243665874,-0.14671461160034205
STL@DAL,Wyatt Johnston,f1,A,under,0.5,draftkings,-200,0.5120669424140469,0.59925567088155,0.6666666666666666,-0.0990644444730614,242,False,-0.14859666670959215,0.4776275543566874,0.5663344186341365,0.5676022221936052,-0.06741099578511667
BOS@WPG,David Pastrnak,f1,SOG,over,3.5,fanduel,104,2.9008362094669606,0.33176844324768523,0.49019607843137253,-0.09928359701650447,238,False,-0.20253853791366916,3.6026660428529587,3.188463841842534,0.39091248141486806,-0.1584276351836873
WSH@CAR,Jakob Chychrun,d1,SOG,over,1.5,fanduel,-190,1.7383301962895041,0.5075379006093435,0.6551724137931034,-0.09965344917078056,235,False,-0.15210263294487558,2.071974237564175,1.9106914612978416,0.5555189646223229,-0.14763451318375997
WSH@CAR,Pierre-Luc Dubois,f1,PTS,under,0.5,draftkings,-160,0.6422107849824623,0.5261279815109141,0.6153846153846154,-0.10009752620664969,190,False,-0.16265848008580575,0.5629325405614245,0.6630310789240637,0.5152870891779657,-0.08925663387370131
ANA@VGK,Mark Stone,f1,A,under,0.5,draftkings,-140,0.6576117812813141,0.5180871636512876,0.5833333333333334,-0.10012322245994809,181,False,-0.17163980993133954,0.6077183327815403,0.7273037077597055,0.4832101108733853,-0.06524616968204577
WSH@CAR,Alex Tuch,f1,SOG,over,2.5,fanduel,130,1.8601089724582334,0.28717458974691545,0.43478260869565216,-0.10035919438737556,232,True,-0.23082614709096383,2.3395489587695857,2.044545011267551,0.3344234143082766,-0.1476080189487367
ANA@VGK,Tomas Hertl,f3,SOG,under,2.5,fanduel,-170,2.3667937961202616,0.584852333121846,0.6296296296296297,-0.10074232607314071,209,False,-0.1600025178808705,2.3730683770151275,2.6014693333593524,0.5288873035564889,-0.044777296507783615
BOS@WPG,Hampus Lindholm,d1,PTS,over,0.5,draftkings,115,0.4381613256450269,0.35477831634371637,0.46511627906976744,-0.10123733565393495,158,False,-0.21766027165596014,0.568259068548668,0.4523663932133336,0.3638789434158325,-0.11033796272605106
STL@DAL,Miro Heiskanen,d1,PTS,over,0.5,draftkings,-185,0.7676980288455855,0.5359198612499243,0.6491228070175439,-0.101795211457535,198,False,-0.15681965008322962,0.9391845517400075,0.792586584118586,0.5473275955600089,-0.11320294576761958
ANA@VGK,Parker Wotherspoon,d2,PTS,under,0.5,draftkings,-425,0.3349134459749934,0.7154000044227647,0.8095238095238095,-0.10184945771739073,173,False,-0.12581403600383556,0.2751605656537396,0.3457712461758798,0.7076743518064188,-0.09412380510104479
ANA@VGK,Mark Stone,f1,SOG,under,1.5,fanduel,138,2.23225542710566,0.36511209606078465,0.42016806722689076,-0.10229514213233698,181,False,-0.24346243827496206,2.1339525940087403,2.453591034149088,0.3178729250945538,-0.05505597116610611
STL@DAL,Thomas Harley,d1,PTS,under,0.5,draftkings,-180,0.5960889290605164,0.5509622802547043,0.6428571428571429,-0.10244000782176621,225,False,-0.15935112327830303,0.5079847127643868,0.615413965339241,0.5404171350353767,-0.09189486260243862
BOS@WPG,Mark Scheifele,f1,SOG,under,2.5,draftkings,-180,2.322549618140107,0.5957099035231087,0.6428571428571429,-0.10261620743100786,235,False,-0.1596252115593455,2.25309501316178,2.552838196847274,0.540240935426135,-0.0471472393340342
NYR@DET,Emmitt Finnie,f2,PTS,over,0.5,draftkings,120,0.41829644943958927,0.34183291376251107,0.45454545454545453,-0.10384734802886542,82,False,-0.22846416566350392,0.5531011069142318,0.4318575032800324,0.3506981065165891,-0.11271254078294346
BOS@WPG,Gabriel Vilardi,f2,SOG,under,1.5,fanduel,110,2.002649346216068,0.42044384293702974,0.47619047619047616,-0.10398371752996727,200,False,-0.21836580681293127,1.8684883269989232,2.2012187408102095,0.3722067586605089,-0.05574663325344642
ANA@VGK,Ryan Poehling,f3,SOG,over,1.5,draftkings,100,1.2550834372713078,0.35384830640686765,0.5,-0.10413274222817931,217,False,-0.20826548445635862,1.596879568299651,1.3795291665124212,0.3958672577718207,-0.14615169359313235
NYR@DET,Vladislav Gavrikov,d1,SOG,over,1.5,draftkings,110,1.1903824921399346,0.33147023140780063,0.47619047619047616,-0.10415840927068132,240,False,-0.2187326594684308,1.523447606550137,1.3084129058248422,0.37203206691979485,-0.14472024478267553
NYR@DET,J.T. Miller,f2,PTS,over,0.5,fanduel,-146,0.6496936318961429,0.4777942605617512,0.5934959349593496,-0.10481754257319109,219,False,-0.17661037995208906,0.7649729151312009,0.6707565176407877,0.4886783923861585,-0.11570167439759838
ANA@VGK,Jackson LaCombe,d1,PTS,over,0.5,fanduel,-150,0.6619207097415397,0.4841404341466475,0.6,-0.10490752063683256,225,False,-0.17484586772805433,0.645107203972583,0.6833799939284732,0.4950924793631674,-0.1158595658533525
WSH@CAR,Jackson Blake,f2,A,under,0.5,draftkings,-245,0.4554759067609235,0.6341461017066174,0.7101449275362319,-0.10588209189164188,159,False,-0.1490992722555773,0.4074068562910736,0.5037460173492888,0.60426283564459,-0.07599882582961448
BOS@WPG,Mark Scheifele,f1,G,under,0.5,fanduel,-310,0.4076166685377081,0.6652338350116567,0.7560975609756098,-0.1059429707918429,235,False,-0.1401181226601793,0.34593196030966256,0.4305451133178266,0.6501545901837669,-0.09086372596395309
STL@DAL,Wyatt Johnston,f1,G,under,0.5,fanduel,-200,0.5490612585304083,0.5774916713872706,0.6666666666666666,-0.10673804460859648,242,False,-0.16010706691289478,0.4700036292453683,0.5799459639873252,0.5599286220580701,-0.08917499527939599
BOS@WPG,Isak Rosen,f2,A,over,0.5,draftkings,280,0.15371784913900902,0.14248606482317053,0.2631578947368421,-0.10681557984230122,52,False,-0.4058992034007447,0.2856557293065486,0.17000845302651676,0.15634231489454087,-0.12067182991367156
STL@DAL,Wyatt Johnston,f1,PTS,under,0.5,draftkings,130,1.081188550142882,0.3391921391044641,0.43478260869565216,-0.10727381732701452,242,False,-0.2467297798521334,0.9076823573375551,1.1162403803934178,0.32750879136863764,-0.09559046959118805
WSH@CAR,Pierre-Luc Dubois,f1,A,under,0.5,draftkings,-280,0.4207019366048922,0.6565857764316444,0.7368421052631579,-0.10888712052581584,190,False,-0.14777537785646433,0.3732042458899428,0.46528679543764884,0.627954984737342,-0.08025632883151346
ANA@VGK,Mitch Marner,f2,SOG,under,2.5,fanduel,-188,2.3100224641180724,0.5987995913510766,0.6527777777777778,-0.10929782175926228,228,False,-0.16743496099291244,2.3747015164281295,2.539068933518963,0.5434799560185155,-0.05397818642670116
WSH@CAR,Nikolaj Ehlers,f3,A,under,0.5,draftkings,-180,0.5686132737172007,0.5663102116958827,0.6428571428571429,-0.1096649740385357,232,False,-0.17058995961549994,0.5079847127643868,0.628873377922336,0.5331921688186072,-0.07654693116126021
WSH@CAR,Cole Hutson,d2,A,under,0.5,draftkings,-330,0.3790054855573931,0.6845418575623312,0.7674418604651163,-0.10985042992553706,14,False,-0.14313843899388157,0.328558339583376,0.4191714667429911,0.6575914305395792,-0.0829000029027851
WSH@CAR,Alex Tuch,f1,SOG,over,2.5,draftkings,125,1.8601089724582334,0.28717458974691545,0.4444444444444444,-0.11002103013616782,232,True,-0.24754731780637762,2.3395489587695857,2.044545011267551,0.3344234143082766,-0.15726985469752897
NYR@DET,Viktor Arvidsson,f2,SOG,over,2.5,draftkings,-115,2.187354724636535,0.37062061079414566,0.5348837209302325,-0.110617082611641,150,True,-0.2068058501000245,2.802070189773904,2.404238276544603,0.4242666383185915,-0.16426311013608685
STL@DAL,Dylan Holloway,f1,G,under,0.5,fanduel,-420,0.34165468761284046,0.710593539099524,0.8076923076923077,-0.11062462681003882,174,False,-0.13696382366957183,0.2852982810965047,0.3608727698048717,0.6970676808822689,-0.09709876859278366
WSH@CAR,Jordan Kyrou,f3,SOG,over,2.5,draftkings,140,1.7580330226838186,0.2610302821441524,0.4166666666666667,-0.1109573062516847,234,True,-0.2662975350040433,2.182437073909488,1.9323478889635441,0.305709360414982,-0.15563638452251427
ANA@VGK,Leo Carlsson,f1,PTS,over,0.5,fanduel,-192,0.7648803570662109,0.5346103917783651,0.6575342465753424,-0.1115254012579322,198,False,-0.1696115477464386,0.7944689391622576,0.789677564208583,0.5460088453174102,-0.12292385479697732
STL@DAL,Robert Thomas,f1,SOG,under,1.5,fanduel,-122,1.760464097176326,0.4860876780894967,0.5495495495495496,-0.11153350006465224,214,False,-0.2029544017569901,1.6846773233905612,1.9350200126397754,0.43801604948489736,-0.06346187146005289
WSH@CAR,Eric Robinson,f1,PTS,over,0.5,draftkings,165,0.29888503356488094,0.2583553312223703,0.37735849056603776,-0.11185149863752997,193,False,-0.2964064713894544,0.4375353670664732,0.30857480271713233,0.2655069919285078,-0.11900315934366745
WSH@CAR,Nikolaj Ehlers,f3,SOG,under,2.5,fanduel,-165,2.4442668352989223,0.5660599968054434,0.6226415094339622,-0.1132995300518096,232,False,-0.18196591190139122,2.370136505039488,2.68662408402492,0.5093419793821526,-0.05658151262851885
WSH@CAR,Nikolaj Ehlers,f3,SOG,under,2.5,draftkings,-165,2.4442668352989223,0.5660599968054434,0.6226415094339622,-0.1132995300518096,232,False,-0.18196591190139122,2.370136505039488,2.68662408402492,0.5093419793821526,-0.05658151262851885
ANA@VGK,Cutter Gauthier,f1,PTS,over,0.5,fanduel,-196,0.7696324066492511,0.5368166998774269,0.6621621621621622,-0.11393144127603316,156,False,-0.17205972764135624,0.786561625199371,0.7945836739093565,0.548230720886129,-0.1253454622847353
ANA@VGK,Frank Vatrano,f3,PTS,over,0.5,draftkings,195,0.24687554640388998,0.21876208465056876,0.3389830508474576,-0.11399317791052813,210,False,-0.33627987483605803,0.3815359621113813,0.25487918253600944,0.22498987293692949,-0.12022096619688885
BOS@WPG,Isak Rosen,f2,PTS,over,0.5,draftkings,160,0.3049869199894638,0.2628669839638124,0.38461538461538464,-0.11449584540459151,52,False,-0.29768919805193794,0.4443271412001745,0.3148745105921313,0.2701195392107931,-0.12174840065157222
ANA@VGK,Parker Wotherspoon,d2,A,under,0.5,draftkings,-500,0.2991490780576987,0.7414488674384816,0.8333333333333334,-0.11502192823742552,173,False,-0.1380263138849106,0.24613306953890843,0.33085209212696337,0.7183114050959079,-0.09188446589485177
WSH@CAR,Shayne Gostisbehere,d3,A,under,0.5,draftkings,-175,0.589560393163882,0.5545710243692027,0.6363636363636364,-0.11538196454802607,206,False,-0.18131451571832669,0.520714455895238,0.6520404167043549,0.5209816718156103,-0.08179261199443366
WSH@CAR,Nikolaj Ehlers,f3,PTS,under,0.5,draftkings,105,0.9579410650205665,0.3836820496710054,0.4878048780487805,-0.11585540024633334,232,False,-0.23750357050498339,0.7944689391622576,0.9889972462913366,0.37194947780244714,-0.10412282837777509
WSH@CAR,Taylor Hall,f2,A,under,0.5,draftkings,-265,0.44680129861941764,0.639670999158467,0.726027397260274,-0.11593941413652442,165,False,-0.159690136452194,0.3831521371393306,0.49415209758649664,0.6100879831237496,-0.08635639810180695
NYR@DET,Moritz Seider,d1,A,under,0.5,draftkings,-170,0.606630171823141,0.5451849566874679,0.6296296296296297,-0.11839120058612329,242,False,-0.18803308328384283,0.5434429286898225,0.6709192045589869,0.5112384290435064,-0.08444467294216174
WSH@CAR,Shayne Gostisbehere,d3,PTS,under,0.5,draftkings,-130,0.7811334524902073,0.4578867242193988,0.5652173913043478,-0.11878065666329973,206,False,-0.21015039255814572,0.6558294175527504,0.8064575804381802,0.44643673464104805,-0.10733066708494898
WSH@CAR,Ryan Leonard,f2,SOG,over,1.5,fanduel,-190,1.6739040276235104,0.48863062375224164,0.6551724137931034,-0.11890484950549074,81,False,-0.18148634924522267,,1.8398772220831028,0.5362675642876127,-0.16654179004086178
WSH@CAR,Andrei Svechnikov,f1,PTS,under,0.5,draftkings,105,0.967719618492411,0.3799484784453724,0.4878048780487805,-0.11959155174653513,207,False,-0.24516268108039707,0.7944689391622576,0.9990928177304408,0.36821332630224535,-0.10785639960340809
STL@DAL,Thomas Harley,d1,A,under,0.5,draftkings,-250,0.4735726428000503,0.6227733423777408,0.7142857142857143,-0.12199671974732829,225,False,-0.17079540764625956,0.39959998865576585,0.523760596762633,0.592288994538386,-0.09151237190797346
WSH@CAR,Andrei Svechnikov,f1,A,under,0.5,draftkings,-215,0.5257811256873975,0.591093465700133,0.6825396825396826,-0.12348164879224277,207,False,-0.1809149738118906,0.44693090250038936,0.5815019941361592,0.5590580337474398,-0.09144621683954957
WSH@CAR,Taylor Hall,f2,PTS,under,0.5,draftkings,-140,0.7524699078672182,0.47120129051374504,0.5833333333333334,-0.12348785919426242,165,False,-0.21169347290444984,0.6190392084062237,0.7768647717193303,0.45984547413907095,-0.11213204281958833
BOS@WPG,Mark Scheifele,f1,SOG,under,2.5,fanduel,-198,2.322549618140107,0.5957099035231087,0.6644295302013423,-0.12418859477520727,235,False,-0.18691010728793822,2.25309501316178,2.552838196847274,0.540240935426135,-0.06871962667823361
BOS@WPG,Gabriel Vilardi,f2,A,under,0.5,draftkings,-230,0.5051170703062962,0.6034349269799721,0.696969696969697,-0.12498784634764482,200,False,-0.17933038823792513,0.4198538455602601,0.5586480177874633,0.5719818506220522,-0.09353476998972488
NYR@DET,Viktor Arvidsson,f2,SOG,over,2.5,fanduel,-122,2.187354724636535,0.37062061079414566,0.5495495495495496,-0.12528291123095808,150,True,-0.2279738220760057,2.802070189773904,2.404238276544603,0.4242666383185915,-0.17892893875540394
ANA@VGK,Beckett Sennecke,f2,PTS,over,0.5,fanduel,-166,0.6685048637861339,0.48752577595777,0.6240601503759399,-0.12554714523302063,82,False,-0.20117795561435836,0.6834100052820871,0.6901776044047729,0.49851300514291924,-0.13653437441816985
BOS@WPG,David Pastrnak,f1,G,over,0.5,fanduel,140,0.3244979921127672,0.2771098408696689,0.4166666666666667,-0.12648159312888968,238,False,-0.3035558235093352,0.49223279068937464,0.34275100988092705,0.290185073537777,-0.1395568257969978
BOS@WPG,Gabriel Vilardi,f2,SOG,under,1.5,draftkings,100,2.002649346216068,0.42044384293702974,0.5,-0.1277932413394911,200,False,-0.2555864826789822,1.8684883269989232,2.2012187408102095,0.3722067586605089,-0.07955615706297026
ANA@VGK,Brett Howden,f2,SOG,over,1.5,fanduel,-122,1.3226915667112233,0.3768569490661085,0.5495495495495496,-0.1293296459729495,209,False,-0.23533755250815402,1.7632348313648551,1.4538408685762172,0.4202199035766001,-0.1726926004834411
BOS@WPG,David Pastrnak,f1,SOG,over,3.5,draftkings,-110,2.9008362094669606,0.33176844324768523,0.5238095238095238,-0.13289704239465577,238,False,-0.2537125354807065,3.6026660428529587,3.188463841842534,0.39091248141486806,-0.1920410805618386
BOS@WPG,Gabriel Vilardi,f2,PTS,under,0.5,draftkings,-115,0.8830083061301377,0.4135369926981719,0.5348837209302325,-0.13301716195894853,200,False,-0.24868425931455596,0.7029801014761843,0.9116351883258439,0.401866558971284,-0.12134672823206061
WSH@CAR,Eric Robinson,f1,A,over,0.5,draftkings,250,0.1474126134458714,0.1370621558087711,0.2857142857142857,-0.13527573434750334,193,False,-0.4734650702162617,0.3128723212803395,0.16303500542650168,0.15043855136678236,-0.1486521299055146
ANA@VGK,Brett Howden,f2,SOG,over,1.5,draftkings,-125,1.3226915667112233,0.3768569490661085,0.5555555555555556,-0.13533565197895547,209,False,-0.24360417356211983,1.7632348313648551,1.4538408685762172,0.4202199035766001,-0.17869860648944708
ANA@VGK,Leo Carlsson,f1,A,over,0.5,fanduel,100,0.40925931314473063,0.3358580107570435,0.5,-0.13595243031377785,198,False,-0.2719048606275557,0.5079847127643868,0.45263151354343106,0.36404756968622215,-0.16414198924295648
STL@DAL,Miro Heiskanen,d1,SOG,over,2.5,fanduel,138,1.6712960656471383,0.2389582452445062,0.42016806722689076,-0.13891819828703117,198,False,-0.33062531192313416,2.344398775734553,1.8370106719361399,0.2812498689398596,-0.18120982198238456
ANA@VGK,Cutter Gauthier,f1,A,over,0.5,fanduel,126,0.3255557645423571,0.27787408987759527,0.4424778761061947,-0.14011423472484386,156,False,-0.31665817047814715,0.39032005247927326,0.36005728816605975,0.30236364138135086,-0.16460378622859945
ANA@VGK,Cutter Gauthier,f1,SOG,over,3.5,fanduel,112,2.613409810296964,0.27233221548897035,0.4716981132075472,-0.14579091579647446,156,False,-0.3090767414885258,3.4467548424617416,2.8725381518798687,0.3259071974110727,-0.19936589771857682
ANA@VGK,Cutter Gauthier,f1,SOG,over,3.5,draftkings,110,2.613409810296964,0.27233221548897035,0.47619047619047616,-0.15028327877940345,156,False,-0.3155948854367473,3.4467548424617416,2.8725381518798687,0.3259071974110727,-0.2038582607015058
STL@DAL,Miro Heiskanen,d1,SOG,over,2.5,draftkings,120,1.6712960656471383,0.2389582452445062,0.45454545454545453,-0.17329558560559494,198,False,-0.3812502883323089,2.344398775734553,1.8370106719361399,0.2812498689398596,-0.21558720930094832
NYR@DET,Andrew Copp,f1,SOG,under,1.5,draftkings,-150,1.812635461937794,0.4713100677018348,0.6,-0.17692159587372258,214,False,-0.29486932645620434,1.523447606550137,1.99236434307065,0.4230784041262774,-0.12868993229816517
ANA@VGK,Trevor Connelly,f3,SOG,over,1.5,draftkings,-135,1.2189202779582102,0.34138058446927744,0.574468085106383,-0.19186214323745904,1,False,-0.33398224933928056,1.834045672352235,1.3397803087519238,0.382605941868924,-0.2330875006371056
STL@DAL,Mason McTavish,f2,A,over,0.5,fanduel,114,0.28883596558460933,0.2508649207406018,0.4672897196261682,-0.1938411374619214,212,True,-0.41482003416851176,,0.31944602375390896,0.27344858216424683,-0.21642479888556643
STL@DAL,Mason McTavish,f2,PTS,over,0.5,fanduel,-150,0.5008992203315031,0.39401449984224773,0.6,-0.19622436412039462,212,True,-0.3270406068673244,,0.5171382328898264,0.40377563587960535,-0.20598550015775224
