game,player,team,role,pp,market,side,line,book,odds,alt,model_mean,mkt_mean,model_p,mkt_p,toi,hist_min,note,mkt_src,model_src,name_collision,cal,implied,blend_p,edge,ev,gap,fair_blend,ceiling,decision,run_ts_utc,snapshot
BOS@WPG,Elias Lindholm,BOS,f1,PP2,G,over,1.5,draftkings,5000,False,0.2806122740216997,0.21873286050795435,0.03272648197522383,0.020703850790497035,17.864457827843644,1916.9391666666668,,sgo_fair@0.5,v2,False,1.0982596332481283,0.0196078431372549,0.02551290326438775,0.0059050601271328496,0.3011580664837754,0.012022631184726792,3820.0,194869.0,pass,2026-10-02T21:36:31+00:00,sgo_slate_alt_20261002T213627Z.json
WSH@CAR,Boone Jenner,WSH,f4,-,G,over,1.5,fanduel,10000,False,0.19421419007866553,0.14886270337131158,0.016586702883308893,0.01003946860259047,14.80456233453134,1287.7516666666668,,sgo_fair@0.5,v2,False,1.0982596332481283,0.009900990099009901,0.012658362314877838,0.0027573722158679374,0.2784945938026617,0.006547234280718423,7800.0,,pass,2026-10-02T21:36:31+00:00,sgo_slate_alt_20261002T213627Z.json
BOS@WPG,Mark Scheifele,WPG,f1,PP1,G,over,1.5,draftkings,1900,False,0.4476689328940472,0.37275975592949234,0.07477127574987592,0.05440093576222983,19.993486037779117,2517.563333333333,,"fanduel@0.5,pinnacle@0.5,sgo_fair@0.5",v2,False,1.0982596332481283,0.05,0.06254907175728827,0.012549071757288269,0.25098143514576554,0.02037033998764609,1499.0,2563.0,lean,2026-10-02T21:36:31+00:00,sgo_slate_alt_20261002T213627Z.json
WSH@CAR,Anthony Beauvillier,WSH,f4,-,G,over,1.5,fanduel,10000,False,0.18795435808743288,0.1473247147568585,0.015598618431135323,0.009843054387916696,14.599139633956668,1764.6266666666668,,sgo_fair@0.5,v2,False,1.0982596332481283,0.009900990099009901,0.012145280005204147,0.0022442899061942464,0.22667328052561886,0.005755564043218628,8134.0,,pass,2026-10-02T21:36:31+00:00,sgo_slate_alt_20261002T213627Z.json
NYR@DET,Michael Brandsegg-Nygård,DET,f3,PP2,G,over,0.5,fanduel,800,False,0.14804513727407442,0.14392609642115897,0.13760781196902608,0.13404825737265416,12.775611148853327,0.0,no NHL data: 85% of positional prior,sgo_fair@0.5,v2,False,1.0982596332481283,0.1111111111111111,0.1354720792112029,0.024360968100091807,0.21924871290082626,0.0035595545963719166,638.0,805.0,lean,2026-10-02T21:36:31+00:00,sgo_slate_alt_20261002T213627Z.json
NYR@DET,Andrew Copp,DET,f1,PP1,SOG,over,3.5,draftkings,950,True,2.026936226559812,1.5986603335453926,0.15524585706624122,0.08521472568663882,17.350846748956222,1679.7833333333333,,"draftkings@1.5,pinnacle@1.5,sgo_fair@1.5",v2,False,1.1182260686839482,0.09523809523809523,0.11322717823847978,0.017989083000384543,0.18888537150403772,0.0700311313796024,783.0,1033.0,lean,2026-10-02T21:36:31+00:00,sgo_slate_alt_20261002T213627Z.json
STL@DAL,Robert Thomas,STL,f1,PP1,SOG,over,2.5,fanduel,300,True,1.9685968464447192,1.840395320582499,0.3150124928596319,0.28173810231670665,18.68804235636643,1845.6466666666668,,"draftkings@1.5,fanduel@1.5,pinnacle@1.5,sgo_fair@2.0",v2,False,1.1182260686839482,0.25,0.2950478585338767,0.04504785853387672,0.18019143413550687,0.03327439054292525,239.0,270.0,BET,2026-10-02T21:36:31+00:00,sgo_slate_alt_20261002T213627Z.json
NYR@DET,Andrew Copp,DET,f1,PP1,SOG,over,2.5,draftkings,340,True,2.026936226559812,1.5986603335453926,0.33013300772163523,0.2197067618692774,17.350846748956222,1679.7833333333333,,"draftkings@1.5,pinnacle@1.5,sgo_fair@1.5",v2,False,1.1182260686839482,0.22727272727272727,0.2638772602102205,0.036604532937493245,0.16105994492497033,0.11042624585235783,279.0,319.0,BET,2026-10-02T21:36:31+00:00,sgo_slate_alt_20261002T213627Z.json
WSH@CAR,Jordan Kyrou,WSH,f3,PP2,A,over,0.5,draftkings,270,False,0.392438291773465,0.36233574721113215,0.3245919767020287,0.30395136778115506,14.636186494925454,1777.7216666666668,,sgo_fair@0.5,v2,False,1.1032038554164156,0.2702702702702703,0.31220761134950453,0.04193734107923425,0.15516816199316685,0.02064060892087366,220.0,248.0,BET,2026-10-02T21:36:31+00:00,sgo_slate_alt_20261002T213627Z.json
BOS@WPG,Kyle Connor,WPG,f1,PP1,G,over,1.5,draftkings,1300,False,0.517040850108858,0.44288330625631395,0.09541519710458866,0.07340610866476606,19.93354117554885,2516.0816666666665,,"fanduel@0.5,pinnacle@0.5,sgo_fair@0.5",v2,False,1.0982596332481283,0.07142857142857142,0.0822097440406951,0.010781172612123677,0.15093641656973134,0.022009088439822605,1116.0,1648.0,lean,2026-10-02T21:36:31+00:00,sgo_slate_alt_20261002T213627Z.json
ANA@VGK,Mark Stone,VGK,f1,PP1,SOG,over,3.5,fanduel,460,True,2.4961662105507703,2.138155851079195,0.24694712624524956,0.1759038325211558,19.299075818445587,1741.9358333333332,,"draftkings@1.5,fanduel@1.5,pinnacle@1.5,sgo_fair@2.5",v2,False,1.1182260686839482,0.17857142857142858,0.20432115001079332,0.025749721439364742,0.14419844006044258,0.07104329372409376,389.0,458.0,lean,2026-10-02T21:36:31+00:00,sgo_slate_alt_20261002T213627Z.json
WSH@CAR,Alex Tuch,WSH,f1,PP2,A,over,0.5,draftkings,270,False,0.35335083653606847,0.3804638059027471,0.2976692531378549,0.3164556962025316,19.394777971531802,2210.999166666667,,sgo_fair@0.5,v2,False,1.1032038554164156,0.2702702702702703,0.30894111897666093,0.03867084870639065,0.14308214021364551,-0.018786443064676694,224.0,252.0,BET,2026-10-02T21:36:31+00:00,sgo_slate_alt_20261002T213627Z.json
BOS@WPG,James Hagens,BOS,f3,PP2,A,over,0.5,fanduel,400,False,0.2586421249493834,0.25930085491994337,0.2279007113215171,0.2284091487833353,13.841666666666665,42.55,,"draftkings@0.5,sgo_fair@0.5",v1,False,1.1032038554164156,0.2,0.228205773798608,0.028205773798608003,0.14102886899304012,-0.0005084374618181953,338.0,392.0,BET,2026-10-02T21:36:31+00:00,sgo_slate_alt_20261002T213627Z.json
STL@DAL,Dylan Holloway,STL,f1,PP1,G,over,1.5,draftkings,2500,False,0.375225551915182,0.2903861156443335,0.055035384866734975,0.034823823131597195,18.08848697930289,1659.9508333333333,,"fanduel@0.5,pinnacle@0.5,sgo_fair@0.5",v2,False,1.0982596332481283,0.038461538461538464,0.04290844782565231,0.004446909364113849,0.11561964346696008,0.02021156173513778,2231.0,5484.0,pass,2026-10-02T21:36:31+00:00,sgo_slate_alt_20261002T213627Z.json
STL@DAL,Dylan Holloway,STL,f1,PP1,G,over,1.5,fanduel,2500,True,0.375225551915182,0.2903861156443335,0.055035384866734975,0.034823823131597195,18.08848697930289,1659.9508333333333,,"fanduel@0.5,pinnacle@0.5,sgo_fair@0.5",v2,False,1.0982596332481283,0.038461538461538464,0.04290844782565231,0.004446909364113849,0.11561964346696008,0.02021156173513778,2231.0,5484.0,pass,2026-10-02T21:36:31+00:00,sgo_slate_alt_20261002T213627Z.json
STL@DAL,Mikko Rantanen,DAL,f1,PP1,G,over,1.5,draftkings,1600,False,0.41454823576751315,0.41454823576751315,0.06549474021876321,0.06549474021876321,20.640933758585803,2075.3450000000003,,"fanduel@0.5,pinnacle@0.5,sgo_fair@0.5",v2,False,1.0982596332481283,0.058823529411764705,0.06549474021876321,0.0066712108069985065,0.1134105837189745,0.0,1427.0,2369.0,pass,2026-10-02T21:36:31+00:00,sgo_slate_alt_20261002T213627Z.json
STL@DAL,Wyatt Johnston,DAL,f1,PP1,G,over,1.5,draftkings,1000,False,0.603011816424362,0.48760967466448396,0.12289412635348143,0.0864700229269704,20.913031427503284,2348.4791666666665,,"fanduel@0.5,pinnacle@0.5,sgo_fair@0.5",v2,False,1.0982596332481283,0.09090909090909091,0.10103966429757481,0.010130573388483902,0.11143630727332288,0.036424103426511034,890.0,1215.0,lean,2026-10-02T21:36:31+00:00,sgo_slate_alt_20261002T213627Z.json
STL@DAL,Wyatt Johnston,DAL,f1,PP1,G,over,1.5,fanduel,1000,True,0.603011816424362,0.48760967466448396,0.12289412635348143,0.0864700229269704,20.913031427503284,2348.4791666666665,,"fanduel@0.5,pinnacle@0.5,sgo_fair@0.5",v2,False,1.0982596332481283,0.09090909090909091,0.10103966429757481,0.010130573388483902,0.11143630727332288,0.036424103426511034,890.0,1215.0,lean,2026-10-02T21:36:31+00:00,sgo_slate_alt_20261002T213627Z.json
WSH@CAR,Tom Wilson,WSH,f1,PP1,G,over,1.5,draftkings,3000,False,0.29822745574003645,0.29251956416596253,0.036543189013407876,0.03528841715281423,18.257601622938086,2083.9066666666668,,"fanduel@0.5,pinnacle@0.5,sgo_fair@0.5",v2,False,1.0982596332481283,0.03225806451612903,0.03579032589705169,0.0035322613809226563,0.10950010280860223,0.0012547718605936467,2694.0,9168.0,pass,2026-10-02T21:36:31+00:00,sgo_slate_alt_20261002T213627Z.json
WSH@CAR,Jordan Kyrou,WSH,f3,PP2,A,over,0.5,fanduel,255,False,0.392438291773465,0.36233574721113215,0.3245919767020287,0.30395136778115506,14.636186494925454,1777.7216666666668,,sgo_fair@0.5,v2,False,1.1032038554164156,0.28169014084507044,0.31220761134950453,0.030517470504434097,0.10833702029074099,0.02064060892087366,220.0,248.0,BET,2026-10-02T21:36:31+00:00,sgo_slate_alt_20261002T213627Z.json
WSH@CAR,Anthony Beauvillier,WSH,f4,-,G,over,1.5,draftkings,9000,False,0.18795435808743288,0.1473247147568585,0.015598618431135323,0.009843054387916696,14.599139633956668,1764.6266666666668,,sgo_fair@0.5,v2,False,1.0982596332481283,0.01098901098901099,0.012145280005204147,0.0011562690161931576,0.10522048047357746,0.005755564043218628,8134.0,,pass,2026-10-02T21:36:31+00:00,sgo_slate_alt_20261002T213627Z.json
NYR@DET,Justin Faulk,DET,d3,PP2,SOG,over,2.5,draftkings,250,True,1.8667737673724571,2.031765832456246,0.28858059142220976,0.3313829616268763,19.45308564413804,2504.826666666667,,"draftkings@1.5,sgo_fair@2.0",v2,False,1.1182260686839482,0.2857142857142857,0.3142620135450097,0.028547727830724012,0.09991704740753393,-0.04280237020466654,218.0,246.0,BET,2026-10-02T21:36:31+00:00,sgo_slate_alt_20261002T213627Z.json
STL@DAL,Wyatt Johnston,DAL,f1,PP1,PTS,over,1.5,fanduel,285,True,1.1318578875101861,1.0087162381254149,0.31261727122495475,0.26744760204284596,20.913031427503284,2348.4791666666665,,"draftkings@0.5,pinnacle@0.5,sgo_fair@1.0",v2,False,1.0468644783193533,0.2597402597402597,0.2855154697156895,0.025775209975429758,0.0992345584054044,0.045169669182108796,250.0,284.0,BET,2026-10-02T21:36:31+00:00,sgo_slate_alt_20261002T213627Z.json
STL@DAL,Wyatt Johnston,DAL,f1,PP1,PTS,over,2.5,draftkings,1100,True,1.1318578875101861,1.0087162381254149,0.10608202689180203,0.08191162634061654,20.913031427503284,2348.4791666666665,,"draftkings@0.5,pinnacle@0.5,sgo_fair@1.0",v2,False,1.0468644783193533,0.08333333333333333,0.09157978656109073,0.008246453227757397,0.09895743873308871,0.024170400551185495,992.0,1402.0,pass,2026-10-02T21:36:31+00:00,sgo_slate_alt_20261002T213627Z.json
ANA@VGK,Mark Stone,VGK,f1,PP1,SOG,over,2.5,fanduel,178,True,2.4961662105507703,2.138155851079195,0.44837587405268964,0.35881080589943615,19.299075818445587,1741.9358333333332,,"draftkings@1.5,fanduel@1.5,pinnacle@1.5,sgo_fair@2.5",v2,False,1.1182260686839482,0.3597122302158273,0.39463683316073755,0.03492460294491023,0.09709039618685056,0.08956506815325349,153.0,171.0,BET,2026-10-02T21:36:31+00:00,sgo_slate_alt_20261002T213627Z.json
STL@DAL,Jason Robertson,DAL,f2,PP1,G,over,1.5,draftkings,1000,False,0.5802289691303372,0.49614242249956214,0.11543494266575478,0.0890364060674533,20.375929813628595,2317.33,,"fanduel@0.5,pinnacle@0.5,sgo_fair@0.5",v2,False,1.0982596332481283,0.09090909090909091,0.09959582070677389,0.00868672979768298,0.09555402777451283,0.026398536598301478,904.0,1241.0,pass,2026-10-02T21:36:31+00:00,sgo_slate_alt_20261002T213627Z.json
STL@DAL,Jimmy Snuggerud,STL,f1,PP1,G,over,1.5,draftkings,2500,False,0.3568889214047601,0.2982252871635192,0.05038097383092736,0.036542709055968556,17.487775105522008,1217.4199999999998,,"fanduel@0.5,sgo_fair@0.5",v2,False,1.0982596332481283,0.038461538461538464,0.04207801496595208,0.0036164765044136155,0.09402838911475397,0.013838264774958801,2277.0,5755.0,pass,2026-10-02T21:36:31+00:00,sgo_slate_alt_20261002T213627Z.json
ANA@VGK,Jack Eichel,VGK,f1,PP1,A,over,1.5,fanduel,360,True,0.9080834564009849,0.9412791226056558,0.23047677488998294,0.24265169967488537,20.597276930957293,2298.3541666666665,,"draftkings@0.5,pinnacle@0.5,sgo_fair@1.0",v2,False,1.1032038554164156,0.21739130434782608,0.2377817297609244,0.020390425413098323,0.09379595690025222,-0.012174924784902424,321.0,370.0,lean,2026-10-02T21:36:31+00:00,sgo_slate_alt_20261002T213627Z.json
WSH@CAR,Eric Robinson,CAR,f1,-,G,over,1.5,draftkings,8000,False,0.17810159621170082,0.17106440226932176,0.014096964052464139,0.013065220729000852,13.254105782600528,1231.1041666666667,,sgo_fair@0.5,v2,False,1.0982596332481283,0.012345679012345678,0.013477918058386166,0.0011322390460404876,0.09171136272927938,0.0010317433234632873,7320.0,,pass,2026-10-02T21:36:31+00:00,sgo_slate_alt_20261002T213627Z.json
WSH@CAR,Eric Robinson,CAR,f1,-,G,over,1.5,fanduel,8000,False,0.17810159621170082,0.17106440226932176,0.014096964052464139,0.013065220729000852,13.254105782600528,1231.1041666666667,,sgo_fair@0.5,v2,False,1.0982596332481283,0.012345679012345678,0.013477918058386166,0.0011322390460404876,0.09171136272927938,0.0010317433234632873,7320.0,,pass,2026-10-02T21:36:31+00:00,sgo_slate_alt_20261002T213627Z.json
BOS@WPG,Gabriel Vilardi,WPG,f2,PP1,G,over,1.5,fanduel,2000,True,0.4009921868498628,0.33642980761947217,0.061818166435433995,0.04536677699638784,17.433178488819145,2116.1,,"fanduel@0.5,pinnacle@0.5,sgo_fair@0.5",v2,False,1.0982596332481283,0.047619047619047616,0.051947332772006305,0.0043282851529586885,0.09089398821213246,0.016451389439046157,1825.0,3611.0,pass,2026-10-02T21:36:31+00:00,sgo_slate_alt_20261002T213627Z.json
BOS@WPG,Gabriel Vilardi,WPG,f2,PP1,G,over,1.5,draftkings,2000,False,0.4009921868498628,0.33642980761947217,0.061818166435433995,0.04536677699638784,17.433178488819145,2116.1,,"fanduel@0.5,pinnacle@0.5,sgo_fair@0.5",v2,False,1.0982596332481283,0.047619047619047616,0.051947332772006305,0.0043282851529586885,0.09089398821213246,0.016451389439046157,1825.0,3611.0,pass,2026-10-02T21:36:31+00:00,sgo_slate_alt_20261002T213627Z.json
NYR@DET,Justin Faulk,DET,d3,PP2,SOG,over,4.5,draftkings,1800,True,1.8667737673724571,2.031765832456246,0.0482031792082065,0.06355080294717239,19.45308564413804,2504.826666666667,,"draftkings@1.5,sgo_fair@2.0",v2,False,1.1182260686839482,0.05263157894736842,0.05741175345158603,0.00478017450421761,0.09082331558013457,-0.015347623738965886,1642.0,2985.0,pass,2026-10-02T21:36:31+00:00,sgo_slate_alt_20261002T213627Z.json
BOS@WPG,Morgan Geekie,BOS,f2,PP1,G,over,1.5,draftkings,2000,False,0.3637784026730305,0.3613053563390949,0.052112370308422404,0.051488434375749806,17.069132083690253,2012.4566666666665,,"fanduel@0.5,pinnacle@0.5,sgo_fair@0.5",v2,False,1.0982596332481283,0.047619047619047616,0.05173800874881884,0.004118961129771226,0.08649818372519569,0.000623935932672598,1833.0,3640.0,pass,2026-10-02T21:36:31+00:00,sgo_slate_alt_20261002T213627Z.json
ANA@VGK,Mikael Granlund,ANA,f2,PP1,SOG,over,2.5,fanduel,245,True,2.02184645794625,1.9313774661704575,0.3288153721310765,0.30535211126037193,18.703895528300663,1838.5333333333333,,"draftkings@1.5,fanduel@1.5,pinnacle@1.5,sgo_fair@2.0",v2,False,1.1182260686839482,0.2898550724637681,0.31473741560865376,0.024882343144885632,0.08584408384985553,0.02346326087070455,218.0,245.0,lean,2026-10-02T21:36:31+00:00,sgo_slate_alt_20261002T213627Z.json
ANA@VGK,Ivan Barbashev,VGK,f1,-,SOG,over,2.5,fanduel,285,True,1.8094396661884347,1.8618637450257456,0.27371736589210466,0.2873065377085843,16.2984941270241,1875.4308333333333,,"draftkings@1.5,pinnacle@1.5,sgo_fair@2.0",v2,False,1.1182260686839482,0.2597402597402597,0.28187086898199243,0.022130609241732713,0.08520284558067082,-0.013589171816479617,255.0,289.0,lean,2026-10-02T21:36:31+00:00,sgo_slate_alt_20261002T213627Z.json
NYR@DET,Andrew Copp,DET,f1,PP1,SOG,over,1.5,draftkings,110,False,2.026936226559812,1.5986603335453926,0.5892654326984315,0.4679088826204852,17.350846748956222,1679.7833333333333,,"draftkings@1.5,pinnacle@1.5,sgo_fair@1.5",v2,False,1.1182260686839482,0.47619047619047616,0.5164515026516636,0.040261026461187455,0.08454815556849371,0.12135655007794627,-107.0,103.0,data-check,2026-10-02T21:36:31+00:00,sgo_slate_alt_20261002T213627Z.json
NYR@DET,Justin Faulk,DET,d3,PP2,SOG,over,3.5,draftkings,650,True,1.8667737673724571,2.031765832456246,0.12710697772807406,0.1561252304427501,19.45308564413804,2504.826666666667,,"draftkings@1.5,sgo_fair@2.0",v2,False,1.1182260686839482,0.13333333333333333,0.14451792935687968,0.01118459602354635,0.0838844701765975,-0.029018252714676035,592.0,737.0,lean,2026-10-02T21:36:31+00:00,sgo_slate_alt_20261002T213627Z.json
NYR@DET,Michael Brandsegg-Nygård,DET,f3,PP2,G,over,0.5,draftkings,700,False,0.14804513727407442,0.14392609642115897,0.13760781196902608,0.13404825737265416,12.775611148853327,0.0,no NHL data: 85% of positional prior,sgo_fair@0.5,v2,False,1.0982596332481283,0.125,0.1354720792112029,0.010472079211202912,0.08377663368962329,0.0035595545963719166,638.0,805.0,lean,2026-10-02T21:36:31+00:00,sgo_slate_alt_20261002T213627Z.json
STL@DAL,Adam Jiricek,STL,d1,PP2,A,over,0.5,draftkings,550,False,0.2307690623613045,0.15088803419244204,0.20607720847916902,0.14005602240896375,20.25,0.0,no NHL data: 85% of positional prior,sgo_fair@0.5,v1,False,1.1032038554164156,0.15384615384615385,0.16646449683704587,0.012618342990892012,0.0820192294407982,0.06602118607020527,501.0,607.0,lean,2026-10-02T21:36:31+00:00,sgo_slate_alt_20261002T213627Z.json
WSH@CAR,Justin Sourdif,WSH,f4,-,G,over,1.5,fanduel,10000,False,0.1797248097654321,0.13461150074033124,0.014339801997447396,0.008286673156435933,14.063612842226537,1153.8858333333333,,sgo_fair@0.5,v2,False,1.0982596332481283,0.009900990099009901,0.010707924692840518,0.0008069345938306171,0.08150039397689235,0.006053128841011463,9239.0,,pass,2026-10-02T21:36:31+00:00,sgo_slate_alt_20261002T213627Z.json
WSH@CAR,Justin Sourdif,WSH,f4,-,G,over,1.5,draftkings,10000,False,0.1797248097654321,0.13461150074033124,0.014339801997447396,0.008286673156435933,14.063612842226537,1153.8858333333333,,sgo_fair@0.5,v2,False,1.0982596332481283,0.009900990099009901,0.010707924692840518,0.0008069345938306171,0.08150039397689235,0.006053128841011463,9239.0,,pass,2026-10-02T21:36:31+00:00,sgo_slate_alt_20261002T213627Z.json
BOS@WPG,Alex Iafallo,WPG,f4,-,G,over,1.5,draftkings,8000,False,0.20056486273374177,0.15226921172755295,0.017615694853378203,0.010480676934530994,15.322818754462446,1721.7808333333335,,sgo_fair@0.5,v2,False,1.0982596332481283,0.012345679012345678,0.013334684102069878,0.0009890050897241997,0.08010941226766022,0.007135017918847209,7399.0,,pass,2026-10-02T21:36:31+00:00,sgo_slate_alt_20261002T213627Z.json
ANA@VGK,Tomas Hertl,VGK,f3,PP1,G,over,1.5,fanduel,1900,False,0.3790225920442921,0.36519149246476756,0.056017461584626255,0.052470100333545364,14.758236776055922,1974.8158333333336,,"pinnacle@0.5,sgo_fair@0.5",v2,False,1.0982596332481283,0.05,0.053889044833977724,0.0038890448339777214,0.07778089667955457,0.003547361251080891,1756.0,3362.0,pass,2026-10-02T21:36:31+00:00,sgo_slate_alt_20261002T213627Z.json
STL@DAL,Robert Thomas,STL,f1,PP1,SOG,over,1.5,fanduel,-106,False,1.9685968464447192,1.840395320582499,0.5741283428875131,0.539311134836691,18.68804235636643,1845.6466666666668,,"draftkings@1.5,fanduel@1.5,pinnacle@1.5,sgo_fair@2.0",v2,False,1.1182260686839482,0.5145631067961165,0.5532380180570199,0.03867491126090339,0.07516067660137837,0.03481720805082211,-124.0,-112.0,BET,2026-10-02T21:36:31+00:00,sgo_slate_alt_20261002T213627Z.json
NYR@DET,Oliver Bjorkstrand,NYR,f2,PP2,SOG,over,2.5,fanduel,320,True,1.64419310790154,1.8021774046685863,0.23124603099013177,0.2718375294658144,13.833854577852438,1656.3891666666668,,"draftkings@1.5,fanduel@1.5,pinnacle@1.5,sgo_fair@2.0",v2,False,1.1182260686839482,0.23809523809523808,0.25560093007554135,0.017505691980303273,0.07352390631727368,-0.040591498475682636,291.0,334.0,lean,2026-10-02T21:36:31+00:00,sgo_slate_alt_20261002T213627Z.json
BOS@WPG,Mark Scheifele,WPG,f1,PP1,SOG,over,3.5,fanduel,375,True,2.5971355288162172,2.2523366202078225,0.2678329489678731,0.19790674273963432,19.993486037779117,2517.563333333333,,"draftkings@2.5,fanduel@2.5,pinnacle@2.5,sgo_fair@2.5",v2,False,1.1182260686839482,0.21052631578947367,0.22587722523092985,0.015350909441456173,0.07291681984691678,0.06992620622823875,343.0,398.0,lean,2026-10-02T21:36:31+00:00,sgo_slate_alt_20261002T213627Z.json
BOS@WPG,Casey Mittelstadt,BOS,f2,PP2,G,over,1.5,draftkings,6000,False,0.21804945491849567,0.18781607611160595,0.020583882233972197,0.015577087606145226,15.633227652822582,1712.975,,sgo_fair@0.5,v2,False,1.0982596332481283,0.01639344262295082,0.017579805457276013,0.001186362834325192,0.07236813289383681,0.005006794627826971,5588.0,,pass,2026-10-02T21:36:31+00:00,sgo_slate_alt_20261002T213627Z.json
WSH@CAR,Nikolaj Ehlers,CAR,f3,PP1,SOG,over,3.5,fanduel,325,True,2.7332428940508695,2.3770361799667477,0.2963036149883659,0.22269203031711635,16.96250861269781,1870.6825,,"draftkings@2.5,fanduel@2.5,pinnacle@2.5,sgo_fair@2.5",v2,False,1.1182260686839482,0.23529411764705882,0.2521366641856162,0.01684254653855738,0.07158082278886879,0.07361158467124954,297.0,340.0,lean,2026-10-02T21:36:31+00:00,sgo_slate_alt_20261002T213627Z.json
ANA@VGK,Mitch Marner,VGK,f2,PP1,SOG,over,2.5,fanduel,142,False,2.583127338622359,2.396786259523875,0.46922141467593154,0.42406501630517046,20.54836472665646,2414.8641666666667,,"draftkings@2.5,fanduel@2.5,sgo_fair@2.5",v2,False,1.1182260686839482,0.4132231404958678,0.4421275756534749,0.0289044351576071,0.06994873308140925,0.045156398370761075,126.0,140.0,BET,2026-10-02T21:36:31+00:00,sgo_slate_alt_20261002T213627Z.json
ANA@VGK,Beckett Sennecke,ANA,f2,PP1,A,over,0.5,draftkings,200,False,0.4517982855075325,0.4309502162525598,0.3635174554694432,0.35010873600803916,17.087583540737576,1430.5,,"draftkings@0.5,sgo_fair@0.5",v2,False,1.1032038554164156,0.3333333333333333,0.3554722237926008,0.02213889045926748,0.0664166713778025,0.01340871946140404,181.0,203.0,lean,2026-10-02T21:36:31+00:00,sgo_slate_alt_20261002T213627Z.json
STL@DAL,Mason McTavish,STL,f2,PP1,A,over,0.5,draftkings,235,False,0.31864495081586414,0.42837359890501314,0.27286632830255164,0.348432055749115,13.933970658700481,1726.1308333333334,,sgo_fair@0.5,v2,False,1.1032038554164156,0.29850746268656714,0.3182057647704897,0.019698302083922536,0.06598931198114033,-0.07556572744656337,214.0,241.0,lean,2026-10-02T21:36:31+00:00,sgo_slate_alt_20261002T213627Z.json
ANA@VGK,Mitch Marner,VGK,f2,PP1,SOG,over,3.5,fanduel,340,True,2.583127338622359,2.396786259523875,0.2649208847756823,0.22667847531295407,20.54836472665646,2414.8641666666667,,"draftkings@2.5,fanduel@2.5,sgo_fair@2.5",v2,False,1.1182260686839482,0.22727272727272727,0.24197543909804536,0.014702711825318099,0.06469193203139967,0.03824240946272825,313.0,361.0,lean,2026-10-02T21:36:31+00:00,sgo_slate_alt_20261002T213627Z.json
STL@DAL,Wyatt Johnston,DAL,f1,PP1,G,over,2.5,draftkings,6000,True,0.603011816424362,0.48760967466448396,0.023413858723139336,0.013465722935588828,20.913031427503284,2348.4791666666665,,"fanduel@0.5,pinnacle@0.5,sgo_fair@0.5",v2,False,1.0982596332481283,0.01639344262295082,0.017444977250609034,0.0010515346276582134,0.06414361228715104,0.009948135787550508,5632.0,,pass,2026-10-02T21:36:31+00:00,sgo_slate_alt_20261002T213627Z.json
STL@DAL,Wyatt Johnston,DAL,f1,PP1,G,over,2.5,fanduel,6000,True,0.603011816424362,0.48760967466448396,0.023413858723139336,0.013465722935588828,20.913031427503284,2348.4791666666665,,"fanduel@0.5,pinnacle@0.5,sgo_fair@0.5",v2,False,1.0982596332481283,0.01639344262295082,0.017444977250609034,0.0010515346276582134,0.06414361228715104,0.009948135787550508,5632.0,,pass,2026-10-02T21:36:31+00:00,sgo_slate_alt_20261002T213627Z.json
WSH@CAR,Alex Ovechkin,WSH,f2,PP1,SOG,over,3.5,fanduel,230,True,2.782643175743672,2.9073241681550663,0.306692363456606,0.33296046345331615,16.67895270691558,1949.2041666666667,,"draftkings@2.5,fanduel@2.5,pinnacle@2.5,sgo_fair@3.0",v2,False,1.1182260686839482,0.30303030303030304,0.3224532234546321,0.019422920424329082,0.0640956374002859,-0.026268099996710148,210.0,236.0,lean,2026-10-02T21:36:31+00:00,sgo_slate_alt_20261002T213627Z.json
BOS@WPG,Mark Scheifele,WPG,f1,PP1,G,over,1.5,fanduel,1600,True,0.4476689328940472,0.37275975592949234,0.07477127574987592,0.05440093576222983,19.993486037779117,2517.563333333333,,"fanduel@0.5,pinnacle@0.5,sgo_fair@0.5",v2,False,1.0982596332481283,0.058823529411764705,0.06254907175728827,0.0037255423455235664,0.06333421987390064,0.02037033998764609,1499.0,2563.0,pass,2026-10-02T21:36:31+00:00,sgo_slate_alt_20261002T213627Z.json
STL@DAL,Robert Thomas,STL,f1,PP1,SOG,over,2.5,draftkings,260,True,1.9685968464447192,1.840395320582499,0.3150124928596319,0.28173810231670665,18.68804235636643,1845.6466666666668,,"draftkings@1.5,fanduel@1.5,pinnacle@1.5,sgo_fair@2.0",v2,False,1.1182260686839482,0.2777777777777778,0.2950478585338767,0.017270080756098927,0.06217229072195618,0.03327439054292525,239.0,270.0,lean,2026-10-02T21:36:31+00:00,sgo_slate_alt_20261002T213627Z.json
ANA@VGK,Parker Wotherspoon,VGK,d2,-,PTS,over,0.5,draftkings,290,False,0.35060898990274836,0.2959364707252871,0.2957409275656562,0.2561653182029944,20.99249023943148,2080.0866666666666,,"draftkings@0.5,sgo_fair@0.5",v2,False,1.0468644783193533,0.2564102564102564,0.2719955619480591,0.015585305537802685,0.06078269159743033,0.0395756093626618,268.0,305.0,lean,2026-10-02T21:36:31+00:00,sgo_slate_alt_20261002T213627Z.json
BOS@WPG,Dylan Samberg,WPG,d2,-,PTS,over,0.5,draftkings,370,False,0.22829127443654854,0.27406279151106044,0.20410759704112263,0.23971566564015395,21.26107419623506,2010.9458333333334,,"draftkings@0.5,sgo_fair@0.5",v2,False,1.0468644783193533,0.2127659574468085,0.22547243820054141,0.012706480753732902,0.05972045954254468,-0.03560806859903132,344.0,399.0,lean,2026-10-02T21:36:31+00:00,sgo_slate_alt_20261002T213627Z.json
BOS@WPG,Mark Scheifele,WPG,f1,PP1,G,over,0.5,fanduel,220,False,0.4476689328940472,0.37275975592949234,0.36088376062578653,0.31116929954177786,19.993486037779117,2517.563333333333,,"fanduel@0.5,pinnacle@0.5,sgo_fair@0.5",v2,False,1.0982596332481283,0.3125,0.3310550839753813,0.018555083975381303,0.05937626872122026,0.049714461084008676,202.0,227.0,lean,2026-10-02T21:36:31+00:00,sgo_slate_alt_20261002T213627Z.json
STL@DAL,Nils Lundkvist,DAL,d2,-,A,over,0.5,draftkings,550,False,0.19777324873587968,0.16472268236858834,0.17944410586920573,0.1518711274317018,17.066073265131493,1120.4783333333332,,"draftkings@0.5,sgo_fair@0.5",v2,False,1.1032038554164156,0.15384615384615385,0.16290031880670336,0.009054164960549504,0.05885207224357192,0.02757297843750392,514.0,625.0,pass,2026-10-02T21:36:31+00:00,sgo_slate_alt_20261002T213627Z.json
STL@DAL,Pavel Buchnevich,STL,f2,PP2,G,over,1.5,draftkings,4000,False,0.24220184443414666,0.24906471932920501,0.024998586731938027,0.02631717748792535,16.403434835413165,2103.6908333333336,,"fanduel@0.5,sgo_fair@0.5",v2,False,1.0982596332481283,0.024390243902439025,0.025789741185530422,0.001399497283091397,0.057379388606747295,-0.0013185907559873228,3778.0,126524.0,pass,2026-10-02T21:36:31+00:00,sgo_slate_alt_20261002T213627Z.json
ANA@VGK,Alex Killorn,ANA,f2,PP2,G,over,1.5,fanduel,4500,False,0.22554780212432912,0.23527130344033034,0.021916146333633764,0.023695426840661237,18.20901908970822,2007.285,,sgo_fair@0.5,v2,False,1.0982596332481283,0.021739130434782608,0.022983714637850247,0.001244584203067639,0.05725087334111145,-0.0017792805070274732,4251.0,,pass,2026-10-02T21:36:31+00:00,sgo_slate_alt_20261002T213627Z.json
BOS@WPG,Elias Lindholm,BOS,f1,PP2,SOG,over,2.5,fanduel,260,True,1.8403675561848967,1.916815364727519,0.2817309035262916,0.3015712697440157,17.864457827843644,1916.9391666666668,,"draftkings@1.5,pinnacle@1.5,sgo_fair@2.0",v2,False,1.1182260686839482,0.2777777777777778,0.2936351232569261,0.0158573454791483,0.05708644372493388,-0.019840366217724115,241.0,272.0,lean,2026-10-02T21:36:31+00:00,sgo_slate_alt_20261002T213627Z.json
NYR@DET,Emmitt Finnie,DET,f2,PP2,SOG,over,2.5,draftkings,260,True,1.6890108136923874,2.0157096902464473,0.24268641983453684,0.32722623536214307,16.128041073700665,1271.0,,"draftkings@1.5,sgo_fair@2.0",v2,False,1.1182260686839482,0.2777777777777778,0.29341030915110056,0.015632531373322767,0.05627711294396209,-0.08453981552760623,241.0,273.0,lean,2026-10-02T21:36:31+00:00,sgo_slate_alt_20261002T213627Z.json
BOS@WPG,Mark Scheifele,WPG,f1,PP1,SOG,over,2.5,fanduel,150,False,2.5971355288162172,2.2523366202078225,0.47253948594672734,0.3879224850329229,19.993486037779117,2517.563333333333,,"draftkings@2.5,fanduel@2.5,pinnacle@2.5,sgo_fair@2.5",v2,False,1.1182260686839482,0.4,0.4217692853984447,0.021769285398444693,0.05442321349611179,0.08461700091380442,137.0,152.0,lean,2026-10-02T21:36:31+00:00,sgo_slate_alt_20261002T213627Z.json
BOS@WPG,Elias Lindholm,BOS,f1,PP2,SOG,over,1.5,draftkings,-110,False,1.8403675561848967,1.916815364727519,0.5393033632389284,0.5603226722796693,17.864457827843644,1916.9391666666668,,"draftkings@1.5,pinnacle@1.5,sgo_fair@2.0",v2,False,1.1182260686839482,0.5238095238095238,0.5519149486633729,0.028105424853849037,0.05365581108462103,-0.021019309040740897,-123.0,-111.0,BET,2026-10-02T21:36:31+00:00,sgo_slate_alt_20261002T213627Z.json
ANA@VGK,Braeden Bowman,VGK,f4,PP2,G,over,1.5,draftkings,6000,False,0.21400815482609853,0.18746295629438353,0.01988046953370028,0.0155221644397092,12.24312256075149,774.05,,sgo_fair@0.5,v2,False,1.0982596332481283,0.01639344262295082,0.017265486477305633,0.000872043854354812,0.053194675115643575,0.00435830509399108,5692.0,,pass,2026-10-02T21:36:31+00:00,sgo_slate_alt_20261002T213627Z.json
STL@DAL,Robert Thomas,STL,f1,PP1,SOG,over,3.5,draftkings,700,True,1.9685968464447192,1.840395320582499,0.14476021910756948,0.1226779578363058,18.68804235636643,1845.6466666666668,,"draftkings@1.5,fanduel@1.5,pinnacle@1.5,sgo_fair@2.0",v2,False,1.1182260686839482,0.125,0.13151086234481127,0.006510862344811269,0.05208689875849015,0.02208226127126367,660.0,839.0,pass,2026-10-02T21:36:31+00:00,sgo_slate_alt_20261002T213627Z.json
NYR@DET,Emmitt Finnie,DET,f2,PP2,SOG,over,3.5,draftkings,700,True,1.6890108136923874,2.0157096902464473,0.09852242879381932,0.15320828721894603,16.128041073700665,1271.0,,"draftkings@1.5,sgo_fair@2.0",v2,False,1.1182260686839482,0.125,0.13133394384889535,0.0063339438488953514,0.05067155079116281,-0.0546858584251267,661.0,840.0,pass,2026-10-02T21:36:31+00:00,sgo_slate_alt_20261002T213627Z.json
NYR@DET,Justin Faulk,DET,d3,PP2,SOG,over,1.5,draftkings,-120,False,1.8667737673724571,2.031765832456246,0.5466495951078266,0.5904988015015333,19.45308564413804,2504.826666666667,,"draftkings@1.5,sgo_fair@2.0",v2,False,1.1182260686839482,0.5454545454545454,0.5729591189440506,0.02750457348950519,0.05042505139742626,-0.04384920639370671,-134.0,-121.0,BET,2026-10-02T21:36:31+00:00,sgo_slate_alt_20261002T213627Z.json
STL@DAL,Jamie Benn,DAL,f3,PP2,G,over,1.5,fanduel,5000,False,0.22061261533723905,0.21588838043321676,0.021035343663846035,0.020206450719039457,13.688465447375988,1348.1950000000002,,sgo_fair@0.5,v2,False,1.0982596332481283,0.0196078431372549,0.02053800789696209,0.0009301647597071867,0.0474384027450665,0.0008288929448065779,4769.0,,pass,2026-10-02T21:36:31+00:00,sgo_slate_alt_20261002T213627Z.json
STL@DAL,Jamie Benn,DAL,f3,PP2,G,over,1.5,draftkings,5000,False,0.22061261533723905,0.21588838043321676,0.021035343663846035,0.020206450719039457,13.688465447375988,1348.1950000000002,,sgo_fair@0.5,v2,False,1.0982596332481283,0.0196078431372549,0.02053800789696209,0.0009301647597071867,0.0474384027450665,0.0008288929448065779,4769.0,,pass,2026-10-02T21:36:31+00:00,sgo_slate_alt_20261002T213627Z.json
BOS@WPG,Gabriel Vilardi,WPG,f2,PP1,A,over,0.5,draftkings,175,False,0.5572470993985505,0.4307410313060663,0.42721628794521643,0.349972774318681,17.433178488819145,2116.1,,"draftkings@0.5,pinnacle@0.5,sgo_fair@0.5",v2,False,1.1032038554164156,0.36363636363636365,0.38087017976929516,0.017233816132931512,0.04739299436556177,0.07724351362653542,163.0,181.0,lean,2026-10-02T21:36:31+00:00,sgo_slate_alt_20261002T213627Z.json
BOS@WPG,Elias Lindholm,BOS,f1,PP2,G,over,1.5,fanduel,4000,False,0.2806122740216997,0.21873286050795435,0.03272648197522383,0.020703850790497035,17.864457827843644,1916.9391666666668,,sgo_fair@0.5,v2,False,1.0982596332481283,0.024390243902439025,0.02551290326438775,0.001122659361948726,0.04602903383989787,0.012022631184726792,3820.0,194869.0,pass,2026-10-02T21:36:31+00:00,sgo_slate_alt_20261002T213627Z.json
BOS@WPG,Cole Perfetti,WPG,f1,PP1,SOG,over,2.5,fanduel,185,True,2.3304469153221623,2.0645202280148043,0.40757497265226583,0.33985065883261795,16.53972973493684,1622.8166666666666,,"draftkings@1.5,fanduel@1.5,pinnacle@1.5,sgo_fair@2.0",v2,False,1.1182260686839482,0.3508771929824561,0.3669403843604771,0.01606319137802098,0.045780095427359724,0.06772431381964789,173.0,192.0,lean,2026-10-02T21:36:31+00:00,sgo_slate_alt_20261002T213627Z.json
STL@DAL,Nils Lundkvist,DAL,d2,-,PTS,over,0.5,draftkings,380,False,0.2314576539480797,0.2547152934066916,0.206623708854585,0.22486284679317484,17.066073265131493,1120.4783333333332,,"draftkings@0.5,sgo_fair@0.5",v2,False,1.0468644783193533,0.20833333333333334,0.2175671916177389,0.009233858284405566,0.04432251976514667,-0.018239137938589833,360.0,419.0,pass,2026-10-02T21:36:31+00:00,sgo_slate_alt_20261002T213627Z.json
STL@DAL,Jimmy Snuggerud,STL,f1,PP1,G,over,0.5,fanduel,280,False,0.3568889214047601,0.2982252871635192,0.3001497682021377,0.2578658723794538,17.487775105522008,1217.4199999999998,,"fanduel@0.5,sgo_fair@0.5",v2,False,1.0982596332481283,0.2631578947368421,0.2747794307085274,0.011621535971685304,0.044161836692404144,0.04228389582268388,264.0,300.0,lean,2026-10-02T21:36:31+00:00,sgo_slate_alt_20261002T213627Z.json
BOS@WPG,Pavel Zacha,BOS,f2,PP1,SOG,over,2.5,fanduel,275,True,1.7760021865992446,1.8619368753868921,0.26506926803537795,0.2873255123957999,16.867313130617127,2032.8025,,"draftkings@1.5,fanduel@1.5,pinnacle@1.5,sgo_fair@2.0",v2,False,1.1182260686839482,0.26666666666666666,0.2784230146516311,0.011756347984964444,0.04408630494361665,-0.02225624436042195,259.0,295.0,lean,2026-10-02T21:36:31+00:00,sgo_slate_alt_20261002T213627Z.json
BOS@WPG,Elias Lindholm,BOS,f1,PP2,SOG,over,3.5,draftkings,700,True,1.8403675561848967,1.916815364727519,0.12267332883983766,0.13567532388972725,17.864457827843644,1916.9391666666668,,"draftkings@1.5,pinnacle@1.5,sgo_fair@2.0",v2,False,1.1182260686839482,0.125,0.13047452586977143,0.005474525869771429,0.043796206958171435,-0.013001995049889595,666.0,848.0,pass,2026-10-02T21:36:31+00:00,sgo_slate_alt_20261002T213627Z.json
ANA@VGK,Jack Eichel,VGK,f1,PP1,A,over,0.5,fanduel,-138,False,0.9080834564009849,0.9412791226056558,0.5967035810050537,0.6098715061085219,20.597276930957293,2298.3541666666665,,"draftkings@0.5,pinnacle@0.5,sgo_fair@1.0",v2,False,1.1032038554164156,0.5798319327731093,0.6046043360671347,0.024772403294025414,0.04272342017375408,-0.013167925103468203,-153.0,-138.0,lean,2026-10-02T21:36:31+00:00,sgo_slate_alt_20261002T213627Z.json
BOS@WPG,Elias Lindholm,BOS,f1,PP2,SOG,over,2.5,draftkings,255,True,1.8403675561848967,1.916815364727519,0.2817309035262916,0.3015712697440157,17.864457827843644,1916.9391666666668,,"draftkings@1.5,pinnacle@1.5,sgo_fair@2.0",v2,False,1.1182260686839482,0.28169014084507044,0.2936351232569261,0.011944982411855654,0.042404687562087595,-0.019840366217724115,241.0,272.0,lean,2026-10-02T21:36:31+00:00,sgo_slate_alt_20261002T213627Z.json
STL@DAL,Wyatt Johnston,DAL,f1,PP1,PTS,over,1.5,draftkings,265,True,1.1318578875101861,1.0087162381254149,0.31261727122495475,0.26744760204284596,20.913031427503284,2348.4791666666665,,"draftkings@0.5,pinnacle@0.5,sgo_fair@1.0",v2,False,1.0468644783193533,0.273972602739726,0.2855154697156895,0.011542866975963462,0.042131464462266566,0.045169669182108796,250.0,284.0,lean,2026-10-02T21:36:31+00:00,sgo_slate_alt_20261002T213627Z.json
ANA@VGK,Parker Wotherspoon,VGK,d2,-,A,over,0.5,draftkings,330,False,0.33002241625751944,0.24386481290597925,0.2810923819669952,0.21640644116100383,20.99249023943148,2080.0866666666666,,"draftkings@0.5,sgo_fair@0.5",v2,False,1.1032038554164156,0.23255813953488372,0.24228081748340036,0.00972267794851664,0.04180751517862147,0.06468594080599138,313.0,360.0,pass,2026-10-02T21:36:31+00:00,sgo_slate_alt_20261002T213627Z.json
NYR@DET,Emmitt Finnie,DET,f2,PP2,SOG,over,2.5,fanduel,255,True,1.6890108136923874,2.0157096902464473,0.24268641983453684,0.32722623536214307,16.128041073700665,1271.0,,"draftkings@1.5,sgo_fair@2.0",v2,False,1.1182260686839482,0.28169014084507044,0.29341030915110056,0.011720168306030121,0.04160659748640683,-0.08453981552760623,241.0,273.0,lean,2026-10-02T21:36:31+00:00,sgo_slate_alt_20261002T213627Z.json
STL@DAL,Jason Robertson,DAL,f2,PP1,PTS,over,1.5,fanduel,200,False,1.2879148227988864,1.1867280039483117,0.3688892884886504,0.3325705849000198,20.375929813628595,2317.33,,"draftkings@1.5,pinnacle@1.5,sgo_fair@1.0",v2,False,1.0468644783193533,0.3333333333333333,0.347098066335472,0.013764733002138707,0.041294199006415955,0.036318703588630596,188.0,210.0,lean,2026-10-02T21:36:31+00:00,sgo_slate_alt_20261002T213627Z.json
BOS@WPG,Cole Perfetti,WPG,f1,PP1,SOG,over,3.5,fanduel,470,True,2.3304469153221623,2.0645202280148043,0.21335055227925676,0.16213294899589814,16.53972973493684,1622.8166666666666,,"draftkings@1.5,fanduel@1.5,pinnacle@1.5,sgo_fair@2.0",v2,False,1.1182260686839482,0.17543859649122806,0.1826199903092416,0.007181393818013526,0.04093394476267709,0.051217603283358615,448.0,534.0,pass,2026-10-02T21:36:31+00:00,sgo_slate_alt_20261002T213627Z.json
ANA@VGK,Tomas Hertl,VGK,f3,PP1,SOG,over,3.5,fanduel,330,True,2.6466105220211182,2.353751697418152,0.27814866401759086,0.21801203296446994,14.758236776055922,1974.8158333333336,,"draftkings@2.5,fanduel@2.5,pinnacle@2.5,sgo_fair@2.5",v2,False,1.1182260686839482,0.23255813953488372,0.2420666853857183,0.009508545850834577,0.04088674715858853,0.06013663105312092,313.0,361.0,pass,2026-10-02T21:36:31+00:00,sgo_slate_alt_20261002T213627Z.json
STL@DAL,Miro Heiskanen,DAL,d1,PP1,SOG,under,2.5,draftkings,-160,False,1.8688868290955494,2.3397194152326795,0.7108710630539367,0.5901084846091142,25.972927915823785,2527.524166666667,,"draftkings@2.5,fanduel@2.5,pinnacle@2.5,sgo_fair@2.5",v2,False,1.1182260686839482,0.6153846153846154,0.6384135159870432,0.023028900602427793,0.03742196347894522,0.12076257844482241,-177.0,-159.0,data-check,2026-10-02T21:36:31+00:00,sgo_slate_alt_20261002T213627Z.json
STL@DAL,Dylan Holloway,STL,f1,PP1,G,over,0.5,fanduel,275,False,0.375225551915182,0.2903861156443335,0.31286572314099476,0.25202529292059406,18.08848697930289,1659.9508333333333,,"fanduel@0.5,pinnacle@0.5,sgo_fair@0.5",v2,False,1.0982596332481283,0.26666666666666666,0.27636146500875436,0.009694798342087696,0.03635549378282876,0.0608404302204007,262.0,298.0,pass,2026-10-02T21:36:31+00:00,sgo_slate_alt_20261002T213627Z.json
WSH@CAR,Andrei Svechnikov,CAR,f1,PP1,A,over,0.5,draftkings,160,False,0.58004376496352,0.4634572330472525,0.4401261368299865,0.3708950808220832,17.174841336373092,1912.6491666666668,,"draftkings@0.5,pinnacle@0.5,sgo_fair@0.5",v2,False,1.1032038554164156,0.38461538461538464,0.39858750322524455,0.013972118609859918,0.03632750838563581,0.0692310560079033,151.0,168.0,lean,2026-10-02T21:36:31+00:00,sgo_slate_alt_20261002T213627Z.json
BOS@WPG,Gabriel Vilardi,WPG,f2,PP1,A,over,0.5,fanduel,172,False,0.5572470993985505,0.4307410313060663,0.42721628794521643,0.349972774318681,17.433178488819145,2116.1,,"draftkings@0.5,pinnacle@0.5,sgo_fair@0.5",v2,False,1.1032038554164156,0.36764705882352944,0.38087017976929516,0.01322312094576572,0.03596688897248268,0.07724351362653542,163.0,181.0,lean,2026-10-02T21:36:31+00:00,sgo_slate_alt_20261002T213627Z.json
BOS@WPG,Gabriel Vilardi,WPG,f2,PP1,SOG,over,2.5,fanduel,220,True,2.239414705371673,1.8449681368386326,0.3846490759555141,0.28292385111453033,17.433178488819145,2116.1,,"draftkings@1.5,fanduel@1.5,pinnacle@1.5,sgo_fair@1.5",v2,False,1.1182260686839482,0.3125,0.32361394105092384,0.011113941050923837,0.03556461136295641,0.10172522484098379,209.0,235.0,lean,2026-10-02T21:36:31+00:00,sgo_slate_alt_20261002T213627Z.json
WSH@CAR,Alex Tuch,WSH,f1,PP2,A,over,0.5,fanduel,235,False,0.35335083653606847,0.3804638059027471,0.2976692531378549,0.3164556962025316,19.394777971531802,2210.999166666667,,sgo_fair@0.5,v2,False,1.1032038554164156,0.29850746268656714,0.30894111897666093,0.010433656290093796,0.034952748571814185,-0.018786443064676694,224.0,252.0,lean,2026-10-02T21:36:31+00:00,sgo_slate_alt_20261002T213627Z.json
STL@DAL,Tyler Seguin,DAL,f2,PP2,SOG,over,2.5,fanduel,245,True,1.9165343465270064,1.9059648071166382,0.3014983052993566,0.29875400282172787,14.963038356186521,595.2091666666668,,"draftkings@1.5,fanduel@1.5,pinnacle@1.5,sgo_fair@2.0",v2,False,1.1182260686839482,0.2898550724637681,0.29985172381277936,0.009996651349011232,0.03448844715408894,0.002744302477628746,233.0,264.0,pass,2026-10-02T21:36:31+00:00,sgo_slate_alt_20261002T213627Z.json
STL@DAL,Robert Thomas,STL,f1,PP1,SOG,over,1.5,draftkings,-115,False,1.9685968464447192,1.840395320582499,0.5741283428875131,0.539311134836691,18.68804235636643,1845.6466666666668,,"draftkings@1.5,fanduel@1.5,pinnacle@1.5,sgo_fair@2.0",v2,False,1.1182260686839482,0.5348837209302325,0.5532380180570199,0.018354297126787378,0.03431455549790674,0.03481720805082211,-124.0,-112.0,lean,2026-10-02T21:36:31+00:00,sgo_slate_alt_20261002T213627Z.json
WSH@CAR,Jordan Kyrou,WSH,f3,PP2,PTS,over,0.5,draftkings,135,False,0.6041938599434422,0.5639354490799648,0.45348518340697297,0.4310344827586354,14.636186494925454,1777.7216666666668,,sgo_fair@0.5,v2,False,1.0468644783193533,0.425531914893617,0.4400147630179704,0.014482848124353354,0.034034693092230395,0.022450700648337596,127.0,141.0,lean,2026-10-02T21:36:31+00:00,sgo_slate_alt_20261002T213627Z.json
WSH@CAR,Nikolaj Ehlers,CAR,f3,PP1,SOG,over,3.5,draftkings,310,True,2.7332428940508695,2.3770361799667477,0.2963036149883659,0.22269203031711635,16.96250861269781,1870.6825,,"draftkings@2.5,fanduel@2.5,pinnacle@2.5,sgo_fair@2.5",v2,False,1.1182260686839482,0.24390243902439024,0.2521366641856162,0.008234225161225961,0.033760323161026395,0.07361158467124954,297.0,340.0,pass,2026-10-02T21:36:31+00:00,sgo_slate_alt_20261002T213627Z.json
BOS@WPG,Morgan Geekie,BOS,f2,PP1,SOG,over,2.5,fanduel,185,True,2.205830514716359,2.1183823514688873,0.37611459392829294,0.3537313887854723,17.069132083690253,2012.4566666666665,,"draftkings@1.5,fanduel@1.5,pinnacle@1.5,sgo_fair@2.0",v2,False,1.1182260686839482,0.3508771929824561,0.3626846708426006,0.011807477860144466,0.033651311901411685,0.02238320514282066,176.0,196.0,lean,2026-10-02T21:36:31+00:00,sgo_slate_alt_20261002T213627Z.json
WSH@CAR,Cole Hutson,WSH,d2,PP2,A,over,0.5,draftkings,235,False,0.4181203128908867,0.33692427261136637,0.34171697627335657,0.2860370955980558,18.499433137340223,244.4,,"draftkings@0.5,sgo_fair@0.5",v2,False,1.1032038554164156,0.29850746268656714,0.3083090478681761,0.009801585181608952,0.032835310358389824,0.055679880675300775,224.0,253.0,pass,2026-10-02T21:36:31+00:00,sgo_slate_alt_20261002T213627Z.json
ANA@VGK,Mikael Granlund,ANA,f2,PP1,SOG,over,1.5,fanduel,-125,False,2.02184645794625,1.9313774661704575,0.587962361397377,0.5642403662488612,18.703895528300663,1838.5333333333333,,"draftkings@1.5,fanduel@1.5,pinnacle@1.5,sgo_fair@2.0",v2,False,1.1182260686839482,0.5555555555555556,0.5737291643082675,0.0181736087527119,0.03271249575488144,0.023721995148515806,-135.0,-122.0,lean,2026-10-02T21:36:31+00:00,sgo_slate_alt_20261002T213627Z.json
WSH@CAR,Alex Ovechkin,WSH,f2,PP1,SOG,over,4.5,fanduel,500,True,2.782643175743672,2.9073241681550663,0.16026960909173002,0.17981329671302654,16.67895270691558,1949.2041666666667,,"draftkings@2.5,fanduel@2.5,pinnacle@2.5,sgo_fair@3.0",v2,False,1.1182260686839482,0.16666666666666666,0.17199582166450794,0.0053291549978412844,0.03197492998704776,-0.019543687621296518,481.0,580.0,pass,2026-10-02T21:36:31+00:00,sgo_slate_alt_20261002T213627Z.json
STL@DAL,Wyatt Johnston,DAL,f1,PP1,G,over,0.5,fanduel,150,False,0.603011816424362,0.48760967466448396,0.45283879715686115,0.38590747786104074,20.913031427503284,2348.4791666666665,,"fanduel@0.5,pinnacle@0.5,sgo_fair@0.5",v2,False,1.0982596332481283,0.4,0.4126800055793689,0.01268000557936888,0.031700013948422257,0.06693131929582041,142.0,158.0,lean,2026-10-02T21:36:31+00:00,sgo_slate_alt_20261002T213627Z.json
STL@DAL,Tyler Seguin,DAL,f2,PP2,G,over,1.5,draftkings,2800,False,0.3170874877270537,0.27718042036682194,0.04080859664381231,0.032002300975222345,14.963038356186521,595.2091666666668,,"fanduel@0.5,pinnacle@0.5,sgo_fair@0.5",v2,False,1.0982596332481283,0.034482758620689655,0.03552481924265834,0.0010420606219686823,0.03021975803709176,0.008806295668589967,2715.0,9401.0,pass,2026-10-02T21:36:31+00:00,sgo_slate_alt_20261002T213627Z.json
WSH@CAR,Jackson Blake,CAR,f2,PP1,G,over,1.5,draftkings,2200,False,0.3596576157515995,0.3159628297058096,0.05107422830429747,0.04054920052796964,17.175685133360474,1856.5166666666667,,"pinnacle@0.5,sgo_fair@0.5",v2,False,1.0982596332481283,0.043478260869565216,0.04475921163850077,0.001280950768935557,0.02946186768551784,0.010525027776327828,2134.0,4961.0,pass,2026-10-02T21:36:31+00:00,sgo_slate_alt_20261002T213627Z.json
NYR@DET,Andrew Copp,DET,f1,PP1,SOG,over,0.5,draftkings,-380,True,2.026936226559812,1.5986603335453926,0.8562613157391983,0.7864264246413335,17.350846748956222,1679.7833333333333,,"draftkings@1.5,pinnacle@1.5,sgo_fair@1.5",v2,False,1.1182260686839482,0.7916666666666666,0.8143603810804794,0.022693714413812738,0.028665744522710757,0.06983489109786478,-439.0,-375.0,lean,2026-10-02T21:36:31+00:00,sgo_slate_alt_20261002T213627Z.json
NYR@DET,Emmitt Finnie,DET,f2,PP2,SOG,over,1.5,draftkings,-115,False,1.6890108136923874,2.0157096902464473,0.4954611231552626,0.5863867845771622,16.128041073700665,1271.0,,"draftkings@1.5,sgo_fair@2.0",v2,False,1.1182260686839482,0.5348837209302325,0.5500165200084024,0.01513279907816989,0.02829175479831747,-0.09092566142189962,-122.0,-111.0,lean,2026-10-02T21:36:31+00:00,sgo_slate_alt_20261002T213627Z.json
BOS@WPG,Mark Scheifele,WPG,f1,PP1,PTS,over,1.5,fanduel,240,True,1.2270466303864844,1.0181523897702545,0.34712546448708886,0.2709186452344387,19.993486037779117,2517.563333333333,,"draftkings@0.5,pinnacle@0.5,sgo_fair@1.5",v2,False,1.0468644783193533,0.29411764705882354,0.30140137293549873,0.0072837258766751956,0.024764667980695654,0.07620681925265016,232.0,262.0,pass,2026-10-02T21:36:31+00:00,sgo_slate_alt_20261002T213627Z.json
STL@DAL,Robert Thomas,STL,f1,PP1,PTS,over,0.5,draftkings,-150,False,0.944670480887935,0.960198041227617,0.6111923306468807,0.6171829350939755,18.68804235636643,1845.6466666666668,,"draftkings@0.5,pinnacle@0.5,sgo_fair@1.0",v2,False,1.0468644783193533,0.6,0.6147866933151376,0.0147866933151376,0.02464448885856263,-0.005990604447094761,-160.0,-144.0,lean,2026-10-02T21:36:31+00:00,sgo_slate_alt_20261002T213627Z.json
WSH@CAR,Alex Ovechkin,WSH,f2,PP1,SOG,over,2.5,fanduel,-108,False,2.782643175743672,2.9073241681550663,0.5153586163788186,0.5428915729202373,16.67895270691558,1949.2041666666667,,"draftkings@2.5,fanduel@2.5,pinnacle@2.5,sgo_fair@3.0",v2,False,1.1182260686839482,0.5192307692307693,0.5318783903036698,0.012647621072900517,0.02435838132558632,-0.02753295654141863,-114.0,-103.0,lean,2026-10-02T21:36:31+00:00,sgo_slate_alt_20261002T213627Z.json
WSH@CAR,Nikolaj Ehlers,CAR,f3,PP1,SOG,over,2.5,fanduel,126,False,2.7332428940508695,2.3770361799667477,0.5041662891494677,0.41917641123091304,16.96250861269781,1870.6825,,"draftkings@2.5,fanduel@2.5,pinnacle@2.5,sgo_fair@2.5",v2,False,1.1182260686839482,0.4424778761061947,0.4531723623983349,0.010694486292140204,0.024169539020236774,0.08498987791855467,121.0,134.0,lean,2026-10-02T21:36:31+00:00,sgo_slate_alt_20261002T213627Z.json
ANA@VGK,Tomas Hertl,VGK,f3,PP1,G,over,1.5,draftkings,1800,False,0.3790225920442921,0.36519149246476756,0.056017461584626255,0.052470100333545364,14.758236776055922,1974.8158333333336,,"pinnacle@0.5,sgo_fair@0.5",v2,False,1.0982596332481283,0.05263157894736842,0.053889044833977724,0.001257465886609306,0.02389185184557685,0.003547361251080891,1756.0,3362.0,pass,2026-10-02T21:36:31+00:00,sgo_slate_alt_20261002T213627Z.json
WSH@CAR,Pierre-Luc Dubois,WSH,f1,PP1,A,over,0.5,draftkings,200,False,0.4641199984436695,0.3868394419681578,0.3713118916540747,0.32079986279014727,16.026006939520308,1126.1958333333334,,"draftkings@0.5,pinnacle@0.5,sgo_fair@0.5",v2,False,1.1032038554164156,0.3333333333333333,0.34100467433571824,0.007671341002384924,0.023014023007154716,0.050512028863927416,193.0,216.0,pass,2026-10-02T21:36:31+00:00,sgo_slate_alt_20261002T213627Z.json
BOS@WPG,Gabriel Vilardi,WPG,f2,PP1,A,over,1.5,draftkings,1100,True,0.5572470993985505,0.4307410313060663,0.10803422581995376,0.06997937675168836,17.433178488819145,2116.1,,"draftkings@0.5,pinnacle@0.5,sgo_fair@0.5",v2,False,1.1032038554164156,0.08333333333333333,0.08520131637899452,0.0018679830456611868,0.02241579654793413,0.038054849068265395,1074.0,1561.0,pass,2026-10-02T21:36:31+00:00,sgo_slate_alt_20261002T213627Z.json
NYR@DET,Oliver Bjorkstrand,NYR,f2,PP2,SOG,over,1.5,fanduel,100,False,1.64419310790154,1.8021774046685863,0.4819205148238117,0.5285189505180953,13.833854577852438,1656.3891666666668,,"draftkings@1.5,fanduel@1.5,pinnacle@1.5,sgo_fair@2.0",v2,False,1.1182260686839482,0.5,0.5098795762403818,0.009879576240381827,0.019759152480763653,-0.04659843569428357,-104.0,106.0,pass,2026-10-02T21:36:31+00:00,sgo_slate_alt_20261002T213627Z.json
WSH@CAR,Nikolaj Ehlers,CAR,f3,PP1,SOG,over,2.5,draftkings,125,False,2.7332428940508695,2.3770361799667477,0.5041662891494677,0.41917641123091304,16.96250861269781,1870.6825,,"draftkings@2.5,fanduel@2.5,pinnacle@2.5,sgo_fair@2.5",v2,False,1.1182260686839482,0.4444444444444444,0.4531723623983349,0.008727917953890496,0.019637815396253533,0.08498987791855467,121.0,134.0,pass,2026-10-02T21:36:31+00:00,sgo_slate_alt_20261002T213627Z.json
STL@DAL,Thomas Harley,DAL,d1,PP2,A,over,0.5,draftkings,185,False,0.5224471653567565,0.3905438719999929,0.4069325633916087,0.32331125766081636,23.654813514126516,2434.6675,,"draftkings@0.5,pinnacle@0.5,sgo_fair@0.5",v2,False,1.1032038554164156,0.3508771929824561,0.35675977995313335,0.005882586970677228,0.016765372866430095,0.08362130573079235,180.0,201.0,pass,2026-10-02T21:36:31+00:00,sgo_slate_alt_20261002T213627Z.json
STL@DAL,Roope Hintz,DAL,f2,PP1,PTS,over,1.5,fanduel,320,True,0.8810679610010661,0.9786253889557811,0.22059796966572748,0.2563784428859061,16.249302644351516,1496.78,,"draftkings@0.5,pinnacle@0.5,sgo_fair@1.0",v2,False,1.0468644783193533,0.23809523809523808,0.24206625359783468,0.003971015502596598,0.016678265110905643,-0.03578047322017863,313.0,361.0,pass,2026-10-02T21:36:31+00:00,sgo_slate_alt_20261002T213627Z.json
BOS@WPG,Gabriel Vilardi,WPG,f2,PP1,PTS,over,1.5,draftkings,425,True,0.9243900297485824,0.7259624982274028,0.23645329188764358,0.1648781472695755,17.433178488819145,2116.1,,"draftkings@0.5,pinnacle@0.5,sgo_fair@0.5",v2,False,1.0468644783193533,0.19047619047619047,0.19350820511680272,0.0030320146406122572,0.015918076863214337,0.07157514461806808,417.0,493.0,pass,2026-10-02T21:36:31+00:00,sgo_slate_alt_20261002T213627Z.json
ANA@VGK,Tomas Hertl,VGK,f3,PP1,SOG,over,2.5,fanduel,130,False,2.6466105220211182,2.353751697418152,0.4841662167843938,0.4133901489439886,14.758236776055922,1974.8158333333336,,"draftkings@2.5,fanduel@2.5,pinnacle@2.5,sgo_fair@2.5",v2,False,1.1182260686839482,0.43478260869565216,0.4417005760801507,0.0069179673844985135,0.015911324984346553,0.07077606784040519,126.0,140.0,pass,2026-10-02T21:36:31+00:00,sgo_slate_alt_20261002T213627Z.json
BOS@WPG,Kyle Connor,WPG,f1,PP1,G,over,0.5,fanduel,170,False,0.517040850108858,0.44288330625631395,0.4037175710657354,0.3578178586462669,19.93354117554885,2516.0816666666665,,"fanduel@0.5,pinnacle@0.5,sgo_fair@0.5",v2,False,1.0982596332481283,0.37037037037037035,0.3761777436140543,0.0058073732436839665,0.01567990775794681,0.0458997124194685,166.0,185.0,pass,2026-10-02T21:36:31+00:00,sgo_slate_alt_20261002T213627Z.json
NYR@DET,Nate Danielson,DET,f3,-,PTS,over,0.5,draftkings,310,False,0.2739494641685667,0.291816705742763,0.2396294997546181,0.25309457309723626,11.761713412247646,309.48333333333335,,"draftkings@0.5,sgo_fair@0.5",v2,False,1.0468644783193533,0.24390243902439024,0.247708543760189,0.00380610473579876,0.015605029416774885,-0.01346507334261815,304.0,349.0,pass,2026-10-02T21:36:31+00:00,sgo_slate_alt_20261002T213627Z.json
WSH@CAR,Sebastian Aho,CAR,f1,PP1,G,over,1.5,draftkings,1800,False,0.3660600765340728,0.370962896071904,0.052690423088426315,0.05394025758224664,19.607974986022285,2284.8791666666666,,"pinnacle@0.5,sgo_fair@0.5",v2,False,1.0982596332481283,0.05263157894736842,0.05344032378471851,0.0008087448373500922,0.015366151909651737,-0.0012498344938203232,1771.0,3416.0,pass,2026-10-02T21:36:31+00:00,sgo_slate_alt_20261002T213627Z.json
ANA@VGK,Mikael Granlund,ANA,f2,PP1,SOG,over,1.5,draftkings,-130,False,2.02184645794625,1.9313774661704575,0.587962361397377,0.5642403662488612,18.703895528300663,1838.5333333333333,,"draftkings@1.5,fanduel@1.5,pinnacle@1.5,sgo_fair@2.0",v2,False,1.1182260686839482,0.5652173913043478,0.5737291643082675,0.008511773003919698,0.01505929069924239,0.023721995148515806,-135.0,-122.0,pass,2026-10-02T21:36:31+00:00,sgo_slate_alt_20261002T213627Z.json
STL@DAL,Jimmy Snuggerud,STL,f1,PP1,SOG,over,3.5,fanduel,325,True,2.5139109943810083,2.417232982071554,0.2505987736283995,0.2308210290205985,17.487775105522008,1217.4199999999998,,"draftkings@2.5,fanduel@2.5,sgo_fair@2.5",v2,False,1.1182260686839482,0.23529411764705882,0.23873212686371892,0.0034380092166600984,0.014611539170805488,0.01977774460780099,319.0,368.0,pass,2026-10-02T21:36:31+00:00,sgo_slate_alt_20261002T213627Z.json
STL@DAL,Wyatt Johnston,DAL,f1,PP1,PTS,over,0.5,draftkings,-180,False,1.1318578875101861,1.0087162381254149,0.6775663458609593,0.6353131497354794,20.913031427503284,2348.4791666666665,,"draftkings@0.5,pinnacle@0.5,sgo_fair@1.0",v2,False,1.0468644783193533,0.6428571428571429,0.6522144281856713,0.00935728532852842,0.014555777177710949,0.04225319612547995,-188.0,-168.0,pass,2026-10-02T21:36:31+00:00,sgo_slate_alt_20261002T213627Z.json
STL@DAL,Robert Thomas,STL,f1,PP1,PTS,over,1.5,draftkings,310,True,0.944670480887935,0.960198041227617,0.2438972026661525,0.24960273922270568,18.68804235636643,1845.6466666666668,,"draftkings@0.5,pinnacle@0.5,sgo_fair@1.0",v2,False,1.0468644783193533,0.24390243902439024,0.2473205246000844,0.003418085575694174,0.014014150860345964,-0.005705536556553176,304.0,350.0,pass,2026-10-02T21:36:31+00:00,sgo_slate_alt_20261002T213627Z.json
STL@DAL,Robert Thomas,STL,f1,PP1,PTS,over,1.5,fanduel,310,True,0.944670480887935,0.960198041227617,0.2438972026661525,0.24960273922270568,18.68804235636643,1845.6466666666668,,"draftkings@0.5,pinnacle@0.5,sgo_fair@1.0",v2,False,1.0468644783193533,0.24390243902439024,0.2473205246000844,0.003418085575694174,0.014014150860345964,-0.005705536556553176,304.0,350.0,pass,2026-10-02T21:36:31+00:00,sgo_slate_alt_20261002T213627Z.json
STL@DAL,Jake Neighbours,STL,f3,PP2,A,over,0.5,draftkings,285,False,0.34690059155409847,0.2790692381702251,0.2931244058305588,0.24351247641019788,14.386548929610665,1637.3983333333333,,"draftkings@0.5,sgo_fair@0.5",v2,False,1.1032038554164156,0.2597402597402597,0.2633572481783423,0.003616988438082558,0.013925405486617803,0.04961192942036094,280.0,320.0,pass,2026-10-02T21:36:31+00:00,sgo_slate_alt_20261002T213627Z.json
WSH@CAR,Alex Tuch,WSH,f1,PP2,PTS,over,0.5,draftkings,115,False,0.6812069114706919,0.6099482367049713,0.49399408066404343,0.45662100456621,19.394777971531802,2210.999166666667,,sgo_fair@0.5,v2,False,1.0468644783193533,0.46511627906976744,0.4715702350053434,0.006453955935575961,0.013876005261488356,0.03737307609783341,112.0,124.0,pass,2026-10-02T21:36:31+00:00,sgo_slate_alt_20261002T213627Z.json
ANA@VGK,Beckett Sennecke,ANA,f2,PP1,A,over,1.5,draftkings,1300,True,0.4517982855075325,0.4309502162525598,0.07595573309506591,0.07003795525005427,17.087583540737576,1430.5,,"draftkings@0.5,sgo_fair@0.5",v2,False,1.1032038554164156,0.07142857142857142,0.07240506638805894,0.0009764949594875116,0.013670929432825218,0.005917777845011643,1281.0,2009.0,pass,2026-10-02T21:36:31+00:00,sgo_slate_alt_20261002T213627Z.json
NYR@DET,Adam Fox,NYR,d1,PP1,SOG,over,2.5,fanduel,270,True,1.7046004708726388,1.879623832479008,0.24668226322822212,0.291915608136503,22.258802105644207,2111.2541666666666,,"draftkings@1.5,fanduel@1.5,pinnacle@1.5,sgo_fair@2.0",v2,False,1.1182260686839482,0.2702702702702703,0.27382227017319066,0.0035519999029203775,0.013142399640805547,-0.045233344908280904,265.0,302.0,pass,2026-10-02T21:36:31+00:00,sgo_slate_alt_20261002T213627Z.json
ANA@VGK,Ivan Barbashev,VGK,f1,-,SOG,over,1.5,fanduel,-114,False,1.8094396661884347,1.8618637450257456,0.5305842499942709,0.5452904737490254,16.2984941270241,1875.4308333333333,,"draftkings@1.5,pinnacle@1.5,sgo_fair@2.0",v2,False,1.1182260686839482,0.5327102803738317,0.5394079842471236,0.006697703873291827,0.012572882709512623,-0.0147062237547545,-117.0,-106.0,pass,2026-10-02T21:36:31+00:00,sgo_slate_alt_20261002T213627Z.json
BOS@WPG,Elias Lindholm,BOS,f1,PP2,SOG,over,0.5,draftkings,-475,True,1.8403675561848967,1.916815364727519,0.8293470675122606,0.840962044742767,17.864457827843644,1916.9391666666668,,"draftkings@1.5,pinnacle@1.5,sgo_fair@2.0",v2,False,1.1182260686839482,0.8260869565217391,0.8363160538505645,0.010229097328825376,0.012382591503314888,-0.011614977230506418,-511.0,-430.0,pass,2026-10-02T21:36:31+00:00,sgo_slate_alt_20261002T213627Z.json
WSH@CAR,Jackson Blake,CAR,f2,PP1,A,over,0.5,draftkings,180,False,0.5024827763879386,0.41426813824117864,0.3949733524523334,0.33917626460633954,17.175685133360474,1856.5166666666667,,"draftkings@0.5,pinnacle@0.5,sgo_fair@0.5",v2,False,1.1032038554164156,0.35714285714285715,0.3614950997447371,0.004352242601879941,0.012186279285263835,0.055797087845993854,177.0,197.0,pass,2026-10-02T21:36:31+00:00,sgo_slate_alt_20261002T213627Z.json
WSH@CAR,Jordan Kyrou,WSH,f3,PP2,PTS,over,0.5,fanduel,130,False,0.6041938599434422,0.5639354490799648,0.45348518340697297,0.4310344827586354,14.636186494925454,1777.7216666666668,,sgo_fair@0.5,v2,False,1.0468644783193533,0.43478260869565216,0.4400147630179704,0.0052321543223182165,0.012033954941331748,0.022450700648337596,127.0,141.0,pass,2026-10-02T21:36:31+00:00,sgo_slate_alt_20261002T213627Z.json
BOS@WPG,Elias Lindholm,BOS,f1,PP2,SOG,over,1.5,fanduel,-120,False,1.8403675561848967,1.916815364727519,0.5393033632389284,0.5603226722796693,17.864457827843644,1916.9391666666668,,"draftkings@1.5,pinnacle@1.5,sgo_fair@2.0",v2,False,1.1182260686839482,0.5454545454545454,0.5519149486633729,0.006460403208827459,0.011844072549517026,-0.021019309040740897,-123.0,-111.0,pass,2026-10-02T21:36:31+00:00,sgo_slate_alt_20261002T213627Z.json
NYR@DET,J.T. Compher,DET,f2,-,G,over,1.5,draftkings,7000,False,0.18947953226473813,0.17194899797833335,0.015836944313475296,0.013193023819193348,16.459511636519334,1855.2116666666668,,sgo_fair@0.5,v2,False,1.0982596332481283,0.014084507042253521,0.014250592016906129,0.00016608497465260726,0.011792033200335172,0.002643920494281948,6917.0,,pass,2026-10-02T21:36:31+00:00,sgo_slate_alt_20261002T213627Z.json
WSH@CAR,Taylor Hall,CAR,f2,PP2,A,over,0.5,draftkings,195,False,0.49291291524200276,0.37422184494753585,0.38915553800814945,0.31217569544472895,16.04701527377841,1703.5891666666669,,"draftkings@0.5,pinnacle@0.5,sgo_fair@0.5",v2,False,1.1032038554164156,0.3389830508474576,0.34296763247009715,0.003984581622639538,0.011754515786786657,0.0769798425634205,192.0,214.0,pass,2026-10-02T21:36:31+00:00,sgo_slate_alt_20261002T213627Z.json
WSH@CAR,Jordan Martinook,CAR,f3,-,G,over,1.5,fanduel,7000,False,0.17866701246397143,0.17937025115937846,0.014181346777951766,0.014286604531820811,14.979630616944284,1699.995,,sgo_fair@0.5,v2,False,1.0982596332481283,0.014084507042253521,0.014244501430273192,0.00015999438801967032,0.011359601549396636,-0.00010525775386904454,6920.0,,pass,2026-10-02T21:36:31+00:00,sgo_slate_alt_20261002T213627Z.json
WSH@CAR,Alex Tuch,WSH,f1,PP2,PTS,over,1.5,draftkings,650,True,0.6812069114706919,0.6099482367049713,0.14929935116730855,0.12518794443885112,19.394777971531802,2210.999166666667,,sgo_fair@0.5,v2,False,1.0468644783193533,0.13333333333333333,0.1348325071302341,0.0014991737969007601,0.011243803476755687,0.024111406728457435,642.0,810.0,pass,2026-10-02T21:36:31+00:00,sgo_slate_alt_20261002T213627Z.json
ANA@VGK,Cutter Gauthier,ANA,f1,PP1,SOG,under,3.5,fanduel,-146,False,2.922382978028437,3.4358790498812657,0.6638668799096498,0.5574637067707218,16.623295864485087,1833.5541666666666,,"draftkings@3.5,fanduel@3.5,pinnacle@3.5,sgo_fair@3.5",v2,False,1.1182260686839482,0.5934959349593496,0.600024976026293,0.0065290410669434085,0.011000987003206175,0.106403173138928,-150.0,-135.0,pass,2026-10-02T21:36:31+00:00,sgo_slate_alt_20261002T213627Z.json
BOS@WPG,Gabriel Vilardi,WPG,f2,PP1,SOG,over,1.5,draftkings,-135,False,2.239414705371673,1.8449681368386326,0.6407059305043331,0.5405897583870894,17.433178488819145,2116.1,,"draftkings@1.5,fanduel@1.5,pinnacle@1.5,sgo_fair@1.5",v2,False,1.1182260686839482,0.574468085106383,0.5806362272339869,0.0061681421276038595,0.010737136296199434,0.10011617211724366,-138.0,-125.0,pass,2026-10-02T21:36:31+00:00,sgo_slate_alt_20261002T213627Z.json
BOS@WPG,Gabriel Vilardi,WPG,f2,PP1,PTS,over,0.5,draftkings,-120,False,0.9243900297485824,0.7259624982274028,0.6032266347731432,0.5161413683158754,17.433178488819145,2116.1,,"draftkings@0.5,pinnacle@0.5,sgo_fair@0.5",v2,False,1.0468644783193533,0.5454545454545454,0.5509754748987825,0.005520929444237099,0.01012170398110146,0.08708526645726777,-123.0,-111.0,pass,2026-10-02T21:36:31+00:00,sgo_slate_alt_20261002T213627Z.json
NYR@DET,Emmitt Finnie,DET,f2,PP2,SOG,over,0.5,draftkings,-475,True,1.6890108136923874,2.0157096902464473,0.8036588067724912,0.8547745337545213,16.128041073700665,1271.0,,"draftkings@1.5,sgo_fair@2.0",v2,False,1.1182260686839482,0.8260869565217391,0.8343282429617094,0.008241286439970241,0.009976294111542883,-0.05111572698203004,-504.0,-424.0,pass,2026-10-02T21:36:31+00:00,sgo_slate_alt_20261002T213627Z.json
STL@DAL,Mikko Rantanen,DAL,f1,PP1,SOG,over,2.5,draftkings,120,False,2.6010531603381617,2.498906549571997,0.4734654033958441,0.4490390716556345,20.640933758585803,2075.3450000000003,,"draftkings@2.5,fanduel@2.5,pinnacle@2.5,sgo_fair@2.5",v2,False,1.1182260686839482,0.45454545454545453,0.4588096043517183,0.004264149806263773,0.009381129573780456,0.024426331740209584,118.0,131.0,pass,2026-10-02T21:36:31+00:00,sgo_slate_alt_20261002T213627Z.json
BOS@WPG,Adam Lowry,WPG,f3,-,A,over,0.5,draftkings,425,False,0.23154656966065493,0.20164002121435223,0.2066942493367274,0.18261088226997935,15.024993031821769,1554.82,,"draftkings@0.5,sgo_fair@0.5",v2,False,1.1032038554164156,0.19047619047619047,0.19224422909667857,0.001768038620488105,0.00928220275756253,0.024083367066748046,420.0,498.0,pass,2026-10-02T21:36:31+00:00,sgo_slate_alt_20261002T213627Z.json
BOS@WPG,Neal Pionk,WPG,d2,PP2,SOG,over,2.5,draftkings,235,True,1.9264736148120283,1.907443795290105,0.3040789301568822,0.2991380076987091,21.56093374973941,1843.1675,,"draftkings@1.5,pinnacle@1.5,sgo_fair@2.0",v2,False,1.1182260686839482,0.29850746268656714,0.3011143766819783,0.0026069139954111864,0.00873316188462736,0.004940922458173125,232.0,262.0,pass,2026-10-02T21:36:31+00:00,sgo_slate_alt_20261002T213627Z.json
WSH@CAR,Nikolaj Ehlers,CAR,f3,PP1,SOG,over,1.5,draftkings,-225,True,2.7332428940508695,2.3770361799667477,0.7392222243452329,0.6710145644468826,16.96250861269781,1870.6825,,"draftkings@2.5,fanduel@2.5,pinnacle@2.5,sgo_fair@2.5",v2,False,1.1182260686839482,0.6923076923076923,0.6982976284062227,0.0059899360985303796,0.00865212992009945,0.06820765989835031,-231.0,-206.0,pass,2026-10-02T21:36:31+00:00,sgo_slate_alt_20261002T213627Z.json
ANA@VGK,Noah Hanifin,VGK,d3,-,A,over,0.5,draftkings,295,False,0.3299246813257055,0.27199280561397204,0.28102211614630956,0.2381402578167946,19.968877482084444,2399.423333333333,,"draftkings@0.5,sgo_fair@0.5",v2,False,1.1032038554164156,0.25316455696202533,0.2552930011486006,0.0021284441865752624,0.0084073545369725,0.042881858329514966,292.0,334.0,pass,2026-10-02T21:36:31+00:00,sgo_slate_alt_20261002T213627Z.json
BOS@WPG,Brad Lambert,WPG,f3,-,A,over,0.5,draftkings,500,False,0.19344008472357882,0.17773010481254467,0.17588078795369397,0.16283165929334156,12.501731274278495,296.26500000000004,,"draftkings@0.5,sgo_fair@0.5",v2,False,1.1032038554164156,0.16666666666666666,0.16805131075748253,0.001384644090815873,0.008307864544895072,0.013049128660352405,495.0,599.0,pass,2026-10-02T21:36:31+00:00,sgo_slate_alt_20261002T213627Z.json
BOS@WPG,Neal Pionk,WPG,d2,PP2,SOG,over,1.5,draftkings,-125,False,1.9264736148120283,1.907443795290105,0.5629241455216535,0.5577868196462279,21.56093374973941,1843.1675,,"draftkings@1.5,pinnacle@1.5,sgo_fair@2.0",v2,False,1.1182260686839482,0.5555555555555556,0.5598417499963981,0.00428619444084255,0.0077151499935166346,0.005137325875425591,-127.0,-115.0,pass,2026-10-02T21:36:31+00:00,sgo_slate_alt_20261002T213627Z.json
ANA@VGK,Jack Eichel,VGK,f1,PP1,A,over,0.5,draftkings,-150,False,0.9080834564009849,0.9412791226056558,0.5967035810050537,0.6098715061085219,20.597276930957293,2298.3541666666665,,"draftkings@0.5,pinnacle@0.5,sgo_fair@1.0",v2,False,1.1032038554164156,0.6,0.6046043360671347,0.004604336067134729,0.007673893445224511,-0.013167925103468203,-153.0,-138.0,pass,2026-10-02T21:36:31+00:00,sgo_slate_alt_20261002T213627Z.json
STL@DAL,Wyatt Johnston,DAL,f1,PP1,PTS,over,2.5,fanduel,1000,True,1.1318578875101861,1.0087162381254149,0.10608202689180203,0.08191162634061654,20.913031427503284,2348.4791666666665,,"draftkings@0.5,pinnacle@0.5,sgo_fair@1.0",v2,False,1.0468644783193533,0.09090909090909091,0.09157978656109073,0.0006706956519998142,0.007377652171997928,0.024170400551185495,992.0,1402.0,pass,2026-10-02T21:36:31+00:00,sgo_slate_alt_20261002T213627Z.json
ANA@VGK,Mikael Granlund,ANA,f2,PP1,SOG,over,2.5,draftkings,220,True,2.02184645794625,1.9313774661704575,0.3288153721310765,0.30535211126037193,18.703895528300663,1838.5333333333333,,"draftkings@1.5,fanduel@1.5,pinnacle@1.5,sgo_fair@2.0",v2,False,1.1182260686839482,0.3125,0.31473741560865376,0.002237415608653759,0.007159729947691984,0.02346326087070455,218.0,245.0,pass,2026-10-02T21:36:31+00:00,sgo_slate_alt_20261002T213627Z.json
STL@DAL,Robert Thomas,STL,f1,PP1,G,over,1.5,draftkings,2500,False,0.3470329785104103,0.27995466423903104,0.0479413114450339,0.03258721756721739,18.68804235636643,1845.6466666666668,,"fanduel@0.5,pinnacle@0.5,sgo_fair@0.5",v2,False,1.0982596332481283,0.038461538461538464,0.038728855118343994,0.0002673166568055302,0.006950233076943757,0.015354093877816506,2482.0,7184.0,pass,2026-10-02T21:36:31+00:00,sgo_slate_alt_20261002T213627Z.json
BOS@WPG,David Pastrnak,BOS,f1,PP1,SOG,under,3.5,draftkings,-125,False,3.2437906704082855,3.550763789307926,0.5966733041983241,0.5345224194687346,19.305080809204785,2352.8866666666668,,"draftkings@3.5,fanduel@3.5,pinnacle@3.5,sgo_fair@3.5",v2,False,1.1182260686839482,0.5555555555555556,0.5593827733605703,0.0038272178050147154,0.006888992049026488,0.06215088472958952,-127.0,-115.0,pass,2026-10-02T21:36:31+00:00,sgo_slate_alt_20261002T213627Z.json
ANA@VGK,Noah Hanifin,VGK,d3,-,PTS,over,0.5,draftkings,235,False,0.38648039978784476,0.3385017345812564,0.32055595750849264,0.2871624570868254,19.968877482084444,2399.423333333333,,"draftkings@0.5,sgo_fair@0.5",v2,False,1.0468644783193533,0.29850746268656714,0.3005198572554923,0.0020123945689251577,0.006741521805899264,0.03339350042166722,233.0,263.0,pass,2026-10-02T21:36:31+00:00,sgo_slate_alt_20261002T213627Z.json
STL@DAL,Wyatt Johnston,DAL,f1,PP1,PTS,over,0.5,fanduel,-184,False,1.1318578875101861,1.0087162381254149,0.6775663458609593,0.6353131497354794,20.913031427503284,2348.4791666666665,,"draftkings@0.5,pinnacle@0.5,sgo_fair@1.0",v2,False,1.0468644783193533,0.647887323943662,0.6522144281856713,0.0043271042420093275,0.006678791330057887,0.04225319612547995,-188.0,-168.0,pass,2026-10-02T21:36:31+00:00,sgo_slate_alt_20261002T213627Z.json
BOS@WPG,Kyle Connor,WPG,f1,PP1,SOG,over,4.5,fanduel,285,True,3.5188833524224985,3.303858333434354,0.2841986996030603,0.24628511736512,19.93354117554885,2516.0816666666665,,"draftkings@3.5,fanduel@3.5,pinnacle@3.5,sgo_fair@3.5",v2,False,1.1182260686839482,0.2597402597402597,0.2614505502602961,0.001710290520036406,0.006584618502140094,0.037913582237940335,282.0,323.0,pass,2026-10-02T21:36:31+00:00,sgo_slate_alt_20261002T213627Z.json
BOS@WPG,Gabriel Vilardi,WPG,f2,PP1,PTS,over,1.5,fanduel,420,True,0.9243900297485824,0.7259624982274028,0.23645329188764358,0.1648781472695755,17.433178488819145,2116.1,,"draftkings@0.5,pinnacle@0.5,sgo_fair@0.5",v2,False,1.0468644783193533,0.19230769230769232,0.19350820511680272,0.0012005128091104045,0.00624266660737427,0.07157514461806808,417.0,493.0,pass,2026-10-02T21:36:31+00:00,sgo_slate_alt_20261002T213627Z.json
STL@DAL,Mikko Rantanen,DAL,f1,PP1,A,over,1.5,fanduel,450,True,0.8340142621149719,0.7381798596182657,0.2034832431931646,0.16917936649552967,20.640933758585803,2075.3450000000003,,"draftkings@0.5,pinnacle@0.5,sgo_fair@0.5",v2,False,1.1032038554164156,0.18181818181818182,0.18290091717458365,0.001082735356401826,0.005955044460210113,0.03430387669763493,447.0,533.0,pass,2026-10-02T21:36:31+00:00,sgo_slate_alt_20261002T213627Z.json
BOS@WPG,Pavel Zacha,BOS,f2,PP1,SOG,over,1.5,fanduel,-114,False,1.7760021865992446,1.8619368753868921,0.5210185717853286,0.5453107396091552,16.867313130617127,2032.8025,,"draftkings@1.5,fanduel@1.5,pinnacle@1.5,sgo_fair@2.0",v2,False,1.1182260686839482,0.5327102803738317,0.5355938724796245,0.0028835921057928093,0.005413058865260112,-0.024292167823826594,-115.0,-104.0,pass,2026-10-02T21:36:31+00:00,sgo_slate_alt_20261002T213627Z.json
ANA@VGK,Ryan Poehling,ANA,f3,PP2,A,over,0.5,draftkings,300,False,0.3240852516548191,0.26675878263889696,0.27681141327200826,0.2341422126194124,12.623491757963661,1554.775,,"draftkings@0.5,sgo_fair@0.5",v2,False,1.1032038554164156,0.25,0.25120989288045076,0.001209892880450758,0.004839571521803032,0.04266920065259586,298.0,342.0,pass,2026-10-02T21:36:31+00:00,sgo_slate_alt_20261002T213627Z.json
ANA@VGK,Mark Stone,VGK,f1,PP1,SOG,over,1.5,fanduel,-182,False,2.4961662105507703,2.138155851079195,0.695420480130448,0.6169073564621586,19.299075818445587,1741.9358333333332,,"draftkings@1.5,fanduel@1.5,pinnacle@1.5,sgo_fair@2.5",v2,False,1.1182260686839482,0.6453900709219859,0.6483126059294744,0.0029225350074885137,0.004528323473141693,0.07851312366828944,-184.0,-165.0,pass,2026-10-02T21:36:31+00:00,sgo_slate_alt_20261002T213627Z.json
ANA@VGK,Ivan Barbashev,VGK,f1,-,G,over,1.5,fanduel,2200,False,0.29545397193341,0.35064066663990673,0.035931357250826274,0.048829187385114124,16.2984941270241,1875.4308333333333,,"pinnacle@0.5,sgo_fair@0.5",v2,False,1.0982596332481283,0.043478260869565216,0.043670055331398984,0.00019179446183376775,0.004411272622176554,-0.01289783013428785,2190.0,5256.0,pass,2026-10-02T21:36:31+00:00,sgo_slate_alt_20261002T213627Z.json
STL@DAL,Robert Thomas,STL,f1,PP1,SOG,over,0.5,draftkings,-500,True,1.9685968464447192,1.840395320582499,0.8483577259429935,0.8293514431495149,18.68804235636643,1845.6466666666668,,"draftkings@1.5,fanduel@1.5,pinnacle@1.5,sgo_fair@2.0",v2,False,1.1182260686839482,0.8333333333333334,0.8369539562669064,0.0036206229335730145,0.004344747520287573,0.0190062827934786,-513.0,-432.0,pass,2026-10-02T21:36:31+00:00,sgo_slate_alt_20261002T213627Z.json
BOS@WPG,Mark Scheifele,WPG,f1,PP1,SOG,over,4.5,draftkings,850,True,2.5971355288162172,2.2523366202078225,0.1327628736159385,0.08764334661782971,19.993486037779117,2517.563333333333,,"draftkings@2.5,fanduel@2.5,pinnacle@2.5,sgo_fair@2.5",v2,False,1.1182260686839482,0.10526315789473684,0.10569115741707322,0.00042799952233638083,0.0040659954621955485,0.04511952699810878,846.0,1139.0,pass,2026-10-02T21:36:31+00:00,sgo_slate_alt_20261002T213627Z.json
ANA@VGK,Cutter Gauthier,ANA,f1,PP1,PTS,over,0.5,draftkings,-140,False,0.8057008278845367,0.93357718895311,0.5532252953562694,0.6068551613999204,16.623295864485087,1833.5541666666666,,"draftkings@0.5,pinnacle@0.5,sgo_fair@1.0",v2,False,1.0468644783193533,0.5833333333333334,0.58540321498246,0.0020698816491265815,0.003548368541359981,-0.05362986604365094,-141.0,-127.0,pass,2026-10-02T21:36:31+00:00,sgo_slate_alt_20261002T213627Z.json
STL@DAL,Wyatt Johnston,DAL,f1,PP1,A,over,0.5,fanduel,150,False,0.5649142251024722,0.4799194747940625,0.43159110011824525,0.38116677852755815,20.913031427503284,2348.4791666666665,,"draftkings@0.5,pinnacle@0.5,sgo_fair@0.5",v2,False,1.1032038554164156,0.4,0.40133650716383296,0.001336507163832934,0.003341267909582335,0.050424321590687105,149.0,166.0,pass,2026-10-02T21:36:31+00:00,sgo_slate_alt_20261002T213627Z.json
BOS@WPG,Gabriel Vilardi,WPG,f2,PP1,SOG,over,2.5,draftkings,210,True,2.239414705371673,1.8449681368386326,0.3846490759555141,0.28292385111453033,17.433178488819145,2116.1,,"draftkings@1.5,fanduel@1.5,pinnacle@1.5,sgo_fair@1.5",v2,False,1.1182260686839482,0.3225806451612903,0.32361394105092384,0.0010332958896335231,0.0032032172578639884,0.10172522484098379,209.0,235.0,pass,2026-10-02T21:36:31+00:00,sgo_slate_alt_20261002T213627Z.json
BOS@WPG,Morgan Geekie,BOS,f2,PP1,G,over,0.5,fanduel,230,False,0.3637784026730305,0.3613053563390949,0.3049548021630929,0.3032337959978023,17.069132083690253,2012.4566666666665,,"fanduel@0.5,pinnacle@0.5,sgo_fair@0.5",v2,False,1.0982596332481283,0.30303030303030304,0.30392219846391855,0.0008918954336155083,0.0029432549309311717,0.001721006165290584,229.0,259.0,pass,2026-10-02T21:36:31+00:00,sgo_slate_alt_20261002T213627Z.json
NYR@DET,Adam Fox,NYR,d1,PP1,SOG,over,3.5,draftkings,750,True,1.7046004708726388,1.879623832479008,0.10090562348982705,0.12928674134334286,22.258802105644207,2111.2541666666666,,"draftkings@1.5,fanduel@1.5,pinnacle@1.5,sgo_fair@2.0",v2,False,1.1182260686839482,0.11764705882352941,0.11793429420193655,0.00028723537840713576,0.002441500716460654,-0.02838111785351581,748.0,976.0,pass,2026-10-02T21:36:31+00:00,sgo_slate_alt_20261002T213627Z.json
STL@DAL,Jason Robertson,DAL,f2,PP1,A,over,0.5,fanduel,-104,False,0.7496410604878407,0.6931471805599454,0.5274638658060629,0.5,20.375929813628595,2317.33,,"draftkings@0.5,pinnacle@0.5,sgo_fair@0.5",v2,False,1.1032038554164156,0.5098039215686274,0.5109855463224251,0.0011816247537976832,0.0023178024016801135,0.02746386580606286,-104.0,106.0,pass,2026-10-02T21:36:31+00:00,sgo_slate_alt_20261002T213627Z.json
WSH@CAR,Tom Wilson,WSH,f1,PP1,G,over,1.5,fanduel,2700,True,0.29822745574003645,0.29251956416596253,0.036543189013407876,0.03528841715281423,18.257601622938086,2083.9066666666668,,"fanduel@0.5,pinnacle@0.5,sgo_fair@0.5",v2,False,1.0982596332481283,0.03571428571428571,0.03579032589705169,7.60401827659754e-05,0.002129125117447339,0.0012547718605936467,2694.0,9168.0,pass,2026-10-02T21:36:31+00:00,sgo_slate_alt_20261002T213627Z.json
ANA@VGK,Mark Stone,VGK,f1,PP1,A,over,0.5,fanduel,108,False,0.7254798524768025,0.6138519666434453,0.5159077796376449,0.4587380744954698,19.299075818445587,1741.9358333333332,,"draftkings@0.5,pinnacle@0.5,sgo_fair@0.5",v2,False,1.1032038554164156,0.4807692307692308,0.48160595655233984,0.0008367257831090602,0.0017403896288668008,0.057169705142175065,108.0,119.0,pass,2026-10-02T21:36:31+00:00,sgo_slate_alt_20261002T213627Z.json
BOS@WPG,Gabriel Vilardi,WPG,f2,PP1,G,over,0.5,fanduel,230,False,0.4009921868498628,0.33642980761947217,0.3303447068651595,0.28568397864152606,17.433178488819145,2116.1,,"fanduel@0.5,pinnacle@0.5,sgo_fair@0.5",v2,False,1.0982596332481283,0.30303030303030304,0.30354826993097944,0.0005179669006764032,0.0017092907722320305,0.04466072822363343,229.0,259.0,pass,2026-10-02T21:36:31+00:00,sgo_slate_alt_20261002T213627Z.json
BOS@WPG,Cole Perfetti,WPG,f1,PP1,SOG,over,1.5,fanduel,-165,False,2.3304469153221623,2.0645202280148043,0.6610123124627248,0.5987840764493344,16.53972973493684,1622.8166666666666,,"draftkings@1.5,fanduel@1.5,pinnacle@1.5,sgo_fair@2.0",v2,False,1.1182260686839482,0.6226415094339622,0.6236753708546905,0.0010338614207282548,0.0016604440999574699,0.06222823601339045,-166.0,-149.0,pass,2026-10-02T21:36:31+00:00,sgo_slate_alt_20261002T213627Z.json
NYR@DET,Justin Faulk,DET,d3,PP2,SOG,over,0.5,draftkings,-550,True,1.8667737673724571,2.031765832456246,0.8334561508542819,0.8568960213017884,19.45308564413804,2504.826666666667,,"draftkings@1.5,sgo_fair@2.0",v2,False,1.1182260686839482,0.8461538461538461,0.8475200731227859,0.0013662269689397322,0.0016146318723833097,-0.023439870447506506,-556.0,-463.0,pass,2026-10-02T21:36:31+00:00,sgo_slate_alt_20261002T213627Z.json
BOS@WPG,Morgan Geekie,BOS,f2,PP1,SOG,over,3.5,fanduel,460,True,2.205830514716359,2.1183823514688873,0.1888566478003364,0.172171382936553,17.069132083690253,2012.4566666666665,,"draftkings@1.5,fanduel@1.5,pinnacle@1.5,sgo_fair@2.0",v2,False,1.1182260686839482,0.17857142857142858,0.17884548888206636,0.0002740603106377859,0.0015347377395715789,0.016685264863783383,459.0,550.0,pass,2026-10-02T21:36:31+00:00,sgo_slate_alt_20261002T213627Z.json
WSH@CAR,Nikolaj Ehlers,CAR,f3,PP1,A,over,0.5,draftkings,135,False,0.6272963558057655,0.5098789811348887,0.46596631196598126,0.39943174549680555,16.96250861269781,1870.6825,,"draftkings@0.5,pinnacle@0.5,sgo_fair@0.5",v2,False,1.1032038554164156,0.425531914893617,0.4260455720844758,0.0005136571908587739,0.0012070943985180715,0.06653456646917572,135.0,149.0,pass,2026-10-02T21:36:31+00:00,sgo_slate_alt_20261002T213627Z.json
WSH@CAR,Eric Robinson,CAR,f1,-,A,under,0.5,draftkings,-350,False,0.16262616349049508,0.313018632411546,0.8499088559931431,0.7312362877465001,13.254105782600528,1231.1041666666667,,"draftkings@0.5,sgo_fair@0.5",v2,False,1.1032038554164156,0.7777777777777778,0.7787053150451573,0.0009275372673794857,0.00119254791520218,0.11867256824664307,-352.0,-306.0,pass,2026-10-02T21:36:31+00:00,sgo_slate_alt_20261002T213627Z.json
STL@DAL,Jason Robertson,DAL,f2,PP1,A,over,1.5,fanduel,520,True,0.7496410604878407,0.6931471805599454,0.17323137705009506,0.15342640972002738,20.375929813628595,2317.33,,"draftkings@0.5,pinnacle@0.5,sgo_fair@0.5",v2,False,1.1032038554164156,0.16129032258064516,0.16134839665205447,5.80740714093142e-05,0.0003600592427377425,0.019804967330067674,520.0,633.0,pass,2026-10-02T21:36:31+00:00,sgo_slate_alt_20261002T213627Z.json
WSH@CAR,K'Andre Miller,CAR,d2,PP2,A,over,0.5,draftkings,230,False,0.38433213337231376,0.3459684772531333,0.3190947617338284,0.2924652098049367,22.866364269806873,2368.3558333333335,,"draftkings@0.5,pinnacle@0.5,sgo_fair@0.5",v2,False,1.1032038554164156,0.30303030303030304,0.30311703057649336,8.672754619032386e-05,0.0002862009024280354,0.026629551928891715,230.0,260.0,pass,2026-10-02T21:36:31+00:00,sgo_slate_alt_20261002T213627Z.json
ANA@VGK,Cutter Gauthier,ANA,f1,PP1,SOG,under,3.5,draftkings,-150,False,2.922382978028437,3.4358790498812657,0.6638668799096498,0.5574637067707218,16.623295864485087,1833.5541666666666,,"draftkings@3.5,fanduel@3.5,pinnacle@3.5,sgo_fair@3.5",v2,False,1.1182260686839482,0.6,0.600024976026293,2.4976026293033193e-05,4.162671048835165e-05,0.106403173138928,-150.0,-135.0,pass,2026-10-02T21:36:31+00:00,sgo_slate_alt_20261002T213627Z.json
WSH@CAR,Tom Wilson,WSH,f1,PP1,SOG,over,2.5,fanduel,240,True,1.8366419942423062,1.922433066195927,0.28076500590467107,0.30302985715105824,18.257601622938086,2083.9066666666668,,"draftkings@1.5,fanduel@1.5,pinnacle@1.5,sgo_fair@2.0",v2,False,1.1182260686839482,0.29411764705882354,0.29412391665250337,6.2695936798307095e-06,2.131661851145772e-05,-0.022264851246387163,240.0,272.0,pass,2026-10-02T21:36:31+00:00,sgo_slate_alt_20261002T213627Z.json
STL@DAL,Roope Hintz,DAL,f2,PP1,SOG,over,1.5,draftkings,-200,True,2.437534293461486,2.3042341173452443,0.6836164116306003,0.6552692392376374,16.249302644351516,1496.78,,"draftkings@2.5,fanduel@2.5,pinnacle@2.5,sgo_fair@2.5",v2,False,1.1182260686839482,0.6666666666666666,0.6666081081948225,-5.8558471844105675e-05,-8.783770776621402e-05,0.028347172392962916,-200.0,-179.0,pass,2026-10-02T21:36:31+00:00,sgo_slate_alt_20261002T213627Z.json
STL@DAL,Adam Jiricek,STL,d1,PP2,PTS,over,0.5,draftkings,360,False,0.2756621444496096,0.2251617154708665,0.24093065676564335,0.20161290322614142,20.25,0.0,no NHL data: 85% of positional prior,sgo_fair@0.5,v1,False,1.0468644783193533,0.21739130434782608,0.2173400046419422,-5.129970588388377e-05,-0.00023597864706592642,0.039317753539501926,360.0,420.0,pass,2026-10-02T21:36:31+00:00,sgo_slate_alt_20261002T213627Z.json
WSH@CAR,Shayne Gostisbehere,CAR,d3,PP1,A,over,0.5,draftkings,130,False,0.6504052987392124,0.5202860336848337,0.4781657648624439,0.40564948061474043,16.932991501259885,1660.3433333333335,,"draftkings@0.5,pinnacle@0.5,sgo_fair@0.5",v2,False,1.1032038554164156,0.43478260869565216,0.43465599431382185,-0.00012661438183031448,-0.00029121307820978437,0.07251628424770346,130.0,144.0,pass,2026-10-02T21:36:31+00:00,sgo_slate_alt_20261002T213627Z.json
WSH@CAR,Pierre-Luc Dubois,WSH,f1,PP1,A,over,1.5,draftkings,1400,True,0.4641199984436695,0.3868394419681578,0.07952516778701021,0.058058460727191626,16.026006939520308,1126.1958333333334,,"draftkings@0.5,pinnacle@0.5,sgo_fair@0.5",v2,False,1.1032038554164156,0.06666666666666667,0.06664514355111906,-2.1523115547608662e-05,-0.0003228467332141438,0.02146670705981859,1400.0,2301.0,pass,2026-10-02T21:36:31+00:00,sgo_slate_alt_20261002T213627Z.json
NYR@DET,Adam Fox,NYR,d1,PP1,SOG,over,2.5,draftkings,265,True,1.7046004708726388,1.879623832479008,0.24668226322822212,0.291915608136503,22.258802105644207,2111.2541666666666,,"draftkings@1.5,fanduel@1.5,pinnacle@1.5,sgo_fair@2.0",v2,False,1.1182260686839482,0.273972602739726,0.27382227017319066,-0.00015033256653534943,-0.0005487138678541559,-0.045233344908280904,265.0,302.0,pass,2026-10-02T21:36:31+00:00,sgo_slate_alt_20261002T213627Z.json
BOS@WPG,Elias Lindholm,BOS,f1,PP2,SOG,over,4.5,draftkings,1900,True,1.8403675561848967,1.916815364727519,0.04596546057708438,0.05261005786254193,17.864457827843644,1916.9391666666668,,"draftkings@1.5,pinnacle@1.5,sgo_fair@2.0",v2,False,1.1182260686839482,0.05,0.04995221894835891,-4.778105164109092e-05,-0.0009556210328217629,-0.006644597285457549,1902.0,3908.0,pass,2026-10-02T21:36:31+00:00,sgo_slate_alt_20261002T213627Z.json
ANA@VGK,Jack Eichel,VGK,f1,PP1,A,over,1.5,draftkings,320,True,0.9080834564009849,0.9412791226056558,0.23047677488998294,0.24265169967488537,20.597276930957293,2298.3541666666665,,"draftkings@0.5,pinnacle@0.5,sgo_fair@1.0",v2,False,1.1032038554164156,0.23809523809523808,0.2377817297609244,-0.00031350833431367797,-0.001316735004117442,-0.012174924784902424,321.0,370.0,pass,2026-10-02T21:36:31+00:00,sgo_slate_alt_20261002T213627Z.json
BOS@WPG,Gabriel Vilardi,WPG,f2,PP1,SOG,over,0.5,draftkings,-575,True,2.239414705371673,1.8449681368386326,0.8815930704942173,0.8300705163570541,17.433178488819145,2116.1,,"draftkings@1.5,fanduel@1.5,pinnacle@1.5,sgo_fair@1.5",v2,False,1.1182260686839482,0.8518518518518519,0.8506795380119194,-0.0011723138399324373,-0.0013761945077468418,0.05152255413716322,-570.0,-474.0,pass,2026-10-02T21:36:31+00:00,sgo_slate_alt_20261002T213627Z.json
STL@DAL,Mikko Rantanen,DAL,f1,PP1,SOG,over,3.5,draftkings,290,True,2.6010531603381617,2.498906549571997,0.2686480877147251,0.24751046887020428,20.640933758585803,2075.3450000000003,,"draftkings@2.5,fanduel@2.5,pinnacle@2.5,sgo_fair@2.5",v2,False,1.1182260686839482,0.2564102564102564,0.2559655164080126,-0.00044474000224375976,-0.001734486008750813,0.02113761884452081,291.0,333.0,pass,2026-10-02T21:36:31+00:00,sgo_slate_alt_20261002T213627Z.json
WSH@CAR,Jackson Blake,CAR,f2,PP1,A,over,0.5,fanduel,176,False,0.5024827763879386,0.41426813824117864,0.3949733524523334,0.33917626460633954,17.175685133360474,1856.5166666666667,,"draftkings@0.5,pinnacle@0.5,sgo_fair@0.5",v2,False,1.1032038554164156,0.36231884057971014,0.3614950997447371,-0.0008237408349730524,-0.0022735247045256868,0.055797087845993854,177.0,197.0,pass,2026-10-02T21:36:31+00:00,sgo_slate_alt_20261002T213627Z.json
ANA@VGK,Jackson LaCombe,ANA,d1,PP1,A,over,0.5,draftkings,130,False,0.5940448994570362,0.5522714888730137,0.4479103847735324,0.4243592373875067,25.36882371969002,2740.9808333333335,,"draftkings@0.5,pinnacle@0.5,sgo_fair@0.5",v2,False,1.1032038554164156,0.43478260869565216,0.433779696341917,-0.0010029123537351747,-0.0023066984135909907,0.023551147386025706,131.0,145.0,pass,2026-10-02T21:36:31+00:00,sgo_slate_alt_20261002T213627Z.json
NYR@DET,Vladislav Gavrikov,NYR,d1,-,SOG,under,1.5,draftkings,-150,False,1.33111673441584,1.434337769597629,0.6192604068869614,0.5847025839086432,22.567457519226874,2840.661666666667,,"draftkings@1.5,pinnacle@1.5,sgo_fair@1.5",v2,False,1.1182260686839482,0.6,0.5985257130999704,-0.0014742869000295977,-0.002457144833382774,0.03455782297831822,-149.0,-134.0,pass,2026-10-02T21:36:31+00:00,sgo_slate_alt_20261002T213627Z.json
WSH@CAR,Sebastian Aho,CAR,f1,PP1,SOG,over,3.5,fanduel,275,True,2.657196105643229,2.5417427564759048,0.2803613801276206,0.25634342695203355,19.607974986022285,2284.8791666666666,,"draftkings@2.5,fanduel@2.5,pinnacle@2.5,sgo_fair@2.5",v2,False,1.1182260686839482,0.26666666666666666,0.26595060822226835,-0.0007160584443983153,-0.0026852191664936687,0.024017953175587026,276.0,315.0,pass,2026-10-02T21:36:31+00:00,sgo_slate_alt_20261002T213627Z.json
ANA@VGK,Leo Carlsson,ANA,f1,PP1,PTS,over,0.5,draftkings,-145,False,0.8007260759768395,0.9581897293945755,0.5509971644379398,0.6164133465243854,17.96890196451367,1895.936666666667,,"draftkings@0.5,pinnacle@0.5,sgo_fair@1.0",v2,False,1.0468644783193533,0.5918367346938775,0.5902468736898072,-0.0015898610040703254,-0.0026863168689463812,-0.06541618208644562,-144.0,-130.0,pass,2026-10-02T21:36:31+00:00,sgo_slate_alt_20261002T213627Z.json
NYR@DET,Adam Fox,NYR,d1,PP1,SOG,over,0.5,draftkings,-475,True,1.7046004708726388,1.879623832479008,0.8064820653814488,0.8354182277019757,22.258802105644207,2111.2541666666666,,"draftkings@1.5,fanduel@1.5,pinnacle@1.5,sgo_fair@2.0",v2,False,1.1182260686839482,0.8260869565217391,0.8238437627737649,-0.0022431937479742148,-0.0027154450633372074,-0.02893616232052687,-468.0,-397.0,pass,2026-10-02T21:36:31+00:00,sgo_slate_alt_20261002T213627Z.json
WSH@CAR,Shayne Gostisbehere,CAR,d3,PP1,PTS,over,0.5,draftkings,-110,False,0.8177408642389561,0.6894275061488776,0.5585722258318927,0.49813669950726613,16.932991501259885,1660.3433333333335,,"draftkings@0.5,pinnacle@0.5,sgo_fair@0.5",v2,False,1.0468644783193533,0.5238095238095238,0.5223109100371168,-0.0014986137724070092,-0.0028609899291405227,0.060435526324626565,-109.0,101.0,pass,2026-10-02T21:36:31+00:00,sgo_slate_alt_20261002T213627Z.json
STL@DAL,Mikko Rantanen,DAL,f1,PP1,SOG,over,1.5,draftkings,-240,True,2.6010531603381617,2.498906549571997,0.7155592759053316,0.6959624703159891,20.640933758585803,2075.3450000000003,,"draftkings@2.5,fanduel@2.5,pinnacle@2.5,sgo_fair@2.5",v2,False,1.1182260686839482,0.7058823529411765,0.7038011925517261,-0.002081160389450387,-0.0029483105517212893,0.019596805589342514,-238.0,-211.0,pass,2026-10-02T21:36:31+00:00,sgo_slate_alt_20261002T213627Z.json
WSH@CAR,Alex Ovechkin,WSH,f2,PP1,G,over,1.5,draftkings,2000,False,0.3635370748202247,0.332412374856016,0.05205136526666165,0.04440515677437608,16.67895270691558,1949.2041666666667,,"fanduel@0.5,pinnacle@0.5,sgo_fair@0.5",v2,False,1.0982596332481283,0.047619047619047616,0.04746364017129031,-0.0001554074477573067,-0.0032635564029035447,0.007646208492285575,2007.0,4352.0,pass,2026-10-02T21:36:31+00:00,sgo_slate_alt_20261002T213627Z.json
STL@DAL,Thomas Harley,DAL,d1,PP2,PTS,over,0.5,draftkings,135,False,0.6240243257528795,0.5065192939827783,0.4642160758384042,0.3974106307927441,23.654813514126516,2434.6675,,"draftkings@0.5,pinnacle@0.5,sgo_fair@0.5",v2,False,1.0468644783193533,0.425531914893617,0.4241328088110081,-0.001399106082608903,-0.0032878992941308693,0.0668054450456601,136.0,151.0,pass,2026-10-02T21:36:31+00:00,sgo_slate_alt_20261002T213627Z.json
NYR@DET,Lucas Raymond,DET,f1,PP1,SOG,over,1.5,draftkings,-230,True,2.556125798842208,2.450707374197824,0.7070842505130146,0.6863032509415143,18.249403362076805,2197.0216666666665,,"draftkings@2.5,fanduel@2.5,pinnacle@2.5,sgo_fair@2.5",v2,False,1.1182260686839482,0.696969696969697,0.6946156507701144,-0.0023540461995825712,-0.0033775445472271626,0.020780999571500258,-227.0,-203.0,pass,2026-10-02T21:36:31+00:00,sgo_slate_alt_20261002T213627Z.json
STL@DAL,Jason Robertson,DAL,f2,PP1,G,over,1.5,fanduel,900,True,0.5802289691303372,0.49614242249956214,0.11543494266575478,0.0890364060674533,20.375929813628595,2317.33,,"fanduel@0.5,pinnacle@0.5,sgo_fair@0.5",v2,False,1.0982596332481283,0.1,0.09959582070677389,-0.00040417929322611457,-0.004041792932261146,0.026398536598301478,904.0,1241.0,pass,2026-10-02T21:36:31+00:00,sgo_slate_alt_20261002T213627Z.json
ANA@VGK,Leo Carlsson,ANA,f1,PP1,G,over,1.5,draftkings,2000,False,0.34007207651731897,0.34803763015001526,0.04624521137309697,0.048187961760062334,17.96890196451367,1895.936666666667,,"fanduel@0.5,pinnacle@0.5,sgo_fair@0.5",v2,False,1.0982596332481283,0.047619047619047616,0.04741086160527619,-0.00020818601377142754,-0.004371906289200034,-0.0019427503869653626,2009.0,4362.0,pass,2026-10-02T21:36:31+00:00,sgo_slate_alt_20261002T213627Z.json
ANA@VGK,Mikael Granlund,ANA,f2,PP1,SOG,over,0.5,draftkings,-575,True,2.02184645794625,1.9313774661704575,0.8555892350038307,0.8430792087908378,18.703895528300663,1838.5333333333333,,"draftkings@1.5,fanduel@1.5,pinnacle@1.5,sgo_fair@2.0",v2,False,1.1182260686839482,0.8518518518518519,0.8480832192760349,-0.0037686325758169437,-0.0044240469368286295,0.012510026212992909,-558.0,-465.0,pass,2026-10-02T21:36:31+00:00,sgo_slate_alt_20261002T213627Z.json
ANA@VGK,Tomas Hertl,VGK,f3,PP1,SOG,over,1.5,draftkings,-225,True,2.6466105220211182,2.353751697418152,0.7239262892815487,0.6660482799611411,14.758236776055922,1974.8158333333336,,"draftkings@2.5,fanduel@2.5,pinnacle@2.5,sgo_fair@2.5",v2,False,1.1182260686839482,0.6923076923076923,0.6891994836893042,-0.0031082086183881197,-0.004489634671005049,0.05787800932040754,-222.0,-198.0,pass,2026-10-02T21:36:31+00:00,sgo_slate_alt_20261002T213627Z.json
ANA@VGK,Cutter Gauthier,ANA,f1,PP1,PTS,over,1.5,draftkings,350,True,0.8057008278845367,0.93357718895311,0.1932585459469467,0.23982410812823401,16.623295864485087,1833.5541666666666,,"draftkings@0.5,pinnacle@0.5,sgo_fair@1.0",v2,False,1.0468644783193533,0.2222222222222222,0.2211978832557191,-0.0010243389665031133,-0.004609525349264065,-0.04656556218128732,352.0,410.0,pass,2026-10-02T21:36:31+00:00,sgo_slate_alt_20261002T213627Z.json
BOS@WPG,Morgan Barron,WPG,f3,-,G,over,1.5,fanduel,10000,False,0.15512955588873187,0.1420825136137728,0.010857673891726385,0.009186693487389172,13.132011872370791,1177.495,,sgo_fair@0.5,v2,False,1.0982596332481283,0.009900990099009901,0.009855085649124056,-4.590444988584498e-05,-0.004636349438470355,0.0016709804043372137,10047.0,,pass,2026-10-02T21:36:31+00:00,sgo_slate_alt_20261002T213627Z.json
BOS@WPG,Morgan Barron,WPG,f3,-,G,over,1.5,draftkings,10000,False,0.15512955588873187,0.1420825136137728,0.010857673891726385,0.009186693487389172,13.132011872370791,1177.495,,sgo_fair@0.5,v2,False,1.0982596332481283,0.009900990099009901,0.009855085649124056,-4.590444988584498e-05,-0.004636349438470355,0.0016709804043372137,10047.0,,pass,2026-10-02T21:36:31+00:00,sgo_slate_alt_20261002T213627Z.json
NYR@DET,Adam Fox,NYR,d1,PP1,SOG,over,1.5,fanduel,-114,False,1.7046004708726388,1.879623832479008,0.500112035297753,0.5501917388716653,22.258802105644207,2111.2541666666666,,"draftkings@1.5,fanduel@1.5,pinnacle@1.5,sgo_fair@2.0",v2,False,1.1182260686839482,0.5327102803738317,0.5301598574421005,-0.0025504229317312443,-0.0047876360297411935,-0.050079703573912226,-113.0,-102.0,pass,2026-10-02T21:36:31+00:00,sgo_slate_alt_20261002T213627Z.json
NYR@DET,Alexis Lafrenière,NYR,f1,PP1,SOG,under,2.5,draftkings,-155,False,2.250055125162716,2.3028007819748226,0.6126550356951885,0.5993531794948814,17.94658220183404,0.0,no NHL data: 85% of positional prior,"draftkings@2.5,fanduel@2.5,pinnacle@2.5,sgo_fair@2.5",v2,False,1.1182260686839482,0.6078431372549019,0.6046739219750042,-0.0031692152798976636,-0.005213870299186629,0.013301856200307105,-153.0,-138.0,pass,2026-10-02T21:36:31+00:00,sgo_slate_alt_20261002T213627Z.json
WSH@CAR,Nikolaj Ehlers,CAR,f3,PP1,G,over,1.5,draftkings,2000,False,0.3539028016668013,0.33846652267278987,0.04963714608154116,0.045857216109520905,16.96250861269781,1870.6825,,"pinnacle@0.5,sgo_fair@0.5",v2,False,1.0982596332481283,0.047619047619047616,0.047369188098329004,-0.00024985952071861217,-0.005247049935090953,0.0037799299720202573,2011.0,4370.0,pass,2026-10-02T21:36:31+00:00,sgo_slate_alt_20261002T213627Z.json
WSH@CAR,Tom Wilson,WSH,f1,PP1,SOG,over,1.5,draftkings,-125,False,1.8366419942423062,1.922433066195927,0.5382596259038742,0.5618372899575873,18.257601622938086,2083.9066666666668,,"draftkings@1.5,fanduel@1.5,pinnacle@1.5,sgo_fair@2.0",v2,False,1.1182260686839482,0.5555555555555556,0.5524062243361021,-0.0031493312194534884,-0.005668796195016257,-0.023577664053713088,-123.0,-112.0,pass,2026-10-02T21:36:31+00:00,sgo_slate_alt_20261002T213627Z.json
BOS@WPG,Mark Scheifele,WPG,f1,PP1,SOG,over,3.5,draftkings,340,True,2.5971355288162172,2.2523366202078225,0.2678329489678731,0.19790674273963432,19.993486037779117,2517.563333333333,,"draftkings@2.5,fanduel@2.5,pinnacle@2.5,sgo_fair@2.5",v2,False,1.1182260686839482,0.22727272727272727,0.22587722523092985,-0.0013955020417974195,-0.006140208983908546,0.06992620622823875,343.0,398.0,pass,2026-10-02T21:36:31+00:00,sgo_slate_alt_20261002T213627Z.json
BOS@WPG,Neal Pionk,WPG,d2,PP2,SOG,over,0.5,draftkings,-550,True,1.9264736148120283,1.907443795290105,0.8423695531212163,0.8395837563767381,21.56093374973941,1843.1675,,"draftkings@1.5,pinnacle@1.5,sgo_fair@2.0",v2,False,1.1182260686839482,0.8461538461538461,0.8406980750745294,-0.005455771079316718,-0.006447729457374263,0.0027857967444782084,-528.0,-443.0,pass,2026-10-02T21:36:31+00:00,sgo_slate_alt_20261002T213627Z.json
ANA@VGK,Tomas Hertl,VGK,f3,PP1,SOG,over,0.5,draftkings,-1000,True,2.6466105220211182,2.353751697418152,0.9179560941712692,0.8932489403966805,14.758236776055922,1974.8158333333336,,"draftkings@2.5,fanduel@2.5,pinnacle@2.5,sgo_fair@2.5",v2,False,1.1182260686839482,0.9090909090909091,0.903131801906516,-0.005959107184393075,-0.006555017902832305,0.024707153774588764,-932.0,-721.0,pass,2026-10-02T21:36:31+00:00,sgo_slate_alt_20261002T213627Z.json
NYR@DET,Justin Faulk,DET,d3,PP2,PTS,over,0.5,draftkings,170,False,0.5105114457175585,0.425660074046736,0.3998114635554853,0.34666160894617726,19.45308564413804,2504.826666666667,,"draftkings@0.5,sgo_fair@0.5",v2,False,1.0468644783193533,0.37037037037037035,0.36792155078990046,-0.0024488195804698853,-0.0066118128672686405,0.053149854609308045,172.0,192.0,pass,2026-10-02T21:36:31+00:00,sgo_slate_alt_20261002T213627Z.json
BOS@WPG,David Pastrnak,BOS,f1,PP1,PTS,under,1.5,draftkings,-235,False,1.066842862816821,1.1322324619603372,0.711186478734494,0.6872460311611164,19.305080809204785,2352.8866666666668,,"draftkings@1.5,pinnacle@0.5,sgo_fair@1.0",v2,False,1.0468644783193533,0.7014925373134329,0.6968222101904674,-0.004670327122965445,-0.0066577003667804835,0.023940447573377654,-230.0,-205.0,pass,2026-10-02T21:36:31+00:00,sgo_slate_alt_20261002T213627Z.json
WSH@CAR,Logan Stankoven,CAR,f2,PP2,G,over,1.5,draftkings,2000,False,0.352571745266632,0.33888802955386094,0.04930688771101517,0.045958959226657346,17.072616370327324,1801.0691666666667,,"pinnacle@0.5,sgo_fair@0.5",v2,False,1.0982596332481283,0.047619047619047616,0.047298130620400475,-0.0003209169986471416,-0.006739256971590057,0.0033479284843578247,2014.0,4385.0,pass,2026-10-02T21:36:31+00:00,sgo_slate_alt_20261002T213627Z.json
NYR@DET,Pavel Dorofeyev,NYR,f2,PP1,G,over,1.5,fanduel,1500,True,0.40584402418140264,0.39920672164333404,0.0631257145365756,0.0613393620333648,16.450106012385557,2082.9491666666668,,"fanduel@0.5,pinnacle@0.5,sgo_fair@0.5",v2,False,1.0982596332481283,0.0625,0.06205390303464912,-0.00044609696535088256,-0.007137551445614121,0.0017863525032108044,1512.0,2599.0,pass,2026-10-02T21:36:31+00:00,sgo_slate_alt_20261002T213627Z.json
WSH@CAR,Shayne Gostisbehere,CAR,d3,PP1,PTS,over,0.5,fanduel,-111,False,0.8177408642389561,0.6894275061488776,0.5585722258318927,0.49813669950726613,16.932991501259885,1660.3433333333335,,"draftkings@0.5,pinnacle@0.5,sgo_fair@0.5",v2,False,1.0468644783193533,0.5260663507109005,0.5223109100371168,-0.0037554406737836388,-0.00713872056007514,0.060435526324626565,-109.0,101.0,pass,2026-10-02T21:36:31+00:00,sgo_slate_alt_20261002T213627Z.json
ANA@VGK,Jackson LaCombe,ANA,d1,PP1,SOG,over,2.5,fanduel,255,True,1.745925016041635,1.8898617382863467,0.25730865038433703,0.2945732359279499,25.36882371969002,2740.9808333333335,,"draftkings@1.5,fanduel@1.5,pinnacle@1.5,sgo_fair@2.5",v2,False,1.1182260686839482,0.28169014084507044,0.27966740171050475,-0.0020227391345656875,-0.007180723927708188,-0.03726458554361284,258.0,293.0,pass,2026-10-02T21:36:31+00:00,sgo_slate_alt_20261002T213627Z.json
BOS@WPG,Mark Scheifele,WPG,f1,PP1,A,over,0.5,fanduel,-111,False,0.8269486465128035,0.6839344139516107,0.562618141127045,0.49537233261714897,19.993486037779117,2517.563333333333,,"draftkings@0.5,pinnacle@0.5,sgo_fair@0.5",v2,False,1.1032038554164156,0.5260663507109005,0.5222706560211074,-0.0037956946897930166,-0.00721523945537228,0.06724580850989603,-109.0,101.0,pass,2026-10-02T21:36:31+00:00,sgo_slate_alt_20261002T213627Z.json
STL@DAL,Roope Hintz,DAL,f2,PP1,SOG,over,0.5,draftkings,-900,True,2.437534293461486,2.3042341173452443,0.9010247260626375,0.8883554900251904,16.249302644351516,1496.78,,"draftkings@2.5,fanduel@2.5,pinnacle@2.5,sgo_fair@2.5",v2,False,1.1182260686839482,0.9,0.8934231844401692,-0.0065768155598308065,-0.007307572844256427,0.012669236037447074,-838.0,-660.0,pass,2026-10-02T21:36:31+00:00,sgo_slate_alt_20261002T213627Z.json
BOS@WPG,James Hagens,BOS,f3,PP2,PTS,over,0.5,fanduel,196,False,0.397640424151678,0.41565288683745133,0.32809641546820245,0.3400907060644245,13.841666666666665,42.55,,"draftkings@0.5,sgo_fair@0.5",v1,False,1.0468644783193533,0.33783783783783783,0.3352929898259357,-0.0025448480119021344,-0.007532750115230358,-0.011994290596222035,198.0,222.0,pass,2026-10-02T21:36:31+00:00,sgo_slate_alt_20261002T213627Z.json
NYR@DET,Moritz Seider,DET,d1,PP1,A,over,0.5,draftkings,120,False,0.6692367443672119,0.556111779803181,0.4879007086709277,0.42656562608832344,24.012255414088816,3029.8125,,"draftkings@0.5,pinnacle@0.5,sgo_fair@0.5",v2,False,1.1032038554164156,0.45454545454545453,0.4510996591213652,-0.0034457954240893485,-0.007580749932996511,0.06133508258260428,122.0,135.0,pass,2026-10-02T21:36:31+00:00,sgo_slate_alt_20261002T213627Z.json
ANA@VGK,Mark Stone,VGK,f1,PP1,A,over,1.5,fanduel,600,True,0.7254798524768025,0.6138519666434453,0.16470862702399555,0.12648337705529591,19.299075818445587,1741.9358333333332,,"draftkings@0.5,pinnacle@0.5,sgo_fair@0.5",v2,False,1.1032038554164156,0.14285714285714285,0.14177347704277576,-0.0010836658143670852,-0.007585660700569652,0.03822524996869964,605.0,756.0,pass,2026-10-02T21:36:31+00:00,sgo_slate_alt_20261002T213627Z.json
STL@DAL,Mikko Rantanen,DAL,f1,PP1,SOG,over,0.5,draftkings,-1100,True,2.6010531603381617,2.498906549571997,0.9145440623246308,0.9063435824044015,20.640933758585803,2075.3450000000003,,"draftkings@2.5,fanduel@2.5,pinnacle@2.5,sgo_fair@2.5",v2,False,1.1182260686839482,0.9166666666666666,0.9096237743724932,-0.007042892294173431,-0.00768315523000751,0.00820047992022932,-1006.0,-767.0,pass,2026-10-02T21:36:31+00:00,sgo_slate_alt_20261002T213627Z.json
BOS@WPG,Mark Scheifele,WPG,f1,PP1,SOG,over,1.5,draftkings,-210,True,2.5971355288162172,2.2523366202078225,0.714829161074885,0.6436505706255681,19.993486037779117,2517.563333333333,,"draftkings@2.5,fanduel@2.5,pinnacle@2.5,sgo_fair@2.5",v2,False,1.1182260686839482,0.6774193548387096,0.6721220068052949,-0.0052973480334147505,-0.007819894715993203,0.07117859044931696,-205.0,-183.0,pass,2026-10-02T21:36:31+00:00,sgo_slate_alt_20261002T213627Z.json
BOS@WPG,Mark Scheifele,WPG,f1,PP1,SOG,over,1.5,fanduel,-210,True,2.5971355288162172,2.2523366202078225,0.714829161074885,0.6436505706255681,19.993486037779117,2517.563333333333,,"draftkings@2.5,fanduel@2.5,pinnacle@2.5,sgo_fair@2.5",v2,False,1.1182260686839482,0.6774193548387096,0.6721220068052949,-0.0052973480334147505,-0.007819894715993203,0.07117859044931696,-205.0,-183.0,pass,2026-10-02T21:36:31+00:00,sgo_slate_alt_20261002T213627Z.json
ANA@VGK,Tomas Hertl,VGK,f3,PP1,A,over,0.5,fanduel,180,False,0.48639007367282316,0.4060154188833554,0.38515807311757483,0.33370010625465923,14.758236776055922,1974.8158333333336,,"draftkings@0.5,pinnacle@0.5,sgo_fair@0.5",v2,False,1.1032038554164156,0.35714285714285715,0.35428329299982547,-0.0028595641430316787,-0.00800677960048879,0.051457966862915594,182.0,204.0,pass,2026-10-02T21:36:31+00:00,sgo_slate_alt_20261002T213627Z.json
BOS@WPG,Gabriel Vilardi,WPG,f2,PP1,PTS,over,0.5,fanduel,-125,False,0.9243900297485824,0.7259624982274028,0.6032266347731432,0.5161413683158754,17.433178488819145,2116.1,,"draftkings@0.5,pinnacle@0.5,sgo_fair@0.5",v2,False,1.0468644783193533,0.5555555555555556,0.5509754748987825,-0.004580080656773067,-0.008244145182191409,0.08708526645726777,-123.0,-111.0,pass,2026-10-02T21:36:31+00:00,sgo_slate_alt_20261002T213627Z.json
BOS@WPG,David Pastrnak,BOS,f1,PP1,G,under,0.5,fanduel,-190,False,0.3563830458075217,0.48484378153756535,0.7002043585163309,0.6157933875468815,19.305080809204785,2352.8866666666668,,"fanduel@0.5,pinnacle@0.5,sgo_fair@0.5",v2,False,1.0982596332481283,0.6551724137931034,0.6495577759346612,-0.005614637858442184,-0.008569710415517129,0.08441097096944938,-185.0,-166.0,pass,2026-10-02T21:36:31+00:00,sgo_slate_alt_20261002T213627Z.json
NYR@DET,Adam Fox,NYR,d1,PP1,SOG,over,1.5,draftkings,-115,False,1.7046004708726388,1.879623832479008,0.500112035297753,0.5501917388716653,22.258802105644207,2111.2541666666666,,"draftkings@1.5,fanduel@1.5,pinnacle@1.5,sgo_fair@2.0",v2,False,1.1182260686839482,0.5348837209302325,0.5301598574421005,-0.00472386348813203,-0.008831570869116567,-0.050079703573912226,-113.0,-102.0,pass,2026-10-02T21:36:31+00:00,sgo_slate_alt_20261002T213627Z.json
BOS@WPG,Mark Scheifele,WPG,f1,PP1,SOG,over,2.5,draftkings,135,False,2.5971355288162172,2.2523366202078225,0.47253948594672734,0.3879224850329229,19.993486037779117,2517.563333333333,,"draftkings@2.5,fanduel@2.5,pinnacle@2.5,sgo_fair@2.5",v2,False,1.1182260686839482,0.425531914893617,0.4217692853984447,-0.0037626294951723094,-0.00884217931365483,0.08461700091380442,137.0,152.0,pass,2026-10-02T21:36:31+00:00,sgo_slate_alt_20261002T213627Z.json
WSH@CAR,Jackson Blake,CAR,f2,PP1,PTS,over,0.5,draftkings,-115,False,0.7913751853620565,0.7318317209230594,0.5467788964925719,0.5189729247324563,17.175685133360474,1856.5166666666667,,"draftkings@0.5,pinnacle@0.5,sgo_fair@0.5",v2,False,1.0468644783193533,0.5348837209302325,0.5300953134365025,-0.004788407493729996,-0.008952240096973596,0.027805971760115678,-113.0,-102.0,pass,2026-10-02T21:36:31+00:00,sgo_slate_alt_20261002T213627Z.json
STL@DAL,Roope Hintz,DAL,f2,PP1,A,over,0.5,fanduel,128,False,0.6007783600420442,0.5504908567685092,0.4516153707500273,0.42333331984515,16.249302644351516,1496.78,,"draftkings@0.5,pinnacle@0.5,sgo_fair@0.5",v2,False,1.1032038554164156,0.43859649122807015,0.4346461402071009,-0.003950351020969245,-0.009006800327809872,0.028282050904877287,130.0,144.0,pass,2026-10-02T21:36:31+00:00,sgo_slate_alt_20261002T213627Z.json
BOS@WPG,Isak Rosen,WPG,f2,PP2,A,under,0.5,draftkings,-390,False,0.1695821238164737,0.28590195726495055,0.8440174377009679,0.751336275399322,12.432813007320586,460.3691666666667,,"draftkings@0.5,sgo_fair@0.5",v2,False,1.1032038554164156,0.7959183673469388,0.7884087403199804,-0.007509627026958343,-0.009435172418486126,0.09268116230164591,-373.0,-323.0,pass,2026-10-02T21:36:31+00:00,sgo_slate_alt_20261002T213627Z.json
ANA@VGK,Leo Carlsson,ANA,f1,PP1,SOG,over,1.5,draftkings,-240,True,2.6147602429764167,2.4504871633866157,0.7181005368302528,0.6862585022908,17.96890196451367,1895.936666666667,,"draftkings@2.5,fanduel@2.5,pinnacle@2.5,sgo_fair@2.5",v2,False,1.1182260686839482,0.7058823529411765,0.698995316106581,-0.006887036834595461,-0.009756635515676737,0.03184203453945278,-232.0,-207.0,pass,2026-10-02T21:36:31+00:00,sgo_slate_alt_20261002T213627Z.json
ANA@VGK,Leo Carlsson,ANA,f1,PP1,SOG,over,0.5,draftkings,-1100,True,2.6147602429764167,2.4504871633866157,0.9155859830635747,0.9021730009260038,17.96890196451367,1895.936666666667,,"draftkings@2.5,fanduel@2.5,pinnacle@2.5,sgo_fair@2.5",v2,False,1.1182260686839482,0.9166666666666666,0.9075381937810322,-0.009128472885634453,-0.009958334057055929,0.013412982137570917,-982.0,-751.0,pass,2026-10-02T21:36:31+00:00,sgo_slate_alt_20261002T213627Z.json
ANA@VGK,Mitch Marner,VGK,f2,PP1,SOG,over,1.5,fanduel,-230,True,2.583127338622359,2.396786259523875,0.7122046438342858,0.6751762020335192,20.54836472665646,2414.8641666666667,,"draftkings@2.5,fanduel@2.5,sgo_fair@2.5",v2,False,1.1182260686839482,0.696969696969697,0.6899875787538259,-0.006982118215871136,-0.010017821787989045,0.03702844180076659,-223.0,-198.0,pass,2026-10-02T21:36:31+00:00,sgo_slate_alt_20261002T213627Z.json
WSH@CAR,Nikolaj Ehlers,CAR,f3,PP1,PTS,over,0.5,draftkings,-145,False,1.002834473293441,0.8076300594929091,0.6331618268594024,0.554086396339592,16.96250861269781,1870.6825,,"draftkings@0.5,pinnacle@0.5,sgo_fair@0.5",v2,False,1.0468644783193533,0.5918367346938775,0.5857165685475161,-0.006120166146361461,-0.010340970385231407,0.07907543051981036,-141.0,-128.0,pass,2026-10-02T21:36:31+00:00,sgo_slate_alt_20261002T213627Z.json
WSH@CAR,Andrei Svechnikov,CAR,f1,PP1,PTS,over,0.5,draftkings,-145,False,1.0130712935724613,0.8017377472680647,0.636897927786241,0.5514511780213798,17.174841336373092,1912.6491666666668,,"draftkings@0.5,pinnacle@0.5,sgo_fair@0.5",v2,False,1.0468644783193533,0.5918367346938775,0.5856298779273243,-0.006206856766553193,-0.010487447640038172,0.08544674976486122,-141.0,-128.0,pass,2026-10-02T21:36:31+00:00,sgo_slate_alt_20261002T213627Z.json
BOS@WPG,Cole Perfetti,WPG,f1,PP1,SOG,over,0.5,draftkings,-750,True,2.3304469153221623,2.0645202280148043,0.8909744395842565,0.8611240361338078,16.53972973493684,1622.8166666666666,,"draftkings@1.5,fanduel@1.5,pinnacle@1.5,sgo_fair@2.0",v2,False,1.1182260686839482,0.8823529411764706,0.8730641975139872,-0.009288743662483334,-0.010527242817481186,0.029850403450448648,-688.0,-558.0,pass,2026-10-02T21:36:31+00:00,sgo_slate_alt_20261002T213627Z.json
BOS@WPG,Gabriel Vilardi,WPG,f2,PP1,SOG,over,3.5,draftkings,550,True,2.239414705371673,1.8449681368386326,0.19538066080806069,0.1234413030403814,17.433178488819145,2116.1,,"draftkings@1.5,fanduel@1.5,pinnacle@1.5,sgo_fair@1.5",v2,False,1.1182260686839482,0.15384615384615385,0.15221704614745313,-0.001629107698700727,-0.010589200041554614,0.07193935776767929,557.0,686.0,pass,2026-10-02T21:36:31+00:00,sgo_slate_alt_20261002T213627Z.json
WSH@CAR,Nikolaj Ehlers,CAR,f3,PP1,SOG,over,0.5,draftkings,-1100,True,2.7332428940508695,2.3770361799667477,0.9240575093764398,0.8954719848546886,16.96250861269781,1870.6825,,"draftkings@2.5,fanduel@2.5,pinnacle@2.5,sgo_fair@2.5",v2,False,1.1182260686839482,0.9166666666666666,0.9069061946633892,-0.009760472003277454,-0.010647787639939121,0.028585524521751227,-974.0,-747.0,pass,2026-10-02T21:36:31+00:00,sgo_slate_alt_20261002T213627Z.json
STL@DAL,Miro Heiskanen,DAL,d1,PP1,SOG,under,2.5,fanduel,-182,False,1.8688868290955494,2.3397194152326795,0.7108710630539367,0.5901084846091142,25.972927915823785,2527.524166666667,,"draftkings@2.5,fanduel@2.5,pinnacle@2.5,sgo_fair@2.5",v2,False,1.1182260686839482,0.6453900709219859,0.6384135159870432,-0.006976554934942647,-0.010809826877218764,0.12076257844482241,-177.0,-159.0,data-check,2026-10-02T21:36:31+00:00,sgo_slate_alt_20261002T213627Z.json
WSH@CAR,Aliaksei Protas,WSH,f3,-,G,over,1.5,draftkings,5000,False,0.20612303877179008,0.21449380973488366,0.01853794229604377,0.019964454692853843,16.074257638877974,1948.75,,sgo_fair@0.5,v2,False,1.0982596332481283,0.0196078431372549,0.019393849734129814,-0.000213993403125088,-0.010913663559379505,-0.0014265123968100722,5056.0,,pass,2026-10-02T21:36:31+00:00,sgo_slate_alt_20261002T213627Z.json
STL@DAL,Wyatt Johnston,DAL,f1,PP1,SOG,over,3.5,fanduel,220,True,2.8903229975497946,2.7296758812251145,0.32937792723126563,0.29555430374116787,20.913031427503284,2348.4791666666665,,"draftkings@2.5,fanduel@2.5,pinnacle@2.5,sgo_fair@2.5",v2,False,1.1182260686839482,0.3125,0.309083753137207,-0.0034162468627930154,-0.010931989960937583,0.033823623490097765,224.0,252.0,pass,2026-10-02T21:36:31+00:00,sgo_slate_alt_20261002T213627Z.json
STL@DAL,Mikko Rantanen,DAL,f1,PP1,A,over,0.5,draftkings,-120,False,0.8340142621149719,0.7381798596182657,0.5656976211906345,0.5220168793769518,20.640933758585803,2075.3450000000003,,"draftkings@0.5,pinnacle@0.5,sgo_fair@0.5",v2,False,1.1032038554164156,0.5454545454545454,0.539489176102425,-0.005965369352120442,-0.01093651047888744,0.043680741813682644,-117.0,-106.0,pass,2026-10-02T21:36:31+00:00,sgo_slate_alt_20261002T213627Z.json
ANA@VGK,Ivan Barbashev,VGK,f1,-,SOG,over,1.5,draftkings,-120,False,1.8094396661884347,1.8618637450257456,0.5305842499942709,0.5452904737490254,16.2984941270241,1875.4308333333333,,"draftkings@1.5,pinnacle@1.5,sgo_fair@2.0",v2,False,1.1182260686839482,0.5454545454545454,0.5394079842471236,-0.006046561207421863,-0.011085362213606786,-0.0147062237547545,-117.0,-106.0,pass,2026-10-02T21:36:31+00:00,sgo_slate_alt_20261002T213627Z.json
ANA@VGK,Tomas Hertl,VGK,f3,PP1,SOG,over,1.5,fanduel,-230,True,2.6466105220211182,2.353751697418152,0.7239262892815487,0.6660482799611411,14.758236776055922,1974.8158333333336,,"draftkings@2.5,fanduel@2.5,pinnacle@2.5,sgo_fair@2.5",v2,False,1.1182260686839482,0.696969696969697,0.6891994836893042,-0.007770213280392846,-0.011148566880563648,0.05787800932040754,-222.0,-198.0,pass,2026-10-02T21:36:31+00:00,sgo_slate_alt_20261002T213627Z.json
WSH@CAR,Eric Robinson,CAR,f1,-,PTS,under,0.5,draftkings,-220,False,0.3128921247403615,0.4377787115963257,0.7313288005980179,0.6454686017711349,13.254105782600528,1231.1041666666667,,"draftkings@0.5,sgo_fair@0.5",v2,False,1.0468644783193533,0.6875,0.6798126813018881,-0.0076873186981119,-0.011181554469980926,0.085860198826883,-212.0,-190.0,pass,2026-10-02T21:36:31+00:00,sgo_slate_alt_20261002T213627Z.json
WSH@CAR,Pierre-Luc Dubois,WSH,f1,PP1,PTS,over,0.5,draftkings,115,False,0.6723076583917278,0.5801023200482834,0.48947090935697773,0.440158919331701,16.026006939520308,1126.1958333333334,,"draftkings@0.5,pinnacle@0.5,sgo_fair@0.5",v2,False,1.0468644783193533,0.46511627906976744,0.4598837153418117,-0.005232563727955719,-0.011250012015104893,0.04931199002527675,117.0,130.0,pass,2026-10-02T21:36:31+00:00,sgo_slate_alt_20261002T213627Z.json
WSH@CAR,Tom Wilson,WSH,f1,PP1,SOG,over,0.5,draftkings,-550,True,1.8366419942423062,1.922433066195927,0.8287588584931861,0.8417823095096734,18.257601622938086,2083.9066666666668,,"draftkings@1.5,fanduel@1.5,pinnacle@1.5,sgo_fair@2.0",v2,False,1.1182260686839482,0.8461538461538461,0.8365729291030783,-0.009580917050767801,-0.011322901969089139,-0.013023451016487275,-512.0,-431.0,pass,2026-10-02T21:36:31+00:00,sgo_slate_alt_20261002T213627Z.json
ANA@VGK,Alex Killorn,ANA,f2,PP2,PTS,over,0.5,draftkings,155,False,0.5395194411119896,0.4590857758493934,0.4169716354740581,0.3681389558427894,18.20901908970822,2007.285,,"draftkings@0.5,pinnacle@0.5,sgo_fair@0.5",v2,False,1.0468644783193533,0.39215686274509803,0.38767202769529685,-0.0044848350498011835,-0.011436329376993126,0.048832679631268694,158.0,176.0,pass,2026-10-02T21:36:31+00:00,sgo_slate_alt_20261002T213627Z.json
NYR@DET,Alexis Lafrenière,NYR,f1,PP1,SOG,over,2.5,fanduel,150,False,2.250055125162716,2.3028007819748226,0.3873449643048115,0.40064682050511863,17.94658220183404,0.0,no NHL data: 85% of positional prior,"draftkings@2.5,fanduel@2.5,pinnacle@2.5,sgo_fair@2.5",v2,False,1.1182260686839482,0.4,0.3953260780249958,-0.004673921975004214,-0.011684804937510451,-0.013301856200307105,153.0,170.0,pass,2026-10-02T21:36:31+00:00,sgo_slate_alt_20261002T213627Z.json
STL@DAL,Tyler Seguin,DAL,f2,PP2,SOG,over,1.5,fanduel,-130,False,1.9165343465270064,1.9059648071166382,0.5602467977047327,0.557385576685693,14.963038356186521,595.2091666666668,,"draftkings@1.5,fanduel@1.5,pinnacle@1.5,sgo_fair@2.0",v2,False,1.1182260686839482,0.5652173913043478,0.5585300650933089,-0.0066873262110388465,-0.01183142329645348,0.002861221019039739,-127.0,-114.0,pass,2026-10-02T21:36:31+00:00,sgo_slate_alt_20261002T213627Z.json
STL@DAL,Tyler Seguin,DAL,f2,PP2,SOG,over,1.5,draftkings,-130,False,1.9165343465270064,1.9059648071166382,0.5602467977047327,0.557385576685693,14.963038356186521,595.2091666666668,,"draftkings@1.5,fanduel@1.5,pinnacle@1.5,sgo_fair@2.0",v2,False,1.1182260686839482,0.5652173913043478,0.5585300650933089,-0.0066873262110388465,-0.01183142329645348,0.002861221019039739,-127.0,-114.0,pass,2026-10-02T21:36:31+00:00,sgo_slate_alt_20261002T213627Z.json
NYR@DET,Lucas Raymond,DET,f1,PP1,SOG,over,0.5,draftkings,-1100,True,2.556125798842208,2.450707374197824,0.9110337503774772,0.9021924018763869,18.249403362076805,2197.0216666666665,,"draftkings@2.5,fanduel@2.5,pinnacle@2.5,sgo_fair@2.5",v2,False,1.1182260686839482,0.9166666666666666,0.9057289412768231,-0.0109377253898435,-0.011932064061647596,0.008841348501090307,-961.0,-738.0,pass,2026-10-02T21:36:31+00:00,sgo_slate_alt_20261002T213627Z.json
STL@DAL,Jason Robertson,DAL,f2,PP1,SOG,over,0.5,draftkings,-4000,True,3.681544311815819,3.511385545036372,0.9668452331581897,0.9616159043340696,20.375929813628595,2317.33,,"draftkings@3.5,fanduel@3.5,pinnacle@3.5,sgo_fair@3.5",v2,False,1.1182260686839482,0.975609756097561,0.9637076358637177,-0.011902120233843294,-0.012199673239689512,0.005229328824120083,-2655.0,-1532.0,pass,2026-10-02T21:36:31+00:00,sgo_slate_alt_20261002T213627Z.json
WSH@CAR,Sebastian Aho,CAR,f1,PP1,SOG,over,2.5,fanduel,110,False,2.657196105643229,2.5417427564759048,0.48663483625739784,0.45935333679406654,19.607974986022285,2284.8791666666666,,"draftkings@2.5,fanduel@2.5,pinnacle@2.5,sgo_fair@2.5",v2,False,1.1182260686839482,0.47619047619047616,0.4702659365793991,-0.005924539611077084,-0.01244153318326191,0.027281499463331305,113.0,125.0,pass,2026-10-02T21:36:31+00:00,sgo_slate_alt_20261002T213627Z.json
ANA@VGK,Ivan Barbashev,VGK,f1,-,SOG,over,0.5,draftkings,-525,True,1.8094396661884347,1.8618637450257456,0.8243992981716777,0.83269999875452,16.2984941270241,1875.4308333333333,,"draftkings@1.5,pinnacle@1.5,sgo_fair@2.0",v2,False,1.1182260686839482,0.84,0.8293797185213831,-0.010620281478616822,-0.012643192236448608,-0.00830070058284238,-486.0,-411.0,pass,2026-10-02T21:36:31+00:00,sgo_slate_alt_20261002T213627Z.json
WSH@CAR,Logan Stankoven,CAR,f2,PP2,SOG,over,0.5,draftkings,-800,True,2.3266691106987305,2.127935341221666,0.8906009893339873,0.8689429969646839,17.072616370327324,1801.0691666666667,,"draftkings@1.5,pinnacle@1.5,sgo_fair@2.5",v2,False,1.1182260686839482,0.8888888888888888,0.8776061939124054,-0.011282694976483487,-0.012693031848543979,0.021657992369303436,-717.0,-578.0,pass,2026-10-02T21:36:31+00:00,sgo_slate_alt_20261002T213627Z.json
ANA@VGK,Mark Stone,VGK,f1,PP1,A,over,0.5,draftkings,105,False,0.7254798524768025,0.6138519666434453,0.5159077796376449,0.4587380744954698,19.299075818445587,1741.9358333333332,,"draftkings@0.5,pinnacle@0.5,sgo_fair@0.5",v2,False,1.1032038554164156,0.4878048780487805,0.48160595655233984,-0.006198921496440635,-0.012707789067703423,0.057169705142175065,108.0,119.0,pass,2026-10-02T21:36:31+00:00,sgo_slate_alt_20261002T213627Z.json
NYR@DET,Alex DeBrincat,DET,f1,PP1,SOG,over,0.5,draftkings,-4000,True,3.5365140211988266,3.5490445411392613,0.9624394564933607,0.9628432074562052,18.58434807318392,2176.461666666667,,"draftkings@3.5,fanduel@3.5,pinnacle@3.5,sgo_fair@3.5",v2,False,1.1182260686839482,0.975609756097561,0.9626817070710675,-0.012928049026493471,-0.0132512502521559,-0.00040375096284450684,-2580.0,-1505.0,pass,2026-10-02T21:36:31+00:00,sgo_slate_alt_20261002T213627Z.json
STL@DAL,Jimmy Snuggerud,STL,f1,PP1,SOG,over,2.5,fanduel,125,False,2.5139109943810083,2.417232982071554,0.45266322859825536,0.42910675602318066,17.487775105522008,1217.4199999999998,,"draftkings@2.5,fanduel@2.5,sgo_fair@2.5",v2,False,1.1182260686839482,0.4444444444444444,0.43852934505321056,-0.005915099391233858,-0.013308973630276277,0.023556472575074705,128.0,142.0,pass,2026-10-02T21:36:31+00:00,sgo_slate_alt_20261002T213627Z.json
WSH@CAR,Shayne Gostisbehere,CAR,d3,PP1,SOG,over,1.5,draftkings,-135,False,2.0891866192908224,1.8477533987914245,0.604932325437445,0.5413672274730769,16.932991501259885,1660.3433333333335,,"draftkings@1.5,pinnacle@1.5,sgo_fair@1.5",v2,False,1.1182260686839482,0.574468085106383,0.5667932666588241,-0.0076748184475589065,-0.013359869149454306,0.06356509796436816,-131.0,-118.0,pass,2026-10-02T21:36:31+00:00,sgo_slate_alt_20261002T213627Z.json
BOS@WPG,Kyle Connor,WPG,f1,PP1,G,over,1.5,fanduel,1100,True,0.517040850108858,0.44288330625631395,0.09541519710458866,0.07340610866476606,19.93354117554885,2516.0816666666665,,"fanduel@0.5,pinnacle@0.5,sgo_fair@0.5",v2,False,1.0982596332481283,0.08333333333333333,0.0822097440406951,-0.0011235892926382274,-0.013483071511658729,0.022009088439822605,1116.0,1648.0,pass,2026-10-02T21:36:31+00:00,sgo_slate_alt_20261002T213627Z.json
STL@DAL,Robert Thomas,STL,f1,PP1,SOG,over,0.5,fanduel,-560,True,1.9685968464447192,1.840395320582499,0.8483577259429935,0.8293514431495149,18.68804235636643,1845.6466666666668,,"draftkings@1.5,fanduel@1.5,pinnacle@1.5,sgo_fair@2.0",v2,False,1.1182260686839482,0.8484848484848485,0.8369539562669064,-0.011530892217942124,-0.013589980114003142,0.0190062827934786,-513.0,-432.0,pass,2026-10-02T21:36:31+00:00,sgo_slate_alt_20261002T213627Z.json
NYR@DET,Marcus Pettersson,NYR,d2,-,PTS,under,0.5,draftkings,-370,False,0.2008587130947168,0.2896812690858152,0.8180280000340705,0.748502100321371,21.146885974092026,2565.24,,"draftkings@0.5,sgo_fair@0.5",v2,False,1.0468644783193533,0.7872340425531915,0.7763124602064508,-0.010921582346740677,-0.013873361359373337,0.06952589971269951,-347.0,-302.0,pass,2026-10-02T21:36:31+00:00,sgo_slate_alt_20261002T213627Z.json
WSH@CAR,Logan Stankoven,CAR,f2,PP2,SOG,over,2.5,fanduel,162,True,2.3266691106987305,2.127935341221666,0.40663012077796823,0.35618656520131664,17.072616370327324,1801.0691666666667,,"draftkings@1.5,pinnacle@1.5,sgo_fair@2.5",v2,False,1.1182260686839482,0.3816793893129771,0.3763639874319773,-0.005315401880999826,-0.013926352928219421,0.05044355557665159,166.0,185.0,pass,2026-10-02T21:36:31+00:00,sgo_slate_alt_20261002T213627Z.json
STL@DAL,Tyler Seguin,DAL,f2,PP2,SOG,over,0.5,draftkings,-575,True,1.9165343465270064,1.9059648071166382,0.8409208955354709,0.8393651019156074,14.963038356186521,595.2091666666668,,"draftkings@1.5,fanduel@1.5,pinnacle@1.5,sgo_fair@2.0",v2,False,1.1182260686839482,0.8518518518518519,0.8399874193635528,-0.011864432488299048,-0.013927812051481525,0.0015557936198634659,-525.0,-441.0,pass,2026-10-02T21:36:31+00:00,sgo_slate_alt_20261002T213627Z.json
WSH@CAR,Ilya Protas,WSH,f3,PP2,A,over,0.5,draftkings,250,False,0.35831405299394026,0.313018632411546,0.30114643651473383,0.26876371225349993,14.695833333333333,63.56666666666667,,"draftkings@0.5,sgo_fair@0.5",v1,False,1.1032038554164156,0.2857142857142857,0.28171680195799353,-0.003997483756292164,-0.013991193147022685,0.0323827242612339,255.0,290.0,pass,2026-10-02T21:36:31+00:00,sgo_slate_alt_20261002T213627Z.json
WSH@CAR,Jakob Chychrun,WSH,d1,PP1,SOG,under,1.5,fanduel,144,False,1.9438461414714083,2.1294097511647485,0.43242705620767286,0.38520899040686674,21.891377326993766,2568.704166666667,,"draftkings@1.5,fanduel@1.5,pinnacle@1.5,sgo_fair@2.0",v2,False,1.1182260686839482,0.4098360655737705,0.4040962167271892,-0.005739848846581297,-0.014005231185658329,0.04721806580080612,147.0,164.0,pass,2026-10-02T21:36:31+00:00,sgo_slate_alt_20261002T213627Z.json
STL@DAL,Jason Robertson,DAL,f2,PP1,G,over,0.5,fanduel,140,False,0.5802289691303372,0.49614242249956214,0.4402298182009305,0.3911250825903153,20.375929813628595,2317.33,,"fanduel@0.5,pinnacle@0.5,sgo_fair@0.5",v2,False,1.0982596332481283,0.4166666666666667,0.41076697683456137,-0.005899689832105315,-0.014159255597052778,0.04910473561061518,143.0,159.0,pass,2026-10-02T21:36:31+00:00,sgo_slate_alt_20261002T213627Z.json
ANA@VGK,Frank Vatrano,ANA,f3,-,PTS,under,0.5,draftkings,-270,False,0.2584452400959136,0.3798482675950076,0.7722513182994721,0.683965181021231,12.019763871136826,1230.6416666666667,,"draftkings@0.5,sgo_fair@0.5",v2,False,1.0468644783193533,0.7297297297297297,0.7192796359325275,-0.010450093797202187,-0.014320498907277157,0.08828613727824108,-256.0,-227.0,pass,2026-10-02T21:36:31+00:00,sgo_slate_alt_20261002T213627Z.json
BOS@WPG,Morgan Geekie,BOS,f2,PP1,SOG,over,1.5,fanduel,-170,False,2.205830514716359,2.1183823514688873,0.632955524538099,0.6121087568799081,17.069132083690253,2012.4566666666665,,"draftkings@1.5,fanduel@1.5,pinnacle@1.5,sgo_fair@2.0",v2,False,1.1182260686839482,0.6296296296296297,0.6204474639431844,-0.009182165686445254,-0.014583439619648253,0.020846767658190934,-163.0,-147.0,pass,2026-10-02T21:36:31+00:00,sgo_slate_alt_20261002T213627Z.json
ANA@VGK,Mark Stone,VGK,f1,PP1,G,over,0.5,fanduel,160,False,0.5090359812916607,0.4552743897893958,0.39892525309589955,0.36572609421454744,19.299075818445587,1741.9358333333332,,"fanduel@0.5,pinnacle@0.5,sgo_fair@0.5",v2,False,1.0982596332481283,0.38461538461538464,0.3790057577670883,-0.005609626848296356,-0.014585029805570415,0.03319915888135211,164.0,182.0,pass,2026-10-02T21:36:31+00:00,sgo_slate_alt_20261002T213627Z.json
STL@DAL,Robert Thomas,STL,f1,PP1,PTS,over,0.5,fanduel,-166,False,0.944670480887935,0.960198041227617,0.6111923306468807,0.6171829350939755,18.68804235636643,1845.6466666666668,,"draftkings@0.5,pinnacle@0.5,sgo_fair@1.0",v2,False,1.0468644783193533,0.6240601503759399,0.6147866933151376,-0.009273457060802293,-0.014859876976948239,-0.005990604447094761,-160.0,-144.0,pass,2026-10-02T21:36:31+00:00,sgo_slate_alt_20261002T213627Z.json
BOS@WPG,Mark Scheifele,WPG,f1,PP1,SOG,over,0.5,draftkings,-1000,True,2.5971355288162172,2.2523366202078225,0.9142438072546514,0.8829745529308349,19.993486037779117,2517.563333333333,,"draftkings@2.5,fanduel@2.5,pinnacle@2.5,sgo_fair@2.5",v2,False,1.1182260686839482,0.9090909090909091,0.8954822546603616,-0.013608654430547484,-0.014969519873602177,0.03126925432381644,-857.0,-672.0,pass,2026-10-02T21:36:31+00:00,sgo_slate_alt_20261002T213627Z.json
BOS@WPG,Hampus Lindholm,BOS,d1,PP1,PTS,under,0.5,draftkings,-155,False,0.45869552759109733,0.5507979533264914,0.6321076749496667,0.576489614991714,21.812503355085678,1626.9141666666667,,"draftkings@0.5,pinnacle@0.5,sgo_fair@0.5",v2,False,1.0468644783193533,0.6078431372549019,0.598736838974895,-0.009106298280006864,-0.014981329428398582,0.05561805995795266,-149.0,-135.0,pass,2026-10-02T21:36:31+00:00,sgo_slate_alt_20261002T213627Z.json
STL@DAL,Dylan Holloway,STL,f1,PP1,PTS,over,0.5,fanduel,-125,False,0.8732837504521325,0.7415906843590072,0.5824219267811747,0.5236444188266571,18.08848697930289,1659.9508333333333,,"draftkings@0.5,pinnacle@0.5,sgo_fair@0.5",v2,False,1.0468644783193533,0.5555555555555556,0.5471554220084641,-0.00840013354709146,-0.01512024038476456,0.05877750795451753,-121.0,-109.0,pass,2026-10-02T21:36:31+00:00,sgo_slate_alt_20261002T213627Z.json
ANA@VGK,Mikael Granlund,ANA,f2,PP1,SOG,over,0.5,fanduel,-620,True,2.02184645794625,1.9313774661704575,0.8555892350038307,0.8430792087908378,18.703895528300663,1838.5333333333333,,"draftkings@1.5,fanduel@1.5,pinnacle@1.5,sgo_fair@2.0",v2,False,1.1182260686839482,0.8611111111111112,0.8480832192760349,-0.013027891835076244,-0.015129164711701337,0.012510026212992909,-558.0,-465.0,pass,2026-10-02T21:36:31+00:00,sgo_slate_alt_20261002T213627Z.json
BOS@WPG,Pavel Zacha,BOS,f2,PP1,SOG,over,0.5,draftkings,-525,True,1.7760021865992446,1.8619368753868921,0.8188810410544508,0.8327112872397262,16.867313130617127,2032.8025,,"draftkings@1.5,fanduel@1.5,pinnacle@1.5,sgo_fair@2.0",v2,False,1.1182260686839482,0.84,0.827179188765616,-0.012820811234383944,-0.015262870517123828,-0.013830246185275397,-479.0,-406.0,pass,2026-10-02T21:36:31+00:00,sgo_slate_alt_20261002T213627Z.json
NYR@DET,Viktor Arvidsson,DET,f2,PP1,SOG,over,0.5,draftkings,-1600,True,2.4459570745475725,3.066521556270665,0.9017729987585252,0.9434477934261811,13.767299701510195,1459.4783333333332,,"fanduel@2.5,sgo_fair@3.0",v2,False,1.1182260686839482,0.9411764705882353,0.9267778755591187,-0.014398595029116557,-0.015298507218436397,-0.04167479466765589,-1266.0,-918.0,pass,2026-10-02T21:36:31+00:00,sgo_slate_alt_20261002T213627Z.json
WSH@CAR,Vincent Desharnais,WSH,d2,-,A,over,0.5,draftkings,750,False,0.13852555582292997,0.11298686339255826,0.12935899896245204,0.10683760683731018,19.955164959833358,1328.74,,sgo_fair@0.5,v2,False,1.1032038554164156,0.11764705882352941,0.11584616368736692,-0.0018008951361624947,-0.015307608657381233,0.022521392125141856,763.0,1001.0,pass,2026-10-02T21:36:31+00:00,sgo_slate_alt_20261002T213627Z.json
WSH@CAR,Shayne Gostisbehere,CAR,d3,PP1,SOG,over,0.5,draftkings,-600,True,2.0891866192908224,1.8477533987914245,0.8642217495896526,0.8305069452082976,16.932991501259885,1660.3433333333335,,"draftkings@1.5,pinnacle@1.5,sgo_fair@1.5",v2,False,1.1182260686839482,0.8571428571428571,0.8439928669608396,-0.013149990182017457,-0.015341655212353644,0.03371480438135499,-541.0,-452.0,pass,2026-10-02T21:36:31+00:00,sgo_slate_alt_20261002T213627Z.json
STL@DAL,Jimmy Snuggerud,STL,f1,PP1,SOG,over,0.5,draftkings,-1100,True,2.5139109943810083,2.417232982071554,0.9075979367856251,0.8991965894150664,17.487775105522008,1217.4199999999998,,"draftkings@2.5,fanduel@2.5,sgo_fair@2.5",v2,False,1.1182260686839482,0.9166666666666666,0.9025571283632899,-0.01410953830337669,-0.015392223603683752,0.008401347370558643,-926.0,-717.0,pass,2026-10-02T21:36:31+00:00,sgo_slate_alt_20261002T213627Z.json
NYR@DET,Adam Fox,NYR,d1,PP1,A,over,0.5,fanduel,108,False,0.6674835569856046,0.624076755893558,0.4870021151840229,0.4642441663285206,22.258802105644207,2111.2541666666666,,"draftkings@0.5,pinnacle@0.5,sgo_fair@0.5",v2,False,1.1032038554164156,0.4807692307692308,0.4733473458707216,-0.007421884898509201,-0.015437520588899023,0.022757948855502308,111.0,123.0,pass,2026-10-02T21:36:31+00:00,sgo_slate_alt_20261002T213627Z.json
STL@DAL,Dylan Holloway,STL,f1,PP1,PTS,over,1.5,fanduel,420,True,0.8732837504521325,0.7415906843590072,0.21775778089406408,0.17038355738608507,18.08848697930289,1659.9508333333333,,"draftkings@0.5,pinnacle@0.5,sgo_fair@0.5",v2,False,1.0468644783193533,0.19230769230769232,0.18933324678927665,-0.0029744455184156637,-0.015467116695761396,0.04737422350797901,428.0,509.0,pass,2026-10-02T21:36:31+00:00,sgo_slate_alt_20261002T213627Z.json
BOS@WPG,Kyle Connor,WPG,f1,PP1,SOG,over,0.5,draftkings,-3500,True,3.5188833524224985,3.303858333434354,0.9618635918604841,0.9540488183685403,19.93354117554885,2516.0816666666665,,"draftkings@3.5,fanduel@3.5,pinnacle@3.5,sgo_fair@3.5",v2,False,1.1182260686839482,0.9722222222222222,0.9571747277653178,-0.015047494456904453,-0.015477422869959012,0.007814773491943816,-2235.0,-1374.0,pass,2026-10-02T21:36:31+00:00,sgo_slate_alt_20261002T213627Z.json
NYR@DET,Lucas Raymond,DET,f1,PP1,SOG,over,2.5,draftkings,120,False,2.556125798842208,2.450707374197824,0.4627939066372968,0.43731701637036935,18.249403362076805,2197.0216666666665,,"draftkings@2.5,fanduel@2.5,pinnacle@2.5,sgo_fair@2.5",v2,False,1.1182260686839482,0.45454545454545453,0.44750777247714035,-0.007037682068314177,-0.015482900550291112,0.025476890266927454,123.0,137.0,pass,2026-10-02T21:36:31+00:00,sgo_slate_alt_20261002T213627Z.json
WSH@CAR,Andrei Svechnikov,CAR,f1,PP1,A,over,1.5,draftkings,950,True,0.58004376496352,0.4634572330472525,0.11537479333218136,0.07933185568347054,17.174841336373092,1912.6491666666668,,"draftkings@0.5,pinnacle@0.5,sgo_fair@0.5",v2,False,1.1032038554164156,0.09523809523809523,0.09374903074295488,-0.0014890644951403575,-0.015635177198973782,0.03604293764871082,967.0,1355.0,pass,2026-10-02T21:36:31+00:00,sgo_slate_alt_20261002T213627Z.json
WSH@CAR,Sebastian Aho,CAR,f1,PP1,PTS,over,0.5,draftkings,-185,False,1.028454817885592,1.0119871535496263,0.6424409722483361,0.6365040608324934,19.607974986022285,2284.8791666666666,,"draftkings@0.5,pinnacle@0.5,sgo_fair@1.0",v2,False,1.0468644783193533,0.6491228070175439,0.6388788253988305,-0.010243981618713427,-0.015781268980180063,0.005936911415842627,-177.0,-159.0,pass,2026-10-02T21:36:31+00:00,sgo_slate_alt_20261002T213627Z.json
BOS@WPG,Gabriel Vilardi,WPG,f2,PP1,SOG,over,1.5,fanduel,-144,False,2.239414705371673,1.8449681368386326,0.6407059305043331,0.5405897583870894,17.433178488819145,2116.1,,"draftkings@1.5,fanduel@1.5,pinnacle@1.5,sgo_fair@1.5",v2,False,1.1182260686839482,0.5901639344262295,0.5806362272339869,-0.009527707192242607,-0.016144170520188905,0.10011617211724366,-138.0,-125.0,pass,2026-10-02T21:36:31+00:00,sgo_slate_alt_20261002T213627Z.json
WSH@CAR,Alex Ovechkin,WSH,f2,PP1,SOG,over,0.5,draftkings,-1800,True,2.782643175743672,2.9073241681550663,0.9273226261948657,0.9349276671440122,16.67895270691558,1949.2041666666667,,"draftkings@2.5,fanduel@2.5,pinnacle@2.5,sgo_fair@3.0",v2,False,1.1182260686839482,0.9473684210526315,0.9318856507643536,-0.015482770288277936,-0.016342924193182284,-0.007605040949146491,-1368.0,-974.0,pass,2026-10-02T21:36:31+00:00,sgo_slate_alt_20261002T213627Z.json
WSH@CAR,Taylor Hall,CAR,f2,PP2,PTS,over,0.5,draftkings,100,False,0.7877340175504273,0.6093494962220675,0.5451256343230245,0.4562955641466294,16.04701527377841,1703.5891666666669,,"draftkings@0.5,pinnacle@0.5,sgo_fair@0.5",v2,False,1.0468644783193533,0.5,0.49182759221718747,-0.00817240778281253,-0.01634481556562506,0.0888300701763951,103.0,114.0,pass,2026-10-02T21:36:31+00:00,sgo_slate_alt_20261002T213627Z.json
BOS@WPG,JJ Peterka,BOS,f1,PP1,A,under,0.5,draftkings,-245,False,0.3134346847070053,0.39035170888701004,0.7309321184900064,0.6768187894491606,15.938440465588924,1957.9416666666666,,"draftkings@0.5,pinnacle@0.5,sgo_fair@0.5",v2,False,1.1032038554164156,0.7101449275362319,0.6984641210654989,-0.011680806470732996,-0.016448482581236212,0.05411332904084576,-232.0,-206.0,pass,2026-10-02T21:36:31+00:00,sgo_slate_alt_20261002T213627Z.json
BOS@WPG,Josh Morrissey,WPG,d1,PP1,A,over,0.5,fanduel,122,False,0.5862421406182688,0.5842540117161599,0.44358571240232764,0.4424783886892086,23.689330519334643,2781.5350000000003,,"draftkings@0.5,pinnacle@0.5,sgo_fair@0.5",v2,False,1.1032038554164156,0.45045045045045046,0.4429213181744562,-0.007529132275994277,-0.0167146736527074,0.0011073237131190572,126.0,139.0,pass,2026-10-02T21:36:31+00:00,sgo_slate_alt_20261002T213627Z.json
STL@DAL,Wyatt Johnston,DAL,f1,PP1,A,over,0.5,draftkings,145,False,0.5649142251024722,0.4799194747940625,0.43159110011824525,0.38116677852755815,20.913031427503284,2348.4791666666665,,"draftkings@0.5,pinnacle@0.5,sgo_fair@0.5",v2,False,1.1032038554164156,0.40816326530612246,0.40133650716383296,-0.006826758142289502,-0.016725557448609152,0.050424321590687105,149.0,166.0,pass,2026-10-02T21:36:31+00:00,sgo_slate_alt_20261002T213627Z.json
NYR@DET,J.T. Compher,DET,f2,-,A,under,0.5,draftkings,-300,False,0.2532427335405148,0.3404561802385148,0.7762794298984135,0.7114457012555917,16.459511636519334,1855.2116666666668,,"draftkings@0.5,sgo_fair@0.5",v2,False,1.1032038554164156,0.75,0.7373791927127205,-0.012620807287279545,-0.016827743049706134,0.06483372864282178,-281.0,-248.0,pass,2026-10-02T21:36:31+00:00,sgo_slate_alt_20261002T213627Z.json
BOS@WPG,Mark Scheifele,WPG,f1,PP1,PTS,over,0.5,draftkings,-210,False,1.2270466303864844,1.0181523897702545,0.7068428983008721,0.638738205072532,19.993486037779117,2517.563333333333,,"draftkings@0.5,pinnacle@0.5,sgo_fair@1.5",v2,False,1.0468644783193533,0.6774193548387096,0.6659800823638681,-0.011439272474841555,-0.01688654508190901,0.06810469322834012,-199.0,-179.0,pass,2026-10-02T21:36:31+00:00,sgo_slate_alt_20261002T213627Z.json
BOS@WPG,Mark Scheifele,WPG,f1,PP1,PTS,over,0.5,fanduel,-210,False,1.2270466303864844,1.0181523897702545,0.7068428983008721,0.638738205072532,19.993486037779117,2517.563333333333,,"draftkings@0.5,pinnacle@0.5,sgo_fair@1.5",v2,False,1.0468644783193533,0.6774193548387096,0.6659800823638681,-0.011439272474841555,-0.01688654508190901,0.06810469322834012,-199.0,-179.0,pass,2026-10-02T21:36:31+00:00,sgo_slate_alt_20261002T213627Z.json
WSH@CAR,Nikolaj Ehlers,CAR,f3,PP1,SOG,over,4.5,draftkings,700,True,2.7332428940508695,2.3770361799667477,0.15275056447488206,0.10297245524687247,16.96250861269781,1870.6825,,"draftkings@2.5,fanduel@2.5,pinnacle@2.5,sgo_fair@2.5",v2,False,1.1182260686839482,0.125,0.1228836989380763,-0.0021163010619237033,-0.016930408495389626,0.049778109228009584,714.0,922.0,pass,2026-10-02T21:36:31+00:00,sgo_slate_alt_20261002T213627Z.json
STL@DAL,Jason Robertson,DAL,f2,PP1,SOG,over,1.5,draftkings,-650,True,3.681544311815819,3.511385545036372,0.8621322386936319,0.8452256441302504,20.375929813628595,2317.33,,"draftkings@3.5,fanduel@3.5,pinnacle@3.5,sgo_fair@3.5",v2,False,1.1182260686839482,0.8666666666666667,0.8519882819556029,-0.014678384711063752,-0.016936597743535176,0.016906594563381505,-576.0,-478.0,pass,2026-10-02T21:36:31+00:00,sgo_slate_alt_20261002T213627Z.json
BOS@WPG,Morgan Geekie,BOS,f2,PP1,G,over,1.5,fanduel,1800,True,0.3637784026730305,0.3613053563390949,0.052112370308422404,0.051488434375749806,17.069132083690253,2012.4566666666665,,"fanduel@0.5,pinnacle@0.5,sgo_fair@0.5",v2,False,1.0982596332481283,0.05263157894736842,0.05173800874881884,-0.0008935701985495759,-0.016977833772441997,0.000623935932672598,1833.0,3640.0,pass,2026-10-02T21:36:31+00:00,sgo_slate_alt_20261002T213627Z.json
NYR@DET,Oliver Bjorkstrand,NYR,f2,PP2,SOG,over,0.5,draftkings,-475,True,1.64419310790154,1.8021774046685863,0.7953001127501693,0.8232159113695765,13.833854577852438,1656.3891666666668,,"draftkings@1.5,fanduel@1.5,pinnacle@1.5,sgo_fair@2.0",v2,False,1.1182260686839482,0.8260869565217391,0.8120495919218136,-0.01403736459992555,-0.016992599252541485,-0.027915798619407184,-432.0,-370.0,pass,2026-10-02T21:36:31+00:00,sgo_slate_alt_20261002T213627Z.json
NYR@DET,Moritz Seider,DET,d1,PP1,SOG,over,0.5,draftkings,-1000,True,2.3370677729229246,2.3691295967170483,0.8916257265486837,0.894722592964664,24.012255414088816,3029.8125,,"draftkings@2.5,fanduel@2.5,pinnacle@2.5,sgo_fair@2.5",v2,False,1.1182260686839482,0.9090909090909091,0.8934838463982719,-0.01560706269263712,-0.017167768961900753,-0.0030968664159803927,-839.0,-660.0,pass,2026-10-02T21:36:31+00:00,sgo_slate_alt_20261002T213627Z.json
ANA@VGK,Mark Stone,VGK,f1,PP1,SOG,over,0.5,draftkings,-900,True,2.4961662105507703,2.138155851079195,0.9061125780619725,0.8701594741469313,19.299075818445587,1741.9358333333332,,"draftkings@1.5,fanduel@1.5,pinnacle@1.5,sgo_fair@2.5",v2,False,1.1182260686839482,0.9,0.8845407157129479,-0.015459284287052122,-0.01717698254116895,0.03595310391504125,-766.0,-612.0,pass,2026-10-02T21:36:31+00:00,sgo_slate_alt_20261002T213627Z.json
ANA@VGK,Mark Stone,VGK,f1,PP1,SOG,over,0.5,fanduel,-900,True,2.4961662105507703,2.138155851079195,0.9061125780619725,0.8701594741469313,19.299075818445587,1741.9358333333332,,"draftkings@1.5,fanduel@1.5,pinnacle@1.5,sgo_fair@2.5",v2,False,1.1182260686839482,0.9,0.8845407157129479,-0.015459284287052122,-0.01717698254116895,0.03595310391504125,-766.0,-612.0,pass,2026-10-02T21:36:31+00:00,sgo_slate_alt_20261002T213627Z.json
NYR@DET,Viktor Arvidsson,DET,f2,PP1,SOG,over,1.5,draftkings,-320,True,2.4459570745475725,3.066521556270665,0.6853366959340563,0.791058025751694,13.767299701510195,1459.4783333333332,,"fanduel@2.5,sgo_fair@3.0",v2,False,1.1182260686839482,0.7619047619047619,0.748769493824639,-0.013135268080122886,-0.017240039355161385,-0.10572132981763771,-298.0,-262.0,pass,2026-10-02T21:36:31+00:00,sgo_slate_alt_20261002T213627Z.json
WSH@CAR,Logan Stankoven,CAR,f2,PP2,A,over,0.5,fanduel,220,False,0.39326138815952033,0.3496744570529081,0.32514767387757626,0.29508246669893534,17.072616370327324,1801.0691666666667,,"draftkings@0.5,pinnacle@0.5,sgo_fair@0.5",v2,False,1.1032038554164156,0.3125,0.3071085495703917,-0.005391450429608313,-0.01725264137474658,0.030065207178640918,226.0,254.0,pass,2026-10-02T21:36:31+00:00,sgo_slate_alt_20261002T213627Z.json
ANA@VGK,Alex Killorn,ANA,f2,PP2,A,over,0.5,draftkings,320,False,0.27685059932949263,0.2597427641603227,0.24183224057882038,0.22875004658178894,18.20901908970822,2007.285,,"draftkings@0.5,sgo_fair@0.5",v2,False,1.1032038554164156,0.23809523809523808,0.23398292418060151,-0.004112313914636567,-0.01727171844147357,0.01308219399703145,327.0,379.0,pass,2026-10-02T21:36:31+00:00,sgo_slate_alt_20261002T213627Z.json
BOS@WPG,Cole Perfetti,WPG,f1,PP1,PTS,under,0.5,draftkings,-115,False,0.6006169201333487,0.6726100177206102,0.548473167561065,0.5103747507440302,16.53972973493684,1622.8166666666666,,"draftkings@0.5,pinnacle@0.5,sgo_fair@0.5",v2,False,1.0468644783193533,0.5348837209302325,0.5256141174708441,-0.009269603459388431,-0.017330128206682893,0.03809841681703485,-111.0,-100.0,pass,2026-10-02T21:36:31+00:00,sgo_slate_alt_20261002T213627Z.json
ANA@VGK,Jack Eichel,VGK,f1,PP1,SOG,over,0.5,draftkings,-3500,True,3.4094308224759353,3.28994845954436,0.9580758961175357,0.9534888358083373,20.597276930957293,2298.3541666666665,,"draftkings@3.5,fanduel@3.5,pinnacle@2.5,sgo_fair@3.5",v2,False,1.1182260686839482,0.9722222222222222,0.9553236599320167,-0.016898562290205477,-0.01738137835564002,0.004587060309198421,-2138.0,-1335.0,pass,2026-10-02T21:36:31+00:00,sgo_slate_alt_20261002T213627Z.json
NYR@DET,Mika Zibanejad,NYR,f1,PP1,G,over,0.5,fanduel,210,False,0.40918669330240837,0.3629268402304303,0.33580977911923937,0.30436267569615727,19.315568777005215,2422.4325000000003,,"fanduel@0.5,pinnacle@0.5,sgo_fair@0.5",v2,False,1.0982596332481283,0.3225806451612903,0.3169415170653901,-0.0056391280959002255,-0.017481297097290738,0.0314471034230821,216.0,243.0,pass,2026-10-02T21:36:31+00:00,sgo_slate_alt_20261002T213627Z.json
NYR@DET,Mika Zibanejad,NYR,f1,PP1,SOG,over,0.5,draftkings,-1200,True,2.5578884297133944,2.47245746794295,0.9111742719942977,0.9040889510278876,19.315568777005215,2422.4325000000003,,"draftkings@2.5,fanduel@2.5,pinnacle@2.5,sgo_fair@2.5",v2,False,1.1182260686839482,0.9230769230769231,0.9069230794144516,-0.016153843662471523,-0.017499997301010817,0.007085320966410125,-974.0,-747.0,pass,2026-10-02T21:36:31+00:00,sgo_slate_alt_20261002T213627Z.json
WSH@CAR,Shayne Gostisbehere,CAR,d3,PP1,A,over,0.5,fanduel,126,False,0.6504052987392124,0.5202860336848337,0.4781657648624439,0.40564948061474043,16.932991501259885,1660.3433333333335,,"draftkings@0.5,pinnacle@0.5,sgo_fair@0.5",v2,False,1.1032038554164156,0.4424778761061947,0.43465599431382185,-0.007821881792372865,-0.01767745285076272,0.07251628424770346,130.0,144.0,pass,2026-10-02T21:36:31+00:00,sgo_slate_alt_20261002T213627Z.json
BOS@WPG,Pavel Zacha,BOS,f2,PP1,A,over,0.5,fanduel,190,False,0.4153302716392369,0.4122595914745447,0.33987777495119814,0.3378476353689898,16.867313130617127,2032.8025,,"draftkings@0.5,pinnacle@0.5,sgo_fair@0.5",v2,False,1.1032038554164156,0.3448275862068966,0.3386596912018731,-0.0061678950050234604,-0.017886895514568013,0.0020301395822083235,195.0,219.0,pass,2026-10-02T21:36:31+00:00,sgo_slate_alt_20261002T213627Z.json
BOS@WPG,Pavel Zacha,BOS,f2,PP1,SOG,over,1.5,draftkings,-120,False,1.7760021865992446,1.8619368753868921,0.5210185717853286,0.5453107396091552,16.867313130617127,2032.8025,,"draftkings@1.5,fanduel@1.5,pinnacle@1.5,sgo_fair@2.0",v2,False,1.1182260686839482,0.5454545454545454,0.5355938724796245,-0.009860672974920881,-0.018077900454021578,-0.024292167823826594,-115.0,-104.0,pass,2026-10-02T21:36:31+00:00,sgo_slate_alt_20261002T213627Z.json
NYR@DET,J.T. Miller,NYR,f2,PP1,SOG,over,0.5,draftkings,-750,True,2.0405303472808645,2.1530253982401297,0.8580403826488274,0.8719082643329702,17.08771264101801,1991.3375,,"draftkings@1.5,fanduel@1.5,pinnacle@2.5,sgo_fair@2.0",v2,False,1.1182260686839482,0.8823529411764706,0.8663611116593131,-0.015991829517157496,-0.018124073452778555,-0.013867881684142769,-648.0,-530.0,pass,2026-10-02T21:36:31+00:00,sgo_slate_alt_20261002T213627Z.json
WSH@CAR,Andrei Svechnikov,CAR,f1,PP1,SOG,over,0.5,draftkings,-1400,True,2.7214560494943885,2.564927349916448,0.9232560371466865,0.9117331250068608,17.174841336373092,1912.6491666666668,,"draftkings@2.5,fanduel@2.5,pinnacle@2.5,sgo_fair@2.5",v2,False,1.1182260686839482,0.9333333333333333,0.9163422898627911,-0.016991043470542255,-0.01820468943272391,0.011522912139825703,-1095.0,-820.0,pass,2026-10-02T21:36:31+00:00,sgo_slate_alt_20261002T213627Z.json
WSH@CAR,Jackson Blake,CAR,f2,PP1,SOG,over,0.5,draftkings,-1100,True,2.455398771532545,2.406356071387941,0.9026047681758903,0.898202637346708,17.175685133360474,1856.5166666666667,,"draftkings@2.5,fanduel@2.5,pinnacle@2.5,sgo_fair@2.5",v2,False,1.1182260686839482,0.9166666666666666,0.8999634896783809,-0.016703176988285717,-0.01822164762358458,0.0044021308291822825,-900.0,-700.0,pass,2026-10-02T21:36:31+00:00,sgo_slate_alt_20261002T213627Z.json
NYR@DET,Moritz Seider,DET,d1,PP1,A,over,1.5,draftkings,700,True,0.6692367443672119,0.556111779803181,0.14518504614910296,0.10767201581197816,24.012255414088816,3029.8125,,"draftkings@0.5,pinnacle@0.5,sgo_fair@0.5",v2,False,1.1032038554164156,0.125,0.12267722794682809,-0.002322772053171912,-0.018582176425375296,0.0375130303371248,715.0,924.0,pass,2026-10-02T21:36:31+00:00,sgo_slate_alt_20261002T213627Z.json
BOS@WPG,Hampus Lindholm,BOS,d1,PP1,A,under,0.5,draftkings,-190,False,0.3856936319151852,0.4812901353600599,0.6799788175797532,0.6179855922175417,21.812503355085678,1626.9141666666667,,"draftkings@0.5,pinnacle@0.5,sgo_fair@0.5",v2,False,1.1032038554164156,0.6551724137931034,0.6427828823624262,-0.012389531430677225,-0.018910337446823244,0.061993225362211524,-180.0,-162.0,pass,2026-10-02T21:36:31+00:00,sgo_slate_alt_20261002T213627Z.json
WSH@CAR,Jordan Kyrou,WSH,f3,PP2,PTS,over,1.5,draftkings,750,True,0.6041938599434422,0.5639354490799648,0.12328428685334955,0.11017465828211188,14.636186494925454,1777.7216666666668,,sgo_fair@0.5,v2,False,1.0468644783193533,0.11764705882352941,0.11541850971060696,-0.0022285491129224455,-0.018942667459840745,0.013109628571237666,766.0,1006.0,pass,2026-10-02T21:36:31+00:00,sgo_slate_alt_20261002T213627Z.json
WSH@CAR,Jordan Kyrou,WSH,f3,PP2,PTS,over,1.5,fanduel,750,True,0.6041938599434422,0.5639354490799648,0.12328428685334955,0.11017465828211188,14.636186494925454,1777.7216666666668,,sgo_fair@0.5,v2,False,1.0468644783193533,0.11764705882352941,0.11541850971060696,-0.0022285491129224455,-0.018942667459840745,0.013109628571237666,766.0,1006.0,pass,2026-10-02T21:36:31+00:00,sgo_slate_alt_20261002T213627Z.json
BOS@WPG,Fraser Minten,BOS,f3,PP2,SOG,over,0.5,draftkings,-390,True,1.631489248220139,1.5310106103205812,0.7928637554730348,0.772493045692951,15.046893153269307,1413.0508333333335,,"draftkings@1.5,fanduel@1.5,pinnacle@1.5,sgo_fair@1.5",v2,False,1.1182260686839482,0.7959183673469388,0.7806413296049846,-0.015277037741954214,-0.01919422690655792,0.020370709780083818,-356.0,-309.0,pass,2026-10-02T21:36:31+00:00,sgo_slate_alt_20261002T213627Z.json
ANA@VGK,Mark Stone,VGK,f1,PP1,SOG,over,1.5,draftkings,-195,False,2.4961662105507703,2.138155851079195,0.695420480130448,0.6169073564621586,19.299075818445587,1741.9358333333332,,"draftkings@1.5,fanduel@1.5,pinnacle@1.5,sgo_fair@2.5",v2,False,1.1182260686839482,0.6610169491525424,0.6483126059294744,-0.012704343223068015,-0.01921939102976955,0.07851312366828944,-184.0,-165.0,pass,2026-10-02T21:36:31+00:00,sgo_slate_alt_20261002T213627Z.json
BOS@WPG,Brad Lambert,WPG,f3,-,PTS,over,0.5,draftkings,265,False,0.32674748720302144,0.3037617136349798,0.27873415110952277,0.2619632904159732,12.501731274278495,296.26500000000004,,"draftkings@0.5,sgo_fair@0.5",v2,False,1.0468644783193533,0.273972602739726,0.26867163469339306,-0.0053009680463329545,-0.01934853336911535,0.01677086069354955,272.0,310.0,pass,2026-10-02T21:36:31+00:00,sgo_slate_alt_20261002T213627Z.json
ANA@VGK,Rasmus Andersson,VGK,d2,PP2,SOG,over,2.5,fanduel,210,True,1.959410606525185,1.9828023884859605,0.3126288262809237,0.3186973954295652,21.694549594463403,2772.36,,"draftkings@1.5,pinnacle@1.5,sgo_fair@2.5",v2,False,1.1182260686839482,0.3225806451612903,0.31626996777010863,-0.006310677391181685,-0.01956309991266325,-0.006068569148641512,216.0,243.0,pass,2026-10-02T21:36:31+00:00,sgo_slate_alt_20261002T213627Z.json
BOS@WPG,Isak Rosen,WPG,f2,PP2,PTS,under,0.5,draftkings,-220,False,0.31927997288899634,0.44805362751927064,0.7266720723442036,0.6388704220773611,12.432813007320586,460.3691666666667,,"draftkings@0.5,sgo_fair@0.5",v2,False,1.0468644783193533,0.6875,0.6739910821840982,-0.0135089178159018,-0.019649335004948032,0.0878016502668425,-207.0,-185.0,pass,2026-10-02T21:36:31+00:00,sgo_slate_alt_20261002T213627Z.json
STL@DAL,Arttu Hyry,DAL,f3,-,G,over,1.5,draftkings,10000,False,0.1303011109752119,0.15607932073366415,0.007786570227118471,0.010984164921489889,12.696507644861544,255.95416666666668,,sgo_fair@0.5,v2,False,1.0982596332481283,0.009900990099009901,0.009705127043741322,-0.0001958630552685789,-0.019782168582126447,-0.003197594694371418,10204.0,,pass,2026-10-02T21:36:31+00:00,sgo_slate_alt_20261002T213627Z.json
NYR@DET,Vladislav Gavrikov,NYR,d1,-,PTS,under,0.5,draftkings,-250,False,0.3029193553962125,0.39387134617387765,0.7386586628037906,0.6744408200510691,22.567457519226874,2840.661666666667,,"draftkings@0.5,sgo_fair@0.5",v2,False,1.0468644783193533,0.7142857142857143,0.7001279571521577,-0.014157757133556603,-0.019820859986979245,0.06421784275272147,-233.0,-208.0,pass,2026-10-02T21:36:31+00:00,sgo_slate_alt_20261002T213627Z.json
BOS@WPG,Cole Perfetti,WPG,f1,PP1,SOG,over,1.5,draftkings,-175,False,2.3304469153221623,2.0645202280148043,0.6610123124627248,0.5987840764493344,16.53972973493684,1622.8166666666666,,"draftkings@1.5,fanduel@1.5,pinnacle@1.5,sgo_fair@2.0",v2,False,1.1182260686839482,0.6363636363636364,0.6236753708546905,-0.012688265508945862,-0.019938702942629227,0.06222823601339045,-166.0,-149.0,pass,2026-10-02T21:36:31+00:00,sgo_slate_alt_20261002T213627Z.json
BOS@WPG,Hampus Lindholm,BOS,d1,PP1,SOG,over,1.5,fanduel,110,False,1.6171119728984202,1.5789622302164883,0.4736176025431806,0.4617688773943213,21.812503355085678,1626.9141666666667,,"draftkings@1.5,fanduel@1.5,pinnacle@1.5,sgo_fair@1.5",v2,False,1.1182260686839482,0.47619047619047616,0.46650836745386504,-0.009682108736611128,-0.020332428346883424,0.011848725148859263,114.0,126.0,pass,2026-10-02T21:36:31+00:00,sgo_slate_alt_20261002T213627Z.json
STL@DAL,Jimmy Snuggerud,STL,f1,PP1,SOG,over,1.5,draftkings,-235,True,2.5139109943810083,2.417232982071554,0.698914855342655,0.6794358423162066,17.487775105522008,1217.4199999999998,,"draftkings@2.5,fanduel@2.5,sgo_fair@2.5",v2,False,1.1182260686839482,0.7014925373134329,0.6872274475267859,-0.014265089786646978,-0.020335340759688236,0.01947901302644839,-220.0,-196.0,pass,2026-10-02T21:36:31+00:00,sgo_slate_alt_20261002T213627Z.json
ANA@VGK,Rasmus Andersson,VGK,d2,PP2,SOG,over,0.5,draftkings,-650,True,1.959410606525185,1.9828023884859605,0.8470724051537772,0.8503231568008257,21.694549594463403,2772.36,,"draftkings@1.5,pinnacle@1.5,sgo_fair@2.5",v2,False,1.1182260686839482,0.8666666666666667,0.8490228561420063,-0.017643810524660353,-0.020358242913069646,-0.0032507516470484665,-562.0,-468.0,pass,2026-10-02T21:36:31+00:00,sgo_slate_alt_20261002T213627Z.json
NYR@DET,Pavel Dorofeyev,NYR,f2,PP1,SOG,over,0.5,draftkings,-2000,True,2.8810891147159556,2.8682035624444366,0.9333995448012082,0.932635307702085,16.450106012385557,2082.9491666666668,,"draftkings@2.5,fanduel@2.5,pinnacle@2.5,sgo_fair@3.5",v2,False,1.1182260686839482,0.9523809523809523,0.9329410025417343,-0.01943994983921804,-0.020411947331178903,0.0007642370991232106,-1391.0,-986.0,pass,2026-10-02T21:36:31+00:00,sgo_slate_alt_20261002T213627Z.json
NYR@DET,Michael Brandsegg-Nygård,DET,f3,PP2,PTS,over,0.5,draftkings,245,False,0.31876912942009594,0.3442464341004066,0.2729566171409061,0.2912457546883497,12.775611148853327,0.0,no NHL data: 85% of positional prior,"draftkings@0.5,sgo_fair@0.5",v2,False,1.0468644783193533,0.2898550724637681,0.2839300996693722,-0.005924972794395911,-0.020441156140665773,-0.0182891375474436,252.0,286.0,pass,2026-10-02T21:36:31+00:00,sgo_slate_alt_20261002T213627Z.json
NYR@DET,Gabe Perreault,NYR,not in DF lineup,-,SOG,over,0.5,draftkings,-350,True,1.4822407223139986,1.4817114307200707,0.7618610936637393,0.7617428996940677,15.255362995888913,842.9158333333332,,"draftkings@1.5,pinnacle@1.5,sgo_fair@1.5",v1,False,1.1182260686839482,0.7777777777777778,0.7617901772819363,-0.01598760049584147,-0.02055548635179627,0.00011819396967160944,-320.0,-280.0,pass,2026-10-02T21:36:31+00:00,sgo_slate_alt_20261002T213627Z.json
STL@DAL,Wyatt Johnston,DAL,f1,PP1,SOG,over,0.5,draftkings,-1800,True,2.8903229975497946,2.7296758812251145,0.9339416264645565,0.9238158896828859,20.913031427503284,2348.4791666666665,,"draftkings@2.5,fanduel@2.5,pinnacle@2.5,sgo_fair@2.5",v2,False,1.1182260686839482,0.9473684210526315,0.927866184395554,-0.01950223665707751,-0.020585694249137365,0.010125736781670613,-1286.0,-930.0,pass,2026-10-02T21:36:31+00:00,sgo_slate_alt_20261002T213627Z.json
WSH@CAR,Shayne Gostisbehere,CAR,d3,PP1,PTS,over,1.5,draftkings,475,True,0.8177408642389561,0.6894275061488776,0.19759869628458557,0.1521383358209159,16.932991501259885,1660.3433333333335,,"draftkings@0.5,pinnacle@0.5,sgo_fair@0.5",v2,False,1.0468644783193533,0.17391304347826086,0.17032248000638378,-0.003590563471877084,-0.02064573996329322,0.04546036046366966,487.0,588.0,pass,2026-10-02T21:36:31+00:00,sgo_slate_alt_20261002T213627Z.json
NYR@DET,Alex DeBrincat,DET,f1,PP1,SOG,over,1.5,draftkings,-650,True,3.5365140211988266,3.5490445411392613,0.847843264523729,0.8491324932421727,18.58434807318392,2176.461666666667,,"draftkings@3.5,fanduel@3.5,pinnacle@3.5,sgo_fair@3.5",v2,False,1.1182260686839482,0.8666666666666667,0.8486168017547953,-0.01804986491187144,-0.020826767206005514,-0.0012892287184436135,-561.0,-467.0,pass,2026-10-02T21:36:31+00:00,sgo_slate_alt_20261002T213627Z.json
WSH@CAR,Nikolaj Ehlers,CAR,f3,PP1,PTS,over,1.5,draftkings,340,True,1.002834473293441,0.8076300594929091,0.2652838607140227,0.19395316608663912,16.96250861269781,1870.6825,,"draftkings@0.5,pinnacle@0.5,sgo_fair@0.5",v2,False,1.0468644783193533,0.22727272727272727,0.22248544393759256,-0.004787283335134701,-0.021064046674592607,0.07133069462738359,349.0,406.0,pass,2026-10-02T21:36:31+00:00,sgo_slate_alt_20261002T213627Z.json
BOS@WPG,Kyle Connor,WPG,f1,PP1,SOG,over,3.5,fanduel,126,False,3.5188833524224985,3.303858333434354,0.45915429604666735,0.4156889230130224,19.93354117554885,2516.0816666666665,,"draftkings@3.5,fanduel@3.5,pinnacle@3.5,sgo_fair@3.5",v2,False,1.1182260686839482,0.4424778761061947,0.4330750722264804,-0.009402803879714317,-0.021250336768154354,0.04346537303364495,131.0,145.0,pass,2026-10-02T21:36:31+00:00,sgo_slate_alt_20261002T213627Z.json
WSH@CAR,Sebastian Aho,CAR,f1,PP1,SOG,over,0.5,draftkings,-1400,True,2.657196105643229,2.5417427564759048,0.9187283280620725,0.9098783776015205,19.607974986022285,2284.8791666666666,,"draftkings@2.5,fanduel@2.5,pinnacle@2.5,sgo_fair@2.5",v2,False,1.1182260686839482,0.9333333333333333,0.9134183577857413,-0.01991497554759203,-0.02133747380099149,0.008849950460552036,-1055.0,-796.0,pass,2026-10-02T21:36:31+00:00,sgo_slate_alt_20261002T213627Z.json
WSH@CAR,Cole Hutson,WSH,d2,PP2,PTS,over,0.5,draftkings,165,False,0.4887109617413447,0.44281480571964255,0.3865833977604293,0.35777386731824584,18.499433137340223,244.4,,"draftkings@0.5,sgo_fair@0.5",v2,False,1.0468644783193533,0.37735849056603776,0.36929767949511927,-0.008060811070918494,-0.021361149337933982,0.028809530442183484,171.0,190.0,pass,2026-10-02T21:36:31+00:00,sgo_slate_alt_20261002T213627Z.json
NYR@DET,Will Cuylle,NYR,f3,PP2,SOG,over,0.5,draftkings,-525,True,1.7667722169031264,1.8141688515489225,0.8173261007875708,0.8251654668040735,14.475285775016168,1967.8908333333336,,"draftkings@1.5,pinnacle@1.5,sgo_fair@1.5",v2,False,1.1182260686839482,0.84,0.8220297203974725,-0.017970279602527506,-0.02139319000300899,-0.007839366016502702,-462.0,-393.0,pass,2026-10-02T21:36:31+00:00,sgo_slate_alt_20261002T213627Z.json
STL@DAL,Jason Robertson,DAL,f2,PP1,PTS,over,0.5,draftkings,-260,True,1.2879148227988864,1.1867280039483117,0.7241546296993304,0.6947816948907759,20.375929813628595,2317.33,,"draftkings@1.5,pinnacle@1.5,sgo_fair@1.0",v2,False,1.0468644783193533,0.7222222222222222,0.7065308688141978,-0.01569135340802441,-0.021726489334187638,0.02937293480855452,-241.0,-214.0,pass,2026-10-02T21:36:31+00:00,sgo_slate_alt_20261002T213627Z.json
BOS@WPG,Elias Lindholm,BOS,f1,PP2,SOG,over,0.5,fanduel,-590,True,1.8403675561848967,1.916815364727519,0.8293470675122606,0.840962044742767,17.864457827843644,1916.9391666666668,,"draftkings@1.5,pinnacle@1.5,sgo_fair@2.0",v2,False,1.1182260686839482,0.855072463768116,0.8363160538505645,-0.018756409917551453,-0.021935462445950016,-0.011614977230506418,-511.0,-430.0,pass,2026-10-02T21:36:31+00:00,sgo_slate_alt_20261002T213627Z.json
NYR@DET,Lucas Raymond,DET,f1,PP1,PTS,over,0.5,draftkings,-165,False,0.8686822045523243,0.9886841883445611,0.5804959943756656,0.6279340622293195,18.249403362076805,2197.0216666666665,,"draftkings@0.5,pinnacle@0.5,sgo_fair@1.0",v2,False,1.0468644783193533,0.6226415094339622,0.6089588350878579,-0.013682674346104373,-0.02197520425283439,-0.0474380678536539,-156.0,-140.0,pass,2026-10-02T21:36:31+00:00,sgo_slate_alt_20261002T213627Z.json
ANA@VGK,Jack Eichel,VGK,f1,PP1,PTS,over,1.5,fanduel,164,False,1.2960626042636803,1.2897849577784992,0.37178125902884757,0.36955354353451386,20.597276930957293,2298.3541666666665,,"draftkings@1.5,pinnacle@1.5,sgo_fair@1.5",v2,False,1.0468644783193533,0.3787878787878788,0.37044462973224734,-0.008343249055631441,-0.022026177506867084,0.002227715494333704,170.0,189.0,pass,2026-10-02T21:36:31+00:00,sgo_slate_alt_20261002T213627Z.json
STL@DAL,Roope Hintz,DAL,f2,PP1,SOG,over,2.5,fanduel,136,False,2.437534293461486,2.3042341173452443,0.43409266644386457,0.40100678453750466,16.249302644351516,1496.78,,"draftkings@2.5,fanduel@2.5,pinnacle@2.5,sgo_fair@2.5",v2,False,1.1182260686839482,0.423728813559322,0.41424113730004863,-0.009487676259273381,-0.02239091597188514,0.033085881906359915,141.0,157.0,pass,2026-10-02T21:36:31+00:00,sgo_slate_alt_20261002T213627Z.json
NYR@DET,Will Cuylle,NYR,f3,PP2,PTS,under,0.5,draftkings,-200,False,0.37114229351425304,0.4680165438205723,0.6899457597668374,0.6262431631173295,14.475285775016168,1967.8908333333336,,"draftkings@0.5,sgo_fair@0.5",v2,False,1.0468644783193533,0.6666666666666666,0.6517242017771326,-0.01494246488953399,-0.022413697334300986,0.06370259664950784,-187.0,-168.0,pass,2026-10-02T21:36:31+00:00,sgo_slate_alt_20261002T213627Z.json
BOS@WPG,David Pastrnak,BOS,f1,PP1,SOG,over,0.5,draftkings,-5000,True,3.2437906704082855,3.550763789307926,0.9515789686122698,0.9628982491962643,19.305080809204785,2352.8866666666668,,"draftkings@3.5,fanduel@3.5,pinnacle@3.5,sgo_fair@3.5",v2,False,1.1182260686839482,0.9803921568627451,0.9583705369626665,-0.02202161990007856,-0.022462052298080182,-0.011319280583994562,-2302.0,-1401.0,pass,2026-10-02T21:36:31+00:00,sgo_slate_alt_20261002T213627Z.json
WSH@CAR,Alex Tuch,WSH,f1,PP2,SOG,under,2.5,fanduel,-170,False,2.080022343595709,2.3467326470045298,0.656148221292259,0.5883588233324144,19.394777971531802,2210.999166666667,,"fanduel@2.5,sgo_fair@2.5",v2,False,1.1182260686839482,0.6296296296296297,0.6154745825163523,-0.014155047113277308,-0.022481545415204973,0.06778939795984462,-160.0,-144.0,pass,2026-10-02T21:36:31+00:00,sgo_slate_alt_20261002T213627Z.json
ANA@VGK,Beckett Sennecke,ANA,f2,PP1,SOG,over,0.5,draftkings,-1000,True,2.260162779118766,2.3373816371937446,0.8838030486777795,0.8916564999368913,17.087583540737576,1430.5,,"draftkings@2.5,fanduel@2.5,sgo_fair@2.5",v2,False,1.1182260686839482,0.9090909090909091,0.8885151194332466,-0.02057578965766249,-0.022633368623428685,-0.007853451259111854,-797.0,-633.0,pass,2026-10-02T21:36:31+00:00,sgo_slate_alt_20261002T213627Z.json
WSH@CAR,Tom Wilson,WSH,f1,PP1,SOG,over,1.5,fanduel,-130,False,1.8366419942423062,1.922433066195927,0.5382596259038742,0.5618372899575873,18.257601622938086,2083.9066666666668,,"draftkings@1.5,fanduel@1.5,pinnacle@1.5,sgo_fair@2.0",v2,False,1.1182260686839482,0.5652173913043478,0.5524062243361021,-0.01281116696824569,-0.022665910789973265,-0.023577664053713088,-123.0,-112.0,pass,2026-10-02T21:36:31+00:00,sgo_slate_alt_20261002T213627Z.json
WSH@CAR,Andrei Svechnikov,CAR,f1,PP1,SOG,over,1.5,draftkings,-280,True,2.7214560494943885,2.564927349916448,0.7371876743920762,0.7087622526265155,17.174841336373092,1912.6491666666668,,"draftkings@2.5,fanduel@2.5,pinnacle@2.5,sgo_fair@2.5",v2,False,1.1182260686839482,0.7368421052631579,0.7201324213327398,-0.01670968393041805,-0.0226774281912816,0.028425421765560732,-257.0,-228.0,pass,2026-10-02T21:36:31+00:00,sgo_slate_alt_20261002T213627Z.json
ANA@VGK,Ryan Poehling,ANA,f3,PP2,SOG,under,1.5,draftkings,-135,False,1.4034670179302313,1.5762886913354086,0.5949237625798393,0.5390680866781598,12.623491757963661,1554.775,,"draftkings@1.5,sgo_fair@1.5",v2,False,1.1182260686839482,0.574468085106383,0.5614103570388316,-0.013057728067551455,-0.022730119228700607,0.0558556759016795,-128.0,-116.0,pass,2026-10-02T21:36:31+00:00,sgo_slate_alt_20261002T213627Z.json
BOS@WPG,Dylan DeMelo,WPG,d1,-,A,over,0.5,draftkings,500,False,0.17141930903567568,0.1820241960932395,0.157531755147481,0.1664188292360076,21.303773426572707,2554.0425,,"draftkings@0.5,sgo_fair@0.5",v2,False,1.1032038554164156,0.16666666666666666,0.16286399960059694,-0.003802667066069715,-0.022816002396418344,-0.008887074088526598,514.0,625.0,pass,2026-10-02T21:36:31+00:00,sgo_slate_alt_20261002T213627Z.json
ANA@VGK,Cutter Gauthier,ANA,f1,PP1,SOG,over,0.5,draftkings,-3500,True,2.922382978028437,3.4358790498812657,0.9357882093597676,0.9590258009722119,16.623295864485087,1833.5541666666666,,"draftkings@3.5,fanduel@3.5,pinnacle@3.5,sgo_fair@3.5",v2,False,1.1182260686839482,0.9722222222222222,0.9497307643272341,-0.022491457894988076,-0.023134070977702148,-0.02323759161244432,-1889.0,-1229.0,pass,2026-10-02T21:36:31+00:00,sgo_slate_alt_20261002T213627Z.json
NYR@DET,Oliver Bjorkstrand,NYR,f2,PP2,G,over,1.5,draftkings,5000,False,0.19333489820615105,0.2201835096859996,0.01644633283896427,0.02095947641821399,13.833854577852438,1656.3891666666668,,sgo_fair@0.5,v2,False,1.0982596332481283,0.0196078431372549,0.0191542189865141,-0.0004536241507408015,-0.023134831687780855,-0.004513143579249718,5121.0,,pass,2026-10-02T21:36:31+00:00,sgo_slate_alt_20261002T213627Z.json
BOS@WPG,Josh Morrissey,WPG,d1,PP1,SOG,over,0.5,draftkings,-1000,True,2.267287406495546,2.3223860529590477,0.8845519492450715,0.8901759754994019,23.689330519334643,2781.5350000000003,,"draftkings@2.5,pinnacle@2.5,sgo_fair@2.5",v2,False,1.1182260686839482,0.9090909090909091,0.8879263649976697,-0.021164544093239313,-0.023280998502563155,-0.005624026254330339,-792.0,-630.0,pass,2026-10-02T21:36:31+00:00,sgo_slate_alt_20261002T213627Z.json
STL@DAL,Dylan Holloway,STL,f1,PP1,SOG,over,0.5,draftkings,-1800,True,2.7192783828303067,2.7713182715092874,0.9231069971127258,0.9265872951033194,18.08848697930289,1659.9508333333333,,"draftkings@2.5,fanduel@2.5,pinnacle@2.5,sgo_fair@2.5",v2,False,1.1182260686839482,0.9473684210526315,0.925195175907082,-0.022173245145549525,-0.02340509209808006,-0.0034802979905935727,-1237.0,-902.0,pass,2026-10-02T21:36:31+00:00,sgo_slate_alt_20261002T213627Z.json
BOS@WPG,Kyle Connor,WPG,f1,PP1,SOG,over,1.5,draftkings,-575,True,3.5188833524224985,3.303858333434354,0.8460112151290058,0.8218822994727548,19.93354117554885,2516.0816666666665,,"draftkings@3.5,fanduel@3.5,pinnacle@3.5,sgo_fair@3.5",v2,False,1.1182260686839482,0.8518518518518519,0.8315338657352552,-0.02031798611659663,-0.023851548919483045,0.02412891565625097,-494.0,-417.0,pass,2026-10-02T21:36:31+00:00,sgo_slate_alt_20261002T213627Z.json
STL@DAL,Robert Thomas,STL,f1,PP1,G,over,0.5,fanduel,270,False,0.3470329785104103,0.27995466423903104,0.29321798074477634,0.24418199373652288,18.68804235636643,1845.6466666666668,,"fanduel@0.5,pinnacle@0.5,sgo_fair@0.5",v2,False,1.0982596332481283,0.2702702702702703,0.26379638853982423,-0.006473881730446052,-0.023953362402650336,0.04903598700825346,279.0,319.0,pass,2026-10-02T21:36:31+00:00,sgo_slate_alt_20261002T213627Z.json
BOS@WPG,Nikita Zadorov,BOS,d2,-,A,over,0.5,draftkings,425,False,0.21450819365114315,0.19970144219889463,0.19306180006529097,0.18102477197554656,20.31716006112279,2464.5658333333336,,"draftkings@0.5,sgo_fair@0.5",v2,False,1.1032038554164156,0.19047619047619047,0.18583958321144434,-0.004636607264746129,-0.024342188139917287,0.012037028089744412,438.0,522.0,pass,2026-10-02T21:36:31+00:00,sgo_slate_alt_20261002T213627Z.json
ANA@VGK,Brett Howden,VGK,f2,-,SOG,over,0.5,draftkings,-525,True,1.4790681907249035,2.0429238459214494,0.7611517302716407,0.8583512306516404,16.17015068658508,1416.1483333333333,,"draftkings@1.5,sgo_fair@2.0",v2,False,1.1182260686839482,0.84,0.8194714304996406,-0.020528569500359417,-0.02443877321471366,-0.09719950037999969,-454.0,-387.0,pass,2026-10-02T21:36:31+00:00,sgo_slate_alt_20261002T213627Z.json
BOS@WPG,Kyle Connor,WPG,f1,PP1,SOG,over,2.5,draftkings,-190,True,3.5188833524224985,3.303858333434354,0.6621219388137538,0.6232579381266358,19.93354117554885,2516.0816666666665,,"draftkings@3.5,fanduel@3.5,pinnacle@3.5,sgo_fair@3.5",v2,False,1.1182260686839482,0.6551724137931034,0.638803538401483,-0.016368875391620463,-0.024984072966157678,0.03886400068711804,-177.0,-159.0,pass,2026-10-02T21:36:31+00:00,sgo_slate_alt_20261002T213627Z.json
ANA@VGK,Rasmus Andersson,VGK,d2,PP2,SOG,over,1.5,fanduel,-144,False,1.959410606525185,1.9828023884859605,0.5717045914506524,0.57785484176707,21.694549594463403,2772.36,,"draftkings@1.5,pinnacle@1.5,sgo_fair@2.5",v2,False,1.1182260686839482,0.5901639344262295,0.575394741640503,-0.014769192785726526,-0.025025576664703286,-0.006150250316417583,-136.0,-122.0,pass,2026-10-02T21:36:31+00:00,sgo_slate_alt_20261002T213627Z.json
STL@DAL,Justin Hryckowian,DAL,f1,PP2,A,under,0.5,draftkings,-270,False,0.29577650803893274,0.3714202421000749,0.7439536771080604,0.6897540169671709,16.275927825541153,1094.9966666666667,,"draftkings@0.5,sgo_fair@0.5",v2,False,1.1032038554164156,0.7297297297297297,0.7114338810235267,-0.018295848706203044,-0.02507208896775981,0.054199660140889505,-247.0,-219.0,pass,2026-10-02T21:36:31+00:00,sgo_slate_alt_20261002T213627Z.json
NYR@DET,Eeli Tolvanen,NYR,f3,PP2,SOG,over,0.5,draftkings,-450,True,1.7202968901424032,1.6162822567512287,0.8092818274397531,0.789907443151056,14.267736109868624,1801.4791666666667,,"draftkings@1.5,pinnacle@1.5,sgo_fair@1.5",v2,False,1.1182260686839482,0.8181818181818182,0.7976571968665348,-0.02052462131528343,-0.025085648274235206,0.01937438428869709,-394.0,-340.0,pass,2026-10-02T21:36:31+00:00,sgo_slate_alt_20261002T213627Z.json
WSH@CAR,Logan Stankoven,CAR,f2,PP2,SOG,over,1.5,draftkings,-185,False,2.3266691106987305,2.127935341221666,0.660189770435957,0.6144332785898754,17.072616370327324,1801.0691666666667,,"draftkings@1.5,pinnacle@1.5,sgo_fair@2.5",v2,False,1.1182260686839482,0.6491228070175439,0.6327358753283081,-0.016386931689235773,-0.025244732602336173,0.04575649184608155,-172.0,-155.0,pass,2026-10-02T21:36:31+00:00,sgo_slate_alt_20261002T213627Z.json
STL@DAL,Tyler Seguin,DAL,f2,PP2,SOG,over,2.5,draftkings,225,True,1.9165343465270064,1.9059648071166382,0.3014983052993566,0.29875400282172787,14.963038356186521,595.2091666666668,,"draftkings@1.5,fanduel@1.5,pinnacle@1.5,sgo_fair@2.0",v2,False,1.1182260686839482,0.3076923076923077,0.29985172381277936,-0.007840583879528351,-0.025481897608467086,0.002744302477628746,233.0,264.0,pass,2026-10-02T21:36:31+00:00,sgo_slate_alt_20261002T213627Z.json
ANA@VGK,Tomas Hertl,VGK,f3,PP1,A,over,0.5,draftkings,175,False,0.48639007367282316,0.4060154188833554,0.38515807311757483,0.33370010625465923,14.758236776055922,1974.8158333333336,,"draftkings@0.5,pinnacle@0.5,sgo_fair@0.5",v2,False,1.1032038554164156,0.36363636363636365,0.35428329299982547,-0.009353070636538174,-0.025720944250479993,0.051457966862915594,182.0,204.0,pass,2026-10-02T21:36:31+00:00,sgo_slate_alt_20261002T213627Z.json
ANA@VGK,Jackson LaCombe,ANA,d1,PP1,PTS,over,0.5,draftkings,-105,False,0.692941278492353,0.6898456380213238,0.499897038366561,0.4983465006834772,25.36882371969002,2740.9808333333335,,"draftkings@0.5,pinnacle@0.5,sgo_fair@0.5",v2,False,1.0468644783193533,0.5121951219512195,0.4989667157567107,-0.013228406194508824,-0.02582688828451718,0.0015505376830838302,100.0,111.0,pass,2026-10-02T21:36:31+00:00,sgo_slate_alt_20261002T213627Z.json
NYR@DET,Alexis Lafrenière,NYR,f1,PP1,G,over,1.5,draftkings,2200,False,0.3428666201496105,0.3105338731712222,0.04692342057888261,0.03930594540838482,17.94658220183404,0.0,no NHL data: 85% of positional prior,"fanduel@0.5,pinnacle@0.5,sgo_fair@0.5",v2,False,1.0982596332481283,0.043478260869565216,0.04235293547658393,-0.0011253253929812829,-0.02588248403856952,0.007617475170497788,2261.0,5663.0,pass,2026-10-02T21:36:31+00:00,sgo_slate_alt_20261002T213627Z.json
WSH@CAR,K'Andre Miller,CAR,d2,PP2,PTS,over,0.5,draftkings,165,False,0.4894863007958545,0.43788802268735394,0.38705881927857855,0.35460195124976523,22.866364269806873,2368.3558333333335,,"draftkings@0.5,pinnacle@0.5,sgo_fair@0.5",v2,False,1.0468644783193533,0.37735849056603776,0.3675846984612906,-0.009773792104747159,-0.025900549077579882,0.03245686802881331,172.0,192.0,pass,2026-10-02T21:36:31+00:00,sgo_slate_alt_20261002T213627Z.json
ANA@VGK,Leo Carlsson,ANA,f1,PP1,SOG,over,2.5,draftkings,115,False,2.6147602429764167,2.4504871633866157,0.4766979503913358,0.43726318727310126,17.96890196451367,1895.936666666667,,"draftkings@2.5,fanduel@2.5,pinnacle@2.5,sgo_fair@2.5",v2,False,1.1182260686839482,0.46511627906976744,0.45303709252039503,-0.0120791865493724,-0.025970251081150697,0.03943476311823452,121.0,134.0,pass,2026-10-02T21:36:31+00:00,sgo_slate_alt_20261002T213627Z.json
WSH@CAR,Jakob Chychrun,WSH,d1,PP1,SOG,over,0.5,draftkings,-750,True,1.9438461414714083,2.1294097511647485,0.8448686042858935,0.8691192184681825,21.891377326993766,2568.704166666667,,"draftkings@1.5,fanduel@1.5,pinnacle@1.5,sgo_fair@2.0",v2,False,1.1182260686839482,0.8823529411764706,0.8594189727952669,-0.02293396838120365,-0.025991830832030827,-0.02425061418228902,-611.0,-504.0,pass,2026-10-02T21:36:31+00:00,sgo_slate_alt_20261002T213627Z.json
BOS@WPG,Pavel Zacha,BOS,f2,PP1,PTS,over,0.5,fanduel,-108,False,0.7250059123495854,0.691077596731082,0.5156782945323369,0.4989641365521803,16.867313130617127,2032.8025,,"draftkings@0.5,pinnacle@0.5,sgo_fair@0.5",v2,False,1.0468644783193533,0.5192307692307693,0.505649799744243,-0.013580969486526318,-0.026155941233309776,0.01671415798015663,-102.0,108.0,pass,2026-10-02T21:36:31+00:00,sgo_slate_alt_20261002T213627Z.json
ANA@VGK,Victor Olofsson,VGK,f3,PP2,A,over,0.5,draftkings,285,False,0.302530183903707,0.28440584463963003,0.2610538163581259,0.24753879961578715,13.560078838767604,1437.0491666666667,,"draftkings@0.5,sgo_fair@0.5",v2,False,1.1032038554164156,0.2597402597402597,0.25294480631272265,-0.006795453427537068,-0.026162495696017807,0.013515016742338765,295.0,339.0,pass,2026-10-02T21:36:31+00:00,sgo_slate_alt_20261002T213627Z.json
BOS@WPG,David Pastrnak,BOS,f1,PP1,SOG,under,3.5,fanduel,-135,False,3.2437906704082855,3.550763789307926,0.5966733041983241,0.5345224194687346,19.305080809204785,2352.8866666666668,,"draftkings@3.5,fanduel@3.5,pinnacle@3.5,sgo_fair@3.5",v2,False,1.1182260686839482,0.574468085106383,0.5593827733605703,-0.015085311745812735,-0.026259616742711045,0.06215088472958952,-127.0,-115.0,pass,2026-10-02T21:36:31+00:00,sgo_slate_alt_20261002T213627Z.json
STL@DAL,Mikko Rantanen,DAL,f1,PP1,PTS,over,0.5,draftkings,-225,False,1.1712187353624974,1.089095080144061,0.6900110834983211,0.663479119610212,20.640933758585803,2075.3450000000003,,"draftkings@0.5,pinnacle@0.5,sgo_fair@1.5",v2,False,1.0468644783193533,0.6923076923076923,0.6740919051654557,-0.018215787142236595,-0.02631169253878618,0.026531963888109078,-207.0,-185.0,pass,2026-10-02T21:36:31+00:00,sgo_slate_alt_20261002T213627Z.json
WSH@CAR,Alex Ovechkin,WSH,f2,PP1,SOG,over,1.5,fanduel,-355,True,2.782643175743672,2.9073241681550663,0.7475929837778165,0.7676289264049361,16.67895270691558,1949.2041666666667,,"draftkings@2.5,fanduel@2.5,pinnacle@2.5,sgo_fair@3.0",v2,False,1.1182260686839482,0.7802197802197802,0.7596145493540882,-0.020605230865691992,-0.026409521250393864,-0.020035942627119607,-316.0,-277.0,pass,2026-10-02T21:36:31+00:00,sgo_slate_alt_20261002T213627Z.json
NYR@DET,Nate Danielson,DET,f3,-,A,over,0.5,draftkings,500,False,0.17146013763388213,0.18079653801390969,0.1575661512427748,0.1653948481562264,11.761713412247646,309.48333333333335,,"draftkings@0.5,sgo_fair@0.5",v2,False,1.1032038554164156,0.16666666666666666,0.16226336939084574,-0.004403297275820922,-0.026419783654925588,-0.007828696913451616,516.0,629.0,pass,2026-10-02T21:36:31+00:00,sgo_slate_alt_20261002T213627Z.json
STL@DAL,Thomas Harley,DAL,d1,PP2,SOG,over,0.5,draftkings,-650,True,1.942122538072857,1.9313483585975935,0.8446225231946256,0.8430750063831582,23.654813514126516,2434.6675,,"draftkings@1.5,fanduel@1.5,pinnacle@1.5,sgo_fair@2.5",v2,False,1.1182260686839482,0.8666666666666667,0.8436940131077453,-0.02297265355892142,-0.026506907952601688,0.0015475168114673643,-540.0,-452.0,pass,2026-10-02T21:36:31+00:00,sgo_slate_alt_20261002T213627Z.json
STL@DAL,Roope Hintz,DAL,f2,PP1,SOG,over,2.5,draftkings,135,False,2.437534293461486,2.3042341173452443,0.43409266644386457,0.40100678453750466,16.249302644351516,1496.78,,"draftkings@2.5,fanduel@2.5,pinnacle@2.5,sgo_fair@2.5",v2,False,1.1182260686839482,0.425531914893617,0.41424113730004863,-0.01129077759356839,-0.02653332734488567,0.033085881906359915,141.0,157.0,pass,2026-10-02T21:36:31+00:00,sgo_slate_alt_20261002T213627Z.json
STL@DAL,Connor McMichael,STL,f2,PP2,A,over,0.5,draftkings,225,False,0.3484028727390058,0.3610133455373304,0.29418553447938045,0.303030303030303,16.28334807004509,1938.9183333333335,,sgo_fair@0.5,v2,False,1.1032038554164156,0.3076923076923077,0.299492395609934,-0.008199912082373695,-0.026649714267714453,-0.008844768550922533,234.0,264.0,pass,2026-10-02T21:36:31+00:00,sgo_slate_alt_20261002T213627Z.json
ANA@VGK,William Karlsson,VGK,f2,PP2,SOG,over,0.5,draftkings,-650,True,2.0814648851626067,1.8468127959968956,0.8632598600580088,0.8303596912151198,16.71967523099671,635.2708333333334,,"draftkings@1.5,pinnacle@1.5,sgo_fair@1.5",v2,False,1.1182260686839482,0.8666666666666667,0.8435197587522754,-0.023146907914391335,-0.02670797067045161,0.032900168842889044,-539.0,-451.0,pass,2026-10-02T21:36:31+00:00,sgo_slate_alt_20261002T213627Z.json
STL@DAL,Colton Parayko,STL,d2,-,A,under,0.5,draftkings,-475,False,0.16375240542835987,0.2563066890565004,0.848952191814941,0.7739045843257119,20.811591036903145,2393.1916666666666,,"draftkings@0.5,sgo_fair@0.5",v2,False,1.1032038554164156,0.8260869565217391,0.8039236273214034,-0.022163329200335702,-0.026829293242511598,0.07504760748922912,-410.0,-352.0,pass,2026-10-02T21:36:31+00:00,sgo_slate_alt_20261002T213627Z.json
STL@DAL,Jason Robertson,DAL,f2,PP1,PTS,over,0.5,fanduel,-265,True,1.2879148227988864,1.1867280039483117,0.7241546296993304,0.6947816948907759,20.375929813628595,2317.33,,"draftkings@1.5,pinnacle@1.5,sgo_fair@1.0",v2,False,1.0468644783193533,0.726027397260274,0.7065308688141978,-0.01949652844607619,-0.026853708991765313,0.02937293480855452,-241.0,-214.0,pass,2026-10-02T21:36:31+00:00,sgo_slate_alt_20261002T213627Z.json
NYR@DET,Emmitt Finnie,DET,f2,PP2,SOG,over,1.5,fanduel,-130,False,1.6890108136923874,2.0157096902464473,0.4954611231552626,0.5863867845771622,16.128041073700665,1271.0,,"draftkings@1.5,sgo_fair@2.0",v2,False,1.1182260686839482,0.5652173913043478,0.5500165200084024,-0.015200871295945384,-0.02689384921590343,-0.09092566142189962,-122.0,-111.0,pass,2026-10-02T21:36:31+00:00,sgo_slate_alt_20261002T213627Z.json
STL@DAL,Dylan Holloway,STL,f1,PP1,A,over,0.5,fanduel,150,False,0.544557654572178,0.46001467302228616,0.41990166956139824,0.3687256172641168,18.08848697930289,1659.9508333333333,,"draftkings@0.5,pinnacle@0.5,sgo_fair@0.5",v2,False,1.1032038554164156,0.4,0.3891960381830294,-0.01080396181697063,-0.027009904542426577,0.05117605229728145,157.0,175.0,pass,2026-10-02T21:36:31+00:00,sgo_slate_alt_20261002T213627Z.json
STL@DAL,Dylan Holloway,STL,f1,PP1,A,over,0.5,draftkings,150,False,0.544557654572178,0.46001467302228616,0.41990166956139824,0.3687256172641168,18.08848697930289,1659.9508333333333,,"draftkings@0.5,pinnacle@0.5,sgo_fair@0.5",v2,False,1.1032038554164156,0.4,0.3891960381830294,-0.01080396181697063,-0.027009904542426577,0.05117605229728145,157.0,175.0,pass,2026-10-02T21:36:31+00:00,sgo_slate_alt_20261002T213627Z.json
STL@DAL,Justin Hryckowian,DAL,f1,PP2,G,over,1.5,draftkings,4000,False,0.23061100968677525,0.23865603140898256,0.022835440645604794,0.02432826400693725,16.275927825541153,1094.9966666666667,,sgo_fair@0.5,v2,False,1.0982596332481283,0.024390243902439025,0.023731134662404268,-0.0006591092400347574,-0.027023478841424975,-0.0014928233613324578,4114.0,,pass,2026-10-02T21:36:31+00:00,sgo_slate_alt_20261002T213627Z.json
NYR@DET,Lucas Raymond,DET,f1,PP1,SOG,over,3.5,draftkings,295,True,2.556125798842208,2.450707374197824,0.25931991473379085,0.237635068307981,18.249403362076805,2197.0216666666665,,"draftkings@2.5,fanduel@2.5,pinnacle@2.5,sgo_fair@2.5",v2,False,1.1182260686839482,0.25316455696202533,0.24630900687830495,-0.00685555008372038,-0.02707942283069542,0.02168484642580984,306.0,352.0,pass,2026-10-02T21:36:31+00:00,sgo_slate_alt_20261002T213627Z.json
NYR@DET,Viktor Arvidsson,DET,f2,PP1,SOG,over,2.5,draftkings,-115,False,2.4459570745475725,3.066521556270665,0.43615529542943404,0.5764982267601038,13.767299701510195,1459.4783333333332,,"fanduel@2.5,sgo_fair@3.0",v2,False,1.1182260686839482,0.5348837209302325,0.5203610542278359,-0.014522666702396658,-0.02715107253056781,-0.14034293133066972,-108.0,102.0,data-check,2026-10-02T21:36:31+00:00,sgo_slate_alt_20261002T213627Z.json
BOS@WPG,Cole Perfetti,WPG,f1,PP1,G,over,1.5,draftkings,2200,False,0.32721169452092,0.3209905168330558,0.04317180025495229,0.04171367720572787,16.53972973493684,1622.8166666666666,,"fanduel@0.5,pinnacle@0.5,sgo_fair@0.5",v2,False,1.0982596332481283,0.043478260869565216,0.042296926425417644,-0.001181334444147572,-0.027170692215394143,0.0014581230492244218,2264.0,5681.0,pass,2026-10-02T21:36:31+00:00,sgo_slate_alt_20261002T213627Z.json
BOS@WPG,Casey Mittelstadt,BOS,f2,PP2,A,under,0.5,draftkings,-270,False,0.33299776215159876,0.3491731615106623,0.7167717981805266,0.70527099390487,15.633227652822582,1712.975,,"draftkings@0.5,pinnacle@0.5,sgo_fair@0.5",v2,False,1.1032038554164156,0.7297297297297297,0.7098713156151326,-0.0198584141145971,-0.02721338230518877,0.011500804275656584,-245.0,-217.0,pass,2026-10-02T21:36:31+00:00,sgo_slate_alt_20261002T213627Z.json
WSH@CAR,Taylor Hall,CAR,f2,PP2,G,over,1.5,draftkings,2800,False,0.29496625979366586,0.2772444024208794,0.03582418393885793,0.032015743443740176,16.04701527377841,1703.5891666666669,,sgo_fair@0.5,v2,False,1.0982596332481283,0.034482758620689655,0.03353911964178728,-0.0009436389789023725,-0.0273655303881688,0.0038084404951177556,2882.0,11611.0,pass,2026-10-02T21:36:31+00:00,sgo_slate_alt_20261002T213627Z.json
WSH@CAR,Andrei Svechnikov,CAR,f1,PP1,A,over,0.5,fanduel,144,False,0.58004376496352,0.4634572330472525,0.4401261368299865,0.3708950808220832,17.174841336373092,1912.6491666666668,,"draftkings@0.5,pinnacle@0.5,sgo_fair@0.5",v2,False,1.1032038554164156,0.4098360655737705,0.39858750322524455,-0.011248562348525948,-0.02744649213040329,0.0692310560079033,151.0,168.0,pass,2026-10-02T21:36:31+00:00,sgo_slate_alt_20261002T213627Z.json
BOS@WPG,Kyle Connor,WPG,f1,PP1,SOG,over,1.5,fanduel,-590,True,3.5188833524224985,3.303858333434354,0.8460112151290058,0.8218822994727548,19.93354117554885,2516.0816666666665,,"draftkings@3.5,fanduel@3.5,pinnacle@3.5,sgo_fair@3.5",v2,False,1.1182260686839482,0.855072463768116,0.8315338657352552,-0.023538598032860736,-0.02752819091978631,0.02412891565625097,-494.0,-417.0,pass,2026-10-02T21:36:31+00:00,sgo_slate_alt_20261002T213627Z.json
ANA@VGK,Ivan Barbashev,VGK,f1,-,SOG,over,2.5,draftkings,245,True,1.8094396661884347,1.8618637450257456,0.27371736589210466,0.2873065377085843,16.2984941270241,1875.4308333333333,,"draftkings@1.5,pinnacle@1.5,sgo_fair@2.0",v2,False,1.1182260686839482,0.2898550724637681,0.28187086898199243,-0.007984203481775698,-0.027545502012126022,-0.013589171816479617,255.0,289.0,pass,2026-10-02T21:36:31+00:00,sgo_slate_alt_20261002T213627Z.json
NYR@DET,Marcus Pettersson,NYR,d2,-,A,under,0.5,draftkings,-475,False,0.1679970364235753,0.2545425528943182,0.845356339959066,0.7752710623612646,21.146885974092026,2565.24,,"draftkings@0.5,sgo_fair@0.5",v2,False,1.1032038554164156,0.8260869565217391,0.8033051734003852,-0.022781783121353927,-0.027577947989007368,0.07008527759780137,-408.0,-351.0,pass,2026-10-02T21:36:31+00:00,sgo_slate_alt_20261002T213627Z.json
BOS@WPG,Cole Perfetti,WPG,f1,PP1,SOG,over,2.5,draftkings,165,True,2.3304469153221623,2.0645202280148043,0.40757497265226583,0.33985065883261795,16.53972973493684,1622.8166666666666,,"draftkings@1.5,fanduel@1.5,pinnacle@1.5,sgo_fair@2.0",v2,False,1.1182260686839482,0.37735849056603776,0.3669403843604771,-0.010418106205560662,-0.027607981444735752,0.06772431381964789,173.0,192.0,pass,2026-10-02T21:36:31+00:00,sgo_slate_alt_20261002T213627Z.json
ANA@VGK,Mitch Marner,VGK,f2,PP1,A,over,0.5,fanduel,-113,False,0.759844480574536,0.7030583747674705,0.5322608361202017,0.5049311200933211,20.54836472665646,2414.8641666666667,,"draftkings@0.5,sgo_fair@0.5",v2,False,1.1032038554164156,0.5305164319248826,0.5158630065040734,-0.014653425420809274,-0.02762105853656971,0.027329716026880613,-107.0,104.0,pass,2026-10-02T21:36:31+00:00,sgo_slate_alt_20261002T213627Z.json
ANA@VGK,Ivan Barbashev,VGK,f1,-,SOG,over,0.5,fanduel,-580,True,1.8094396661884347,1.8618637450257456,0.8243992981716777,0.83269999875452,16.2984941270241,1875.4308333333333,,"draftkings@1.5,pinnacle@1.5,sgo_fair@2.0",v2,False,1.1182260686839482,0.8529411764705882,0.8293797185213831,-0.023561457949205056,-0.027623778285274847,-0.00830070058284238,-486.0,-411.0,pass,2026-10-02T21:36:31+00:00,sgo_slate_alt_20261002T213627Z.json
STL@DAL,Jamie Benn,DAL,f3,PP2,A,over,0.5,draftkings,250,False,0.34647799106095367,0.3117092344444209,0.2928256167261062,0.2678056058104134,13.688465447375988,1348.1950000000002,,"draftkings@0.5,sgo_fair@0.5",v2,False,1.1032038554164156,0.2857142857142857,0.2778136101766905,-0.007900675537595214,-0.02765236438158336,0.02502001091569278,260.0,296.0,pass,2026-10-02T21:36:31+00:00,sgo_slate_alt_20261002T213627Z.json
WSH@CAR,Shayne Gostisbehere,CAR,d3,PP1,SOG,over,2.5,draftkings,215,True,2.0891866192908224,1.8477533987914245,0.3462148927435907,0.2836461768491764,16.932991501259885,1660.3433333333335,,"draftkings@1.5,pinnacle@1.5,sgo_fair@1.5",v2,False,1.1182260686839482,0.31746031746031744,0.3086736632069421,-0.008786654253375326,-0.027677960898132348,0.06256871589441426,224.0,253.0,pass,2026-10-02T21:36:31+00:00,sgo_slate_alt_20261002T213627Z.json
NYR@DET,Oliver Bjorkstrand,NYR,f2,PP2,PTS,under,0.5,draftkings,-190,False,0.39372923112121255,0.49098729815955866,0.6745366750547883,0.612021847755836,13.833854577852438,1656.3891666666668,,"draftkings@0.5,sgo_fair@0.5",v2,False,1.0468644783193533,0.6551724137931034,0.6370277786754169,-0.01814463511768649,-0.02769444307436375,0.0625148272989523,-176.0,-158.0,pass,2026-10-02T21:36:31+00:00,sgo_slate_alt_20261002T213627Z.json
ANA@VGK,Rasmus Andersson,VGK,d2,PP2,SOG,over,1.5,draftkings,-145,False,1.959410606525185,1.9828023884859605,0.5717045914506524,0.57785484176707,21.694549594463403,2772.36,,"draftkings@1.5,pinnacle@1.5,sgo_fair@2.5",v2,False,1.1182260686839482,0.5918367346938775,0.575394741640503,-0.01644199305337457,-0.027781298607425953,-0.006150250316417583,-136.0,-122.0,pass,2026-10-02T21:36:31+00:00,sgo_slate_alt_20261002T213627Z.json
BOS@WPG,James Hagens,BOS,f3,PP2,SOG,over,0.5,draftkings,-400,True,1.5555328508527122,1.5560883142465056,0.7776503869456556,0.7777657829218035,13.841666666666665,42.55,,"draftkings@1.5,pinnacle@1.5,sgo_fair@1.5",v1,False,1.1182260686839482,0.8,0.7777196245313444,-0.02228037546865569,-0.027850469335819583,-0.00011539597614795838,-350.0,-304.0,pass,2026-10-02T21:36:31+00:00,sgo_slate_alt_20261002T213627Z.json
BOS@WPG,Mark Scheifele,WPG,f1,PP1,A,over,1.5,fanduel,470,True,0.8269486465128035,0.6839344139516107,0.20092580492280082,0.15024010466189047,19.993486037779117,2517.563333333333,,"draftkings@0.5,pinnacle@0.5,sgo_fair@0.5",v2,False,1.1032038554164156,0.17543859649122806,0.17051438476625463,-0.004924211724973426,-0.028068006832348558,0.05068570026091035,486.0,587.0,pass,2026-10-02T21:36:31+00:00,sgo_slate_alt_20261002T213627Z.json
NYR@DET,Michael Brandsegg-Nygård,DET,f3,PP2,G,over,1.5,draftkings,10000,True,0.14804513727407442,0.14392609642115897,0.009934842107891128,0.009415203367200113,12.775611148853327,0.0,no NHL data: 85% of positional prior,sgo_fair@0.5,v2,False,1.0982596332481283,0.009900990099009901,0.009623058863476518,-0.0002779312355333831,-0.02807105478887173,0.0005196387406910148,10292.0,,pass,2026-10-02T21:36:31+00:00,sgo_slate_alt_20261002T213627Z.json
STL@DAL,Wyatt Johnston,DAL,f1,PP1,SOG,over,2.5,fanduel,-114,False,2.8903229975497946,2.7296758812251145,0.5391988599109369,0.5033520722950547,20.913031427503284,2348.4791666666665,,"draftkings@2.5,fanduel@2.5,pinnacle@2.5,sgo_fair@2.5",v2,False,1.1182260686839482,0.5327102803738317,0.5176907873414076,-0.015019493032424114,-0.028194486920515516,0.035846787615882114,-107.0,103.0,pass,2026-10-02T21:36:31+00:00,sgo_slate_alt_20261002T213627Z.json
WSH@CAR,Sebastian Aho,CAR,f1,PP1,A,over,0.5,draftkings,105,False,0.6896869772734604,0.6122660475094064,0.4982669016496532,0.4578789958166868,19.607974986022285,2284.8791666666666,,"draftkings@0.5,pinnacle@0.5,sgo_fair@0.5",v2,False,1.1032038554164156,0.4878048780487805,0.4740341581498734,-0.013770719898907102,-0.028229975792759654,0.04038790583296642,111.0,123.0,pass,2026-10-02T21:36:31+00:00,sgo_slate_alt_20261002T213627Z.json
ANA@VGK,Tomas Hertl,VGK,f3,PP1,SOG,over,2.5,draftkings,120,False,2.6466105220211182,2.353751697418152,0.4841662167843938,0.4133901489439886,14.758236776055922,1974.8158333333336,,"draftkings@2.5,fanduel@2.5,pinnacle@2.5,sgo_fair@2.5",v2,False,1.1182260686839482,0.45454545454545453,0.4417005760801507,-0.012844878465303855,-0.028258732623668403,0.07077606784040519,126.0,140.0,pass,2026-10-02T21:36:31+00:00,sgo_slate_alt_20261002T213627Z.json
BOS@WPG,Kyle Connor,WPG,f1,PP1,SOG,over,2.5,fanduel,-192,True,3.5188833524224985,3.303858333434354,0.6621219388137538,0.6232579381266358,19.93354117554885,2516.0816666666665,,"draftkings@3.5,fanduel@3.5,pinnacle@3.5,sgo_fair@3.5",v2,False,1.1182260686839482,0.6575342465753424,0.638803538401483,-0.018730708173859467,-0.028486285347744555,0.03886400068711804,-177.0,-159.0,pass,2026-10-02T21:36:31+00:00,sgo_slate_alt_20261002T213627Z.json
ANA@VGK,Leo Carlsson,ANA,f1,PP1,PTS,over,1.5,draftkings,330,True,0.8007260759768395,0.9581897293945755,0.19146888581585747,0.24886455483121553,17.96890196451367,1895.936666666667,,"draftkings@0.5,pinnacle@0.5,sgo_fair@1.0",v2,False,1.0468644783193533,0.23255813953488372,0.22590628722507233,-0.006651852309811385,-0.028602964932189057,-0.05739566901535806,343.0,398.0,pass,2026-10-02T21:36:31+00:00,sgo_slate_alt_20261002T213627Z.json
NYR@DET,Oliver Bjorkstrand,NYR,f2,PP2,A,under,0.5,draftkings,-330,False,0.2437399675471464,0.32862591111740497,0.7836913929649698,0.7199122775596758,13.833854577852438,1656.3891666666668,,"draftkings@0.5,sgo_fair@0.5",v2,False,1.1032038554164156,0.7674418604651163,0.7454239237217934,-0.022017936743322863,-0.028690038786754024,0.06377911540529402,-293.0,-258.0,pass,2026-10-02T21:36:31+00:00,sgo_slate_alt_20261002T213627Z.json
ANA@VGK,Shea Theodore,VGK,d1,PP1,PTS,over,0.5,fanduel,-142,False,0.725422041870741,0.9313441592765604,0.5158797931640463,0.6059762763851914,24.38074349382845,2282.9841666666666,,"draftkings@0.5,pinnacle@0.5,sgo_fair@1.0",v2,False,1.0468644783193533,0.5867768595041323,0.5699376830967333,-0.01683917640739896,-0.028697751342186884,-0.09009648322114505,-133.0,-120.0,pass,2026-10-02T21:36:31+00:00,sgo_slate_alt_20261002T213627Z.json
ANA@VGK,Jack Eichel,VGK,f1,PP1,PTS,over,0.5,fanduel,-295,True,1.2960626042636803,1.2897849577784992,0.7263930261289132,0.7246700157043865,20.597276930957293,2298.3541666666665,,"draftkings@1.5,pinnacle@1.5,sgo_fair@1.5",v2,False,1.0468644783193533,0.7468354430379747,0.7253592198741972,-0.021476223163777508,-0.028756298812515735,0.0017230104245267164,-264.0,-234.0,pass,2026-10-02T21:36:31+00:00,sgo_slate_alt_20261002T213627Z.json
NYR@DET,Mika Zibanejad,NYR,f1,PP1,PTS,over,0.5,draftkings,-165,False,0.87699389603289,0.9635643745260214,0.5839683317564781,0.6184694582789199,19.315568777005215,2422.4325000000003,,"draftkings@0.5,pinnacle@0.5,sgo_fair@1.0",v2,False,1.0468644783193533,0.6226415094339622,0.6046690076699431,-0.0179725017640191,-0.028864927075545888,-0.03450112652244175,-153.0,-138.0,pass,2026-10-02T21:36:31+00:00,sgo_slate_alt_20261002T213627Z.json
WSH@CAR,Jackson Blake,CAR,f2,PP1,SOG,over,1.5,draftkings,-235,True,2.455398771532545,2.406356071387941,0.6872552392020101,0.6771760282029868,17.175685133360474,1856.5166666666667,,"draftkings@2.5,fanduel@2.5,pinnacle@2.5,sgo_fair@2.5",v2,False,1.1182260686839482,0.7014925373134329,0.6812077126025962,-0.020284824710836702,-0.028916665013320353,0.010079210999023314,-214.0,-191.0,pass,2026-10-02T21:36:31+00:00,sgo_slate_alt_20261002T213627Z.json
STL@DAL,Mikko Rantanen,DAL,f1,PP1,A,over,0.5,fanduel,-125,False,0.8340142621149719,0.7381798596182657,0.5656976211906345,0.5220168793769518,20.640933758585803,2075.3450000000003,,"draftkings@0.5,pinnacle@0.5,sgo_fair@0.5",v2,False,1.1032038554164156,0.5555555555555556,0.539489176102425,-0.016066379453130608,-0.028919483015635072,0.043680741813682644,-117.0,-106.0,pass,2026-10-02T21:36:31+00:00,sgo_slate_alt_20261002T213627Z.json
NYR@DET,Viktor Arvidsson,DET,f2,PP1,A,over,0.5,draftkings,185,False,0.43613197853077895,0.40380535668979795,0.3534676080907514,0.332225913621261,13.767299701510195,1459.4783333333332,,sgo_fair@0.5,v2,False,1.1032038554164156,0.3508771929824561,0.34072259140905714,-0.01015460157339898,-0.028940614484187166,0.02124169446949037,193.0,217.0,pass,2026-10-02T21:36:31+00:00,sgo_slate_alt_20261002T213627Z.json
STL@DAL,Jason Robertson,DAL,f2,PP1,SOG,over,2.5,draftkings,-225,True,3.681544311815819,3.511385545036372,0.6893331391125272,0.6608225261867698,20.375929813628595,2317.33,,"draftkings@3.5,fanduel@3.5,pinnacle@3.5,sgo_fair@3.5",v2,False,1.1182260686839482,0.6923076923076923,0.6722267713570728,-0.02008092095061953,-0.029005774706450493,0.028510612925757406,-205.0,-183.0,pass,2026-10-02T21:36:31+00:00,sgo_slate_alt_20261002T213627Z.json
BOS@WPG,Marat Khusnutdinov,BOS,f3,-,A,under,0.5,draftkings,-370,False,0.2183641916887342,0.3037016662179531,0.8038326391853563,0.7380810281127016,14.553333111609474,1537.7725,,"draftkings@0.5,sgo_fair@0.5",v2,False,1.1032038554164156,0.7872340425531915,0.7643816725417635,-0.022852370011428036,-0.02902868623073296,0.0657516110726547,-324.0,-284.0,pass,2026-10-02T21:36:31+00:00,sgo_slate_alt_20261002T213627Z.json
STL@DAL,Tyler Seguin,DAL,f2,PP2,PTS,over,0.5,draftkings,100,False,0.7173023862763187,0.6308243522648835,0.5119329018034422,0.46784706133708487,14.963038356186521,595.2091666666668,,"draftkings@0.5,pinnacle@0.5,sgo_fair@0.5",v2,False,1.0468644783193533,0.5,0.48548139752362784,-0.014518602476372156,-0.02903720495274431,0.04408584046635733,106.0,117.0,pass,2026-10-02T21:36:31+00:00,sgo_slate_alt_20261002T213627Z.json
STL@DAL,Connor McMichael,STL,f2,PP2,PTS,over,0.5,draftkings,130,False,0.5442669696514363,0.5511769192895646,0.41973301921332334,0.42372881355932573,16.28334807004509,1938.9183333333335,,sgo_fair@0.5,v2,False,1.0468644783193533,0.43478260869565216,0.42213049582092477,-0.012652112874727395,-0.029099859611873113,-0.00399579434600239,137.0,152.0,pass,2026-10-02T21:36:31+00:00,sgo_slate_alt_20261002T213627Z.json
BOS@WPG,JJ Peterka,BOS,f1,PP1,SOG,over,0.5,draftkings,-900,True,2.121374943782613,2.1990445636939557,0.8681558868237634,0.877166242316312,15.938440465588924,1957.9416666666666,,"draftkings@2.5,fanduel@2.5,pinnacle@1.5,sgo_fair@2.5",v2,False,1.1182260686839482,0.9,0.8735621001192926,-0.02643789988070744,-0.029375444311897092,-0.009010355492548583,-691.0,-560.0,pass,2026-10-02T21:36:31+00:00,sgo_slate_alt_20261002T213627Z.json
WSH@CAR,Tom Wilson,WSH,f1,PP1,SOG,over,2.5,draftkings,230,True,1.8366419942423062,1.922433066195927,0.28076500590467107,0.30302985715105824,18.257601622938086,2083.9066666666668,,"draftkings@1.5,fanduel@1.5,pinnacle@1.5,sgo_fair@2.0",v2,False,1.1182260686839482,0.30303030303030304,0.29412391665250337,-0.008906386377799669,-0.02939107504673888,-0.022264851246387163,240.0,272.0,pass,2026-10-02T21:36:31+00:00,sgo_slate_alt_20261002T213627Z.json
NYR@DET,Adam Fox,NYR,d1,PP1,A,over,0.5,draftkings,105,False,0.6674835569856046,0.624076755893558,0.4870021151840229,0.4642441663285206,22.258802105644207,2111.2541666666666,,"draftkings@0.5,pinnacle@0.5,sgo_fair@0.5",v2,False,1.1032038554164156,0.4878048780487805,0.4733473458707216,-0.014457532178058896,-0.029637940965020815,0.022757948855502308,111.0,123.0,pass,2026-10-02T21:36:31+00:00,sgo_slate_alt_20261002T213627Z.json
WSH@CAR,Tom Wilson,WSH,f1,PP1,G,over,0.5,fanduel,280,False,0.29822745574003645,0.29251956416596253,0.2578674817523506,0.2536193574217228,18.257601622938086,2083.9066666666668,,"fanduel@0.5,pinnacle@0.5,sgo_fair@0.5",v2,False,1.0982596332481283,0.2631578947368421,0.2553186071539739,-0.00783928758286817,-0.02978929281489917,0.004248124330627767,292.0,334.0,pass,2026-10-02T21:36:31+00:00,sgo_slate_alt_20261002T213627Z.json
BOS@WPG,Mark Scheifele,WPG,f1,PP1,SOG,over,0.5,fanduel,-1200,True,2.5971355288162172,2.2523366202078225,0.9142438072546514,0.8829745529308349,19.993486037779117,2517.563333333333,,"draftkings@2.5,fanduel@2.5,pinnacle@2.5,sgo_fair@2.5",v2,False,1.1182260686839482,0.9230769230769231,0.8954822546603616,-0.027594668416561552,-0.029894224117941737,0.03126925432381644,-857.0,-672.0,pass,2026-10-02T21:36:31+00:00,sgo_slate_alt_20261002T213627Z.json
BOS@WPG,Cole Perfetti,WPG,f1,PP1,SOG,over,0.5,fanduel,-900,True,2.3304469153221623,2.0645202280148043,0.8909744395842565,0.8611240361338078,16.53972973493684,1622.8166666666666,,"draftkings@1.5,fanduel@1.5,pinnacle@1.5,sgo_fair@2.0",v2,False,1.1182260686839482,0.9,0.8730641975139872,-0.026935802486012794,-0.029928669428903043,0.029850403450448648,-688.0,-558.0,pass,2026-10-02T21:36:31+00:00,sgo_slate_alt_20261002T213627Z.json
BOS@WPG,Pavel Zacha,BOS,f2,PP1,SOG,over,0.5,fanduel,-580,True,1.7760021865992446,1.8619368753868921,0.8188810410544508,0.8327112872397262,16.867313130617127,2032.8025,,"draftkings@1.5,fanduel@1.5,pinnacle@1.5,sgo_fair@2.0",v2,False,1.1182260686839482,0.8529411764705882,0.827179188765616,-0.025761987704972178,-0.030203709723070737,-0.013830246185275397,-479.0,-406.0,pass,2026-10-02T21:36:31+00:00,sgo_slate_alt_20261002T213627Z.json
ANA@VGK,Pavel Mintyukov,ANA,d2,PP2,PTS,over,0.5,draftkings,230,False,0.3294731023410154,0.3604681280395791,0.2806973675241964,0.3026501993459386,18.42831509091468,1883.52,,"draftkings@0.5,sgo_fair@0.5",v2,False,1.0468644783193533,0.30303030303030304,0.2938690666172417,-0.009161236413061324,-0.030232080163102415,-0.021952831821742236,240.0,272.0,pass,2026-10-02T21:36:31+00:00,sgo_slate_alt_20261002T213627Z.json
WSH@CAR,Jordan Martinook,CAR,f3,-,A,under,0.5,draftkings,-320,False,0.2578978675610684,0.33366822576858796,0.7726741431719111,0.7162913898343177,14.979630616944284,1699.995,,"draftkings@0.5,sgo_fair@0.5",v2,False,1.1032038554164156,0.7619047619047619,0.738844491169355,-0.02306027073540684,-0.03026660534022152,0.05638275333759335,-283.0,-249.0,pass,2026-10-02T21:36:31+00:00,sgo_slate_alt_20261002T213627Z.json
NYR@DET,Lucas Raymond,DET,f1,PP1,A,over,0.5,fanduel,118,False,0.570986112787006,0.600310483844761,0.4350319582936219,0.4513587346027546,18.249403362076805,2197.0216666666665,,"draftkings@0.5,pinnacle@0.5,sgo_fair@0.5",v2,False,1.1032038554164156,0.45871559633027525,0.4448280240791015,-0.013887572251173763,-0.0302749075075589,-0.016326776309132707,125.0,138.0,pass,2026-10-02T21:36:31+00:00,sgo_slate_alt_20261002T213627Z.json
NYR@DET,Moritz Seider,DET,d1,PP1,SOG,over,1.5,draftkings,-220,True,2.3370677729229246,2.3691295967170483,0.6624497003804684,0.6693354797230876,24.012255414088816,3029.8125,,"draftkings@2.5,fanduel@2.5,pinnacle@2.5,sgo_fair@2.5",v2,False,1.1182260686839482,0.6875,0.66658116798604,-0.020918832013960054,-0.030427392020305533,-0.006885779342619247,-200.0,-179.0,pass,2026-10-02T21:36:31+00:00,sgo_slate_alt_20261002T213627Z.json
ANA@VGK,Jack Eichel,VGK,f1,PP1,SOG,over,1.5,draftkings,-575,True,3.4094308224759353,3.28994845954436,0.8341515768546885,0.8202022697892261,20.597276930957293,2298.3541666666665,,"draftkings@3.5,fanduel@3.5,pinnacle@2.5,sgo_fair@3.5",v2,False,1.1182260686839482,0.8518518518518519,0.8257819926154111,-0.026069859236440784,-0.030603747799300085,0.01394930706546249,-474.0,-402.0,pass,2026-10-02T21:36:31+00:00,sgo_slate_alt_20261002T213627Z.json
ANA@VGK,Mark Stone,VGK,f1,PP1,PTS,over,1.5,fanduel,230,True,1.1491295529461085,1.034243540118953,0.3189139699969596,0.27683619177164426,19.299075818445587,1741.9358333333332,,"draftkings@0.5,pinnacle@0.5,sgo_fair@1.5",v2,False,1.0468644783193533,0.30303030303030304,0.29366730306177036,-0.009362999968532681,-0.030897899896157877,0.04207777822531533,241.0,272.0,pass,2026-10-02T21:36:31+00:00,sgo_slate_alt_20261002T213627Z.json
STL@DAL,Jamie Benn,DAL,f3,PP2,PTS,over,0.5,draftkings,140,False,0.5601413825637424,0.4893601698826624,0.4288716894443766,0.38698150357187316,13.688465447375988,1348.1950000000002,,"draftkings@0.5,sgo_fair@0.5",v2,False,1.0468644783193533,0.4166666666666667,0.4037375779208745,-0.012929088745792183,-0.031029812989901262,0.04189018587250343,148.0,164.0,pass,2026-10-02T21:36:31+00:00,sgo_slate_alt_20261002T213627Z.json
BOS@WPG,David Pastrnak,BOS,f1,PP1,A,over,0.5,fanduel,-111,False,0.7684723966625088,0.6773636458637263,0.5362790908679672,0.49204562369685145,19.305080809204785,2352.8866666666668,,"draftkings@0.5,pinnacle@0.5,sgo_fair@0.5",v2,False,1.1032038554164156,0.5260663507109005,0.5097390105652977,-0.016327340145602776,-0.031036655592091678,0.04423346717111576,-104.0,106.0,pass,2026-10-02T21:36:31+00:00,sgo_slate_alt_20261002T213627Z.json
NYR@DET,Emmitt Finnie,DET,f2,PP2,SOG,over,0.5,fanduel,-620,True,1.6890108136923874,2.0157096902464473,0.8036588067724912,0.8547745337545213,16.128041073700665,1271.0,,"draftkings@1.5,sgo_fair@2.0",v2,False,1.1182260686839482,0.8611111111111112,0.8343282429617094,-0.026782868149401784,-0.031102685592853563,-0.05111572698203004,-504.0,-424.0,pass,2026-10-02T21:36:31+00:00,sgo_slate_alt_20261002T213627Z.json
WSH@CAR,Alex Tuch,WSH,f1,PP2,SOG,over,0.5,draftkings,-1000,True,2.080022343595709,2.3467326470045298,0.8630793759270439,0.8925691602949,19.394777971531802,2210.999166666667,,"fanduel@2.5,sgo_fair@2.5",v2,False,1.1182260686839482,0.9090909090909091,0.8807732465477575,-0.0283176625431516,-0.03114942879746674,-0.029489784367856098,-739.0,-593.0,pass,2026-10-02T21:36:31+00:00,sgo_slate_alt_20261002T213627Z.json
NYR@DET,Emmitt Finnie,DET,f2,PP2,PTS,under,0.5,draftkings,-160,False,0.43789969432541337,0.5738690971854239,0.6453905159417658,0.5633415932957623,16.128041073700665,1271.0,,"draftkings@0.5,sgo_fair@0.5",v2,False,1.0468644783193533,0.6153846153846154,0.5961611623541636,-0.01922345303045181,-0.031238111174484162,0.0820489226460035,-148.0,-133.0,pass,2026-10-02T21:36:31+00:00,sgo_slate_alt_20261002T213627Z.json
BOS@WPG,Morgan Geekie,BOS,f2,PP1,SOG,over,0.5,draftkings,-900,True,2.205830514716359,2.1183823514688873,0.8779222869553559,0.867795199312846,17.069132083690253,2012.4566666666665,,"draftkings@1.5,fanduel@1.5,pinnacle@1.5,sgo_fair@2.0",v2,False,1.1182260686839482,0.9,0.87184603436985,-0.028153965630150046,-0.03128218403350003,0.010127087642509913,-680.0,-553.0,pass,2026-10-02T21:36:31+00:00,sgo_slate_alt_20261002T213627Z.json
BOS@WPG,Morgan Geekie,BOS,f2,PP1,SOG,over,0.5,fanduel,-900,True,2.205830514716359,2.1183823514688873,0.8779222869553559,0.867795199312846,17.069132083690253,2012.4566666666665,,"draftkings@1.5,fanduel@1.5,pinnacle@1.5,sgo_fair@2.0",v2,False,1.1182260686839482,0.9,0.87184603436985,-0.028153965630150046,-0.03128218403350003,0.010127087642509913,-680.0,-553.0,pass,2026-10-02T21:36:31+00:00,sgo_slate_alt_20261002T213627Z.json
NYR@DET,J.T. Miller,NYR,f2,PP1,PTS,under,0.5,draftkings,100,False,0.6801411850223616,0.7561879384972334,0.5065454706832075,0.46945260253489784,17.08771264101801,1991.3375,,"draftkings@0.5,pinnacle@0.5,sgo_fair@0.5",v2,False,1.0468644783193533,0.5,0.48428974979422174,-0.015710250205778264,-0.03142050041155653,0.0370928681483097,106.0,118.0,pass,2026-10-02T21:36:31+00:00,sgo_slate_alt_20261002T213627Z.json
BOS@WPG,Pavel Zacha,BOS,f2,PP1,G,over,1.5,fanduel,2200,False,0.3455643700055869,0.30678129502713825,0.04758159434948353,0.038455283442349206,16.867313130617127,2032.8025,,"pinnacle@0.5,sgo_fair@0.5",v2,False,1.0982596332481283,0.043478260869565216,0.042105807805202934,-0.001372453064362282,-0.031566420480332535,0.009126310907134325,2275.0,5746.0,pass,2026-10-02T21:36:31+00:00,sgo_slate_alt_20261002T213627Z.json
BOS@WPG,Pavel Zacha,BOS,f2,PP1,G,over,1.5,draftkings,2200,False,0.3455643700055869,0.30678129502713825,0.04758159434948353,0.038455283442349206,16.867313130617127,2032.8025,,"pinnacle@0.5,sgo_fair@0.5",v2,False,1.0982596332481283,0.043478260869565216,0.042105807805202934,-0.001372453064362282,-0.031566420480332535,0.009126310907134325,2275.0,5746.0,pass,2026-10-02T21:36:31+00:00,sgo_slate_alt_20261002T213627Z.json
ANA@VGK,Trevor Connelly,VGK,f3,PP2,SOG,over,0.5,draftkings,-550,True,1.7567106115277316,1.7931270828217187,0.815615154999717,0.821729485014423,12.433333333333334,11.366666666666667,,"draftkings@1.5,sgo_fair@1.5",v1,False,1.1182260686839482,0.8461538461538461,0.8192837530085406,-0.02687009314530553,-0.03175556462627016,-0.00611433001470596,-453.0,-386.0,pass,2026-10-02T21:36:31+00:00,sgo_slate_alt_20261002T213627Z.json
NYR@DET,Oliver Bjorkstrand,NYR,f2,PP2,SOG,over,0.5,fanduel,-520,True,1.64419310790154,1.8021774046685863,0.7953001127501693,0.8232159113695765,13.833854577852438,1656.3891666666668,,"draftkings@1.5,fanduel@1.5,pinnacle@1.5,sgo_fair@2.0",v2,False,1.1182260686839482,0.8387096774193549,0.8120495919218136,-0.026660085497541286,-0.03178702501629915,-0.027915798619407184,-432.0,-370.0,pass,2026-10-02T21:36:31+00:00,sgo_slate_alt_20261002T213627Z.json
ANA@VGK,Mitch Marner,VGK,f2,PP1,SOG,over,0.5,draftkings,-1400,True,2.583127338622359,2.396786259523875,0.9131611419718805,0.8973196607482608,20.54836472665646,2414.8641666666667,,"draftkings@2.5,fanduel@2.5,sgo_fair@2.5",v2,False,1.1182260686839482,0.9333333333333333,0.9036562532377086,-0.029677080095624753,-0.031796871531026505,0.015841481223619724,-938.0,-724.0,pass,2026-10-02T21:36:31+00:00,sgo_slate_alt_20261002T213627Z.json
STL@DAL,Dylan Holloway,STL,f1,PP1,PTS,over,0.5,draftkings,-130,False,0.8732837504521325,0.7415906843590072,0.5824219267811747,0.5236444188266571,18.08848697930289,1659.9508333333333,,"draftkings@0.5,pinnacle@0.5,sgo_fair@0.5",v2,False,1.0468644783193533,0.5652173913043478,0.5471554220084641,-0.018061969295883662,-0.031955791831178915,0.05877750795451753,-121.0,-109.0,pass,2026-10-02T21:36:31+00:00,sgo_slate_alt_20261002T213627Z.json
BOS@WPG,Morgan Geekie,BOS,f2,PP1,A,under,0.5,draftkings,-255,False,0.35968336238983806,0.3657957110020614,0.6978972716135731,0.6936444906743893,17.069132083690253,2012.4566666666665,,"draftkings@0.5,pinnacle@0.5,sgo_fair@0.5",v2,False,1.1032038554164156,0.7183098591549296,0.6953456030500629,-0.022964256104866743,-0.031969846734226204,0.004252780939183798,-228.0,-203.0,pass,2026-10-02T21:36:31+00:00,sgo_slate_alt_20261002T213627Z.json
NYR@DET,Justin Faulk,DET,d3,PP2,A,over,0.5,draftkings,255,False,0.34196081887520247,0.3029823263087083,0.289623962503908,0.2613878497417449,19.45308564413804,2504.826666666667,,"draftkings@0.5,sgo_fair@0.5",v2,False,1.1032038554164156,0.28169014084507044,0.2726822948466101,-0.009007845998460329,-0.031977853294534175,0.02823611276216309,267.0,304.0,pass,2026-10-02T21:36:31+00:00,sgo_slate_alt_20261002T213627Z.json
ANA@VGK,Victor Olofsson,VGK,f3,PP2,SOG,under,1.5,draftkings,125,False,1.9871691336484376,1.9294729782091595,0.4210049052457935,0.43627043738320925,13.560078838767604,1437.0491666666667,,"draftkings@1.5,sgo_fair@1.5",v2,False,1.1182260686839482,0.4444444444444444,0.430164224528243,-0.014280219916201431,-0.03213049481145325,-0.015265532137415772,132.0,147.0,pass,2026-10-02T21:36:31+00:00,sgo_slate_alt_20261002T213627Z.json
ANA@VGK,Brett Howden,VGK,f2,-,SOG,over,2.5,fanduel,250,True,1.4790681907249035,2.0429238459214494,0.18992217798155211,0.33426947186151734,16.17015068658508,1416.1483333333333,,"draftkings@1.5,sgo_fair@2.0",v2,False,1.1182260686839482,0.2857142857142857,0.2765305543095312,-0.00918373140475448,-0.03214305991664079,-0.14434729387996523,262.0,298.0,data-check,2026-10-02T21:36:31+00:00,sgo_slate_alt_20261002T213627Z.json
STL@DAL,Jimmy Snuggerud,STL,f1,PP1,G,over,1.5,fanduel,2200,True,0.3568889214047601,0.2982252871635192,0.05038097383092736,0.036542709055968556,17.487775105522008,1217.4199999999998,,"fanduel@0.5,sgo_fair@0.5",v2,False,1.0982596332481283,0.043478260869565216,0.04207801496595208,-0.001400245903613137,-0.032205655783102194,0.013838264774958801,2277.0,5755.0,pass,2026-10-02T21:36:31+00:00,sgo_slate_alt_20261002T213627Z.json
NYR@DET,Eeli Tolvanen,NYR,f3,PP2,PTS,under,0.5,draftkings,-235,False,0.35525756151463594,0.4094206091585256,0.7009928711697191,0.6640348744263266,14.267736109868624,1801.4791666666667,,"draftkings@0.5,sgo_fair@0.5",v2,False,1.0468644783193533,0.7014925373134329,0.6788180731236836,-0.022674464189749277,-0.032323172355600005,0.03695799674339251,-211.0,-189.0,pass,2026-10-02T21:36:31+00:00,sgo_slate_alt_20261002T213627Z.json
STL@DAL,Dalibor Dvorsky,STL,f3,PP2,A,under,0.5,draftkings,-425,False,0.20405179907034368,0.27199280561397204,0.8154201320885474,0.7618597421832054,13.885102759466475,1026.5341666666668,,"draftkings@0.5,sgo_fair@0.5",v2,False,1.1032038554164156,0.8095238095238095,0.7832838981453422,-0.026239911378467373,-0.03241400817340079,0.053560389905341954,-361.0,-314.0,pass,2026-10-02T21:36:31+00:00,sgo_slate_alt_20261002T213627Z.json
WSH@CAR,Sebastian Aho,CAR,f1,PP1,SOG,over,1.5,fanduel,-280,True,2.657196105643229,2.5417427564759048,0.7258381716491744,0.7043234458194968,19.607974986022285,2284.8791666666666,,"draftkings@2.5,fanduel@2.5,pinnacle@2.5,sgo_fair@2.5",v2,False,1.1182260686839482,0.7368421052631579,0.7129293361513679,-0.023912769111789967,-0.032453043794572145,0.021514725829677617,-248.0,-220.0,pass,2026-10-02T21:36:31+00:00,sgo_slate_alt_20261002T213627Z.json
BOS@WPG,Cole Perfetti,WPG,f1,PP1,G,over,0.5,fanduel,250,False,0.32721169452092,0.3209905168330558,0.2790688902945273,0.27456986966744557,16.53972973493684,1622.8166666666666,,"fanduel@0.5,pinnacle@0.5,sgo_fair@0.5",v2,False,1.0982596332481283,0.2857142857142857,0.27636947791827826,-0.009344807796007437,-0.03270682728602603,0.00449902062708174,262.0,298.0,pass,2026-10-02T21:36:31+00:00,sgo_slate_alt_20261002T213627Z.json
NYR@DET,Lucas Raymond,DET,f1,PP1,PTS,over,0.5,fanduel,-170,False,0.8686822045523243,0.9886841883445611,0.5804959943756656,0.6279340622293195,18.249403362076805,2197.0216666666665,,"draftkings@0.5,pinnacle@0.5,sgo_fair@1.0",v2,False,1.0468644783193533,0.6296296296296297,0.6089588350878579,-0.020670794541771786,-0.032830085448696256,-0.0474380678536539,-156.0,-140.0,pass,2026-10-02T21:36:31+00:00,sgo_slate_alt_20261002T213627Z.json
STL@DAL,Jake Neighbours,STL,f3,PP2,PTS,over,0.5,draftkings,155,False,0.5236366995136039,0.446797594336162,0.4076376179383983,0.360326631314573,14.386548929610665,1637.3983333333333,,"draftkings@0.5,sgo_fair@0.5",v2,False,1.0468644783193533,0.39215686274509803,0.3792510259641031,-0.01290583678099494,-0.03290988379153714,0.047310986623825324,164.0,182.0,pass,2026-10-02T21:36:31+00:00,sgo_slate_alt_20261002T213627Z.json
BOS@WPG,Kyle Connor,WPG,f1,PP1,PTS,over,0.5,draftkings,-195,False,1.0350886205960523,1.0093650664618568,0.6448050980537962,0.6355496921518493,19.93354117554885,2516.0816666666665,,"draftkings@0.5,pinnacle@0.5,sgo_fair@1.5",v2,False,1.0468644783193533,0.6610169491525424,0.639251854512628,-0.021765094639914384,-0.03292668163474233,0.009255405901946845,-177.0,-159.0,pass,2026-10-02T21:36:31+00:00,sgo_slate_alt_20261002T213627Z.json
NYR@DET,Emmitt Finnie,DET,f2,PP2,SOG,over,4.5,draftkings,1800,True,1.6890108136923874,2.0157096902464473,0.03431125465829572,0.06195472591082674,16.128041073700665,1271.0,,"draftkings@1.5,sgo_fair@2.0",v2,False,1.1182260686839482,0.05263157894736842,0.050897337409814336,-0.001734241537554082,-0.03295058921352756,-0.02764347125253102,1865.0,3761.0,pass,2026-10-02T21:36:31+00:00,sgo_slate_alt_20261002T213627Z.json
NYR@DET,Alexis Lafrenière,NYR,f1,PP1,G,over,0.5,fanduel,250,False,0.3428666201496105,0.3105338731712222,0.29026713068872484,0.2669445069230197,17.94658220183404,0.0,no NHL data: 85% of positional prior,"fanduel@0.5,pinnacle@0.5,sgo_fair@0.5",v2,False,1.0982596332481283,0.2857142857142857,0.27627355642930174,-0.009440729284983962,-0.03304255249744392,0.023322623765705153,262.0,298.0,pass,2026-10-02T21:36:31+00:00,sgo_slate_alt_20261002T213627Z.json
ANA@VGK,Leo Carlsson,ANA,f1,PP1,SOG,over,3.5,draftkings,285,True,2.6147602429764167,2.4504871633866157,0.27150251734956027,0.2375901180329608,17.96890196451367,1895.936666666667,,"draftkings@2.5,fanduel@2.5,pinnacle@2.5,sgo_fair@2.5",v2,False,1.1182260686839482,0.2597402597402597,0.25115507775960055,-0.008585181980659162,-0.033052950625537814,0.03391239931659948,298.0,342.0,pass,2026-10-02T21:36:31+00:00,sgo_slate_alt_20261002T213627Z.json
ANA@VGK,Victor Olofsson,VGK,f3,PP2,SOG,over,0.5,draftkings,-700,True,1.9871691336484376,1.9294729782091595,0.8509219613169876,0.8428040001778887,13.560078838767604,1437.0491666666667,,"draftkings@1.5,sgo_fair@1.5",v2,False,1.1182260686839482,0.875,0.8460511846335282,-0.02894881536647176,-0.0330843604188249,0.008117961139098906,-550.0,-459.0,pass,2026-10-02T21:36:31+00:00,sgo_slate_alt_20261002T213627Z.json
ANA@VGK,Mark Stone,VGK,f1,PP1,PTS,over,0.5,fanduel,-215,False,1.1491295529461085,1.034243540118953,0.683087495088706,0.644504802907685,19.299075818445587,1741.9358333333332,,"draftkings@0.5,pinnacle@0.5,sgo_fair@1.5",v2,False,1.0468644783193533,0.6825396825396826,0.6599378797800934,-0.022601802759589118,-0.03311426915939808,0.03858269218102106,-194.0,-174.0,pass,2026-10-02T21:36:31+00:00,sgo_slate_alt_20261002T213627Z.json
WSH@CAR,Nikolaj Ehlers,CAR,f3,PP1,SOG,over,1.5,fanduel,-260,True,2.7332428940508695,2.3770361799667477,0.7392222243452329,0.6710145644468826,16.96250861269781,1870.6825,,"draftkings@2.5,fanduel@2.5,pinnacle@2.5,sgo_fair@2.5",v2,False,1.1182260686839482,0.7222222222222222,0.6982976284062227,-0.02392459381599954,-0.0331263606683071,0.06820765989835031,-231.0,-206.0,pass,2026-10-02T21:36:31+00:00,sgo_slate_alt_20261002T213627Z.json
ANA@VGK,Braeden Bowman,VGK,f4,PP2,G,over,1.5,fanduel,5500,False,0.21400815482609853,0.18746295629438353,0.01988046953370028,0.0155221644397092,12.24312256075149,774.05,,sgo_fair@0.5,v2,False,1.0982596332481283,0.017857142857142856,0.017265486477305633,-0.0005916563798372236,-0.033132757270884605,0.00435830509399108,5692.0,,pass,2026-10-02T21:36:31+00:00,sgo_slate_alt_20261002T213627Z.json
ANA@VGK,Mark Stone,VGK,f1,PP1,SOG,over,2.5,draftkings,145,True,2.4961662105507703,2.138155851079195,0.44837587405268964,0.35881080589943615,19.299075818445587,1741.9358333333332,,"draftkings@1.5,fanduel@1.5,pinnacle@1.5,sgo_fair@2.5",v2,False,1.1182260686839482,0.40816326530612246,0.39463683316073755,-0.013526432145384903,-0.033139758756192905,0.08956506815325349,153.0,171.0,pass,2026-10-02T21:36:31+00:00,sgo_slate_alt_20261002T213627Z.json
BOS@WPG,Fraser Minten,BOS,f3,PP2,A,over,0.5,fanduel,320,False,0.2559948190355999,0.2653379239027044,0.2258540203953808,0.23305326345326471,15.046893153269307,1413.0508333333335,,"draftkings@0.5,sgo_fair@0.5",v2,False,1.1032038554164156,0.23809523809523808,0.23017356623011115,-0.007921671865126934,-0.03327102183353314,-0.007199243057883914,334.0,387.0,pass,2026-10-02T21:36:31+00:00,sgo_slate_alt_20261002T213627Z.json
NYR@DET,Alexis Lafrenière,NYR,f1,PP1,SOG,over,0.5,draftkings,-1100,True,2.250055125162716,2.3028007819748226,0.8827318681049969,0.8882104016541897,17.94658220183404,0.0,no NHL data: 85% of positional prior,"draftkings@2.5,fanduel@2.5,pinnacle@2.5,sgo_fair@2.5",v2,False,1.1182260686839482,0.9166666666666666,0.8860189882345126,-0.03064767843215399,-0.03343383101689534,-0.00547853354919281,-777.0,-620.0,pass,2026-10-02T21:36:31+00:00,sgo_slate_alt_20261002T213627Z.json
ANA@VGK,Jackson LaCombe,ANA,d1,PP1,SOG,over,1.5,fanduel,-125,False,1.745925016041635,1.8898617382863467,0.5122913276330706,0.5529984749219816,25.36882371969002,2740.9808333333335,,"draftkings@1.5,fanduel@1.5,pinnacle@1.5,sgo_fair@2.5",v2,False,1.1182260686839482,0.5555555555555556,0.5367156160064173,-0.018839939549138318,-0.03391189118844895,-0.040707147288911005,-116.0,-105.0,pass,2026-10-02T21:36:31+00:00,sgo_slate_alt_20261002T213627Z.json
ANA@VGK,Mitch Marner,VGK,f2,PP1,SOG,over,0.5,fanduel,-1450,True,2.583127338622359,2.396786259523875,0.9131611419718805,0.8973196607482608,20.54836472665646,2414.8641666666667,,"draftkings@2.5,fanduel@2.5,sgo_fair@2.5",v2,False,1.1182260686839482,0.9354838709677419,0.9036562532377086,-0.031827617730033286,-0.03402262584934601,0.015841481223619724,-938.0,-724.0,pass,2026-10-02T21:36:31+00:00,sgo_slate_alt_20261002T213627Z.json
BOS@WPG,Josh Morrissey,WPG,d1,PP1,SOG,over,1.5,draftkings,-210,True,2.267287406495546,2.3223860529590477,0.6470317343090305,0.6592551241250003,23.689330519334643,2781.5350000000003,,"draftkings@2.5,pinnacle@2.5,sgo_fair@2.5",v2,False,1.1182260686839482,0.6774193548387096,0.6543657681986124,-0.023053586640097268,-0.03403148504014364,-0.01222338981596982,-189.0,-170.0,pass,2026-10-02T21:36:31+00:00,sgo_slate_alt_20261002T213627Z.json
ANA@VGK,Shea Theodore,VGK,d1,PP1,SOG,under,1.5,draftkings,135,False,1.955428718483615,2.0741568946032145,0.4293494192414541,0.39880462208872103,24.38074349382845,2282.9841666666666,,"draftkings@1.5,fanduel@1.5,pinnacle@1.5,sgo_fair@2.0",v2,False,1.1182260686839482,0.425531914893617,0.4110225409498143,-0.01450937394380275,-0.03409702876793641,0.03054479715273306,143.0,159.0,pass,2026-10-02T21:36:31+00:00,sgo_slate_alt_20261002T213627Z.json
NYR@DET,Adam Fox,NYR,d1,PP1,SOG,over,0.5,fanduel,-580,True,1.7046004708726388,1.879623832479008,0.8064820653814488,0.8354182277019757,22.258802105644207,2111.2541666666666,,"draftkings@1.5,fanduel@1.5,pinnacle@1.5,sgo_fair@2.0",v2,False,1.1182260686839482,0.8529411764705882,0.8238437627737649,-0.029097413696823282,-0.03411420916179275,-0.02893616232052687,-468.0,-397.0,pass,2026-10-02T21:36:31+00:00,sgo_slate_alt_20261002T213627Z.json
ANA@VGK,Jackson LaCombe,ANA,d1,PP1,SOG,over,0.5,draftkings,-600,True,1.745925016041635,1.8898617382863467,0.8137624876235559,0.8369641587101004,25.36882371969002,2740.9808333333335,,"draftkings@1.5,fanduel@1.5,pinnacle@1.5,sgo_fair@2.5",v2,False,1.1182260686839482,0.8571428571428571,0.8276834902754826,-0.029459366867374492,-0.034369261345270186,-0.023201671086544584,-480.0,-407.0,pass,2026-10-02T21:36:31+00:00,sgo_slate_alt_20261002T213627Z.json
ANA@VGK,Tomas Hertl,VGK,f3,PP1,SOG,over,0.5,fanduel,-1450,True,2.6466105220211182,2.353751697418152,0.9179560941712692,0.8932489403966805,14.758236776055922,1974.8158333333336,,"draftkings@2.5,fanduel@2.5,pinnacle@2.5,sgo_fair@2.5",v2,False,1.1182260686839482,0.9354838709677419,0.903131801906516,-0.0323520690612259,-0.03458324623786235,0.024707153774588764,-932.0,-721.0,pass,2026-10-02T21:36:31+00:00,sgo_slate_alt_20261002T213627Z.json
ANA@VGK,Jack Eichel,VGK,f1,PP1,G,over,0.5,fanduel,160,False,0.46727418538191356,0.461989409749093,0.3732917673831022,0.3699709879281009,20.597276930957293,2298.3541666666665,,"fanduel@0.5,pinnacle@0.5,sgo_fair@0.5",v2,False,1.0982596332481283,0.38461538461538464,0.37129929971010145,-0.013316084905283188,-0.03462182075373621,0.0033207794550013103,169.0,189.0,pass,2026-10-02T21:36:31+00:00,sgo_slate_alt_20261002T213627Z.json
STL@DAL,Tyler Seguin,DAL,f2,PP2,SOG,over,0.5,fanduel,-670,True,1.9165343465270064,1.9059648071166382,0.8409208955354709,0.8393651019156074,14.963038356186521,595.2091666666668,,"draftkings@1.5,fanduel@1.5,pinnacle@1.5,sgo_fair@2.0",v2,False,1.1182260686839482,0.8701298701298701,0.8399874193635528,-0.030142450766317275,-0.0346413240150214,0.0015557936198634659,-525.0,-441.0,pass,2026-10-02T21:36:31+00:00,sgo_slate_alt_20261002T213627Z.json
STL@DAL,Thomas Harley,DAL,d1,PP2,A,over,1.5,draftkings,1200,True,0.5224471653567565,0.3905438719999929,0.09708616227015693,0.05903461608886614,23.654813514126516,2434.6675,,"draftkings@0.5,pinnacle@0.5,sgo_fair@0.5",v2,False,1.1032038554164156,0.07692307692307693,0.07425523456138246,-0.0026678423616944696,-0.034681950702028064,0.038051546181290787,1247.0,1930.0,pass,2026-10-02T21:36:31+00:00,sgo_slate_alt_20261002T213627Z.json
NYR@DET,Albert Johansson,DET,d1,-,PTS,under,0.5,draftkings,-650,False,0.14399534459321822,0.20219431117317543,0.8658917791282827,0.8169361726926514,16.65774239725896,1756.1741666666667,,"draftkings@0.5,sgo_fair@0.5",v2,False,1.0468644783193533,0.8666666666666667,0.8365184152669038,-0.03014825139976285,-0.03478644392280339,0.04895560643563135,-512.0,-431.0,pass,2026-10-02T21:36:31+00:00,sgo_slate_alt_20261002T213627Z.json
STL@DAL,Tyler Seguin,DAL,f2,PP2,G,over,0.5,fanduel,280,False,0.3170874877270537,0.27718042036682194,0.2717329620893297,0.24208225902276456,14.963038356186521,595.2091666666668,,"fanduel@0.5,pinnacle@0.5,sgo_fair@0.5",v2,False,1.0982596332481283,0.2631578947368421,0.2539425402493906,-0.009215354487451477,-0.03501834705231577,0.029650703066565115,294.0,337.0,pass,2026-10-02T21:36:31+00:00,sgo_slate_alt_20261002T213627Z.json
ANA@VGK,Brayden McNabb,VGK,d1,-,PTS,over,0.5,draftkings,290,False,0.28852695508178183,0.2813116395878655,0.25063339436287524,0.24520692457900978,20.84672019918944,2053.8791666666666,,"draftkings@0.5,sgo_fair@0.5",v2,False,1.0468644783193533,0.2564102564102564,0.24737751249255596,-0.009032743917700425,-0.03522770127903174,0.005426469783865462,304.0,350.0,pass,2026-10-02T21:36:31+00:00,sgo_slate_alt_20261002T213627Z.json
NYR@DET,Mika Zibanejad,NYR,f1,PP1,G,over,1.5,draftkings,1600,False,0.40918669330240837,0.3629268402304303,0.06403197891324468,0.05189721964021249,19.315568777005215,2422.4325000000003,,"fanduel@0.5,pinnacle@0.5,sgo_fair@0.5",v2,False,1.0982596332481283,0.058823529411764705,0.056751123349425364,-0.002072406062339341,-0.03523090305976884,0.012134759273032189,1662.0,3049.0,pass,2026-10-02T21:36:31+00:00,sgo_slate_alt_20261002T213627Z.json
NYR@DET,Mika Zibanejad,NYR,f1,PP1,G,over,1.5,fanduel,1600,True,0.40918669330240837,0.3629268402304303,0.06403197891324468,0.05189721964021249,19.315568777005215,2422.4325000000003,,"fanduel@0.5,pinnacle@0.5,sgo_fair@0.5",v2,False,1.0982596332481283,0.058823529411764705,0.056751123349425364,-0.002072406062339341,-0.03523090305976884,0.012134759273032189,1662.0,3049.0,pass,2026-10-02T21:36:31+00:00,sgo_slate_alt_20261002T213627Z.json
ANA@VGK,Rasmus Andersson,VGK,d2,PP2,SOG,over,2.5,draftkings,205,True,1.959410606525185,1.9828023884859605,0.3126288262809237,0.3186973954295652,21.694549594463403,2772.36,,"draftkings@1.5,pinnacle@1.5,sgo_fair@2.5",v2,False,1.1182260686839482,0.32786885245901637,0.31626996777010863,-0.01159888468890774,-0.03537659830116879,-0.006068569148641512,216.0,243.0,pass,2026-10-02T21:36:31+00:00,sgo_slate_alt_20261002T213627Z.json
WSH@CAR,Jordan Kyrou,WSH,f3,PP2,SOG,under,2.5,fanduel,-205,False,1.9658783555722847,2.207813978177234,0.6856928508025681,0.6233803271107446,14.636186494925454,1777.7216666666668,,"fanduel@2.5,sgo_fair@2.5",v2,False,1.1182260686839482,0.6721311475409836,0.648305336587474,-0.023825810953509552,-0.035448157760099686,0.062312523691823496,-184.0,-165.0,pass,2026-10-02T21:36:31+00:00,sgo_slate_alt_20261002T213627Z.json
BOS@WPG,JJ Peterka,BOS,f1,PP1,PTS,under,0.5,draftkings,-120,False,0.5922261303956287,0.6770089920137654,0.5530946524259994,0.5081345562271722,15.938440465588924,1957.9416666666666,,"draftkings@0.5,pinnacle@0.5,sgo_fair@0.5",v2,False,1.0468644783193533,0.5454545454545454,0.5261185947067031,-0.019335950747842334,-0.03544924303771091,0.04496009619882724,-111.0,-100.0,pass,2026-10-02T21:36:31+00:00,sgo_slate_alt_20261002T213627Z.json
NYR@DET,Alex DeBrincat,DET,f1,PP1,SOG,under,3.5,fanduel,-125,False,3.5365140211988266,3.5490445411392613,0.5373445494976884,0.5348625464525625,18.58434807318392,2176.461666666667,,"draftkings@3.5,fanduel@3.5,pinnacle@3.5,sgo_fair@3.5",v2,False,1.1182260686839482,0.5555555555555556,0.5358553476706128,-0.019700207884942755,-0.03546037419289694,0.0024820030451259134,-115.0,-104.0,pass,2026-10-02T21:36:31+00:00,sgo_slate_alt_20261002T213627Z.json
NYR@DET,Mason Appleton,DET,f3,-,A,under,0.5,draftkings,-700,False,0.13250635361376362,0.19537848696353943,0.8758973689749449,0.822523284793873,13.587310050246604,1352.9241666666667,,"draftkings@0.5,sgo_fair@0.5",v2,False,1.1032038554164156,0.875,0.8438729184663019,-0.031127081533698142,-0.03557380746708361,0.05337408418107181,-541.0,-452.0,pass,2026-10-02T21:36:31+00:00,sgo_slate_alt_20261002T213627Z.json
NYR@DET,Albert Johansson,DET,d1,-,A,under,0.5,draftkings,-1000,False,0.11072971071050046,0.14600567446686274,0.895180673981027,0.8641527995643047,16.65774239725896,1756.1741666666667,,"draftkings@0.5,sgo_fair@0.5",v2,False,1.1032038554164156,0.9090909090909091,0.8765639493309936,-0.032526959759915486,-0.03577965573590702,0.03102787441672228,-710.0,-574.0,pass,2026-10-02T21:36:31+00:00,sgo_slate_alt_20261002T213627Z.json
WSH@CAR,Sebastian Aho,CAR,f1,PP1,SOG,over,0.5,fanduel,-1800,True,2.657196105643229,2.5417427564759048,0.9187283280620725,0.9098783776015205,19.607974986022285,2284.8791666666666,,"draftkings@2.5,fanduel@2.5,pinnacle@2.5,sgo_fair@2.5",v2,False,1.1182260686839482,0.9473684210526315,0.9134183577857413,-0.03395006326689021,-0.03583617789282856,0.008849950460552036,-1055.0,-796.0,pass,2026-10-02T21:36:31+00:00,sgo_slate_alt_20261002T213627Z.json
NYR@DET,Noah Laba,NYR,f3,-,PTS,under,0.5,draftkings,-310,False,0.2795570839333762,0.3412124066772641,0.7561185643614579,0.710907890585522,13.668751240671648,1026.0166666666667,,"draftkings@0.5,sgo_fair@0.5",v2,False,1.0468644783193533,0.7560975609756098,0.7289921600958964,-0.02710540087971336,-0.035849078582846694,0.045210673775935906,-269.0,-238.0,pass,2026-10-02T21:36:31+00:00,sgo_slate_alt_20261002T213627Z.json
BOS@WPG,Gabriel Vilardi,WPG,f2,PP1,SOG,over,0.5,fanduel,-750,True,2.239414705371673,1.8449681368386326,0.8815930704942173,0.8300705163570541,17.433178488819145,2116.1,,"draftkings@1.5,fanduel@1.5,pinnacle@1.5,sgo_fair@1.5",v2,False,1.1182260686839482,0.8823529411764706,0.8506795380119194,-0.03167340316455114,-0.035896523586491313,0.05152255413716322,-570.0,-474.0,pass,2026-10-02T21:36:31+00:00,sgo_slate_alt_20261002T213627Z.json
ANA@VGK,Mikael Granlund,ANA,f2,PP1,G,over,0.5,fanduel,280,False,0.3102140860907833,0.2810607100827005,0.2667100477605814,0.24501750096109906,18.703895528300663,1838.5333333333333,,"fanduel@0.5,pinnacle@0.5,sgo_fair@0.5",v2,False,1.0982596332481283,0.2631578947368421,0.25369451968089196,-0.00946337505595013,-0.03596082521261057,0.02169254679948232,294.0,337.0,pass,2026-10-02T21:36:31+00:00,sgo_slate_alt_20261002T213627Z.json
BOS@WPG,Hampus Lindholm,BOS,d1,PP1,SOG,over,0.5,fanduel,-440,True,1.6171119728984202,1.5789622302164883,0.7900698757486965,0.7824638332976901,21.812503355085678,1626.9141666666667,,"draftkings@1.5,fanduel@1.5,pinnacle@1.5,sgo_fair@1.5",v2,False,1.1182260686839482,0.8148148148148148,0.7855062502780926,-0.029308564536722148,-0.03596960193143173,0.0076060424510063784,-366.0,-318.0,pass,2026-10-02T21:36:31+00:00,sgo_slate_alt_20261002T213627Z.json
WSH@CAR,Taylor Hall,CAR,f2,PP2,SOG,over,0.5,fanduel,-750,True,2.084770299166911,1.922734463279685,0.8636724813101828,0.8418261926418691,16.04701527377841,1703.5891666666669,,"draftkings@1.5,pinnacle@1.5,sgo_fair@1.5",v2,False,1.1182260686839482,0.8823529411764706,0.8505647081091946,-0.03178823306727596,-0.03602666414291278,0.02184628866831373,-569.0,-473.0,pass,2026-10-02T21:36:31+00:00,sgo_slate_alt_20261002T213627Z.json
WSH@CAR,Taylor Hall,CAR,f2,PP2,SOG,over,0.5,draftkings,-750,True,2.084770299166911,1.922734463279685,0.8636724813101828,0.8418261926418691,16.04701527377841,1703.5891666666669,,"draftkings@1.5,pinnacle@1.5,sgo_fair@1.5",v2,False,1.1182260686839482,0.8823529411764706,0.8505647081091946,-0.03178823306727596,-0.03602666414291278,0.02184628866831373,-569.0,-473.0,pass,2026-10-02T21:36:31+00:00,sgo_slate_alt_20261002T213627Z.json
NYR@DET,Mason Appleton,DET,f3,-,PTS,under,0.5,draftkings,-380,False,0.23153981656967815,0.29716501141297313,0.7933111079472683,0.7429214117350882,13.587310050246604,1352.9241666666667,,"draftkings@0.5,sgo_fair@0.5",v2,False,1.0468644783193533,0.7916666666666666,0.7630772902199603,-0.028589376446706338,-0.036112896564260755,0.050389696212180146,-322.0,-282.0,pass,2026-10-02T21:36:31+00:00,sgo_slate_alt_20261002T213627Z.json
NYR@DET,Mika Zibanejad,NYR,f1,PP1,SOG,over,0.5,fanduel,-1600,True,2.5578884297133944,2.47245746794295,0.9111742719942977,0.9040889510278876,19.315568777005215,2422.4325000000003,,"draftkings@2.5,fanduel@2.5,pinnacle@2.5,sgo_fair@2.5",v2,False,1.1182260686839482,0.9411764705882353,0.9069230794144516,-0.034253391173783676,-0.03639422812214521,0.007085320966410125,-974.0,-747.0,pass,2026-10-02T21:36:31+00:00,sgo_slate_alt_20261002T213627Z.json
WSH@CAR,Nikolaj Ehlers,CAR,f3,PP1,SOG,over,0.5,fanduel,-1600,True,2.7332428940508695,2.3770361799667477,0.9240575093764398,0.8954719848546886,16.96250861269781,1870.6825,,"draftkings@2.5,fanduel@2.5,pinnacle@2.5,sgo_fair@2.5",v2,False,1.1182260686839482,0.9411764705882353,0.9069061946633892,-0.034270275924846105,-0.03641216817014903,0.028585524521751227,-974.0,-747.0,pass,2026-10-02T21:36:31+00:00,sgo_slate_alt_20261002T213627Z.json
BOS@WPG,James Hagens,BOS,f3,PP2,SOG,over,1.5,fanduel,112,False,1.5555328508527122,1.5560883142465056,0.45440509933454204,0.4545804370058967,13.841666666666665,42.55,,"draftkings@1.5,pinnacle@1.5,sgo_fair@1.5",v1,False,1.1182260686839482,0.4716981132075472,0.4545103019373548,-0.017187811270192366,-0.03643815989280774,-0.00017533767135463618,120.0,133.0,pass,2026-10-02T21:36:31+00:00,sgo_slate_alt_20261002T213627Z.json
STL@DAL,Miro Heiskanen,DAL,d1,PP1,PTS,under,0.5,draftkings,140,False,0.8036757964742296,0.9924636355830904,0.4476803541288046,0.3706623881811498,25.972927915823785,2527.524166666667,,"draftkings@0.5,pinnacle@0.5,sgo_fair@1.0",v2,False,1.0468644783193533,0.4166666666666667,0.4014695745602117,-0.015197092106454979,-0.036473021055491994,0.07701796594765475,149.0,166.0,pass,2026-10-02T21:36:31+00:00,sgo_slate_alt_20261002T213627Z.json
WSH@CAR,Shayne Gostisbehere,CAR,d3,PP1,A,over,1.5,draftkings,750,True,0.6504052987392124,0.5202860336848337,0.13876201326545337,0.09641720626526273,16.932991501259885,1660.3433333333335,,"draftkings@0.5,pinnacle@0.5,sgo_fair@0.5",v2,False,1.1032038554164156,0.11764705882352941,0.11335512906533898,-0.004291929758190427,-0.03648140294461866,0.04234480700019064,782.0,1032.0,pass,2026-10-02T21:36:31+00:00,sgo_slate_alt_20261002T213627Z.json
WSH@CAR,Tom Wilson,WSH,f1,PP1,SOG,over,0.5,fanduel,-660,True,1.8366419942423062,1.922433066195927,0.8287588584931861,0.8417823095096734,18.257601622938086,2083.9066666666668,,"draftkings@1.5,fanduel@1.5,pinnacle@1.5,sgo_fair@2.0",v2,False,1.1182260686839482,0.868421052631579,0.8365729291030783,-0.03184812352850064,-0.036673596790394614,-0.013023451016487275,-512.0,-431.0,pass,2026-10-02T21:36:31+00:00,sgo_slate_alt_20261002T213627Z.json
STL@DAL,Wyatt Johnston,DAL,f1,PP1,SOG,over,1.5,draftkings,-350,True,2.8903229975497946,2.7296758812251145,0.7649866417575495,0.7386080437680038,20.913031427503284,2348.4791666666665,,"draftkings@2.5,fanduel@2.5,pinnacle@2.5,sgo_fair@2.5",v2,False,1.1182260686839482,0.7777777777777778,0.7491594829638222,-0.028618294813955614,-0.03679495047508585,0.02637859798954567,-299.0,-263.0,pass,2026-10-02T21:36:31+00:00,sgo_slate_alt_20261002T213627Z.json
ANA@VGK,Brett Howden,VGK,f2,-,PTS,under,0.5,draftkings,-165,False,0.47697476594136257,0.5349790716195593,0.6206581908210156,0.5856815473827721,16.17015068658508,1416.1483333333333,,"draftkings@0.5,sgo_fair@0.5",v2,False,1.0468644783193533,0.6226415094339622,0.5996722047580695,-0.022969304675892754,-0.036890095388555144,0.03497664343824347,-150.0,-135.0,pass,2026-10-02T21:36:31+00:00,sgo_slate_alt_20261002T213627Z.json
ANA@VGK,Shea Theodore,VGK,d1,PP1,SOG,over,0.5,draftkings,-800,True,1.955428718483615,2.0741568946032145,0.8465117350132971,0.8623429501854672,24.38074349382845,2282.9841666666666,,"draftkings@1.5,fanduel@1.5,pinnacle@1.5,sgo_fair@2.0",v2,False,1.1182260686839482,0.8888888888888888,0.8560104641165992,-0.03287842477228964,-0.03698822786882594,-0.01583121517217012,-594.0,-492.0,pass,2026-10-02T21:36:31+00:00,sgo_slate_alt_20261002T213627Z.json
ANA@VGK,Shea Theodore,VGK,d1,PP1,PTS,over,0.5,draftkings,-145,False,0.725422041870741,0.9313441592765604,0.5158797931640463,0.6059762763851914,24.38074349382845,2282.9841666666666,,"draftkings@0.5,pinnacle@0.5,sgo_fair@1.0",v2,False,1.0468644783193533,0.5918367346938775,0.5699376830967333,-0.021899051597144226,-0.03700184580207122,-0.09009648322114505,-133.0,-120.0,pass,2026-10-02T21:36:31+00:00,sgo_slate_alt_20261002T213627Z.json
STL@DAL,Roope Hintz,DAL,f2,PP1,SOG,over,3.5,fanduel,340,True,2.437534293461486,2.3042341173452443,0.23494897187525124,0.20813585966456646,16.249302644351516,1496.78,,"draftkings@2.5,fanduel@2.5,pinnacle@2.5,sgo_fair@2.5",v2,False,1.1182260686839482,0.22727272727272727,0.2188611045488404,-0.008411622723886875,-0.03701113998510219,0.026813112210684775,357.0,416.0,pass,2026-10-02T21:36:31+00:00,sgo_slate_alt_20261002T213627Z.json
NYR@DET,Pavel Dorofeyev,NYR,f2,PP1,SOG,over,1.5,draftkings,-380,True,2.8810891147159556,2.8682035624444366,0.7635398407849916,0.7615070391921177,16.450106012385557,2082.9491666666668,,"draftkings@2.5,fanduel@2.5,pinnacle@2.5,sgo_fair@3.5",v2,False,1.1182260686839482,0.7916666666666666,0.7623201598292673,-0.029346506837399366,-0.03706927179460984,0.0020328015928738896,-321.0,-281.0,pass,2026-10-02T21:36:31+00:00,sgo_slate_alt_20261002T213627Z.json
WSH@CAR,Vincent Desharnais,WSH,d2,-,PTS,over,0.5,draftkings,600,False,0.15842938655963576,0.14107859825990554,0.14651677094976337,0.13157894736842105,19.955164959833358,1328.74,,sgo_fair@0.5,v2,False,1.0468644783193533,0.14285714285714285,0.137554076800958,-0.0053030660561848575,-0.03712146239329406,0.014937823581342324,627.0,788.0,pass,2026-10-02T21:36:31+00:00,sgo_slate_alt_20261002T213627Z.json
WSH@CAR,Nikolaj Ehlers,CAR,f3,PP1,A,over,0.5,fanduel,126,False,0.6272963558057655,0.5098789811348887,0.46596631196598126,0.39943174549680555,16.96250861269781,1870.6825,,"draftkings@0.5,pinnacle@0.5,sgo_fair@0.5",v2,False,1.1032038554164156,0.4424778761061947,0.4260455720844758,-0.016432304021718913,-0.03713700708908474,0.06653456646917572,135.0,149.0,pass,2026-10-02T21:36:31+00:00,sgo_slate_alt_20261002T213627Z.json
STL@DAL,Jimmy Snuggerud,STL,f1,PP1,SOG,over,0.5,fanduel,-1500,True,2.5139109943810083,2.417232982071554,0.9075979367856251,0.8991965894150664,17.487775105522008,1217.4199999999998,,"draftkings@2.5,fanduel@2.5,sgo_fair@2.5",v2,False,1.1182260686839482,0.9375,0.9025571283632899,-0.03494287163671006,-0.037272396412490694,0.008401347370558643,-926.0,-717.0,pass,2026-10-02T21:36:31+00:00,sgo_slate_alt_20261002T213627Z.json
NYR@DET,Alex DeBrincat,DET,f1,PP1,SOG,over,2.5,draftkings,-225,True,3.5365140211988266,3.5490445411392613,0.6651616675955293,0.6673086422617972,18.58434807318392,2176.461666666667,,"draftkings@3.5,fanduel@3.5,pinnacle@3.5,sgo_fair@3.5",v2,False,1.1182260686839482,0.6923076923076923,0.66644985239529,-0.025857839912402314,-0.03735021320680343,-0.002146974666267898,-200.0,-179.0,pass,2026-10-02T21:36:31+00:00,sgo_slate_alt_20261002T213627Z.json
ANA@VGK,Nikita Nesterenko,ANA,f3,-,PTS,under,0.5,draftkings,-300,False,0.2884079839002807,0.351504936055095,0.7494557639711058,0.7036283768049917,12.3960500176475,448.3,,"draftkings@0.5,sgo_fair@0.5",v2,False,1.0468644783193533,0.75,0.7219593316714373,-0.028040668328562668,-0.03738755777141689,0.04582738716611412,-260.0,-230.0,pass,2026-10-02T21:36:31+00:00,sgo_slate_alt_20261002T213627Z.json
ANA@VGK,Leo Carlsson,ANA,f1,PP1,G,over,0.5,fanduel,230,False,0.34007207651731897,0.34803763015001526,0.28828097731459834,0.29392769389233153,17.96890196451367,1895.936666666667,,"fanduel@0.5,pinnacle@0.5,sgo_fair@0.5",v2,False,1.0982596332481283,0.30303030303030304,0.29166900726123823,-0.011361295769064805,-0.03749227603791383,-0.005646716577733191,243.0,275.0,pass,2026-10-02T21:36:31+00:00,sgo_slate_alt_20261002T213627Z.json
WSH@CAR,Jordan Martinook,CAR,f3,-,PTS,under,0.5,draftkings,-200,False,0.4068371878751763,0.46908429457160405,0.6657525740693772,0.6255748483698642,14.979630616944284,1699.995,,"draftkings@0.5,sgo_fair@0.5",v2,False,1.0468644783193533,0.6666666666666666,0.6416459386496693,-0.025020728016997285,-0.03753109202549598,0.040177725699512945,-179.0,-161.0,pass,2026-10-02T21:36:31+00:00,sgo_slate_alt_20261002T213627Z.json
STL@DAL,Esa Lindell,DAL,d2,PP2,A,over,0.5,draftkings,245,False,0.35145166817792084,0.31107123301821143,0.2963341414067776,0.26733831569262784,22.882993427939844,2703.7525,,"draftkings@0.5,sgo_fair@0.5",v2,False,1.1032038554164156,0.2898550724637681,0.27893664597828777,-0.01091842648548036,-0.0376685713749072,0.02899582571414977,259.0,294.0,pass,2026-10-02T21:36:31+00:00,sgo_slate_alt_20261002T213627Z.json
WSH@CAR,Jordan Kyrou,WSH,f3,PP2,SOG,over,0.5,draftkings,-900,True,1.9658783555722847,2.207813978177234,0.8479785402855544,0.8781423513892155,14.636186494925454,1777.7216666666668,,"fanduel@2.5,sgo_fair@2.5",v2,False,1.1182260686839482,0.9,0.866076826947751,-0.03392317305224901,-0.03769241450249883,-0.030163811103661065,-647.0,-529.0,pass,2026-10-02T21:36:31+00:00,sgo_slate_alt_20261002T213627Z.json
WSH@CAR,Alex Ovechkin,WSH,f2,PP1,G,over,0.5,fanduel,230,False,0.3635370748202247,0.332412374856016,0.30478704815685304,0.2828084898799532,16.67895270691558,1949.2041666666667,,"fanduel@0.5,pinnacle@0.5,sgo_fair@0.5",v2,False,1.0982596332481283,0.30303030303030304,0.29159991319071316,-0.011430389839589883,-0.037720286470646625,0.021978558276899818,243.0,275.0,pass,2026-10-02T21:36:31+00:00,sgo_slate_alt_20261002T213627Z.json
ANA@VGK,Rasmus Andersson,VGK,d2,PP2,SOG,over,0.5,fanduel,-750,True,1.959410606525185,1.9828023884859605,0.8470724051537772,0.8503231568008257,21.694549594463403,2772.36,,"draftkings@1.5,pinnacle@1.5,sgo_fair@2.5",v2,False,1.1182260686839482,0.8823529411764706,0.8490228561420063,-0.03333008503446422,-0.03777409637239282,-0.0032507516470484665,-562.0,-468.0,pass,2026-10-02T21:36:31+00:00,sgo_slate_alt_20261002T213627Z.json
STL@DAL,Roope Hintz,DAL,f2,PP1,SOG,over,0.5,fanduel,-1300,True,2.437534293461486,2.3042341173452443,0.9010247260626375,0.8883554900251904,16.249302644351516,1496.78,,"draftkings@2.5,fanduel@2.5,pinnacle@2.5,sgo_fair@2.5",v2,False,1.1182260686839482,0.9285714285714286,0.8934231844401692,-0.03514824413125939,-0.03785195521827933,0.012669236037447074,-838.0,-660.0,pass,2026-10-02T21:36:31+00:00,sgo_slate_alt_20261002T213627Z.json
NYR@DET,Will Cuylle,NYR,f3,PP2,A,under,0.5,draftkings,-450,False,0.2067041001711633,0.2615703452059322,0.8132602579590165,0.7698417188452882,14.475285775016168,1967.8908333333336,,"draftkings@0.5,sgo_fair@0.5",v2,False,1.1032038554164156,0.8181818181818182,0.7872091344907794,-0.030972683691038783,-0.037855502289047216,0.04341853911372828,-370.0,-321.0,pass,2026-10-02T21:36:31+00:00,sgo_slate_alt_20261002T213627Z.json
STL@DAL,Jake Neighbours,STL,f3,PP2,G,over,1.5,fanduel,5000,False,0.21104216737930986,0.20606489941334413,0.01937081039137617,0.018528191725149516,14.386548929610665,1637.3983333333333,,sgo_fair@0.5,v2,False,1.0982596332481283,0.0196078431372549,0.018865239191640175,-0.0007426039456147268,-0.03787280122635106,0.0008426186662266535,5201.0,,pass,2026-10-02T21:36:31+00:00,sgo_slate_alt_20261002T213627Z.json
STL@DAL,Jimmy Snuggerud,STL,f1,PP1,SOG,over,1.5,fanduel,-250,True,2.5139109943810083,2.417232982071554,0.698914855342655,0.6794358423162066,17.487775105522008,1217.4199999999998,,"draftkings@2.5,fanduel@2.5,sgo_fair@2.5",v2,False,1.1182260686839482,0.7142857142857143,0.6872274475267859,-0.027058266758928418,-0.03788157346249987,0.01947901302644839,-220.0,-196.0,pass,2026-10-02T21:36:31+00:00,sgo_slate_alt_20261002T213627Z.json
STL@DAL,Justin Hryckowian,DAL,f1,PP2,SOG,under,1.5,draftkings,-135,False,1.4501526847130382,1.5899289039254214,0.5795058548339302,0.5348069617271327,16.275927825541153,1094.9966666666667,,"draftkings@1.5,sgo_fair@1.5",v2,False,1.1182260686839482,0.574468085106383,0.5526865189698518,-0.02178156613653126,-0.03791605957099875,0.04469889310679753,-124.0,-112.0,pass,2026-10-02T21:36:31+00:00,sgo_slate_alt_20261002T213627Z.json
WSH@CAR,Alex Tuch,WSH,f1,PP2,PTS,over,0.5,fanduel,104,False,0.6812069114706919,0.6099482367049713,0.49399408066404343,0.45662100456621,19.394777971531802,2210.999166666667,,sgo_fair@0.5,v2,False,1.0468644783193533,0.49019607843137253,0.4715702350053434,-0.01862584342602913,-0.03799672058909942,0.03737307609783341,112.0,124.0,pass,2026-10-02T21:36:31+00:00,sgo_slate_alt_20261002T213627Z.json
WSH@CAR,Sebastian Aho,CAR,f1,PP1,G,over,1.5,fanduel,1700,True,0.3660600765340728,0.370962896071904,0.052690423088426315,0.05394025758224664,19.607974986022285,2284.8791666666666,,"pinnacle@0.5,sgo_fair@0.5",v2,False,1.0982596332481283,0.05555555555555555,0.05344032378471851,-0.002115231770837042,-0.03807417187506679,-0.0012498344938203232,1771.0,3416.0,pass,2026-10-02T21:36:31+00:00,sgo_slate_alt_20261002T213627Z.json
ANA@VGK,Ryan Poehling,ANA,f3,PP2,PTS,over,0.5,draftkings,165,False,0.49934751776375236,0.41985366382934447,0.39307346066799986,0.34285702343395646,12.623491757963661,1554.775,,"draftkings@0.5,sgo_fair@0.5",v2,False,1.0468644783193533,0.37735849056603776,0.36294359832757384,-0.014414892238463928,-0.03819946443192934,0.0502164372340434,176.0,196.0,pass,2026-10-02T21:36:31+00:00,sgo_slate_alt_20261002T213627Z.json
ANA@VGK,Trevor Connelly,VGK,f3,PP2,A,under,0.5,draftkings,-400,False,0.24702192563388614,0.27256512153998197,0.7811235667142754,0.7614238424674411,12.433333333333334,11.366666666666667,,"draftkings@0.5,sgo_fair@0.5",v1,False,1.1032038554164156,0.8,0.7693037321661749,-0.030696267833825175,-0.03837033479228147,0.019699724246834305,-333.0,-291.0,pass,2026-10-02T21:36:31+00:00,sgo_slate_alt_20261002T213627Z.json
WSH@CAR,Logan Stankoven,CAR,f2,PP2,PTS,over,0.5,draftkings,-105,False,0.7154403166892973,0.6541672991265548,0.5110232402397378,0.4801252174155752,17.072616370327324,1801.0691666666667,,"draftkings@0.5,pinnacle@0.5,sgo_fair@0.5",v2,False,1.0468644783193533,0.5121951219512195,0.49248442654524016,-0.01971069540597936,-0.03848278626881685,0.030898022824162596,103.0,114.0,pass,2026-10-02T21:36:31+00:00,sgo_slate_alt_20261002T213627Z.json
WSH@CAR,Matt Roy,WSH,d1,-,PTS,under,0.5,draftkings,-390,False,0.22353323268540617,0.29793884817679606,0.7996883156357821,0.7423467342160298,20.440778964133184,2245.4258333333332,,"draftkings@0.5,pinnacle@0.5,sgo_fair@0.5",v2,False,1.0468644783193533,0.7959183673469388,0.7652833667839307,-0.030635000563008052,-0.03849012891249737,0.05734158141975232,-326.0,-285.0,pass,2026-10-02T21:36:31+00:00,sgo_slate_alt_20261002T213627Z.json
STL@DAL,Miro Heiskanen,DAL,d1,PP1,A,under,0.5,draftkings,100,False,0.7370337944586197,0.7293431579701043,0.4785312344515804,0.48222563215000047,25.972927915823785,2527.524166666667,,"draftkings@0.5,pinnacle@0.5,sgo_fair@0.5",v2,False,1.1032038554164156,0.5,0.48074787307063244,-0.019252126929367563,-0.03850425385873513,-0.00369439769842006,108.0,119.0,pass,2026-10-02T21:36:31+00:00,sgo_slate_alt_20261002T213627Z.json
NYR@DET,Moritz Seider,DET,d1,PP1,PTS,over,0.5,draftkings,-120,False,0.7795622041597174,0.7196175011330034,0.5413932565132155,0.5130615262418377,24.012255414088816,3029.8125,,"draftkings@0.5,pinnacle@0.5,sgo_fair@0.5",v2,False,1.0468644783193533,0.5454545454545454,0.5243942183503888,-0.021060327104156618,-0.03861059969095382,0.02833173027137781,-110.0,100.0,pass,2026-10-02T21:36:31+00:00,sgo_slate_alt_20261002T213627Z.json
STL@DAL,Jonatan Berggren,STL,f3,-,PTS,over,0.5,draftkings,220,False,0.37709563592917983,0.3442929414900185,0.31414952118837286,0.2912787162316919,14.33756505235743,1142.8941666666665,,"draftkings@0.5,sgo_fair@0.5",v2,False,1.0468644783193533,0.3125,0.3004270382143643,-0.012072961785635716,-0.03863347771403425,0.02287080495668098,233.0,263.0,pass,2026-10-02T21:36:31+00:00,sgo_slate_alt_20261002T213627Z.json
BOS@WPG,James Hagens,BOS,f3,PP2,SOG,over,2.5,fanduel,360,True,1.5555328508527122,1.5560883142465056,0.20886958280897427,0.20900852688000449,13.841666666666665,42.55,,"draftkings@1.5,pinnacle@1.5,sgo_fair@1.5",v1,False,1.1182260686839482,0.21739130434782608,0.20895294925159238,-0.008438355096233696,-0.03881643344267516,-0.00013894407103021145,379.0,444.0,pass,2026-10-02T21:36:31+00:00,sgo_slate_alt_20261002T213627Z.json
ANA@VGK,Jackson LaCombe,ANA,d1,PP1,SOG,over,0.5,fanduel,-620,True,1.745925016041635,1.8898617382863467,0.8137624876235559,0.8369641587101004,25.36882371969002,2740.9808333333335,,"draftkings@1.5,fanduel@1.5,pinnacle@1.5,sgo_fair@2.5",v2,False,1.1182260686839482,0.8611111111111112,0.8276834902754826,-0.03342762083562856,-0.03881917258331047,-0.023201671086544584,-480.0,-407.0,pass,2026-10-02T21:36:31+00:00,sgo_slate_alt_20261002T213627Z.json
WSH@CAR,Nikolaj Ehlers,CAR,f3,PP1,PTS,over,0.5,fanduel,-156,False,1.002834473293441,0.8076300594929091,0.6331618268594024,0.554086396339592,16.96250861269781,1870.6825,,"draftkings@0.5,pinnacle@0.5,sgo_fair@0.5",v2,False,1.0468644783193533,0.609375,0.5857165685475161,-0.02365843145248392,-0.03882409263997366,0.07907543051981036,-141.0,-128.0,pass,2026-10-02T21:36:31+00:00,sgo_slate_alt_20261002T213627Z.json
NYR@DET,Pavel Dorofeyev,NYR,f2,PP1,SOG,over,3.5,fanduel,195,True,2.8810891147159556,2.8682035624444366,0.32743195633251926,0.3247163364286431,16.450106012385557,2082.9491666666668,,"draftkings@2.5,fanduel@2.5,pinnacle@2.5,sgo_fair@3.5",v2,False,1.1182260686839482,0.3389830508474576,0.3258025843901936,-0.013180466457264006,-0.03888237604892886,0.002715619903876143,207.0,232.0,pass,2026-10-02T21:36:31+00:00,sgo_slate_alt_20261002T213627Z.json
WSH@CAR,Jordan Staal,CAR,f3,PP2,SOG,over,0.5,draftkings,-500,True,1.6749167437954757,1.6734465943042878,0.8010693442071141,0.800797189997988,16.336095233703357,1752.3600000000001,,"draftkings@1.5,pinnacle@1.5,sgo_fair@1.5",v2,False,1.1182260686839482,0.8333333333333334,0.8009060516816384,-0.03242728165169495,-0.038912737982033985,0.00027215420912607424,-402.0,-346.0,pass,2026-10-02T21:36:31+00:00,sgo_slate_alt_20261002T213627Z.json
NYR@DET,J.T. Miller,NYR,f2,PP1,SOG,under,1.5,fanduel,146,False,2.0405303472808645,2.1530253982401297,0.40727064087136944,0.37951688309519593,17.08771264101801,1991.3375,,"draftkings@1.5,fanduel@1.5,pinnacle@2.5,sgo_fair@2.0",v2,False,1.1182260686839482,0.4065040650406504,0.39061838620566536,-0.01588567883498504,-0.03907876993406323,0.027753757776173504,156.0,174.0,pass,2026-10-02T21:36:31+00:00,sgo_slate_alt_20261002T213627Z.json
NYR@DET,Vladislav Gavrikov,NYR,d1,-,A,under,0.5,draftkings,-340,False,0.22651245586468152,0.34818713995069733,0.7973094110730025,0.7059667492690027,22.567457519226874,2840.661666666667,,"draftkings@0.5,sgo_fair@0.5",v2,False,1.1032038554164156,0.7727272727272727,0.7425038139906026,-0.030223458736670095,-0.03911271130627891,0.09134266180399975,-288.0,-254.0,pass,2026-10-02T21:36:31+00:00,sgo_slate_alt_20261002T213627Z.json
WSH@CAR,Aliaksei Protas,WSH,f3,-,A,under,0.5,draftkings,-310,False,0.28809058641017987,0.3412124066772641,0.7496936771040502,0.710907890585522,16.074257638877974,1948.75,,"draftkings@0.5,sgo_fair@0.5",v2,False,1.1032038554164156,0.7560975609756098,0.7264222051929332,-0.02967535578267655,-0.03924805119644326,0.038785786518528265,-266.0,-235.0,pass,2026-10-02T21:36:31+00:00,sgo_slate_alt_20261002T213627Z.json
ANA@VGK,Brett Howden,VGK,f2,-,SOG,over,1.5,fanduel,-122,False,1.4790681907249035,2.0429238459214494,0.42992468453340715,0.5933367775623011,16.17015068658508,1416.1483333333333,,"draftkings@1.5,sgo_fair@2.0",v2,False,1.1182260686839482,0.5495495495495496,0.5279719403507435,-0.021577609198806136,-0.03926417411586025,-0.16341209302889392,-112.0,-101.0,data-check,2026-10-02T21:36:31+00:00,sgo_slate_alt_20261002T213627Z.json
ANA@VGK,Nikita Nesterenko,ANA,f3,-,A,under,0.5,draftkings,-525,False,0.18330309230582867,0.23583136433343443,0.8325157883637845,0.78991387035371,12.3960500176475,448.3,,"draftkings@0.5,sgo_fair@0.5",v2,False,1.1032038554164156,0.84,0.8069546375577398,-0.033045362442260195,-0.03933971719316698,0.04260191801007451,-418.0,-359.0,pass,2026-10-02T21:36:31+00:00,sgo_slate_alt_20261002T213627Z.json
NYR@DET,Mika Zibanejad,NYR,f1,PP1,SOG,over,1.5,draftkings,-265,True,2.5578884297133944,2.47245746794295,0.7074209876517578,0.6906952679758682,19.315568777005215,2422.4325000000003,,"draftkings@2.5,fanduel@2.5,pinnacle@2.5,sgo_fair@2.5",v2,False,1.1182260686839482,0.726027397260274,0.6973855558462241,-0.028641841414049907,-0.03945008345708767,0.01672571967588954,-230.0,-205.0,pass,2026-10-02T21:36:31+00:00,sgo_slate_alt_20261002T213627Z.json
ANA@VGK,William Karlsson,VGK,f2,PP2,A,over,0.5,draftkings,245,False,0.33586608063112444,0.31994009842902316,0.28528118590017437,0.27380746415541574,16.71967523099671,635.2708333333334,,"draftkings@0.5,pinnacle@0.5,sgo_fair@0.5",v2,False,1.1032038554164156,0.2898550724637681,0.27839695285331917,-0.011458119610448958,-0.03953051265604879,0.011473721744758636,259.0,295.0,pass,2026-10-02T21:36:31+00:00,sgo_slate_alt_20261002T213627Z.json
ANA@VGK,Leo Carlsson,ANA,f1,PP1,SOG,over,2.5,fanduel,112,False,2.6147602429764167,2.4504871633866157,0.4766979503913358,0.43726318727310126,17.96890196451367,1895.936666666667,,"draftkings@2.5,fanduel@2.5,pinnacle@2.5,sgo_fair@2.5",v2,False,1.1182260686839482,0.4716981132075472,0.45303709252039503,-0.01866102068715214,-0.039561363856762455,0.03943476311823452,121.0,134.0,pass,2026-10-02T21:36:31+00:00,sgo_slate_alt_20261002T213627Z.json
ANA@VGK,Mitch Marner,VGK,f2,PP1,PTS,over,0.5,draftkings,-240,False,1.130772072799919,1.1343204250030403,0.6772160525137915,0.6783593739917329,20.54836472665646,2414.8641666666667,,"draftkings@0.5,sgo_fair@1.5",v2,False,1.0468644783193533,0.7058823529411765,0.6779020454005562,-0.02798030754062031,-0.039638769015878705,-0.0011433214779413836,-210.0,-188.0,pass,2026-10-02T21:36:31+00:00,sgo_slate_alt_20261002T213627Z.json
ANA@VGK,Mark Stone,VGK,f1,PP1,SOG,over,3.5,draftkings,370,True,2.4961662105507703,2.138155851079195,0.24694712624524956,0.1759038325211558,19.299075818445587,1741.9358333333332,,"draftkings@1.5,fanduel@1.5,pinnacle@1.5,sgo_fair@2.5",v2,False,1.1182260686839482,0.2127659574468085,0.20432115001079332,-0.008444807436015195,-0.03969059494927141,0.07104329372409376,389.0,458.0,pass,2026-10-02T21:36:31+00:00,sgo_slate_alt_20261002T213627Z.json
BOS@WPG,Hampus Lindholm,BOS,d1,PP1,SOG,under,1.5,draftkings,-125,False,1.6171119728984202,1.5789622302164883,0.5263823974568194,0.5382311226056786,21.812503355085678,1626.9141666666667,,"draftkings@1.5,fanduel@1.5,pinnacle@1.5,sgo_fair@1.5",v2,False,1.1182260686839482,0.5555555555555556,0.533491632546135,-0.022063923009420616,-0.03971506141695702,-0.011848725148859263,-114.0,-103.0,pass,2026-10-02T21:36:31+00:00,sgo_slate_alt_20261002T213627Z.json
STL@DAL,Roope Hintz,DAL,f2,PP1,G,over,1.5,draftkings,1700,False,0.37805896426309227,0.3621866128148956,0.05576764357747337,0.0517104592802197,16.249302644351516,1496.78,,"fanduel@0.5,pinnacle@0.5,sgo_fair@0.5",v2,False,1.0982596332481283,0.05555555555555555,0.05333333299912117,-0.0022222225564343806,-0.04000000601581888,0.0040571842972536715,1775.0,3429.0,pass,2026-10-02T21:36:31+00:00,sgo_slate_alt_20261002T213627Z.json
WSH@CAR,Matt Roy,WSH,d1,-,A,under,0.5,draftkings,-475,False,0.19240371834307785,0.25914340815489956,0.8249737442189184,0.7717123452642976,20.440778964133184,2245.4258333333332,,"draftkings@0.5,sgo_fair@0.5",v2,False,1.1032038554164156,0.8260869565217391,0.793016904846146,-0.03307005167559318,-0.04003216781782337,0.0532613989546209,-383.0,-331.0,pass,2026-10-02T21:36:31+00:00,sgo_slate_alt_20261002T213627Z.json
ANA@VGK,Mark Stone,VGK,f1,PP1,PTS,over,0.5,draftkings,-220,False,1.1491295529461085,1.034243540118953,0.683087495088706,0.644504802907685,19.299075818445587,1741.9358333333332,,"draftkings@0.5,pinnacle@0.5,sgo_fair@1.5",v2,False,1.0468644783193533,0.6875,0.6599378797800934,-0.02756212021990656,-0.04009035668350047,0.03858269218102106,-194.0,-174.0,pass,2026-10-02T21:36:31+00:00,sgo_slate_alt_20261002T213627Z.json
STL@DAL,Mikko Rantanen,DAL,f1,PP1,SOG,over,3.5,fanduel,275,True,2.6010531603381617,2.498906549571997,0.2686480877147251,0.24751046887020428,20.640933758585803,2075.3450000000003,,"draftkings@2.5,fanduel@2.5,pinnacle@2.5,sgo_fair@2.5",v2,False,1.1182260686839482,0.26666666666666666,0.2559655164080126,-0.010701150258654035,-0.04012931346995263,0.02113761884452081,291.0,333.0,pass,2026-10-02T21:36:31+00:00,sgo_slate_alt_20261002T213627Z.json
STL@DAL,Dylan Holloway,STL,f1,PP1,SOG,over,3.5,fanduel,220,True,2.7192783828303067,2.7713182715092874,0.293370879977204,0.30430911124749005,18.08848697930289,1659.9508333333333,,"draftkings@2.5,fanduel@2.5,pinnacle@2.5,sgo_fair@2.5",v2,False,1.1182260686839482,0.3125,0.29993381873937563,-0.012566181260624365,-0.040211780033997946,-0.010938231270286036,233.0,264.0,pass,2026-10-02T21:36:31+00:00,sgo_slate_alt_20261002T213627Z.json
ANA@VGK,Brett Howden,VGK,f2,-,A,under,0.5,draftkings,-380,False,0.2426835210860536,0.2965997032658159,0.7845197584485049,0.743341509993136,16.17015068658508,1416.1483333333333,,"draftkings@0.5,sgo_fair@0.5",v2,False,1.1032038554164156,0.7916666666666666,0.7598128093752835,-0.031853857291383125,-0.04023645131543141,0.04117824845536888,-316.0,-277.0,pass,2026-10-02T21:36:31+00:00,sgo_slate_alt_20261002T213627Z.json
WSH@CAR,Andrei Svechnikov,CAR,f1,PP1,SOG,over,3.5,fanduel,250,True,2.7214560494943885,2.564927349916448,0.29382808466352833,0.2611437991924373,17.174841336373092,1912.6491666666668,,"draftkings@2.5,fanduel@2.5,pinnacle@2.5,sgo_fair@2.5",v2,False,1.1182260686839482,0.2857142857142857,0.27421751338087375,-0.011496772333411953,-0.04023870316694189,0.032684285471091035,265.0,301.0,pass,2026-10-02T21:36:31+00:00,sgo_slate_alt_20261002T213627Z.json
WSH@CAR,Logan Stankoven,CAR,f2,PP2,SOG,over,2.5,draftkings,155,True,2.3266691106987305,2.127935341221666,0.40663012077796823,0.35618656520131664,17.072616370327324,1801.0691666666667,,"draftkings@1.5,pinnacle@1.5,sgo_fair@2.5",v2,False,1.1182260686839482,0.39215686274509803,0.3763639874319773,-0.015792875313120736,-0.04027183204845797,0.05044355557665159,166.0,185.0,pass,2026-10-02T21:36:31+00:00,sgo_slate_alt_20261002T213627Z.json
NYR@DET,Pavel Dorofeyev,NYR,f2,PP1,G,over,0.5,fanduel,190,False,0.40584402418140264,0.39920672164333404,0.3335858961957397,0.32914799261098365,16.450106012385557,2082.9491666666668,,"fanduel@0.5,pinnacle@0.5,sgo_fair@0.5",v2,False,1.0982596332481283,0.3448275862068966,0.33092315404488604,-0.013904432162010538,-0.04032285326983054,0.004437903584756042,202.0,227.0,pass,2026-10-02T21:36:31+00:00,sgo_slate_alt_20261002T213627Z.json
BOS@WPG,Morgan Geekie,BOS,f2,PP1,A,over,0.5,fanduel,215,False,0.35968336238983806,0.3657957110020614,0.30210272838642693,0.3063555093256108,17.069132083690253,2012.4566666666665,,"draftkings@0.5,pinnacle@0.5,sgo_fair@0.5",v2,False,1.1032038554164156,0.31746031746031744,0.30465439694993723,-0.012805920510380209,-0.04033864960769773,-0.004252780939183853,228.0,258.0,pass,2026-10-02T21:36:31+00:00,sgo_slate_alt_20261002T213627Z.json
WSH@CAR,Alex Ovechkin,WSH,f2,PP1,SOG,over,1.5,draftkings,-380,True,2.782643175743672,2.9073241681550663,0.7475929837778165,0.7676289264049361,16.67895270691558,1949.2041666666667,,"draftkings@2.5,fanduel@2.5,pinnacle@2.5,sgo_fair@3.0",v2,False,1.1182260686839482,0.7916666666666666,0.7596145493540882,-0.0320521173125784,-0.040486885026414954,-0.020035942627119607,-316.0,-277.0,pass,2026-10-02T21:36:31+00:00,sgo_slate_alt_20261002T213627Z.json
WSH@CAR,Jordan Staal,CAR,f3,PP2,PTS,over,0.5,draftkings,135,False,0.550266545026051,0.5081103057993687,0.42320395222851165,0.3983685953311783,16.336095233703357,1752.3600000000001,,"draftkings@0.5,sgo_fair@0.5",v2,False,1.0468644783193533,0.425531914893617,0.40830273809011164,-0.017229176803505386,-0.04048856548823765,0.02483535689733335,145.0,161.0,pass,2026-10-02T21:36:31+00:00,sgo_slate_alt_20261002T213627Z.json
STL@DAL,Mason McTavish,STL,f2,PP1,PTS,over,0.5,draftkings,125,False,0.5243736009829099,0.5773153650349268,0.4080739698541714,0.43859649122812816,13.933970658700481,1726.1308333333334,,sgo_fair@0.5,v2,False,1.0468644783193533,0.4444444444444444,0.4263874826785454,-0.018056961765898993,-0.040628163973272846,-0.03052252137395678,135.0,149.0,pass,2026-10-02T21:36:31+00:00,sgo_slate_alt_20261002T213627Z.json
ANA@VGK,Jack Eichel,VGK,f1,PP1,PTS,over,0.5,draftkings,-310,True,1.2960626042636803,1.2897849577784992,0.7263930261289132,0.7246700157043865,20.597276930957293,2298.3541666666665,,"draftkings@1.5,pinnacle@1.5,sgo_fair@1.5",v2,False,1.0468644783193533,0.7560975609756098,0.7253592198741972,-0.030738341101412603,-0.04065393500509418,0.0017230104245267164,-264.0,-234.0,pass,2026-10-02T21:36:31+00:00,sgo_slate_alt_20261002T213627Z.json
WSH@CAR,Alex Ovechkin,WSH,f2,PP1,A,over,0.5,draftkings,185,False,0.4217372055555731,0.4028943519607772,0.34409361469920247,0.33161729108374033,16.67895270691558,1949.2041666666667,,"draftkings@0.5,sgo_fair@0.5",v2,False,1.1032038554164156,0.3508771929824561,0.3366078205299252,-0.014269372452530904,-0.040667711489713154,0.012476323615462137,197.0,221.0,pass,2026-10-02T21:36:31+00:00,sgo_slate_alt_20261002T213627Z.json
WSH@CAR,Andrei Svechnikov,CAR,f1,PP1,SOG,over,2.5,draftkings,100,False,2.7214560494943885,2.564927349916448,0.5014727147010325,0.4648935990984937,17.174841336373092,1912.6491666666668,,"draftkings@2.5,fanduel@2.5,pinnacle@2.5,sgo_fair@2.5",v2,False,1.1182260686839482,0.5,0.47952524533950924,-0.020474754660490757,-0.040949509320981514,0.03657911560253879,109.0,120.0,pass,2026-10-02T21:36:31+00:00,sgo_slate_alt_20261002T213627Z.json
WSH@CAR,Sebastian Aho,CAR,f1,PP1,SOG,over,1.5,draftkings,-290,True,2.657196105643229,2.5417427564759048,0.7258381716491744,0.7043234458194968,19.607974986022285,2284.8791666666666,,"draftkings@2.5,fanduel@2.5,pinnacle@2.5,sgo_fair@2.5",v2,False,1.1182260686839482,0.7435897435897436,0.7129293361513679,-0.030660407438375725,-0.04123296172747071,0.021514725829677617,-248.0,-220.0,pass,2026-10-02T21:36:31+00:00,sgo_slate_alt_20261002T213627Z.json
BOS@WPG,Cole Perfetti,WPG,f1,PP1,SOG,over,3.5,draftkings,425,True,2.3304469153221623,2.0645202280148043,0.21335055227925676,0.16213294899589814,16.53972973493684,1622.8166666666666,,"draftkings@1.5,fanduel@1.5,pinnacle@1.5,sgo_fair@2.0",v2,False,1.1182260686839482,0.19047619047619047,0.1826199903092416,-0.007856200166948879,-0.04124505087648167,0.051217603283358615,448.0,534.0,pass,2026-10-02T21:36:31+00:00,sgo_slate_alt_20261002T213627Z.json
WSH@CAR,Tom Wilson,WSH,f1,PP1,PTS,over,0.5,draftkings,105,False,0.6425729870926619,0.6224302743947189,0.47406254864692854,0.46336132767116833,18.257601622938086,2083.9066666666668,,"draftkings@0.5,pinnacle@0.5,sgo_fair@0.5",v2,False,1.0468644783193533,0.4878048780487805,0.4676418160614724,-0.02016306198730805,-0.04133427707398163,0.010701220975760206,114.0,126.0,pass,2026-10-02T21:36:31+00:00,sgo_slate_alt_20261002T213627Z.json
STL@DAL,Roope Hintz,DAL,f2,PP1,PTS,over,0.5,fanduel,-174,False,0.8810679610010661,0.9786253889557811,0.5856598238377891,0.6241726396189932,16.249302644351516,1496.78,,"draftkings@0.5,pinnacle@0.5,sgo_fair@1.0",v2,False,1.0468644783193533,0.635036496350365,0.6087675133065116,-0.02626898304385339,-0.04136609973572314,-0.038512815781204024,-156.0,-140.0,pass,2026-10-02T21:36:31+00:00,sgo_slate_alt_20261002T213627Z.json
NYR@DET,Noah Laba,NYR,f3,-,A,under,0.5,draftkings,-500,False,0.20428762412890444,0.23835503512599243,0.8152278582605306,0.7879229011226032,13.668751240671648,1026.0166666666667,,"draftkings@0.5,sgo_fair@0.5",v2,False,1.1032038554164156,0.8333333333333334,0.7988448839777742,-0.03448844935555917,-0.041386139226671004,0.027304957137927355,-397.0,-342.0,pass,2026-10-02T21:36:31+00:00,sgo_slate_alt_20261002T213627Z.json
ANA@VGK,Alex Killorn,ANA,f2,PP2,SOG,over,0.5,draftkings,-600,True,1.7831614495427421,1.7984105319380814,0.8200776087561943,0.822598819251621,18.20901908970822,2007.285,,"draftkings@1.5,sgo_fair@1.5",v2,False,1.1182260686839482,0.8571428571428571,0.8215903350534504,-0.035552522089406735,-0.041477942437641135,-0.002521210495426751,-461.0,-392.0,pass,2026-10-02T21:36:31+00:00,sgo_slate_alt_20261002T213627Z.json
BOS@WPG,JJ Peterka,BOS,f1,PP1,SOG,under,2.5,draftkings,-195,False,2.121374943782613,2.1990445636939557,0.6454992601877072,0.6256143634147759,15.938440465588924,1957.9416666666666,,"draftkings@2.5,fanduel@2.5,pinnacle@1.5,sgo_fair@2.5",v2,False,1.1182260686839482,0.6610169491525424,0.6335683221239485,-0.027448627028593853,-0.0415248460176163,0.01988489677293126,-173.0,-155.0,pass,2026-10-02T21:36:31+00:00,sgo_slate_alt_20261002T213627Z.json
ANA@VGK,Frank Vatrano,ANA,f3,-,A,under,0.5,draftkings,-650,False,0.14848035350433061,0.2109879708239477,0.8620169426162672,0.8097838078546772,12.019763871136826,1230.6416666666667,,"draftkings@0.5,sgo_fair@0.5",v2,False,1.1032038554164156,0.8666666666666667,0.8306770617593131,-0.03598960490735359,-0.04152646720079267,0.05223313476158997,-491.0,-415.0,pass,2026-10-02T21:36:31+00:00,sgo_slate_alt_20261002T213627Z.json
NYR@DET,Gabe Perreault,NYR,not in DF lineup,-,A,under,0.5,draftkings,-400,False,0.23861495495574542,0.28448932594595017,0.7877181309493521,0.752398386562176,15.255362995888913,842.9158333333332,,"draftkings@0.5,pinnacle@0.5,sgo_fair@0.5",v1,False,1.1032038554164156,0.8,0.7665262843170464,-0.03347371568295365,-0.041842144603692066,0.03531974438717611,-328.0,-287.0,pass,2026-10-02T21:36:31+00:00,sgo_slate_alt_20261002T213627Z.json
WSH@CAR,Jaccob Slavin,CAR,d1,-,PTS,over,0.5,draftkings,290,False,0.26658767483708545,0.2922229578973357,0.23401115716492785,0.2533979434095837,22.812077385687026,1630.2508333333333,,"draftkings@0.5,sgo_fair@0.5",v2,False,1.0468644783193533,0.2564102564102564,0.24564322891172136,-0.010767027498535031,-0.04199140724428674,-0.019386786244655868,307.0,353.0,pass,2026-10-02T21:36:31+00:00,sgo_slate_alt_20261002T213627Z.json
WSH@CAR,Pierre-Luc Dubois,WSH,f1,PP1,PTS,over,1.5,draftkings,650,True,0.6723076583917278,0.5801023200482834,0.14623829188590937,0.11539380957768233,16.026006939520308,1126.1958333333334,,"draftkings@0.5,pinnacle@0.5,sgo_fair@0.5",v2,False,1.0468644783193533,0.13333333333333333,0.12773160250097315,-0.00560173083236018,-0.042012981242701364,0.030844482308227034,683.0,873.0,pass,2026-10-02T21:36:31+00:00,sgo_slate_alt_20261002T213627Z.json
ANA@VGK,Leo Carlsson,ANA,f1,PP1,SOG,over,0.5,fanduel,-1800,True,2.6147602429764167,2.4504871633866157,0.9155859830635747,0.9021730009260038,17.96890196451367,1895.936666666667,,"draftkings@2.5,fanduel@2.5,pinnacle@2.5,sgo_fair@2.5",v2,False,1.1182260686839482,0.9473684210526315,0.9075381937810322,-0.03983022727159935,-0.042043017675577166,0.013412982137570917,-982.0,-751.0,pass,2026-10-02T21:36:31+00:00,sgo_slate_alt_20261002T213627Z.json
ANA@VGK,Leo Carlsson,ANA,f1,PP1,SOG,over,1.5,fanduel,-270,True,2.6147602429764167,2.4504871633866157,0.7181005368302528,0.6862585022908,17.96890196451367,1895.936666666667,,"draftkings@2.5,fanduel@2.5,pinnacle@2.5,sgo_fair@2.5",v2,False,1.1182260686839482,0.7297297297297297,0.698995316106581,-0.03073441362314866,-0.04211752977987049,0.03184203453945278,-232.0,-207.0,pass,2026-10-02T21:36:31+00:00,sgo_slate_alt_20261002T213627Z.json
WSH@CAR,Ilya Protas,WSH,f3,PP2,PTS,over,0.5,draftkings,140,False,0.5397983936632074,0.4893601698826624,0.41713425004184607,0.38698150357187316,14.695833333333333,63.56666666666667,,"draftkings@0.5,sgo_fair@0.5",v1,False,1.0468644783193533,0.4166666666666667,0.3990426021598623,-0.01762406450680437,-0.04229775481633047,0.030152746469972902,151.0,167.0,pass,2026-10-02T21:36:31+00:00,sgo_slate_alt_20261002T213627Z.json
STL@DAL,Dylan Holloway,STL,f1,PP1,SOG,over,2.5,fanduel,-113,False,2.7192783828303067,2.7713182715092874,0.5009741028418341,0.5128067278674164,18.08848697930289,1659.9508333333333,,"draftkings@2.5,fanduel@2.5,pinnacle@2.5,sgo_fair@2.5",v2,False,1.1182260686839482,0.5305164319248826,0.5080736778571835,-0.022442754067699133,-0.04230359837539743,-0.011832625025582355,-103.0,107.0,pass,2026-10-02T21:36:31+00:00,sgo_slate_alt_20261002T213627Z.json
NYR@DET,Gabe Perreault,NYR,not in DF lineup,-,G,under,0.5,fanduel,-500,False,0.20697237520347758,0.23815395139858134,0.8130421098001931,0.7880813555272407,15.255362995888913,842.9158333333332,,"fanduel@0.5,sgo_fair@0.5",v1,False,1.0982596332481283,0.8333333333333334,0.7980656572364216,-0.035267676096911726,-0.04232121131629407,0.024960754272952412,-395.0,-341.0,pass,2026-10-02T21:36:31+00:00,sgo_slate_alt_20261002T213627Z.json
NYR@DET,Sean Durzi,NYR,d2,PP2,PTS,under,0.5,draftkings,-260,False,0.33365843194707373,0.3928593203743093,0.7162984050986949,0.6751237170576523,19.028469786411566,1478.5616666666667,,"draftkings@0.5,sgo_fair@0.5",v2,False,1.0468644783193533,0.7222222222222222,0.6915935922740694,-0.030628629948152852,-0.04240887223590395,0.04117468804104263,-224.0,-200.0,pass,2026-10-02T21:36:31+00:00,sgo_slate_alt_20261002T213627Z.json
BOS@WPG,Mark Scheifele,WPG,f1,PP1,A,over,0.5,draftkings,-120,False,0.8269486465128035,0.6839344139516107,0.562618141127045,0.49537233261714897,19.993486037779117,2517.563333333333,,"draftkings@0.5,pinnacle@0.5,sgo_fair@0.5",v2,False,1.1032038554164156,0.5454545454545454,0.5222706560211074,-0.023183889433437965,-0.04250379729463627,0.06724580850989603,-109.0,101.0,pass,2026-10-02T21:36:31+00:00,sgo_slate_alt_20261002T213627Z.json
WSH@CAR,Jakob Chychrun,WSH,d1,PP1,SOG,over,1.5,draftkings,-165,False,1.9438461414714083,2.1294097511647485,0.5675729437923271,0.6147910095931333,21.891377326993766,2568.704166666667,,"draftkings@1.5,fanduel@1.5,pinnacle@1.5,sgo_fair@2.0",v2,False,1.1182260686839482,0.6226415094339622,0.5959037832728108,-0.026737726161151443,-0.04294240868306154,-0.04721806580080612,-147.0,-133.0,pass,2026-10-02T21:36:31+00:00,sgo_slate_alt_20261002T213627Z.json
BOS@WPG,Morgan Geekie,BOS,f2,PP1,PTS,over,0.5,fanduel,-108,False,0.7096996290284352,0.671837496412232,0.5082081047128201,0.4892308215534752,17.069132083690253,2012.4566666666665,,"draftkings@0.5,pinnacle@0.5,sgo_fair@0.5",v2,False,1.0468644783193533,0.5192307692307693,0.49682173481721315,-0.022409034413556128,-0.043158140352033914,0.018977283159344882,101.0,112.0,pass,2026-10-02T21:36:31+00:00,sgo_slate_alt_20261002T213627Z.json
BOS@WPG,JJ Peterka,BOS,f1,PP1,SOG,under,2.5,fanduel,-196,False,2.121374943782613,2.1990445636939557,0.6454992601877072,0.6256143634147759,15.938440465588924,1957.9416666666666,,"draftkings@2.5,fanduel@2.5,pinnacle@1.5,sgo_fair@2.5",v2,False,1.1182260686839482,0.6621621621621622,0.6335683221239485,-0.028593840038213636,-0.0431825339352615,0.01988489677293126,-173.0,-155.0,pass,2026-10-02T21:36:31+00:00,sgo_slate_alt_20261002T213627Z.json
STL@DAL,Wyatt Johnston,DAL,f1,PP1,SOG,over,4.5,fanduel,490,True,2.8903229975497946,2.7296758812251145,0.17710320488191372,0.15221287458214428,20.913031427503284,2348.4791666666665,,"draftkings@2.5,fanduel@2.5,pinnacle@2.5,sgo_fair@2.5",v2,False,1.1182260686839482,0.1694915254237288,0.16216900670205206,-0.007322518721676746,-0.04320286045789279,0.024890330299769448,517.0,629.0,pass,2026-10-02T21:36:31+00:00,sgo_slate_alt_20261002T213627Z.json
ANA@VGK,Shea Theodore,VGK,d1,PP1,SOG,over,0.5,fanduel,-850,True,1.955428718483615,2.0741568946032145,0.8465117350132971,0.8623429501854672,24.38074349382845,2282.9841666666666,,"draftkings@1.5,fanduel@1.5,pinnacle@1.5,sgo_fair@2.0",v2,False,1.1182260686839482,0.8947368421052632,0.8560104641165992,-0.03872637798866396,-0.04328242245791847,-0.01583121517217012,-594.0,-492.0,pass,2026-10-02T21:36:31+00:00,sgo_slate_alt_20261002T213627Z.json
WSH@CAR,Nikolaj Ehlers,CAR,f3,PP1,PTS,over,1.5,fanduel,330,True,1.002834473293441,0.8076300594929091,0.2652838607140227,0.19395316608663912,16.96250861269781,1870.6825,,"draftkings@0.5,pinnacle@0.5,sgo_fair@0.5",v2,False,1.0468644783193533,0.23255813953488372,0.22248544393759256,-0.010072695597291154,-0.04331259106835206,0.07133069462738359,349.0,406.0,pass,2026-10-02T21:36:31+00:00,sgo_slate_alt_20261002T213627Z.json
STL@DAL,Roope Hintz,DAL,f2,PP1,PTS,over,0.5,draftkings,-175,False,0.8810679610010661,0.9786253889557811,0.5856598238377891,0.6241726396189932,16.249302644351516,1496.78,,"draftkings@0.5,pinnacle@0.5,sgo_fair@1.0",v2,False,1.0468644783193533,0.6363636363636364,0.6087675133065116,-0.027596123057124777,-0.04336533623262473,-0.038512815781204024,-156.0,-140.0,pass,2026-10-02T21:36:31+00:00,sgo_slate_alt_20261002T213627Z.json
ANA@VGK,Alex Killorn,ANA,f2,PP2,SOG,over,1.5,fanduel,-122,False,1.7831614495427421,1.7984105319380814,0.5230787944139668,0.5274450144174753,18.20901908970822,2007.285,,"draftkings@1.5,sgo_fair@1.5",v2,False,1.1182260686839482,0.5495495495495496,0.5256985264160718,-0.023851023133477756,-0.04340104209534468,-0.004366220003508503,-111.0,-100.0,pass,2026-10-02T21:36:31+00:00,sgo_slate_alt_20261002T213627Z.json
STL@DAL,Justin Hryckowian,DAL,f1,PP2,PTS,under,0.5,draftkings,-155,False,0.5207518196401536,0.5568709690426078,0.5940737437249046,0.5729991939183714,16.275927825541153,1094.9966666666667,,"draftkings@0.5,sgo_fair@0.5",v2,False,1.0468644783193533,0.6078431372549019,0.5814290138409848,-0.026414123413917134,-0.04345549335837995,0.021074549806533227,-139.0,-125.0,pass,2026-10-02T21:36:31+00:00,sgo_slate_alt_20261002T213627Z.json
ANA@VGK,Trevor Connelly,VGK,f3,PP2,SOG,under,1.5,draftkings,100,False,1.7567106115277316,1.7931270828217187,0.484565763589318,0.47406438361967185,12.433333333333334,11.366666666666667,,"draftkings@1.5,sgo_fair@1.5",v1,False,1.1182260686839482,0.5,0.4782649356075303,-0.021735064392469694,-0.04347012878493939,0.010501379969646174,109.0,121.0,pass,2026-10-02T21:36:31+00:00,sgo_slate_alt_20261002T213627Z.json
STL@DAL,Roope Hintz,DAL,f2,PP1,SOG,over,1.5,fanduel,-230,True,2.437534293461486,2.3042341173452443,0.6836164116306003,0.6552692392376374,16.249302644351516,1496.78,,"draftkings@2.5,fanduel@2.5,pinnacle@2.5,sgo_fair@2.5",v2,False,1.1182260686839482,0.696969696969697,0.6666081081948225,-0.030361588774874493,-0.043562279546559,0.028347172392962916,-200.0,-179.0,pass,2026-10-02T21:36:31+00:00,sgo_slate_alt_20261002T213627Z.json
NYR@DET,Lucas Raymond,DET,f1,PP1,A,over,0.5,draftkings,115,False,0.570986112787006,0.600310483844761,0.4350319582936219,0.4513587346027546,18.249403362076805,2197.0216666666665,,"draftkings@0.5,pinnacle@0.5,sgo_fair@0.5",v2,False,1.1032038554164156,0.46511627906976744,0.4448280240791015,-0.020288254990665944,-0.043619748229931865,-0.016326776309132707,125.0,138.0,pass,2026-10-02T21:36:31+00:00,sgo_slate_alt_20261002T213627Z.json
WSH@CAR,Jalen Chatfield,CAR,d1,-,A,over,0.5,draftkings,390,False,0.22048535334265135,0.21489371687897654,0.1978706127101229,0.1933728335256278,21.829586361050403,2140.3241666666668,,"draftkings@0.5,sgo_fair@0.5",v2,False,1.1032038554164156,0.20408163265306123,0.19517194519942585,-0.008909687453635379,-0.04365746852281327,0.004497779184495093,412.0,488.0,pass,2026-10-02T21:36:31+00:00,sgo_slate_alt_20261002T213627Z.json
BOS@WPG,Morgan Barron,WPG,f3,-,A,under,0.5,draftkings,-600,False,0.18007460024224128,0.21168169289189528,0.8352079023753274,0.8092222377662046,13.132011872370791,1177.495,,"draftkings@0.5,sgo_fair@0.5",v2,False,1.1032038554164156,0.8571428571428571,0.8196165036098537,-0.037526353533003376,-0.04378074578850388,0.02598566460912277,-454.0,-387.0,pass,2026-10-02T21:36:31+00:00,sgo_slate_alt_20261002T213627Z.json
WSH@CAR,Jackson Blake,CAR,f2,PP1,SOG,over,0.5,fanduel,-1600,True,2.455398771532545,2.406356071387941,0.9026047681758903,0.898202637346708,17.175685133360474,1856.5166666666667,,"draftkings@2.5,fanduel@2.5,pinnacle@2.5,sgo_fair@2.5",v2,False,1.1182260686839482,0.9411764705882353,0.8999634896783809,-0.04121298090985437,-0.043788792216720274,0.0044021308291822825,-900.0,-700.0,pass,2026-10-02T21:36:31+00:00,sgo_slate_alt_20261002T213627Z.json
STL@DAL,Thomas Harley,DAL,d1,PP2,SOG,over,0.5,fanduel,-750,True,1.942122538072857,1.9313483585975935,0.8446225231946256,0.8430750063831582,23.654813514126516,2434.6675,,"draftkings@1.5,fanduel@1.5,pinnacle@1.5,sgo_fair@2.5",v2,False,1.1182260686839482,0.8823529411764706,0.8436940131077453,-0.038658928068725285,-0.04381345181122209,0.0015475168114673643,-540.0,-452.0,pass,2026-10-02T21:36:31+00:00,sgo_slate_alt_20261002T213627Z.json
WSH@CAR,Jakob Chychrun,WSH,d1,PP1,A,under,0.5,draftkings,-185,False,0.43325068149505375,0.5072083544045178,0.6483979300677185,0.6021742917455231,21.891377326993766,2568.704166666667,,"draftkings@0.5,pinnacle@0.5,sgo_fair@0.5",v2,False,1.1032038554164156,0.6491228070175439,0.6206637470744012,-0.028459059943142684,-0.04384233558808459,0.04622363832219545,-164.0,-147.0,pass,2026-10-02T21:36:31+00:00,sgo_slate_alt_20261002T213627Z.json
ANA@VGK,William Karlsson,VGK,f2,PP2,SOG,over,1.5,draftkings,-145,False,2.0814648851626067,1.8468127959968956,0.6030160374059198,0.5411047831802082,16.71967523099671,635.2708333333334,,"draftkings@1.5,pinnacle@1.5,sgo_fair@1.5",v2,False,1.1182260686839482,0.5918367346938775,0.5658692848704928,-0.025967449823384725,-0.04387603590847766,0.06191125422571164,-130.0,-118.0,pass,2026-10-02T21:36:31+00:00,sgo_slate_alt_20261002T213627Z.json
ANA@VGK,Alex Killorn,ANA,f2,PP2,SOG,over,2.5,fanduel,255,True,1.7831614495427421,1.7984105319380814,0.26691926810127536,0.2708627929607317,18.20901908970822,2007.285,,"draftkings@1.5,sgo_fair@1.5",v2,False,1.1182260686839482,0.28169014084507044,0.26928538301694915,-0.012404757828121282,-0.0440368902898306,-0.0039435248594563155,271.0,309.0,pass,2026-10-02T21:36:31+00:00,sgo_slate_alt_20261002T213627Z.json
STL@DAL,Mason McTavish,STL,f2,PP1,SOG,over,0.5,fanduel,-780,True,1.9241016767801815,1.9843384943384519,0.84202509798897,0.8505340865057165,13.933970658700481,1726.1308333333334,,"fanduel@1.5,sgo_fair@1.5",v2,False,1.1182260686839482,0.8863636363636364,0.8471304910990178,-0.03923314526461852,-0.04426303568315937,-0.00850898851674653,-554.0,-462.0,pass,2026-10-02T21:36:31+00:00,sgo_slate_alt_20261002T213627Z.json
STL@DAL,Pavel Buchnevich,STL,f2,PP2,PTS,over,0.5,draftkings,140,False,0.5334939103046795,0.49098729815955866,0.413447974800228,0.387978152244164,16.403434835413165,2103.6908333333336,,"draftkings@0.5,sgo_fair@0.5",v2,False,1.0468644783193533,0.4166666666666667,0.3981660812665896,-0.018500585400077096,-0.044401404960185076,0.025469822556064003,151.0,168.0,pass,2026-10-02T21:36:31+00:00,sgo_slate_alt_20261002T213627Z.json
STL@DAL,Connor McMichael,STL,f2,PP2,G,under,0.5,fanduel,-470,False,0.21472215757734742,0.25476904238214276,0.8067655627389715,0.7750954914986532,16.28334807004509,1938.9183333333335,,"fanduel@0.5,sgo_fair@0.5",v2,False,1.0982596332481283,0.8245614035087719,0.7877635199947806,-0.03679788351399138,-0.04462722043186185,0.03167007124031829,-371.0,-322.0,pass,2026-10-02T21:36:31+00:00,sgo_slate_alt_20261002T213627Z.json
STL@DAL,Roope Hintz,DAL,f2,PP1,A,over,1.5,fanduel,750,True,0.6007783600420442,0.5504908567685092,0.1221577525169641,0.10588358501685488,16.249302644351516,1496.78,,"draftkings@0.5,pinnacle@0.5,sgo_fair@0.5",v2,False,1.1032038554164156,0.11764705882352941,0.11239325201689858,-0.005253806806630831,-0.044657357856362045,0.016274167500109224,790.0,1044.0,pass,2026-10-02T21:36:31+00:00,sgo_slate_alt_20261002T213627Z.json
STL@DAL,Colton Parayko,STL,d2,-,PTS,under,0.5,draftkings,-350,False,0.2371707711691847,0.33897263323826676,0.788856562556818,0.7125019476934208,20.811591036903145,2393.1916666666666,,"draftkings@0.5,sgo_fair@0.5",v2,False,1.0468644783193533,0.7777777777777778,0.7430437936387797,-0.034733984138998086,-0.04465797960728335,0.07635461486339723,-289.0,-255.0,pass,2026-10-02T21:36:31+00:00,sgo_slate_alt_20261002T213627Z.json
STL@DAL,Jason Robertson,DAL,f2,PP1,A,over,0.5,draftkings,-115,False,0.7496410604878407,0.6931471805599454,0.5274638658060629,0.5,20.375929813628595,2317.33,,"draftkings@0.5,pinnacle@0.5,sgo_fair@0.5",v2,False,1.1032038554164156,0.5348837209302325,0.5109855463224251,-0.02389817460780741,-0.04467919600590098,0.02746386580606286,-104.0,106.0,pass,2026-10-02T21:36:31+00:00,sgo_slate_alt_20261002T213627Z.json
STL@DAL,Thomas Harley,DAL,d1,PP2,SOG,over,1.5,draftkings,-145,False,1.942122538072857,1.9313483585975935,0.5671134699860214,0.564232562842146,23.654813514126516,2434.6675,,"draftkings@1.5,fanduel@1.5,pinnacle@1.5,sgo_fair@2.5",v2,False,1.1182260686839482,0.5918367346938775,0.5653849256996961,-0.026451808994181425,-0.044694435886720285,0.002880907143875455,-130.0,-118.0,pass,2026-10-02T21:36:31+00:00,sgo_slate_alt_20261002T213627Z.json
BOS@WPG,Pavel Zacha,BOS,f2,PP1,A,under,0.5,draftkings,-225,False,0.4153302716392369,0.4122595914745447,0.6601222250488019,0.6621523646310101,16.867313130617127,2032.8025,,"draftkings@0.5,pinnacle@0.5,sgo_fair@0.5",v2,False,1.1032038554164156,0.6923076923076923,0.6613403087981269,-0.030967383509565405,-0.04473066506937229,-0.0020301395822082124,-195.0,-175.0,pass,2026-10-02T21:36:31+00:00,sgo_slate_alt_20261002T213627Z.json
STL@DAL,Mikko Rantanen,DAL,f1,PP1,SOG,over,0.5,fanduel,-2000,True,2.6010531603381617,2.498906549571997,0.9145440623246308,0.9063435824044015,20.640933758585803,2075.3450000000003,,"draftkings@2.5,fanduel@2.5,pinnacle@2.5,sgo_fair@2.5",v2,False,1.1182260686839482,0.9523809523809523,0.9096237743724932,-0.04275717800845913,-0.04489503690888208,0.00820047992022932,-1006.0,-767.0,pass,2026-10-02T21:36:31+00:00,sgo_slate_alt_20261002T213627Z.json
WSH@CAR,Dylan Strome,WSH,f2,PP1,A,over,0.5,fanduel,158,False,0.44613460061081267,0.47317499080436837,0.35990239126615636,0.3769789613146037,16.4350786487246,2084.476666666667,,"draftkings@0.5,pinnacle@0.5,sgo_fair@0.5",v2,False,1.1032038554164156,0.3875968992248062,0.37014833329522473,-0.017448565929581494,-0.04501730009832017,-0.017076570048447315,170.0,190.0,pass,2026-10-02T21:36:31+00:00,sgo_slate_alt_20261002T213627Z.json
NYR@DET,J.T. Compher,DET,f2,-,PTS,under,0.5,draftkings,-200,False,0.417551644922447,0.47506541950922604,0.658657474655438,0.6218443743805466,16.459511636519334,1855.2116666666668,,"draftkings@0.5,sgo_fair@0.5",v2,False,1.0468644783193533,0.6666666666666666,0.6365696144905031,-0.03009705217616354,-0.04514557826424537,0.036813100274891375,-175.0,-157.0,pass,2026-10-02T21:36:31+00:00,sgo_slate_alt_20261002T213627Z.json
BOS@WPG,Casey Mittelstadt,BOS,f2,PP2,PTS,under,0.5,draftkings,-170,False,0.5209493194582885,0.5008417252805664,0.5939564258540706,0.6060203423265673,15.633227652822582,1712.975,,"draftkings@0.5,pinnacle@0.5,sgo_fair@0.5",v2,False,1.0468644783193533,0.6296296296296297,0.6011947757375686,-0.02843485389206102,-0.045161238534449755,-0.012063916472496716,-151.0,-136.0,pass,2026-10-02T21:36:31+00:00,sgo_slate_alt_20261002T213627Z.json
ANA@VGK,Victor Olofsson,VGK,f3,PP2,G,over,1.5,draftkings,4000,False,0.24011523459639014,0.22825865198053372,0.024603211465043292,0.02240637903546527,13.560078838767604,1437.0491666666667,,sgo_fair@0.5,v2,False,1.0982596332481283,0.024390243902439025,0.02328511200729648,-0.0011051318951425457,-0.04531040770084438,0.0021968324295780217,4195.0,,pass,2026-10-02T21:36:31+00:00,sgo_slate_alt_20261002T213627Z.json
ANA@VGK,Beckett Sennecke,ANA,f2,PP1,SOG,under,2.5,fanduel,-168,False,2.260162779118766,2.3373816371937446,0.6100978925709771,0.5906921843161487,17.087583540737576,1430.5,,"draftkings@2.5,fanduel@2.5,sgo_fair@2.5",v2,False,1.1182260686839482,0.6268656716417911,0.5984544676180801,-0.028411204023711,-0.0453226349902055,0.019405708254828458,-149.0,-134.0,pass,2026-10-02T21:36:31+00:00,sgo_slate_alt_20261002T213627Z.json
NYR@DET,J.T. Miller,NYR,f2,PP1,G,over,1.5,draftkings,2800,False,0.28232597983195024,0.2809249244195162,0.03309050279392425,0.03279277552228318,17.08771264101801,1991.3375,,"fanduel@0.5,sgo_fair@0.5",v2,False,1.0982596332481283,0.034482758620689655,0.0329118664309396,-0.0015708921897500533,-0.04555587350275159,0.0002977272716410684,2938.0,12539.0,pass,2026-10-02T21:36:31+00:00,sgo_slate_alt_20261002T213627Z.json
STL@DAL,Justin Hryckowian,DAL,f1,PP2,SOG,over,0.5,draftkings,-425,True,1.4501526847130382,1.5899289039254214,0.7545836652398333,0.7846793461885128,16.275927825541153,1094.9966666666667,,"draftkings@1.5,sgo_fair@1.5",v2,False,1.1182260686839482,0.8095238095238095,0.772641073809041,-0.03688273571476852,-0.04556102647118454,-0.030095680948679426,-340.0,-296.0,pass,2026-10-02T21:36:31+00:00,sgo_slate_alt_20261002T213627Z.json
STL@DAL,Connor McMichael,STL,f2,PP2,SOG,over,0.5,fanduel,-560,True,1.7019069017370905,1.737424902972517,0.8059973133653467,0.8122887008350657,16.28334807004509,1938.9183333333335,,sgo_fair@1.5,v2,False,1.1182260686839482,0.8484848484848485,0.809772145847178,-0.03871270263767046,-0.04562568525154009,-0.006291387469718912,-426.0,-365.0,pass,2026-10-02T21:36:31+00:00,sgo_slate_alt_20261002T213627Z.json
STL@DAL,Mikko Rantanen,DAL,f1,PP1,SOG,over,2.5,fanduel,108,False,2.6010531603381617,2.498906549571997,0.4734654033958441,0.4490390716556345,20.640933758585803,2075.3450000000003,,"draftkings@2.5,fanduel@2.5,pinnacle@2.5,sgo_fair@2.5",v2,False,1.1182260686839482,0.4807692307692308,0.4588096043517183,-0.02195962641751248,-0.045676022948425876,0.024426331740209584,118.0,131.0,pass,2026-10-02T21:36:31+00:00,sgo_slate_alt_20261002T213627Z.json
ANA@VGK,Jack Eichel,VGK,f1,PP1,G,over,1.5,draftkings,1100,False,0.46727418538191356,0.461989409749093,0.08044718851490275,0.07890425651620023,20.597276930957293,2298.3541666666665,,"fanduel@0.5,pinnacle@0.5,sgo_fair@0.5",v2,False,1.0982596332481283,0.08333333333333333,0.07952142931568124,-0.003811904017652093,-0.04574284821182517,0.0015429319987025208,1158.0,1734.0,pass,2026-10-02T21:36:31+00:00,sgo_slate_alt_20261002T213627Z.json
STL@DAL,Dylan Holloway,STL,f1,PP1,SOG,over,1.5,draftkings,-350,True,2.7192783828303067,2.7713182715092874,0.7368101955126239,0.7456961382309923,18.08848697930289,1659.9508333333333,,"draftkings@2.5,fanduel@2.5,pinnacle@2.5,sgo_fair@2.5",v2,False,1.1182260686839482,0.7777777777777778,0.7421417611436449,-0.03563601663413285,-0.045817735672456616,-0.0088859427183684,-288.0,-254.0,pass,2026-10-02T21:36:31+00:00,sgo_slate_alt_20261002T213627Z.json
STL@DAL,Philip Broberg,STL,d1,-,A,under,0.5,draftkings,-255,False,0.3674016822565673,0.38472765588518165,0.6925314115872613,0.6806359781680333,22.092576692347905,2519.2591666666663,,"draftkings@0.5,pinnacle@0.5,sgo_fair@0.5",v2,False,1.1032038554164156,0.7183098591549296,0.6853941515357245,-0.03291570761920515,-0.045823828254187515,0.011895433419227941,-218.0,-194.0,pass,2026-10-02T21:36:31+00:00,sgo_slate_alt_20261002T213627Z.json
NYR@DET,Alexis Lafrenière,NYR,f1,PP1,SOG,over,0.5,fanduel,-1300,True,2.250055125162716,2.3028007819748226,0.8827318681049969,0.8882104016541897,17.94658220183404,0.0,no NHL data: 85% of positional prior,"draftkings@2.5,fanduel@2.5,pinnacle@2.5,sgo_fair@2.5",v2,False,1.1182260686839482,0.9285714285714286,0.8860189882345126,-0.042552440336915964,-0.04582570497821725,-0.00547853354919281,-777.0,-620.0,pass,2026-10-02T21:36:31+00:00,sgo_slate_alt_20261002T213627Z.json
WSH@CAR,Jackson Blake,CAR,f2,PP1,PTS,over,0.5,fanduel,-125,False,0.7913751853620565,0.7318317209230594,0.5467788964925719,0.5189729247324563,17.175685133360474,1856.5166666666667,,"draftkings@0.5,pinnacle@0.5,sgo_fair@0.5",v2,False,1.0468644783193533,0.5555555555555556,0.5300953134365025,-0.025460242119053067,-0.04582843581429541,0.027805971760115678,-113.0,-102.0,pass,2026-10-02T21:36:31+00:00,sgo_slate_alt_20261002T213627Z.json
ANA@VGK,Alex Killorn,ANA,f2,PP2,SOG,over,0.5,fanduel,-620,True,1.7831614495427421,1.7984105319380814,0.8200776087561943,0.822598819251621,18.20901908970822,2007.285,,"draftkings@1.5,sgo_fair@1.5",v2,False,1.1182260686839482,0.8611111111111112,0.8215903350534504,-0.0395207760576608,-0.04589509477663822,-0.002521210495426751,-461.0,-392.0,pass,2026-10-02T21:36:31+00:00,sgo_slate_alt_20261002T213627Z.json
NYR@DET,Alex DeBrincat,DET,f1,PP1,A,under,0.5,draftkings,-155,False,0.5332397841597784,0.552899051881143,0.5867011023461179,0.5752796250940325,18.58434807318392,2176.461666666667,,"draftkings@0.5,pinnacle@0.5,sgo_fair@0.5",v2,False,1.1032038554164156,0.6078431372549019,0.5798482159948667,-0.02799492126003522,-0.046056160782638744,0.011421477252085421,-138.0,-125.0,pass,2026-10-02T21:36:31+00:00,sgo_slate_alt_20261002T213627Z.json
ANA@VGK,Pavel Mintyukov,ANA,d2,PP2,A,over,0.5,draftkings,320,False,0.25789904778264133,0.2574732738743339,0.22732676875424332,0.22699771460636686,18.42831509091468,1883.52,,"draftkings@0.5,sgo_fair@0.5",v2,False,1.1032038554164156,0.23809523809523808,0.22712933626551746,-0.010965901829720626,-0.04605678768482668,0.00032905414787645637,340.0,395.0,pass,2026-10-02T21:36:31+00:00,sgo_slate_alt_20261002T213627Z.json
BOS@WPG,Marat Khusnutdinov,BOS,f3,-,PTS,under,0.5,draftkings,-255,False,0.357065743749555,0.3922274577298177,0.6997264935790339,0.675550437314969,14.553333111609474,1537.7725,,"draftkings@0.5,sgo_fair@0.5",v2,False,1.0468644783193533,0.7183098591549296,0.685220859820595,-0.03308899933433462,-0.04606507750466193,0.024176056264064938,-218.0,-194.0,pass,2026-10-02T21:36:31+00:00,sgo_slate_alt_20261002T213627Z.json
NYR@DET,Pavel Dorofeyev,NYR,f2,PP1,SOG,over,2.5,fanduel,-128,False,2.8810891147159556,2.8682035624444366,0.5371849809295802,0.5343650228623589,16.450106012385557,2082.9491666666668,,"draftkings@2.5,fanduel@2.5,pinnacle@2.5,sgo_fair@3.5",v2,False,1.1182260686839482,0.5614035087719298,0.5354930060892474,-0.025910502682682357,-0.04615308290352804,0.002819958067221351,-115.0,-104.0,pass,2026-10-02T21:36:31+00:00,sgo_slate_alt_20261002T213627Z.json
BOS@WPG,Cole Perfetti,WPG,f1,PP1,A,under,0.5,draftkings,-245,False,0.3778891713996447,0.39746272047133135,0.6853064480116711,0.6720229948811219,16.53972973493684,1622.8166666666666,,"draftkings@0.5,pinnacle@0.5,sgo_fair@0.5",v2,False,1.1032038554164156,0.7101449275362319,0.6773363761333415,-0.03280855140289041,-0.04619979687345788,0.013283453130549128,-210.0,-188.0,pass,2026-10-02T21:36:31+00:00,sgo_slate_alt_20261002T213627Z.json
BOS@WPG,JJ Peterka,BOS,f1,PP1,G,under,0.5,fanduel,-340,False,0.29203738404247415,0.31436963032387133,0.7467406192685129,0.730249056072461,15.938440465588924,1957.9416666666666,,"fanduel@0.5,pinnacle@0.5,sgo_fair@0.5",v2,False,1.0982596332481283,0.7727272727272727,0.7368456813508818,-0.03588159137639091,-0.04643500060474115,0.01649156319605183,-280.0,-247.0,pass,2026-10-02T21:36:31+00:00,sgo_slate_alt_20261002T213627Z.json
NYR@DET,Eeli Tolvanen,NYR,f3,PP2,A,under,0.5,draftkings,-500,False,0.2140480131903473,0.24103229201518075,0.8073096225815565,0.7858162503883398,14.267736109868624,1801.4791666666667,,"draftkings@0.5,sgo_fair@0.5",v2,False,1.1032038554164156,0.8333333333333334,0.7944135992656265,-0.03891973406770688,-0.04670368088124821,0.021493372193216675,-386.0,-334.0,pass,2026-10-02T21:36:31+00:00,sgo_slate_alt_20261002T213627Z.json
WSH@CAR,Taylor Hall,CAR,f2,PP2,SOG,over,2.5,fanduel,198,True,2.084770299166911,1.922734463279685,0.3450763053298964,0.3031081114999076,16.04701527377841,1703.5891666666669,,"draftkings@1.5,pinnacle@1.5,sgo_fair@1.5",v2,False,1.1182260686839482,0.33557046979865773,0.3198953890319031,-0.015675080766754612,-0.04671174068492867,0.04196819382998884,213.0,239.0,pass,2026-10-02T21:36:31+00:00,sgo_slate_alt_20261002T213627Z.json
WSH@CAR,Taylor Hall,CAR,f2,PP2,A,over,1.5,draftkings,1300,True,0.49291291524200276,0.37422184494753585,0.08806241348831355,0.05477681519429963,16.04701527377841,1703.5891666666669,,"draftkings@0.5,pinnacle@0.5,sgo_fair@0.5",v2,False,1.1032038554164156,0.07142857142857142,0.0680910545119052,-0.0033375169166662277,-0.0467252368333273,0.03328559829401392,1369.0,2221.0,pass,2026-10-02T21:36:31+00:00,sgo_slate_alt_20261002T213627Z.json
NYR@DET,Oliver Bjorkstrand,NYR,f2,PP2,SOG,over,1.5,draftkings,-115,False,1.64419310790154,1.8021774046685863,0.4819205148238117,0.5285189505180953,13.833854577852438,1656.3891666666668,,"draftkings@1.5,fanduel@1.5,pinnacle@1.5,sgo_fair@2.0",v2,False,1.1182260686839482,0.5348837209302325,0.5098795762403818,-0.025004144689850683,-0.046746879202764435,-0.04659843569428357,-104.0,106.0,pass,2026-10-02T21:36:31+00:00,sgo_slate_alt_20261002T213627Z.json
BOS@WPG,Connor Clifton,BOS,d2,-,A,under,0.5,draftkings,-900,False,0.14675128054073636,0.1578069910303691,0.8635087221320558,0.8540145985401457,17.62771069175188,1388.8641666666667,,"draftkings@0.5,sgo_fair@0.5",v2,False,1.1032038554164156,0.9,0.8578122479769098,-0.04218775202309022,-0.046875280025655774,0.009494123591910042,-603.0,-498.0,pass,2026-10-02T21:36:31+00:00,sgo_slate_alt_20261002T213627Z.json
NYR@DET,Alexis Lafrenière,NYR,f1,PP1,A,under,0.5,draftkings,-230,False,0.39192809009154306,0.4207581827492938,0.6757527055286916,0.6565488470518286,17.94658220183404,0.0,no NHL data: 85% of positional prior,"draftkings@0.5,pinnacle@0.5,sgo_fair@0.5",v2,False,1.1032038554164156,0.696969696969697,0.6642303904425737,-0.03273930652712331,-0.046973787625872565,0.01920385847686301,-198.0,-177.0,pass,2026-10-02T21:36:31+00:00,sgo_slate_alt_20261002T213627Z.json
STL@DAL,Mason McTavish,STL,f2,PP1,SOG,over,0.5,draftkings,-800,True,1.9241016767801815,1.9843384943384519,0.84202509798897,0.8505340865057165,13.933970658700481,1726.1308333333334,,"fanduel@1.5,sgo_fair@1.5",v2,False,1.1182260686839482,0.8888888888888888,0.8471304910990178,-0.041758397789871005,-0.04697819751360499,-0.00850898851674653,-554.0,-462.0,pass,2026-10-02T21:36:31+00:00,sgo_slate_alt_20261002T213627Z.json
BOS@WPG,David Pastrnak,BOS,f1,PP1,A,over,0.5,draftkings,-115,False,0.7684723966625088,0.6773636458637263,0.5362790908679672,0.49204562369685145,19.305080809204785,2352.8866666666668,,"draftkings@0.5,pinnacle@0.5,sgo_fair@0.5",v2,False,1.1032038554164156,0.5348837209302325,0.5097390105652977,-0.02514471036493482,-0.047009675899660874,0.04423346717111576,-104.0,106.0,pass,2026-10-02T21:36:31+00:00,sgo_slate_alt_20261002T213627Z.json
NYR@DET,Lucas Raymond,DET,f1,PP1,SOG,under,2.5,fanduel,-138,False,2.556125798842208,2.450707374197824,0.5372060933627032,0.5626829836296307,18.249403362076805,2197.0216666666665,,"draftkings@2.5,fanduel@2.5,pinnacle@2.5,sgo_fair@2.5",v2,False,1.1182260686839482,0.5798319327731093,0.5524922275228596,-0.027339705250249646,-0.0471510858663724,-0.025476890266927454,-123.0,-112.0,pass,2026-10-02T21:36:31+00:00,sgo_slate_alt_20261002T213627Z.json
ANA@VGK,Mitch Marner,VGK,f2,PP1,G,under,0.5,fanduel,-240,False,0.3623835530779898,0.4201029539588546,0.6960153578059691,0.6569791777258741,20.54836472665646,2414.8641666666667,,"fanduel@0.5,sgo_fair@0.5",v2,False,1.0982596332481283,0.7058823529411765,0.6725936497579121,-0.03328870318326438,-0.047158996176291046,0.03903618008009502,-205.0,-184.0,pass,2026-10-02T21:36:31+00:00,sgo_slate_alt_20261002T213627Z.json
BOS@WPG,Kyle Connor,WPG,f1,PP1,SOG,over,3.5,draftkings,120,False,3.5188833524224985,3.303858333434354,0.45915429604666735,0.4156889230130224,19.93354117554885,2516.0816666666665,,"draftkings@3.5,fanduel@3.5,pinnacle@3.5,sgo_fair@3.5",v2,False,1.1182260686839482,0.45454545454545453,0.4330750722264804,-0.021470382318974135,-0.04723484110174303,0.04346537303364495,131.0,145.0,pass,2026-10-02T21:36:31+00:00,sgo_slate_alt_20261002T213627Z.json
NYR@DET,Alexis Lafrenière,NYR,f1,PP1,SOG,over,1.5,fanduel,-215,True,2.250055125162716,2.3028007819748226,0.6431321706431538,0.6549527887678386,17.94658220183404,0.0,no NHL data: 85% of positional prior,"draftkings@2.5,fanduel@2.5,pinnacle@2.5,sgo_fair@2.5",v2,False,1.1182260686839482,0.6825396825396826,0.6502245415179646,-0.03231514102171795,-0.04734543917135425,-0.011820618124684823,-186.0,-167.0,pass,2026-10-02T21:36:31+00:00,sgo_slate_alt_20261002T213627Z.json
BOS@WPG,Morgan Barron,WPG,f3,-,PTS,over,0.5,draftkings,250,False,0.3206558007754996,0.31568807886549594,0.27432701591292996,0.2707131053110266,13.132011872370791,1177.495,,"draftkings@0.5,sgo_fair@0.5",v2,False,1.0468644783193533,0.2857142857142857,0.2721586695517879,-0.013555616162497786,-0.047444656568742305,0.0036139106019033584,267.0,305.0,pass,2026-10-02T21:36:31+00:00,sgo_slate_alt_20261002T213627Z.json
ANA@VGK,Brayden McNabb,VGK,d1,-,A,over,0.5,draftkings,380,False,0.22679836782074064,0.21748091678845097,0.20291851663512064,0.1954570419631975,20.84672019918944,2053.8791666666666,,"draftkings@0.5,sgo_fair@0.5",v2,False,1.1032038554164156,0.20833333333333334,0.19844163183196675,-0.00989170150136659,-0.047480167206559676,0.007461474671923152,404.0,477.0,pass,2026-10-02T21:36:31+00:00,sgo_slate_alt_20261002T213627Z.json
WSH@CAR,Logan Stankoven,CAR,f2,PP2,SOG,over,1.5,fanduel,-198,False,2.3266691106987305,2.127935341221666,0.660189770435957,0.6144332785898754,17.072616370327324,1801.0691666666667,,"draftkings@1.5,pinnacle@1.5,sgo_fair@2.5",v2,False,1.1182260686839482,0.6644295302013423,0.6327358753283081,-0.031693654873034216,-0.047700551273556435,0.04575649184608155,-172.0,-155.0,pass,2026-10-02T21:36:31+00:00,sgo_slate_alt_20261002T213627Z.json
STL@DAL,Tyler Seguin,DAL,f2,PP2,A,under,0.5,draftkings,-245,False,0.4145339754008486,0.37590742775761204,0.6606480872367388,0.686665896301951,14.963038356186521,595.2091666666668,,"draftkings@0.5,pinnacle@0.5,sgo_fair@0.5",v2,False,1.1032038554164156,0.7101449275362319,0.6762587726758661,-0.033886154860365836,-0.04771723847684162,-0.026017809065212116,-209.0,-187.0,pass,2026-10-02T21:36:31+00:00,sgo_slate_alt_20261002T213627Z.json
STL@DAL,Jimmy Snuggerud,STL,f1,PP1,PTS,over,0.5,draftkings,-115,False,0.7410583442949129,0.6931471805599454,0.5233907681578268,0.5,17.487775105522008,1217.4199999999998,,"draftkings@0.5,sgo_fair@0.5",v2,False,1.0468644783193533,0.5348837209302325,0.5093563072631307,-0.02552741366710176,-0.047725164681972965,0.023390768157826813,-104.0,106.0,pass,2026-10-02T21:36:31+00:00,sgo_slate_alt_20261002T213627Z.json
NYR@DET,Pavel Dorofeyev,NYR,f2,PP1,SOG,under,2.5,draftkings,105,False,2.8810891147159556,2.8682035624444366,0.4628150190704198,0.4656349771376411,16.450106012385557,2082.9491666666668,,"draftkings@2.5,fanduel@2.5,pinnacle@2.5,sgo_fair@3.5",v2,False,1.1182260686839482,0.4878048780487805,0.46450699391075256,-0.023297884138027913,-0.047760662482957295,-0.002819958067221351,115.0,128.0,pass,2026-10-02T21:36:31+00:00,sgo_slate_alt_20261002T213627Z.json
NYR@DET,Moritz Seider,DET,d1,PP1,SOG,under,2.5,fanduel,-160,False,2.3370677729229246,2.3691295967170483,0.590770568212942,0.5827856690445915,24.012255414088816,3029.8125,,"draftkings@2.5,fanduel@2.5,pinnacle@2.5,sgo_fair@2.5",v2,False,1.1182260686839482,0.6153846153846154,0.5859796287119318,-0.029404986672683653,-0.047783103343110866,0.007984899168350545,-142.0,-128.0,pass,2026-10-02T21:36:31+00:00,sgo_slate_alt_20261002T213627Z.json
NYR@DET,Pavel Dorofeyev,NYR,f2,PP1,A,over,0.5,draftkings,215,False,0.35987710180661453,0.35987710180661453,0.3022379254998714,0.3022379254998714,16.450106012385557,2082.9491666666668,,"draftkings@0.5,pinnacle@0.5,sgo_fair@0.5",v2,False,1.1032038554164156,0.31746031746031744,0.3022379254998714,-0.015222391960446058,-0.04795053467540511,0.0,231.0,261.0,pass,2026-10-02T21:36:31+00:00,sgo_slate_alt_20261002T213627Z.json
WSH@CAR,Tom Wilson,WSH,f1,PP1,A,under,0.5,draftkings,-285,False,0.36333331077606873,0.3412341788893743,0.6953546256792908,0.7108924127166315,18.257601622938086,2083.9066666666668,,"draftkings@0.5,pinnacle@0.5,sgo_fair@0.5",v2,False,1.1032038554164156,0.7402597402597403,0.7046772979016953,-0.035582442358044974,-0.04806750985209585,-0.015537787037340656,-239.0,-212.0,pass,2026-10-02T21:36:31+00:00,sgo_slate_alt_20261002T213627Z.json
ANA@VGK,Beckett Sennecke,ANA,f2,PP1,PTS,over,0.5,draftkings,-115,False,0.6998339954814214,0.7192460457451753,0.5033322539615981,0.5128806167243919,17.087583540737576,1430.5,,"draftkings@0.5,sgo_fair@0.5",v2,False,1.0468644783193533,0.5348837209302325,0.5090612716192744,-0.025822449310958118,-0.04827675305961754,-0.009548362762793805,-104.0,107.0,pass,2026-10-02T21:36:31+00:00,sgo_slate_alt_20261002T213627Z.json
WSH@CAR,Jordan Staal,CAR,f3,PP2,SOG,under,1.5,draftkings,-115,False,1.6749167437954757,1.6734465943042878,0.5087699649303856,0.509212745771124,16.336095233703357,1752.3600000000001,,"draftkings@1.5,pinnacle@1.5,sgo_fair@1.5",v2,False,1.1182260686839482,0.5348837209302325,0.5090356334348286,-0.025848087495403904,-0.048324685317494454,-0.0004427808407383438,-104.0,107.0,pass,2026-10-02T21:36:31+00:00,sgo_slate_alt_20261002T213627Z.json
ANA@VGK,William Karlsson,VGK,f2,PP2,SOG,over,0.5,fanduel,-780,True,2.0814648851626067,1.8468127959968956,0.8632598600580088,0.8303596912151198,16.71967523099671,635.2708333333334,,"draftkings@1.5,pinnacle@1.5,sgo_fair@1.5",v2,False,1.1182260686839482,0.8863636363636364,0.8435197587522754,-0.04284387761136099,-0.048336682433330336,0.032900168842889044,-539.0,-451.0,pass,2026-10-02T21:36:31+00:00,sgo_slate_alt_20261002T213627Z.json
ANA@VGK,Brett Howden,VGK,f2,-,SOG,over,0.5,fanduel,-620,True,1.4790681907249035,2.0429238459214494,0.7611517302716407,0.8583512306516404,16.17015068658508,1416.1483333333333,,"draftkings@1.5,sgo_fair@2.0",v2,False,1.1182260686839482,0.8611111111111112,0.8194714304996406,-0.04163968061147061,-0.04835575812944959,-0.09719950037999969,-454.0,-387.0,pass,2026-10-02T21:36:31+00:00,sgo_slate_alt_20261002T213627Z.json
STL@DAL,Wyatt Johnston,DAL,f1,PP1,SOG,over,1.5,fanduel,-370,True,2.8903229975497946,2.7296758812251145,0.7649866417575495,0.7386080437680038,20.913031427503284,2348.4791666666665,,"draftkings@2.5,fanduel@2.5,pinnacle@2.5,sgo_fair@2.5",v2,False,1.1182260686839482,0.7872340425531915,0.7491594829638222,-0.03807455958936934,-0.04836498110000975,0.02637859798954567,-299.0,-263.0,pass,2026-10-02T21:36:31+00:00,sgo_slate_alt_20261002T213627Z.json
WSH@CAR,Pierre-Luc Dubois,WSH,f1,PP1,G,over,1.5,fanduel,4000,False,0.24565805670758864,0.22364467886202125,0.025659168446997522,0.021574695659784034,16.026006939520308,1126.1958333333334,,sgo_fair@0.5,v2,False,1.0982596332481283,0.024390243902439025,0.02320848477466943,-0.0011817591277695945,-0.048452124238553385,0.0040844727872134876,4209.0,,pass,2026-10-02T21:36:31+00:00,sgo_slate_alt_20261002T213627Z.json
WSH@CAR,Pierre-Luc Dubois,WSH,f1,PP1,G,over,1.5,draftkings,4000,False,0.24565805670758864,0.22364467886202125,0.025659168446997522,0.021574695659784034,16.026006939520308,1126.1958333333334,,sgo_fair@0.5,v2,False,1.0982596332481283,0.024390243902439025,0.02320848477466943,-0.0011817591277695945,-0.048452124238553385,0.0040844727872134876,4209.0,,pass,2026-10-02T21:36:31+00:00,sgo_slate_alt_20261002T213627Z.json
NYR@DET,Alex DeBrincat,DET,f1,PP1,SOG,over,3.5,draftkings,105,False,3.5365140211988266,3.5490445411392613,0.4626554505023116,0.4651374535474376,18.58434807318392,2176.461666666667,,"draftkings@3.5,fanduel@3.5,pinnacle@3.5,sgo_fair@3.5",v2,False,1.1182260686839482,0.4878048780487805,0.4641446523293872,-0.023660225719393302,-0.04850346272475636,-0.002482003045125969,115.0,128.0,pass,2026-10-02T21:36:31+00:00,sgo_slate_alt_20261002T213627Z.json
WSH@CAR,Jaccob Slavin,CAR,d1,-,A,under,0.5,draftkings,-550,False,0.21232139783718976,0.2201585556637733,0.8087047398395025,0.8023915641488645,22.812077385687026,1630.2508333333333,,"draftkings@0.5,sgo_fair@0.5",v2,False,1.1032038554164156,0.8461538461538461,0.8049168344251196,-0.041237011728726514,-0.04873465022485857,0.006313175690638051,-413.0,-354.0,pass,2026-10-02T21:36:31+00:00,sgo_slate_alt_20261002T213627Z.json
ANA@VGK,Cutter Gauthier,ANA,f1,PP1,A,over,0.5,draftkings,190,False,0.35915437459616717,0.42393833323948593,0.3017334515856583,0.3455357606459974,16.623295864485087,1833.5541666666666,,"draftkings@0.5,pinnacle@0.5,sgo_fair@0.5",v2,False,1.1032038554164156,0.3448275862068966,0.32801483702186174,-0.016812749185034837,-0.04875697263660095,-0.043802309060339106,205.0,230.0,pass,2026-10-02T21:36:31+00:00,sgo_slate_alt_20261002T213627Z.json
NYR@DET,Viktor Arvidsson,DET,f2,PP1,SOG,over,1.5,fanduel,-370,True,2.4459570745475725,3.066521556270665,0.6853366959340563,0.791058025751694,13.767299701510195,1459.4783333333332,,"fanduel@2.5,sgo_fair@3.0",v2,False,1.1182260686839482,0.7872340425531915,0.748769493824639,-0.03846454872855254,-0.04886037270924248,-0.10572132981763771,-298.0,-262.0,pass,2026-10-02T21:36:31+00:00,sgo_slate_alt_20261002T213627Z.json
NYR@DET,Andrew Copp,DET,f1,PP1,PTS,under,0.5,draftkings,-120,False,0.621992280201299,0.6797571979007946,0.5368737684328821,0.506740014969298,17.350846748956222,1679.7833333333333,,"draftkings@0.5,pinnacle@0.5,sgo_fair@0.5",v2,False,1.0468644783193533,0.5454545454545454,0.5187935163547317,-0.026661029099813716,-0.048878553349658516,0.030133753463584156,-108.0,103.0,pass,2026-10-02T21:36:31+00:00,sgo_slate_alt_20261002T213627Z.json
BOS@WPG,Elias Lindholm,BOS,f1,PP2,A,under,0.5,draftkings,-285,False,0.34495998570832676,0.35488572149672815,0.7082486929705814,0.7012535768388848,17.864457827843644,1916.9391666666668,,"draftkings@0.5,pinnacle@0.5,sgo_fair@0.5",v2,False,1.1032038554164156,0.7402597402597403,0.7040516232915635,-0.03620811696817683,-0.04891271941315112,0.006995116131696566,-238.0,-212.0,pass,2026-10-02T21:36:31+00:00,sgo_slate_alt_20261002T213627Z.json
STL@DAL,Dalibor Dvorsky,STL,f3,PP2,PTS,under,0.5,draftkings,-255,False,0.3673781139783024,0.39019555531364897,0.6925477335526162,0.6769244853738343,13.885102759466475,1026.5341666666668,,"draftkings@0.5,sgo_fair@0.5",v2,False,1.0468644783193533,0.7183098591549296,0.6831737846453472,-0.03513607450958245,-0.04891492725843827,0.015623248178781912,-216.0,-193.0,pass,2026-10-02T21:36:31+00:00,sgo_slate_alt_20261002T213627Z.json
ANA@VGK,Jack Eichel,VGK,f1,PP1,SOG,over,1.5,fanduel,-660,True,3.4094308224759353,3.28994845954436,0.8341515768546885,0.8202022697892261,20.597276930957293,2298.3541666666665,,"draftkings@3.5,fanduel@3.5,pinnacle@2.5,sgo_fair@3.5",v2,False,1.1182260686839482,0.868421052631579,0.8257819926154111,-0.04263906001616791,-0.04909952365498116,0.01394930706546249,-474.0,-402.0,pass,2026-10-02T21:36:31+00:00,sgo_slate_alt_20261002T213627Z.json
BOS@WPG,Hampus Lindholm,BOS,d1,PP1,SOG,over,0.5,draftkings,-475,True,1.6171119728984202,1.5789622302164883,0.7900698757486965,0.7824638332976901,21.812503355085678,1626.9141666666667,,"draftkings@1.5,fanduel@1.5,pinnacle@1.5,sgo_fair@1.5",v2,False,1.1182260686839482,0.8260869565217391,0.7855062502780926,-0.040580706243646514,-0.049124012821256335,0.0076060424510063784,-366.0,-318.0,pass,2026-10-02T21:36:31+00:00,sgo_slate_alt_20261002T213627Z.json
WSH@CAR,Logan Stankoven,CAR,f2,PP2,SOG,over,0.5,fanduel,-1200,True,2.3266691106987305,2.127935341221666,0.8906009893339873,0.8689429969646839,17.072616370327324,1801.0691666666667,,"draftkings@1.5,pinnacle@1.5,sgo_fair@2.5",v2,False,1.1182260686839482,0.9230769230769231,0.8776061939124054,-0.045470729164517776,-0.04925995659489424,0.021657992369303436,-717.0,-578.0,pass,2026-10-02T21:36:31+00:00,sgo_slate_alt_20261002T213627Z.json
BOS@WPG,Fraser Minten,BOS,f3,PP2,PTS,over,0.5,fanduel,158,False,0.46804358589020373,0.45403952110617696,0.3737737715649183,0.3649423654302366,15.046893153269307,1413.0508333333335,,"draftkings@0.5,sgo_fair@0.5",v2,False,1.0468644783193533,0.3875968992248062,0.3684749278841093,-0.01912197134069693,-0.049334686058998045,0.008831406134681696,171.0,191.0,pass,2026-10-02T21:36:31+00:00,sgo_slate_alt_20261002T213627Z.json
WSH@CAR,Jordan Staal,CAR,f3,PP2,A,over,0.5,draftkings,280,False,0.29804811044478247,0.2811856336644172,0.25773437184078646,0.24511181018816663,16.336095233703357,1752.3600000000001,,"draftkings@0.5,sgo_fair@0.5",v2,False,1.1032038554164156,0.2631578947368421,0.2501608348492146,-0.012997059887627505,-0.04938882757298457,0.012622561652619824,300.0,344.0,pass,2026-10-02T21:36:31+00:00,sgo_slate_alt_20261002T213627Z.json
BOS@WPG,James Hagens,BOS,f3,PP2,SOG,over,0.5,fanduel,-450,True,1.5555328508527122,1.5560883142465056,0.7776503869456556,0.7777657829218035,13.841666666666665,42.55,,"draftkings@1.5,pinnacle@1.5,sgo_fair@1.5",v1,False,1.1182260686839482,0.8181818181818182,0.7777196245313444,-0.04046219365047388,-0.049453792239467886,-0.00011539597614795838,-350.0,-304.0,pass,2026-10-02T21:36:31+00:00,sgo_slate_alt_20261002T213627Z.json
STL@DAL,Arttu Hyry,DAL,f3,-,A,under,0.5,draftkings,-900,False,0.15353554990618073,0.1578069910303691,0.8576702735591023,0.8540145985401457,12.696507644861544,255.95416666666668,,"draftkings@0.5,sgo_fair@0.5",v2,False,1.1032038554164156,0.9,0.8554768685477284,-0.0445231314522716,-0.049470146058079534,0.0036556750189565834,-592.0,-490.0,pass,2026-10-02T21:36:31+00:00,sgo_slate_alt_20261002T213627Z.json
ANA@VGK,Leo Carlsson,ANA,f1,PP1,A,under,0.5,draftkings,-180,False,0.451496452126341,0.5211638650998891,0.6366746852048177,0.593829008760483,17.96890196451367,1895.936666666667,,"draftkings@0.5,pinnacle@0.5,sgo_fair@0.5",v2,False,1.1032038554164156,0.6428571428571429,0.6109672793382168,-0.03188986351892609,-0.04960645436277378,0.04284567644433479,-157.0,-142.0,pass,2026-10-02T21:36:31+00:00,sgo_slate_alt_20261002T213627Z.json
ANA@VGK,Mitch Marner,VGK,f2,PP1,SOG,over,1.5,draftkings,-265,True,2.583127338622359,2.396786259523875,0.7122046438342858,0.6751762020335192,20.54836472665646,2414.8641666666667,,"draftkings@2.5,fanduel@2.5,sgo_fair@2.5",v2,False,1.1182260686839482,0.726027397260274,0.6899875787538259,-0.03603981850644811,-0.04963975001831533,0.03702844180076659,-223.0,-198.0,pass,2026-10-02T21:36:31+00:00,sgo_slate_alt_20261002T213627Z.json
ANA@VGK,Brett Howden,VGK,f2,-,SOG,over,1.5,draftkings,-125,False,1.4790681907249035,2.0429238459214494,0.42992468453340715,0.5933367775623011,16.17015068658508,1416.1483333333333,,"draftkings@1.5,sgo_fair@2.0",v2,False,1.1182260686839482,0.5555555555555556,0.5279719403507435,-0.027583615204812117,-0.04965050736866172,-0.16341209302889392,-112.0,-101.0,data-check,2026-10-02T21:36:31+00:00,sgo_slate_alt_20261002T213627Z.json
BOS@WPG,Fraser Minten,BOS,f3,PP2,SOG,over,0.5,fanduel,-460,True,1.631489248220139,1.5310106103205812,0.7928637554730348,0.772493045692951,15.046893153269307,1413.0508333333335,,"draftkings@1.5,fanduel@1.5,pinnacle@1.5,sgo_fair@1.5",v2,False,1.1182260686839482,0.8214285714285714,0.7806413296049846,-0.04078724182358684,-0.04965403352436659,0.020370709780083818,-356.0,-309.0,pass,2026-10-02T21:36:31+00:00,sgo_slate_alt_20261002T213627Z.json
BOS@WPG,Adam Lowry,WPG,f3,-,PTS,over,0.5,draftkings,235,False,0.34114782837418856,0.32862591111740497,0.2890461987068593,0.2800877224403242,15.024993031821769,1554.82,,"draftkings@0.5,sgo_fair@0.5",v2,False,1.0468644783193533,0.29850746268656714,0.28367111294693825,-0.014836349739628885,-0.0497017716277568,0.00895847626653512,253.0,287.0,pass,2026-10-02T21:36:31+00:00,sgo_slate_alt_20261002T213627Z.json
NYR@DET,Alex DeBrincat,DET,f1,PP1,G,under,0.5,fanduel,-175,False,0.4745421575306171,0.5225403344776358,0.6221698470445806,0.5930121836106766,18.58434807318392,2176.461666666667,,"fanduel@0.5,pinnacle@0.5,sgo_fair@0.5",v2,False,1.0982596332481283,0.6363636363636364,0.6046752489842382,-0.031688387379398164,-0.04979603731048288,0.029157663433903913,-153.0,-138.0,pass,2026-10-02T21:36:31+00:00,sgo_slate_alt_20261002T213627Z.json
STL@DAL,Thomas Harley,DAL,d1,PP2,SOG,over,2.5,fanduel,210,True,1.942122538072857,1.9313483585975935,0.3081416304860328,0.30534455424133117,23.654813514126516,2434.6675,,"draftkings@1.5,fanduel@1.5,pinnacle@1.5,sgo_fair@2.5",v2,False,1.1182260686839482,0.3225806451612903,0.3064633847392118,-0.016117260422078505,-0.049963507308443345,0.0027970762447016573,226.0,255.0,pass,2026-10-02T21:36:31+00:00,sgo_slate_alt_20261002T213627Z.json
WSH@CAR,Jalen Chatfield,CAR,d1,-,PTS,under,0.5,draftkings,-400,False,0.2645035233960722,0.28116739143058717,0.7675869443499835,0.7549019607843139,21.829586361050403,2140.3241666666668,,"draftkings@0.5,sgo_fair@0.5",v2,False,1.0468644783193533,0.8,0.7599759542105817,-0.04002404578941832,-0.050030057236772896,0.012684983565669605,-317.0,-277.0,pass,2026-10-02T21:36:31+00:00,sgo_slate_alt_20261002T213627Z.json
NYR@DET,Adam Fox,NYR,d1,PP1,PTS,over,0.5,fanduel,-130,False,0.7787485919391153,0.7640305573062971,0.5410199766303184,0.5342147357106268,22.258802105644207,2111.2541666666666,,"draftkings@0.5,pinnacle@0.5,sgo_fair@0.5",v2,False,1.0468644783193533,0.5652173913043478,0.5369368320785035,-0.02828055922584427,-0.05003483555341692,0.006805240919691591,-116.0,-105.0,pass,2026-10-02T21:36:31+00:00,sgo_slate_alt_20261002T213627Z.json
ANA@VGK,Victor Olofsson,VGK,f3,PP2,PTS,over,0.5,draftkings,140,False,0.5209866531011029,0.49263111659439945,0.40606574828905606,0.3889833786088604,13.560078838767604,1437.0491666666667,,"draftkings@0.5,sgo_fair@0.5",v2,False,1.0468644783193533,0.4166666666666667,0.3958163264809387,-0.02085034018572801,-0.050040816445747205,0.017082369680195664,153.0,170.0,pass,2026-10-02T21:36:31+00:00,sgo_slate_alt_20261002T213627Z.json
STL@DAL,Jason Robertson,DAL,f2,PP1,SOG,over,1.5,fanduel,-870,True,3.681544311815819,3.511385545036372,0.8621322386936319,0.8452256441302504,20.375929813628595,2317.33,,"draftkings@3.5,fanduel@3.5,pinnacle@3.5,sgo_fair@3.5",v2,False,1.1182260686839482,0.8969072164948454,0.8519882819556029,-0.04491893453924245,-0.05008203046329318,0.016906594563381505,-576.0,-478.0,pass,2026-10-02T21:36:31+00:00,sgo_slate_alt_20261002T213627Z.json
ANA@VGK,Beckett Sennecke,ANA,f2,PP1,G,under,0.5,fanduel,-340,False,0.28208651579607547,0.3279868148590996,0.7542084307675941,0.7203725178558327,17.087583540737576,1430.5,,"fanduel@0.5,sgo_fair@0.5",v2,False,1.0982596332481283,0.7727272727272727,0.7339068830205373,-0.0388203897067354,-0.05023815138518695,0.03383591291176147,-276.0,-244.0,pass,2026-10-02T21:36:31+00:00,sgo_slate_alt_20261002T213627Z.json
NYR@DET,Emmitt Finnie,DET,f2,PP2,A,under,0.5,draftkings,-330,False,0.2680583872906161,0.3497010363609289,0.7648631215137431,0.7048987973298135,16.128041073700665,1271.0,,"draftkings@0.5,sgo_fair@0.5",v2,False,1.1032038554164156,0.7674418604651163,0.7288845270033854,-0.03855733346173096,-0.050241373904679754,0.05996432418392961,-269.0,-238.0,pass,2026-10-02T21:36:31+00:00,sgo_slate_alt_20261002T213627Z.json
WSH@CAR,Andrei Svechnikov,CAR,f1,PP1,SOG,over,2.5,fanduel,-102,False,2.7214560494943885,2.564927349916448,0.5014727147010325,0.4648935990984937,17.174841336373092,1912.6491666666668,,"draftkings@2.5,fanduel@2.5,pinnacle@2.5,sgo_fair@2.5",v2,False,1.1182260686839482,0.504950495049505,0.47952524533950924,-0.025425249709995712,-0.05035196511195228,0.03657911560253879,109.0,120.0,pass,2026-10-02T21:36:31+00:00,sgo_slate_alt_20261002T213627Z.json
WSH@CAR,Taylor Hall,CAR,f2,PP2,SOG,over,1.5,fanduel,-156,False,2.084770299166911,1.922734463279685,0.6038372720947838,0.5619184351779165,16.04701527377841,1703.5891666666669,,"draftkings@1.5,pinnacle@1.5,sgo_fair@1.5",v2,False,1.1182260686839482,0.609375,0.5786859699446634,-0.03068903005533663,-0.05036148521901396,0.041918836916867264,-137.0,-124.0,pass,2026-10-02T21:36:31+00:00,sgo_slate_alt_20261002T213627Z.json
WSH@CAR,Ryan Leonard,WSH,f2,PP2,A,under,0.5,draftkings,-285,False,0.33203666809831356,0.3664623522217451,0.7174610144410929,0.6931822327623076,14.79877049597388,1138.4366666666667,,"draftkings@0.5,sgo_fair@0.5",v2,False,1.1032038554164156,0.7402597402597403,0.7028937454338218,-0.037365994825918514,-0.05047687020343372,0.024278781678785277,-237.0,-210.0,pass,2026-10-02T21:36:31+00:00,sgo_slate_alt_20261002T213627Z.json
WSH@CAR,Shayne Gostisbehere,CAR,d3,PP1,SOG,over,0.5,fanduel,-800,True,2.0891866192908224,1.8477533987914245,0.8642217495896526,0.8305069452082976,16.932991501259885,1660.3433333333335,,"draftkings@1.5,pinnacle@1.5,sgo_fair@1.5",v2,False,1.1182260686839482,0.8888888888888888,0.8439928669608396,-0.0448960219280492,-0.05050802466905546,0.03371480438135499,-541.0,-452.0,pass,2026-10-02T21:36:31+00:00,sgo_slate_alt_20261002T213627Z.json
NYR@DET,Nate Danielson,DET,f3,-,A,under,0.5,draftkings,-750,False,0.17146013763388213,0.18079653801390969,0.8424338487572252,0.8346051518437736,11.761713412247646,309.48333333333335,,"draftkings@0.5,sgo_fair@0.5",v2,False,1.1032038554164156,0.8823529411764706,0.8377366306091543,-0.0446163105673163,-0.050565151976291856,0.00782869691345156,-516.0,-434.0,pass,2026-10-02T21:36:31+00:00,sgo_slate_alt_20261002T213627Z.json
BOS@WPG,Mark Scheifele,WPG,f1,PP1,PTS,over,1.5,draftkings,215,True,1.2270466303864844,1.0181523897702545,0.34712546448708886,0.2709186452344387,19.993486037779117,2517.563333333333,,"draftkings@0.5,pinnacle@0.5,sgo_fair@1.5",v2,False,1.0468644783193533,0.31746031746031744,0.30140137293549873,-0.016058944524818708,-0.05058567525317903,0.07620681925265016,232.0,262.0,pass,2026-10-02T21:36:31+00:00,sgo_slate_alt_20261002T213627Z.json
NYR@DET,Moritz Seider,DET,d1,PP1,SOG,over,0.5,fanduel,-1600,True,2.3370677729229246,2.3691295967170483,0.8916257265486837,0.894722592964664,24.012255414088816,3029.8125,,"draftkings@2.5,fanduel@2.5,pinnacle@2.5,sgo_fair@2.5",v2,False,1.1182260686839482,0.9411764705882353,0.8934838463982719,-0.04769262418996334,-0.05067341320183605,-0.0030968664159803927,-839.0,-660.0,pass,2026-10-02T21:36:31+00:00,sgo_slate_alt_20261002T213627Z.json
NYR@DET,Michael Brandsegg-Nygård,DET,f3,PP2,A,under,0.5,draftkings,-600,False,0.2014966237298957,0.2095945189476428,0.8175063376776471,0.810912989168332,12.775611148853327,0.0,no NHL data: 85% of positional prior,"draftkings@0.5,sgo_fair@0.5",v2,False,1.1032038554164156,0.8571428571428571,0.813550328572058,-0.043592528570799094,-0.05085794999926563,0.0065933485093151445,-436.0,-373.0,pass,2026-10-02T21:36:31+00:00,sgo_slate_alt_20261002T213627Z.json
STL@DAL,Wyatt Johnston,DAL,f1,PP1,SOG,over,2.5,draftkings,-120,False,2.8903229975497946,2.7296758812251145,0.5391988599109369,0.5033520722950547,20.913031427503284,2348.4791666666665,,"draftkings@2.5,fanduel@2.5,pinnacle@2.5,sgo_fair@2.5",v2,False,1.1182260686839482,0.5454545454545454,0.5176907873414076,-0.027763758113137804,-0.05090022320741927,0.035846787615882114,-107.0,103.0,pass,2026-10-02T21:36:31+00:00,sgo_slate_alt_20261002T213627Z.json
ANA@VGK,Mitch Marner,VGK,f2,PP1,PTS,over,0.5,fanduel,-250,False,1.130772072799919,1.1343204250030403,0.6772160525137915,0.6783593739917329,20.54836472665646,2414.8641666666667,,"draftkings@0.5,sgo_fair@1.5",v2,False,1.0468644783193533,0.7142857142857143,0.6779020454005562,-0.036383668885158094,-0.050937136439221375,-0.0011433214779413836,-210.0,-188.0,pass,2026-10-02T21:36:31+00:00,sgo_slate_alt_20261002T213627Z.json
NYR@DET,Lucas Raymond,DET,f1,PP1,G,over,1.5,draftkings,2000,False,0.3392419755948102,0.33331788732627776,0.04604445919491594,0.04462123010937197,18.249403362076805,2197.0216666666665,,"fanduel@0.5,pinnacle@0.5,sgo_fair@0.5",v2,False,1.0982596332481283,0.047619047619047616,0.04519052174358956,-0.002428525875458054,-0.05099904338461925,0.0014232290855439728,2113.0,4853.0,pass,2026-10-02T21:36:31+00:00,sgo_slate_alt_20261002T213627Z.json
WSH@CAR,Sebastian Aho,CAR,f1,PP1,PTS,over,1.5,fanduel,250,True,1.028454817885592,1.0119871535496263,0.27470766747864955,0.26865084002752065,19.607974986022285,2284.8791666666666,,"draftkings@0.5,pinnacle@0.5,sgo_fair@1.0",v2,False,1.0468644783193533,0.2857142857142857,0.27107357100797225,-0.014640714706313451,-0.05124250147209719,0.006056827451128899,269.0,306.0,pass,2026-10-02T21:36:31+00:00,sgo_slate_alt_20261002T213627Z.json
WSH@CAR,Sebastian Aho,CAR,f1,PP1,PTS,over,1.5,draftkings,250,True,1.028454817885592,1.0119871535496263,0.27470766747864955,0.26865084002752065,19.607974986022285,2284.8791666666666,,"draftkings@0.5,pinnacle@0.5,sgo_fair@1.0",v2,False,1.0468644783193533,0.2857142857142857,0.27107357100797225,-0.014640714706313451,-0.05124250147209719,0.006056827451128899,269.0,306.0,pass,2026-10-02T21:36:31+00:00,sgo_slate_alt_20261002T213627Z.json
WSH@CAR,Jackson Blake,CAR,f2,PP1,SOG,over,2.5,fanduel,120,False,2.455398771532545,2.406356071387941,0.4384632161997471,0.426427212582019,17.175685133360474,1856.5166666666667,,"draftkings@2.5,fanduel@2.5,pinnacle@2.5,sgo_fair@2.5",v2,False,1.1182260686839482,0.45454545454545453,0.4312416140291102,-0.02330384051634432,-0.05126844913595752,0.012036003617728108,132.0,146.0,pass,2026-10-02T21:36:31+00:00,sgo_slate_alt_20261002T213627Z.json
NYR@DET,Eeli Tolvanen,NYR,f3,PP2,SOG,over,1.5,draftkings,-105,False,1.7202968901424032,1.6162822567512287,0.5047637183160105,0.4733617916401093,14.267736109868624,1801.4791666666667,,"draftkings@1.5,pinnacle@1.5,sgo_fair@1.5",v2,False,1.1182260686839482,0.5121951219512195,0.48592256231046976,-0.02627255964074976,-0.051294045012892364,0.03140192667590125,106.0,117.0,pass,2026-10-02T21:36:31+00:00,sgo_slate_alt_20261002T213627Z.json
STL@DAL,Jason Robertson,DAL,f2,PP1,G,over,2.5,draftkings,5500,True,0.5802289691303372,0.49614242249956214,0.021207244760459248,0.014096902177583658,20.375929813628595,2317.33,,"fanduel@0.5,pinnacle@0.5,sgo_fair@0.5",v2,False,1.0982596332481283,0.017857142857142856,0.016941039210733894,-0.0009161036464089625,-0.05130180419890196,0.00711034258287559,5803.0,,pass,2026-10-02T21:36:31+00:00,sgo_slate_alt_20261002T213627Z.json
ANA@VGK,Alex Killorn,ANA,f2,PP2,SOG,under,1.5,draftkings,100,False,1.7831614495427421,1.7984105319380814,0.47692120558603324,0.47255498558252473,18.20901908970822,2007.285,,"draftkings@1.5,sgo_fair@1.5",v2,False,1.1182260686839482,0.5,0.47430147358392816,-0.025698526416071843,-0.051397052832143686,0.004366220003508503,111.0,123.0,pass,2026-10-02T21:36:31+00:00,sgo_slate_alt_20261002T213627Z.json
NYR@DET,Andrew Copp,DET,f1,PP1,G,under,0.5,fanduel,-420,False,0.2602418075737928,0.2704707078075335,0.7708651622305583,0.7630202502048997,17.350846748956222,1679.7833333333333,,"fanduel@0.5,sgo_fair@0.5",v2,False,1.0982596332481283,0.8076923076923077,0.7661582150151631,-0.041534092677144585,-0.05142316236217892,0.007844912025658624,-328.0,-286.0,pass,2026-10-02T21:36:31+00:00,sgo_slate_alt_20261002T213627Z.json
NYR@DET,Sean Durzi,NYR,d2,PP2,A,under,0.5,draftkings,-360,False,0.28408462523053685,0.30732827824858605,0.7527029443507143,0.735409142451364,19.028469786411566,1478.5616666666667,,"draftkings@0.5,sgo_fair@0.5",v2,False,1.1032038554164156,0.782608695652174,0.7423266632111041,-0.04028203244106987,-0.05147148589692263,0.01729380189935026,-288.0,-254.0,pass,2026-10-02T21:36:31+00:00,sgo_slate_alt_20261002T213627Z.json
NYR@DET,J.T. Miller,NYR,f2,PP1,A,under,0.5,draftkings,-170,False,0.4713244513690242,0.5460637353574559,0.6241750311114589,0.5792253130719176,17.08771264101801,1991.3375,,"draftkings@0.5,pinnacle@0.5,sgo_fair@0.5",v2,False,1.1032038554164156,0.6296296296296297,0.5972052002877342,-0.03242442934189549,-0.051497623072422116,0.044949718039541287,-148.0,-134.0,pass,2026-10-02T21:36:31+00:00,sgo_slate_alt_20261002T213627Z.json
NYR@DET,Gabe Perreault,NYR,not in DF lineup,-,PTS,under,0.5,draftkings,-195,False,0.41731137334154633,0.5015283816425384,0.6588157503419586,0.6056043574387038,15.255362995888913,842.9158333333332,,"draftkings@0.5,pinnacle@0.5,sgo_fair@0.5",v1,False,1.0468644783193533,0.6610169491525424,0.6268889146000057,-0.03412803455253666,-0.05162959073332474,0.05321139290325483,-168.0,-151.0,pass,2026-10-02T21:36:31+00:00,sgo_slate_alt_20261002T213627Z.json
STL@DAL,Dylan Holloway,STL,f1,PP1,SOG,over,1.5,fanduel,-360,True,2.7192783828303067,2.7713182715092874,0.7368101955126239,0.7456961382309923,18.08848697930289,1659.9508333333333,,"draftkings@2.5,fanduel@2.5,pinnacle@2.5,sgo_fair@2.5",v2,False,1.1182260686839482,0.782608695652174,0.7421417611436449,-0.04046693450852901,-0.05170774964978708,-0.0088859427183684,-288.0,-254.0,pass,2026-10-02T21:36:31+00:00,sgo_slate_alt_20261002T213627Z.json
ANA@VGK,Rasmus Andersson,VGK,d2,PP2,A,under,0.5,draftkings,-240,False,0.41053418733618463,0.39576695046649746,0.6632958312485095,0.6731635581115369,21.694549594463403,2772.36,,"draftkings@0.5,pinnacle@0.5,sgo_fair@0.5",v2,False,1.1032038554164156,0.7058823529411765,0.669216467366326,-0.03666588557485051,-0.05194333789770478,-0.009867726863027393,-202.0,-181.0,pass,2026-10-02T21:36:31+00:00,sgo_slate_alt_20261002T213627Z.json
ANA@VGK,Cutter Gauthier,ANA,f1,PP1,G,under,0.5,fanduel,-220,False,0.4090083490952979,0.4409650869663534,0.6643086859225371,0.6434151697562953,16.623295864485087,1833.5541666666666,,"fanduel@0.5,pinnacle@0.5,sgo_fair@0.5",v2,False,1.0982596332481283,0.6875,0.6517725762227919,-0.035727423777208056,-0.05196716185775718,0.0208935161662418,-187.0,-168.0,pass,2026-10-02T21:36:31+00:00,sgo_slate_alt_20261002T213627Z.json
STL@DAL,Roope Hintz,DAL,f2,PP1,G,under,0.5,fanduel,-270,False,0.37805896426309227,0.3621866128148956,0.6851900977455261,0.6961524447521795,16.249302644351516,1496.78,,"fanduel@0.5,pinnacle@0.5,sgo_fair@0.5",v2,False,1.0982596332481283,0.7297297297297297,0.6917675059495181,-0.037962223780211635,-0.052022306661771656,-0.010962347006653439,-224.0,-200.0,pass,2026-10-02T21:36:31+00:00,sgo_slate_alt_20261002T213627Z.json
NYR@DET,J.T. Miller,NYR,f2,PP1,SOG,over,1.5,draftkings,-180,False,2.0405303472808645,2.1530253982401297,0.5927293591286306,0.6204831169048041,17.08771264101801,1991.3375,,"draftkings@1.5,fanduel@1.5,pinnacle@2.5,sgo_fair@2.0",v2,False,1.1182260686839482,0.6428571428571429,0.6093816137943346,-0.03347552906280826,-0.05207304520881273,-0.027753757776173504,-156.0,-141.0,pass,2026-10-02T21:36:31+00:00,sgo_slate_alt_20261002T213627Z.json
ANA@VGK,Tomas Hertl,VGK,f3,PP1,PTS,over,0.5,fanduel,-125,False,0.7768563380820841,0.7289418952919325,0.5401506476746574,0.5175808298741735,14.758236776055922,1974.8158333333336,,"draftkings@0.5,pinnacle@0.5,sgo_fair@0.5",v2,False,1.0468644783193533,0.5555555555555556,0.526608756994367,-0.028946798561188536,-0.052104237410139254,0.022569817800483838,-111.0,-101.0,pass,2026-10-02T21:36:31+00:00,sgo_slate_alt_20261002T213627Z.json
STL@DAL,Mikko Rantanen,DAL,f1,PP1,G,under,0.5,fanduel,-230,False,0.41454823576751315,0.41454823576751315,0.6606386662199525,0.6606386662199525,20.640933758585803,2075.3450000000003,,"fanduel@0.5,pinnacle@0.5,sgo_fair@0.5",v2,False,1.0982596332481283,0.696969696969697,0.6606386662199525,-0.03633103074974453,-0.05212713107572042,0.0,-195.0,-174.0,pass,2026-10-02T21:36:31+00:00,sgo_slate_alt_20261002T213627Z.json
NYR@DET,Gabe Perreault,NYR,not in DF lineup,-,SOG,over,1.5,draftkings,120,False,1.4822407223139986,1.4817114307200707,0.4309537072784774,0.430782108176573,15.255362995888913,842.9158333333332,,"draftkings@1.5,pinnacle@1.5,sgo_fair@1.5",v1,False,1.1182260686839482,0.45454545454545453,0.4308507478173348,-0.02369470672811974,-0.0521283548018634,0.0001715991019044516,132.0,146.0,pass,2026-10-02T21:36:31+00:00,sgo_slate_alt_20261002T213627Z.json
ANA@VGK,Beckett Sennecke,ANA,f2,PP1,SOG,over,0.5,fanduel,-1500,True,2.260162779118766,2.3373816371937446,0.8838030486777795,0.8916564999368913,17.087583540737576,1430.5,,"draftkings@2.5,fanduel@2.5,sgo_fair@2.5",v2,False,1.1182260686839482,0.9375,0.8885151194332466,-0.04898488056675343,-0.05225053927120371,-0.007853451259111854,-797.0,-633.0,pass,2026-10-02T21:36:31+00:00,sgo_slate_alt_20261002T213627Z.json
BOS@WPG,Neal Pionk,WPG,d2,PP2,SOG,over,3.5,draftkings,600,True,1.9264736148120283,1.907443795290105,0.13735334323693202,0.13405451207508234,21.56093374973941,1843.1675,,"draftkings@1.5,pinnacle@1.5,sgo_fair@2.0",v2,False,1.1182260686839482,0.14285714285714285,0.1353740445398222,-0.007483098317320636,-0.05238168822124445,0.0032988311618496746,639.0,806.0,pass,2026-10-02T21:36:31+00:00,sgo_slate_alt_20261002T213627Z.json
STL@DAL,Miro Heiskanen,DAL,d1,PP1,SOG,over,0.5,draftkings,-1100,True,1.8688868290955494,2.3397194152326795,0.8337804660668932,0.8918854244872217,25.972927915823785,2527.524166666667,,"draftkings@2.5,fanduel@2.5,pinnacle@2.5,sgo_fair@2.5",v2,False,1.1182260686839482,0.9166666666666666,0.8686434411190903,-0.04802322554757632,-0.052388973324628774,-0.05810495842032859,-661.0,-540.0,pass,2026-10-02T21:36:31+00:00,sgo_slate_alt_20261002T213627Z.json
BOS@WPG,Kyle Connor,WPG,f1,PP1,A,over,0.5,draftkings,110,False,0.6167284089952926,0.5891455311223271,0.4602927461877481,0.44519885743308824,19.93354117554885,2516.0816666666665,,"draftkings@0.5,pinnacle@0.5,sgo_fair@0.5",v2,False,1.1032038554164156,0.47619047619047616,0.4512364129349522,-0.02495406325552396,-0.052403532836600375,0.01509388875465989,122.0,135.0,pass,2026-10-02T21:36:31+00:00,sgo_slate_alt_20261002T213627Z.json
WSH@CAR,Dylan Strome,WSH,f2,PP1,PTS,over,0.5,fanduel,-111,False,0.6884559514526267,0.6911997455043737,0.4976488749250369,0.4990253337306194,16.4350786487246,2084.476666666667,,"draftkings@0.5,pinnacle@0.5,sgo_fair@0.5",v2,False,1.0468644783193533,0.5260663507109005,0.4984747502083864,-0.02759160050251408,-0.05244889825252674,-0.0013764588055825144,101.0,111.0,pass,2026-10-02T21:36:31+00:00,sgo_slate_alt_20261002T213627Z.json
NYR@DET,Viktor Arvidsson,DET,f2,PP1,G,under,0.5,fanduel,-300,False,0.3245185979177086,0.35310002623052866,0.722875263550186,0.7025069207435446,13.767299701510195,1459.4783333333332,,"fanduel@0.5,sgo_fair@0.5",v2,False,1.0982596332481283,0.75,0.7106542578662012,-0.03934574213379882,-0.05246098951173184,0.02036834280664146,-246.0,-218.0,pass,2026-10-02T21:36:31+00:00,sgo_slate_alt_20261002T213627Z.json
STL@DAL,Thomas Harley,DAL,d1,PP2,SOG,over,1.5,fanduel,-148,False,1.942122538072857,1.9313483585975935,0.5671134699860214,0.564232562842146,23.654813514126516,2434.6675,,"draftkings@1.5,fanduel@1.5,pinnacle@1.5,sgo_fair@2.5",v2,False,1.1182260686839482,0.5967741935483871,0.5653849256996961,-0.031389267848691005,-0.05259823261132002,0.002880907143875455,-130.0,-118.0,pass,2026-10-02T21:36:31+00:00,sgo_slate_alt_20261002T213627Z.json
WSH@CAR,Nikolaj Ehlers,CAR,f3,PP1,G,over,1.5,fanduel,1900,True,0.3539028016668013,0.33846652267278987,0.04963714608154116,0.045857216109520905,16.96250861269781,1870.6825,,"pinnacle@0.5,sgo_fair@0.5",v2,False,1.0982596332481283,0.05,0.047369188098329004,-0.0026308119016709985,-0.05261623803341986,0.0037799299720202573,2011.0,4370.0,pass,2026-10-02T21:36:31+00:00,sgo_slate_alt_20261002T213627Z.json
NYR@DET,Alexis Lafrenière,NYR,f1,PP1,SOG,over,3.5,fanduel,365,True,2.250055125162716,2.3028007819748226,0.1974601123091476,0.20785161613474182,17.94658220183404,0.0,no NHL data: 85% of positional prior,"draftkings@2.5,fanduel@2.5,pinnacle@2.5,sgo_fair@2.5",v2,False,1.1182260686839482,0.21505376344086022,0.20369501460450412,-0.011358748836356097,-0.052818182089055754,-0.010391503825594228,391.0,460.0,pass,2026-10-02T21:36:31+00:00,sgo_slate_alt_20261002T213627Z.json
WSH@CAR,Logan Stankoven,CAR,f2,PP2,SOG,over,3.5,draftkings,400,True,2.3266691106987305,2.127935341221666,0.21259711423898636,0.17397154048403587,17.072616370327324,1801.0691666666667,,"draftkings@1.5,pinnacle@1.5,sgo_fair@2.5",v2,False,1.1182260686839482,0.2,0.18942176998601606,-0.010578230013983947,-0.052891150069919624,0.03862557375495049,428.0,508.0,pass,2026-10-02T21:36:31+00:00,sgo_slate_alt_20261002T213627Z.json
ANA@VGK,Beckett Sennecke,ANA,f2,PP1,SOG,over,1.5,draftkings,-225,True,2.260162779118766,2.3373816371937446,0.6454239270619972,0.6625177085329206,17.087583540737576,1430.5,,"draftkings@2.5,fanduel@2.5,sgo_fair@2.5",v2,False,1.1182260686839482,0.6923076923076923,0.6556801959445513,-0.036627496363141,-0.052906383635648147,-0.01709378147092333,-190.0,-171.0,pass,2026-10-02T21:36:31+00:00,sgo_slate_alt_20261002T213627Z.json
STL@DAL,Wyatt Johnston,DAL,f1,PP1,A,over,1.5,draftkings,900,True,0.5649142251024722,0.4799194747940625,0.11048882690019514,0.08417666389338603,20.913031427503284,2348.4791666666665,,"draftkings@0.5,pinnacle@0.5,sgo_fair@0.5",v2,False,1.1032038554164156,0.1,0.09470152909610968,-0.005298470903890323,-0.05298470903890318,0.02631216300680911,956.0,1335.0,pass,2026-10-02T21:36:31+00:00,sgo_slate_alt_20261002T213627Z.json
ANA@VGK,Ryan Poehling,ANA,f3,PP2,SOG,over,0.5,draftkings,-425,True,1.4034670179302313,1.5762886913354086,0.74357785179078,0.781920115604024,12.623491757963661,1554.775,,"draftkings@1.5,sgo_fair@1.5",v2,False,1.1182260686839482,0.8095238095238095,0.7665832100787264,-0.042940599445083105,-0.053044269902749686,-0.038342263813244015,-328.0,-287.0,pass,2026-10-02T21:36:31+00:00,sgo_slate_alt_20261002T213627Z.json
STL@DAL,Robert Thomas,STL,f1,PP1,A,over,0.5,draftkings,110,False,0.6154006727555197,0.5890325913851534,0.4595756813768676,0.4451361947993791,18.68804235636643,1845.6466666666668,,"draftkings@0.5,pinnacle@0.5,sgo_fair@0.5",v2,False,1.1032038554164156,0.47619047619047616,0.45091198943037447,-0.025278486760101693,-0.05308482219621358,0.014439486577488503,122.0,135.0,pass,2026-10-02T21:36:31+00:00,sgo_slate_alt_20261002T213627Z.json
NYR@DET,Lucas Raymond,DET,f1,PP1,SOG,over,0.5,fanduel,-2200,True,2.556125798842208,2.450707374197824,0.9110337503774772,0.9021924018763869,18.249403362076805,2197.0216666666665,,"draftkings@2.5,fanduel@2.5,pinnacle@2.5,sgo_fair@2.5",v2,False,1.1182260686839482,0.9565217391304348,0.9057289412768231,-0.05079279785361168,-0.05310156139241218,0.008841348501090307,-961.0,-738.0,pass,2026-10-02T21:36:31+00:00,sgo_slate_alt_20261002T213627Z.json
NYR@DET,Viktor Arvidsson,DET,f2,PP1,SOG,over,2.5,fanduel,-122,False,2.4459570745475725,3.066521556270665,0.43615529542943404,0.5764982267601038,13.767299701510195,1459.4783333333332,,"fanduel@2.5,sgo_fair@3.0",v2,False,1.1182260686839482,0.5495495495495496,0.5203610542278359,-0.029188495321713748,-0.0531134914870528,-0.14034293133066972,-108.0,102.0,data-check,2026-10-02T21:36:31+00:00,sgo_slate_alt_20261002T213627Z.json
NYR@DET,Mika Zibanejad,NYR,f1,PP1,SOG,over,2.5,fanduel,110,False,2.5578884297133944,2.47245746794295,0.46321474868232515,0.4426215405222416,19.315568777005215,2422.4325000000003,,"draftkings@2.5,fanduel@2.5,pinnacle@2.5,sgo_fair@2.5",v2,False,1.1182260686839482,0.47619047619047616,0.450858823786275,-0.025331652404201155,-0.05319647004882244,0.02059320816008353,122.0,135.0,pass,2026-10-02T21:36:31+00:00,sgo_slate_alt_20261002T213627Z.json
BOS@WPG,David Pastrnak,BOS,f1,PP1,SOG,over,1.5,draftkings,-750,True,3.2437906704082855,3.550763789307926,0.814518129018998,0.8493085538851487,19.305080809204785,2352.8866666666668,,"draftkings@3.5,fanduel@3.5,pinnacle@3.5,sgo_fair@3.5",v2,False,1.1182260686839482,0.8823529411764706,0.8353923839386883,-0.04696055723778225,-0.053221964869486604,-0.03479042486615069,-508.0,-427.0,pass,2026-10-02T21:36:31+00:00,sgo_slate_alt_20261002T213627Z.json
BOS@WPG,Alex Iafallo,WPG,f4,-,G,over,1.5,fanduel,7000,False,0.20056486273374177,0.15226921172755295,0.017615694853378203,0.010480676934530994,15.322818754462446,1721.7808333333335,,sgo_fair@0.5,v2,False,1.0982596332481283,0.014084507042253521,0.013334684102069878,-0.0007498229401836434,-0.05323742875303861,0.007135017918847209,7399.0,,pass,2026-10-02T21:36:31+00:00,sgo_slate_alt_20261002T213627Z.json
STL@DAL,Dylan Holloway,STL,f1,PP1,PTS,over,1.5,draftkings,400,True,0.8732837504521325,0.7415906843590072,0.21775778089406408,0.17038355738608507,18.08848697930289,1659.9508333333333,,"draftkings@0.5,pinnacle@0.5,sgo_fair@0.5",v2,False,1.0468644783193533,0.2,0.18933324678927665,-0.010666753210723356,-0.05333376605361673,0.04737422350797901,428.0,509.0,pass,2026-10-02T21:36:31+00:00,sgo_slate_alt_20261002T213627Z.json
ANA@VGK,Rasmus Andersson,VGK,d2,PP2,SOG,over,3.5,draftkings,550,True,1.959410606525185,1.9828023884859605,0.14313286633576378,0.1472896959421801,21.694549594463403,2772.36,,"draftkings@1.5,pinnacle@1.5,sgo_fair@2.5",v2,False,1.1182260686839482,0.15384615384615385,0.14562696409961357,-0.00821918974654029,-0.053424733352511855,-0.004156829606416335,587.0,729.0,pass,2026-10-02T21:36:31+00:00,sgo_slate_alt_20261002T213627Z.json
STL@DAL,Mikko Rantanen,DAL,f1,PP1,SOG,over,1.5,fanduel,-290,True,2.6010531603381617,2.498906549571997,0.7155592759053316,0.6959624703159891,20.640933758585803,2075.3450000000003,,"draftkings@2.5,fanduel@2.5,pinnacle@2.5,sgo_fair@2.5",v2,False,1.1182260686839482,0.7435897435897436,0.7038011925517261,-0.03978855103801748,-0.05350874105112691,0.019596805589342514,-238.0,-211.0,pass,2026-10-02T21:36:31+00:00,sgo_slate_alt_20261002T213627Z.json
NYR@DET,Mika Zibanejad,NYR,f1,PP1,SOG,over,1.5,fanduel,-280,True,2.5578884297133944,2.47245746794295,0.7074209876517578,0.6906952679758682,19.315568777005215,2422.4325000000003,,"draftkings@2.5,fanduel@2.5,pinnacle@2.5,sgo_fair@2.5",v2,False,1.1182260686839482,0.7368421052631579,0.6973855558462241,-0.03945654941693377,-0.05354817420869584,0.01672571967588954,-230.0,-205.0,pass,2026-10-02T21:36:31+00:00,sgo_slate_alt_20261002T213627Z.json
WSH@CAR,Aliaksei Protas,WSH,f3,-,PTS,under,0.5,draftkings,-180,False,0.4854171411382728,0.5046292824781854,0.6154404176950756,0.6037293469938216,16.074257638877974,1948.75,,"draftkings@0.5,sgo_fair@0.5",v2,False,1.0468644783193533,0.6428571428571429,0.6084137752743233,-0.03444336758281963,-0.053578571795497076,0.01171107070125399,-155.0,-140.0,pass,2026-10-02T21:36:31+00:00,sgo_slate_alt_20261002T213627Z.json
BOS@WPG,JJ Peterka,BOS,f1,PP1,SOG,over,0.5,fanduel,-1200,True,2.121374943782613,2.1990445636939557,0.8681558868237634,0.877166242316312,15.938440465588924,1957.9416666666666,,"draftkings@2.5,fanduel@2.5,pinnacle@1.5,sgo_fair@2.5",v2,False,1.1182260686839482,0.9230769230769231,0.8735621001192926,-0.049514822957630544,-0.05364105820409981,-0.009010355492548583,-691.0,-560.0,pass,2026-10-02T21:36:31+00:00,sgo_slate_alt_20261002T213627Z.json
NYR@DET,Alex DeBrincat,DET,f1,PP1,SOG,over,1.5,fanduel,-870,True,3.5365140211988266,3.5490445411392613,0.847843264523729,0.8491324932421727,18.58434807318392,2176.461666666667,,"draftkings@3.5,fanduel@3.5,pinnacle@3.5,sgo_fair@3.5",v2,False,1.1182260686839482,0.8969072164948454,0.8486168017547953,-0.048290414740050136,-0.05384103712396382,-0.0012892287184436135,-561.0,-467.0,pass,2026-10-02T21:36:31+00:00,sgo_slate_alt_20261002T213627Z.json
WSH@CAR,Andrei Svechnikov,CAR,f1,PP1,SOG,over,3.5,draftkings,245,True,2.7214560494943885,2.564927349916448,0.29382808466352833,0.2611437991924373,17.174841336373092,1912.6491666666668,,"draftkings@2.5,fanduel@2.5,pinnacle@2.5,sgo_fair@2.5",v2,False,1.1182260686839482,0.2898550724637681,0.27421751338087375,-0.01563755908289438,-0.0539495788359855,0.032684285471091035,265.0,301.0,pass,2026-10-02T21:36:31+00:00,sgo_slate_alt_20261002T213627Z.json
ANA@VGK,Jack Eichel,VGK,f1,PP1,A,over,2.5,fanduel,1300,True,0.9080834564009849,0.9412791226056558,0.06419452292814956,0.06982353107324928,20.597276930957293,2298.3541666666665,,"draftkings@0.5,pinnacle@0.5,sgo_fair@1.0",v2,False,1.1032038554164156,0.07142857142857142,0.06757192781520939,-0.0038566436133620347,-0.05399301058706851,-0.005629008145099715,1380.0,2249.0,pass,2026-10-02T21:36:31+00:00,sgo_slate_alt_20261002T213627Z.json
BOS@WPG,Fraser Minten,BOS,f3,PP2,SOG,over,1.5,fanduel,106,False,1.631489248220139,1.5310106103205812,0.47803685150959935,0.44662810537898645,15.046893153269307,1413.0508333333335,,"draftkings@1.5,fanduel@1.5,pinnacle@1.5,sgo_fair@1.5",v2,False,1.1182260686839482,0.4854368932038835,0.4591916038312316,-0.026245289372651914,-0.054065296107662864,0.0314087461306129,118.0,130.0,pass,2026-10-02T21:36:31+00:00,sgo_slate_alt_20261002T213627Z.json
ANA@VGK,Mitch Marner,VGK,f2,PP1,A,over,0.5,draftkings,-120,False,0.759844480574536,0.7030583747674705,0.5322608361202017,0.5049311200933211,20.54836472665646,2414.8641666666667,,"draftkings@0.5,sgo_fair@0.5",v2,False,1.1032038554164156,0.5454545454545454,0.5158630065040734,-0.029591538950472063,-0.05425115474253206,0.027329716026880613,-107.0,104.0,pass,2026-10-02T21:36:31+00:00,sgo_slate_alt_20261002T213627Z.json
NYR@DET,Lucas Raymond,DET,f1,PP1,PTS,over,1.5,fanduel,290,True,0.8686822045523243,0.9886841883445611,0.21608032995138818,0.2600783525338562,18.249403362076805,2197.0216666666665,,"draftkings@0.5,pinnacle@0.5,sgo_fair@1.0",v2,False,1.0468644783193533,0.2564102564102564,0.242479143500869,-0.013931112909387394,-0.05433134034661091,-0.043998022582468016,312.0,360.0,pass,2026-10-02T21:36:31+00:00,sgo_slate_alt_20261002T213627Z.json
NYR@DET,Alex DeBrincat,DET,f1,PP1,PTS,under,0.5,draftkings,160,False,0.9568129527278108,1.04950519773663,0.38411513034363476,0.350110941946024,18.58434807318392,2176.461666666667,,"draftkings@0.5,pinnacle@0.5,sgo_fair@1.5",v2,False,1.0468644783193533,0.38461538461538464,0.3637126173050683,-0.020902767310316317,-0.05434719500682239,0.03400418839761077,175.0,195.0,pass,2026-10-02T21:36:31+00:00,sgo_slate_alt_20261002T213627Z.json
ANA@VGK,Tristan Luneau,ANA,d1,PP2,A,over,0.5,draftkings,310,False,0.26306942869303557,0.2615703452059322,0.2313114735812946,0.23015828115471185,17.915699330085324,56.31666666666667,,"draftkings@0.5,sgo_fair@0.5",v2,False,1.1032038554164156,0.24390243902439024,0.23061955812534496,-0.01328288089904528,-0.05445981168608571,0.0011531924265827664,334.0,386.0,pass,2026-10-02T21:36:31+00:00,sgo_slate_alt_20261002T213627Z.json
ANA@VGK,Mikael Granlund,ANA,f2,PP1,PTS,over,0.5,draftkings,-120,False,0.7525659194548403,0.7069679840281606,0.5288439480984967,0.5068628673218871,18.703895528300663,1838.5333333333333,,"draftkings@0.5,pinnacle@0.5,sgo_fair@0.5",v2,False,1.0468644783193533,0.5454545454545454,0.515655299632531,-0.02979924582201443,-0.054631950673693086,0.02198108077660954,-106.0,104.0,pass,2026-10-02T21:36:31+00:00,sgo_slate_alt_20261002T213627Z.json
ANA@VGK,Cutter Gauthier,ANA,f1,PP1,SOG,over,1.5,draftkings,-600,True,2.922382978028437,3.4358790498812657,0.7699461905769955,0.8370955939244139,16.623295864485087,1833.5541666666666,,"draftkings@3.5,fanduel@3.5,pinnacle@3.5,sgo_fair@3.5",v2,False,1.1182260686839482,0.8571428571428571,0.8102358325854465,-0.04690702455741058,-0.05472486198364568,-0.06714940334741837,-427.0,-366.0,pass,2026-10-02T21:36:31+00:00,sgo_slate_alt_20261002T213627Z.json
STL@DAL,Connor McMichael,STL,f2,PP2,SOG,over,1.5,fanduel,-115,False,1.7019069017370905,1.737424902972517,0.4993106488237278,0.5098039215686289,16.28334807004509,1938.9183333333335,,sgo_fair@1.5,v2,False,1.1182260686839482,0.5348837209302325,0.5056066124706684,-0.029277108459564105,-0.054735463641793936,-0.010493272744901083,-102.0,108.0,pass,2026-10-02T21:36:31+00:00,sgo_slate_alt_20261002T213627Z.json
STL@DAL,Sam Steel,DAL,f3,-,A,over,0.5,draftkings,265,False,0.29247540360076163,0.30454836191607865,0.2535863961029017,0.26254363743053727,15.181451981796517,1675.2208333333333,,"draftkings@0.5,sgo_fair@0.5",v2,False,1.1032038554164156,0.273972602739726,0.25896074089948307,-0.015011861840242946,-0.05479329571688685,-0.00895724132763559,286.0,327.0,pass,2026-10-02T21:36:31+00:00,sgo_slate_alt_20261002T213627Z.json
WSH@CAR,Andrei Svechnikov,CAR,f1,PP1,SOG,over,1.5,fanduel,-320,True,2.7214560494943885,2.564927349916448,0.7371876743920762,0.7087622526265155,17.174841336373092,1912.6491666666668,,"draftkings@2.5,fanduel@2.5,pinnacle@2.5,sgo_fair@2.5",v2,False,1.1182260686839482,0.7619047619047619,0.7201324213327398,-0.04177234057202206,-0.054826197000779064,0.028425421765560732,-257.0,-228.0,pass,2026-10-02T21:36:31+00:00,sgo_slate_alt_20261002T213627Z.json
NYR@DET,J.T. Miller,NYR,f2,PP1,SOG,over,0.5,fanduel,-1100,True,2.0405303472808645,2.1530253982401297,0.8580403826488274,0.8719082643329702,17.08771264101801,1991.3375,,"draftkings@1.5,fanduel@1.5,pinnacle@2.5,sgo_fair@2.0",v2,False,1.1182260686839482,0.9166666666666666,0.8663611116593131,-0.050305555007353564,-0.054878787280749464,-0.013867881684142769,-648.0,-530.0,pass,2026-10-02T21:36:31+00:00,sgo_slate_alt_20261002T213627Z.json
WSH@CAR,Ryan Leonard,WSH,f2,PP2,SOG,over,0.5,fanduel,-1000,True,1.8718031201636651,2.187282496495688,0.8342269783017714,0.8758441796380724,14.79877049597388,1138.4366666666667,,sgo_fair@2.0,v2,False,1.1182260686839482,0.9090909090909091,0.8591972991035519,-0.049893609987357146,-0.05488297098609285,-0.04161720133630098,-610.0,-503.0,pass,2026-10-02T21:36:31+00:00,sgo_slate_alt_20261002T213627Z.json
STL@DAL,Arttu Hyry,DAL,f3,-,PTS,under,0.5,draftkings,-425,False,0.26187325574636716,0.27199280561397204,0.7696085609889523,0.7618597421832054,12.696507644861544,255.95416666666668,,"draftkings@0.5,sgo_fair@0.5",v2,False,1.0468644783193533,0.8095238095238095,0.7649592697055041,-0.04456453981830544,-0.05505031389320081,0.007748818805746849,-325.0,-285.0,pass,2026-10-02T21:36:31+00:00,sgo_slate_alt_20261002T213627Z.json
WSH@CAR,Jalen Chatfield,CAR,d1,-,A,under,0.5,draftkings,-575,False,0.22048535334265135,0.21489371687897654,0.8021293872898771,0.8066271664743722,21.829586361050403,2140.3241666666668,,"draftkings@0.5,sgo_fair@0.5",v2,False,1.1032038554164156,0.8518518518518519,0.8048280548005742,-0.04702379705127768,-0.05520184871236955,-0.00449777918449501,-412.0,-354.0,pass,2026-10-02T21:36:31+00:00,sgo_slate_alt_20261002T213627Z.json
STL@DAL,Jonatan Berggren,STL,f3,-,A,under,0.5,draftkings,-450,False,0.2514056369872494,0.2615703452059322,0.7777068409079234,0.7698417188452882,14.33756505235743,1142.8941666666665,,"draftkings@0.5,sgo_fair@0.5",v2,False,1.1032038554164156,0.8181818181818182,0.7729877676703423,-0.04519405051147596,-0.055237172847359406,0.007865122062635233,-341.0,-297.0,pass,2026-10-02T21:36:31+00:00,sgo_slate_alt_20261002T213627Z.json
BOS@WPG,Pavel Zacha,BOS,f2,PP1,PTS,over,1.5,fanduel,500,True,0.7250059123495854,0.691077596731082,0.1645421945890468,0.15270947616457844,16.867313130617127,2032.8025,,"draftkings@0.5,pinnacle@0.5,sgo_fair@0.5",v2,False,1.0468644783193533,0.16666666666666666,0.15744256353436578,-0.009224103132300876,-0.05534461879380537,0.011832718424468341,535.0,655.0,pass,2026-10-02T21:36:31+00:00,sgo_slate_alt_20261002T213627Z.json
WSH@CAR,Tom Wilson,WSH,f1,PP1,PTS,over,0.5,fanduel,102,False,0.6425729870926619,0.6224302743947189,0.47406254864692854,0.46336132767116833,18.257601622938086,2083.9066666666668,,"draftkings@0.5,pinnacle@0.5,sgo_fair@0.5",v2,False,1.0468644783193533,0.49504950495049505,0.4676418160614724,-0.02740768888902262,-0.05536353155582574,0.010701220975760206,114.0,126.0,pass,2026-10-02T21:36:31+00:00,sgo_slate_alt_20261002T213627Z.json
ANA@VGK,Pavel Mintyukov,ANA,d2,PP2,A,under,0.5,draftkings,-450,False,0.25789904778264133,0.2574732738743339,0.7726732312457567,0.7730022853936331,18.42831509091468,1883.52,,"draftkings@0.5,sgo_fair@0.5",v2,False,1.1032038554164156,0.8181818181818182,0.7728706637344827,-0.04531115444733558,-0.055380299880076644,-0.0003290541478764286,-340.0,-297.0,pass,2026-10-02T21:36:31+00:00,sgo_slate_alt_20261002T213627Z.json
NYR@DET,Mika Zibanejad,NYR,f1,PP1,PTS,over,0.5,fanduel,-178,False,0.87699389603289,0.9635643745260214,0.5839683317564781,0.6184694582789199,19.315568777005215,2422.4325000000003,,"draftkings@0.5,pinnacle@0.5,sgo_fair@1.0",v2,False,1.0468644783193533,0.6402877697841727,0.6046690076699431,-0.03561876211422954,-0.055629302627841604,-0.03450112652244175,-153.0,-138.0,pass,2026-10-02T21:36:31+00:00,sgo_slate_alt_20261002T213627Z.json
ANA@VGK,Jack Eichel,VGK,f1,PP1,PTS,under,1.5,draftkings,-200,False,1.2960626042636803,1.2897849577784992,0.6282187409711524,0.6304464564654861,20.597276930957293,2298.3541666666665,,"draftkings@1.5,pinnacle@1.5,sgo_fair@1.5",v2,False,1.0468644783193533,0.6666666666666666,0.6295553702677527,-0.03711129639891397,-0.05566694459837107,-0.0022277154943337596,-170.0,-153.0,pass,2026-10-02T21:36:31+00:00,sgo_slate_alt_20261002T213627Z.json
ANA@VGK,Jack Eichel,VGK,f1,PP1,SOG,over,2.5,draftkings,-200,True,3.4094308224759353,3.28994845954436,0.642754372391281,0.6206292436731948,20.597276930957293,2298.3541666666665,,"draftkings@3.5,fanduel@3.5,pinnacle@2.5,sgo_fair@3.5",v2,False,1.1182260686839482,0.6666666666666666,0.6294792951604293,-0.0371873715062373,-0.055781057259356004,0.02212512871808614,-170.0,-153.0,pass,2026-10-02T21:36:31+00:00,sgo_slate_alt_20261002T213627Z.json
WSH@CAR,Jordan Kyrou,WSH,f3,PP2,G,under,0.5,fanduel,-500,False,0.2316693180521986,0.24545932853495947,0.7932083796345671,0.7823451022689304,14.636186494925454,1777.7216666666668,,"fanduel@0.5,sgo_fair@0.5",v2,False,1.0982596332481283,0.8333333333333334,0.7866904132151851,-0.0466429201181483,-0.055971504141777983,0.010863277365636748,-369.0,-320.0,pass,2026-10-02T21:36:31+00:00,sgo_slate_alt_20261002T213627Z.json
STL@DAL,Esa Lindell,DAL,d2,PP2,PTS,over,0.5,draftkings,185,False,0.4118933768838307,0.3957971259173965,0.3376051011047035,0.32685675459588376,22.882993427939844,2703.7525,,"draftkings@0.5,sgo_fair@0.5",v2,False,1.0468644783193533,0.3508771929824561,0.33115609319941164,-0.019721099783044482,-0.05620513438167685,0.010748346508819728,202.0,227.0,pass,2026-10-02T21:36:31+00:00,sgo_slate_alt_20261002T213627Z.json
BOS@WPG,Neal Pionk,WPG,d2,PP2,A,over,0.5,draftkings,240,False,0.3240338210459341,0.32580706334571,0.27677421828618193,0.27805553645507036,21.56093374973941,1843.1675,,"draftkings@0.5,pinnacle@0.5,sgo_fair@0.5",v2,False,1.1032038554164156,0.29411764705882354,0.27754300918751496,-0.016574637871308584,-0.05635376876244913,-0.0012813181688884345,260.0,296.0,pass,2026-10-02T21:36:31+00:00,sgo_slate_alt_20261002T213627Z.json
NYR@DET,Viktor Arvidsson,DET,f2,PP1,SOG,over,3.5,draftkings,200,True,2.4459570745475725,3.066521556270665,0.23666577486290288,0.36643025185890993,13.767299701510195,1459.4783333333332,,"fanduel@2.5,sgo_fair@3.0",v2,False,1.1182260686839482,0.3333333333333333,0.31452446106050713,-0.018808872272826183,-0.0564266168184786,-0.12976447699600704,218.0,245.0,data-check,2026-10-02T21:36:31+00:00,sgo_slate_alt_20261002T213627Z.json
BOS@WPG,James Hagens,BOS,f3,PP2,A,under,0.5,draftkings,-450,False,0.2586421249493834,0.25930085491994337,0.7720992886784829,0.7715908512166647,13.841666666666665,42.55,,"draftkings@0.5,sgo_fair@0.5",v1,False,1.1032038554164156,0.8181818181818182,0.7717942262013919,-0.0463875919804263,-0.05669594575385428,0.0005084374618181675,-338.0,-295.0,pass,2026-10-02T21:36:31+00:00,sgo_slate_alt_20261002T213627Z.json
STL@DAL,Mason McTavish,STL,f2,PP1,SOG,over,1.5,fanduel,-154,False,1.9241016767801815,1.9843384943384519,0.5622863820944473,0.5782562347732332,13.933970658700481,1726.1308333333334,,"fanduel@1.5,sgo_fair@1.5",v2,False,1.1182260686839482,0.6062992125984252,0.5718682937017188,-0.034430918896706464,-0.056788658440022344,-0.015969852678785923,-134.0,-121.0,pass,2026-10-02T21:36:31+00:00,sgo_slate_alt_20261002T213627Z.json
WSH@CAR,Jackson Blake,CAR,f2,PP1,SOG,over,1.5,fanduel,-260,True,2.455398771532545,2.406356071387941,0.6872552392020101,0.6771760282029868,17.175685133360474,1856.5166666666667,,"draftkings@2.5,fanduel@2.5,pinnacle@2.5,sgo_fair@2.5",v2,False,1.1182260686839482,0.7222222222222222,0.6812077126025962,-0.04101450961962605,-0.056789321011789906,0.010079210999023314,-214.0,-191.0,pass,2026-10-02T21:36:31+00:00,sgo_slate_alt_20261002T213627Z.json
WSH@CAR,Sebastian Aho,CAR,f1,PP1,PTS,over,0.5,fanduel,-210,False,1.028454817885592,1.0119871535496263,0.6424409722483361,0.6365040608324934,19.607974986022285,2284.8791666666666,,"draftkings@0.5,pinnacle@0.5,sgo_fair@1.0",v2,False,1.0468644783193533,0.6774193548387096,0.6388788253988305,-0.03854052943987918,-0.05689316250648835,0.005936911415842627,-177.0,-159.0,pass,2026-10-02T21:36:31+00:00,sgo_slate_alt_20261002T213627Z.json
NYR@DET,Andrew Copp,DET,f1,PP1,A,over,0.5,draftkings,155,False,0.4662127181808462,0.45884796321690596,0.37262618396454983,0.3679886734356931,17.350846748956222,1679.7833333333333,,"draftkings@0.5,pinnacle@0.5,sgo_fair@0.5",v2,False,1.1032038554164156,0.39215686274509803,0.3698436776472358,-0.02231318509786223,-0.05689862199954876,0.0046375105288567475,170.0,190.0,pass,2026-10-02T21:36:31+00:00,sgo_slate_alt_20261002T213627Z.json
STL@DAL,Jimmy Snuggerud,STL,f1,PP1,SOG,over,2.5,draftkings,115,False,2.5139109943810083,2.417232982071554,0.45266322859825536,0.42910675602318066,17.487775105522008,1217.4199999999998,,"draftkings@2.5,fanduel@2.5,sgo_fair@2.5",v2,False,1.1182260686839482,0.46511627906976744,0.43852934505321056,-0.026586934016556873,-0.057161908135597295,0.023556472575074705,128.0,142.0,pass,2026-10-02T21:36:31+00:00,sgo_slate_alt_20261002T213627Z.json
BOS@WPG,Elias Lindholm,BOS,f1,PP2,PTS,under,0.5,draftkings,-165,False,0.554893507889071,0.5181676044763479,0.5741333986186254,0.5956109434738346,17.864457827843644,1916.9391666666668,,"draftkings@0.5,pinnacle@0.5,sgo_fair@0.5",v2,False,1.0468644783193533,0.6226415094339622,0.587019925531751,-0.03562158390221126,-0.05721042263082421,-0.02147754485520914,-142.0,-128.0,pass,2026-10-02T21:36:31+00:00,sgo_slate_alt_20261002T213627Z.json
ANA@VGK,Mitch Marner,VGK,f2,PP1,SOG,under,2.5,draftkings,-145,False,2.583127338622359,2.396786259523875,0.5307785853240685,0.5759349836948295,20.54836472665646,2414.8641666666667,,"draftkings@2.5,fanduel@2.5,sgo_fair@2.5",v2,False,1.1182260686839482,0.5918367346938775,0.5578724243465252,-0.03396431034735237,-0.057387972655871256,-0.04515639837076102,-126.0,-114.0,pass,2026-10-02T21:36:31+00:00,sgo_slate_alt_20261002T213627Z.json
ANA@VGK,Alex Killorn,ANA,f2,PP2,G,over,1.5,draftkings,4000,False,0.22554780212432912,0.23527130344033034,0.021916146333633764,0.023695426840661237,18.20901908970822,2007.285,,sgo_fair@0.5,v2,False,1.0982596332481283,0.024390243902439025,0.022983714637850247,-0.001406529264588778,-0.05766769984813991,-0.0017792805070274732,4251.0,,pass,2026-10-02T21:36:31+00:00,sgo_slate_alt_20261002T213627Z.json
WSH@CAR,Alex Ovechkin,WSH,f2,PP1,PTS,under,0.5,draftkings,-115,False,0.7351128724232218,0.6531593766573446,0.47945133908617055,0.5203990402201097,16.67895270691558,1949.2041666666667,,"draftkings@0.5,pinnacle@0.5,sgo_fair@0.5",v2,False,1.0468644783193533,0.5348837209302325,0.504019959766534,-0.03086376116369849,-0.05770181434952337,-0.040947701133939196,-102.0,109.0,pass,2026-10-02T21:36:31+00:00,sgo_slate_alt_20261002T213627Z.json
NYR@DET,Viktor Arvidsson,DET,f2,PP1,SOG,over,4.5,fanduel,460,True,2.4459570745475725,3.066521556270665,0.11194029665282859,0.20580938298571153,13.767299701510195,1459.4783333333332,,"fanduel@2.5,sgo_fair@3.0",v2,False,1.1182260686839482,0.17857142857142858,0.16826174845255834,-0.010309680118870235,-0.05773420866567336,-0.09386908633288293,494.0,598.0,pass,2026-10-02T21:36:31+00:00,sgo_slate_alt_20261002T213627Z.json
WSH@CAR,Jackson Blake,CAR,f2,PP1,SOG,over,3.5,fanduel,305,True,2.455398771532545,2.406356071387941,0.23859307225402368,0.22861542476268593,17.175685133360474,1856.5166666666667,,"draftkings@2.5,fanduel@2.5,pinnacle@2.5,sgo_fair@2.5",v2,False,1.1182260686839482,0.24691358024691357,0.23260648375922105,-0.014307096487692517,-0.05794374077515474,0.009977647491337754,330.0,382.0,pass,2026-10-02T21:36:31+00:00,sgo_slate_alt_20261002T213627Z.json
STL@DAL,Jason Robertson,DAL,f2,PP1,SOG,over,3.5,fanduel,100,False,3.681544311815819,3.511385545036372,0.49104290776377796,0.4576622337692051,20.375929813628595,2317.33,,"draftkings@3.5,fanduel@3.5,pinnacle@3.5,sgo_fair@3.5",v2,False,1.1182260686839482,0.5,0.4710145033670342,-0.02898549663296579,-0.05797099326593158,0.03338067399457284,112.0,124.0,pass,2026-10-02T21:36:31+00:00,sgo_slate_alt_20261002T213627Z.json
STL@DAL,Jason Robertson,DAL,f2,PP1,SOG,over,3.5,draftkings,100,False,3.681544311815819,3.511385545036372,0.49104290776377796,0.4576622337692051,20.375929813628595,2317.33,,"draftkings@3.5,fanduel@3.5,pinnacle@3.5,sgo_fair@3.5",v2,False,1.1182260686839482,0.5,0.4710145033670342,-0.02898549663296579,-0.05797099326593158,0.03338067399457284,112.0,124.0,pass,2026-10-02T21:36:31+00:00,sgo_slate_alt_20261002T213627Z.json
STL@DAL,Mason McTavish,STL,f2,PP1,SOG,under,1.5,fanduel,120,False,1.9241016767801815,1.9843384943384519,0.43771361790555274,0.4217437652267668,13.933970658700481,1726.1308333333334,,"fanduel@1.5,sgo_fair@1.5",v2,False,1.1182260686839482,0.45454545454545453,0.42813170629828123,-0.026413748247173297,-0.05811024614378124,0.015969852678785923,134.0,148.0,pass,2026-10-02T21:36:31+00:00,sgo_slate_alt_20261002T213627Z.json
ANA@VGK,Leo Carlsson,ANA,f1,PP1,SOG,over,3.5,fanduel,275,True,2.6147602429764167,2.4504871633866157,0.27150251734956027,0.2375901180329608,17.96890196451367,1895.936666666667,,"draftkings@2.5,fanduel@2.5,pinnacle@2.5,sgo_fair@2.5",v2,False,1.1182260686839482,0.26666666666666666,0.25115507775960055,-0.01551158890706611,-0.05816845840149787,0.03391239931659948,298.0,342.0,pass,2026-10-02T21:36:31+00:00,sgo_slate_alt_20261002T213627Z.json
WSH@CAR,Ryan Leonard,WSH,f2,PP2,SOG,over,2.5,fanduel,178,True,1.8718031201636651,2.187282496495688,0.2898857666600186,0.3713854283412125,14.79877049597388,1138.4366666666667,,sgo_fair@2.0,v2,False,1.1182260686839482,0.3597122302158273,0.3387855636687349,-0.02092666654709241,-0.05817613300091684,-0.08149966168119394,195.0,219.0,pass,2026-10-02T21:36:31+00:00,sgo_slate_alt_20261002T213627Z.json
BOS@WPG,Dylan DeMelo,WPG,d1,-,A,under,0.5,draftkings,-800,False,0.17141930903567568,0.1820241960932395,0.842468244852519,0.8335811707639924,21.303773426572707,2554.0425,,"draftkings@0.5,sgo_fair@0.5",v2,False,1.1032038554164156,0.8888888888888888,0.8371360003994031,-0.05175288848948578,-0.05822199955067153,0.008887074088526625,-514.0,-432.0,pass,2026-10-02T21:36:31+00:00,sgo_slate_alt_20261002T213627Z.json
ANA@VGK,Shea Theodore,VGK,d1,PP1,PTS,over,1.5,fanduel,350,True,0.725422041870741,0.9313441592765604,0.16468832421022325,0.2390045827801381,24.38074349382845,2282.9841666666666,,"draftkings@0.5,pinnacle@0.5,sgo_fair@1.0",v2,False,1.0468644783193533,0.2222222222222222,0.20927807935217213,-0.01294414287005008,-0.05824864291522536,-0.07431625856991483,378.0,443.0,pass,2026-10-02T21:36:31+00:00,sgo_slate_alt_20261002T213627Z.json
BOS@WPG,James Hagens,BOS,f3,PP2,PTS,under,0.5,draftkings,-240,False,0.397640424151678,0.41565288683745133,0.6719035845317975,0.6599092939355755,13.841666666666665,42.55,,"draftkings@0.5,sgo_fair@0.5",v1,False,1.0468644783193533,0.7058823529411765,0.6647070101740644,-0.0411753427671121,-0.058331735586741984,0.011994290596222035,-198.0,-178.0,pass,2026-10-02T21:36:31+00:00,sgo_slate_alt_20261002T213627Z.json
WSH@CAR,Shayne Gostisbehere,CAR,d3,PP1,SOG,over,2.5,fanduel,205,True,2.0891866192908224,1.8477533987914245,0.3462148927435907,0.2836461768491764,16.932991501259885,1660.3433333333335,,"draftkings@1.5,pinnacle@1.5,sgo_fair@1.5",v2,False,1.1182260686839482,0.32786885245901637,0.3086736632069421,-0.019195189252074252,-0.05854532721882655,0.06256871589441426,224.0,253.0,pass,2026-10-02T21:36:31+00:00,sgo_slate_alt_20261002T213627Z.json
NYR@DET,Mika Zibanejad,NYR,f1,PP1,SOG,under,2.5,draftkings,-140,False,2.5578884297133944,2.47245746794295,0.5367852513176748,0.5573784594777584,19.315568777005215,2422.4325000000003,,"draftkings@2.5,fanduel@2.5,pinnacle@2.5,sgo_fair@2.5",v2,False,1.1182260686839482,0.5833333333333334,0.549141176213725,-0.034192157119608324,-0.05861512649075695,-0.020593208160083587,-122.0,-110.0,pass,2026-10-02T21:36:31+00:00,sgo_slate_alt_20261002T213627Z.json
BOS@WPG,Neal Pionk,WPG,d2,PP2,A,under,0.5,draftkings,-330,False,0.3240338210459341,0.32580706334571,0.7232257817138181,0.7219444635449297,21.56093374973941,1843.1675,,"draftkings@0.5,pinnacle@0.5,sgo_fair@0.5",v2,False,1.1032038554164156,0.7674418604651163,0.722456990812485,-0.044984869652631265,-0.058616648335246824,0.0012813181688884345,-260.0,-231.0,pass,2026-10-02T21:36:31+00:00,sgo_slate_alt_20261002T213627Z.json
BOS@WPG,Fraser Minten,BOS,f3,PP2,SOG,over,1.5,draftkings,105,False,1.631489248220139,1.5310106103205812,0.47803685150959935,0.44662810537898645,15.046893153269307,1413.0508333333335,,"draftkings@1.5,fanduel@1.5,pinnacle@1.5,sgo_fair@1.5",v2,False,1.1182260686839482,0.4878048780487805,0.4591916038312316,-0.02861327421754889,-0.0586572121459753,0.0314087461306129,118.0,130.0,pass,2026-10-02T21:36:31+00:00,sgo_slate_alt_20261002T213627Z.json
BOS@WPG,Josh Morrissey,WPG,d1,PP1,A,under,0.5,draftkings,-145,False,0.5862421406182688,0.5842540117161599,0.5564142875976723,0.5575216113107915,23.689330519334643,2781.5350000000003,,"draftkings@0.5,pinnacle@0.5,sgo_fair@0.5",v2,False,1.1032038554164156,0.5918367346938775,0.5570786818255438,-0.03475805286833378,-0.05872912381201223,-0.0011073237131191682,-126.0,-114.0,pass,2026-10-02T21:36:31+00:00,sgo_slate_alt_20261002T213627Z.json
WSH@CAR,Jakob Chychrun,WSH,d1,PP1,SOG,over,0.5,fanduel,-1050,True,1.9438461414714083,2.1294097511647485,0.8448686042858935,0.8691192184681825,21.891377326993766,2568.704166666667,,"draftkings@1.5,fanduel@1.5,pinnacle@1.5,sgo_fair@2.0",v2,False,1.1182260686839482,0.9130434782608695,0.8594189727952669,-0.0536245054656026,-0.05873160122423138,-0.02425061418228902,-611.0,-504.0,pass,2026-10-02T21:36:31+00:00,sgo_slate_alt_20261002T213627Z.json
ANA@VGK,Tristan Luneau,ANA,d1,PP2,PTS,over,0.5,draftkings,220,False,0.3483350237358474,0.3483350237358474,0.29413764404683956,0.29413764404683956,17.915699330085324,56.31666666666667,,"draftkings@0.5,sgo_fair@0.5",v2,False,1.0468644783193533,0.3125,0.29413764404683956,-0.018362355953160436,-0.05875953905011333,0.0,240.0,272.0,pass,2026-10-02T21:36:31+00:00,sgo_slate_alt_20261002T213627Z.json
STL@DAL,Pavel Buchnevich,STL,f2,PP2,G,under,0.5,fanduel,-490,False,0.24220184443414666,0.24906471932920501,0.784897734322878,0.7795295211243971,16.403434835413165,2103.6908333333336,,"fanduel@0.5,sgo_fair@0.5",v2,False,1.0982596332481283,0.8305084745762712,0.7816768064037894,-0.048831668172481746,-0.058797314738294304,0.005368213198480909,-358.0,-311.0,pass,2026-10-02T21:36:31+00:00,sgo_slate_alt_20261002T213627Z.json
STL@DAL,Roope Hintz,DAL,f2,PP1,SOG,over,3.5,draftkings,330,True,2.437534293461486,2.3042341173452443,0.23494897187525124,0.20813585966456646,16.249302644351516,1496.78,,"draftkings@2.5,fanduel@2.5,pinnacle@2.5,sgo_fair@2.5",v2,False,1.1182260686839482,0.23255813953488372,0.2188611045488404,-0.013697034986043327,-0.05889725043998639,0.026813112210684775,357.0,416.0,pass,2026-10-02T21:36:31+00:00,sgo_slate_alt_20261002T213627Z.json
STL@DAL,Mason McTavish,STL,f2,PP1,G,under,0.5,fanduel,-440,False,0.25683617847800466,0.27150162318441634,0.773494918501489,0.7622340462206094,13.933970658700481,1726.1308333333334,,"fanduel@0.5,sgo_fair@0.5",v2,False,1.0982596332481283,0.8148148148148148,0.7667383951329612,-0.04807641968185361,-0.05900287870045673,0.011260872280879575,-329.0,-287.0,pass,2026-10-02T21:36:31+00:00,sgo_slate_alt_20261002T213627Z.json
NYR@DET,Lucas Raymond,DET,f1,PP1,G,over,0.5,fanduel,230,False,0.3392419755948102,0.33331788732627776,0.28768993341819743,0.2834576217930569,18.249403362076805,2197.0216666666665,,"fanduel@0.5,pinnacle@0.5,sgo_fair@0.5",v2,False,1.0982596332481283,0.30303030303030304,0.2851505464431131,-0.017879756587189932,-0.059003196737726804,0.004232311625140539,251.0,284.0,pass,2026-10-02T21:36:31+00:00,sgo_slate_alt_20261002T213627Z.json
ANA@VGK,Brayden McNabb,VGK,d1,-,A,under,0.5,draftkings,-575,False,0.22679836782074064,0.21748091678845097,0.7970814833648794,0.8045429580368025,20.84672019918944,2053.8791666666666,,"draftkings@0.5,sgo_fair@0.5",v2,False,1.1032038554164156,0.8518518518518519,0.8015583681680333,-0.050293483683818585,-0.05904017649839577,-0.007461474671923152,-404.0,-348.0,pass,2026-10-02T21:36:31+00:00,sgo_slate_alt_20261002T213627Z.json
BOS@WPG,Fraser Minten,BOS,f3,PP2,A,under,0.5,draftkings,-450,False,0.2559948190355999,0.2653379239027044,0.7741459796046192,0.7669467365467353,15.046893153269307,1413.0508333333335,,"draftkings@0.5,sgo_fair@0.5",v2,False,1.1032038554164156,0.8181818181818182,0.7698264337698888,-0.048355384411929436,-0.059101025392358064,0.007199243057883886,-334.0,-292.0,pass,2026-10-02T21:36:31+00:00,sgo_slate_alt_20261002T213627Z.json
NYR@DET,J.T. Miller,NYR,f2,PP1,SOG,over,2.5,fanduel,168,True,2.0405303472808645,2.1530253982401297,0.33365044697774876,0.3626239286072806,17.08771264101801,1991.3375,,"draftkings@1.5,fanduel@1.5,pinnacle@2.5,sgo_fair@2.0",v2,False,1.1182260686839482,0.373134328358209,0.35103453595546785,-0.022099792402741125,-0.05922744363934629,-0.02897348162953184,185.0,207.0,pass,2026-10-02T21:36:31+00:00,sgo_slate_alt_20261002T213627Z.json
ANA@VGK,Travis Mitchell,ANA,d2,-,PTS,over,0.5,draftkings,380,False,0.22361420770930804,0.21449380973488366,0.20037643652300127,0.19305019305031967,15.768518518518519,103.83333333333333,,sgo_fair@0.5,v1,False,1.0468644783193533,0.20833333333333334,0.1959806904393923,-0.01235264289394103,-0.05929268589091696,0.007326243472681598,410.0,485.0,pass,2026-10-02T21:36:31+00:00,sgo_slate_alt_20261002T213627Z.json
ANA@VGK,Shea Theodore,VGK,d1,PP1,SOG,over,2.5,fanduel,185,True,1.955428718483615,2.0741568946032145,0.31159543940015705,0.34233843214121884,24.38074349382845,2282.9841666666666,,"draftkings@1.5,fanduel@1.5,pinnacle@1.5,sgo_fair@2.0",v2,False,1.1182260686839482,0.3508771929824561,0.3300412350447941,-0.02083595793766202,-0.05938248012233682,-0.030742992741061792,203.0,228.0,pass,2026-10-02T21:36:31+00:00,sgo_slate_alt_20261002T213627Z.json
ANA@VGK,Beckett Sennecke,ANA,f2,PP1,SOG,under,2.5,draftkings,-175,False,2.260162779118766,2.3373816371937446,0.6100978925709771,0.5906921843161487,17.087583540737576,1430.5,,"draftkings@2.5,fanduel@2.5,sgo_fair@2.5",v2,False,1.1182260686839482,0.6363636363636364,0.5984544676180801,-0.037909168745556276,-0.05957155088587418,0.019405708254828458,-149.0,-134.0,pass,2026-10-02T21:36:31+00:00,sgo_slate_alt_20261002T213627Z.json
NYR@DET,Viktor Arvidsson,DET,f2,PP1,A,over,0.5,fanduel,176,False,0.43613197853077895,0.40380535668979795,0.3534676080907514,0.332225913621261,13.767299701510195,1459.4783333333332,,sgo_fair@0.5,v2,False,1.1032038554164156,0.36231884057971014,0.34072259140905714,-0.021596249170653004,-0.05960564771100241,0.02124169446949037,193.0,217.0,pass,2026-10-02T21:36:31+00:00,sgo_slate_alt_20261002T213627Z.json
ANA@VGK,Tristan Luneau,ANA,d1,PP2,A,under,0.5,draftkings,-450,False,0.26306942869303557,0.2615703452059322,0.7686885264187053,0.7698417188452882,17.915699330085324,56.31666666666667,,"draftkings@0.5,sgo_fair@0.5",v2,False,1.1032038554164156,0.8181818181818182,0.769380441874655,-0.04880137630716319,-0.05964612659764379,-0.0011531924265828497,-334.0,-291.0,pass,2026-10-02T21:36:31+00:00,sgo_slate_alt_20261002T213627Z.json
WSH@CAR,Logan Stankoven,CAR,f2,PP2,A,under,0.5,draftkings,-280,False,0.39326138815952033,0.3496744570529081,0.6748523261224237,0.7049175333010647,17.072616370327324,1801.0691666666667,,"draftkings@0.5,pinnacle@0.5,sgo_fair@0.5",v2,False,1.1032038554164156,0.7368421052631579,0.6928914504296082,-0.04395065483354965,-0.05964731727410311,-0.030065207178640918,-226.0,-201.0,pass,2026-10-02T21:36:31+00:00,sgo_slate_alt_20261002T213627Z.json
ANA@VGK,Shea Theodore,VGK,d1,PP1,A,under,0.5,draftkings,-135,False,0.6052634957106972,0.6230021988162112,0.5459305573258741,0.536331843316476,24.38074349382845,2282.9841666666666,,"draftkings@0.5,pinnacle@0.5,sgo_fair@0.5",v2,False,1.1032038554164156,0.574468085106383,0.5401713289202352,-0.0342967561861478,-0.05970176076847944,0.009598714009398157,-117.0,-106.0,pass,2026-10-02T21:36:31+00:00,sgo_slate_alt_20261002T213627Z.json
ANA@VGK,Mikael Granlund,ANA,f2,PP1,SOG,over,3.5,draftkings,550,True,2.02184645794625,1.9313774661704575,0.154320944349236,0.13820827203300648,18.703895528300663,1838.5333333333333,,"draftkings@1.5,fanduel@1.5,pinnacle@1.5,sgo_fair@2.0",v2,False,1.1182260686839482,0.15384615384615385,0.14465334095949828,-0.009192812886655577,-0.05975328376326117,0.01611267231622951,591.0,736.0,pass,2026-10-02T21:36:31+00:00,sgo_slate_alt_20261002T213627Z.json
WSH@CAR,Jordan Martinook,CAR,f3,-,G,over,1.5,draftkings,6500,False,0.17866701246397143,0.17937025115937846,0.014181346777951766,0.014286604531820811,14.979630616944284,1699.995,,sgo_fair@0.5,v2,False,1.0982596332481283,0.015151515151515152,0.014244501430273192,-0.0009070137212419602,-0.059862905601969385,-0.00010525775386904454,6920.0,,pass,2026-10-02T21:36:31+00:00,sgo_slate_alt_20261002T213627Z.json
BOS@WPG,Josh Morrissey,WPG,d1,PP1,SOG,over,2.5,draftkings,135,False,2.267287406495546,2.3223860529590477,0.39170232216045325,0.40555817741935696,23.689330519334643,2781.5350000000003,,"draftkings@2.5,pinnacle@2.5,sgo_fair@2.5",v2,False,1.1182260686839482,0.425531914893617,0.40001583531579543,-0.025516079577821593,-0.059962787007880713,-0.013855855258903704,150.0,167.0,pass,2026-10-02T21:36:31+00:00,sgo_slate_alt_20261002T213627Z.json
BOS@WPG,Hampus Lindholm,BOS,d1,PP1,SOG,over,2.5,fanduel,330,True,1.6171119728984202,1.5789622302164883,0.22437173217340944,0.2147449161963633,21.812503355085678,1626.9141666666667,,"draftkings@1.5,fanduel@1.5,pinnacle@1.5,sgo_fair@1.5",v2,False,1.1182260686839482,0.23255813953488372,0.21859564258718173,-0.013962496947701991,-0.060038736875118626,0.00962681597704615,357.0,417.0,pass,2026-10-02T21:36:31+00:00,sgo_slate_alt_20261002T213627Z.json
BOS@WPG,David Pastrnak,BOS,f1,PP1,SOG,over,1.5,fanduel,-800,True,3.2437906704082855,3.550763789307926,0.814518129018998,0.8493085538851487,19.305080809204785,2352.8866666666668,,"draftkings@3.5,fanduel@3.5,pinnacle@3.5,sgo_fair@3.5",v2,False,1.1182260686839482,0.8888888888888888,0.8353923839386883,-0.05349650495020053,-0.060183568068975624,-0.03479042486615069,-508.0,-427.0,pass,2026-10-02T21:36:31+00:00,sgo_slate_alt_20261002T213627Z.json
WSH@CAR,Sean Walker,CAR,d2,-,PTS,under,0.5,draftkings,-250,False,0.39799609627093924,0.3991384679265911,0.671664649653704,0.6708977970945461,21.477397357039713,2407.115,,"draftkings@0.5,sgo_fair@0.5",v2,False,1.0468644783193533,0.7142857142857143,0.6712045381182092,-0.043081176167505064,-0.06031364663450711,0.0007668525591578712,-204.0,-183.0,pass,2026-10-02T21:36:31+00:00,sgo_slate_alt_20261002T213627Z.json
WSH@CAR,Shayne Gostisbehere,CAR,d3,PP1,SOG,over,1.5,fanduel,-152,False,2.0891866192908224,1.8477533987914245,0.604932325437445,0.5413672274730769,16.932991501259885,1660.3433333333335,,"draftkings@1.5,pinnacle@1.5,sgo_fair@1.5",v2,False,1.1182260686839482,0.6031746031746031,0.5667932666588241,-0.03638133651577902,-0.06031642632879153,0.06356509796436816,-131.0,-118.0,pass,2026-10-02T21:36:31+00:00,sgo_slate_alt_20261002T213627Z.json
BOS@WPG,Fraser Minten,BOS,f3,PP2,PTS,over,0.5,draftkings,155,False,0.46804358589020373,0.45403952110617696,0.3737737715649183,0.3649423654302366,15.046893153269307,1413.0508333333335,,"draftkings@0.5,sgo_fair@0.5",v2,False,1.0468644783193533,0.39215686274509803,0.3684749278841093,-0.02368193486098874,-0.06038893389552136,0.008831406134681696,171.0,191.0,pass,2026-10-02T21:36:31+00:00,sgo_slate_alt_20261002T213627Z.json
ANA@VGK,Shea Theodore,VGK,d1,PP1,SOG,over,1.5,fanduel,-168,False,1.955428718483615,2.0741568946032145,0.5706505807585459,0.601195377911279,24.38074349382845,2282.9841666666666,,"draftkings@1.5,fanduel@1.5,pinnacle@1.5,sgo_fair@2.0",v2,False,1.1182260686839482,0.6268656716417911,0.5889774590501857,-0.03788821259160535,-0.06044072008660839,-0.03054479715273306,-143.0,-129.0,pass,2026-10-02T21:36:31+00:00,sgo_slate_alt_20261002T213627Z.json
STL@DAL,Philip Broberg,STL,d1,-,PTS,under,0.5,draftkings,-210,False,0.44922725361672494,0.4535658419787681,0.6381210668945323,0.6353585193717601,22.092576692347905,2519.2591666666663,,"draftkings@0.5,sgo_fair@0.5",v2,False,1.0468644783193533,0.6774193548387096,0.636463538380869,-0.04095581645784063,-0.060458586199669484,0.002762547522772163,-175.0,-157.0,pass,2026-10-02T21:36:31+00:00,sgo_slate_alt_20261002T213627Z.json
WSH@CAR,Alex Tuch,WSH,f1,PP2,SOG,over,0.5,fanduel,-1500,True,2.080022343595709,2.3467326470045298,0.8630793759270439,0.8925691602949,19.394777971531802,2210.999166666667,,"fanduel@2.5,sgo_fair@2.5",v2,False,1.1182260686839482,0.9375,0.8807732465477575,-0.05672675345224254,-0.06050853701572534,-0.029489784367856098,-739.0,-593.0,pass,2026-10-02T21:36:31+00:00,sgo_slate_alt_20261002T213627Z.json
NYR@DET,Andrew Copp,DET,f1,PP1,A,over,0.5,fanduel,154,False,0.4662127181808462,0.45884796321690596,0.37262618396454983,0.3679886734356931,17.350846748956222,1679.7833333333333,,"draftkings@0.5,pinnacle@0.5,sgo_fair@0.5",v2,False,1.1032038554164156,0.3937007874015748,0.3698436776472358,-0.023857109754339023,-0.06059705877602106,0.0046375105288567475,170.0,190.0,pass,2026-10-02T21:36:31+00:00,sgo_slate_alt_20261002T213627Z.json
STL@DAL,Arttu Hyry,DAL,f3,-,A,over,0.5,draftkings,550,False,0.15353554990618073,0.1578069910303691,0.14232972644089772,0.14598540145985425,12.696507644861544,255.95416666666668,,"draftkings@0.5,sgo_fair@0.5",v2,False,1.1032038554164156,0.15384615384615385,0.14452313145227164,-0.009323022393882219,-0.06059964556023434,-0.003655675018956528,592.0,737.0,pass,2026-10-02T21:36:31+00:00,sgo_slate_alt_20261002T213627Z.json
BOS@WPG,Dylan DeMelo,WPG,d1,-,PTS,under,0.5,draftkings,-650,False,0.2030720081628343,0.20773558570173326,0.8162194648453055,0.8124218242607966,21.303773426572707,2554.0425,,"draftkings@0.5,sgo_fair@0.5",v2,False,1.0468644783193533,0.8666666666666667,0.8139408804946001,-0.05272578617206658,-0.06083744558315385,0.0037976405845089323,-437.0,-374.0,pass,2026-10-02T21:36:31+00:00,sgo_slate_alt_20261002T213627Z.json
STL@DAL,Dylan Holloway,STL,f1,PP1,SOG,under,2.5,draftkings,-110,False,2.7192783828303067,2.7713182715092874,0.4990258971581659,0.48719327213258357,18.08848697930289,1659.9508333333333,,"draftkings@2.5,fanduel@2.5,pinnacle@2.5,sgo_fair@2.5",v2,False,1.1182260686839482,0.5238095238095238,0.4919263221428165,-0.03188320166670733,-0.06086793045462302,0.011832625025582355,103.0,114.0,pass,2026-10-02T21:36:31+00:00,sgo_slate_alt_20261002T213627Z.json
ANA@VGK,Trevor Connelly,VGK,f3,PP2,PTS,under,0.5,draftkings,-200,False,0.4665811431287223,0.46950444040440925,0.6271427184436514,0.6253120709105067,12.433333333333334,11.366666666666667,,"draftkings@0.5,sgo_fair@0.5",v1,False,1.0468644783193533,0.6666666666666666,0.6260443299237646,-0.040622336742902054,-0.06093350511435314,0.0018306475331447691,-167.0,-151.0,pass,2026-10-02T21:36:31+00:00,sgo_slate_alt_20261002T213627Z.json
STL@DAL,Pavel Buchnevich,STL,f2,PP2,A,over,0.5,draftkings,265,False,0.3025305025222513,0.29403841917174484,0.26105405180004576,0.2547521409122143,16.403434835413165,2103.6908333333336,,"draftkings@0.5,pinnacle@0.5,sgo_fair@0.5",v2,False,1.1032038554164156,0.273972602739726,0.2572729052673469,-0.016699697472379094,-0.06095389577418375,0.006301910887831441,289.0,331.0,pass,2026-10-02T21:36:31+00:00,sgo_slate_alt_20261002T213627Z.json
ANA@VGK,Mitch Marner,VGK,f2,PP1,PTS,over,1.5,fanduel,200,True,1.130772072799919,1.1343204250030403,0.31222097914827124,0.313515842399791,20.54836472665646,2414.8641666666667,,"draftkings@0.5,sgo_fair@1.5",v2,False,1.0468644783193533,0.3333333333333333,0.31299789709918313,-0.020335436234150184,-0.06100630870245061,-0.0012948632515197844,219.0,247.0,pass,2026-10-02T21:36:31+00:00,sgo_slate_alt_20261002T213627Z.json
NYR@DET,Mika Zibanejad,NYR,f1,PP1,A,under,0.5,draftkings,-165,False,0.5196911142011542,0.5488747046120747,0.5947042152892374,0.5775994147710357,19.315568777005215,2422.4325000000003,,"draftkings@0.5,pinnacle@0.5,sgo_fair@0.5",v2,False,1.1032038554164156,0.6226415094339622,0.5844413349783164,-0.03820017445564583,-0.06135179533785551,0.017104800518201735,-141.0,-127.0,pass,2026-10-02T21:36:31+00:00,sgo_slate_alt_20261002T213627Z.json
BOS@WPG,Morgan Geekie,BOS,f2,PP1,SOG,over,1.5,draftkings,-195,False,2.205830514716359,2.1183823514688873,0.632955524538099,0.6121087568799081,17.069132083690253,2012.4566666666665,,"draftkings@1.5,fanduel@1.5,pinnacle@1.5,sgo_fair@2.0",v2,False,1.1182260686839482,0.6610169491525424,0.6204474639431844,-0.04056948520935799,-0.06137434941928521,0.020846767658190934,-163.0,-147.0,pass,2026-10-02T21:36:31+00:00,sgo_slate_alt_20261002T213627Z.json
BOS@WPG,Neal Pionk,WPG,d2,PP2,PTS,under,0.5,draftkings,-240,False,0.40379055717962486,0.4171930120166548,0.6677839691812537,0.6588937332620184,21.56093374973941,1843.1675,,"draftkings@0.5,pinnacle@0.5,sgo_fair@0.5",v2,False,1.0468644783193533,0.7058823529411765,0.6624498276297125,-0.04343252531146402,-0.061529410857907196,0.008890235919235323,-196.0,-176.0,pass,2026-10-02T21:36:31+00:00,sgo_slate_alt_20261002T213627Z.json
WSH@CAR,Andrei Svechnikov,CAR,f1,PP1,PTS,over,0.5,fanduel,-166,False,1.0130712935724613,0.8017377472680647,0.636897927786241,0.5514511780213798,17.174841336373092,1912.6491666666668,,"draftkings@0.5,pinnacle@0.5,sgo_fair@0.5",v2,False,1.0468644783193533,0.6240601503759399,0.5856298779273243,-0.03843027244861552,-0.061581038983926084,0.08544674976486122,-141.0,-128.0,pass,2026-10-02T21:36:31+00:00,sgo_slate_alt_20261002T213627Z.json
WSH@CAR,Alex Tuch,WSH,f1,PP2,G,over,0.5,fanduel,250,False,0.3183477102106321,0.3079538054613656,0.27265016252486,0.2650507321327375,19.394777971531802,2210.999166666667,,"fanduel@0.5,sgo_fair@0.5",v2,False,1.0982596332481283,0.2857142857142857,0.26809050428958653,-0.01762378142469917,-0.06168323498644712,0.007599430392122519,273.0,311.0,pass,2026-10-02T21:36:31+00:00,sgo_slate_alt_20261002T213627Z.json
ANA@VGK,Jack Eichel,VGK,f1,PP1,SOG,under,3.5,draftkings,-160,False,3.4094308224759353,3.28994845954436,0.5628032505686547,0.5871663119663264,20.597276930957293,2298.3541666666665,,"draftkings@3.5,fanduel@3.5,pinnacle@2.5,sgo_fair@3.5",v2,False,1.1182260686839482,0.6153846153846154,0.5774210874072577,-0.03796352797735769,-0.06169073296320615,-0.024363061397671748,-137.0,-123.0,pass,2026-10-02T21:36:31+00:00,sgo_slate_alt_20261002T213627Z.json
ANA@VGK,Jack Eichel,VGK,f1,PP1,SOG,under,3.5,fanduel,-160,False,3.4094308224759353,3.28994845954436,0.5628032505686547,0.5871663119663264,20.597276930957293,2298.3541666666665,,"draftkings@3.5,fanduel@3.5,pinnacle@2.5,sgo_fair@3.5",v2,False,1.1182260686839482,0.6153846153846154,0.5774210874072577,-0.03796352797735769,-0.06169073296320615,-0.024363061397671748,-137.0,-123.0,pass,2026-10-02T21:36:31+00:00,sgo_slate_alt_20261002T213627Z.json
NYR@DET,Moritz Seider,DET,d1,PP1,A,over,0.5,fanduel,108,False,0.6692367443672119,0.556111779803181,0.4879007086709277,0.42656562608832344,24.012255414088816,3029.8125,,"draftkings@0.5,pinnacle@0.5,sgo_fair@0.5",v2,False,1.1032038554164156,0.4807692307692308,0.4510996591213652,-0.0296695716478656,-0.06171270902756043,0.06133508258260428,122.0,135.0,pass,2026-10-02T21:36:31+00:00,sgo_slate_alt_20261002T213627Z.json
WSH@CAR,Jordan Kyrou,WSH,f3,PP2,SOG,over,0.5,fanduel,-1200,True,1.9658783555722847,2.207813978177234,0.8479785402855544,0.8781423513892155,14.636186494925454,1777.7216666666668,,"fanduel@2.5,sgo_fair@2.5",v2,False,1.1182260686839482,0.9230769230769231,0.866076826947751,-0.05700009612917212,-0.061750104139936424,-0.030163811103661065,-647.0,-529.0,pass,2026-10-02T21:36:31+00:00,sgo_slate_alt_20261002T213627Z.json
NYR@DET,Lucas Raymond,DET,f1,PP1,G,under,0.5,fanduel,-320,False,0.3392419755948102,0.33331788732627776,0.7123100665818025,0.7165423782069431,18.249403362076805,2197.0216666666665,,"fanduel@0.5,pinnacle@0.5,sgo_fair@0.5",v2,False,1.0982596332481283,0.7619047619047619,0.7148494535568869,-0.04705530834787497,-0.06176009220658596,-0.0042323116251405946,-251.0,-222.0,pass,2026-10-02T21:36:31+00:00,sgo_slate_alt_20261002T213627Z.json
STL@DAL,Pavel Buchnevich,STL,f2,PP2,A,under,0.5,draftkings,-380,False,0.3025305025222513,0.29403841917174484,0.7389459481999543,0.7452478590877857,16.403434835413165,2103.6908333333336,,"draftkings@0.5,pinnacle@0.5,sgo_fair@0.5",v2,False,1.1032038554164156,0.7916666666666666,0.7427270947326531,-0.04893957193401355,-0.06181840665349092,-0.006301910887831386,-289.0,-254.0,pass,2026-10-02T21:36:31+00:00,sgo_slate_alt_20261002T213627Z.json
ANA@VGK,Jack Eichel,VGK,f1,PP1,SOG,over,3.5,fanduel,122,False,3.4094308224759353,3.28994845954436,0.43719674943134534,0.4128336880336736,20.597276930957293,2298.3541666666665,,"draftkings@3.5,fanduel@3.5,pinnacle@2.5,sgo_fair@3.5",v2,False,1.1182260686839482,0.45045045045045046,0.4225789125927423,-0.027871537857708184,-0.061874814044112214,0.024363061397671748,137.0,152.0,pass,2026-10-02T21:36:31+00:00,sgo_slate_alt_20261002T213627Z.json
ANA@VGK,Shea Theodore,VGK,d1,PP1,A,over,0.5,fanduel,104,False,0.6052634957106972,0.6230021988162112,0.4540694426741258,0.463668156683524,24.38074349382845,2282.9841666666666,,"draftkings@0.5,pinnacle@0.5,sgo_fair@0.5",v2,False,1.1032038554164156,0.49019607843137253,0.4598286710797647,-0.03036740735160781,-0.061949510997279966,-0.009598714009398213,117.0,130.0,pass,2026-10-02T21:36:31+00:00,sgo_slate_alt_20261002T213627Z.json
WSH@CAR,Sean Walker,CAR,d2,-,A,under,0.5,draftkings,-350,False,0.31493621818397377,0.3156401432710267,0.7298354230132393,0.7293218543277079,21.477397357039713,2407.115,,"draftkings@0.5,sgo_fair@0.5",v2,False,1.1032038554164156,0.7777777777777778,0.7295272818019205,-0.04825049597585729,-0.0620363519689594,0.0005135686855314292,-270.0,-238.0,pass,2026-10-02T21:36:31+00:00,sgo_slate_alt_20261002T213627Z.json
WSH@CAR,Jordan Staal,CAR,f3,PP2,A,under,0.5,draftkings,-400,False,0.29804811044478247,0.2811856336644172,0.7422656281592135,0.7548881898118334,16.336095233703357,1752.3600000000001,,"draftkings@0.5,sgo_fair@0.5",v2,False,1.1032038554164156,0.8,0.7498391651507854,-0.05016083484921463,-0.06270104356151829,-0.01262256165261988,-300.0,-263.0,pass,2026-10-02T21:36:31+00:00,sgo_slate_alt_20261002T213627Z.json
NYR@DET,Viktor Arvidsson,DET,f2,PP1,SOG,over,3.5,fanduel,198,True,2.4459570745475725,3.066521556270665,0.23666577486290288,0.36643025185890993,13.767299701510195,1459.4783333333332,,"fanduel@2.5,sgo_fair@3.0",v2,False,1.1182260686839482,0.33557046979865773,0.31452446106050713,-0.0210460087381506,-0.06271710603968872,-0.12976447699600704,218.0,245.0,data-check,2026-10-02T21:36:31+00:00,sgo_slate_alt_20261002T213627Z.json
BOS@WPG,Josh Morrissey,WPG,d1,PP1,SOG,over,0.5,fanduel,-1800,True,2.267287406495546,2.3223860529590477,0.8845519492450715,0.8901759754994019,23.689330519334643,2781.5350000000003,,"draftkings@2.5,pinnacle@2.5,sgo_fair@2.5",v2,False,1.1182260686839482,0.9473684210526315,0.8879263649976697,-0.05944205605496178,-0.06274439250245967,-0.005624026254330339,-792.0,-630.0,pass,2026-10-02T21:36:31+00:00,sgo_slate_alt_20261002T213627Z.json
WSH@CAR,Sebastian Aho,CAR,f1,PP1,SOG,under,2.5,draftkings,-130,False,2.657196105643229,2.5417427564759048,0.5133651637426022,0.5406466632059335,19.607974986022285,2284.8791666666666,,"draftkings@2.5,fanduel@2.5,pinnacle@2.5,sgo_fair@2.5",v2,False,1.1182260686839482,0.5652173913043478,0.5297340634206009,-0.03548332788374686,-0.06277819548662922,-0.02728149946333125,-113.0,-102.0,pass,2026-10-02T21:36:31+00:00,sgo_slate_alt_20261002T213627Z.json
BOS@WPG,Gabriel Vilardi,WPG,f2,PP1,A,over,1.5,fanduel,1000,True,0.5572470993985505,0.4307410313060663,0.10803422581995376,0.06997937675168836,17.433178488819145,2116.1,,"draftkings@0.5,pinnacle@0.5,sgo_fair@0.5",v2,False,1.1032038554164156,0.09090909090909091,0.08520131637899452,-0.005707774530096396,-0.06278551983106029,0.038054849068265395,1074.0,1561.0,pass,2026-10-02T21:36:31+00:00,sgo_slate_alt_20261002T213627Z.json
BOS@WPG,Mark Scheifele,WPG,f1,PP1,PTS,over,2.5,fanduel,830,True,1.2270466303864844,1.0181523897702545,0.12643043196085124,0.08367046330773986,19.993486037779117,2517.563333333333,,"draftkings@0.5,pinnacle@0.5,sgo_fair@1.5",v2,False,1.0468644783193533,0.10752688172043011,0.10077445076898442,-0.00675243095144569,-0.06279760784844479,0.04275996865311138,892.0,1220.0,pass,2026-10-02T21:36:31+00:00,sgo_slate_alt_20261002T213627Z.json
STL@DAL,Jason Robertson,DAL,f2,PP1,PTS,over,1.5,draftkings,170,False,1.2879148227988864,1.1867280039483117,0.3688892884886504,0.3325705849000198,20.375929813628595,2317.33,,"draftkings@1.5,pinnacle@1.5,sgo_fair@1.0",v2,False,1.0468644783193533,0.37037037037037035,0.347098066335472,-0.023272304034898328,-0.06283522089422544,0.036318703588630596,188.0,210.0,pass,2026-10-02T21:36:31+00:00,sgo_slate_alt_20261002T213627Z.json
ANA@VGK,Shea Theodore,VGK,d1,PP1,SOG,under,1.5,fanduel,128,False,1.955428718483615,2.0741568946032145,0.4293494192414541,0.39880462208872103,24.38074349382845,2282.9841666666666,,"draftkings@1.5,fanduel@1.5,pinnacle@1.5,sgo_fair@2.0",v2,False,1.1182260686839482,0.43859649122807015,0.4110225409498143,-0.027573950278255877,-0.0628686066344234,0.03054479715273306,143.0,159.0,pass,2026-10-02T21:36:31+00:00,sgo_slate_alt_20261002T213627Z.json
WSH@CAR,Dylan Strome,WSH,f2,PP1,A,under,0.5,draftkings,-205,False,0.44613460061081267,0.47317499080436837,0.6400976087338437,0.6230210386853963,16.4350786487246,2084.476666666667,,"draftkings@0.5,pinnacle@0.5,sgo_fair@0.5",v2,False,1.1032038554164156,0.6721311475409836,0.6298516667047753,-0.04227948083620825,-0.06290361782948062,0.017076570048447426,-170.0,-153.0,pass,2026-10-02T21:36:31+00:00,sgo_slate_alt_20261002T213627Z.json
WSH@CAR,Sean Walker,CAR,d2,-,PTS,over,0.5,draftkings,185,False,0.39799609627093924,0.3991384679265911,0.328335350346296,0.3291022029054539,21.477397357039713,2407.115,,"draftkings@0.5,sgo_fair@0.5",v2,False,1.0468644783193533,0.3508771929824561,0.32879546188179076,-0.02208173110066536,-0.06293293363689634,-0.0007668525591578712,204.0,229.0,pass,2026-10-02T21:36:31+00:00,sgo_slate_alt_20261002T213627Z.json
ANA@VGK,Mikael Granlund,ANA,f2,PP1,A,under,0.5,draftkings,-205,False,0.45383894561162086,0.4683538288493259,0.6351850243440953,0.6260319762911302,18.703895528300663,1838.5333333333333,,"draftkings@0.5,pinnacle@0.5,sgo_fair@0.5",v2,False,1.1032038554164156,0.6721311475409836,0.6296931955123162,-0.0424379520286674,-0.06313939204265151,0.00915304805296513,-170.0,-153.0,pass,2026-10-02T21:36:31+00:00,sgo_slate_alt_20261002T213627Z.json
WSH@CAR,Shayne Gostisbehere,CAR,d3,PP1,PTS,over,1.5,fanduel,450,True,0.8177408642389561,0.6894275061488776,0.19759869628458557,0.1521383358209159,16.932991501259885,1660.3433333333335,,"draftkings@0.5,pinnacle@0.5,sgo_fair@0.5",v2,False,1.0468644783193533,0.18181818181818182,0.17032248000638378,-0.011495701811798043,-0.06322635996488923,0.04546036046366966,487.0,588.0,pass,2026-10-02T21:36:31+00:00,sgo_slate_alt_20261002T213627Z.json
STL@DAL,Jason Robertson,DAL,f2,PP1,PTS,under,1.5,draftkings,-230,False,1.2879148227988864,1.1867280039483117,0.6311107115113497,0.6674294150999802,20.375929813628595,2317.33,,"draftkings@1.5,pinnacle@1.5,sgo_fair@1.0",v2,False,1.0468644783193533,0.696969696969697,0.652901933664528,-0.04406776330516904,-0.063227660394373,-0.03631870358863054,-188.0,-169.0,pass,2026-10-02T21:36:31+00:00,sgo_slate_alt_20261002T213627Z.json
WSH@CAR,Logan Stankoven,CAR,f2,PP2,A,over,0.5,draftkings,205,False,0.39326138815952033,0.3496744570529081,0.32514767387757626,0.29508246669893534,17.072616370327324,1801.0691666666667,,"draftkings@0.5,pinnacle@0.5,sgo_fair@0.5",v2,False,1.1032038554164156,0.32786885245901637,0.3071085495703917,-0.020760302888624682,-0.06331892381030546,0.030065207178640918,226.0,254.0,pass,2026-10-02T21:36:31+00:00,sgo_slate_alt_20261002T213627Z.json
STL@DAL,Robert Thomas,STL,f1,PP1,PTS,over,2.5,draftkings,1200,True,0.944670480887935,0.960198041227617,0.07041077007747727,0.07312784718787696,18.68804235636643,1845.6466666666668,,"draftkings@0.5,pinnacle@0.5,sgo_fair@1.0",v2,False,1.0468644783193533,0.07692307692307693,0.07204101634371708,-0.004882060579359845,-0.06346678753167789,-0.0027170771103996877,1288.0,2026.0,pass,2026-10-02T21:36:31+00:00,sgo_slate_alt_20261002T213627Z.json
WSH@CAR,Jaccob Slavin,CAR,d1,-,A,over,0.5,draftkings,380,False,0.21232139783718976,0.2201585556637733,0.19129526016049744,0.19760843585113555,22.812077385687026,1630.2508333333333,,"draftkings@0.5,sgo_fair@0.5",v2,False,1.1032038554164156,0.20833333333333334,0.1950831655748803,-0.01325016775845303,-0.06360080524057454,-0.0063131756906381065,413.0,488.0,pass,2026-10-02T21:36:31+00:00,sgo_slate_alt_20261002T213627Z.json
NYR@DET,Pavel Dorofeyev,NYR,f2,PP1,PTS,under,0.5,draftkings,-110,False,0.7261533935116563,0.7032736565687397,0.48376627416867835,0.49496231205793095,16.450106012385557,2082.9491666666668,,"draftkings@0.5,pinnacle@0.5,sgo_fair@0.5",v2,False,1.0468644783193533,0.5238095238095238,0.49048389690222993,-0.033325626907293904,-0.06362165136847009,-0.011196037889252608,104.0,115.0,pass,2026-10-02T21:36:31+00:00,sgo_slate_alt_20261002T213627Z.json
WSH@CAR,Alex Ovechkin,WSH,f2,PP1,SOG,under,2.5,draftkings,100,False,2.782643175743672,2.9073241681550663,0.48464138362118137,0.45710842707976274,16.67895270691558,1949.2041666666667,,"draftkings@2.5,fanduel@2.5,pinnacle@2.5,sgo_fair@3.0",v2,False,1.1182260686839482,0.5,0.4681216096963302,-0.03187839030366979,-0.06375678060733958,0.02753295654141863,114.0,126.0,pass,2026-10-02T21:36:31+00:00,sgo_slate_alt_20261002T213627Z.json
ANA@VGK,Alex Killorn,ANA,f2,PP2,A,under,0.5,draftkings,-450,False,0.27685059932949263,0.2597427641603227,0.7581677594211796,0.7712499534182111,18.20901908970822,2007.285,,"draftkings@0.5,sgo_fair@0.5",v2,False,1.1032038554164156,0.8181818181818182,0.7660170758193985,-0.05216474236241975,-0.06375690733184625,-0.013082193997031477,-327.0,-286.0,pass,2026-10-02T21:36:31+00:00,sgo_slate_alt_20261002T213627Z.json
WSH@CAR,Logan Stankoven,CAR,f2,PP2,PTS,over,0.5,fanduel,-111,False,0.7154403166892973,0.6541672991265548,0.5110232402397378,0.4801252174155752,17.072616370327324,1801.0691666666667,,"draftkings@0.5,pinnacle@0.5,sgo_fair@0.5",v2,False,1.0468644783193533,0.5260663507109005,0.49248442654524016,-0.033581924165660304,-0.06383590990048937,0.030898022824162596,103.0,114.0,pass,2026-10-02T21:36:31+00:00,sgo_slate_alt_20261002T213627Z.json
WSH@CAR,K'Andre Miller,CAR,d2,PP2,PTS,over,1.5,draftkings,1100,True,0.4894863007958545,0.43788802268735394,0.0870325081218065,0.07198987583624833,22.866364269806873,2368.3558333333335,,"draftkings@0.5,pinnacle@0.5,sgo_fair@0.5",v2,False,1.0468644783193533,0.08333333333333333,0.0780069287504716,-0.005326404582861724,-0.06391685499434074,0.015042632285558175,1182.0,1787.0,pass,2026-10-02T21:36:31+00:00,sgo_slate_alt_20261002T213627Z.json
STL@DAL,Sam Steel,DAL,f3,-,A,under,0.5,draftkings,-380,False,0.29247540360076163,0.30454836191607865,0.7464136038970983,0.7374563625694628,15.181451981796517,1675.2208333333333,,"draftkings@0.5,sgo_fair@0.5",v2,False,1.1032038554164156,0.7916666666666666,0.741039259100517,-0.050627407566149585,-0.06395040955724163,0.008957241327635534,-286.0,-252.0,pass,2026-10-02T21:36:31+00:00,sgo_slate_alt_20261002T213627Z.json
BOS@WPG,Brad Lambert,WPG,f3,-,A,under,0.5,draftkings,-800,False,0.19344008472357882,0.17773010481254467,0.824119212046306,0.8371683407066585,12.501731274278495,296.26500000000004,,"draftkings@0.5,sgo_fair@0.5",v2,False,1.1032038554164156,0.8888888888888888,0.8319486892425174,-0.056940199646371426,-0.06405772460216785,-0.01304912866035246,-495.0,-418.0,pass,2026-10-02T21:36:31+00:00,sgo_slate_alt_20261002T213627Z.json
BOS@WPG,JJ Peterka,BOS,f1,PP1,SOG,over,1.5,draftkings,-200,True,2.121374943782613,2.1990445636939557,0.6128381937062319,0.6313723616154032,15.938440465588924,1957.9416666666666,,"draftkings@2.5,fanduel@2.5,pinnacle@1.5,sgo_fair@2.5",v2,False,1.1182260686839482,0.6666666666666666,0.6239586944517347,-0.042707972214931944,-0.06406195832239803,-0.018534167909171284,-166.0,-149.0,pass,2026-10-02T21:36:31+00:00,sgo_slate_alt_20261002T213627Z.json
BOS@WPG,Hampus Lindholm,BOS,d1,PP1,A,over,0.5,fanduel,162,False,0.3856936319151852,0.4812901353600599,0.32002118242024674,0.38201440778245827,21.812503355085678,1626.9141666666667,,"draftkings@0.5,pinnacle@0.5,sgo_fair@0.5",v2,False,1.1032038554164156,0.3816793893129771,0.35721711763757363,-0.02446227167540349,-0.06409115178955704,-0.061993225362211524,180.0,201.0,pass,2026-10-02T21:36:31+00:00,sgo_slate_alt_20261002T213627Z.json
NYR@DET,Andrew Copp,DET,f1,PP1,SOG,over,0.5,fanduel,-670,True,2.026936226559812,1.5986603335453926,0.8562613157391983,0.7864264246413335,17.350846748956222,1679.7833333333333,,"draftkings@1.5,pinnacle@1.5,sgo_fair@1.5",v2,False,1.1182260686839482,0.8701298701298701,0.8143603810804794,-0.05576948904939072,-0.06409329338512071,0.06983489109786478,-439.0,-375.0,pass,2026-10-02T21:36:31+00:00,sgo_slate_alt_20261002T213627Z.json
STL@DAL,Jason Robertson,DAL,f2,PP1,SOG,under,3.5,fanduel,-130,False,3.681544311815819,3.511385545036372,0.5089570922362221,0.5423377662307949,20.375929813628595,2317.33,,"draftkings@3.5,fanduel@3.5,pinnacle@3.5,sgo_fair@3.5",v2,False,1.1182260686839482,0.5652173913043478,0.5289854966329658,-0.03623189467138199,-0.06410258288013748,-0.033380673994572785,-112.0,-102.0,pass,2026-10-02T21:36:31+00:00,sgo_slate_alt_20261002T213627Z.json
STL@DAL,Jason Robertson,DAL,f2,PP1,SOG,over,2.5,fanduel,-255,True,3.681544311815819,3.511385545036372,0.6893331391125272,0.6608225261867698,20.375929813628595,2317.33,,"draftkings@3.5,fanduel@3.5,pinnacle@3.5,sgo_fair@3.5",v2,False,1.1182260686839482,0.7183098591549296,0.6722267713570728,-0.04608308779785686,-0.0641548869342713,0.028510612925757406,-205.0,-183.0,pass,2026-10-02T21:36:31+00:00,sgo_slate_alt_20261002T213627Z.json
BOS@WPG,Morgan Barron,WPG,f3,-,PTS,under,0.5,draftkings,-350,False,0.3206558007754996,0.31568807886549594,0.72567298408707,0.7292868946889735,13.132011872370791,1177.495,,"draftkings@0.5,sgo_fair@0.5",v2,False,1.0468644783193533,0.7777777777777778,0.7278413304482121,-0.0499364473295657,-0.06420400370944168,-0.003613910601903414,-267.0,-237.0,pass,2026-10-02T21:36:31+00:00,sgo_slate_alt_20261002T213627Z.json
STL@DAL,Jimmy Snuggerud,STL,f1,PP1,A,under,0.5,draftkings,-225,False,0.4394202819038454,0.43060619970366076,0.6444098888935905,0.6501148758026354,17.487775105522008,1217.4199999999998,,"draftkings@0.5,sgo_fair@0.5",v2,False,1.1032038554164156,0.6923076923076923,0.6478328810390175,-0.04447481126867481,-0.06424139405475249,-0.005704986909044862,-184.0,-165.0,pass,2026-10-02T21:36:31+00:00,sgo_slate_alt_20261002T213627Z.json
STL@DAL,Mikko Rantanen,DAL,f1,PP1,SOG,over,4.5,draftkings,650,True,2.6010531603381617,2.498906549571997,0.13332242281875353,0.11905820321346909,20.640933758585803,2075.3450000000003,,"draftkings@2.5,fanduel@2.5,pinnacle@2.5,sgo_fair@2.5",v2,False,1.1182260686839482,0.13333333333333333,0.12476389105558287,-0.008569442277750458,-0.06427081708312843,0.014264219605284442,702.0,902.0,pass,2026-10-02T21:36:31+00:00,sgo_slate_alt_20261002T213627Z.json
BOS@WPG,Cole Perfetti,WPG,f1,PP1,A,over,0.5,fanduel,190,False,0.3778891713996447,0.39746272047133135,0.31469355198832893,0.32797700511887806,16.53972973493684,1622.8166666666666,,"draftkings@0.5,pinnacle@0.5,sgo_fair@0.5",v2,False,1.1032038554164156,0.3448275862068966,0.32266362386665837,-0.022163962340238208,-0.06427549078669081,-0.013283453130549128,210.0,236.0,pass,2026-10-02T21:36:31+00:00,sgo_slate_alt_20261002T213627Z.json
WSH@CAR,Jackson Blake,CAR,f2,PP1,SOG,under,2.5,draftkings,-155,False,2.455398771532545,2.406356071387941,0.561536783800253,0.573572787417981,17.175685133360474,1856.5166666666667,,"draftkings@2.5,fanduel@2.5,pinnacle@2.5,sgo_fair@2.5",v2,False,1.1182260686839482,0.6078431372549019,0.5687583859708898,-0.03908475128401212,-0.06430071985434271,-0.012036003617728053,-132.0,-119.0,pass,2026-10-02T21:36:31+00:00,sgo_slate_alt_20261002T213627Z.json
NYR@DET,Vladislav Gavrikov,NYR,d1,-,SOG,over,0.5,draftkings,-380,True,1.33111673441584,1.434337769597629,0.7254915939938423,0.7509117727493149,22.567457519226874,2840.661666666667,,"draftkings@1.5,pinnacle@1.5,sgo_fair@1.5",v2,False,1.1182260686839482,0.7916666666666666,0.7407437012471259,-0.05092296541954078,-0.06432374579310429,-0.025420178755472533,-286.0,-252.0,pass,2026-10-02T21:36:31+00:00,sgo_slate_alt_20261002T213627Z.json
BOS@WPG,James Hagens,BOS,f3,PP2,A,over,0.5,draftkings,310,False,0.2586421249493834,0.25930085491994337,0.2279007113215171,0.2284091487833353,13.841666666666665,42.55,,"draftkings@0.5,sgo_fair@0.5",v1,False,1.1032038554164156,0.24390243902439024,0.228205773798608,-0.015696665225782225,-0.06435632742570718,-0.0005084374618181953,338.0,392.0,pass,2026-10-02T21:36:31+00:00,sgo_slate_alt_20261002T213627Z.json
STL@DAL,Miro Heiskanen,DAL,d1,PP1,PTS,over,1.5,fanduel,300,True,0.8036757964742296,0.9924636355830904,0.19252978070086316,0.2614686704706755,25.972927915823785,2527.524166666667,,"draftkings@0.5,pinnacle@0.5,sgo_fair@1.0",v2,False,1.0468644783193533,0.25,0.23389311456275055,-0.016106885437249446,-0.06442754174899779,-0.06893888976981236,328.0,379.0,pass,2026-10-02T21:36:31+00:00,sgo_slate_alt_20261002T213627Z.json
STL@DAL,Miro Heiskanen,DAL,d1,PP1,SOG,over,0.5,fanduel,-1300,True,1.8688868290955494,2.3397194152326795,0.8337804660668932,0.8918854244872217,25.972927915823785,2527.524166666667,,"draftkings@2.5,fanduel@2.5,pinnacle@2.5,sgo_fair@2.5",v2,False,1.1182260686839482,0.9285714285714286,0.8686434411190903,-0.059927987452338294,-0.06453783264097968,-0.05810495842032859,-661.0,-540.0,pass,2026-10-02T21:36:31+00:00,sgo_slate_alt_20261002T213627Z.json
WSH@CAR,Andrei Svechnikov,CAR,f1,PP1,G,over,1.5,draftkings,1400,False,0.44945799242823165,0.3702217159776882,0.07528371200818745,0.05375064205048866,17.174841336373092,1912.6491666666668,,"pinnacle@0.5,sgo_fair@0.5",v2,False,1.0982596332481283,0.06666666666666667,0.06236387003356818,-0.004302796633098488,-0.06454194949647729,0.02153306995769879,1503.0,2576.0,pass,2026-10-02T21:36:31+00:00,sgo_slate_alt_20261002T213627Z.json
WSH@CAR,Andrei Svechnikov,CAR,f1,PP1,PTS,over,1.5,fanduel,320,True,1.0130712935724613,0.8017377472680647,0.26904964178980695,0.19183265594849686,17.174841336373092,1912.6491666666668,,"draftkings@0.5,pinnacle@0.5,sgo_fair@0.5",v2,False,1.0468644783193533,0.23809523809523808,0.22271945028502088,-0.0153757878102172,-0.06457830880291227,0.07721698584131009,349.0,406.0,pass,2026-10-02T21:36:31+00:00,sgo_slate_alt_20261002T213627Z.json
WSH@CAR,Andrei Svechnikov,CAR,f1,PP1,PTS,over,1.5,draftkings,320,True,1.0130712935724613,0.8017377472680647,0.26904964178980695,0.19183265594849686,17.174841336373092,1912.6491666666668,,"draftkings@0.5,pinnacle@0.5,sgo_fair@0.5",v2,False,1.0468644783193533,0.23809523809523808,0.22271945028502088,-0.0153757878102172,-0.06457830880291227,0.07721698584131009,349.0,406.0,pass,2026-10-02T21:36:31+00:00,sgo_slate_alt_20261002T213627Z.json
WSH@CAR,Alex Tuch,WSH,f1,PP2,G,under,0.5,fanduel,-360,False,0.3183477102106321,0.3079538054613656,0.7273498374751399,0.7349492678672624,19.394777971531802,2210.999166666667,,"fanduel@0.5,sgo_fair@0.5",v2,False,1.0982596332481283,0.782608695652174,0.7319094957104135,-0.05069919994176042,-0.06478231103669385,-0.007599430392122519,-273.0,-241.0,pass,2026-10-02T21:36:31+00:00,sgo_slate_alt_20261002T213627Z.json
BOS@WPG,James Hagens,BOS,f3,PP2,SOG,under,1.5,draftkings,-140,False,1.5555328508527122,1.5560883142465056,0.5455949006654579,0.5454195629941033,13.841666666666665,42.55,,"draftkings@1.5,pinnacle@1.5,sgo_fair@1.5",v1,False,1.1182260686839482,0.5833333333333334,0.5454896980626451,-0.037843635270688236,-0.06487480332117967,0.00017533767135458067,-120.0,-109.0,pass,2026-10-02T21:36:31+00:00,sgo_slate_alt_20261002T213627Z.json
ANA@VGK,William Karlsson,VGK,f2,PP2,PTS,under,0.5,draftkings,-165,False,0.5219651628865509,0.5538604353690865,0.5933533654815109,0.5747268265297998,16.71967523099671,635.2708333333334,,"draftkings@0.5,pinnacle@0.5,sgo_fair@0.5",v2,False,1.0468644783193533,0.6226415094339622,0.5821774421104842,-0.04046406732347807,-0.0649877444892224,0.01862653895171107,-139.0,-126.0,pass,2026-10-02T21:36:31+00:00,sgo_slate_alt_20261002T213627Z.json
WSH@CAR,Ryan Leonard,WSH,f2,PP2,PTS,over,0.5,draftkings,110,False,0.6071277948822861,0.5773574302354326,0.45508627242795063,0.4386201062825999,14.79877049597388,1138.4366666666667,,"draftkings@0.5,sgo_fair@0.5",v2,False,1.0468644783193533,0.47619047619047616,0.44520657274074016,-0.030983903449736006,-0.06506619724444562,0.016466166145350736,125.0,138.0,pass,2026-10-02T21:36:31+00:00,sgo_slate_alt_20261002T213627Z.json
ANA@VGK,Trevor Connelly,VGK,f3,PP2,PTS,over,0.5,draftkings,150,False,0.4665811431287223,0.46950444040440925,0.37285728155634856,0.3746879290894933,12.433333333333334,11.366666666666667,,"draftkings@0.5,sgo_fair@0.5",v1,False,1.0468644783193533,0.4,0.3739556700762354,-0.026044329923764598,-0.06511082480941144,-0.0018306475331447136,167.0,187.0,pass,2026-10-02T21:36:31+00:00,sgo_slate_alt_20261002T213627Z.json
NYR@DET,Viktor Arvidsson,DET,f2,PP1,PTS,over,0.5,draftkings,-125,False,0.7403263149545601,0.7275486072772778,0.523041748485501,0.5169082125603864,13.767299701510195,1459.4783333333332,,sgo_fair@0.5,v2,False,1.0468644783193533,0.5555555555555556,0.5193616269304322,-0.036193928625123384,-0.06514907152522198,0.006133535925114564,-108.0,102.0,pass,2026-10-02T21:36:31+00:00,sgo_slate_alt_20261002T213627Z.json
STL@DAL,Thomas Harley,DAL,d1,PP2,SOG,over,2.5,draftkings,205,True,1.942122538072857,1.9313483585975935,0.3081416304860328,0.30534455424133117,23.654813514126516,2434.6675,,"draftkings@1.5,fanduel@1.5,pinnacle@1.5,sgo_fair@2.5",v2,False,1.1182260686839482,0.32786885245901637,0.3064633847392118,-0.02140546771980456,-0.06528667654540399,0.0027970762447016573,226.0,255.0,pass,2026-10-02T21:36:31+00:00,sgo_slate_alt_20261002T213627Z.json
NYR@DET,Adam Fox,NYR,d1,PP1,PTS,over,0.5,draftkings,-135,False,0.7787485919391153,0.7640305573062971,0.5410199766303184,0.5342147357106268,22.258802105644207,2111.2541666666666,,"draftkings@0.5,pinnacle@0.5,sgo_fair@0.5",v2,False,1.0468644783193533,0.574468085106383,0.5369368320785035,-0.03753125302787952,-0.06533218119667905,0.006805240919691591,-116.0,-105.0,pass,2026-10-02T21:36:31+00:00,sgo_slate_alt_20261002T213627Z.json
STL@DAL,Miro Heiskanen,DAL,d1,PP1,A,over,0.5,fanduel,-125,False,0.7370337944586197,0.7293431579701043,0.5214687655484196,0.5177743678499995,25.972927915823785,2527.524166666667,,"draftkings@0.5,pinnacle@0.5,sgo_fair@0.5",v2,False,1.1032038554164156,0.5555555555555556,0.5192521269293675,-0.03630342862618807,-0.06534617152713851,0.00369439769842006,-108.0,102.0,pass,2026-10-02T21:36:31+00:00,sgo_slate_alt_20261002T213627Z.json
STL@DAL,Roope Hintz,DAL,f2,PP1,A,over,0.5,draftkings,115,False,0.6007783600420442,0.5504908567685092,0.4516153707500273,0.42333331984515,16.249302644351516,1496.78,,"draftkings@0.5,pinnacle@0.5,sgo_fair@0.5",v2,False,1.1032038554164156,0.46511627906976744,0.4346461402071009,-0.03047013886266653,-0.06551079855473307,0.028282050904877287,130.0,144.0,pass,2026-10-02T21:36:31+00:00,sgo_slate_alt_20261002T213627Z.json
NYR@DET,Alexis Lafrenière,NYR,f1,PP1,PTS,under,0.5,draftkings,-115,False,0.6823970707442594,0.7010419497141045,0.5054040499298511,0.4960681563437003,17.94658220183404,0.0,no NHL data: 85% of positional prior,"draftkings@0.5,pinnacle@0.5,sgo_fair@0.5",v2,False,1.0468644783193533,0.5348837209302325,0.49980251377816065,-0.03508120715207186,-0.06558660467561273,0.009335893586150834,100.0,111.0,pass,2026-10-02T21:36:31+00:00,sgo_slate_alt_20261002T213627Z.json
NYR@DET,J.T. Miller,NYR,f2,PP1,G,under,0.5,fanduel,-420,False,0.28232597983195024,0.2809249244195162,0.7540278465954421,0.7550850217986285,17.08771264101801,1991.3375,,"fanduel@0.5,sgo_fair@0.5",v2,False,1.0982596332481283,0.8076923076923077,0.754662151717354,-0.05303015597495375,-0.06565638358803794,-0.001057175203186378,-308.0,-270.0,pass,2026-10-02T21:36:31+00:00,sgo_slate_alt_20261002T213627Z.json
ANA@VGK,Ivan Barbashev,VGK,f1,-,A,over,0.5,draftkings,145,False,0.5112944068305124,0.45959262592354,0.4002812039217452,0.36845913351197856,16.2984941270241,1875.4308333333333,,"draftkings@0.5,pinnacle@0.5,sgo_fair@0.5",v2,False,1.1032038554164156,0.40816326530612246,0.3811879616758852,-0.026975303630237257,-0.06608949389408114,0.031822070409766645,162.0,181.0,pass,2026-10-02T21:36:31+00:00,sgo_slate_alt_20261002T213627Z.json
BOS@WPG,Gabriel Vilardi,WPG,f2,PP1,SOG,over,4.5,draftkings,1400,True,2.239414705371673,1.8449681368386326,0.08612334874587942,0.04635095624244404,17.433178488819145,2116.1,,"draftkings@1.5,fanduel@1.5,pinnacle@1.5,sgo_fair@1.5",v2,False,1.1182260686839482,0.06666666666666667,0.06225991324381819,-0.004406753422848478,-0.06610130134272718,0.03977239250343537,1506.0,2584.0,pass,2026-10-02T21:36:31+00:00,sgo_slate_alt_20261002T213627Z.json
ANA@VGK,William Karlsson,VGK,f2,PP2,A,under,0.5,draftkings,-340,False,0.33586608063112444,0.31994009842902316,0.7147188140998256,0.7261925358445842,16.71967523099671,635.2708333333334,,"draftkings@0.5,pinnacle@0.5,sgo_fair@0.5",v2,False,1.1032038554164156,0.7727272727272727,0.7216030471466808,-0.05112422558059193,-0.06616076251606018,-0.01147372174475858,-259.0,-230.0,pass,2026-10-02T21:36:31+00:00,sgo_slate_alt_20261002T213627Z.json
STL@DAL,Jimmy Snuggerud,STL,f1,PP1,PTS,over,0.5,fanduel,-120,False,0.7410583442949129,0.6931471805599454,0.5233907681578268,0.5,17.487775105522008,1217.4199999999998,,"draftkings@0.5,sgo_fair@0.5",v2,False,1.0468644783193533,0.5454545454545454,0.5093563072631307,-0.03609823819141467,-0.06618010335092683,0.023390768157826813,-104.0,106.0,pass,2026-10-02T21:36:31+00:00,sgo_slate_alt_20261002T213627Z.json
ANA@VGK,Victor Olofsson,VGK,f3,PP2,A,under,0.5,draftkings,-400,False,0.302530183903707,0.28440584463963003,0.738946183641874,0.7524612003842128,13.560078838767604,1437.0491666666667,,"draftkings@0.5,sgo_fair@0.5",v2,False,1.1032038554164156,0.8,0.7470551936872774,-0.05294480631272269,-0.06618100789090331,-0.013515016742338792,-295.0,-260.0,pass,2026-10-02T21:36:31+00:00,sgo_slate_alt_20261002T213627Z.json
ANA@VGK,Rasmus Andersson,VGK,d2,PP2,PTS,under,0.5,draftkings,-165,False,0.5520918749261587,0.535920044204475,0.5757441650078148,0.5851306963117169,21.694549594463403,2772.36,,"draftkings@0.5,pinnacle@0.5,sgo_fair@0.5",v2,False,1.0468644783193533,0.6226415094339622,0.581376083790156,-0.0412654256438062,-0.06627477451884034,-0.009386531303902101,-139.0,-125.0,pass,2026-10-02T21:36:31+00:00,sgo_slate_alt_20261002T213627Z.json
ANA@VGK,Tristan Luneau,ANA,d1,PP2,PTS,under,0.5,draftkings,-310,False,0.3483350237358474,0.3483350237358474,0.7058623559531605,0.7058623559531605,17.915699330085324,56.31666666666667,,"draftkings@0.5,sgo_fair@0.5",v2,False,1.0468644783193533,0.7560975609756098,0.7058623559531605,-0.05023520502244927,-0.06644010986840065,0.0,-240.0,-213.0,pass,2026-10-02T21:36:31+00:00,sgo_slate_alt_20261002T213627Z.json
NYR@DET,Lucas Raymond,DET,f1,PP1,PTS,over,1.5,draftkings,285,True,0.8686822045523243,0.9886841883445611,0.21608032995138818,0.2600783525338562,18.249403362076805,2197.0216666666665,,"draftkings@0.5,pinnacle@0.5,sgo_fair@1.0",v2,False,1.0468644783193533,0.2597402597402597,0.242479143500869,-0.017261116239390722,-0.06645529752165436,-0.043998022582468016,312.0,360.0,pass,2026-10-02T21:36:31+00:00,sgo_slate_alt_20261002T213627Z.json
STL@DAL,Sam Steel,DAL,f3,-,PTS,over,0.5,draftkings,155,False,0.4584098699090437,0.45403952110617696,0.36771173284455144,0.3649423654302366,15.181451981796517,1675.2208333333333,,"draftkings@0.5,sgo_fair@0.5",v2,False,1.0468644783193533,0.39215686274509803,0.3660501123959625,-0.02610675034913551,-0.06657221339029562,0.0027693674143148272,173.0,193.0,pass,2026-10-02T21:36:31+00:00,sgo_slate_alt_20261002T213627Z.json
BOS@WPG,Adam Lowry,WPG,f3,-,PTS,under,0.5,draftkings,-330,False,0.34114782837418856,0.32862591111740497,0.7109538012931407,0.7199122775596758,15.024993031821769,1554.82,,"draftkings@0.5,sgo_fair@0.5",v2,False,1.0468644783193533,0.7674418604651163,0.7163288870530617,-0.05111297341205456,-0.06660175323388928,-0.00895847626653512,-253.0,-224.0,pass,2026-10-02T21:36:31+00:00,sgo_slate_alt_20261002T213627Z.json
WSH@CAR,Jackson Blake,CAR,f2,PP1,SOG,under,2.5,fanduel,-156,False,2.455398771532545,2.406356071387941,0.561536783800253,0.573572787417981,17.175685133360474,1856.5166666666667,,"draftkings@2.5,fanduel@2.5,pinnacle@2.5,sgo_fair@2.5",v2,False,1.1182260686839482,0.609375,0.5687583859708898,-0.04061661402911021,-0.0666529050734117,-0.012036003617728053,-132.0,-119.0,pass,2026-10-02T21:36:31+00:00,sgo_slate_alt_20261002T213627Z.json
STL@DAL,Jimmy Snuggerud,STL,f1,PP1,A,over,0.5,draftkings,165,False,0.4394202819038454,0.43060619970366076,0.3555901111064094,0.34988512419736467,17.487775105522008,1217.4199999999998,,"draftkings@0.5,sgo_fair@0.5",v2,False,1.1032038554164156,0.37735849056603776,0.3521671189609826,-0.02519137160505519,-0.06675713475339617,0.005704986909044751,184.0,206.0,pass,2026-10-02T21:36:31+00:00,sgo_slate_alt_20261002T213627Z.json
WSH@CAR,Sean Walker,CAR,d2,-,A,over,0.5,draftkings,245,False,0.31493621818397377,0.3156401432710267,0.2701645769867607,0.2706781456722921,21.477397357039713,2407.115,,"draftkings@0.5,sgo_fair@0.5",v2,False,1.1032038554164156,0.2898550724637681,0.27047271819807955,-0.019382354265688573,-0.06686912221662544,-0.0005135686855313737,270.0,307.0,pass,2026-10-02T21:36:31+00:00,sgo_slate_alt_20261002T213627Z.json
NYR@DET,Alex DeBrincat,DET,f1,PP1,A,over,0.5,fanduel,122,False,0.5332397841597784,0.552899051881143,0.4132988976538821,0.4247203749059675,18.58434807318392,2176.461666666667,,"draftkings@0.5,pinnacle@0.5,sgo_fair@0.5",v2,False,1.1032038554164156,0.45045045045045046,0.4201517840051333,-0.030298666445317146,-0.06726303950860413,-0.011421477252085366,138.0,153.0,pass,2026-10-02T21:36:31+00:00,sgo_slate_alt_20261002T213627Z.json
BOS@WPG,Pavel Zacha,BOS,f2,PP1,SOG,over,2.5,draftkings,235,True,1.7760021865992446,1.8619368753868921,0.26506926803537795,0.2873255123957999,16.867313130617127,2032.8025,,"draftkings@1.5,fanduel@1.5,pinnacle@1.5,sgo_fair@2.0",v2,False,1.1182260686839482,0.29850746268656714,0.2784230146516311,-0.02008444803493603,-0.06728290091703581,-0.02225624436042195,259.0,295.0,pass,2026-10-02T21:36:31+00:00,sgo_slate_alt_20261002T213627Z.json
BOS@WPG,Fraser Minten,BOS,f3,PP2,SOG,under,1.5,fanduel,-138,False,1.631489248220139,1.5310106103205812,0.5219631484904006,0.5533718946210135,15.046893153269307,1413.0508333333335,,"draftkings@1.5,fanduel@1.5,pinnacle@1.5,sgo_fair@1.5",v2,False,1.1182260686839482,0.5798319327731093,0.5408083961687684,-0.03902353660434088,-0.0673014616799501,-0.03140874613061295,-118.0,-107.0,pass,2026-10-02T21:36:31+00:00,sgo_slate_alt_20261002T213627Z.json
WSH@CAR,Jakob Chychrun,WSH,d1,PP1,PTS,under,0.5,draftkings,-125,False,0.6426861735595096,0.6681059652455962,0.5258779257199815,0.5126786900401463,21.891377326993766,2568.704166666667,,"draftkings@0.5,pinnacle@0.5,sgo_fair@0.5",v2,False,1.0468644783193533,0.5555555555555556,0.5179583843120804,-0.03759717124347517,-0.06767490823825528,0.013199235679835164,-107.0,103.0,pass,2026-10-02T21:36:31+00:00,sgo_slate_alt_20261002T213627Z.json
NYR@DET,J.T. Miller,NYR,f2,PP1,G,over,0.5,fanduel,280,False,0.28232597983195024,0.2809249244195162,0.24597215340455794,0.2449149782013716,17.08771264101801,1991.3375,,"fanduel@0.5,sgo_fair@0.5",v2,False,1.0982596332481283,0.2631578947368421,0.24533784828264613,-0.017820046454195965,-0.06771617652594475,0.0010571752031863502,308.0,354.0,pass,2026-10-02T21:36:31+00:00,sgo_slate_alt_20261002T213627Z.json
NYR@DET,Michael Brandsegg-Nygård,DET,f3,PP2,A,over,0.5,draftkings,400,False,0.2014966237298957,0.2095945189476428,0.18249366232235284,0.189087010831668,12.775611148853327,0.0,no NHL data: 85% of positional prior,"draftkings@0.5,sgo_fair@0.5",v2,False,1.1032038554164156,0.2,0.18644967142794194,-0.013550328572058068,-0.06775164286029023,-0.006593348509315172,436.0,519.0,pass,2026-10-02T21:36:31+00:00,sgo_slate_alt_20261002T213627Z.json
NYR@DET,Viktor Arvidsson,DET,f2,PP1,SOG,under,2.5,fanduel,-106,False,2.4459570745475725,3.066521556270665,0.5638447045705659,0.42350177323989624,13.767299701510195,1459.4783333333332,,"fanduel@2.5,sgo_fair@3.0",v2,False,1.1182260686839482,0.5145631067961165,0.4796389457721641,-0.034924161023952405,-0.06787148274466226,0.14034293133066966,108.0,120.0,data-check,2026-10-02T21:36:31+00:00,sgo_slate_alt_20261002T213627Z.json
BOS@WPG,Adam Lowry,WPG,f3,-,A,under,0.5,draftkings,-650,False,0.23154656966065493,0.20164002121435223,0.7933057506632726,0.8173891177300207,15.024993031821769,1554.82,,"draftkings@0.5,sgo_fair@0.5",v2,False,1.1032038554164156,0.8666666666666667,0.8077557709033214,-0.058910895763345295,-0.06797411049616775,-0.024083367066748074,-420.0,-360.0,pass,2026-10-02T21:36:31+00:00,sgo_slate_alt_20261002T213627Z.json
ANA@VGK,Tomas Hertl,VGK,f3,PP1,SOG,over,3.5,draftkings,285,True,2.6466105220211182,2.353751697418152,0.27814866401759086,0.21801203296446994,14.758236776055922,1974.8158333333336,,"draftkings@2.5,fanduel@2.5,pinnacle@2.5,sgo_fair@2.5",v2,False,1.1182260686839482,0.2597402597402597,0.2420666853857183,-0.01767357435454142,-0.0680432612649845,0.06013663105312092,313.0,361.0,pass,2026-10-02T21:36:31+00:00,sgo_slate_alt_20261002T213627Z.json
WSH@CAR,Dylan Strome,WSH,f2,PP1,PTS,over,0.5,draftkings,-115,False,0.6884559514526267,0.6911997455043737,0.4976488749250369,0.4990253337306194,16.4350786487246,2084.476666666667,,"draftkings@0.5,pinnacle@0.5,sgo_fair@0.5",v2,False,1.0468644783193533,0.5348837209302325,0.4984747502083864,-0.03640897072184612,-0.068068945262582,-0.0013764588055825144,101.0,111.0,pass,2026-10-02T21:36:31+00:00,sgo_slate_alt_20261002T213627Z.json
WSH@CAR,Jaccob Slavin,CAR,d1,-,PTS,under,0.5,draftkings,-425,False,0.26658767483708545,0.2922229578973357,0.7659888428350722,0.7466020565904163,22.812077385687026,1630.2508333333333,,"draftkings@0.5,sgo_fair@0.5",v2,False,1.0468644783193533,0.8095238095238095,0.7543567710882787,-0.055167038435530835,-0.06814751806742037,0.01938678624465584,-307.0,-269.0,pass,2026-10-02T21:36:31+00:00,sgo_slate_alt_20261002T213627Z.json
BOS@WPG,James Hagens,BOS,f3,PP2,SOG,over,1.5,draftkings,105,False,1.5555328508527122,1.5560883142465056,0.45440509933454204,0.4545804370058967,13.841666666666665,42.55,,"draftkings@1.5,pinnacle@1.5,sgo_fair@1.5",v1,False,1.1182260686839482,0.4878048780487805,0.4545103019373548,-0.03329457611142567,-0.06825388102842267,-0.00017533767135463618,120.0,133.0,pass,2026-10-02T21:36:31+00:00,sgo_slate_alt_20261002T213627Z.json
NYR@DET,Pavel Dorofeyev,NYR,f2,PP1,SOG,over,1.5,fanduel,-450,True,2.8810891147159556,2.8682035624444366,0.7635398407849916,0.7615070391921177,16.450106012385557,2082.9491666666668,,"draftkings@2.5,fanduel@2.5,pinnacle@2.5,sgo_fair@3.5",v2,False,1.1182260686839482,0.8181818181818182,0.7623201598292673,-0.05586165835255097,-0.06827536020867331,0.0020328015928738896,-321.0,-281.0,pass,2026-10-02T21:36:31+00:00,sgo_slate_alt_20261002T213627Z.json
ANA@VGK,Tomas Hertl,VGK,f3,PP1,PTS,over,0.5,draftkings,-130,False,0.7768563380820841,0.7289418952919325,0.5401506476746574,0.5175808298741735,14.758236776055922,1974.8158333333336,,"draftkings@0.5,pinnacle@0.5,sgo_fair@0.5",v2,False,1.0468644783193533,0.5652173913043478,0.526608756994367,-0.03860863430998074,-0.06830758377919677,0.022569817800483838,-111.0,-101.0,pass,2026-10-02T21:36:31+00:00,sgo_slate_alt_20261002T213627Z.json
NYR@DET,Moritz Seider,DET,d1,PP1,SOG,over,2.5,draftkings,125,False,2.3370677729229246,2.3691295967170483,0.4092294317870579,0.4172143309554085,24.012255414088816,3029.8125,,"draftkings@2.5,fanduel@2.5,pinnacle@2.5,sgo_fair@2.5",v2,False,1.1182260686839482,0.4444444444444444,0.41402037128806823,-0.030424073156376186,-0.0684541646018465,-0.007984899168350601,142.0,157.0,pass,2026-10-02T21:36:31+00:00,sgo_slate_alt_20261002T213627Z.json
NYR@DET,Will Cuylle,NYR,f3,PP2,SOG,over,1.5,draftkings,-130,False,1.7667722169031264,1.8141688515489225,0.5183527336454216,0.5319255084373562,14.475285775016168,1967.8908333333336,,"draftkings@1.5,pinnacle@1.5,sgo_fair@1.5",v2,False,1.1182260686839482,0.5652173913043478,0.5264963985205824,-0.038720992783765396,-0.06850637184820041,-0.013572774791934639,-111.0,-101.0,pass,2026-10-02T21:36:31+00:00,sgo_slate_alt_20261002T213627Z.json
ANA@VGK,Jack Eichel,VGK,f1,PP1,PTS,over,2.5,fanduel,560,True,1.2960626042636803,1.2897849577784992,0.14198173384371937,0.1405416015024793,20.597276930957293,2298.3541666666665,,"draftkings@1.5,pinnacle@1.5,sgo_fair@1.5",v2,False,1.0468644783193533,0.15151515151515152,0.14111765443897534,-0.010397497076176182,-0.0686234807027628,0.0014401323412400746,609.0,761.0,pass,2026-10-02T21:36:31+00:00,sgo_slate_alt_20261002T213627Z.json
STL@DAL,Miro Heiskanen,DAL,d1,PP1,PTS,over,0.5,fanduel,-180,False,0.8036757964742296,0.9924636355830904,0.5523196458711954,0.6293376118188502,25.972927915823785,2527.524166666667,,"draftkings@0.5,pinnacle@0.5,sgo_fair@1.0",v2,False,1.0468644783193533,0.6428571428571429,0.5985304254397883,-0.04432671741735461,-0.06895267153810714,-0.07701796594765475,-149.0,-134.0,pass,2026-10-02T21:36:31+00:00,sgo_slate_alt_20261002T213627Z.json
NYR@DET,Pavel Dorofeyev,NYR,f2,PP1,G,over,1.5,draftkings,1400,False,0.40584402418140264,0.39920672164333404,0.0631257145365756,0.0613393620333648,16.450106012385557,2082.9491666666668,,"fanduel@0.5,pinnacle@0.5,sgo_fair@0.5",v2,False,1.0982596332481283,0.06666666666666667,0.06205390303464912,-0.004612763632017548,-0.0691914544802632,0.0017863525032108044,1512.0,2599.0,pass,2026-10-02T21:36:31+00:00,sgo_slate_alt_20261002T213627Z.json
STL@DAL,Jonatan Berggren,STL,f3,-,A,over,0.5,draftkings,310,False,0.2514056369872494,0.2615703452059322,0.22229315909207656,0.23015828115471185,14.33756505235743,1142.8941666666665,,"draftkings@0.5,sgo_fair@0.5",v2,False,1.1032038554164156,0.24390243902439024,0.22701223232965773,-0.016890206694732512,-0.06924984744840346,-0.007865122062635288,341.0,395.0,pass,2026-10-02T21:36:31+00:00,sgo_slate_alt_20261002T213627Z.json
NYR@DET,Moritz Seider,DET,d1,PP1,SOG,under,2.5,draftkings,-170,False,2.3370677729229246,2.3691295967170483,0.590770568212942,0.5827856690445915,24.012255414088816,3029.8125,,"draftkings@2.5,fanduel@2.5,pinnacle@2.5,sgo_fair@2.5",v2,False,1.1182260686839482,0.6296296296296297,0.5859796287119318,-0.043650000917697884,-0.06932647204575537,0.007984899168350545,-142.0,-128.0,pass,2026-10-02T21:36:31+00:00,sgo_slate_alt_20261002T213627Z.json
NYR@DET,Mika Zibanejad,NYR,f1,PP1,SOG,under,2.5,fanduel,-144,False,2.5578884297133944,2.47245746794295,0.5367852513176748,0.5573784594777584,19.315568777005215,2422.4325000000003,,"draftkings@2.5,fanduel@2.5,pinnacle@2.5,sgo_fair@2.5",v2,False,1.1182260686839482,0.5901639344262295,0.549141176213725,-0.04102275821250445,-0.06951078474896588,-0.020593208160083587,-122.0,-110.0,pass,2026-10-02T21:36:31+00:00,sgo_slate_alt_20261002T213627Z.json
BOS@WPG,Nikita Zadorov,BOS,d2,-,A,under,0.5,draftkings,-700,False,0.21450819365114315,0.19970144219889463,0.806938199934709,0.8189752280244534,20.31716006112279,2464.5658333333336,,"draftkings@0.5,sgo_fair@0.5",v2,False,1.1032038554164156,0.875,0.8141604167885557,-0.06083958321144434,-0.06953095224165073,-0.012037028089744384,-438.0,-374.0,pass,2026-10-02T21:36:31+00:00,sgo_slate_alt_20261002T213627Z.json
ANA@VGK,Cutter Gauthier,ANA,f1,PP1,A,under,0.5,draftkings,-260,False,0.35915437459616717,0.42393833323948593,0.6982665484143418,0.6544642393540026,16.623295864485087,1833.5541666666666,,"draftkings@0.5,pinnacle@0.5,sgo_fair@0.5",v2,False,1.1032038554164156,0.7222222222222222,0.6719851629781382,-0.05023705924408406,-0.06955900510719337,0.04380230906033922,-205.0,-183.0,pass,2026-10-02T21:36:31+00:00,sgo_slate_alt_20261002T213627Z.json
NYR@DET,Pavel Dorofeyev,NYR,f2,PP1,A,under,0.5,draftkings,-300,False,0.35987710180661453,0.35987710180661453,0.6977620745001286,0.6977620745001286,16.450106012385557,2082.9491666666668,,"draftkings@0.5,pinnacle@0.5,sgo_fair@0.5",v2,False,1.1032038554164156,0.75,0.6977620745001286,-0.052237925499871385,-0.06965056733316188,0.0,-231.0,-206.0,pass,2026-10-02T21:36:31+00:00,sgo_slate_alt_20261002T213627Z.json
BOS@WPG,Dylan DeMelo,WPG,d1,-,PTS,over,0.5,draftkings,400,False,0.2030720081628343,0.20773558570173326,0.18378053515469453,0.18757817573920338,21.303773426572707,2554.0425,,"draftkings@0.5,sgo_fair@0.5",v2,False,1.0468644783193533,0.2,0.18605911950539983,-0.013940880494600183,-0.06970440247300091,-0.003797640584508849,437.0,521.0,pass,2026-10-02T21:36:31+00:00,sgo_slate_alt_20261002T213627Z.json
WSH@CAR,Tom Wilson,WSH,f1,PP1,A,over,0.5,fanduel,215,False,0.36333331077606873,0.3412341788893743,0.30464537432070915,0.2891075872833685,18.257601622938086,2083.9066666666668,,"draftkings@0.5,pinnacle@0.5,sgo_fair@0.5",v2,False,1.1032038554164156,0.31746031746031744,0.29532270209830475,-0.022137615362012697,-0.0697334883903401,0.015537787037340656,239.0,270.0,pass,2026-10-02T21:36:31+00:00,sgo_slate_alt_20261002T213627Z.json
BOS@WPG,Josh Morrissey,WPG,d1,PP1,A,over,0.5,draftkings,110,False,0.5862421406182688,0.5842540117161599,0.44358571240232764,0.4424783886892086,23.689330519334643,2781.5350000000003,,"draftkings@0.5,pinnacle@0.5,sgo_fair@0.5",v2,False,1.1032038554164156,0.47619047619047616,0.4429213181744562,-0.033269158016019984,-0.06986523183364202,0.0011073237131190572,126.0,139.0,pass,2026-10-02T21:36:31+00:00,sgo_slate_alt_20261002T213627Z.json
STL@DAL,Nils Lundkvist,DAL,d2,-,A,under,0.5,draftkings,-900,False,0.19777324873587968,0.16472268236858834,0.8205558941307942,0.8481288725682982,17.066073265131493,1120.4783333333332,,"draftkings@0.5,sgo_fair@0.5",v2,False,1.1032038554164156,0.9,0.8370996811932967,-0.06290031880670333,-0.06988924311855915,-0.027572978437503948,-514.0,-432.0,pass,2026-10-02T21:36:31+00:00,sgo_slate_alt_20261002T213627Z.json
STL@DAL,Roope Hintz,DAL,f2,PP1,A,under,0.5,draftkings,-155,False,0.6007783600420442,0.5504908567685092,0.5483846292499728,0.57666668015485,16.249302644351516,1496.78,,"draftkings@0.5,pinnacle@0.5,sgo_fair@0.5",v2,False,1.1032038554164156,0.6078431372549019,0.5653538597928991,-0.04248927746200282,-0.06990171453426286,-0.02828205090487723,-130.0,-118.0,pass,2026-10-02T21:36:31+00:00,sgo_slate_alt_20261002T213627Z.json
STL@DAL,Thomas Harley,DAL,d1,PP2,SOG,under,1.5,fanduel,114,False,1.942122538072857,1.9313483585975935,0.4328865300139786,0.43576743715785404,23.654813514126516,2434.6675,,"draftkings@1.5,fanduel@1.5,pinnacle@1.5,sgo_fair@2.5",v2,False,1.1182260686839482,0.4672897196261682,0.4346150743003039,-0.03267464532586434,-0.06992374099734988,-0.002880907143875455,130.0,144.0,pass,2026-10-02T21:36:31+00:00,sgo_slate_alt_20261002T213627Z.json
BOS@WPG,Morgan Geekie,BOS,f2,PP1,SOG,under,1.5,draftkings,145,False,2.205830514716359,2.1183823514688873,0.367044475461901,0.38789124312009193,17.069132083690253,2012.4566666666665,,"draftkings@1.5,fanduel@1.5,pinnacle@1.5,sgo_fair@2.0",v2,False,1.1182260686839482,0.40816326530612246,0.37955253605681555,-0.02861072924930691,-0.07009628666080181,-0.020846767658190934,163.0,182.0,pass,2026-10-02T21:36:31+00:00,sgo_slate_alt_20261002T213627Z.json
ANA@VGK,Brayden McNabb,VGK,d1,-,PTS,under,0.5,draftkings,-425,False,0.28852695508178183,0.2813116395878655,0.7493666056371248,0.7547930754209902,20.84672019918944,2053.8791666666666,,"draftkings@0.5,sgo_fair@0.5",v2,False,1.0468644783193533,0.8095238095238095,0.752622487507444,-0.05690132201636555,-0.07028986837315743,-0.005426469783865406,-304.0,-267.0,pass,2026-10-02T21:36:31+00:00,sgo_slate_alt_20261002T213627Z.json
ANA@VGK,Leo Carlsson,ANA,f1,PP1,G,under,0.5,fanduel,-320,False,0.34007207651731897,0.34803763015001526,0.7117190226854017,0.7060723061076685,17.96890196451367,1895.936666666667,,"fanduel@0.5,pinnacle@0.5,sgo_fair@0.5",v2,False,1.0982596332481283,0.7619047619047619,0.7083309927387618,-0.053573769166000096,-0.0703155720303752,0.005646716577733191,-243.0,-216.0,pass,2026-10-02T21:36:31+00:00,sgo_slate_alt_20261002T213627Z.json
WSH@CAR,Jordan Staal,CAR,f3,PP2,G,over,1.5,draftkings,3000,False,0.27667296140497,0.2612154992636177,0.031895764584363495,0.028719098268248484,16.336095233703357,1752.3600000000001,,sgo_fair@0.5,v2,False,1.0982596332481283,0.03225806451612903,0.029989764794694486,-0.0022682997214345454,-0.07031729136447096,0.0031766663161150108,3234.0,19941.0,pass,2026-10-02T21:36:31+00:00,sgo_slate_alt_20261002T213627Z.json
ANA@VGK,Jack Eichel,VGK,f1,PP1,SOG,over,3.5,draftkings,120,False,3.4094308224759353,3.28994845954436,0.43719674943134534,0.4128336880336736,20.597276930957293,2298.3541666666665,,"draftkings@3.5,fanduel@3.5,pinnacle@2.5,sgo_fair@3.5",v2,False,1.1182260686839482,0.45454545454545453,0.4225789125927423,-0.03196654195271226,-0.07032639229596693,0.024363061397671748,137.0,152.0,pass,2026-10-02T21:36:31+00:00,sgo_slate_alt_20261002T213627Z.json
STL@DAL,Jason Robertson,DAL,f2,PP1,SOG,over,4.5,fanduel,215,True,3.681544311815819,3.511385545036372,0.3133411225558203,0.2828627983707775,20.375929813628595,2317.33,,"draftkings@3.5,fanduel@3.5,pinnacle@3.5,sgo_fair@3.5",v2,False,1.1182260686839482,0.31746031746031744,0.2950541280447946,-0.02240618941552286,-0.07057949665889707,0.030478324185042815,239.0,270.0,pass,2026-10-02T21:36:31+00:00,sgo_slate_alt_20261002T213627Z.json
WSH@CAR,Taylor Hall,CAR,f2,PP2,SOG,over,1.5,draftkings,-165,False,2.084770299166911,1.922734463279685,0.6038372720947838,0.5619184351779165,16.04701527377841,1703.5891666666669,,"draftkings@1.5,pinnacle@1.5,sgo_fair@1.5",v2,False,1.1182260686839482,0.6226415094339622,0.5786859699446634,-0.04395553948929887,-0.07059526039190434,0.041918836916867264,-137.0,-124.0,pass,2026-10-02T21:36:31+00:00,sgo_slate_alt_20261002T213627Z.json
NYR@DET,Justin Faulk,DET,d3,PP2,A,under,0.5,draftkings,-360,False,0.34196081887520247,0.3029823263087083,0.710376037496092,0.7386121502582551,19.45308564413804,2504.826666666667,,"draftkings@0.5,sgo_fair@0.5",v2,False,1.1032038554164156,0.782608695652174,0.7273177051533899,-0.055290990498784054,-0.07064959897066858,-0.02823611276216309,-267.0,-236.0,pass,2026-10-02T21:36:31+00:00,sgo_slate_alt_20261002T213627Z.json
BOS@WPG,Josh Morrissey,WPG,d1,PP1,PTS,under,0.5,draftkings,-110,False,0.7397546844785098,0.7070464239753557,0.4772309733274922,0.49309845254451934,23.689330519334643,2781.5350000000003,,"draftkings@0.5,pinnacle@0.5,sgo_fair@0.5",v2,False,1.0468644783193533,0.5238095238095238,0.4867514608577085,-0.03705806295181535,-0.07074721108982918,-0.015867479217027136,105.0,117.0,pass,2026-10-02T21:36:31+00:00,sgo_slate_alt_20261002T213627Z.json
ANA@VGK,Jack Eichel,VGK,f1,PP1,SOG,over,2.5,fanduel,-210,True,3.4094308224759353,3.28994845954436,0.642754372391281,0.6206292436731948,20.597276930957293,2298.3541666666665,,"draftkings@3.5,fanduel@3.5,pinnacle@2.5,sgo_fair@3.5",v2,False,1.1182260686839482,0.6774193548387096,0.6294792951604293,-0.0479400596782803,-0.07076865952508049,0.02212512871808614,-170.0,-153.0,pass,2026-10-02T21:36:31+00:00,sgo_slate_alt_20261002T213627Z.json
BOS@WPG,Elias Lindholm,BOS,f1,PP2,PTS,over,0.5,draftkings,125,False,0.554893507889071,0.5181676044763479,0.4258666013813746,0.40438905652616536,17.864457827843644,1916.9391666666668,,"draftkings@0.5,pinnacle@0.5,sgo_fair@0.5",v2,False,1.0468644783193533,0.4444444444444444,0.412980074468249,-0.031464369976195394,-0.07079483244643969,0.021477544855209252,142.0,158.0,pass,2026-10-02T21:36:31+00:00,sgo_slate_alt_20261002T213627Z.json
BOS@WPG,Brad Lambert,WPG,f3,-,PTS,under,0.5,draftkings,-370,False,0.32674748720302144,0.3037617136349798,0.7212658488904773,0.7380367095840268,12.501731274278495,296.26500000000004,,"draftkings@0.5,sgo_fair@0.5",v2,False,1.0468644783193533,0.7872340425531915,0.7313283653066069,-0.05590567724658457,-0.07101531974566155,-0.016770860693549494,-272.0,-241.0,pass,2026-10-02T21:36:31+00:00,sgo_slate_alt_20261002T213627Z.json
STL@DAL,Robert Thomas,STL,f1,PP1,A,over,0.5,fanduel,106,False,0.6154006727555197,0.5890325913851534,0.4595756813768676,0.4451361947993791,18.68804235636643,1845.6466666666668,,"draftkings@0.5,pinnacle@0.5,sgo_fair@0.5",v2,False,1.1032038554164156,0.4854368932038835,0.45091198943037447,-0.03452490377350903,-0.07112130177342857,0.014439486577488503,122.0,135.0,pass,2026-10-02T21:36:31+00:00,sgo_slate_alt_20261002T213627Z.json
BOS@WPG,Morgan Geekie,BOS,f2,PP1,PTS,over,0.5,draftkings,-115,False,0.7096996290284352,0.671837496412232,0.5082081047128201,0.4892308215534752,17.069132083690253,2012.4566666666665,,"draftkings@0.5,pinnacle@0.5,sgo_fair@0.5",v2,False,1.0468644783193533,0.5348837209302325,0.49682173481721315,-0.038061986113019364,-0.07115936534173206,0.018977283159344882,101.0,112.0,pass,2026-10-02T21:36:31+00:00,sgo_slate_alt_20261002T213627Z.json
STL@DAL,Sam Steel,DAL,f3,-,PTS,under,0.5,draftkings,-215,False,0.4584098699090437,0.45403952110617696,0.6322882671554486,0.6350576345697634,15.181451981796517,1675.2208333333333,,"draftkings@0.5,sgo_fair@0.5",v2,False,1.0468644783193533,0.6825396825396826,0.6339498876040375,-0.04858979493564508,-0.07118969955687537,-0.0027693674143147717,-173.0,-156.0,pass,2026-10-02T21:36:31+00:00,sgo_slate_alt_20261002T213627Z.json
NYR@DET,Mika Zibanejad,NYR,f1,PP1,PTS,over,1.5,fanduel,290,True,0.87699389603289,0.9635643745260214,0.21911109815052915,0.2508402204828735,19.315568777005215,2422.4325000000003,,"draftkings@0.5,pinnacle@0.5,sgo_fair@1.0",v2,False,1.0468644783193533,0.2564102564102564,0.2381485715499358,-0.018261684860320593,-0.07122057095525047,-0.03172912233234437,320.0,369.0,pass,2026-10-02T21:36:31+00:00,sgo_slate_alt_20261002T213627Z.json
ANA@VGK,Brett Howden,VGK,f2,-,G,over,1.5,fanduel,3000,False,0.23240289268742917,0.2888148608532446,0.02316454304583215,0.03448320030635249,16.17015068658508,1416.1483333333333,,"pinnacle@0.5,sgo_fair@0.5",v2,False,1.0982596332481283,0.03225806451612903,0.029955737402144356,-0.0023023271139846757,-0.07137214053352503,-0.01131865726052034,3238.0,20079.0,pass,2026-10-02T21:36:31+00:00,sgo_slate_alt_20261002T213627Z.json
ANA@VGK,William Karlsson,VGK,f2,PP2,SOG,over,1.5,fanduel,-156,False,2.0814648851626067,1.8468127959968956,0.6030160374059198,0.5411047831802082,16.71967523099671,635.2708333333334,,"draftkings@1.5,pinnacle@1.5,sgo_fair@1.5",v2,False,1.1182260686839482,0.609375,0.5658692848704928,-0.04350571512950718,-0.07139399405867852,0.06191125422571164,-130.0,-118.0,pass,2026-10-02T21:36:31+00:00,sgo_slate_alt_20261002T213627Z.json
STL@DAL,Jamie Benn,DAL,f3,PP2,A,under,0.5,draftkings,-350,False,0.34647799106095367,0.3117092344444209,0.7071743832738938,0.7321943941895865,13.688465447375988,1348.1950000000002,,"draftkings@0.5,sgo_fair@0.5",v2,False,1.1032038554164156,0.7777777777777778,0.7221863898233094,-0.055591387954468385,-0.07147464165574513,-0.025020010915692725,-260.0,-230.0,pass,2026-10-02T21:36:31+00:00,sgo_slate_alt_20261002T213627Z.json
ANA@VGK,Ivan Barbashev,VGK,f1,-,PTS,under,0.5,draftkings,100,False,0.7810791293473323,0.7582699042968668,0.457911598740964,0.4684762350064511,16.2984941270241,1875.4308333333333,,"draftkings@0.5,pinnacle@0.5,sgo_fair@0.5",v2,False,1.0468644783193533,0.5,0.46425038050025624,-0.03574961949974376,-0.07149923899948751,-0.010564636265487093,115.0,128.0,pass,2026-10-02T21:36:31+00:00,sgo_slate_alt_20261002T213627Z.json
ANA@VGK,Mitch Marner,VGK,f2,PP1,SOG,over,2.5,draftkings,110,False,2.583127338622359,2.396786259523875,0.46922141467593154,0.42406501630517046,20.54836472665646,2414.8641666666667,,"draftkings@2.5,fanduel@2.5,sgo_fair@2.5",v2,False,1.1182260686839482,0.47619047619047616,0.4421275756534749,-0.034062900537001284,-0.07153209112770276,0.045156398370761075,126.0,140.0,pass,2026-10-02T21:36:31+00:00,sgo_slate_alt_20261002T213627Z.json
STL@DAL,Mikko Rantanen,DAL,f1,PP1,PTS,over,0.5,fanduel,-265,False,1.1712187353624974,1.089095080144061,0.6900110834983211,0.663479119610212,20.640933758585803,2075.3450000000003,,"draftkings@0.5,pinnacle@0.5,sgo_fair@1.5",v2,False,1.0468644783193533,0.726027397260274,0.6740919051654557,-0.05193549209481829,-0.0715337909985233,0.026531963888109078,-207.0,-185.0,pass,2026-10-02T21:36:31+00:00,sgo_slate_alt_20261002T213627Z.json
STL@DAL,Arttu Hyry,DAL,f3,-,PTS,over,0.5,draftkings,295,False,0.26187325574636716,0.27199280561397204,0.23039143901104772,0.2381402578167946,12.696507644861544,255.95416666666668,,"draftkings@0.5,sgo_fair@0.5",v2,False,1.0468644783193533,0.25316455696202533,0.23504073029449585,-0.018123826667529486,-0.0715891153367414,-0.0077488188057468765,325.0,376.0,pass,2026-10-02T21:36:31+00:00,sgo_slate_alt_20261002T213627Z.json
ANA@VGK,Ivan Barbashev,VGK,f1,-,A,under,0.5,draftkings,-200,False,0.5112944068305124,0.45959262592354,0.5997187960782548,0.6315408664880214,16.2984941270241,1875.4308333333333,,"draftkings@0.5,pinnacle@0.5,sgo_fair@0.5",v2,False,1.1032038554164156,0.6666666666666666,0.6188120383241148,-0.04785462834255183,-0.07178194251382775,-0.03182207040976659,-162.0,-146.0,pass,2026-10-02T21:36:31+00:00,sgo_slate_alt_20261002T213627Z.json
WSH@CAR,Logan Stankoven,CAR,f2,PP2,SOG,over,3.5,fanduel,390,True,2.3266691106987305,2.127935341221666,0.21259711423898636,0.17397154048403587,17.072616370327324,1801.0691666666667,,"draftkings@1.5,pinnacle@1.5,sgo_fair@2.5",v2,False,1.1182260686839482,0.20408163265306123,0.18942176998601606,-0.014659862667045165,-0.07183332706852119,0.03862557375495049,428.0,508.0,pass,2026-10-02T21:36:31+00:00,sgo_slate_alt_20261002T213627Z.json
BOS@WPG,Kyle Connor,WPG,f1,PP1,SOG,over,4.5,draftkings,255,True,3.5188833524224985,3.303858333434354,0.2841986996030603,0.24628511736512,19.93354117554885,2516.0816666666665,,"draftkings@3.5,fanduel@3.5,pinnacle@3.5,sgo_fair@3.5",v2,False,1.1182260686839482,0.28169014084507044,0.2614505502602961,-0.020239590584774314,-0.0718505465759488,0.037913582237940335,282.0,323.0,pass,2026-10-02T21:36:31+00:00,sgo_slate_alt_20261002T213627Z.json
NYR@DET,Moritz Seider,DET,d1,PP1,SOG,over,1.5,fanduel,-255,True,2.3370677729229246,2.3691295967170483,0.6624497003804684,0.6693354797230876,24.012255414088816,3029.8125,,"draftkings@2.5,fanduel@2.5,pinnacle@2.5,sgo_fair@2.5",v2,False,1.1182260686839482,0.7183098591549296,0.66658116798604,-0.05172869116888967,-0.07201445241159143,-0.006885779342619247,-200.0,-179.0,pass,2026-10-02T21:36:31+00:00,sgo_slate_alt_20261002T213627Z.json
WSH@CAR,Jakob Chychrun,WSH,d1,PP1,SOG,over,2.5,draftkings,175,True,1.9438461414714083,2.1294097511647485,0.30858905884607074,0.35656529936733417,21.891377326993766,2568.704166666667,,"draftkings@1.5,fanduel@1.5,pinnacle@1.5,sgo_fair@2.0",v2,False,1.1182260686839482,0.36363636363636365,0.3373748031588288,-0.026261560477534862,-0.0722192913132208,-0.047976240521263425,196.0,220.0,pass,2026-10-02T21:36:31+00:00,sgo_slate_alt_20261002T213627Z.json
STL@DAL,Mikko Rantanen,DAL,f1,PP1,SOG,under,2.5,fanduel,-140,False,2.6010531603381617,2.498906549571997,0.5265345966041559,0.5509609283443655,20.640933758585803,2075.3450000000003,,"draftkings@2.5,fanduel@2.5,pinnacle@2.5,sgo_fair@2.5",v2,False,1.1182260686839482,0.5833333333333334,0.5411903956482818,-0.04214293768505162,-0.07224503603151688,-0.024426331740209584,-118.0,-107.0,pass,2026-10-02T21:36:31+00:00,sgo_slate_alt_20261002T213627Z.json
STL@DAL,Dalibor Dvorsky,STL,f3,PP2,G,over,1.5,draftkings,7500,False,0.18301419756199402,0.15203725882223063,0.014837435491377938,0.01045036583534789,13.885102759466475,1026.5341666666668,,sgo_fair@0.5,v2,False,1.0982596332481283,0.013157894736842105,0.012205193697759908,-0.0009527010390821961,-0.07240527897024696,0.004387069656030048,8093.0,,pass,2026-10-02T21:36:31+00:00,sgo_slate_alt_20261002T213627Z.json
STL@DAL,Dalibor Dvorsky,STL,f3,PP2,G,over,1.5,fanduel,7500,False,0.18301419756199402,0.15203725882223063,0.014837435491377938,0.01045036583534789,13.885102759466475,1026.5341666666668,,sgo_fair@0.5,v2,False,1.0982596332481283,0.013157894736842105,0.012205193697759908,-0.0009527010390821961,-0.07240527897024696,0.004387069656030048,8093.0,,pass,2026-10-02T21:36:31+00:00,sgo_slate_alt_20261002T213627Z.json
WSH@CAR,Jackson Blake,CAR,f2,PP1,SOG,over,2.5,draftkings,115,False,2.455398771532545,2.406356071387941,0.4384632161997471,0.426427212582019,17.175685133360474,1856.5166666666667,,"draftkings@2.5,fanduel@2.5,pinnacle@2.5,sgo_fair@2.5",v2,False,1.1182260686839482,0.46511627906976744,0.4312416140291102,-0.033874665040657226,-0.07283052983741312,0.012036003617728108,132.0,146.0,pass,2026-10-02T21:36:31+00:00,sgo_slate_alt_20261002T213627Z.json
WSH@CAR,Andrei Svechnikov,CAR,f1,PP1,SOG,under,2.5,fanduel,-128,False,2.7214560494943885,2.564927349916448,0.4985272852989675,0.5351064009015063,17.174841336373092,1912.6491666666668,,"draftkings@2.5,fanduel@2.5,pinnacle@2.5,sgo_fair@2.5",v2,False,1.1182260686839482,0.5614035087719298,0.5204747546604908,-0.040928754111439036,-0.07290434326100081,-0.03657911560253879,-109.0,102.0,pass,2026-10-02T21:36:31+00:00,sgo_slate_alt_20261002T213627Z.json
STL@DAL,Esa Lindell,DAL,d2,PP2,A,under,0.5,draftkings,-350,False,0.35145166817792084,0.31107123301821143,0.7036658585932224,0.7326616843073721,22.882993427939844,2703.7525,,"draftkings@0.5,sgo_fair@0.5",v2,False,1.1032038554164156,0.7777777777777778,0.7210633540217122,-0.05671442375606561,-0.07291854482922733,-0.028995825714149714,-259.0,-229.0,pass,2026-10-02T21:36:31+00:00,sgo_slate_alt_20261002T213627Z.json
BOS@WPG,Pavel Zacha,BOS,f2,PP1,PTS,over,0.5,draftkings,-120,False,0.7250059123495854,0.691077596731082,0.5156782945323369,0.4989641365521803,16.867313130617127,2032.8025,,"draftkings@0.5,pinnacle@0.5,sgo_fair@0.5",v2,False,1.0468644783193533,0.5454545454545454,0.505649799744243,-0.03980474571030246,-0.07297536713555453,0.01671415798015663,-102.0,108.0,pass,2026-10-02T21:36:31+00:00,sgo_slate_alt_20261002T213627Z.json
STL@DAL,Philip Broberg,STL,d1,-,PTS,over,0.5,draftkings,155,False,0.44922725361672494,0.4535658419787681,0.3618789331054677,0.3646414806282398,22.092576692347905,2519.2591666666663,,"draftkings@0.5,sgo_fair@0.5",v2,False,1.0468644783193533,0.39215686274509803,0.363536461619131,-0.028620401125967032,-0.07298202287121602,-0.0027625475227721075,175.0,195.0,pass,2026-10-02T21:36:31+00:00,sgo_slate_alt_20261002T213627Z.json
NYR@DET,Alexis Lafrenière,NYR,f1,PP1,SOG,over,1.5,draftkings,-235,True,2.250055125162716,2.3028007819748226,0.6431321706431538,0.6549527887678386,17.94658220183404,0.0,no NHL data: 85% of positional prior,"draftkings@2.5,fanduel@2.5,pinnacle@2.5,sgo_fair@2.5",v2,False,1.1182260686839482,0.7014925373134329,0.6502245415179646,-0.05126799579546826,-0.07308416421907171,-0.011820618124684823,-186.0,-167.0,pass,2026-10-02T21:36:31+00:00,sgo_slate_alt_20261002T213627Z.json
WSH@CAR,Taylor Hall,CAR,f2,PP2,SOG,under,1.5,draftkings,120,False,2.084770299166911,1.922734463279685,0.3961627279052162,0.4380815648220835,16.04701527377841,1703.5891666666669,,"draftkings@1.5,pinnacle@1.5,sgo_fair@1.5",v2,False,1.1182260686839482,0.45454545454545453,0.4213140300553366,-0.033231424490117956,-0.07310913387825946,-0.041918836916867264,137.0,152.0,pass,2026-10-02T21:36:31+00:00,sgo_slate_alt_20261002T213627Z.json
ANA@VGK,Pavel Mintyukov,ANA,d2,PP2,PTS,under,0.5,draftkings,-320,False,0.3294731023410154,0.3604681280395791,0.7193026324758036,0.6973498006540614,18.42831509091468,1883.52,,"draftkings@0.5,sgo_fair@0.5",v2,False,1.0468644783193533,0.7619047619047619,0.7061309333827583,-0.05577382852200352,-0.07320314993512966,0.021952831821742236,-240.0,-214.0,pass,2026-10-02T21:36:31+00:00,sgo_slate_alt_20261002T213627Z.json
NYR@DET,J.T. Miller,NYR,f2,PP1,SOG,over,1.5,fanduel,-192,False,2.0405303472808645,2.1530253982401297,0.5927293591286306,0.6204831169048041,17.08771264101801,1991.3375,,"draftkings@1.5,fanduel@1.5,pinnacle@2.5,sgo_fair@2.0",v2,False,1.1182260686839482,0.6575342465753424,0.6093816137943346,-0.04815263278100779,-0.07323212902111598,-0.027753757776173504,-156.0,-141.0,pass,2026-10-02T21:36:31+00:00,sgo_slate_alt_20261002T213627Z.json
NYR@DET,Michael Brandsegg-Nygård,DET,f3,PP2,PTS,under,0.5,draftkings,-340,False,0.31876912942009594,0.3442464341004066,0.7270433828590939,0.7087542453116503,12.775611148853327,0.0,no NHL data: 85% of positional prior,"draftkings@0.5,sgo_fair@0.5",v2,False,1.0468644783193533,0.7727272727272727,0.7160699003306277,-0.056657372396645034,-0.07332130545448179,0.018289137547443546,-252.0,-224.0,pass,2026-10-02T21:36:31+00:00,sgo_slate_alt_20261002T213627Z.json
ANA@VGK,Jackson LaCombe,ANA,d1,PP1,SOG,under,1.5,draftkings,100,False,1.745925016041635,1.8898617382863467,0.4877086723669294,0.4470015250780184,25.36882371969002,2740.9808333333335,,"draftkings@1.5,fanduel@1.5,pinnacle@1.5,sgo_fair@2.5",v2,False,1.1182260686839482,0.5,0.4632843839935828,-0.03671561600641721,-0.07343123201283441,0.040707147288911005,116.0,128.0,pass,2026-10-02T21:36:31+00:00,sgo_slate_alt_20261002T213627Z.json
NYR@DET,Pavel Dorofeyev,NYR,f2,PP1,G,under,0.5,fanduel,-260,False,0.40584402418140264,0.39920672164333404,0.6664141038042604,0.6708520073890163,16.450106012385557,2082.9491666666668,,"fanduel@0.5,pinnacle@0.5,sgo_fair@0.5",v2,False,1.0982596332481283,0.7222222222222222,0.669076845955114,-0.053145376267108246,-0.07358590560061151,-0.004437903584755931,-202.0,-181.0,pass,2026-10-02T21:36:31+00:00,sgo_slate_alt_20261002T213627Z.json
BOS@WPG,Mark Scheifele,WPG,f1,PP1,SOG,over,5.5,draftkings,2000,True,2.5971355288162172,2.2523366202078225,0.058638215093374024,0.034426482502460186,19.993486037779117,2517.563333333333,,"draftkings@2.5,fanduel@2.5,pinnacle@2.5,sgo_fair@2.5",v2,False,1.1182260686839482,0.047619047619047616,0.04411117553882572,-0.003507872080221894,-0.07366531368465978,0.02421173259091384,2167.0,5133.0,pass,2026-10-02T21:36:31+00:00,sgo_slate_alt_20261002T213627Z.json
BOS@WPG,David Pastrnak,BOS,f1,PP1,PTS,over,0.5,draftkings,-260,True,1.066842862816821,1.1322324619603372,0.6559068463650666,0.6776870986528015,19.305080809204785,2352.8866666666668,,"draftkings@1.5,pinnacle@0.5,sgo_fair@1.0",v2,False,1.0468644783193533,0.7222222222222222,0.6689749977377075,-0.05324722448451469,-0.07372692620932808,-0.021780252287734947,-202.0,-181.0,pass,2026-10-02T21:36:31+00:00,sgo_slate_alt_20261002T213627Z.json
ANA@VGK,Jack Eichel,VGK,f1,PP1,PTS,over,1.5,draftkings,150,False,1.2960626042636803,1.2897849577784992,0.37178125902884757,0.36955354353451386,20.597276930957293,2298.3541666666665,,"draftkings@1.5,pinnacle@1.5,sgo_fair@1.5",v2,False,1.0468644783193533,0.4,0.37044462973224734,-0.02955537026775268,-0.0738884256693817,0.002227715494333704,170.0,189.0,pass,2026-10-02T21:36:31+00:00,sgo_slate_alt_20261002T213627Z.json
STL@DAL,Esa Lindell,DAL,d2,PP2,PTS,under,0.5,draftkings,-260,False,0.4118933768838307,0.3957971259173965,0.6623948988952966,0.6731432454041162,22.882993427939844,2703.7525,,"draftkings@0.5,sgo_fair@0.5",v2,False,1.0468644783193533,0.7222222222222222,0.6688439068005883,-0.05337831542163396,-0.07390843673764702,-0.010748346508819617,-202.0,-181.0,pass,2026-10-02T21:36:31+00:00,sgo_slate_alt_20261002T213627Z.json
ANA@VGK,A.J. Greer,ANA,f1,PP2,PTS,over,0.5,draftkings,130,False,0.4929973588356163,0.5302168130806418,0.38920711773183964,0.4115226337448562,15.256462352579149,1319.1225000000002,,sgo_fair@0.5,v2,False,1.0468644783193533,0.43478260869565216,0.40259642733964957,-0.0321861813560026,-0.07402821711880603,-0.022315516013016568,148.0,165.0,pass,2026-10-02T21:36:31+00:00,sgo_slate_alt_20261002T213627Z.json
ANA@VGK,Mikael Granlund,ANA,f2,PP1,A,over,0.5,draftkings,150,False,0.45383894561162086,0.4683538288493259,0.36481497565590476,0.3739680237088699,18.703895528300663,1838.5333333333333,,"draftkings@0.5,pinnacle@0.5,sgo_fair@0.5",v2,False,1.1032038554164156,0.4,0.3703068044876838,-0.029693195512316195,-0.07423298878079043,-0.00915304805296513,170.0,190.0,pass,2026-10-02T21:36:31+00:00,sgo_slate_alt_20261002T213627Z.json
NYR@DET,Alex DeBrincat,DET,f1,PP1,PTS,over,0.5,draftkings,-220,False,0.9568129527278108,1.04950519773663,0.6158848696563652,0.649889058053976,18.58434807318392,2176.461666666667,,"draftkings@0.5,pinnacle@0.5,sgo_fair@1.5",v2,False,1.0468644783193533,0.6875,0.6362873826949317,-0.05121261730506832,-0.07449107971646296,-0.03400418839761077,-175.0,-157.0,pass,2026-10-02T21:36:31+00:00,sgo_slate_alt_20261002T213627Z.json
NYR@DET,Viktor Arvidsson,DET,f2,PP1,SOG,over,4.5,draftkings,450,True,2.4459570745475725,3.066521556270665,0.11194029665282859,0.20580938298571153,13.767299701510195,1459.4783333333332,,"fanduel@2.5,sgo_fair@3.0",v2,False,1.1182260686839482,0.18181818181818182,0.16826174845255834,-0.013556433365623483,-0.07456038351092908,-0.09386908633288293,494.0,598.0,pass,2026-10-02T21:36:31+00:00,sgo_slate_alt_20261002T213627Z.json
WSH@CAR,Dylan Strome,WSH,f2,PP1,A,over,0.5,draftkings,150,False,0.44613460061081267,0.47317499080436837,0.35990239126615636,0.3769789613146037,16.4350786487246,2084.476666666667,,"draftkings@0.5,pinnacle@0.5,sgo_fair@0.5",v2,False,1.1032038554164156,0.4,0.37014833329522473,-0.029851666704775293,-0.0746291667619382,-0.017076570048447315,170.0,190.0,pass,2026-10-02T21:36:31+00:00,sgo_slate_alt_20261002T213627Z.json
NYR@DET,Eeli Tolvanen,NYR,f3,PP2,SOG,under,1.5,draftkings,-125,False,1.7202968901424032,1.6162822567512287,0.4952362816839895,0.5266382083598907,14.267736109868624,1801.4791666666667,,"draftkings@1.5,pinnacle@1.5,sgo_fair@1.5",v2,False,1.1182260686839482,0.5555555555555556,0.5140774376895303,-0.04147811786602529,-0.07466061215884545,-0.03140192667590125,-106.0,104.0,pass,2026-10-02T21:36:31+00:00,sgo_slate_alt_20261002T213627Z.json
BOS@WPG,Fraser Minten,BOS,f3,PP2,PTS,under,0.5,draftkings,-215,False,0.46804358589020373,0.45403952110617696,0.6262262284350817,0.6350576345697634,15.046893153269307,1413.0508333333335,,"draftkings@0.5,sgo_fair@0.5",v2,False,1.0468644783193533,0.6825396825396826,0.6315250721158907,-0.05101461042379185,-0.07474233620229975,-0.008831406134681696,-171.0,-154.0,pass,2026-10-02T21:36:31+00:00,sgo_slate_alt_20261002T213627Z.json
STL@DAL,Jonatan Berggren,STL,f3,-,PTS,under,0.5,draftkings,-310,False,0.37709563592917983,0.3442929414900185,0.6858504788116271,0.7087212837683081,14.33756505235743,1142.8941666666665,,"draftkings@0.5,sgo_fair@0.5",v2,False,1.0468644783193533,0.7560975609756098,0.6995729617856357,-0.0565245991899741,-0.07475834086415933,-0.022870804956681035,-233.0,-207.0,pass,2026-10-02T21:36:31+00:00,sgo_slate_alt_20261002T213627Z.json
WSH@CAR,Cole Hutson,WSH,d2,PP2,A,over,0.5,fanduel,200,False,0.4181203128908867,0.33692427261136637,0.34171697627335657,0.2860370955980558,18.499433137340223,244.4,,"draftkings@0.5,sgo_fair@0.5",v2,False,1.1032038554164156,0.3333333333333333,0.3083090478681761,-0.025024285465157226,-0.07507285639547168,0.055679880675300775,224.0,253.0,pass,2026-10-02T21:36:31+00:00,sgo_slate_alt_20261002T213627Z.json
NYR@DET,Gabe Perreault,NYR,not in DF lineup,-,SOG,under,1.5,draftkings,-160,False,1.4822407223139986,1.4817114307200707,0.5690462927215225,0.569217891823427,15.255362995888913,842.9158333333332,,"draftkings@1.5,pinnacle@1.5,sgo_fair@1.5",v1,False,1.1182260686839482,0.6153846153846154,0.5691492521826652,-0.04623536320195021,-0.07513246520316907,-0.0001715991019044516,-132.0,-119.0,pass,2026-10-02T21:36:31+00:00,sgo_slate_alt_20261002T213627Z.json
BOS@WPG,Kyle Connor,WPG,f1,PP1,SOG,over,5.5,draftkings,550,True,3.5188833524224985,3.303858333434354,0.1587676653868812,0.13129515465858366,19.93354117554885,2516.0816666666665,,"draftkings@3.5,fanduel@3.5,pinnacle@3.5,sgo_fair@3.5",v2,False,1.1182260686839482,0.15384615384615385,0.14228415894990265,-0.011561994896251204,-0.07515296682563277,0.02747251072829754,603.0,753.0,pass,2026-10-02T21:36:31+00:00,sgo_slate_alt_20261002T213627Z.json
BOS@WPG,Kyle Connor,WPG,f1,PP1,SOG,over,5.5,fanduel,550,True,3.5188833524224985,3.303858333434354,0.1587676653868812,0.13129515465858366,19.93354117554885,2516.0816666666665,,"draftkings@3.5,fanduel@3.5,pinnacle@3.5,sgo_fair@3.5",v2,False,1.1182260686839482,0.15384615384615385,0.14228415894990265,-0.011561994896251204,-0.07515296682563277,0.02747251072829754,603.0,753.0,pass,2026-10-02T21:36:31+00:00,sgo_slate_alt_20261002T213627Z.json
NYR@DET,Alexis Lafrenière,NYR,f1,PP1,G,under,0.5,fanduel,-360,False,0.3428666201496105,0.3105338731712222,0.7097328693112752,0.7330554930769804,17.94658220183404,0.0,no NHL data: 85% of positional prior,"fanduel@0.5,pinnacle@0.5,sgo_fair@0.5",v2,False,1.0982596332481283,0.782608695652174,0.7237264435706983,-0.05888225208147568,-0.07523843321521895,-0.023322623765705153,-262.0,-232.0,pass,2026-10-02T21:36:31+00:00,sgo_slate_alt_20261002T213627Z.json
STL@DAL,Roope Hintz,DAL,f2,PP1,G,over,0.5,fanduel,200,False,0.37805896426309227,0.3621866128148956,0.31480990225447386,0.3038475552478205,16.249302644351516,1496.78,,"fanduel@0.5,pinnacle@0.5,sgo_fair@0.5",v2,False,1.0982596332481283,0.3333333333333333,0.3082324940504818,-0.025100839282851506,-0.07530251784855457,0.010962347006653383,224.0,253.0,pass,2026-10-02T21:36:31+00:00,sgo_slate_alt_20261002T213627Z.json
WSH@CAR,Ryan Leonard,WSH,f2,PP2,PTS,under,0.5,draftkings,-150,False,0.6071277948822861,0.5773574302354326,0.5449137275720494,0.5613798937174002,14.79877049597388,1138.4366666666667,,"draftkings@0.5,sgo_fair@0.5",v2,False,1.0468644783193533,0.6,0.5547934272592598,-0.045206572740740136,-0.07534428790123371,-0.01646616614535079,-125.0,-113.0,pass,2026-10-02T21:36:31+00:00,sgo_slate_alt_20261002T213627Z.json
BOS@WPG,Cole Perfetti,WPG,f1,PP1,G,under,0.5,fanduel,-360,False,0.32721169452092,0.3209905168330558,0.7209311097054727,0.7254301303325544,16.53972973493684,1622.8166666666666,,"fanduel@0.5,pinnacle@0.5,sgo_fair@0.5",v2,False,1.0982596332481283,0.782608695652174,0.7236305220817217,-0.05897817357045221,-0.07536099956224451,-0.00449902062708174,-262.0,-232.0,pass,2026-10-02T21:36:31+00:00,sgo_slate_alt_20261002T213627Z.json
NYR@DET,Will Cuylle,NYR,f3,PP2,SOG,under,1.5,draftkings,-105,False,1.7667722169031264,1.8141688515489225,0.48164726635457844,0.4680744915626438,14.475285775016168,1967.8908333333336,,"draftkings@1.5,pinnacle@1.5,sgo_fair@1.5",v2,False,1.1182260686839482,0.5121951219512195,0.47350360147941767,-0.038691520471801855,-0.07554058758780358,0.013572774791934639,111.0,123.0,pass,2026-10-02T21:36:31+00:00,sgo_slate_alt_20261002T213627Z.json
STL@DAL,Jason Robertson,DAL,f2,PP1,PTS,over,2.5,fanduel,630,True,1.2879148227988864,1.1867280039483117,0.14011353900268103,0.11764755111640347,20.375929813628595,2317.33,,"draftkings@1.5,pinnacle@1.5,sgo_fair@1.0",v2,False,1.0468644783193533,0.136986301369863,0.1266339462709145,-0.010352355098948496,-0.07557219222232414,0.022465987886277558,690.0,884.0,pass,2026-10-02T21:36:31+00:00,sgo_slate_alt_20261002T213627Z.json
NYR@DET,Pavel Dorofeyev,NYR,f2,PP1,SOG,over,4.5,fanduel,430,True,2.8810891147159556,2.8682035624444366,0.17563702582143356,0.17359790342276016,16.450106012385557,2082.9491666666668,,"draftkings@2.5,fanduel@2.5,pinnacle@2.5,sgo_fair@3.5",v2,False,1.1182260686839482,0.18867924528301888,0.17441355238222953,-0.014265692900789356,-0.0756081723741836,0.002039122398673404,473.0,569.0,pass,2026-10-02T21:36:31+00:00,sgo_slate_alt_20261002T213627Z.json
BOS@WPG,Josh Morrissey,WPG,d1,PP1,SOG,under,2.5,draftkings,-185,False,2.267287406495546,2.3223860529590477,0.6082976778395468,0.594441822580643,23.689330519334643,2781.5350000000003,,"draftkings@2.5,pinnacle@2.5,sgo_fair@2.5",v2,False,1.1182260686839482,0.6491228070175439,0.5999841646842046,-0.04913864233333931,-0.07570007062163076,0.01385585525890376,-150.0,-135.0,pass,2026-10-02T21:36:31+00:00,sgo_slate_alt_20261002T213627Z.json
NYR@DET,Mika Zibanejad,NYR,f1,PP1,SOG,over,2.5,draftkings,105,False,2.5578884297133944,2.47245746794295,0.46321474868232515,0.4426215405222416,19.315568777005215,2422.4325000000003,,"draftkings@2.5,fanduel@2.5,pinnacle@2.5,sgo_fair@2.5",v2,False,1.1182260686839482,0.4878048780487805,0.450858823786275,-0.03694605426250547,-0.07573941123813632,0.02059320816008353,122.0,135.0,pass,2026-10-02T21:36:31+00:00,sgo_slate_alt_20261002T213627Z.json
ANA@VGK,Tomas Hertl,VGK,f3,PP1,PTS,under,0.5,draftkings,-105,False,0.7768563380820841,0.7289418952919325,0.45984935232534263,0.48241917012582647,14.758236776055922,1974.8158333333336,,"draftkings@0.5,pinnacle@0.5,sgo_fair@0.5",v2,False,1.0468644783193533,0.5121951219512195,0.47339124300563296,-0.03880387894558657,-0.07575995413185954,-0.022569817800483838,111.0,123.0,pass,2026-10-02T21:36:31+00:00,sgo_slate_alt_20261002T213627Z.json
BOS@WPG,Connor Clifton,BOS,d2,-,A,over,0.5,draftkings,550,False,0.14675128054073636,0.1578069910303691,0.13649127786794427,0.14598540145985425,17.62771069175188,1388.8641666666667,,"draftkings@0.5,sgo_fair@0.5",v2,False,1.1032038554164156,0.15384615384615385,0.14218775202309025,-0.011658401823063602,-0.07577961184991333,-0.009494123591909986,603.0,753.0,pass,2026-10-02T21:36:31+00:00,sgo_slate_alt_20261002T213627Z.json
BOS@WPG,Pavel Zacha,BOS,f2,PP1,PTS,under,0.5,draftkings,-115,False,0.7250059123495854,0.691077596731082,0.48432170546766307,0.5010358634478197,16.867313130617127,2032.8025,,"draftkings@0.5,pinnacle@0.5,sgo_fair@0.5",v2,False,1.0468644783193533,0.5348837209302325,0.49435020025575704,-0.040533520674475465,-0.07578006039141083,-0.01671415798015663,102.0,113.0,pass,2026-10-02T21:36:31+00:00,sgo_slate_alt_20261002T213627Z.json
WSH@CAR,Alex Tuch,WSH,f1,PP2,SOG,over,1.5,draftkings,-225,True,2.080022343595709,2.3467326470045298,0.6026571964041268,0.6645384242406821,19.394777971531802,2210.999166666667,,"fanduel@2.5,sgo_fair@2.5",v2,False,1.1182260686839482,0.6923076923076923,0.63978593310606,-0.05252175920163227,-0.0758647632912467,-0.06188122783655525,-178.0,-160.0,pass,2026-10-02T21:36:31+00:00,sgo_slate_alt_20261002T213627Z.json
WSH@CAR,Jalen Chatfield,CAR,d1,-,PTS,over,0.5,draftkings,285,False,0.2645035233960722,0.28116739143058717,0.2324130556500165,0.24509803921568613,21.829586361050403,2140.3241666666668,,"draftkings@0.5,sgo_fair@0.5",v2,False,1.0468644783193533,0.2597402597402597,0.24002404578941827,-0.019716213950841444,-0.07590742371073966,-0.012684983565669633,317.0,365.0,pass,2026-10-02T21:36:31+00:00,sgo_slate_alt_20261002T213627Z.json
ANA@VGK,Mikael Granlund,ANA,f2,PP1,G,under,0.5,fanduel,-420,False,0.3102140860907833,0.2810607100827005,0.7332899522394186,0.7549824990389009,18.703895528300663,1838.5333333333333,,"fanduel@0.5,pinnacle@0.5,sgo_fair@0.5",v2,False,1.0982596332481283,0.8076923076923077,0.746305480319108,-0.06138682737319967,-0.07600273865253282,-0.021692546799482293,-294.0,-259.0,pass,2026-10-02T21:36:31+00:00,sgo_slate_alt_20261002T213627Z.json
BOS@WPG,Josh Morrissey,WPG,d1,PP1,PTS,over,0.5,draftkings,-125,False,0.7397546844785098,0.7070464239753557,0.5227690266725078,0.5069015474554807,23.689330519334643,2781.5350000000003,,"draftkings@0.5,pinnacle@0.5,sgo_fair@0.5",v2,False,1.0468644783193533,0.5555555555555556,0.5132485391422915,-0.042307016413264065,-0.07615262954387525,0.015867479217027136,-105.0,105.0,pass,2026-10-02T21:36:31+00:00,sgo_slate_alt_20261002T213627Z.json
NYR@DET,Alex DeBrincat,DET,f1,PP1,SOG,over,4.5,draftkings,220,True,3.5365140211988266,3.5490445411392613,0.28734308512196755,0.2895803914244475,18.58434807318392,2176.461666666667,,"draftkings@3.5,fanduel@3.5,pinnacle@3.5,sgo_fair@3.5",v2,False,1.1182260686839482,0.3125,0.28868546890345553,-0.023814531096544467,-0.0762064995089422,-0.00223730630247998,246.0,279.0,pass,2026-10-02T21:36:31+00:00,sgo_slate_alt_20261002T213627Z.json
STL@DAL,Jimmy Snuggerud,STL,f1,PP1,SOG,under,2.5,draftkings,-155,False,2.5139109943810083,2.417232982071554,0.5473367714017446,0.5708932439768193,17.487775105522008,1217.4199999999998,,"draftkings@2.5,fanduel@2.5,sgo_fair@2.5",v2,False,1.1182260686839482,0.6078431372549019,0.5614706549467894,-0.04637248230811253,-0.07629021282947557,-0.02355647257507465,-128.0,-116.0,pass,2026-10-02T21:36:31+00:00,sgo_slate_alt_20261002T213627Z.json
STL@DAL,Tyler Seguin,DAL,f2,PP2,G,under,0.5,fanduel,-420,False,0.3170874877270537,0.27718042036682194,0.7282670379106704,0.7579177409772354,14.963038356186521,595.2091666666668,,"fanduel@0.5,pinnacle@0.5,sgo_fair@0.5",v2,False,1.0982596332481283,0.8076923076923077,0.7460574597506093,-0.06163484794169838,-0.07630981173734075,-0.029650703066565032,-294.0,-258.0,pass,2026-10-02T21:36:31+00:00,sgo_slate_alt_20261002T213627Z.json
NYR@DET,Lucas Raymond,DET,f1,PP1,SOG,over,3.5,fanduel,275,True,2.556125798842208,2.450707374197824,0.25931991473379085,0.237635068307981,18.249403362076805,2197.0216666666665,,"draftkings@2.5,fanduel@2.5,pinnacle@2.5,sgo_fair@2.5",v2,False,1.1182260686839482,0.26666666666666666,0.24630900687830495,-0.02035765978836171,-0.07634122420635647,0.02168484642580984,306.0,352.0,pass,2026-10-02T21:36:31+00:00,sgo_slate_alt_20261002T213627Z.json
ANA@VGK,Beckett Sennecke,ANA,f2,PP1,SOG,over,2.5,draftkings,130,False,2.260162779118766,2.3373816371937446,0.38990210742902287,0.40930781568385133,17.087583540737576,1430.5,,"draftkings@2.5,fanduel@2.5,sgo_fair@2.5",v2,False,1.1182260686839482,0.43478260869565216,0.4015455323819199,-0.03323707631373224,-0.0764452755215842,-0.019405708254828458,149.0,166.0,pass,2026-10-02T21:36:31+00:00,sgo_slate_alt_20261002T213627Z.json
WSH@CAR,Alex Ovechkin,WSH,f2,PP1,A,under,0.5,draftkings,-255,False,0.4217372055555731,0.4028943519607772,0.6559063853007976,0.6683827089162597,16.67895270691558,1949.2041666666667,,"draftkings@0.5,sgo_fair@0.5",v2,False,1.1032038554164156,0.7183098591549296,0.6633921794700749,-0.054917679684854726,-0.0764540246593075,-0.012476323615462137,-197.0,-177.0,pass,2026-10-02T21:36:31+00:00,sgo_slate_alt_20261002T213627Z.json
ANA@VGK,Rasmus Andersson,VGK,d2,PP2,G,over,1.5,draftkings,7500,False,0.15009195207497997,0.17374599209156047,0.01019770178654868,0.013454325626393832,21.694549594463403,2772.36,,sgo_fair@0.5,v2,False,1.0982596332481283,0.013157894736842105,0.012151676090455771,-0.001006218646386333,-0.07647261712536135,-0.003256623839845152,8129.0,,pass,2026-10-02T21:36:31+00:00,sgo_slate_alt_20261002T213627Z.json
WSH@CAR,Ilya Protas,WSH,f3,PP2,A,under,0.5,draftkings,-350,False,0.35831405299394026,0.313018632411546,0.6988535634852662,0.7312362877465001,14.695833333333333,63.56666666666667,,"draftkings@0.5,sgo_fair@0.5",v1,False,1.1032038554164156,0.7777777777777778,0.7182831980420066,-0.059494579735771214,-0.07649303108884875,-0.0323827242612339,-255.0,-226.0,pass,2026-10-02T21:36:31+00:00,sgo_slate_alt_20261002T213627Z.json
NYR@DET,Andrew Copp,DET,f1,PP1,A,under,0.5,draftkings,-215,False,0.4662127181808462,0.45884796321690596,0.6273738160354502,0.6320113265643069,17.350846748956222,1679.7833333333333,,"draftkings@0.5,pinnacle@0.5,sgo_fair@0.5",v2,False,1.1032038554164156,0.6825396825396826,0.6301563223527642,-0.05238336018691836,-0.07674771376222922,-0.0046375105288567475,-170.0,-153.0,pass,2026-10-02T21:36:31+00:00,sgo_slate_alt_20261002T213627Z.json
WSH@CAR,Alex Ovechkin,WSH,f2,PP1,G,under,0.5,fanduel,-330,False,0.3635370748202247,0.332412374856016,0.6952129518431469,0.7171915101200468,16.67895270691558,1949.2041666666667,,"fanduel@0.5,pinnacle@0.5,sgo_fair@0.5",v2,False,1.0982596332481283,0.7674418604651163,0.7084000868092868,-0.05904177365582952,-0.07693322021820215,-0.021978558276899873,-243.0,-216.0,pass,2026-10-02T21:36:31+00:00,sgo_slate_alt_20261002T213627Z.json
NYR@DET,Andrew Copp,DET,f1,PP1,G,over,1.5,draftkings,3000,False,0.2602418075737928,0.2704707078075335,0.028523494554896115,0.030605122650699732,17.350846748956222,1679.7833333333333,,"fanduel@0.5,sgo_fair@0.5",v2,False,1.0982596332481283,0.03225806451612903,0.029772471412378286,-0.0024855931037507453,-0.07705338621627311,-0.002081628095803617,3259.0,20854.0,pass,2026-10-02T21:36:31+00:00,sgo_slate_alt_20261002T213627Z.json
STL@DAL,Mason McTavish,STL,f2,PP1,SOG,over,2.5,fanduel,195,True,1.9241016767801815,1.9843384943384519,0.3034630916793925,0.31909576126667055,13.933970658700481,1726.1308333333334,,"fanduel@1.5,sgo_fair@1.5",v2,False,1.1182260686839482,0.3389830508474576,0.31284269343175936,-0.026140357415698257,-0.0771140543763098,-0.015632669587278047,220.0,247.0,pass,2026-10-02T21:36:31+00:00,sgo_slate_alt_20261002T213627Z.json
ANA@VGK,Mark Stone,VGK,f1,PP1,SOG,over,4.5,draftkings,900,True,2.4961662105507703,2.138155851079195,0.11868508218767129,0.07467389857173713,19.299075818445587,1741.9358333333332,,"draftkings@1.5,fanduel@1.5,pinnacle@1.5,sgo_fair@2.5",v2,False,1.1182260686839482,0.1,0.09227837201811079,-0.0077216279818892175,-0.07721627981889212,0.04401118361593416,984.0,1386.0,pass,2026-10-02T21:36:31+00:00,sgo_slate_alt_20261002T213627Z.json
NYR@DET,Alex DeBrincat,DET,f1,PP1,SOG,over,2.5,fanduel,-260,True,3.5365140211988266,3.5490445411392613,0.6651616675955293,0.6673086422617972,18.58434807318392,2176.461666666667,,"draftkings@3.5,fanduel@3.5,pinnacle@3.5,sgo_fair@3.5",v2,False,1.1182260686839482,0.7222222222222222,0.66644985239529,-0.05577236982693223,-0.07722328129882927,-0.002146974666267898,-200.0,-179.0,pass,2026-10-02T21:36:31+00:00,sgo_slate_alt_20261002T213627Z.json
BOS@WPG,Morgan Geekie,BOS,f2,PP1,PTS,under,0.5,draftkings,-120,False,0.7096996290284352,0.671837496412232,0.4917918952871799,0.5107691784465248,17.069132083690253,2012.4566666666665,,"draftkings@0.5,pinnacle@0.5,sgo_fair@0.5",v2,False,1.0468644783193533,0.5454545454545454,0.5031782651827869,-0.04227628027175856,-0.07750651383155738,-0.018977283159344882,-101.0,109.0,pass,2026-10-02T21:36:31+00:00,sgo_slate_alt_20261002T213627Z.json
NYR@DET,Lucas Raymond,DET,f1,PP1,SOG,over,1.5,fanduel,-305,True,2.556125798842208,2.450707374197824,0.7070842505130146,0.6863032509415143,18.249403362076805,2197.0216666666665,,"draftkings@2.5,fanduel@2.5,pinnacle@2.5,sgo_fair@2.5",v2,False,1.1182260686839482,0.7530864197530864,0.6946156507701144,-0.05847076898297199,-0.07764151291181531,0.020780999571500258,-227.0,-203.0,pass,2026-10-02T21:36:31+00:00,sgo_slate_alt_20261002T213627Z.json
ANA@VGK,Victor Olofsson,VGK,f3,PP2,PTS,under,0.5,draftkings,-190,False,0.5209866531011029,0.49263111659439945,0.5939342517109439,0.6110166213911397,13.560078838767604,1437.0491666666667,,"draftkings@0.5,sgo_fair@0.5",v2,False,1.0468644783193533,0.6551724137931034,0.6041836735190613,-0.0509887402740421,-0.07782491936564329,-0.01708236968019572,-153.0,-138.0,pass,2026-10-02T21:36:31+00:00,sgo_slate_alt_20261002T213627Z.json
STL@DAL,Miro Heiskanen,DAL,d1,PP1,PTS,over,0.5,draftkings,-185,False,0.8036757964742296,0.9924636355830904,0.5523196458711954,0.6293376118188502,25.972927915823785,2527.524166666667,,"draftkings@0.5,pinnacle@0.5,sgo_fair@1.0",v2,False,1.0468644783193533,0.6491228070175439,0.5985304254397883,-0.050592381577755585,-0.0779396148630288,-0.07701796594765475,-149.0,-134.0,pass,2026-10-02T21:36:31+00:00,sgo_slate_alt_20261002T213627Z.json
BOS@WPG,James Hagens,BOS,f3,PP2,PTS,over,0.5,draftkings,175,False,0.397640424151678,0.41565288683745133,0.32809641546820245,0.3400907060644245,13.841666666666665,42.55,,"draftkings@0.5,sgo_fair@0.5",v1,False,1.0468644783193533,0.36363636363636365,0.3352929898259357,-0.028343373810427952,-0.07794427797867687,-0.011994290596222035,198.0,222.0,pass,2026-10-02T21:36:31+00:00,sgo_slate_alt_20261002T213627Z.json
WSH@CAR,Tom Wilson,WSH,f1,PP1,G,under,0.5,fanduel,-420,False,0.29822745574003645,0.29251956416596253,0.7421325182476495,0.7463806425782772,18.257601622938086,2083.9066666666668,,"fanduel@0.5,pinnacle@0.5,sgo_fair@0.5",v2,False,1.0982596332481283,0.8076923076923077,0.7446813928460261,-0.06301091484628163,-0.07801351361920572,-0.004248124330627712,-292.0,-257.0,pass,2026-10-02T21:36:31+00:00,sgo_slate_alt_20261002T213627Z.json
WSH@CAR,Jordan Kyrou,WSH,f3,PP2,SOG,over,1.5,draftkings,-195,True,1.9658783555722847,2.207813978177234,0.5734122222327362,0.6334171762502785,14.636186494925454,1777.7216666666668,,"fanduel@2.5,sgo_fair@2.5",v2,False,1.1182260686839482,0.6610169491525424,0.6094151946432615,-0.05160175450928084,-0.07806419271916842,-0.060004954017542245,-156.0,-141.0,pass,2026-10-02T21:36:31+00:00,sgo_slate_alt_20261002T213627Z.json
ANA@VGK,Alex Killorn,ANA,f2,PP2,PTS,over,1.5,draftkings,950,True,0.5395194411119896,0.4590857758493934,0.10241649809258448,0.07806053815686857,18.20901908970822,2007.285,,"draftkings@0.5,pinnacle@0.5,sgo_fair@0.5",v2,False,1.0468644783193533,0.09523809523809523,0.08780292213115494,-0.007435173106940293,-0.07806931762287317,0.024355959935715904,1039.0,1492.0,pass,2026-10-02T21:36:31+00:00,sgo_slate_alt_20261002T213627Z.json
NYR@DET,Lucas Raymond,DET,f1,PP1,SOG,over,2.5,fanduel,106,False,2.556125798842208,2.450707374197824,0.4627939066372968,0.43731701637036935,18.249403362076805,2197.0216666666665,,"draftkings@2.5,fanduel@2.5,pinnacle@2.5,sgo_fair@2.5",v2,False,1.1182260686839482,0.4854368932038835,0.44750777247714035,-0.03792912072674315,-0.07813398869709087,0.025476890266927454,123.0,137.0,pass,2026-10-02T21:36:31+00:00,sgo_slate_alt_20261002T213627Z.json
NYR@DET,Emmitt Finnie,DET,f2,PP2,A,over,0.5,draftkings,240,False,0.2680583872906161,0.3497010363609289,0.23513687848625686,0.2951012026701864,16.128041073700665,1271.0,,"draftkings@0.5,sgo_fair@0.5",v2,False,1.1032038554164156,0.29411764705882354,0.2711154729966146,-0.023002174062208947,-0.07820739181151037,-0.05996432418392955,269.0,306.0,pass,2026-10-02T21:36:31+00:00,sgo_slate_alt_20261002T213627Z.json
NYR@DET,Mika Zibanejad,NYR,f1,PP1,SOG,over,3.5,fanduel,270,True,2.5578884297133944,2.47245746794295,0.2596850260937461,0.24208249953427577,19.315568777005215,2422.4325000000003,,"draftkings@2.5,fanduel@2.5,pinnacle@2.5,sgo_fair@2.5",v2,False,1.1182260686839482,0.2702702702702703,0.2491235101580639,-0.021146760112206398,-0.07824301241516363,0.01760252655947034,301.0,346.0,pass,2026-10-02T21:36:31+00:00,sgo_slate_alt_20261002T213627Z.json
ANA@VGK,Leo Carlsson,ANA,f1,PP1,SOG,under,2.5,fanduel,-146,False,2.6147602429764167,2.4504871633866157,0.5233020496086642,0.5627368127268988,17.96890196451367,1895.936666666667,,"draftkings@2.5,fanduel@2.5,pinnacle@2.5,sgo_fair@2.5",v2,False,1.1182260686839482,0.5934959349593496,0.546962907479605,-0.04653302747974464,-0.07840496410970665,-0.03943476311823457,-121.0,-109.0,pass,2026-10-02T21:36:31+00:00,sgo_slate_alt_20261002T213627Z.json
ANA@VGK,Mark Stone,VGK,f1,PP1,A,over,1.5,draftkings,550,True,0.7254798524768025,0.6138519666434453,0.16470862702399555,0.12648337705529591,19.299075818445587,1741.9358333333332,,"draftkings@0.5,pinnacle@0.5,sgo_fair@0.5",v2,False,1.1032038554164156,0.15384615384615385,0.14177347704277576,-0.01207267680337809,-0.07847239922195759,0.03822524996869964,605.0,756.0,pass,2026-10-02T21:36:31+00:00,sgo_slate_alt_20261002T213627Z.json
BOS@WPG,David Pastrnak,BOS,f1,PP1,PTS,over,0.5,fanduel,-265,True,1.066842862816821,1.1322324619603372,0.6559068463650666,0.6776870986528015,19.305080809204785,2352.8866666666668,,"draftkings@1.5,pinnacle@0.5,sgo_fair@1.0",v2,False,1.0468644783193533,0.726027397260274,0.6689749977377075,-0.057052399522566466,-0.07858160688957272,-0.021780252287734947,-202.0,-181.0,pass,2026-10-02T21:36:31+00:00,sgo_slate_alt_20261002T213627Z.json
BOS@WPG,Kyle Connor,WPG,f1,PP1,SOG,under,3.5,draftkings,-160,False,3.5188833524224985,3.303858333434354,0.5408457039533326,0.5843110769869776,19.93354117554885,2516.0816666666665,,"draftkings@3.5,fanduel@3.5,pinnacle@3.5,sgo_fair@3.5",v2,False,1.1182260686839482,0.6153846153846154,0.5669249277735195,-0.04845968761109587,-0.07874699236803073,-0.04346537303364495,-131.0,-118.0,pass,2026-10-02T21:36:31+00:00,sgo_slate_alt_20261002T213627Z.json
WSH@CAR,Sebastian Aho,CAR,f1,PP1,A,over,0.5,fanduel,-106,False,0.6896869772734604,0.6122660475094064,0.4982669016496532,0.4578789958166868,19.607974986022285,2284.8791666666666,,"draftkings@0.5,pinnacle@0.5,sgo_fair@0.5",v2,False,1.1032038554164156,0.5145631067961165,0.4740341581498734,-0.040528948646243124,-0.07876380585968001,0.04038790583296642,111.0,123.0,pass,2026-10-02T21:36:31+00:00,sgo_slate_alt_20261002T213627Z.json
ANA@VGK,Rasmus Andersson,VGK,d2,PP2,PTS,over,0.5,draftkings,120,False,0.5520918749261587,0.535920044204475,0.4242558349921852,0.4148693036882832,21.694549594463403,2772.36,,"draftkings@0.5,pinnacle@0.5,sgo_fair@0.5",v2,False,1.0468644783193533,0.45454545454545453,0.41862391620984396,-0.03592153833561057,-0.07902738433834322,0.009386531303902046,139.0,154.0,pass,2026-10-02T21:36:31+00:00,sgo_slate_alt_20261002T213627Z.json
ANA@VGK,Ivan Barbashev,VGK,f1,-,SOG,over,3.5,draftkings,650,True,1.8094396661884347,1.8618637450257456,0.1175604767972581,0.12627789941164083,16.2984941270241,1875.4308333333333,,"draftkings@1.5,pinnacle@1.5,sgo_fair@2.0",v2,False,1.1182260686839482,0.13333333333333333,0.12279093036588773,-0.010542402967445602,-0.07906802225584197,-0.008717422614382728,714.0,923.0,pass,2026-10-02T21:36:31+00:00,sgo_slate_alt_20261002T213627Z.json
WSH@CAR,Jackson Blake,CAR,f2,PP1,PTS,over,1.5,draftkings,425,True,0.7913751853620565,0.7318317209230594,0.1881109616943852,0.16694205242882362,17.175685133360474,1856.5166666666667,,"draftkings@0.5,pinnacle@0.5,sgo_fair@0.5",v2,False,1.0468644783193533,0.19047619047619047,0.17540961613504824,-0.015066574341142225,-0.07909951529099679,0.021168909265561586,470.0,565.0,pass,2026-10-02T21:36:31+00:00,sgo_slate_alt_20261002T213627Z.json
WSH@CAR,Sebastian Aho,CAR,f1,PP1,SOG,over,4.5,fanduel,600,True,2.657196105643229,2.5417427564759048,0.14144607841754908,0.12495654439569683,19.607974986022285,2284.8791666666666,,"draftkings@2.5,fanduel@2.5,pinnacle@2.5,sgo_fair@2.5",v2,False,1.1182260686839482,0.14285714285714285,0.1315523580044377,-0.011304784852705141,-0.0791334939689361,0.016489534021852256,660.0,839.0,pass,2026-10-02T21:36:31+00:00,sgo_slate_alt_20261002T213627Z.json
STL@DAL,Jason Robertson,DAL,f2,PP1,SOG,under,3.5,draftkings,-135,False,3.681544311815819,3.511385545036372,0.5089570922362221,0.5423377662307949,20.375929813628595,2317.33,,"draftkings@3.5,fanduel@3.5,pinnacle@3.5,sgo_fair@3.5",v2,False,1.1182260686839482,0.574468085106383,0.5289854966329658,-0.04548258847341724,-0.0791733947500225,-0.033380673994572785,-112.0,-102.0,pass,2026-10-02T21:36:31+00:00,sgo_slate_alt_20261002T213627Z.json
ANA@VGK,Shea Theodore,VGK,d1,PP1,PTS,over,1.5,draftkings,340,True,0.725422041870741,0.9313441592765604,0.16468832421022325,0.2390045827801381,24.38074349382845,2282.9841666666666,,"draftkings@0.5,pinnacle@0.5,sgo_fair@1.0",v2,False,1.0468644783193533,0.22727272727272727,0.20927807935217213,-0.017994647920555135,-0.07917645085044256,-0.07431625856991483,378.0,443.0,pass,2026-10-02T21:36:31+00:00,sgo_slate_alt_20261002T213627Z.json
STL@DAL,Jake Neighbours,STL,f3,PP2,A,under,0.5,draftkings,-400,False,0.34690059155409847,0.2790692381702251,0.7068755941694411,0.7564875235898021,14.386548929610665,1637.3983333333333,,"draftkings@0.5,sgo_fair@0.5",v2,False,1.1032038554164156,0.8,0.7366427518216576,-0.06335724817834243,-0.07919656022292798,-0.04961192942036097,-280.0,-247.0,pass,2026-10-02T21:36:31+00:00,sgo_slate_alt_20261002T213627Z.json
STL@DAL,Wyatt Johnston,DAL,f1,PP1,SOG,under,2.5,draftkings,-110,False,2.8903229975497946,2.7296758812251145,0.46080114008906314,0.49664792770494526,20.913031427503284,2348.4791666666665,,"draftkings@2.5,fanduel@2.5,pinnacle@2.5,sgo_fair@2.5",v2,False,1.1182260686839482,0.5238095238095238,0.4823092126585924,-0.041500311150931446,-0.07922786674268723,-0.035846787615882114,107.0,119.0,pass,2026-10-02T21:36:31+00:00,sgo_slate_alt_20261002T213627Z.json
STL@DAL,Mikko Rantanen,DAL,f1,PP1,SOG,over,5.5,draftkings,1600,True,2.6010531603381617,2.498906549571997,0.05895721397433567,0.05096198768945349,20.640933758585803,2075.3450000000003,,"draftkings@2.5,fanduel@2.5,pinnacle@2.5,sgo_fair@2.5",v2,False,1.1182260686839482,0.058823529411764705,0.05416007820340636,-0.0046634512083583435,-0.07927867054209181,0.007995226284882181,1746.0,3329.0,pass,2026-10-02T21:36:31+00:00,sgo_slate_alt_20261002T213627Z.json
BOS@WPG,Fraser Minten,BOS,f3,PP2,A,over,0.5,draftkings,300,False,0.2559948190355999,0.2653379239027044,0.2258540203953808,0.23305326345326471,15.046893153269307,1413.0508333333335,,"draftkings@0.5,sgo_fair@0.5",v2,False,1.1032038554164156,0.25,0.23017356623011115,-0.01982643376988885,-0.0793057350795554,-0.007199243057883914,334.0,387.0,pass,2026-10-02T21:36:31+00:00,sgo_slate_alt_20261002T213627Z.json
WSH@CAR,Nikolaj Ehlers,CAR,f3,PP1,A,over,1.5,draftkings,750,True,0.6272963558057655,0.5098789811348887,0.13096892558472817,0.0932146157887585,16.96250861269781,1870.6825,,"draftkings@0.5,pinnacle@0.5,sgo_fair@0.5",v2,False,1.1032038554164156,0.11764705882352941,0.10831633970714637,-0.009330719116383043,-0.07931111248925593,0.037754309795969665,823.0,1100.0,pass,2026-10-02T21:36:31+00:00,sgo_slate_alt_20261002T213627Z.json
ANA@VGK,Jack Eichel,VGK,f1,PP1,SOG,over,4.5,fanduel,265,True,3.4094308224759353,3.28994845954436,0.264786845200433,0.24386692135701166,20.597276930957293,2298.3541666666665,,"draftkings@3.5,fanduel@3.5,pinnacle@2.5,sgo_fair@3.5",v2,False,1.1182260686839482,0.273972602739726,0.2522348908943802,-0.021737711845345786,-0.07934264823551218,0.02091992384342134,296.0,340.0,pass,2026-10-02T21:36:31+00:00,sgo_slate_alt_20261002T213627Z.json
ANA@VGK,Tomas Hertl,VGK,f3,PP1,A,under,0.5,draftkings,-235,False,0.48639007367282316,0.4060154188833554,0.6148419268824252,0.6662998937453408,14.758236776055922,1974.8158333333336,,"draftkings@0.5,pinnacle@0.5,sgo_fair@0.5",v2,False,1.1032038554164156,0.7014925373134329,0.6457167070001746,-0.05577583031325828,-0.07951022619124049,-0.051457966862915594,-182.0,-164.0,pass,2026-10-02T21:36:31+00:00,sgo_slate_alt_20261002T213627Z.json
WSH@CAR,Jordan Staal,CAR,f3,PP2,PTS,under,0.5,draftkings,-180,False,0.550266545026051,0.5081103057993687,0.5767960477714884,0.6016314046688217,16.336095233703357,1752.3600000000001,,"draftkings@0.5,sgo_fair@0.5",v2,False,1.0468644783193533,0.6428571428571429,0.5916972619098884,-0.051159880947254543,-0.07958203702906252,-0.024835356897333294,-145.0,-131.0,pass,2026-10-02T21:36:31+00:00,sgo_slate_alt_20261002T213627Z.json
WSH@CAR,Jakob Chychrun,WSH,d1,PP1,PTS,over,0.5,draftkings,-110,False,0.6426861735595096,0.6681059652455962,0.47412207428001857,0.4873213099598536,21.891377326993766,2568.704166666667,,"draftkings@0.5,pinnacle@0.5,sgo_fair@0.5",v2,False,1.0468644783193533,0.5238095238095238,0.4820416156879196,-0.04176790812160425,-0.07973873368669893,-0.013199235679835053,107.0,119.0,pass,2026-10-02T21:36:31+00:00,sgo_slate_alt_20261002T213627Z.json
STL@DAL,Robert Thomas,STL,f1,PP1,G,under,0.5,fanduel,-400,False,0.3470329785104103,0.27995466423903104,0.7067820192552237,0.7558180062634772,18.68804235636643,1845.6466666666668,,"fanduel@0.5,pinnacle@0.5,sgo_fair@0.5",v2,False,1.0982596332481283,0.8,0.7362036114601758,-0.06379638853982428,-0.07974548567478035,-0.04903598700825351,-279.0,-246.0,pass,2026-10-02T21:36:31+00:00,sgo_slate_alt_20261002T213627Z.json
WSH@CAR,Aliaksei Protas,WSH,f3,-,PTS,over,0.5,draftkings,135,False,0.4854171411382728,0.5046292824781854,0.38455958230492443,0.3962706530061783,16.074257638877974,1948.75,,"draftkings@0.5,sgo_fair@0.5",v2,False,1.0468644783193533,0.425531914893617,0.3915862247256767,-0.0339456901679403,-0.07977237189465969,-0.011711070701253878,155.0,173.0,pass,2026-10-02T21:36:31+00:00,sgo_slate_alt_20261002T213627Z.json
ANA@VGK,Ryan Poehling,ANA,f3,PP2,PTS,under,0.5,draftkings,-225,False,0.49934751776375236,0.41985366382934447,0.6069265393320001,0.6571429765660435,12.623491757963661,1554.775,,"draftkings@0.5,sgo_fair@0.5",v2,False,1.0468644783193533,0.6923076923076923,0.6370564016724262,-0.055251290635266126,-0.07980741980649553,-0.05021643723404334,-176.0,-158.0,pass,2026-10-02T21:36:31+00:00,sgo_slate_alt_20261002T213627Z.json
NYR@DET,Oliver Bjorkstrand,NYR,f2,PP2,SOG,over,2.5,draftkings,260,True,1.64419310790154,1.8021774046685863,0.23124603099013177,0.2718375294658144,13.833854577852438,1656.3891666666668,,"draftkings@1.5,fanduel@1.5,pinnacle@1.5,sgo_fair@2.0",v2,False,1.1182260686839482,0.2777777777777778,0.25560093007554135,-0.022176847702236435,-0.0798366517280511,-0.040591498475682636,291.0,334.0,pass,2026-10-02T21:36:31+00:00,sgo_slate_alt_20261002T213627Z.json
ANA@VGK,Jackson LaCombe,ANA,d1,PP1,SOG,over,1.5,draftkings,-140,False,1.745925016041635,1.8898617382863467,0.5122913276330706,0.5529984749219816,25.36882371969002,2740.9808333333335,,"draftkings@1.5,fanduel@1.5,pinnacle@1.5,sgo_fair@2.5",v2,False,1.1182260686839482,0.5833333333333334,0.5367156160064173,-0.04661771732691611,-0.07991608684614182,-0.040707147288911005,-116.0,-105.0,pass,2026-10-02T21:36:31+00:00,sgo_slate_alt_20261002T213627Z.json
ANA@VGK,Mikael Granlund,ANA,f2,PP1,G,over,1.5,fanduel,2500,True,0.3102140860907833,0.2810607100827005,0.03923317538707598,0.03282158368121384,18.703895528300663,1838.5333333333333,,"fanduel@0.5,pinnacle@0.5,sgo_fair@0.5",v2,False,1.0982596332481283,0.038461538461538464,0.03538622036355869,-0.0030753180979797706,-0.07995827054747395,0.006411591705862141,2726.0,9528.0,pass,2026-10-02T21:36:31+00:00,sgo_slate_alt_20261002T213627Z.json
ANA@VGK,Mikael Granlund,ANA,f2,PP1,G,over,1.5,draftkings,2500,False,0.3102140860907833,0.2810607100827005,0.03923317538707598,0.03282158368121384,18.703895528300663,1838.5333333333333,,"fanduel@0.5,pinnacle@0.5,sgo_fair@0.5",v2,False,1.0982596332481283,0.038461538461538464,0.03538622036355869,-0.0030753180979797706,-0.07995827054747395,0.006411591705862141,2726.0,9528.0,pass,2026-10-02T21:36:31+00:00,sgo_slate_alt_20261002T213627Z.json
ANA@VGK,Noah Hanifin,VGK,d3,-,A,under,0.5,draftkings,-425,False,0.3299246813257055,0.27199280561397204,0.7189778838536904,0.7618597421832054,19.968877482084444,2399.423333333333,,"draftkings@0.5,sgo_fair@0.5",v2,False,1.1032038554164156,0.8095238095238095,0.7447069988513995,-0.06481681067241007,-0.08006782494827125,-0.042881858329514966,-292.0,-257.0,pass,2026-10-02T21:36:31+00:00,sgo_slate_alt_20261002T213627Z.json
NYR@DET,Pavel Dorofeyev,NYR,f2,PP1,SOG,under,2.5,fanduel,-102,False,2.8810891147159556,2.8682035624444366,0.4628150190704198,0.4656349771376411,16.450106012385557,2082.9491666666668,,"draftkings@2.5,fanduel@2.5,pinnacle@2.5,sgo_fair@3.5",v2,False,1.1182260686839482,0.504950495049505,0.46450699391075256,-0.04044350113875239,-0.0800939924512547,-0.002819958067221351,115.0,128.0,pass,2026-10-02T21:36:31+00:00,sgo_slate_alt_20261002T213627Z.json
STL@DAL,Dylan Holloway,STL,f1,PP1,SOG,under,2.5,fanduel,-115,False,2.7192783828303067,2.7713182715092874,0.4990258971581659,0.48719327213258357,18.08848697930289,1659.9508333333333,,"draftkings@2.5,fanduel@2.5,pinnacle@2.5,sgo_fair@2.5",v2,False,1.1182260686839482,0.5348837209302325,0.4919263221428165,-0.042957398787416,-0.08031165860256051,0.011832625025582355,103.0,114.0,pass,2026-10-02T21:36:31+00:00,sgo_slate_alt_20261002T213627Z.json
ANA@VGK,Shea Theodore,VGK,d1,PP1,A,over,0.5,draftkings,100,False,0.6052634957106972,0.6230021988162112,0.4540694426741258,0.463668156683524,24.38074349382845,2282.9841666666666,,"draftkings@0.5,pinnacle@0.5,sgo_fair@0.5",v2,False,1.1032038554164156,0.5,0.4598286710797647,-0.04017132892023528,-0.08034265784047057,-0.009598714009398213,117.0,130.0,pass,2026-10-02T21:36:31+00:00,sgo_slate_alt_20261002T213627Z.json
NYR@DET,Nate Danielson,DET,f3,-,PTS,under,0.5,draftkings,-450,False,0.2739494641685667,0.291816705742763,0.7603705002453819,0.7469054269027637,11.761713412247646,309.48333333333335,,"draftkings@0.5,sgo_fair@0.5",v2,False,1.0468644783193533,0.8181818181818182,0.7522914562398111,-0.06589036194200715,-0.08053266459578634,0.01346507334261815,-304.0,-267.0,pass,2026-10-02T21:36:31+00:00,sgo_slate_alt_20261002T213627Z.json
WSH@CAR,Dylan Strome,WSH,f2,PP1,PTS,under,0.5,draftkings,-120,False,0.6884559514526267,0.6911997455043737,0.502351125074963,0.5009746662693806,16.4350786487246,2084.476666666667,,"draftkings@0.5,pinnacle@0.5,sgo_fair@0.5",v2,False,1.0468644783193533,0.5454545454545454,0.5015252497916136,-0.0439292956629318,-0.08053704204870826,0.001376458805582459,-101.0,110.0,pass,2026-10-02T21:36:31+00:00,sgo_slate_alt_20261002T213627Z.json
ANA@VGK,William Karlsson,VGK,f2,PP2,PTS,over,0.5,draftkings,120,False,0.5219651628865509,0.5538604353690865,0.4066466345184892,0.42527317347020016,16.71967523099671,635.2708333333334,,"draftkings@0.5,pinnacle@0.5,sgo_fair@0.5",v2,False,1.0468644783193533,0.45454545454545453,0.4178225578895158,-0.03672289665593875,-0.08079037264306521,-0.018626538951710958,139.0,155.0,pass,2026-10-02T21:36:31+00:00,sgo_slate_alt_20261002T213627Z.json
NYR@DET,Moritz Seider,DET,d1,PP1,SOG,over,2.5,fanduel,122,False,2.3370677729229246,2.3691295967170483,0.4092294317870579,0.4172143309554085,24.012255414088816,3029.8125,,"draftkings@2.5,fanduel@2.5,pinnacle@2.5,sgo_fair@2.5",v2,False,1.1182260686839482,0.45045045045045046,0.41402037128806823,-0.03643007916238222,-0.08087477574048862,-0.007984899168350601,142.0,157.0,pass,2026-10-02T21:36:31+00:00,sgo_slate_alt_20261002T213627Z.json
NYR@DET,Viktor Arvidsson,DET,f2,PP1,PTS,over,0.5,fanduel,-130,False,0.7403263149545601,0.7275486072772778,0.523041748485501,0.5169082125603864,13.767299701510195,1459.4783333333332,,sgo_fair@0.5,v2,False,1.0468644783193533,0.5652173913043478,0.5193616269304322,-0.045855764373915586,-0.08112942927692768,0.006133535925114564,-108.0,102.0,pass,2026-10-02T21:36:31+00:00,sgo_slate_alt_20261002T213627Z.json
WSH@CAR,Jackson Blake,CAR,f2,PP1,SOG,over,3.5,draftkings,295,True,2.455398771532545,2.406356071387941,0.23859307225402368,0.22861542476268593,17.175685133360474,1856.5166666666667,,"draftkings@2.5,fanduel@2.5,pinnacle@2.5,sgo_fair@2.5",v2,False,1.1182260686839482,0.25316455696202533,0.23260648375922105,-0.020558073202804283,-0.08120438915107686,0.009977647491337754,330.0,382.0,pass,2026-10-02T21:36:31+00:00,sgo_slate_alt_20261002T213627Z.json
NYR@DET,Andrew Copp,DET,f1,PP1,PTS,over,0.5,draftkings,-110,False,0.621992280201299,0.6797571979007946,0.46312623156711785,0.493259985030702,17.350846748956222,1679.7833333333333,,"draftkings@0.5,pinnacle@0.5,sgo_fair@0.5",v2,False,1.0468644783193533,0.5238095238095238,0.4812064836452683,-0.042603040164255535,-0.08133307667721501,-0.030133753463584156,108.0,119.0,pass,2026-10-02T21:36:31+00:00,sgo_slate_alt_20261002T213627Z.json
NYR@DET,Alex DeBrincat,DET,f1,PP1,SOG,under,3.5,draftkings,-140,False,3.5365140211988266,3.5490445411392613,0.5373445494976884,0.5348625464525625,18.58434807318392,2176.461666666667,,"draftkings@3.5,fanduel@3.5,pinnacle@3.5,sgo_fair@3.5",v2,False,1.1182260686839482,0.5833333333333334,0.5358553476706128,-0.047477985662720545,-0.08139083256466362,0.0024820030451259134,-115.0,-104.0,pass,2026-10-02T21:36:31+00:00,sgo_slate_alt_20261002T213627Z.json
STL@DAL,Wyatt Johnston,DAL,f1,PP1,A,over,1.5,fanduel,870,True,0.5649142251024722,0.4799194747940625,0.11048882690019514,0.08417666389338603,20.913031427503284,2348.4791666666665,,"draftkings@0.5,pinnacle@0.5,sgo_fair@0.5",v2,False,1.1032038554164156,0.10309278350515463,0.09470152909610968,-0.008391254409044951,-0.08139516776773614,0.02631216300680911,956.0,1335.0,pass,2026-10-02T21:36:31+00:00,sgo_slate_alt_20261002T213627Z.json
STL@DAL,Pavel Buchnevich,STL,f2,PP2,PTS,under,0.5,draftkings,-190,False,0.5334939103046795,0.49098729815955866,0.586552025199772,0.612021847755836,16.403434835413165,2103.6908333333336,,"draftkings@0.5,sgo_fair@0.5",v2,False,1.0468644783193533,0.6551724137931034,0.6018339187334104,-0.053338495059693014,-0.08141138719637364,-0.025469822556064003,-151.0,-136.0,pass,2026-10-02T21:36:31+00:00,sgo_slate_alt_20261002T213627Z.json
STL@DAL,Nils Lundkvist,DAL,d2,-,PTS,under,0.5,draftkings,-575,False,0.2314576539480797,0.2547152934066916,0.793376291145415,0.7751371532068252,17.066073265131493,1120.4783333333332,,"draftkings@0.5,sgo_fair@0.5",v2,False,1.0468644783193533,0.8518518518518519,0.7824328083822611,-0.06941904346959071,-0.08149192059473698,0.018239137938589778,-360.0,-312.0,pass,2026-10-02T21:36:31+00:00,sgo_slate_alt_20261002T213627Z.json
ANA@VGK,Ivan Barbashev,VGK,f1,-,PTS,over,0.5,draftkings,-140,False,0.7810791293473323,0.7582699042968668,0.542088401259036,0.5315237649935489,16.2984941270241,1875.4308333333333,,"draftkings@0.5,pinnacle@0.5,sgo_fair@0.5",v2,False,1.0468644783193533,0.5833333333333334,0.5357496194997438,-0.047583713833589614,-0.08157208085758205,0.010564636265487093,-115.0,-104.0,pass,2026-10-02T21:36:31+00:00,sgo_slate_alt_20261002T213627Z.json
ANA@VGK,Mikael Granlund,ANA,f2,PP1,SOG,over,4.5,draftkings,1500,True,2.02184645794625,1.9313774661704575,0.0625621739362024,0.053933220682614434,18.703895528300663,1838.5333333333333,,"draftkings@1.5,fanduel@1.5,pinnacle@1.5,sgo_fair@2.0",v2,False,1.1182260686839482,0.0625,0.05738480198404962,-0.005115198015950381,-0.0818431682552061,0.008628953253587972,1643.0,2988.0,pass,2026-10-02T21:36:31+00:00,sgo_slate_alt_20261002T213627Z.json
WSH@CAR,Sebastian Aho,CAR,f1,PP1,SOG,over,2.5,draftkings,-105,False,2.657196105643229,2.5417427564759048,0.48663483625739784,0.45935333679406654,19.607974986022285,2284.8791666666666,,"draftkings@2.5,fanduel@2.5,pinnacle@2.5,sgo_fair@2.5",v2,False,1.1182260686839482,0.5121951219512195,0.4702659365793991,-0.04192918537182044,-0.08186174286879233,0.027281499463331305,113.0,125.0,pass,2026-10-02T21:36:31+00:00,sgo_slate_alt_20261002T213627Z.json
NYR@DET,Pavel Dorofeyev,NYR,f2,PP1,SOG,over,2.5,draftkings,-140,False,2.8810891147159556,2.8682035624444366,0.5371849809295802,0.5343650228623589,16.450106012385557,2082.9491666666668,,"draftkings@2.5,fanduel@2.5,pinnacle@2.5,sgo_fair@3.5",v2,False,1.1182260686839482,0.5833333333333334,0.5354930060892474,-0.047840327244085934,-0.08201198956129008,0.002819958067221351,-115.0,-104.0,pass,2026-10-02T21:36:31+00:00,sgo_slate_alt_20261002T213627Z.json
NYR@DET,J.T. Miller,NYR,f2,PP1,SOG,under,1.5,draftkings,135,False,2.0405303472808645,2.1530253982401297,0.40727064087136944,0.37951688309519593,17.08771264101801,1991.3375,,"draftkings@1.5,fanduel@1.5,pinnacle@2.5,sgo_fair@2.0",v2,False,1.1182260686839482,0.425531914893617,0.39061838620566536,-0.03491352868795167,-0.08204679241668633,0.027753757776173504,156.0,174.0,pass,2026-10-02T21:36:31+00:00,sgo_slate_alt_20261002T213627Z.json
STL@DAL,Jimmy Snuggerud,STL,f1,PP1,PTS,under,0.5,draftkings,-115,False,0.7410583442949129,0.6931471805599454,0.4766092318421732,0.5,17.487775105522008,1217.4199999999998,,"draftkings@0.5,sgo_fair@0.5",v2,False,1.0468644783193533,0.5348837209302325,0.49064369273686925,-0.04424002819336326,-0.08270961792672282,-0.023390768157826813,104.0,115.0,pass,2026-10-02T21:36:31+00:00,sgo_slate_alt_20261002T213627Z.json
WSH@CAR,Ilya Protas,WSH,f3,PP2,PTS,under,0.5,draftkings,-190,False,0.5397983936632074,0.4893601698826624,0.582865749958154,0.6130184964281269,14.695833333333333,63.56666666666667,,"draftkings@0.5,sgo_fair@0.5",v1,False,1.0468644783193533,0.6551724137931034,0.6009573978401377,-0.05421501595296574,-0.08274923487557939,-0.030152746469972902,-151.0,-136.0,pass,2026-10-02T21:36:31+00:00,sgo_slate_alt_20261002T213627Z.json
WSH@CAR,Jordan Kyrou,WSH,f3,PP2,G,over,0.5,fanduel,330,False,0.2316693180521986,0.24545932853495947,0.20679162036543283,0.2176548977310696,14.636186494925454,1777.7216666666668,,"fanduel@0.5,sgo_fair@0.5",v2,False,1.0982596332481283,0.23255813953488372,0.2133095867848149,-0.019248552750068815,-0.08276877682529593,-0.010863277365636775,369.0,431.0,pass,2026-10-02T21:36:31+00:00,sgo_slate_alt_20261002T213627Z.json
NYR@DET,Pavel Dorofeyev,NYR,f2,PP1,PTS,over,0.5,draftkings,-125,False,0.7261533935116563,0.7032736565687397,0.5162337258313217,0.505037687942069,16.450106012385557,2082.9491666666668,,"draftkings@0.5,pinnacle@0.5,sgo_fair@0.5",v2,False,1.0468644783193533,0.5555555555555556,0.5095161030977701,-0.04603945245778551,-0.0828710144240139,0.011196037889252608,-104.0,106.0,pass,2026-10-02T21:36:31+00:00,sgo_slate_alt_20261002T213627Z.json
NYR@DET,Alexis Lafrenière,NYR,f1,PP1,PTS,over,0.5,draftkings,-120,False,0.6823970707442594,0.7010419497141045,0.4945959500701489,0.5039318436562997,17.94658220183404,0.0,no NHL data: 85% of positional prior,"draftkings@0.5,pinnacle@0.5,sgo_fair@0.5",v2,False,1.0468644783193533,0.5454545454545454,0.5001974862218393,-0.045257059232706065,-0.08297127525996106,-0.009335893586150834,-100.0,110.0,pass,2026-10-02T21:36:31+00:00,sgo_slate_alt_20261002T213627Z.json
STL@DAL,Pavel Buchnevich,STL,f2,PP2,G,over,0.5,fanduel,320,False,0.24220184443414666,0.24906471932920501,0.21510226567712198,0.22047047887560287,16.403434835413165,2103.6908333333336,,"fanduel@0.5,sgo_fair@0.5",v2,False,1.0982596332481283,0.23809523809523808,0.2183231935962105,-0.019772044499027586,-0.08304258689591593,-0.005368213198480881,358.0,417.0,pass,2026-10-02T21:36:31+00:00,sgo_slate_alt_20261002T213627Z.json
ANA@VGK,Mark Stone,VGK,f1,PP1,G,over,1.5,draftkings,1000,False,0.5090359812916607,0.4552743897893958,0.09295657947593394,0.07695742879873894,19.299075818445587,1741.9358333333332,,"fanduel@0.5,pinnacle@0.5,sgo_fair@0.5",v2,False,1.0982596332481283,0.09090909090909091,0.08335708906961695,-0.007552001839473965,-0.08307202023421356,0.015999150677194998,1100.0,1614.0,pass,2026-10-02T21:36:31+00:00,sgo_slate_alt_20261002T213627Z.json
ANA@VGK,Mark Stone,VGK,f1,PP1,G,over,1.5,fanduel,1000,True,0.5090359812916607,0.4552743897893958,0.09295657947593394,0.07695742879873894,19.299075818445587,1741.9358333333332,,"fanduel@0.5,pinnacle@0.5,sgo_fair@0.5",v2,False,1.0982596332481283,0.09090909090909091,0.08335708906961695,-0.007552001839473965,-0.08307202023421356,0.015999150677194998,1100.0,1614.0,pass,2026-10-02T21:36:31+00:00,sgo_slate_alt_20261002T213627Z.json
WSH@CAR,Shayne Gostisbehere,CAR,d3,PP1,SOG,over,3.5,draftkings,550,True,2.0891866192908224,1.8477533987914245,0.16670618057733536,0.12390716926072844,16.932991501259885,1660.3433333333335,,"draftkings@1.5,pinnacle@1.5,sgo_fair@1.5",v2,False,1.1182260686839482,0.15384615384615385,0.14102677378737122,-0.012819380058782637,-0.08332597038208711,0.04279901131660692,609.0,762.0,pass,2026-10-02T21:36:31+00:00,sgo_slate_alt_20261002T213627Z.json
BOS@WPG,David Pastrnak,BOS,f1,PP1,A,under,0.5,draftkings,-115,False,0.7684723966625088,0.6773636458637263,0.4637209091320328,0.5079543763031485,19.305080809204785,2352.8866666666668,,"draftkings@0.5,pinnacle@0.5,sgo_fair@0.5",v2,False,1.1032038554164156,0.5348837209302325,0.49026098943470225,-0.044622731495530255,-0.08342510670903502,-0.04423346717111576,104.0,115.0,pass,2026-10-02T21:36:31+00:00,sgo_slate_alt_20261002T213627Z.json
STL@DAL,Jake Neighbours,STL,f3,PP2,PTS,under,0.5,draftkings,-210,False,0.5236366995136039,0.446797594336162,0.5923623820616017,0.639673368685427,14.386548929610665,1637.3983333333333,,"draftkings@0.5,sgo_fair@0.5",v2,False,1.0468644783193533,0.6774193548387096,0.6207489740358969,-0.056670380802812725,-0.08365627642319973,-0.04731098662382527,-164.0,-147.0,pass,2026-10-02T21:36:31+00:00,sgo_slate_alt_20261002T213627Z.json
BOS@WPG,David Pastrnak,BOS,f1,PP1,A,over,1.5,fanduel,470,True,0.7684723966625088,0.6773636458637263,0.1799223724447567,0.14797579543171593,19.305080809204785,2352.8866666666668,,"draftkings@0.5,pinnacle@0.5,sgo_fair@0.5",v2,False,1.1032038554164156,0.17543859649122806,0.16075442623693226,-0.014684170254295803,-0.08369977044948607,0.03194657701304077,522.0,637.0,pass,2026-10-02T21:36:31+00:00,sgo_slate_alt_20261002T213627Z.json
ANA@VGK,Jackson LaCombe,ANA,d1,PP1,PTS,over,1.5,draftkings,500,True,0.692941278492353,0.6898456380213238,0.1533550527544736,0.15228302238184083,25.36882371969002,2740.9808333333335,,"draftkings@0.5,pinnacle@0.5,sgo_fair@0.5",v2,False,1.0468644783193533,0.16666666666666666,0.15271183453089393,-0.013954832135772727,-0.08372899281463642,0.0010720303726327596,555.0,683.0,pass,2026-10-02T21:36:31+00:00,sgo_slate_alt_20261002T213627Z.json
STL@DAL,Dylan Holloway,STL,f1,PP1,A,under,0.5,draftkings,-200,False,0.544557654572178,0.46001467302228616,0.5800983304386018,0.6312743827358832,18.08848697930289,1659.9508333333333,,"draftkings@0.5,pinnacle@0.5,sgo_fair@0.5",v2,False,1.1032038554164156,0.6666666666666666,0.6108039618169706,-0.05586270484969602,-0.08379405727454414,-0.051176052297281394,-157.0,-141.0,pass,2026-10-02T21:36:31+00:00,sgo_slate_alt_20261002T213627Z.json
ANA@VGK,Shea Theodore,VGK,d1,PP1,SOG,over,1.5,draftkings,-180,False,1.955428718483615,2.0741568946032145,0.5706505807585459,0.601195377911279,24.38074349382845,2282.9841666666666,,"draftkings@1.5,fanduel@1.5,pinnacle@1.5,sgo_fair@2.0",v2,False,1.1182260686839482,0.6428571428571429,0.5889774590501857,-0.05387968380695718,-0.08381284147748891,-0.03054479715273306,-143.0,-129.0,pass,2026-10-02T21:36:31+00:00,sgo_slate_alt_20261002T213627Z.json
WSH@CAR,Tom Wilson,WSH,f1,PP1,SOG,over,3.5,draftkings,600,True,1.8366419942423062,1.922433066195927,0.12205281823819528,0.13665040392670533,18.257601622938086,2083.9066666666668,,"draftkings@1.5,fanduel@1.5,pinnacle@1.5,sgo_fair@2.0",v2,False,1.1182260686839482,0.14285714285714285,0.1308113696513013,-0.012045773205841548,-0.08432041244089095,-0.01459758568851005,664.0,845.0,pass,2026-10-02T21:36:31+00:00,sgo_slate_alt_20261002T213627Z.json
ANA@VGK,Beckett Sennecke,ANA,f2,PP1,SOG,over,2.5,fanduel,128,False,2.260162779118766,2.3373816371937446,0.38990210742902287,0.40930781568385133,17.087583540737576,1430.5,,"draftkings@2.5,fanduel@2.5,sgo_fair@2.5",v2,False,1.1182260686839482,0.43859649122807015,0.4015455323819199,-0.03705095884615023,-0.08447618616922248,-0.019405708254828458,149.0,166.0,pass,2026-10-02T21:36:31+00:00,sgo_slate_alt_20261002T213627Z.json
ANA@VGK,Trevor Connelly,VGK,f3,PP2,G,over,1.5,draftkings,4000,False,0.2098630665231301,0.23922968906583417,0.01916975919532263,0.02443620222476888,12.433333333333334,11.366666666666667,,sgo_fair@0.5,v1,False,1.0982596332481283,0.024390243902439025,0.022329625012990382,-0.0020606188894486434,-0.08448537446739435,-0.00526644302944625,4378.0,,pass,2026-10-02T21:36:31+00:00,sgo_slate_alt_20261002T213627Z.json
BOS@WPG,Dylan Samberg,WPG,d2,-,PTS,under,0.5,draftkings,-550,False,0.22829127443654854,0.27406279151106044,0.7958924029588774,0.760284334359846,21.26107419623506,2010.9458333333334,,"draftkings@0.5,sgo_fair@0.5",v2,False,1.0468644783193533,0.8461538461538461,0.7745275617994586,-0.07162628435438756,-0.0846492451460944,0.03560806859903143,-344.0,-299.0,pass,2026-10-02T21:36:31+00:00,sgo_slate_alt_20261002T213627Z.json
BOS@WPG,Fraser Minten,BOS,f3,PP2,SOG,over,2.5,fanduel,330,True,1.631489248220139,1.5310106103205812,0.2280173564390902,0.20275332398280324,15.046893153269307,1413.0508333333335,,"draftkings@1.5,fanduel@1.5,pinnacle@1.5,sgo_fair@1.5",v2,False,1.1182260686839482,0.23255813953488372,0.21285893696531805,-0.01969920256956567,-0.08470657104913248,0.025264032456286972,370.0,432.0,pass,2026-10-02T21:36:31+00:00,sgo_slate_alt_20261002T213627Z.json
BOS@WPG,Fraser Minten,BOS,f3,PP2,SOG,over,2.5,draftkings,330,True,1.631489248220139,1.5310106103205812,0.2280173564390902,0.20275332398280324,15.046893153269307,1413.0508333333335,,"draftkings@1.5,fanduel@1.5,pinnacle@1.5,sgo_fair@1.5",v2,False,1.1182260686839482,0.23255813953488372,0.21285893696531805,-0.01969920256956567,-0.08470657104913248,0.025264032456286972,370.0,432.0,pass,2026-10-02T21:36:31+00:00,sgo_slate_alt_20261002T213627Z.json
ANA@VGK,Victor Olofsson,VGK,f3,PP2,SOG,over,1.5,draftkings,-165,False,1.9871691336484376,1.9294729782091595,0.5789950947542065,0.5637295626167907,13.560078838767604,1437.0491666666667,,"draftkings@1.5,sgo_fair@1.5",v2,False,1.1182260686839482,0.6226415094339622,0.569835775471757,-0.052805733962205226,-0.08480920909081457,0.015265532137415772,-132.0,-120.0,pass,2026-10-02T21:36:31+00:00,sgo_slate_alt_20261002T213627Z.json
ANA@VGK,Ryan Poehling,ANA,f3,PP2,A,under,0.5,draftkings,-450,False,0.3240852516548191,0.26675878263889696,0.7231885867279917,0.7658577873805876,12.623491757963661,1554.775,,"draftkings@0.5,sgo_fair@0.5",v2,False,1.1032038554164156,0.8181818181818182,0.7487901071195493,-0.06939171106226893,-0.08481209129832856,-0.04266920065259594,-298.0,-262.0,pass,2026-10-02T21:36:31+00:00,sgo_slate_alt_20261002T213627Z.json
STL@DAL,Robert Thomas,STL,f1,PP1,A,under,0.5,draftkings,-150,False,0.6154006727555197,0.5890325913851534,0.5404243186231323,0.554863805200621,18.68804235636643,1845.6466666666668,,"draftkings@0.5,pinnacle@0.5,sgo_fair@0.5",v2,False,1.1032038554164156,0.6,0.5490880105696255,-0.05091198943037445,-0.08485331571729082,-0.014439486577488614,-122.0,-110.0,pass,2026-10-02T21:36:31+00:00,sgo_slate_alt_20261002T213627Z.json
ANA@VGK,Alex Killorn,ANA,f2,PP2,SOG,over,1.5,draftkings,-135,False,1.7831614495427421,1.7984105319380814,0.5230787944139668,0.5274450144174753,18.20901908970822,2007.285,,"draftkings@1.5,sgo_fair@1.5",v2,False,1.1182260686839482,0.574468085106383,0.5256985264160718,-0.04876955869031119,-0.08489515772017131,-0.004366220003508503,-111.0,-100.0,pass,2026-10-02T21:36:31+00:00,sgo_slate_alt_20261002T213627Z.json
STL@DAL,Roope Hintz,DAL,f2,PP1,SOG,under,2.5,fanduel,-178,False,2.437534293461486,2.3042341173452443,0.5659073335561354,0.5989932154624953,16.249302644351516,1496.78,,"draftkings@2.5,fanduel@2.5,pinnacle@2.5,sgo_fair@2.5",v2,False,1.1182260686839482,0.6402877697841727,0.5857588626999513,-0.05452890708422142,-0.08516312454726715,-0.03308588190635986,-141.0,-128.0,pass,2026-10-02T21:36:31+00:00,sgo_slate_alt_20261002T213627Z.json
NYR@DET,Sean Durzi,NYR,d2,PP2,A,over,0.5,draftkings,255,False,0.28408462523053685,0.30732827824858605,0.24729705564928572,0.2645908575486359,19.028469786411566,1478.5616666666667,,"draftkings@0.5,sgo_fair@0.5",v2,False,1.1032038554164156,0.28169014084507044,0.2576733367888958,-0.024016804056174623,-0.08525965439941996,-0.017293801899350203,288.0,330.0,pass,2026-10-02T21:36:31+00:00,sgo_slate_alt_20261002T213627Z.json
STL@DAL,Jason Robertson,DAL,f2,PP1,SOG,over,4.5,draftkings,210,True,3.681544311815819,3.511385545036372,0.3133411225558203,0.2828627983707775,20.375929813628595,2317.33,,"draftkings@3.5,fanduel@3.5,pinnacle@3.5,sgo_fair@3.5",v2,False,1.1182260686839482,0.3225806451612903,0.2950541280447946,-0.02752651711649573,-0.08533220306113676,0.030478324185042815,239.0,270.0,pass,2026-10-02T21:36:31+00:00,sgo_slate_alt_20261002T213627Z.json
WSH@CAR,K'Andre Miller,CAR,d2,PP2,A,under,0.5,draftkings,-320,False,0.38433213337231376,0.3459684772531333,0.6809052382661716,0.7075347901950633,22.866364269806873,2368.3558333333335,,"draftkings@0.5,pinnacle@0.5,sgo_fair@0.5",v2,False,1.1032038554164156,0.7619047619047619,0.6968829694235066,-0.06502179248125528,-0.08534110263164763,-0.026629551928891715,-230.0,-205.0,pass,2026-10-02T21:36:31+00:00,sgo_slate_alt_20261002T213627Z.json
BOS@WPG,Kyle Connor,WPG,f1,PP1,A,under,0.5,draftkings,-150,False,0.6167284089952926,0.5891455311223271,0.5397072538122518,0.5548011425669117,19.93354117554885,2516.0816666666665,,"draftkings@0.5,pinnacle@0.5,sgo_fair@0.5",v2,False,1.1032038554164156,0.6,0.5487635870650478,-0.05123641293495218,-0.08539402155825371,-0.01509388875465989,-122.0,-110.0,pass,2026-10-02T21:36:31+00:00,sgo_slate_alt_20261002T213627Z.json
STL@DAL,Dylan Holloway,STL,f1,PP1,SOG,over,2.5,draftkings,-125,False,2.7192783828303067,2.7713182715092874,0.5009741028418341,0.5128067278674164,18.08848697930289,1659.9508333333333,,"draftkings@2.5,fanduel@2.5,pinnacle@2.5,sgo_fair@2.5",v2,False,1.1182260686839482,0.5555555555555556,0.5080736778571835,-0.04748187769837209,-0.08546737985706965,-0.011832625025582355,-103.0,107.0,pass,2026-10-02T21:36:31+00:00,sgo_slate_alt_20261002T213627Z.json
STL@DAL,Mikko Rantanen,DAL,f1,PP1,A,over,1.5,draftkings,400,True,0.8340142621149719,0.7381798596182657,0.2034832431931646,0.16917936649552967,20.640933758585803,2075.3450000000003,,"draftkings@0.5,pinnacle@0.5,sgo_fair@0.5",v2,False,1.1032038554164156,0.2,0.18290091717458365,-0.017099082825416362,-0.08549541412708173,0.03430387669763493,447.0,533.0,pass,2026-10-02T21:36:31+00:00,sgo_slate_alt_20261002T213627Z.json
ANA@VGK,Jack Eichel,VGK,f1,PP1,G,under,0.5,fanduel,-220,False,0.46727418538191356,0.461989409749093,0.6267082326168978,0.6300290120718991,20.597276930957293,2298.3541666666665,,"fanduel@0.5,pinnacle@0.5,sgo_fair@0.5",v2,False,1.0982596332481283,0.6875,0.6287007002898986,-0.05879929971010145,-0.0855262541237839,-0.0033207794550013103,-169.0,-152.0,pass,2026-10-02T21:36:31+00:00,sgo_slate_alt_20261002T213627Z.json
STL@DAL,Jason Robertson,DAL,f2,PP1,A,under,0.5,draftkings,-115,False,0.7496410604878407,0.6931471805599454,0.47253613419393714,0.5,20.375929813628595,2317.33,,"draftkings@0.5,pinnacle@0.5,sgo_fair@0.5",v2,False,1.1032038554164156,0.5348837209302325,0.48901445367757485,-0.045869267252657664,-0.08575558660279492,-0.02746386580606286,104.0,116.0,pass,2026-10-02T21:36:31+00:00,sgo_slate_alt_20261002T213627Z.json
NYR@DET,Mika Zibanejad,NYR,f1,PP1,A,over,0.5,draftkings,120,False,0.5196911142011542,0.5488747046120747,0.4052957847107626,0.4224005852289643,19.315568777005215,2422.4325000000003,,"draftkings@0.5,pinnacle@0.5,sgo_fair@0.5",v2,False,1.1032038554164156,0.45454545454545453,0.4155586650216836,-0.03898678952377094,-0.08577093695229598,-0.01710480051820168,141.0,156.0,pass,2026-10-02T21:36:31+00:00,sgo_slate_alt_20261002T213627Z.json
NYR@DET,Mika Zibanejad,NYR,f1,PP1,A,over,0.5,fanduel,120,False,0.5196911142011542,0.5488747046120747,0.4052957847107626,0.4224005852289643,19.315568777005215,2422.4325000000003,,"draftkings@0.5,pinnacle@0.5,sgo_fair@0.5",v2,False,1.1032038554164156,0.45454545454545453,0.4155586650216836,-0.03898678952377094,-0.08577093695229598,-0.01710480051820168,141.0,156.0,pass,2026-10-02T21:36:31+00:00,sgo_slate_alt_20261002T213627Z.json
ANA@VGK,Leo Carlsson,ANA,f1,PP1,A,over,0.5,draftkings,135,False,0.451496452126341,0.5211638650998891,0.3633253147951822,0.40617099123951705,17.96890196451367,1895.936666666667,,"draftkings@0.5,pinnacle@0.5,sgo_fair@0.5",v2,False,1.1032038554164156,0.425531914893617,0.3890327206617831,-0.0364991942318339,-0.08577310644480962,-0.042845676444334846,157.0,175.0,pass,2026-10-02T21:36:31+00:00,sgo_slate_alt_20261002T213627Z.json
BOS@WPG,JJ Peterka,BOS,f1,PP1,SOG,over,1.5,fanduel,-215,True,2.121374943782613,2.1990445636939557,0.6128381937062319,0.6313723616154032,15.938440465588924,1957.9416666666666,,"draftkings@2.5,fanduel@2.5,pinnacle@1.5,sgo_fair@2.5",v2,False,1.1182260686839482,0.6825396825396826,0.6239586944517347,-0.05858098808794787,-0.08582795929164455,-0.018534167909171284,-166.0,-149.0,pass,2026-10-02T21:36:31+00:00,sgo_slate_alt_20261002T213627Z.json
BOS@WPG,David Pastrnak,BOS,f1,PP1,SOG,over,2.5,fanduel,-240,True,3.2437906704082855,3.550763789307926,0.6118063268728584,0.6676023481344254,19.305080809204785,2352.8866666666668,,"draftkings@3.5,fanduel@3.5,pinnacle@3.5,sgo_fair@3.5",v2,False,1.1182260686839482,0.7058823529411765,0.6452839396297986,-0.06059841331137794,-0.08584775219111862,-0.05579602126156702,-182.0,-163.0,pass,2026-10-02T21:36:31+00:00,sgo_slate_alt_20261002T213627Z.json
NYR@DET,Gabe Perreault,NYR,not in DF lineup,-,PTS,over,0.5,draftkings,145,False,0.41731137334154633,0.5015283816425384,0.3411842496580414,0.3943956425612963,15.255362995888913,842.9158333333332,,"draftkings@0.5,pinnacle@0.5,sgo_fair@0.5",v1,False,1.0468644783193533,0.40816326530612246,0.3731110853999943,-0.035052179906128134,-0.08587784077001381,-0.053211392903254884,168.0,187.0,pass,2026-10-02T21:36:31+00:00,sgo_slate_alt_20261002T213627Z.json
ANA@VGK,Cutter Gauthier,ANA,f1,PP1,SOG,over,1.5,fanduel,-780,True,2.922382978028437,3.4358790498812657,0.7699461905769955,0.8370955939244139,16.623295864485087,1833.5541666666666,,"draftkings@3.5,fanduel@3.5,pinnacle@3.5,sgo_fair@3.5",v2,False,1.1182260686839482,0.8863636363636364,0.8102358325854465,-0.07612780377818984,-0.0858877786215475,-0.06714940334741837,-427.0,-366.0,pass,2026-10-02T21:36:31+00:00,sgo_slate_alt_20261002T213627Z.json
BOS@WPG,Fraser Minten,BOS,f3,PP2,SOG,under,1.5,draftkings,-145,False,1.631489248220139,1.5310106103205812,0.5219631484904006,0.5533718946210135,15.046893153269307,1413.0508333333335,,"draftkings@1.5,fanduel@1.5,pinnacle@1.5,sgo_fair@1.5",v2,False,1.1182260686839482,0.5918367346938775,0.5408083961687684,-0.05102833852510913,-0.08622029612863269,-0.03140874613061295,-118.0,-107.0,pass,2026-10-02T21:36:31+00:00,sgo_slate_alt_20261002T213627Z.json
WSH@CAR,Logan Stankoven,CAR,f2,PP2,PTS,under,0.5,draftkings,-125,False,0.7154403166892973,0.6541672991265548,0.4889767597602622,0.5198747825844248,17.072616370327324,1801.0691666666667,,"draftkings@0.5,pinnacle@0.5,sgo_fair@0.5",v2,False,1.0468644783193533,0.5555555555555556,0.5075155734547597,-0.04803998210079585,-0.08647196778143251,-0.03089802282416254,-103.0,107.0,pass,2026-10-02T21:36:31+00:00,sgo_slate_alt_20261002T213627Z.json
NYR@DET,Lucas Raymond,DET,f1,PP1,A,under,0.5,draftkings,-155,False,0.570986112787006,0.600310483844761,0.564968041706378,0.5486412653972454,18.249403362076805,2197.0216666666665,,"draftkings@0.5,pinnacle@0.5,sgo_fair@0.5",v2,False,1.1032038554164156,0.6078431372549019,0.5551719759208985,-0.0526711613340034,-0.08665255574303798,0.016326776309132596,-125.0,-113.0,pass,2026-10-02T21:36:31+00:00,sgo_slate_alt_20261002T213627Z.json
ANA@VGK,Beckett Sennecke,ANA,f2,PP1,SOG,over,1.5,fanduel,-255,True,2.260162779118766,2.3373816371937446,0.6454239270619972,0.6625177085329206,17.087583540737576,1430.5,,"draftkings@2.5,fanduel@2.5,sgo_fair@2.5",v2,False,1.1182260686839482,0.7183098591549296,0.6556801959445513,-0.06262966321037833,-0.08719031544974232,-0.01709378147092333,-190.0,-171.0,pass,2026-10-02T21:36:31+00:00,sgo_slate_alt_20261002T213627Z.json
BOS@WPG,Josh Morrissey,WPG,d1,PP1,A,over,1.5,fanduel,680,True,0.5862421406182688,0.5842540117161599,0.11739220937047903,0.11674415066242082,23.689330519334643,2781.5350000000003,,"draftkings@0.5,pinnacle@0.5,sgo_fair@0.5",v2,False,1.1032038554164156,0.1282051282051282,0.1170033741456441,-0.011201754059484093,-0.08737368166397608,0.0006480587080582162,755.0,987.0,pass,2026-10-02T21:36:31+00:00,sgo_slate_alt_20261002T213627Z.json
WSH@CAR,Tom Wilson,WSH,f1,PP1,PTS,under,0.5,draftkings,-140,False,0.6425729870926619,0.6224302743947189,0.5259374513530715,0.5366386723288317,18.257601622938086,2083.9066666666668,,"draftkings@0.5,pinnacle@0.5,sgo_fair@0.5",v2,False,1.0468644783193533,0.5833333333333334,0.5323581839385276,-0.05097514939480574,-0.08738597039109541,-0.010701220975760206,-114.0,-103.0,pass,2026-10-02T21:36:31+00:00,sgo_slate_alt_20261002T213627Z.json
ANA@VGK,Brett Howden,VGK,f2,-,SOG,over,2.5,draftkings,230,True,1.4790681907249035,2.0429238459214494,0.18992217798155211,0.33426947186151734,16.17015068658508,1416.1483333333333,,"draftkings@1.5,sgo_fair@2.0",v2,False,1.1182260686839482,0.30303030303030304,0.2765305543095312,-0.02649974872077182,-0.08744917077854708,-0.14434729387996523,262.0,298.0,data-check,2026-10-02T21:36:31+00:00,sgo_slate_alt_20261002T213627Z.json
STL@DAL,Philip Broberg,STL,d1,-,A,over,0.5,draftkings,190,False,0.3674016822565673,0.38472765588518165,0.3074685884127387,0.3193640218319667,22.092576692347905,2519.2591666666663,,"draftkings@0.5,pinnacle@0.5,sgo_fair@0.5",v2,False,1.1032038554164156,0.3448275862068966,0.31460584846427553,-0.030221737742621047,-0.08764303945360097,-0.011895433419227996,218.0,245.0,pass,2026-10-02T21:36:31+00:00,sgo_slate_alt_20261002T213627Z.json
ANA@VGK,Mikael Granlund,ANA,f2,PP1,PTS,over,0.5,fanduel,-130,False,0.7525659194548403,0.7069679840281606,0.5288439480984967,0.5068628673218871,18.703895528300663,1838.5333333333333,,"draftkings@0.5,pinnacle@0.5,sgo_fair@0.5",v2,False,1.0468644783193533,0.5652173913043478,0.515655299632531,-0.0495620916718168,-0.08768677757321441,0.02198108077660954,-106.0,104.0,pass,2026-10-02T21:36:31+00:00,sgo_slate_alt_20261002T213627Z.json
ANA@VGK,Leo Carlsson,ANA,f1,PP1,SOG,over,4.5,draftkings,650,True,2.6147602429764167,2.4504871633866157,0.13528778251488546,0.11254163184057446,17.96890196451367,1895.936666666667,,"draftkings@2.5,fanduel@2.5,pinnacle@2.5,sgo_fair@2.5",v2,False,1.1182260686839482,0.13333333333333333,0.12164009211029886,-0.011693241223034473,-0.08769930917275859,0.022746150674311003,722.0,935.0,pass,2026-10-02T21:36:31+00:00,sgo_slate_alt_20261002T213627Z.json
BOS@WPG,Mark Scheifele,WPG,f1,PP1,A,under,0.5,draftkings,-110,False,0.8269486465128035,0.6839344139516107,0.437381858872955,0.504627667382851,19.993486037779117,2517.563333333333,,"draftkings@0.5,pinnacle@0.5,sgo_fair@0.5",v2,False,1.1032038554164156,0.5238095238095238,0.4777293439788926,-0.04608017983063123,-0.08797125240393222,-0.06724580850989603,109.0,121.0,pass,2026-10-02T21:36:31+00:00,sgo_slate_alt_20261002T213627Z.json
WSH@CAR,Alex Ovechkin,WSH,f2,PP1,SOG,over,2.5,draftkings,-140,False,2.782643175743672,2.9073241681550663,0.5153586163788186,0.5428915729202373,16.67895270691558,1949.2041666666667,,"draftkings@2.5,fanduel@2.5,pinnacle@2.5,sgo_fair@3.0",v2,False,1.1182260686839482,0.5833333333333334,0.5318783903036698,-0.05145494302966358,-0.08820847376513741,-0.02753295654141863,-114.0,-103.0,pass,2026-10-02T21:36:31+00:00,sgo_slate_alt_20261002T213627Z.json
STL@DAL,Thomas Harley,DAL,d1,PP2,PTS,over,1.5,draftkings,750,True,0.6240243257528795,0.5065192939827783,0.12987387381423243,0.0921874889403572,23.654813514126516,2434.6675,,"draftkings@0.5,pinnacle@0.5,sgo_fair@0.5",v2,False,1.0468644783193533,0.11764705882352941,0.10726204288990729,-0.010385015933622121,-0.088272635435788,0.037686384873875226,832.0,1116.0,pass,2026-10-02T21:36:31+00:00,sgo_slate_alt_20261002T213627Z.json
STL@DAL,Mikko Rantanen,DAL,f1,PP1,PTS,over,1.5,draftkings,195,True,1.1712187353624974,1.089095080144061,0.326946256736834,0.29697588441194567,20.640933758585803,2075.3450000000003,,"draftkings@0.5,pinnacle@0.5,sgo_fair@1.5",v2,False,1.0468644783193533,0.3389830508474576,0.308964033341901,-0.030019017505556633,-0.08855610164139205,0.029970372324888306,224.0,252.0,pass,2026-10-02T21:36:31+00:00,sgo_slate_alt_20261002T213627Z.json
ANA@VGK,Noah Hanifin,VGK,d3,-,PTS,under,0.5,draftkings,-330,False,0.38648039978784476,0.3385017345812564,0.6794440424915074,0.7128375429131746,19.968877482084444,2399.423333333333,,"draftkings@0.5,sgo_fair@0.5",v2,False,1.0468644783193533,0.7674418604651163,0.6994801427445076,-0.06796171772060866,-0.08855617763594459,-0.03339350042166722,-233.0,-207.0,pass,2026-10-02T21:36:31+00:00,sgo_slate_alt_20261002T213627Z.json
BOS@WPG,Neal Pionk,WPG,d2,PP2,PTS,over,0.5,draftkings,170,False,0.40379055717962486,0.4171930120166548,0.33221603081874623,0.34110626673798167,21.56093374973941,1843.1675,,"draftkings@0.5,pinnacle@0.5,sgo_fair@0.5",v2,False,1.0468644783193533,0.37037037037037035,0.3375501723702875,-0.032820198000082845,-0.08861453460022373,-0.008890235919235434,196.0,220.0,pass,2026-10-02T21:36:31+00:00,sgo_slate_alt_20261002T213627Z.json
BOS@WPG,Kyle Connor,WPG,f1,PP1,PTS,over,0.5,fanduel,-235,False,1.0350886205960523,1.0093650664618568,0.6448050980537962,0.6355496921518493,19.93354117554885,2516.0816666666665,,"draftkings@0.5,pinnacle@0.5,sgo_fair@1.5",v2,False,1.0468644783193533,0.7014925373134329,0.639251854512628,-0.06224068280080486,-0.08872607973731761,0.009255405901946845,-177.0,-159.0,pass,2026-10-02T21:36:31+00:00,sgo_slate_alt_20261002T213627Z.json
STL@DAL,Mikko Rantanen,DAL,f1,PP1,SOG,over,4.5,fanduel,630,True,2.6010531603381617,2.498906549571997,0.13332242281875353,0.11905820321346909,20.640933758585803,2075.3450000000003,,"draftkings@2.5,fanduel@2.5,pinnacle@2.5,sgo_fair@2.5",v2,False,1.1182260686839482,0.136986301369863,0.12476389105558287,-0.012222410314280133,-0.08922359529424506,0.014264219605284442,702.0,902.0,pass,2026-10-02T21:36:31+00:00,sgo_slate_alt_20261002T213627Z.json
NYR@DET,Mika Zibanejad,NYR,f1,PP1,G,under,0.5,fanduel,-300,False,0.40918669330240837,0.3629268402304303,0.6641902208807606,0.6956373243038427,19.315568777005215,2422.4325000000003,,"fanduel@0.5,pinnacle@0.5,sgo_fair@0.5",v2,False,1.0982596332481283,0.75,0.6830584829346099,-0.06694151706539009,-0.08925535608718682,-0.0314471034230821,-216.0,-192.0,pass,2026-10-02T21:36:31+00:00,sgo_slate_alt_20261002T213627Z.json
WSH@CAR,Dylan Strome,WSH,f2,PP1,G,over,1.5,draftkings,3500,False,0.2663815684309344,0.22773656780868323,0.029765896952104597,0.022311613007288143,16.4350786487246,2084.476666666667,,sgo_fair@0.5,v2,False,1.0982596332481283,0.027777777777777776,0.025293326585214725,-0.002484451192563051,-0.08944024293226993,0.007454283944816453,3854.0,340817.0,pass,2026-10-02T21:36:31+00:00,sgo_slate_alt_20261002T213627Z.json
BOS@WPG,Kyle Connor,WPG,f1,PP1,SOG,under,3.5,fanduel,-165,False,3.5188833524224985,3.303858333434354,0.5408457039533326,0.5843110769869776,19.93354117554885,2516.0816666666665,,"draftkings@3.5,fanduel@3.5,pinnacle@3.5,sgo_fair@3.5",v2,False,1.1182260686839482,0.6226415094339622,0.5669249277735195,-0.05571658166044269,-0.0894842069091959,-0.04346537303364495,-131.0,-118.0,pass,2026-10-02T21:36:31+00:00,sgo_slate_alt_20261002T213627Z.json
NYR@DET,Alex DeBrincat,DET,f1,PP1,SOG,over,3.5,fanduel,-104,False,3.5365140211988266,3.5490445411392613,0.4626554505023116,0.4651374535474376,18.58434807318392,2176.461666666667,,"draftkings@3.5,fanduel@3.5,pinnacle@3.5,sgo_fair@3.5",v2,False,1.1182260686839482,0.5098039215686274,0.4641446523293872,-0.04565926923924024,-0.08956241273850973,-0.002482003045125969,115.0,128.0,pass,2026-10-02T21:36:31+00:00,sgo_slate_alt_20261002T213627Z.json
ANA@VGK,Mark Stone,VGK,f1,PP1,PTS,over,1.5,draftkings,210,True,1.1491295529461085,1.034243540118953,0.3189139699969596,0.27683619177164426,19.299075818445587,1741.9358333333332,,"draftkings@0.5,pinnacle@0.5,sgo_fair@1.5",v2,False,1.0468644783193533,0.3225806451612903,0.29366730306177036,-0.028913342099519956,-0.08963136050851184,0.04207777822531533,241.0,272.0,pass,2026-10-02T21:36:31+00:00,sgo_slate_alt_20261002T213627Z.json
NYR@DET,J.T. Miller,NYR,f2,PP1,A,over,0.5,fanduel,126,False,0.4713244513690242,0.5460637353574559,0.37582496888854106,0.4207746869280824,17.08771264101801,1991.3375,,"draftkings@0.5,pinnacle@0.5,sgo_fair@0.5",v2,False,1.1032038554164156,0.4424778761061947,0.40279479971226584,-0.03968307639392887,-0.08968375265027928,-0.04494971803954134,148.0,165.0,pass,2026-10-02T21:36:31+00:00,sgo_slate_alt_20261002T213627Z.json
STL@DAL,Tyler Seguin,DAL,f2,PP2,PTS,under,0.5,draftkings,-130,False,0.7173023862763187,0.6308243522648835,0.4880670981965578,0.5321529386629151,14.963038356186521,595.2091666666668,,"draftkings@0.5,pinnacle@0.5,sgo_fair@0.5",v2,False,1.0468644783193533,0.5652173913043478,0.5145186024763722,-0.05069878882797563,-0.08969785715718781,-0.04408584046635733,-106.0,104.0,pass,2026-10-02T21:36:31+00:00,sgo_slate_alt_20261002T213627Z.json
WSH@CAR,Ryan Leonard,WSH,f2,PP2,SOG,over,1.5,fanduel,-190,False,1.8718031201636651,2.187282496495688,0.5480385008733144,0.6286145716590277,14.79877049597388,1138.4366666666667,,sgo_fair@2.0,v2,False,1.1182260686839482,0.6551724137931034,0.5963841433447423,-0.0587882704483611,-0.08972946542118287,-0.08057607078571327,-148.0,-133.0,pass,2026-10-02T21:36:31+00:00,sgo_slate_alt_20261002T213627Z.json
NYR@DET,Marco Kasper,DET,f4,PP2,G,over,1.5,draftkings,5500,False,0.1850628867451452,0.19671029424608127,0.015151094081549264,0.01698797258360268,12.735353819237242,1652.7225,,sgo_fair@0.5,v2,False,1.0982596332481283,0.017857142857142856,0.016253221182781313,-0.0016039216743615435,-0.08981961376424652,-0.0018368785020534163,6053.0,,pass,2026-10-02T21:36:31+00:00,sgo_slate_alt_20261002T213627Z.json
STL@DAL,Jamie Benn,DAL,f3,PP2,PTS,under,0.5,draftkings,-190,False,0.5601413825637424,0.4893601698826624,0.5711283105556234,0.6130184964281269,13.688465447375988,1348.1950000000002,,"draftkings@0.5,sgo_fair@0.5",v2,False,1.0468644783193533,0.6551724137931034,0.5962624220791255,-0.05890999171397793,-0.08991525051080851,-0.04189018587250348,-148.0,-133.0,pass,2026-10-02T21:36:31+00:00,sgo_slate_alt_20261002T213627Z.json
NYR@DET,Alexis Lafrenière,NYR,f1,PP1,SOG,under,2.5,fanduel,-198,False,2.250055125162716,2.3028007819748226,0.6126550356951885,0.5993531794948814,17.94658220183404,0.0,no NHL data: 85% of positional prior,"draftkings@2.5,fanduel@2.5,pinnacle@2.5,sgo_fair@2.5",v2,False,1.1182260686839482,0.6644295302013423,0.6046739219750042,-0.059755608226338075,-0.08993520834065005,0.013301856200307105,-153.0,-138.0,pass,2026-10-02T21:36:31+00:00,sgo_slate_alt_20261002T213627Z.json
NYR@DET,Moritz Seider,DET,d1,PP1,PTS,over,0.5,fanduel,-136,False,0.7795622041597174,0.7196175011330034,0.5413932565132155,0.5130615262418377,24.012255414088816,3029.8125,,"draftkings@0.5,pinnacle@0.5,sgo_fair@0.5",v2,False,1.0468644783193533,0.576271186440678,0.5243942183503888,-0.05187696809028919,-0.09002179756844297,0.02833173027137781,-110.0,100.0,pass,2026-10-02T21:36:31+00:00,sgo_slate_alt_20261002T213627Z.json
STL@DAL,Mason McTavish,STL,f2,PP1,G,over,0.5,fanduel,290,False,0.25683617847800466,0.27150162318441634,0.226505081498511,0.23776595377939055,13.933970658700481,1726.1308333333334,,"fanduel@0.5,sgo_fair@0.5",v2,False,1.0982596332481283,0.2564102564102564,0.23326160486703873,-0.023148651543217658,-0.09027974101854896,-0.011260872280879547,329.0,380.0,pass,2026-10-02T21:36:31+00:00,sgo_slate_alt_20261002T213627Z.json
STL@DAL,Robert Thomas,STL,f1,PP1,SOG,over,4.5,draftkings,1700,True,1.9685968464447192,1.840395320582499,0.05739823498465789,0.04596778150460518,18.68804235636643,1845.6466666666668,,"draftkings@1.5,fanduel@1.5,pinnacle@1.5,sgo_fair@2.0",v2,False,1.1182260686839482,0.05555555555555555,0.05053996289662627,-0.005015592658929285,-0.09028066786072719,0.011430453480052706,1879.0,3815.0,pass,2026-10-02T21:36:31+00:00,sgo_slate_alt_20261002T213627Z.json
WSH@CAR,Jakob Chychrun,WSH,d1,PP1,SOG,over,1.5,fanduel,-190,False,1.9438461414714083,2.1294097511647485,0.5675729437923271,0.6147910095931333,21.891377326993766,2568.704166666667,,"draftkings@1.5,fanduel@1.5,pinnacle@1.5,sgo_fair@2.0",v2,False,1.1182260686839482,0.6551724137931034,0.5959037832728108,-0.05926863052029263,-0.0904626465836047,-0.04721806580080612,-147.0,-133.0,pass,2026-10-02T21:36:31+00:00,sgo_slate_alt_20261002T213627Z.json
WSH@CAR,Nikolaj Ehlers,CAR,f3,PP1,SOG,over,5.5,draftkings,1600,True,2.7332428940508695,2.3770361799667477,0.07029414469393194,0.04230183520846391,16.96250861269781,1870.6825,,"draftkings@2.5,fanduel@2.5,pinnacle@2.5,sgo_fair@2.5",v2,False,1.1182260686839482,0.058823529411764705,0.05349875900265112,-0.005324770409113583,-0.09052109695493094,0.027992309485468034,1769.0,3409.0,pass,2026-10-02T21:36:31+00:00,sgo_slate_alt_20261002T213627Z.json
BOS@WPG,Kyle Connor,WPG,f1,PP1,PTS,over,1.5,draftkings,235,True,1.0350886205960523,1.0093650664618568,0.27714689695554967,0.26768628294865654,19.93354117554885,2516.0816666666665,,"draftkings@0.5,pinnacle@0.5,sgo_fair@1.5",v2,False,1.0468644783193533,0.29850746268656714,0.2714705285514138,-0.027036934135153345,-0.09057372935276375,0.009460614006893131,268.0,306.0,pass,2026-10-02T21:36:31+00:00,sgo_slate_alt_20261002T213627Z.json
WSH@CAR,Alex Ovechkin,WSH,f2,PP1,PTS,over,0.5,draftkings,-120,False,0.7351128724232218,0.6531593766573446,0.5205486609138295,0.47960095977989026,16.67895270691558,1949.2041666666667,,"draftkings@0.5,pinnacle@0.5,sgo_fair@0.5",v2,False,1.0468644783193533,0.5454545454545454,0.4959800402334659,-0.04947450522107949,-0.09070325957197911,0.040947701133939196,102.0,112.0,pass,2026-10-02T21:36:31+00:00,sgo_slate_alt_20261002T213627Z.json
ANA@VGK,Parker Wotherspoon,VGK,d2,-,A,under,0.5,draftkings,-500,False,0.33002241625751944,0.24386481290597925,0.7189076180330047,0.7835935588389962,20.99249023943148,2080.0866666666666,,"draftkings@0.5,sgo_fair@0.5",v2,False,1.1032038554164156,0.8333333333333334,0.7577191825165996,-0.07561415081673373,-0.09073698098008043,-0.06468594080599144,-313.0,-274.0,pass,2026-10-02T21:36:31+00:00,sgo_slate_alt_20261002T213627Z.json
NYR@DET,Alex DeBrincat,DET,f1,PP1,G,over,0.5,fanduel,130,False,0.4745421575306171,0.5225403344776358,0.37783015295541944,0.40698781638932335,18.58434807318392,2176.461666666667,,"fanduel@0.5,pinnacle@0.5,sgo_fair@0.5",v2,False,1.0982596332481283,0.43478260869565216,0.3953247510157618,-0.03945785767989035,-0.09075307266374788,-0.029157663433903913,153.0,170.0,pass,2026-10-02T21:36:31+00:00,sgo_slate_alt_20261002T213627Z.json
BOS@WPG,JJ Peterka,BOS,f1,PP1,SOG,over,2.5,fanduel,148,False,2.121374943782613,2.1990445636939557,0.3545007398122928,0.374385636585224,15.938440465588924,1957.9416666666666,,"draftkings@2.5,fanduel@2.5,pinnacle@1.5,sgo_fair@2.5",v2,False,1.1182260686839482,0.4032258064516129,0.3664316778760515,-0.03679412857556136,-0.09124943886739223,-0.019884896772931204,173.0,193.0,pass,2026-10-02T21:36:31+00:00,sgo_slate_alt_20261002T213627Z.json
ANA@VGK,Jackson LaCombe,ANA,d1,PP1,SOG,under,1.5,fanduel,-104,False,1.745925016041635,1.8898617382863467,0.4877086723669294,0.4470015250780184,25.36882371969002,2740.9808333333335,,"draftkings@1.5,fanduel@1.5,pinnacle@1.5,sgo_fair@2.5",v2,False,1.1182260686839482,0.5098039215686274,0.4632843839935828,-0.04651953757504462,-0.09124986216643372,0.040707147288911005,116.0,128.0,pass,2026-10-02T21:36:31+00:00,sgo_slate_alt_20261002T213627Z.json
STL@DAL,Jimmy Snuggerud,STL,f1,PP1,A,over,0.5,fanduel,158,False,0.4394202819038454,0.43060619970366076,0.3555901111064094,0.34988512419736467,17.487775105522008,1217.4199999999998,,"draftkings@0.5,sgo_fair@0.5",v2,False,1.1032038554164156,0.3875968992248062,0.3521671189609826,-0.03542978026382365,-0.09140883308066494,0.005704986909044751,184.0,206.0,pass,2026-10-02T21:36:31+00:00,sgo_slate_alt_20261002T213627Z.json
NYR@DET,Gabe Perreault,NYR,not in DF lineup,-,SOG,over,0.5,fanduel,-520,True,1.4822407223139986,1.4817114307200707,0.7618610936637393,0.7617428996940677,15.255362995888913,842.9158333333332,,"draftkings@1.5,pinnacle@1.5,sgo_fair@1.5",v1,False,1.1182260686839482,0.8387096774193549,0.7617901772819363,-0.07691950013741855,-0.09171171170230674,0.00011819396967160944,-320.0,-280.0,pass,2026-10-02T21:36:31+00:00,sgo_slate_alt_20261002T213627Z.json
WSH@CAR,Ilya Protas,WSH,f3,PP2,G,over,1.5,draftkings,4500,False,0.21540889187256163,0.21175822908920533,0.02012310756743237,0.019493341347784486,14.695833333333333,63.56666666666667,,sgo_fair@0.5,v1,False,1.0982596332481283,0.021739130434782608,0.019745247835643638,-0.00199388259913897,-0.09171859956039263,0.0006297662196478836,4965.0,,pass,2026-10-02T21:36:31+00:00,sgo_slate_alt_20261002T213627Z.json
ANA@VGK,Trevor Connelly,VGK,f3,PP2,SOG,over,1.5,draftkings,-135,False,1.7567106115277316,1.7931270828217187,0.515434236410682,0.5259356163803282,12.433333333333334,11.366666666666667,,"draftkings@1.5,sgo_fair@1.5",v1,False,1.1182260686839482,0.574468085106383,0.5217350643924696,-0.05273302071391339,-0.09179451753903434,-0.010501379969646174,-109.0,101.0,pass,2026-10-02T21:36:31+00:00,sgo_slate_alt_20261002T213627Z.json
ANA@VGK,Jack Eichel,VGK,f1,PP1,SOG,over,4.5,draftkings,260,True,3.4094308224759353,3.28994845954436,0.264786845200433,0.24386692135701166,20.597276930957293,2298.3541666666665,,"draftkings@3.5,fanduel@3.5,pinnacle@2.5,sgo_fair@3.5",v2,False,1.1182260686839482,0.2777777777777778,0.2522348908943802,-0.025542886883397564,-0.09195439278023121,0.02091992384342134,296.0,340.0,pass,2026-10-02T21:36:31+00:00,sgo_slate_alt_20261002T213627Z.json
ANA@VGK,William Karlsson,VGK,f2,PP2,SOG,over,2.5,fanduel,195,True,2.0814648851626067,1.8468127959968956,0.3442238664169101,0.2834022343857415,16.71967523099671,635.2708333333334,,"draftkings@1.5,pinnacle@1.5,sgo_fair@1.5",v2,False,1.1182260686839482,0.3389830508474576,0.30773088719820896,-0.031252163649248654,-0.09219388276528351,0.06082163203116858,225.0,254.0,pass,2026-10-02T21:36:31+00:00,sgo_slate_alt_20261002T213627Z.json
ANA@VGK,William Karlsson,VGK,f2,PP2,SOG,over,2.5,draftkings,195,True,2.0814648851626067,1.8468127959968956,0.3442238664169101,0.2834022343857415,16.71967523099671,635.2708333333334,,"draftkings@1.5,pinnacle@1.5,sgo_fair@1.5",v2,False,1.1182260686839482,0.3389830508474576,0.30773088719820896,-0.031252163649248654,-0.09219388276528351,0.06082163203116858,225.0,254.0,pass,2026-10-02T21:36:31+00:00,sgo_slate_alt_20261002T213627Z.json
WSH@CAR,Jackson Blake,CAR,f2,PP1,A,over,1.5,draftkings,1100,True,0.5024827763879386,0.41426813824117864,0.09095788280389529,0.06541804603922642,17.175685133360474,1856.5166666666667,,"draftkings@0.5,pinnacle@0.5,sgo_fair@0.5",v2,False,1.1032038554164156,0.08333333333333333,0.07563398074509398,-0.007699352588239353,-0.09239223105887229,0.025539836764668866,1222.0,1875.0,pass,2026-10-02T21:36:31+00:00,sgo_slate_alt_20261002T213627Z.json
NYR@DET,Pavel Dorofeyev,NYR,f2,PP1,PTS,over,0.5,fanduel,-128,False,0.7261533935116563,0.7032736565687397,0.5162337258313217,0.505037687942069,16.450106012385557,2082.9491666666668,,"draftkings@0.5,pinnacle@0.5,sgo_fair@0.5",v2,False,1.0468644783193533,0.5614035087719298,0.5095161030977701,-0.051887405674159726,-0.09242444135709704,0.011196037889252608,-104.0,106.0,pass,2026-10-02T21:36:31+00:00,sgo_slate_alt_20261002T213627Z.json
BOS@WPG,Gabriel Vilardi,WPG,f2,PP1,G,under,0.5,fanduel,-330,False,0.4009921868498628,0.33642980761947217,0.6696552931348405,0.7143160213584739,17.433178488819145,2116.1,,"fanduel@0.5,pinnacle@0.5,sgo_fair@0.5",v2,False,1.0982596332481283,0.7674418604651163,0.6964517300690205,-0.07099013039609581,-0.09250229112218544,-0.04466072822363343,-229.0,-204.0,pass,2026-10-02T21:36:31+00:00,sgo_slate_alt_20261002T213627Z.json
WSH@CAR,K'Andre Miller,CAR,d2,PP2,PTS,under,0.5,draftkings,-230,False,0.4894863007958545,0.43788802268735394,0.6129411807214215,0.6453980487502348,22.866364269806873,2368.3558333333335,,"draftkings@0.5,pinnacle@0.5,sgo_fair@0.5",v2,False,1.0468644783193533,0.696969696969697,0.6324153015387095,-0.06455439543098751,-0.09262152387924294,-0.03245686802881331,-172.0,-155.0,pass,2026-10-02T21:36:31+00:00,sgo_slate_alt_20261002T213627Z.json
ANA@VGK,Tomas Hertl,VGK,f3,PP1,SOG,under,2.5,draftkings,-160,False,2.6466105220211182,2.353751697418152,0.5158337832156061,0.5866098510560114,14.758236776055922,1974.8158333333336,,"draftkings@2.5,fanduel@2.5,pinnacle@2.5,sgo_fair@2.5",v2,False,1.1182260686839482,0.6153846153846154,0.5582994239198493,-0.057085191464766094,-0.09276343613024485,-0.07077606784040524,-126.0,-114.0,pass,2026-10-02T21:36:31+00:00,sgo_slate_alt_20261002T213627Z.json
STL@DAL,Jimmy Snuggerud,STL,f1,PP1,SOG,over,3.5,draftkings,280,True,2.5139109943810083,2.417232982071554,0.2505987736283995,0.2308210290205985,17.487775105522008,1217.4199999999998,,"draftkings@2.5,fanduel@2.5,sgo_fair@2.5",v2,False,1.1182260686839482,0.2631578947368421,0.23873212686371892,-0.024425767873123172,-0.0928179179178682,0.01977774460780099,319.0,368.0,pass,2026-10-02T21:36:31+00:00,sgo_slate_alt_20261002T213627Z.json
STL@DAL,Jason Robertson,DAL,f2,PP1,SOG,over,6.5,fanduel,950,True,3.681544311815819,3.511385545036372,0.0954813020149013,0.08033391927875733,20.375929813628595,2317.33,,"draftkings@3.5,fanduel@3.5,pinnacle@3.5,sgo_fair@3.5",v2,False,1.1182260686839482,0.09523809523809523,0.08639287237321491,-0.00884522286488032,-0.09287484008124336,0.01514738273614398,1058.0,1529.0,pass,2026-10-02T21:36:31+00:00,sgo_slate_alt_20261002T213627Z.json
NYR@DET,Alex DeBrincat,DET,f1,PP1,PTS,over,0.5,fanduel,-235,False,0.9568129527278108,1.04950519773663,0.6158848696563652,0.649889058053976,18.58434807318392,2176.461666666667,,"draftkings@0.5,pinnacle@0.5,sgo_fair@1.5",v2,False,1.0468644783193533,0.7014925373134329,0.6362873826949317,-0.06520515461850118,-0.09295202892424637,-0.03400418839761077,-175.0,-157.0,pass,2026-10-02T21:36:31+00:00,sgo_slate_alt_20261002T213627Z.json
BOS@WPG,Morgan Geekie,BOS,f2,PP1,G,under,0.5,fanduel,-330,False,0.3637784026730305,0.3613053563390949,0.6950451978369071,0.6967662040021977,17.069132083690253,2012.4566666666665,,"fanduel@0.5,pinnacle@0.5,sgo_fair@0.5",v2,False,1.0982596332481283,0.7674418604651163,0.6960778015360815,-0.07136405892903486,-0.09298953133177268,-0.001721006165290584,-229.0,-204.0,pass,2026-10-02T21:36:31+00:00,sgo_slate_alt_20261002T213627Z.json
NYR@DET,Pavel Dorofeyev,NYR,f2,PP1,A,over,0.5,fanduel,200,False,0.35987710180661453,0.35987710180661453,0.3022379254998714,0.3022379254998714,16.450106012385557,2082.9491666666668,,"draftkings@0.5,pinnacle@0.5,sgo_fair@0.5",v2,False,1.1032038554164156,0.3333333333333333,0.3022379254998714,-0.03109540783346193,-0.09328622350038585,0.0,231.0,261.0,pass,2026-10-02T21:36:31+00:00,sgo_slate_alt_20261002T213627Z.json
BOS@WPG,Morgan Geekie,BOS,f2,PP1,SOG,over,2.5,draftkings,150,True,2.205830514716359,2.1183823514688873,0.37611459392829294,0.3537313887854723,17.069132083690253,2012.4566666666665,,"draftkings@1.5,fanduel@1.5,pinnacle@1.5,sgo_fair@2.0",v2,False,1.1182260686839482,0.4,0.3626846708426006,-0.037315329157399435,-0.09328832289349853,0.02238320514282066,176.0,196.0,pass,2026-10-02T21:36:31+00:00,sgo_slate_alt_20261002T213627Z.json
NYR@DET,Alexis Lafrenière,NYR,f1,PP1,A,over,0.5,draftkings,170,False,0.39192809009154306,0.4207581827492938,0.32424729447130846,0.34345115294817136,17.94658220183404,0.0,no NHL data: 85% of positional prior,"draftkings@0.5,pinnacle@0.5,sgo_fair@0.5",v2,False,1.1032038554164156,0.37037037037037035,0.3357696095574262,-0.034600760812944165,-0.0934220541949492,-0.0192038584768629,198.0,222.0,pass,2026-10-02T21:36:31+00:00,sgo_slate_alt_20261002T213627Z.json
STL@DAL,Tyler Seguin,DAL,f2,PP2,A,over,0.5,draftkings,180,False,0.4145339754008486,0.37590742775761204,0.3393519127632611,0.3133341036980491,14.963038356186521,595.2091666666668,,"draftkings@0.5,pinnacle@0.5,sgo_fair@0.5",v2,False,1.1032038554164156,0.35714285714285715,0.3237412273241339,-0.033401629818723244,-0.0935245634924251,0.026017809065212005,209.0,235.0,pass,2026-10-02T21:36:31+00:00,sgo_slate_alt_20261002T213627Z.json
WSH@CAR,Alex Tuch,WSH,f1,PP2,SOG,over,1.5,fanduel,-240,True,2.080022343595709,2.3467326470045298,0.6026571964041268,0.6645384242406821,19.394777971531802,2210.999166666667,,"fanduel@2.5,sgo_fair@2.5",v2,False,1.1182260686839482,0.7058823529411765,0.63978593310606,-0.0660964198351165,-0.09363659476641495,-0.06188122783655525,-178.0,-160.0,pass,2026-10-02T21:36:31+00:00,sgo_slate_alt_20261002T213627Z.json
NYR@DET,J.T. Miller,NYR,f2,PP1,A,over,0.5,draftkings,125,False,0.4713244513690242,0.5460637353574559,0.37582496888854106,0.4207746869280824,17.08771264101801,1991.3375,,"draftkings@0.5,pinnacle@0.5,sgo_fair@0.5",v2,False,1.1032038554164156,0.4444444444444444,0.40279479971226584,-0.04164964473217858,-0.09371170064740186,-0.04494971803954134,148.0,165.0,pass,2026-10-02T21:36:31+00:00,sgo_slate_alt_20261002T213627Z.json
WSH@CAR,Andrei Svechnikov,CAR,f1,PP1,SOG,over,4.5,fanduel,560,True,2.7214560494943885,2.564927349916448,0.150976556927156,0.1281997114088676,17.174841336373092,1912.6491666666668,,"draftkings@2.5,fanduel@2.5,pinnacle@2.5,sgo_fair@2.5",v2,False,1.1182260686839482,0.15151515151515152,0.13731044961618297,-0.014204701898968553,-0.0937510325331925,0.022776845518288402,628.0,790.0,pass,2026-10-02T21:36:31+00:00,sgo_slate_alt_20261002T213627Z.json
WSH@CAR,Ryan Leonard,WSH,f2,PP2,A,over,0.5,draftkings,205,False,0.33203666809831356,0.3664623522217451,0.28253898555890716,0.30681776723769233,14.79877049597388,1138.4366666666667,,"draftkings@0.5,sgo_fair@0.5",v2,False,1.1032038554164156,0.32786885245901637,0.2971062545661783,-0.030762597892838084,-0.09382592357315633,-0.024278781678785166,237.0,268.0,pass,2026-10-02T21:36:31+00:00,sgo_slate_alt_20261002T213627Z.json
WSH@CAR,Andrei Svechnikov,CAR,f1,PP1,SOG,under,2.5,draftkings,-135,False,2.7214560494943885,2.564927349916448,0.4985272852989675,0.5351064009015063,17.174841336373092,1912.6491666666668,,"draftkings@2.5,fanduel@2.5,pinnacle@2.5,sgo_fair@2.5",v2,False,1.1182260686839482,0.574468085106383,0.5204747546604908,-0.053993330445892274,-0.09398839003544202,-0.03657911560253879,-109.0,102.0,pass,2026-10-02T21:36:31+00:00,sgo_slate_alt_20261002T213627Z.json
ANA@VGK,Cutter Gauthier,ANA,f1,PP1,PTS,over,2.5,draftkings,1400,True,0.8057008278845367,0.93357718895311,0.04824579194194815,0.06849819864229392,16.623295864485087,1833.5541666666666,,"draftkings@0.5,pinnacle@0.5,sgo_fair@1.0",v2,False,1.0468644783193533,0.06666666666666667,0.06039723596215561,-0.006269430704511053,-0.09404146056766582,-0.020252406700345775,1556.0,2725.0,pass,2026-10-02T21:36:31+00:00,sgo_slate_alt_20261002T213627Z.json
ANA@VGK,Mikael Granlund,ANA,f2,PP1,PTS,under,0.5,draftkings,-115,False,0.7525659194548403,0.7069679840281606,0.47115605190150334,0.4931371326781129,18.703895528300663,1838.5333333333333,,"draftkings@0.5,pinnacle@0.5,sgo_fair@0.5",v2,False,1.0468644783193533,0.5348837209302325,0.484344700367469,-0.05053902056276349,-0.09448599496516674,-0.02198108077660954,106.0,118.0,pass,2026-10-02T21:36:31+00:00,sgo_slate_alt_20261002T213627Z.json
ANA@VGK,Cutter Gauthier,ANA,f1,PP1,G,over,0.5,fanduel,160,False,0.4090083490952979,0.4409650869663534,0.33569131407746294,0.35658483024370463,16.623295864485087,1833.5541666666666,,"fanduel@0.5,pinnacle@0.5,sgo_fair@0.5",v2,False,1.0982596332481283,0.38461538461538464,0.34822742377720795,-0.03638796083817669,-0.09460869817925932,-0.020893516166241688,187.0,209.0,pass,2026-10-02T21:36:31+00:00,sgo_slate_alt_20261002T213627Z.json
STL@DAL,Wyatt Johnston,DAL,f1,PP1,SOG,under,2.5,fanduel,-114,False,2.8903229975497946,2.7296758812251145,0.46080114008906314,0.49664792770494526,20.913031427503284,2348.4791666666665,,"draftkings@2.5,fanduel@2.5,pinnacle@2.5,sgo_fair@2.5",v2,False,1.1182260686839482,0.5327102803738317,0.4823092126585924,-0.050401067715239334,-0.09461253062334407,-0.035846787615882114,107.0,119.0,pass,2026-10-02T21:36:31+00:00,sgo_slate_alt_20261002T213627Z.json
STL@DAL,Connor McMichael,STL,f2,PP2,SOG,over,2.5,fanduel,260,True,1.7019069017370905,1.737424902972517,0.24599131631338123,0.2551191769923139,16.28334807004509,1938.9183333333335,,sgo_fair@1.5,v2,False,1.1182260686839482,0.2777777777777778,0.2514680327207408,-0.026309745057036982,-0.09471508220533309,-0.009127860678932675,298.0,342.0,pass,2026-10-02T21:36:31+00:00,sgo_slate_alt_20261002T213627Z.json
ANA@VGK,Mitch Marner,VGK,f2,PP1,A,under,0.5,draftkings,-115,False,0.759844480574536,0.7030583747674705,0.4677391638797983,0.4950688799066789,20.54836472665646,2414.8641666666667,,"draftkings@0.5,sgo_fair@0.5",v2,False,1.1032038554164156,0.5348837209302325,0.48413699349592665,-0.05074672743430586,-0.09487431650761546,-0.027329716026880613,107.0,118.0,pass,2026-10-02T21:36:31+00:00,sgo_slate_alt_20261002T213627Z.json
WSH@CAR,Taylor Hall,CAR,f2,PP2,A,under,0.5,draftkings,-265,False,0.49291291524200276,0.37422184494753585,0.6108444619918505,0.687824304555271,16.04701527377841,1703.5891666666669,,"draftkings@0.5,pinnacle@0.5,sgo_fair@0.5",v2,False,1.1032038554164156,0.726027397260274,0.6570323675299028,-0.0689950297303712,-0.09503089000598297,-0.0769798425634205,-192.0,-172.0,pass,2026-10-02T21:36:31+00:00,sgo_slate_alt_20261002T213627Z.json
NYR@DET,Mika Zibanejad,NYR,f1,PP1,PTS,over,1.5,draftkings,280,True,0.87699389603289,0.9635643745260214,0.21911109815052915,0.2508402204828735,19.315568777005215,2422.4325000000003,,"draftkings@0.5,pinnacle@0.5,sgo_fair@1.0",v2,False,1.0468644783193533,0.2631578947368421,0.2381485715499358,-0.025009323186906296,-0.09503542811024401,-0.03172912233234437,320.0,369.0,pass,2026-10-02T21:36:31+00:00,sgo_slate_alt_20261002T213627Z.json
WSH@CAR,Cole Hutson,WSH,d2,PP2,PTS,under,0.5,draftkings,-230,False,0.4887109617413447,0.44281480571964255,0.6134166022395706,0.6422261326817542,18.499433137340223,244.4,,"draftkings@0.5,sgo_fair@0.5",v2,False,1.0468644783193533,0.696969696969697,0.6307023205048807,-0.06626737646481629,-0.095079279275606,-0.028809530442183595,-171.0,-154.0,pass,2026-10-02T21:36:31+00:00,sgo_slate_alt_20261002T213627Z.json
BOS@WPG,JJ Peterka,BOS,f1,PP1,A,over,0.5,fanduel,200,False,0.3134346847070053,0.39035170888701004,0.26906788150999367,0.3231812105508394,15.938440465588924,1957.9416666666666,,"draftkings@0.5,pinnacle@0.5,sgo_fair@0.5",v2,False,1.1032038554164156,0.3333333333333333,0.3015358789345011,-0.03179745439883219,-0.09539236319649658,-0.05411332904084576,232.0,262.0,pass,2026-10-02T21:36:31+00:00,sgo_slate_alt_20261002T213627Z.json
NYR@DET,Eeli Tolvanen,NYR,f3,PP2,A,over,0.5,draftkings,340,False,0.2140480131903473,0.24103229201518075,0.19269037741844355,0.21418374961166017,14.267736109868624,1801.4791666666667,,"draftkings@0.5,sgo_fair@0.5",v2,False,1.1032038554164156,0.22727272727272727,0.2055864007343735,-0.021686326538353756,-0.09541983676875654,-0.02149337219321662,386.0,454.0,pass,2026-10-02T21:36:31+00:00,sgo_slate_alt_20261002T213627Z.json
WSH@CAR,Sebastian Aho,CAR,f1,PP1,SOG,over,3.5,draftkings,240,True,2.657196105643229,2.5417427564759048,0.2803613801276206,0.25634342695203355,19.607974986022285,2284.8791666666666,,"draftkings@2.5,fanduel@2.5,pinnacle@2.5,sgo_fair@2.5",v2,False,1.1182260686839482,0.29411764705882354,0.26595060822226835,-0.02816703883655519,-0.09576793204428768,0.024017953175587026,276.0,315.0,pass,2026-10-02T21:36:31+00:00,sgo_slate_alt_20261002T213627Z.json
NYR@DET,Adam Fox,NYR,d1,PP1,PTS,under,0.5,draftkings,-105,False,0.7787485919391153,0.7640305573062971,0.4589800233696816,0.46578526428937317,22.258802105644207,2111.2541666666666,,"draftkings@0.5,pinnacle@0.5,sgo_fair@0.5",v2,False,1.0468644783193533,0.5121951219512195,0.4630631679214965,-0.049131954029723035,-0.09592429120088786,-0.006805240919691591,116.0,128.0,pass,2026-10-02T21:36:31+00:00,sgo_slate_alt_20261002T213627Z.json
BOS@WPG,Hampus Lindholm,BOS,d1,PP1,SOG,under,1.5,fanduel,-144,False,1.6171119728984202,1.5789622302164883,0.5263823974568194,0.5382311226056786,21.812503355085678,1626.9141666666667,,"draftkings@1.5,fanduel@1.5,pinnacle@1.5,sgo_fair@1.5",v2,False,1.1182260686839482,0.5901639344262295,0.533491632546135,-0.05667230188009453,-0.09602806707460465,-0.011848725148859263,-114.0,-103.0,pass,2026-10-02T21:36:31+00:00,sgo_slate_alt_20261002T213627Z.json
ANA@VGK,Alex Killorn,ANA,f2,PP2,PTS,under,0.5,draftkings,-210,False,0.5395194411119896,0.4590857758493934,0.583028364525942,0.6318610441572106,18.20901908970822,2007.285,,"draftkings@0.5,pinnacle@0.5,sgo_fair@0.5",v2,False,1.0468644783193533,0.6774193548387096,0.6123279723047031,-0.06509138253400648,-0.09608727897877145,-0.04883267963126858,-158.0,-142.0,pass,2026-10-02T21:36:31+00:00,sgo_slate_alt_20261002T213627Z.json
NYR@DET,Eeli Tolvanen,NYR,f3,PP2,SOG,over,2.5,draftkings,285,True,1.7202968901424032,1.6162822567512287,0.2507129767722768,0.22416162294291891,14.267736109868624,1801.4791666666667,,"draftkings@1.5,pinnacle@1.5,sgo_fair@1.5",v2,False,1.1182260686839482,0.2597402597402597,0.23478216447466205,-0.02495809526559767,-0.09608866677255112,0.02655135382935786,326.0,377.0,pass,2026-10-02T21:36:31+00:00,sgo_slate_alt_20261002T213627Z.json
STL@DAL,Jimmy Snuggerud,STL,f1,PP1,SOG,under,2.5,fanduel,-164,False,2.5139109943810083,2.417232982071554,0.5473367714017446,0.5708932439768193,17.487775105522008,1217.4199999999998,,"draftkings@2.5,fanduel@2.5,sgo_fair@2.5",v2,False,1.1182260686839482,0.6212121212121212,0.5614706549467894,-0.05974146626533183,-0.09616918959785115,-0.02355647257507465,-128.0,-116.0,pass,2026-10-02T21:36:31+00:00,sgo_slate_alt_20261002T213627Z.json
BOS@WPG,Cole Perfetti,WPG,f1,PP1,A,over,0.5,draftkings,180,False,0.3778891713996447,0.39746272047133135,0.31469355198832893,0.32797700511887806,16.53972973493684,1622.8166666666666,,"draftkings@0.5,pinnacle@0.5,sgo_fair@0.5",v2,False,1.1032038554164156,0.35714285714285715,0.32266362386665837,-0.034479233276198784,-0.09654185317335662,-0.013283453130549128,210.0,236.0,pass,2026-10-02T21:36:31+00:00,sgo_slate_alt_20261002T213627Z.json
BOS@WPG,David Pastrnak,BOS,f1,PP1,SOG,over,2.5,draftkings,-250,True,3.2437906704082855,3.550763789307926,0.6118063268728584,0.6676023481344254,19.305080809204785,2352.8866666666668,,"draftkings@3.5,fanduel@3.5,pinnacle@3.5,sgo_fair@3.5",v2,False,1.1182260686839482,0.7142857142857143,0.6452839396297986,-0.06900177465591573,-0.09660248451828202,-0.05579602126156702,-182.0,-163.0,pass,2026-10-02T21:36:31+00:00,sgo_slate_alt_20261002T213627Z.json
NYR@DET,Alex DeBrincat,DET,f1,PP1,A,over,0.5,draftkings,115,False,0.5332397841597784,0.552899051881143,0.4132988976538821,0.4247203749059675,18.58434807318392,2176.461666666667,,"draftkings@0.5,pinnacle@0.5,sgo_fair@0.5",v2,False,1.1032038554164156,0.46511627906976744,0.4201517840051333,-0.044964495064634125,-0.09667366438896341,-0.011421477252085366,138.0,153.0,pass,2026-10-02T21:36:31+00:00,sgo_slate_alt_20261002T213627Z.json
ANA@VGK,Mark Stone,VGK,f1,PP1,G,under,0.5,fanduel,-220,False,0.5090359812916607,0.4552743897893958,0.6010747469041005,0.6342739057854525,19.299075818445587,1741.9358333333332,,"fanduel@0.5,pinnacle@0.5,sgo_fair@0.5",v2,False,1.0982596332481283,0.6875,0.6209942422329117,-0.06650575776708834,-0.09673564766121934,-0.03319915888135205,-164.0,-148.0,pass,2026-10-02T21:36:31+00:00,sgo_slate_alt_20261002T213627Z.json
STL@DAL,Thomas Harley,DAL,d1,PP2,SOG,over,3.5,draftkings,550,True,1.942122538072857,1.9313483585975935,0.14008839588001867,0.13820319166825157,23.654813514126516,2434.6675,,"draftkings@1.5,fanduel@1.5,pinnacle@1.5,sgo_fair@2.5",v2,False,1.1182260686839482,0.15384615384615385,0.1389572733529584,-0.01488888049319545,-0.09677772320577038,0.0018852042117671053,620.0,778.0,pass,2026-10-02T21:36:31+00:00,sgo_slate_alt_20261002T213627Z.json
STL@DAL,Dalibor Dvorsky,STL,f3,PP2,PTS,over,0.5,draftkings,185,False,0.3673781139783024,0.39019555531364897,0.3074522664473838,0.32307551462616574,13.885102759466475,1026.5341666666668,,"draftkings@0.5,sgo_fair@0.5",v2,False,1.0468644783193533,0.3508771929824561,0.316826215354653,-0.034050977627803125,-0.09704528623923891,-0.015623248178781912,216.0,243.0,pass,2026-10-02T21:36:31+00:00,sgo_slate_alt_20261002T213627Z.json
NYR@DET,Adam Fox,NYR,d1,PP1,A,under,0.5,draftkings,-140,False,0.6674835569856046,0.624076755893558,0.5129978848159771,0.5357558336714794,22.258802105644207,2111.2541666666666,,"draftkings@0.5,pinnacle@0.5,sgo_fair@0.5",v2,False,1.1032038554164156,0.5833333333333334,0.5266526541292784,-0.05668067920405495,-0.09716687863552265,-0.022757948855502308,-111.0,-101.0,pass,2026-10-02T21:36:31+00:00,sgo_slate_alt_20261002T213627Z.json
STL@DAL,Miro Heiskanen,DAL,d1,PP1,A,over,1.5,fanduel,440,True,0.7370337944586197,0.7293431579701043,0.16877507405360428,0.16606640244358814,25.972927915823785,2527.524166666667,,"draftkings@0.5,pinnacle@0.5,sgo_fair@0.5",v2,False,1.1032038554164156,0.18518518518518517,0.1671498710875946,-0.01803531409759057,-0.09739069612698903,0.0027086716100161445,498.0,603.0,pass,2026-10-02T21:36:31+00:00,sgo_slate_alt_20261002T213627Z.json
STL@DAL,Roope Hintz,DAL,f2,PP1,SOG,under,2.5,draftkings,-185,False,2.437534293461486,2.3042341173452443,0.5659073335561354,0.5989932154624953,16.249302644351516,1496.78,,"draftkings@2.5,fanduel@2.5,pinnacle@2.5,sgo_fair@2.5",v2,False,1.1182260686839482,0.6491228070175439,0.5857588626999513,-0.06336394431759262,-0.09761472502980484,-0.03308588190635986,-141.0,-128.0,pass,2026-10-02T21:36:31+00:00,sgo_slate_alt_20261002T213627Z.json
BOS@WPG,Morgan Barron,WPG,f3,-,A,over,0.5,draftkings,400,False,0.18007460024224128,0.21168169289189528,0.16479209762467265,0.19077776223379533,13.132011872370791,1177.495,,"draftkings@0.5,sgo_fair@0.5",v2,False,1.1032038554164156,0.2,0.18038349639014625,-0.019616503609853758,-0.09808251804926871,-0.02598566460912269,454.0,544.0,pass,2026-10-02T21:36:31+00:00,sgo_slate_alt_20261002T213627Z.json
WSH@CAR,Alex Ovechkin,WSH,f2,PP1,G,over,1.5,fanduel,1800,True,0.3635370748202247,0.332412374856016,0.05205136526666165,0.04440515677437608,16.67895270691558,1949.2041666666667,,"fanduel@0.5,pinnacle@0.5,sgo_fair@0.5",v2,False,1.0982596332481283,0.05263157894736842,0.04746364017129031,-0.005167938776078108,-0.09819083674548412,0.007646208492285575,2007.0,4352.0,pass,2026-10-02T21:36:31+00:00,sgo_slate_alt_20261002T213627Z.json
WSH@CAR,Sebastian Aho,CAR,f1,PP1,A,under,0.5,draftkings,-140,False,0.6896869772734604,0.6122660475094064,0.5017330983503467,0.5421210041833132,19.607974986022285,2284.8791666666666,,"draftkings@0.5,pinnacle@0.5,sgo_fair@0.5",v2,False,1.1032038554164156,0.5833333333333334,0.5259658418501266,-0.057367491483206745,-0.09834427111406863,-0.040387905832966475,-111.0,-100.0,pass,2026-10-02T21:36:31+00:00,sgo_slate_alt_20261002T213627Z.json
BOS@WPG,Josh Morrissey,WPG,d1,PP1,SOG,over,1.5,fanduel,-265,True,2.267287406495546,2.3223860529590477,0.6470317343090305,0.6592551241250003,23.689330519334643,2781.5350000000003,,"draftkings@2.5,pinnacle@2.5,sgo_fair@2.5",v2,False,1.1182260686839482,0.726027397260274,0.6543657681986124,-0.07166162906166162,-0.09870375323587355,-0.01222338981596982,-189.0,-170.0,pass,2026-10-02T21:36:31+00:00,sgo_slate_alt_20261002T213627Z.json
WSH@CAR,Cole Hutson,WSH,d2,PP2,A,under,0.5,draftkings,-330,False,0.4181203128908867,0.33692427261136637,0.6582830237266435,0.7139629044019442,18.499433137340223,244.4,,"draftkings@0.5,sgo_fair@0.5",v2,False,1.1032038554164156,0.7674418604651163,0.691690952131824,-0.07575090833329234,-0.09870572904035058,-0.05567988067530072,-224.0,-200.0,pass,2026-10-02T21:36:31+00:00,sgo_slate_alt_20261002T213627Z.json
ANA@VGK,Brett Howden,VGK,f2,-,SOG,under,1.5,draftkings,-110,False,1.4790681907249035,2.0429238459214494,0.5700753154665928,0.4066632224376989,16.17015068658508,1416.1483333333333,,"draftkings@1.5,sgo_fair@2.0",v2,False,1.1182260686839482,0.5238095238095238,0.4720280596492565,-0.051781464160267354,-0.09885552248778307,0.16341209302889392,112.0,124.0,data-check,2026-10-02T21:36:31+00:00,sgo_slate_alt_20261002T213627Z.json
NYR@DET,Justin Faulk,DET,d3,PP2,PTS,under,0.5,draftkings,-235,False,0.5105114457175585,0.425660074046736,0.6001885364445148,0.6533383910538227,19.45308564413804,2504.826666666667,,"draftkings@0.5,sgo_fair@0.5",v2,False,1.0468644783193533,0.7014925373134329,0.6320784492100995,-0.06941408810333338,-0.09895199793453913,-0.05314985460930799,-172.0,-155.0,pass,2026-10-02T21:36:31+00:00,sgo_slate_alt_20261002T213627Z.json
ANA@VGK,Cutter Gauthier,ANA,f1,PP1,G,over,1.5,draftkings,1200,False,0.4090083490952979,0.4409650869663534,0.06398351515861922,0.07286120395664876,16.623295864485087,1833.5541666666666,,"fanduel@0.5,pinnacle@0.5,sgo_fair@0.5",v2,False,1.0982596332481283,0.07692307692307693,0.06931012843743695,-0.007612948485639981,-0.09896833031331975,-0.00887768879802954,1343.0,2157.0,pass,2026-10-02T21:36:31+00:00,sgo_slate_alt_20261002T213627Z.json
ANA@VGK,Brett Howden,VGK,f2,-,PTS,over,0.5,draftkings,125,False,0.47697476594136257,0.5349790716195593,0.3793418091789844,0.41431845261722794,16.17015068658508,1416.1483333333333,,"draftkings@0.5,sgo_fair@0.5",v2,False,1.0468644783193533,0.4444444444444444,0.4003277952419305,-0.0441166492025139,-0.09926246070565636,-0.034976643438243527,150.0,166.0,pass,2026-10-02T21:36:31+00:00,sgo_slate_alt_20261002T213627Z.json
WSH@CAR,Tom Wilson,WSH,f1,PP1,A,over,0.5,draftkings,205,False,0.36333331077606873,0.3412341788893743,0.30464537432070915,0.2891075872833685,18.257601622938086,2083.9066666666668,,"draftkings@0.5,pinnacle@0.5,sgo_fair@0.5",v2,False,1.1032038554164156,0.32786885245901637,0.29532270209830475,-0.03254615036071162,-0.09926575860017062,0.015537787037340656,239.0,270.0,pass,2026-10-02T21:36:31+00:00,sgo_slate_alt_20261002T213627Z.json
STL@DAL,Thomas Harley,DAL,d1,PP2,A,under,0.5,draftkings,-250,False,0.5224471653567565,0.3905438719999929,0.5930674366083912,0.6766887423391836,23.654813514126516,2434.6675,,"draftkings@0.5,pinnacle@0.5,sgo_fair@0.5",v2,False,1.1032038554164156,0.7142857142857143,0.6432402200468668,-0.07104549423884754,-0.09946369193438664,-0.0836213057307924,-180.0,-162.0,pass,2026-10-02T21:36:31+00:00,sgo_slate_alt_20261002T213627Z.json
NYR@DET,Alexis Lafrenière,NYR,f1,PP1,PTS,over,0.5,fanduel,-125,False,0.6823970707442594,0.7010419497141045,0.4945959500701489,0.5039318436562997,17.94658220183404,0.0,no NHL data: 85% of positional prior,"draftkings@0.5,pinnacle@0.5,sgo_fair@0.5",v2,False,1.0468644783193533,0.5555555555555556,0.5001974862218393,-0.05535806933371623,-0.0996445248006892,-0.009335893586150834,-100.0,110.0,pass,2026-10-02T21:36:31+00:00,sgo_slate_alt_20261002T213627Z.json
BOS@WPG,Elias Lindholm,BOS,f1,PP2,PTS,over,0.5,fanduel,118,False,0.554893507889071,0.5181676044763479,0.4258666013813746,0.40438905652616536,17.864457827843644,1916.9391666666668,,"draftkings@0.5,pinnacle@0.5,sgo_fair@0.5",v2,False,1.0468644783193533,0.45871559633027525,0.412980074468249,-0.04573552186202623,-0.09970343765921719,0.021477544855209252,142.0,158.0,pass,2026-10-02T21:36:31+00:00,sgo_slate_alt_20261002T213627Z.json
WSH@CAR,Jordan Staal,CAR,f3,PP2,SOG,over,1.5,draftkings,-120,False,1.6749167437954757,1.6734465943042878,0.4912300350696143,0.490787254228876,16.336095233703357,1752.3600000000001,,"draftkings@1.5,pinnacle@1.5,sgo_fair@1.5",v2,False,1.1182260686839482,0.5454545454545454,0.4909643665651713,-0.05449017888937413,-0.09989866129718594,0.0004427808407383438,104.0,115.0,pass,2026-10-02T21:36:31+00:00,sgo_slate_alt_20261002T213627Z.json
ANA@VGK,Beckett Sennecke,ANA,f2,PP1,PTS,under,0.5,draftkings,-120,False,0.6998339954814214,0.7192460457451753,0.4966677460384019,0.4871193832756081,17.087583540737576,1430.5,,"draftkings@0.5,sgo_fair@0.5",v2,False,1.0468644783193533,0.5454545454545454,0.49093872838072566,-0.05451581707381975,-0.09994566463533616,0.009548362762793805,104.0,115.0,pass,2026-10-02T21:36:31+00:00,sgo_slate_alt_20261002T213627Z.json
STL@DAL,Justin Hryckowian,DAL,f1,PP2,PTS,over,0.5,draftkings,115,False,0.5207518196401536,0.5568709690426078,0.40592625627509543,0.42700080608162866,16.275927825541153,1094.9966666666667,,"draftkings@0.5,sgo_fair@0.5",v2,False,1.0468644783193533,0.46511627906976744,0.41857098615901533,-0.0465452929107521,-0.10007237975811711,-0.021074549806533227,139.0,154.0,pass,2026-10-02T21:36:31+00:00,sgo_slate_alt_20261002T213627Z.json
NYR@DET,Alexis Lafrenière,NYR,f1,PP1,A,over,0.5,fanduel,168,False,0.39192809009154306,0.4207581827492938,0.32424729447130846,0.34345115294817136,17.94658220183404,0.0,no NHL data: 85% of positional prior,"draftkings@0.5,pinnacle@0.5,sgo_fair@0.5",v2,False,1.1032038554164156,0.373134328358209,0.3357696095574262,-0.03736471880078279,-0.1001374463860979,-0.0192038584768629,198.0,222.0,pass,2026-10-02T21:36:31+00:00,sgo_slate_alt_20261002T213627Z.json
WSH@CAR,Jordan Kyrou,WSH,f3,PP2,SOG,over,1.5,fanduel,-210,True,1.9658783555722847,2.207813978177234,0.5734122222327362,0.6334171762502785,14.636186494925454,1777.7216666666668,,"fanduel@2.5,sgo_fair@2.5",v2,False,1.1182260686839482,0.6774193548387096,0.6094151946432615,-0.06800416019544808,-0.10038709362185194,-0.060004954017542245,-156.0,-141.0,pass,2026-10-02T21:36:31+00:00,sgo_slate_alt_20261002T213627Z.json
BOS@WPG,Mark Scheifele,WPG,f1,PP1,SOG,under,2.5,draftkings,-180,False,2.5971355288162172,2.2523366202078225,0.5274605140532727,0.6120775149670771,19.993486037779117,2517.563333333333,,"draftkings@2.5,fanduel@2.5,pinnacle@2.5,sgo_fair@2.5",v2,False,1.1182260686839482,0.6428571428571429,0.5782307146015553,-0.06462642825558762,-0.10052999950869179,-0.08461700091380442,-137.0,-124.0,pass,2026-10-02T21:36:31+00:00,sgo_slate_alt_20261002T213627Z.json
STL@DAL,Jason Robertson,DAL,f2,PP1,G,under,0.5,fanduel,-190,False,0.5802289691303372,0.49614242249956214,0.5597701817990695,0.6088749174096847,20.375929813628595,2317.33,,"fanduel@0.5,pinnacle@0.5,sgo_fair@0.5",v2,False,1.0982596332481283,0.6551724137931034,0.5892330231654386,-0.06593939062766485,-0.10064433306327802,-0.049104735610615236,-143.0,-129.0,pass,2026-10-02T21:36:31+00:00,sgo_slate_alt_20261002T213627Z.json
STL@DAL,Colton Parayko,STL,d2,-,PTS,over,0.5,draftkings,250,False,0.2371707711691847,0.33897263323826676,0.21114343744318198,0.2874980523065792,20.811591036903145,2393.1916666666666,,"draftkings@0.5,sgo_fair@0.5",v2,False,1.0468644783193533,0.2857142857142857,0.2569562063612203,-0.028758079353065402,-0.10065327773572896,-0.07635461486339723,289.0,331.0,pass,2026-10-02T21:36:31+00:00,sgo_slate_alt_20261002T213627Z.json
ANA@VGK,Parker Wotherspoon,VGK,d2,-,PTS,under,0.5,draftkings,-425,False,0.35060898990274836,0.2959364707252871,0.7042590724343438,0.7438346817970056,20.99249023943148,2080.0866666666666,,"draftkings@0.5,sgo_fair@0.5",v2,False,1.0468644783193533,0.8095238095238095,0.7280044380519408,-0.08151937147186872,-0.1007004000534848,-0.0395756093626618,-268.0,-237.0,pass,2026-10-02T21:36:31+00:00,sgo_slate_alt_20261002T213627Z.json
WSH@CAR,Jackson Blake,CAR,f2,PP1,A,under,0.5,draftkings,-245,False,0.5024827763879386,0.41426813824117864,0.6050266475476667,0.6608237353936605,17.175685133360474,1856.5166666666667,,"draftkings@0.5,pinnacle@0.5,sgo_fair@0.5",v2,False,1.1032038554164156,0.7101449275362319,0.638504900255263,-0.07164002728096897,-0.1008808547425889,-0.0557970878459938,-177.0,-159.0,pass,2026-10-02T21:36:31+00:00,sgo_slate_alt_20261002T213627Z.json
NYR@DET,Andrew Copp,DET,f1,PP1,SOG,over,1.5,fanduel,-135,False,2.026936226559812,1.5986603335453926,0.5892654326984315,0.4679088826204852,17.350846748956222,1679.7833333333333,,"draftkings@1.5,pinnacle@1.5,sgo_fair@1.5",v2,False,1.1182260686839482,0.574468085106383,0.5164515026516636,-0.05801658245471941,-0.10099182871747447,0.12135655007794627,-107.0,103.0,data-check,2026-10-02T21:36:31+00:00,sgo_slate_alt_20261002T213627Z.json
NYR@DET,Gabe Perreault,NYR,not in DF lineup,-,A,over,0.5,fanduel,285,False,0.23861495495574542,0.28448932594595017,0.21228186905064797,0.247601613437824,15.255362995888913,842.9158333333332,,"draftkings@0.5,pinnacle@0.5,sgo_fair@0.5",v1,False,1.1032038554164156,0.2597402597402597,0.23347371568295358,-0.026266544057306135,-0.10112619462062866,-0.03531974438717603,328.0,380.0,pass,2026-10-02T21:36:31+00:00,sgo_slate_alt_20261002T213627Z.json
NYR@DET,Gabe Perreault,NYR,not in DF lineup,-,A,over,0.5,draftkings,285,False,0.23861495495574542,0.28448932594595017,0.21228186905064797,0.247601613437824,15.255362995888913,842.9158333333332,,"draftkings@0.5,pinnacle@0.5,sgo_fair@0.5",v1,False,1.1032038554164156,0.2597402597402597,0.23347371568295358,-0.026266544057306135,-0.10112619462062866,-0.03531974438717603,328.0,380.0,pass,2026-10-02T21:36:31+00:00,sgo_slate_alt_20261002T213627Z.json
BOS@WPG,David Pastrnak,BOS,f1,PP1,SOG,over,3.5,fanduel,104,False,3.2437906704082855,3.550763789307926,0.40332669580167596,0.4654775805312655,19.305080809204785,2352.8866666666668,,"draftkings@3.5,fanduel@3.5,pinnacle@3.5,sgo_fair@3.5",v2,False,1.1182260686839482,0.49019607843137253,0.44061722663942965,-0.04957885179194288,-0.10114085765556347,-0.06215088472958952,127.0,141.0,pass,2026-10-02T21:36:31+00:00,sgo_slate_alt_20261002T213627Z.json
WSH@CAR,Logan Stankoven,CAR,f2,PP2,G,over,1.5,fanduel,1800,True,0.352571745266632,0.33888802955386094,0.04930688771101517,0.045958959226657346,17.072616370327324,1801.0691666666667,,"pinnacle@0.5,sgo_fair@0.5",v2,False,1.0982596332481283,0.05263157894736842,0.047298130620400475,-0.005333448326967943,-0.10133551821239095,0.0033479284843578247,2014.0,4385.0,pass,2026-10-02T21:36:31+00:00,sgo_slate_alt_20261002T213627Z.json
NYR@DET,Oliver Bjorkstrand,NYR,f2,PP2,SOG,under,1.5,draftkings,-120,False,1.64419310790154,1.8021774046685863,0.5180794851761883,0.4714810494819047,13.833854577852438,1656.3891666666668,,"draftkings@1.5,fanduel@1.5,pinnacle@1.5,sgo_fair@2.0",v2,False,1.1182260686839482,0.5454545454545454,0.4901204237596181,-0.055334121694927296,-0.10144588977403335,0.04659843569428357,104.0,115.0,pass,2026-10-02T21:36:31+00:00,sgo_slate_alt_20261002T213627Z.json
NYR@DET,Moritz Seider,DET,d1,PP1,PTS,over,1.5,draftkings,425,True,0.7795622041597174,0.7196175011330034,0.1838807727181478,0.1626520785504702,24.012255414088816,3029.8125,,"draftkings@0.5,pinnacle@0.5,sgo_fair@0.5",v2,False,1.0468644783193533,0.19047619047619047,0.17114355621754124,-0.01933263425864923,-0.10149632985790846,0.021228694167677586,484.0,584.0,pass,2026-10-02T21:36:31+00:00,sgo_slate_alt_20261002T213627Z.json
WSH@CAR,Taylor Hall,CAR,f2,PP2,PTS,over,1.5,draftkings,500,True,0.7877340175504273,0.6093494962220675,0.18680562276759854,0.12498954006567467,16.04701527377841,1703.5891666666669,,"draftkings@0.5,pinnacle@0.5,sgo_fair@0.5",v2,False,1.0468644783193533,0.16666666666666666,0.14971597314644422,-0.016950693520222437,-0.10170416112133474,0.061816082701923875,568.0,702.0,pass,2026-10-02T21:36:31+00:00,sgo_slate_alt_20261002T213627Z.json
ANA@VGK,Tomas Hertl,VGK,f3,PP1,PTS,over,1.5,fanduel,420,True,0.7768563380820841,0.7289418952919325,0.1829137637577735,0.1659252856774922,14.758236776055922,1974.8158333333336,,"draftkings@0.5,pinnacle@0.5,sgo_fair@0.5",v2,False,1.0468644783193533,0.19230769230769232,0.17272067690960471,-0.019587015398087604,-0.10185248007005543,0.016988478080281283,479.0,577.0,pass,2026-10-02T21:36:31+00:00,sgo_slate_alt_20261002T213627Z.json
STL@DAL,Wyatt Johnston,DAL,f1,PP1,A,under,0.5,draftkings,-200,False,0.5649142251024722,0.4799194747940625,0.5684088998817547,0.6188332214724419,20.913031427503284,2348.4791666666665,,"draftkings@0.5,pinnacle@0.5,sgo_fair@0.5",v2,False,1.1032038554164156,0.6666666666666666,0.598663492836167,-0.06800317383049959,-0.10200476074574949,-0.050424321590687216,-149.0,-135.0,pass,2026-10-02T21:36:31+00:00,sgo_slate_alt_20261002T213627Z.json
BOS@WPG,Will Borgen,BOS,d1,-,PTS,over,0.5,draftkings,390,False,0.1918880104411584,0.20953151293038003,0.1746007005806535,0.18903591682427576,18.444835296639457,2016.5325000000003,,sgo_fair@0.5,v2,False,1.0468644783193533,0.20408163265306123,0.18326183032682686,-0.02081980232623437,-0.10201703139854834,-0.014435216243622262,446.0,532.0,pass,2026-10-02T21:36:31+00:00,sgo_slate_alt_20261002T213627Z.json
STL@DAL,Jimmy Snuggerud,STL,f1,PP1,G,under,0.5,fanduel,-420,False,0.3568889214047601,0.2982252871635192,0.6998502317978623,0.7421341276205462,17.487775105522008,1217.4199999999998,,"fanduel@0.5,sgo_fair@0.5",v2,False,1.0982596332481283,0.8076923076923077,0.7252205692914726,-0.0824717384008351,-0.10210786659151005,-0.04228389582268388,-264.0,-234.0,pass,2026-10-02T21:36:31+00:00,sgo_slate_alt_20261002T213627Z.json
NYR@DET,Lucas Raymond,DET,f1,PP1,SOG,under,2.5,draftkings,-160,False,2.556125798842208,2.450707374197824,0.5372060933627032,0.5626829836296307,18.249403362076805,2197.0216666666665,,"draftkings@2.5,fanduel@2.5,pinnacle@2.5,sgo_fair@2.5",v2,False,1.1182260686839482,0.6153846153846154,0.5524922275228596,-0.06289238786175577,-0.10220013027535302,-0.025476890266927454,-123.0,-112.0,pass,2026-10-02T21:36:31+00:00,sgo_slate_alt_20261002T213627Z.json
NYR@DET,J.T. Miller,NYR,f2,PP1,PTS,over,0.5,draftkings,-135,False,0.6801411850223616,0.7561879384972334,0.4934545293167924,0.5305473974651022,17.08771264101801,1991.3375,,"draftkings@0.5,pinnacle@0.5,sgo_fair@0.5",v2,False,1.0468644783193533,0.574468085106383,0.5157102502057782,-0.05875783490060482,-0.10228215704920096,-0.037092868148309754,-106.0,104.0,pass,2026-10-02T21:36:31+00:00,sgo_slate_alt_20261002T213627Z.json
ANA@VGK,Leo Carlsson,ANA,f1,PP1,PTS,over,0.5,fanduel,-192,False,0.8007260759768395,0.9581897293945755,0.5509971644379398,0.6164133465243854,17.96890196451367,1895.936666666667,,"draftkings@0.5,pinnacle@0.5,sgo_fair@1.0",v2,False,1.0468644783193533,0.6575342465753424,0.5902468736898072,-0.06728737288553521,-0.10233287959675141,-0.06541618208644562,-144.0,-130.0,pass,2026-10-02T21:36:31+00:00,sgo_slate_alt_20261002T213627Z.json
WSH@CAR,Sebastian Aho,CAR,f1,PP1,SOG,under,2.5,fanduel,-144,False,2.657196105643229,2.5417427564759048,0.5133651637426022,0.5406466632059335,19.607974986022285,2284.8791666666666,,"draftkings@2.5,fanduel@2.5,pinnacle@2.5,sgo_fair@2.5",v2,False,1.1182260686839482,0.5901639344262295,0.5297340634206009,-0.06042987100562858,-0.10239505920398184,-0.02728149946333125,-113.0,-102.0,pass,2026-10-02T21:36:31+00:00,sgo_slate_alt_20261002T213627Z.json
BOS@WPG,Pavel Zacha,BOS,f2,PP1,A,over,0.5,draftkings,165,False,0.4153302716392369,0.4122595914745447,0.33987777495119814,0.3378476353689898,16.867313130617127,2032.8025,,"draftkings@0.5,pinnacle@0.5,sgo_fair@0.5",v2,False,1.1032038554164156,0.37735849056603776,0.3386596912018731,-0.03869879936416465,-0.10255181831503624,0.0020301395822083235,195.0,219.0,pass,2026-10-02T21:36:31+00:00,sgo_slate_alt_20261002T213627Z.json
BOS@WPG,Casey Mittelstadt,BOS,f2,PP2,PTS,over,0.5,draftkings,125,False,0.5209493194582885,0.5008417252805664,0.40604357414592945,0.39397965767343274,15.633227652822582,1712.975,,"draftkings@0.5,pinnacle@0.5,sgo_fair@0.5",v2,False,1.0468644783193533,0.4444444444444444,0.3988052242624314,-0.045639220182012996,-0.10268824540952926,0.012063916472496716,151.0,168.0,pass,2026-10-02T21:36:31+00:00,sgo_slate_alt_20261002T213627Z.json
BOS@WPG,Marat Khusnutdinov,BOS,f3,-,PTS,over,0.5,draftkings,185,False,0.357065743749555,0.3922274577298177,0.30027350642096606,0.32444956268503095,14.553333111609474,1537.7725,,"draftkings@0.5,sgo_fair@0.5",v2,False,1.0468644783193533,0.3508771929824561,0.314779140179405,-0.03609805280305112,-0.10287945048869573,-0.024176056264064882,218.0,245.0,pass,2026-10-02T21:36:31+00:00,sgo_slate_alt_20261002T213627Z.json
STL@DAL,Miro Heiskanen,DAL,d1,PP1,SOG,over,1.5,fanduel,-220,True,1.8688868290955494,2.3397194152326795,0.5472335384161048,0.6630238836614866,25.972927915823785,2527.524166666667,,"draftkings@2.5,fanduel@2.5,pinnacle@2.5,sgo_fair@2.5",v2,False,1.1182260686839482,0.6875,0.6167077455633339,-0.07079225443666615,-0.10297055190787796,-0.11579034524538179,-161.0,-145.0,pass,2026-10-02T21:36:31+00:00,sgo_slate_alt_20261002T213627Z.json
NYR@DET,Viktor Arvidsson,DET,f2,PP1,G,over,0.5,fanduel,210,False,0.3245185979177086,0.35310002623052866,0.27712473644981395,0.29749307925645546,13.767299701510195,1459.4783333333332,,"fanduel@0.5,sgo_fair@0.5",v2,False,1.0982596332481283,0.3225806451612903,0.2893457421337988,-0.03323490302749149,-0.10302819938522367,-0.020368342806641515,246.0,278.0,pass,2026-10-02T21:36:31+00:00,sgo_slate_alt_20261002T213627Z.json
BOS@WPG,Casey Mittelstadt,BOS,f2,PP2,G,over,1.5,fanduel,5000,False,0.21804945491849567,0.18781607611160595,0.020583882233972197,0.015577087606145226,15.633227652822582,1712.975,,sgo_fair@0.5,v2,False,1.0982596332481283,0.0196078431372549,0.017579805457276013,-0.002028037679978889,-0.1034299216789234,0.005006794627826971,5588.0,,pass,2026-10-02T21:36:31+00:00,sgo_slate_alt_20261002T213627Z.json
STL@DAL,Wyatt Johnston,DAL,f1,PP1,SOG,over,3.5,draftkings,190,True,2.8903229975497946,2.7296758812251145,0.32937792723126563,0.29555430374116787,20.913031427503284,2348.4791666666665,,"draftkings@2.5,fanduel@2.5,pinnacle@2.5,sgo_fair@2.5",v2,False,1.1182260686839482,0.3448275862068966,0.309083753137207,-0.03574383306968959,-0.1036571159020998,0.033823623490097765,224.0,252.0,pass,2026-10-02T21:36:31+00:00,sgo_slate_alt_20261002T213627Z.json
NYR@DET,Alexis Lafrenière,NYR,f1,PP1,G,over,2.5,fanduel,20000,True,0.3428666201496105,0.3105338731712222,0.005206202868868523,0.0039612033132523,17.94658220183404,0.0,no NHL data: 85% of positional prior,"fanduel@0.5,pinnacle@0.5,sgo_fair@0.5",v2,False,1.0982596332481283,0.004975124378109453,0.004459203135498789,-0.0005159212426106632,-0.10370016976474328,0.0012449995556162233,22326.0,,pass,2026-10-02T21:36:31+00:00,sgo_slate_alt_20261002T213627Z.json
NYR@DET,Adam Fox,NYR,d1,PP1,A,over,1.5,fanduel,560,True,0.6674835569856046,0.624076755893558,0.14458446230096317,0.12989140369977523,22.258802105644207,2111.2541666666666,,"draftkings@0.5,pinnacle@0.5,sgo_fair@0.5",v2,False,1.1032038554164156,0.15151515151515152,0.1357686271402504,-0.015746524374901122,-0.10392706087434744,0.014693058601187942,637.0,803.0,pass,2026-10-02T21:36:31+00:00,sgo_slate_alt_20261002T213627Z.json
ANA@VGK,Cutter Gauthier,ANA,f1,PP1,SOG,over,2.5,draftkings,-210,True,2.922382978028437,3.4358790498812657,0.5461458901095546,0.647513007175556,16.623295864485087,1833.5541666666666,,"draftkings@3.5,fanduel@3.5,pinnacle@3.5,sgo_fair@3.5",v2,False,1.1182260686839482,0.6774193548387096,0.6069661603491554,-0.07045319448955423,-0.10400233472267528,-0.10136711706600143,-154.0,-139.0,pass,2026-10-02T21:36:31+00:00,sgo_slate_alt_20261002T213627Z.json
STL@DAL,Mikko Rantanen,DAL,f1,PP1,PTS,over,1.5,fanduel,190,True,1.1712187353624974,1.089095080144061,0.326946256736834,0.29697588441194567,20.640933758585803,2075.3450000000003,,"draftkings@0.5,pinnacle@0.5,sgo_fair@1.5",v2,False,1.0468644783193533,0.3448275862068966,0.308964033341901,-0.035863552864995596,-0.1040043033084872,0.029970372324888306,224.0,252.0,pass,2026-10-02T21:36:31+00:00,sgo_slate_alt_20261002T213627Z.json
NYR@DET,Moritz Seider,DET,d1,PP1,SOG,over,3.5,draftkings,310,True,2.3370677729229246,2.3691295967170483,0.21467250658028117,0.221100410397511,24.012255414088816,3029.8125,,"draftkings@2.5,fanduel@2.5,pinnacle@2.5,sgo_fair@2.5",v2,False,1.1182260686839482,0.24390243902439024,0.21852924887061906,-0.02537319015377118,-0.10403007963046196,-0.006427903817229824,358.0,417.0,pass,2026-10-02T21:36:31+00:00,sgo_slate_alt_20261002T213627Z.json
STL@DAL,Dylan Holloway,STL,f1,PP1,G,under,0.5,fanduel,-420,False,0.375225551915182,0.2903861156443335,0.6871342768590052,0.7479747070794059,18.08848697930289,1659.9508333333333,,"fanduel@0.5,pinnacle@0.5,sgo_fair@0.5",v2,False,1.0982596332481283,0.8076923076923077,0.7236385349912456,-0.08405377270106207,-0.10406657572512445,-0.060840430220400754,-262.0,-232.0,pass,2026-10-02T21:36:31+00:00,sgo_slate_alt_20261002T213627Z.json
STL@DAL,Thomas Harley,DAL,d1,PP2,PTS,under,0.5,draftkings,-180,False,0.6240243257528795,0.5065192939827783,0.5357839241615958,0.6025893692072559,23.654813514126516,2434.6675,,"draftkings@0.5,pinnacle@0.5,sgo_fair@0.5",v2,False,1.0468644783193533,0.6428571428571429,0.5758671911889919,-0.06698995166815103,-0.10420659148379041,-0.0668054450456601,-136.0,-123.0,pass,2026-10-02T21:36:31+00:00,sgo_slate_alt_20261002T213627Z.json
WSH@CAR,Taylor Hall,CAR,f2,PP2,SOG,over,2.5,draftkings,180,True,2.084770299166911,1.922734463279685,0.3450763053298964,0.3031081114999076,16.04701527377841,1703.5891666666669,,"draftkings@1.5,pinnacle@1.5,sgo_fair@1.5",v2,False,1.1182260686839482,0.35714285714285715,0.3198953890319031,-0.03724746811095403,-0.10429291071067137,0.04196819382998884,213.0,239.0,pass,2026-10-02T21:36:31+00:00,sgo_slate_alt_20261002T213627Z.json
STL@DAL,Roope Hintz,DAL,f2,PP1,PTS,over,1.5,draftkings,270,True,0.8810679610010661,0.9786253889557811,0.22059796966572748,0.2563784428859061,16.249302644351516,1496.78,,"draftkings@0.5,pinnacle@0.5,sgo_fair@1.0",v2,False,1.0468644783193533,0.2702702702702703,0.24206625359783468,-0.028204016672435606,-0.10435486168801167,-0.03578047322017863,313.0,361.0,pass,2026-10-02T21:36:31+00:00,sgo_slate_alt_20261002T213627Z.json
NYR@DET,Gabe Perreault,NYR,not in DF lineup,-,PTS,over,0.5,fanduel,140,False,0.41731137334154633,0.5015283816425384,0.3411842496580414,0.3943956425612963,15.255362995888913,842.9158333333332,,"draftkings@0.5,pinnacle@0.5,sgo_fair@0.5",v1,False,1.0468644783193533,0.4166666666666667,0.3731110853999943,-0.04355558126667236,-0.10453339504001369,-0.053211392903254884,168.0,187.0,pass,2026-10-02T21:36:31+00:00,sgo_slate_alt_20261002T213627Z.json
BOS@WPG,Mark Scheifele,WPG,f1,PP1,A,over,1.5,draftkings,425,True,0.8269486465128035,0.6839344139516107,0.20092580492280082,0.15024010466189047,19.993486037779117,2517.563333333333,,"draftkings@0.5,pinnacle@0.5,sgo_fair@0.5",v2,False,1.1032038554164156,0.19047619047619047,0.17051438476625463,-0.01996180570993583,-0.10479947997716321,0.05068570026091035,486.0,587.0,pass,2026-10-02T21:36:31+00:00,sgo_slate_alt_20261002T213627Z.json
WSH@CAR,Tom Wilson,WSH,f1,PP1,SOG,under,1.5,fanduel,100,False,1.8366419942423062,1.922433066195927,0.4617403740961258,0.4381627100424127,18.257601622938086,2083.9066666666668,,"draftkings@1.5,fanduel@1.5,pinnacle@1.5,sgo_fair@2.0",v2,False,1.1182260686839482,0.5,0.4475937756638979,-0.05240622433610209,-0.10481244867220418,0.023577664053713088,123.0,137.0,pass,2026-10-02T21:36:31+00:00,sgo_slate_alt_20261002T213627Z.json
NYR@DET,J.T. Miller,NYR,f2,PP1,SOG,over,2.5,draftkings,155,True,2.0405303472808645,2.1530253982401297,0.33365044697774876,0.3626239286072806,17.08771264101801,1991.3375,,"draftkings@1.5,fanduel@1.5,pinnacle@2.5,sgo_fair@2.0",v2,False,1.1182260686839482,0.39215686274509803,0.35103453595546785,-0.04112232678963018,-0.10486193331355709,-0.02897348162953184,185.0,207.0,pass,2026-10-02T21:36:31+00:00,sgo_slate_alt_20261002T213627Z.json
ANA@VGK,Jackson LaCombe,ANA,d1,PP1,A,over,1.5,draftkings,700,True,0.5940448994570362,0.5522714888730137,0.11994436480505154,0.10644925636350806,25.36882371969002,2740.9808333333335,,"draftkings@0.5,pinnacle@0.5,sgo_fair@0.5",v2,False,1.1032038554164156,0.125,0.11184729974012544,-0.013152700259874556,-0.10522160207899645,0.013495108441543474,794.0,1051.0,pass,2026-10-02T21:36:31+00:00,sgo_slate_alt_20261002T213627Z.json
BOS@WPG,JJ Peterka,BOS,f1,PP1,G,over,0.5,fanduel,240,False,0.29203738404247415,0.31436963032387133,0.25325938073148707,0.269750943927539,15.938440465588924,1957.9416666666666,,"fanduel@0.5,pinnacle@0.5,sgo_fair@0.5",v2,False,1.0982596332481283,0.29411764705882354,0.2631543186491182,-0.030963328409705337,-0.10527531659299816,-0.01649156319605194,280.0,320.0,pass,2026-10-02T21:36:31+00:00,sgo_slate_alt_20261002T213627Z.json
STL@DAL,Justin Hryckowian,DAL,f1,PP2,SOG,over,1.5,draftkings,100,False,1.4501526847130382,1.5899289039254214,0.4204941451660697,0.46519303827286723,16.275927825541153,1094.9966666666667,,"draftkings@1.5,sgo_fair@1.5",v2,False,1.1182260686839482,0.5,0.44731348103014823,-0.05268651896985177,-0.10537303793970354,-0.04469889310679753,124.0,137.0,pass,2026-10-02T21:36:31+00:00,sgo_slate_alt_20261002T213627Z.json
NYR@DET,Sean Durzi,NYR,d2,PP2,PTS,over,0.5,draftkings,190,False,0.33365843194707373,0.3928593203743093,0.28370159490130514,0.32487628294234766,19.028469786411566,1478.5616666666667,,"draftkings@0.5,sgo_fair@0.5",v2,False,1.0468644783193533,0.3448275862068966,0.30840640772593064,-0.03642117848096593,-0.10562141759480115,-0.04117468804104252,224.0,253.0,pass,2026-10-02T21:36:31+00:00,sgo_slate_alt_20261002T213627Z.json
WSH@CAR,Pierre-Luc Dubois,WSH,f1,PP1,A,under,0.5,draftkings,-280,False,0.4641199984436695,0.3868394419681578,0.6286881083459253,0.6792001372098527,16.026006939520308,1126.1958333333334,,"draftkings@0.5,pinnacle@0.5,sgo_fair@0.5",v2,False,1.1032038554164156,0.7368421052631579,0.6589953256642818,-0.07784677959887609,-0.10564920088418894,-0.05051202886392747,-193.0,-173.0,pass,2026-10-02T21:36:31+00:00,sgo_slate_alt_20261002T213627Z.json
BOS@WPG,Cole Perfetti,WPG,f1,PP1,PTS,over,0.5,fanduel,-113,False,0.6006169201333487,0.6726100177206102,0.451526832438935,0.4896252492559698,16.53972973493684,1622.8166666666666,,"draftkings@0.5,pinnacle@0.5,sgo_fair@0.5",v2,False,1.0468644783193533,0.5305164319248826,0.47438588252915587,-0.05613054939572676,-0.10580360195831684,-0.0380984168170348,111.0,123.0,pass,2026-10-02T21:36:31+00:00,sgo_slate_alt_20261002T213627Z.json
WSH@CAR,Jakob Chychrun,WSH,d1,PP1,SOG,over,2.5,fanduel,165,True,1.9438461414714083,2.1294097511647485,0.30858905884607074,0.35656529936733417,21.891377326993766,2568.704166666667,,"draftkings@1.5,fanduel@1.5,pinnacle@1.5,sgo_fair@2.0",v2,False,1.1182260686839482,0.37735849056603776,0.3373748031588288,-0.03998368740720898,-0.10595677162910377,-0.047976240521263425,196.0,220.0,pass,2026-10-02T21:36:31+00:00,sgo_slate_alt_20261002T213627Z.json
WSH@CAR,Jordan Kyrou,WSH,f3,PP2,SOG,over,2.5,fanduel,154,False,1.9658783555722847,2.207813978177234,0.3143071491974318,0.37661967288925535,14.636186494925454,1777.7216666666668,,"fanduel@2.5,sgo_fair@2.5",v2,False,1.1182260686839482,0.3937007874015748,0.3516946634125259,-0.042006123989048905,-0.10669555493218419,-0.06231252369182355,184.0,206.0,pass,2026-10-02T21:36:31+00:00,sgo_slate_alt_20261002T213627Z.json
ANA@VGK,Rasmus Andersson,VGK,d2,PP2,A,over,0.5,draftkings,170,False,0.41053418733618463,0.39576695046649746,0.3367041687514905,0.326836441888463,21.694549594463403,2772.36,,"draftkings@0.5,pinnacle@0.5,sgo_fair@0.5",v2,False,1.1032038554164156,0.37037037037037035,0.330783532633674,-0.039586837736696356,-0.10688446188908018,0.009867726863027504,202.0,227.0,pass,2026-10-02T21:36:31+00:00,sgo_slate_alt_20261002T213627Z.json
WSH@CAR,Ryan Leonard,WSH,f2,PP2,SOG,over,3.5,fanduel,450,True,1.8718031201636651,2.187282496495688,0.1279583964544771,0.1852800985363717,14.79877049597388,1138.4366666666667,,sgo_fair@2.0,v2,False,1.1182260686839482,0.18181818181818182,0.16235141770361386,-0.019466764114567964,-0.10706720263012381,-0.057321702081894604,516.0,628.0,pass,2026-10-02T21:36:31+00:00,sgo_slate_alt_20261002T213627Z.json
WSH@CAR,Nikolaj Ehlers,CAR,f3,PP1,A,under,0.5,draftkings,-180,False,0.6272963558057655,0.5098789811348887,0.5340336880340187,0.6005682545031945,16.96250861269781,1870.6825,,"draftkings@0.5,pinnacle@0.5,sgo_fair@0.5",v2,False,1.1032038554164156,0.6428571428571429,0.5739544279155242,-0.0689027149416187,-0.10718200102029563,-0.06653456646917577,-135.0,-122.0,pass,2026-10-02T21:36:31+00:00,sgo_slate_alt_20261002T213627Z.json
WSH@CAR,Andrei Svechnikov,CAR,f1,PP1,SOG,over,4.5,draftkings,550,True,2.7214560494943885,2.564927349916448,0.150976556927156,0.1281997114088676,17.174841336373092,1912.6491666666668,,"draftkings@2.5,fanduel@2.5,pinnacle@2.5,sgo_fair@2.5",v2,False,1.1182260686839482,0.15384615384615385,0.13731044961618297,-0.016535704229970888,-0.10748207749481076,0.022776845518288402,628.0,790.0,pass,2026-10-02T21:36:31+00:00,sgo_slate_alt_20261002T213627Z.json
WSH@CAR,Aliaksei Protas,WSH,f3,-,G,over,1.5,fanduel,4500,False,0.20612303877179008,0.21449380973488366,0.01853794229604377,0.019964454692853843,16.074257638877974,1948.75,,sgo_fair@0.5,v2,False,1.0982596332481283,0.021739130434782608,0.019393849734129814,-0.0023452807006527944,-0.10788291223002855,-0.0014265123968100722,5056.0,,pass,2026-10-02T21:36:31+00:00,sgo_slate_alt_20261002T213627Z.json
ANA@VGK,Mitch Marner,VGK,f2,PP1,PTS,over,1.5,draftkings,185,True,1.130772072799919,1.1343204250030403,0.31222097914827124,0.313515842399791,20.54836472665646,2414.8641666666667,,"draftkings@0.5,sgo_fair@1.5",v2,False,1.0468644783193533,0.3508771929824561,0.31299789709918313,-0.03787929588327299,-0.10795599326732808,-0.0012948632515197844,219.0,247.0,pass,2026-10-02T21:36:31+00:00,sgo_slate_alt_20261002T213627Z.json
BOS@WPG,Josh Morrissey,WPG,d1,PP1,SOG,over,3.5,draftkings,330,True,2.267287406495546,2.3223860529590477,0.2008400623603871,0.21174367111280926,23.689330519334643,2781.5350000000003,,"draftkings@2.5,pinnacle@2.5,sgo_fair@2.5",v2,False,1.1182260686839482,0.23255813953488372,0.2073822276118404,-0.02517591192304333,-0.10825642126908641,-0.010903608752422161,382.0,448.0,pass,2026-10-02T21:36:31+00:00,sgo_slate_alt_20261002T213627Z.json
BOS@WPG,Neal Pionk,WPG,d2,PP2,SOG,over,4.5,draftkings,1600,True,1.9264736148120283,1.907443795290105,0.05348559261132996,0.05176822775923552,21.56093374973941,1843.1675,,"draftkings@1.5,pinnacle@1.5,sgo_fair@2.0",v2,False,1.1182260686839482,0.058823529411764705,0.0524551737000733,-0.006368355711691406,-0.10826204709875387,0.0017173648520944357,1806.0,3542.0,pass,2026-10-02T21:36:31+00:00,sgo_slate_alt_20261002T213627Z.json
ANA@VGK,Rasmus Andersson,VGK,d2,PP2,SOG,under,1.5,draftkings,110,False,1.959410606525185,1.9828023884859605,0.42829540854934756,0.42214515823293,21.694549594463403,2772.36,,"draftkings@1.5,pinnacle@1.5,sgo_fair@2.5",v2,False,1.1182260686839482,0.47619047619047616,0.42460525835949703,-0.051585217830979135,-0.10832895744505622,0.006150250316417583,136.0,150.0,pass,2026-10-02T21:36:31+00:00,sgo_slate_alt_20261002T213627Z.json
NYR@DET,Alex DeBrincat,DET,f1,PP1,SOG,over,5.5,draftkings,450,True,3.5365140211988266,3.5490445411392613,0.16111300125970696,0.16278791708998316,18.58434807318392,2176.461666666667,,"draftkings@3.5,fanduel@3.5,pinnacle@3.5,sgo_fair@3.5",v2,False,1.1182260686839482,0.18181818181818182,0.1621179507578727,-0.01970023106030913,-0.10835127083170015,-0.001674915830276208,517.0,629.0,pass,2026-10-02T21:36:31+00:00,sgo_slate_alt_20261002T213627Z.json
WSH@CAR,Shayne Gostisbehere,CAR,d3,PP1,SOG,over,4.5,draftkings,1500,True,2.0891866192908224,1.8477533987914245,0.06943683445543927,0.046585237115507445,16.932991501259885,1660.3433333333335,,"draftkings@1.5,pinnacle@1.5,sgo_fair@1.5",v2,False,1.1182260686839482,0.0625,0.055725876051480175,-0.006774123948519825,-0.1083859831763172,0.022851597339931827,1694.0,3155.0,pass,2026-10-02T21:36:31+00:00,sgo_slate_alt_20261002T213627Z.json
WSH@CAR,Jakob Chychrun,WSH,d1,PP1,A,over,0.5,draftkings,135,False,0.43325068149505375,0.5072083544045178,0.3516020699322815,0.397825708254477,21.891377326993766,2568.704166666667,,"draftkings@0.5,pinnacle@0.5,sgo_fair@0.5",v2,False,1.1032038554164156,0.425531914893617,0.3793362529255988,-0.04619566196801822,-0.1085598056248428,-0.046223638322195504,164.0,182.0,pass,2026-10-02T21:36:31+00:00,sgo_slate_alt_20261002T213627Z.json
ANA@VGK,Beckett Sennecke,ANA,f2,PP1,G,over,0.5,fanduel,235,False,0.28208651579607547,0.3279868148590996,0.24579156923240583,0.2796274821441673,17.087583540737576,1430.5,,"fanduel@0.5,sgo_fair@0.5",v2,False,1.0982596332481283,0.29850746268656714,0.2660931169794627,-0.03241434570710444,-0.1085880581187999,-0.033835912911761495,276.0,315.0,pass,2026-10-02T21:36:31+00:00,sgo_slate_alt_20261002T213627Z.json
NYR@DET,Will Cuylle,NYR,f3,PP2,SOG,over,2.5,draftkings,230,True,1.7667722169031264,1.8141688515489225,0.26268565968263735,0.2749419284959563,14.475285775016168,1967.8908333333336,,"draftkings@1.5,pinnacle@1.5,sgo_fair@1.5",v2,False,1.1182260686839482,0.30303030303030304,0.2700394209706287,-0.03299088205967432,-0.10886991079692532,-0.012256268813318927,270.0,308.0,pass,2026-10-02T21:36:31+00:00,sgo_slate_alt_20261002T213627Z.json
STL@DAL,Thomas Harley,DAL,d1,PP2,SOG,under,1.5,draftkings,105,False,1.942122538072857,1.9313483585975935,0.4328865300139786,0.43576743715785404,23.654813514126516,2434.6675,,"draftkings@1.5,fanduel@1.5,pinnacle@1.5,sgo_fair@2.5",v2,False,1.1182260686839482,0.4878048780487805,0.4346150743003039,-0.053189803748476594,-0.10903909768437714,-0.002880907143875455,130.0,144.0,pass,2026-10-02T21:36:31+00:00,sgo_slate_alt_20261002T213627Z.json
STL@DAL,Robert Thomas,STL,f1,PP1,G,over,1.5,fanduel,2200,True,0.3470329785104103,0.27995466423903104,0.0479413114450339,0.03258721756721739,18.68804235636643,1845.6466666666668,,"fanduel@0.5,pinnacle@0.5,sgo_fair@0.5",v2,False,1.0982596332481283,0.043478260869565216,0.038728855118343994,-0.004749405751221222,-0.10923633227808816,0.015354093877816506,2482.0,7184.0,pass,2026-10-02T21:36:31+00:00,sgo_slate_alt_20261002T213627Z.json
BOS@WPG,Hampus Lindholm,BOS,d1,PP1,SOG,over,1.5,draftkings,-110,False,1.6171119728984202,1.5789622302164883,0.4736176025431806,0.4617688773943213,21.812503355085678,1626.9141666666667,,"draftkings@1.5,fanduel@1.5,pinnacle@1.5,sgo_fair@1.5",v2,False,1.1182260686839482,0.5238095238095238,0.46650836745386504,-0.0573011563556588,-0.10939311667898488,0.011848725148859263,114.0,126.0,pass,2026-10-02T21:36:31+00:00,sgo_slate_alt_20261002T213627Z.json
NYR@DET,J.T. Compher,DET,f2,-,PTS,over,0.5,draftkings,145,False,0.417551644922447,0.47506541950922604,0.341342525344562,0.3781556256194533,16.459511636519334,1855.2116666666668,,"draftkings@0.5,sgo_fair@0.5",v2,False,1.0468644783193533,0.40816326530612246,0.3634303855094968,-0.04473287979662566,-0.10959555550173272,-0.03681310027489132,175.0,195.0,pass,2026-10-02T21:36:31+00:00,sgo_slate_alt_20261002T213627Z.json
BOS@WPG,Kyle Connor,WPG,f1,PP1,G,over,2.5,draftkings,7000,True,0.517040850108858,0.44288330625631395,0.015712736342863465,0.010425500579790437,19.93354117554885,2516.0816666666665,,"fanduel@0.5,pinnacle@0.5,sgo_fair@0.5",v2,False,1.0982596332481283,0.014084507042253521,0.012540394885019648,-0.0015441121572338738,-0.10963196316360502,0.005287235763073028,7874.0,,pass,2026-10-02T21:36:31+00:00,sgo_slate_alt_20261002T213627Z.json
STL@DAL,Miro Heiskanen,DAL,d1,PP1,A,over,0.5,draftkings,-140,False,0.7370337944586197,0.7293431579701043,0.5214687655484196,0.5177743678499995,25.972927915823785,2527.524166666667,,"draftkings@0.5,pinnacle@0.5,sgo_fair@0.5",v2,False,1.1032038554164156,0.5833333333333334,0.5192521269293675,-0.06408120640396586,-0.10985349669251276,0.00369439769842006,-108.0,102.0,pass,2026-10-02T21:36:31+00:00,sgo_slate_alt_20261002T213627Z.json
WSH@CAR,Matt Roy,WSH,d1,-,A,over,0.5,draftkings,330,False,0.19240371834307785,0.25914340815489956,0.17502625578108152,0.2282876547357024,20.440778964133184,2245.4258333333332,,"draftkings@0.5,sgo_fair@0.5",v2,False,1.1032038554164156,0.23255813953488372,0.20698309515385405,-0.02557504438102967,-0.10997269083842764,-0.05326139895462087,383.0,450.0,pass,2026-10-02T21:36:31+00:00,sgo_slate_alt_20261002T213627Z.json
ANA@VGK,William Karlsson,VGK,f2,PP2,SOG,under,1.5,draftkings,105,False,2.0814648851626067,1.8468127959968956,0.3969839625940802,0.45889521681979184,16.71967523099671,635.2708333333334,,"draftkings@1.5,pinnacle@1.5,sgo_fair@1.5",v2,False,1.1182260686839482,0.4878048780487805,0.4341307151295072,-0.053674162919273294,-0.11003203398451034,-0.06191125422571164,130.0,144.0,pass,2026-10-02T21:36:31+00:00,sgo_slate_alt_20261002T213627Z.json
WSH@CAR,Alex Tuch,WSH,f1,PP2,PTS,over,1.5,fanduel,560,True,0.6812069114706919,0.6099482367049713,0.14929935116730855,0.12518794443885112,19.394777971531802,2210.999166666667,,sgo_fair@0.5,v2,False,1.0468644783193533,0.15151515151515152,0.1348325071302341,-0.016682644384917428,-0.11010545294045504,0.024111406728457435,642.0,810.0,pass,2026-10-02T21:36:31+00:00,sgo_slate_alt_20261002T213627Z.json
ANA@VGK,Jackson LaCombe,ANA,d1,PP1,A,under,0.5,draftkings,-175,False,0.5940448994570362,0.5522714888730137,0.5520896152264676,0.5756407626124933,25.36882371969002,2740.9808333333335,,"draftkings@0.5,pinnacle@0.5,sgo_fair@0.5",v2,False,1.1032038554164156,0.6363636363636364,0.5662203036580831,-0.07014333270555329,-0.11022523710872667,-0.023551147386025706,-131.0,-118.0,pass,2026-10-02T21:36:31+00:00,sgo_slate_alt_20261002T213627Z.json
BOS@WPG,Pavel Zacha,BOS,f2,PP1,G,over,2.5,fanduel,20000,True,0.3455643700055869,0.30678129502713825,0.005319480054261524,0.0038299205616385977,16.867313130617127,2032.8025,,"pinnacle@0.5,sgo_fair@0.5",v2,False,1.0982596332481283,0.004975124378109453,0.004425744358687768,-0.0005493800194216842,-0.11042538390375856,0.001489559492622926,22495.0,,pass,2026-10-02T21:36:31+00:00,sgo_slate_alt_20261002T213627Z.json
NYR@DET,Mika Zibanejad,NYR,f1,PP1,PTS,under,0.5,draftkings,125,False,0.87699389603289,0.9635643745260214,0.4160316682435219,0.38153054172108014,19.315568777005215,2422.4325000000003,,"draftkings@0.5,pinnacle@0.5,sgo_fair@1.0",v2,False,1.0468644783193533,0.4444444444444444,0.39533099233005686,-0.04911345211438756,-0.11050526725737209,0.03450112652244175,153.0,170.0,pass,2026-10-02T21:36:31+00:00,sgo_slate_alt_20261002T213627Z.json
NYR@DET,Alexis Lafrenière,NYR,f1,PP1,G,over,1.5,fanduel,2000,True,0.3428666201496105,0.3105338731712222,0.04692342057888261,0.03930594540838482,17.94658220183404,0.0,no NHL data: 85% of positional prior,"fanduel@0.5,pinnacle@0.5,sgo_fair@0.5",v2,False,1.0982596332481283,0.047619047619047616,0.04235293547658393,-0.005266112142463683,-0.11058835499173736,0.007617475170497788,2261.0,5663.0,pass,2026-10-02T21:36:31+00:00,sgo_slate_alt_20261002T213627Z.json
NYR@DET,Moritz Seider,DET,d1,PP1,PTS,under,0.5,draftkings,-115,False,0.7795622041597174,0.7196175011330034,0.45860674348678454,0.48693847375816235,24.012255414088816,3029.8125,,"draftkings@0.5,pinnacle@0.5,sgo_fair@0.5",v2,False,1.0468644783193533,0.5348837209302325,0.4756057816496112,-0.059277939280621306,-0.11082397343768347,-0.02833173027137781,110.0,122.0,pass,2026-10-02T21:36:31+00:00,sgo_slate_alt_20261002T213627Z.json
WSH@CAR,Aliaksei Protas,WSH,f3,-,A,over,0.5,draftkings,225,False,0.28809058641017987,0.3412124066772641,0.2503063228959498,0.2890921094144781,16.074257638877974,1948.75,,"draftkings@0.5,sgo_fair@0.5",v2,False,1.1032038554164156,0.3076923076923077,0.2735777948070668,-0.03411451288524092,-0.11087216687703294,-0.03878578651852832,266.0,302.0,pass,2026-10-02T21:36:31+00:00,sgo_slate_alt_20261002T213627Z.json
WSH@CAR,Jakob Chychrun,WSH,d1,PP1,SOG,under,1.5,draftkings,120,False,1.9438461414714083,2.1294097511647485,0.43242705620767286,0.38520899040686674,21.891377326993766,2568.704166666667,,"draftkings@1.5,fanduel@1.5,pinnacle@1.5,sgo_fair@2.0",v2,False,1.1182260686839482,0.45454545454545453,0.4040962167271892,-0.050449237818265324,-0.1109883232001837,0.04721806580080612,147.0,164.0,pass,2026-10-02T21:36:31+00:00,sgo_slate_alt_20261002T213627Z.json
ANA@VGK,Leo Carlsson,ANA,f1,PP1,SOG,under,2.5,draftkings,-160,False,2.6147602429764167,2.4504871633866157,0.5233020496086642,0.5627368127268988,17.96890196451367,1895.936666666667,,"draftkings@2.5,fanduel@2.5,pinnacle@2.5,sgo_fair@2.5",v2,False,1.1182260686839482,0.6153846153846154,0.546962907479605,-0.06842170790501045,-0.11118527534564193,-0.03943476311823457,-121.0,-109.0,pass,2026-10-02T21:36:31+00:00,sgo_slate_alt_20261002T213627Z.json
ANA@VGK,Mikael Granlund,ANA,f2,PP1,A,over,0.5,fanduel,140,False,0.45383894561162086,0.4683538288493259,0.36481497565590476,0.3739680237088699,18.703895528300663,1838.5333333333333,,"draftkings@0.5,pinnacle@0.5,sgo_fair@0.5",v2,False,1.1032038554164156,0.4166666666666667,0.3703068044876838,-0.04635986217898286,-0.11126366922955888,-0.00915304805296513,170.0,190.0,pass,2026-10-02T21:36:31+00:00,sgo_slate_alt_20261002T213627Z.json
ANA@VGK,Brett Howden,VGK,f2,-,A,over,0.5,draftkings,270,False,0.2426835210860536,0.2965997032658159,0.21548024155149512,0.25665849000686397,16.17015068658508,1416.1483333333333,,"draftkings@0.5,sgo_fair@0.5",v2,False,1.1032038554164156,0.2702702702702703,0.24018719062471644,-0.030083079645553845,-0.11130739468854911,-0.041178248455368854,316.0,365.0,pass,2026-10-02T21:36:31+00:00,sgo_slate_alt_20261002T213627Z.json
ANA@VGK,Mark Stone,VGK,f1,PP1,A,under,0.5,draftkings,-140,False,0.7254798524768025,0.6138519666434453,0.4840922203623551,0.5412619255045301,19.299075818445587,1741.9358333333332,,"draftkings@0.5,pinnacle@0.5,sgo_fair@0.5",v2,False,1.1032038554164156,0.5833333333333334,0.5183940434476602,-0.06493928988567321,-0.11132449694686819,-0.05716970514217501,-108.0,103.0,pass,2026-10-02T21:36:31+00:00,sgo_slate_alt_20261002T213627Z.json
WSH@CAR,Alex Ovechkin,WSH,f2,PP1,A,over,0.5,fanduel,164,False,0.4217372055555731,0.4028943519607772,0.34409361469920247,0.33161729108374033,16.67895270691558,1949.2041666666667,,"draftkings@0.5,sgo_fair@0.5",v2,False,1.1032038554164156,0.3787878787878788,0.3366078205299252,-0.04218005825795357,-0.11135535380099748,0.012476323615462137,197.0,221.0,pass,2026-10-02T21:36:31+00:00,sgo_slate_alt_20261002T213627Z.json
NYR@DET,Andrew Copp,DET,f1,PP1,G,over,0.5,fanduel,280,False,0.2602418075737928,0.2704707078075335,0.22913483776944166,0.23697974979510028,17.350846748956222,1679.7833333333333,,"fanduel@0.5,sgo_fair@0.5",v2,False,1.0982596332481283,0.2631578947368421,0.23384178498483682,-0.02931610975200527,-0.11140121705762007,-0.007844912025658624,328.0,379.0,pass,2026-10-02T21:36:31+00:00,sgo_slate_alt_20261002T213627Z.json
NYR@DET,Emmitt Finnie,DET,f2,PP2,PTS,over,0.5,draftkings,120,False,0.43789969432541337,0.5738690971854239,0.3546094840582342,0.4366584067042377,16.128041073700665,1271.0,,"draftkings@0.5,sgo_fair@0.5",v2,False,1.0468644783193533,0.45454545454545453,0.40383883764583633,-0.050706616899618195,-0.11155455717915996,-0.0820489226460035,148.0,164.0,pass,2026-10-02T21:36:31+00:00,sgo_slate_alt_20261002T213627Z.json
WSH@CAR,Shayne Gostisbehere,CAR,d3,PP1,A,under,0.5,draftkings,-175,False,0.6504052987392124,0.5202860336848337,0.5218342351375561,0.5943505193852596,16.932991501259885,1660.3433333333335,,"draftkings@0.5,pinnacle@0.5,sgo_fair@0.5",v2,False,1.1032038554164156,0.6363636363636364,0.5653440056861783,-0.07101963067745809,-0.1116022767788627,-0.07251628424770351,-130.0,-118.0,pass,2026-10-02T21:36:31+00:00,sgo_slate_alt_20261002T213627Z.json
BOS@WPG,Gabriel Vilardi,WPG,f2,PP1,A,under,0.5,draftkings,-230,False,0.5572470993985505,0.4307410313060663,0.5727837120547836,0.650027225681319,17.433178488819145,2116.1,,"draftkings@0.5,pinnacle@0.5,sgo_fair@0.5",v2,False,1.1032038554164156,0.696969696969697,0.6191298202307048,-0.07783987673899218,-0.11168330140811922,-0.07724351362653537,-163.0,-146.0,pass,2026-10-02T21:36:31+00:00,sgo_slate_alt_20261002T213627Z.json
BOS@WPG,Cole Perfetti,WPG,f1,PP1,G,over,1.5,fanduel,2000,True,0.32721169452092,0.3209905168330558,0.04317180025495229,0.04171367720572787,16.53972973493684,1622.8166666666666,,"fanduel@0.5,pinnacle@0.5,sgo_fair@0.5",v2,False,1.0982596332481283,0.047619047619047616,0.042296926425417644,-0.005322121193629972,-0.11176454506622946,0.0014581230492244218,2264.0,5681.0,pass,2026-10-02T21:36:31+00:00,sgo_slate_alt_20261002T213627Z.json
ANA@VGK,Trevor Connelly,VGK,f3,PP2,A,over,0.5,draftkings,285,False,0.24702192563388614,0.27256512153998197,0.21887643328572456,0.23857615753255895,12.433333333333334,11.366666666666667,,"draftkings@0.5,sgo_fair@0.5",v1,False,1.1032038554164156,0.2597402597402597,0.2306962678338252,-0.029043991906434502,-0.11181936883977295,-0.019699724246834388,333.0,386.0,pass,2026-10-02T21:36:31+00:00,sgo_slate_alt_20261002T213627Z.json
ANA@VGK,Leo Carlsson,ANA,f1,PP1,SOG,over,4.5,fanduel,630,True,2.6147602429764167,2.4504871633866157,0.13528778251488546,0.11254163184057446,17.96890196451367,1895.936666666667,,"draftkings@2.5,fanduel@2.5,pinnacle@2.5,sgo_fair@2.5",v2,False,1.1182260686839482,0.136986301369863,0.12164009211029886,-0.015346209259564147,-0.11202732759481837,0.022746150674311003,722.0,935.0,pass,2026-10-02T21:36:31+00:00,sgo_slate_alt_20261002T213627Z.json
BOS@WPG,Elias Lindholm,BOS,f1,PP2,A,over,0.5,draftkings,200,False,0.34495998570832676,0.35488572149672815,0.29175130702941865,0.29874642316111527,17.864457827843644,1916.9391666666668,,"draftkings@0.5,pinnacle@0.5,sgo_fair@0.5",v2,False,1.1032038554164156,0.3333333333333333,0.29594837670843666,-0.03738495662489666,-0.11215486987469003,-0.0069951161316966215,238.0,269.0,pass,2026-10-02T21:36:31+00:00,sgo_slate_alt_20261002T213627Z.json
NYR@DET,Lucas Raymond,DET,f1,PP1,SOG,over,4.5,draftkings,650,True,2.556125798842208,2.450707374197824,0.1269643708243019,0.11257089997353216,18.249403362076805,2197.0216666666665,,"draftkings@2.5,fanduel@2.5,pinnacle@2.5,sgo_fair@2.5",v2,False,1.1182260686839482,0.13333333333333333,0.11832828831384007,-0.015005045019493263,-0.11253783764619951,0.014393470850769738,745.0,971.0,pass,2026-10-02T21:36:31+00:00,sgo_slate_alt_20261002T213627Z.json
WSH@CAR,Sebastian Aho,CAR,f1,PP1,A,over,1.5,draftkings,550,True,0.6896869772734604,0.6122660475094064,0.1522281176503547,0.1259567113135392,19.607974986022285,2284.8791666666666,,"draftkings@0.5,pinnacle@0.5,sgo_fair@0.5",v2,False,1.1032038554164156,0.15384615384615385,0.1364652738482654,-0.017380879997888454,-0.11297571998627487,0.026271406336815517,633.0,797.0,pass,2026-10-02T21:36:31+00:00,sgo_slate_alt_20261002T213627Z.json
BOS@WPG,Cole Perfetti,WPG,f1,PP1,PTS,over,0.5,draftkings,-115,False,0.6006169201333487,0.6726100177206102,0.451526832438935,0.4896252492559698,16.53972973493684,1622.8166666666666,,"draftkings@0.5,pinnacle@0.5,sgo_fair@0.5",v2,False,1.0468644783193533,0.5348837209302325,0.47438588252915587,-0.06049783840107664,-0.113104654402013,-0.0380984168170348,111.0,123.0,pass,2026-10-02T21:36:31+00:00,sgo_slate_alt_20261002T213627Z.json
ANA@VGK,Tomas Hertl,VGK,f3,PP1,SOG,under,2.5,fanduel,-170,False,2.6466105220211182,2.353751697418152,0.5158337832156061,0.5866098510560114,14.758236776055922,1974.8158333333336,,"draftkings@2.5,fanduel@2.5,pinnacle@2.5,sgo_fair@2.5",v2,False,1.1182260686839482,0.6296296296296297,0.5582994239198493,-0.07133020570978033,-0.11328915024494512,-0.07077606784040524,-126.0,-114.0,pass,2026-10-02T21:36:31+00:00,sgo_slate_alt_20261002T213627Z.json
ANA@VGK,Beckett Sennecke,ANA,f2,PP1,SOG,over,3.5,fanduel,325,True,2.260162779118766,2.3373816371937446,0.19944081969046343,0.21473522149397106,17.087583540737576,1430.5,,"draftkings@2.5,fanduel@2.5,sgo_fair@2.5",v2,False,1.1182260686839482,0.23529411764705882,0.20861746077256801,-0.026676656874490806,-0.11337579171658596,-0.015294401803507635,379.0,445.0,pass,2026-10-02T21:36:31+00:00,sgo_slate_alt_20261002T213627Z.json
BOS@WPG,Pavel Zacha,BOS,f2,PP1,SOG,under,1.5,draftkings,-110,False,1.7760021865992446,1.8619368753868921,0.4789814282146714,0.4546892603908448,16.867313130617127,2032.8025,,"draftkings@1.5,fanduel@1.5,pinnacle@1.5,sgo_fair@2.0",v2,False,1.1182260686839482,0.5238095238095238,0.46440612752037547,-0.05940339628914837,-0.11340648382473772,0.024292167823826594,115.0,128.0,pass,2026-10-02T21:36:31+00:00,sgo_slate_alt_20261002T213627Z.json
ANA@VGK,Jackson LaCombe,ANA,d1,PP1,PTS,under,0.5,draftkings,-130,False,0.692941278492353,0.6898456380213238,0.5001029616334389,0.5016534993165228,25.36882371969002,2740.9808333333335,,"draftkings@0.5,pinnacle@0.5,sgo_fair@0.5",v2,False,1.0468644783193533,0.5652173913043478,0.5010332842432893,-0.06418410706105848,-0.11355649710802662,-0.0015505376830838857,-100.0,110.0,pass,2026-10-02T21:36:31+00:00,sgo_slate_alt_20261002T213627Z.json
WSH@CAR,Cole Hutson,WSH,d2,PP2,PTS,over,0.5,fanduel,140,False,0.4887109617413447,0.44281480571964255,0.3865833977604293,0.35777386731824584,18.499433137340223,244.4,,"draftkings@0.5,sgo_fair@0.5",v2,False,1.0468644783193533,0.4166666666666667,0.36929767949511927,-0.047368987171547416,-0.1136855692117138,0.028809530442183484,171.0,190.0,pass,2026-10-02T21:36:31+00:00,sgo_slate_alt_20261002T213627Z.json
BOS@WPG,JJ Peterka,BOS,f1,PP1,PTS,over,0.5,draftkings,-115,False,0.5922261303956287,0.6770089920137654,0.4469053475740006,0.4918654437728278,15.938440465588924,1957.9416666666666,,"draftkings@0.5,pinnacle@0.5,sgo_fair@0.5",v2,False,1.0468644783193533,0.5348837209302325,0.4738814052932969,-0.06100231563693559,-0.11404780749514065,-0.04496009619882724,111.0,123.0,pass,2026-10-02T21:36:31+00:00,sgo_slate_alt_20261002T213627Z.json
BOS@WPG,JJ Peterka,BOS,f1,PP1,PTS,over,0.5,fanduel,-115,False,0.5922261303956287,0.6770089920137654,0.4469053475740006,0.4918654437728278,15.938440465588924,1957.9416666666666,,"draftkings@0.5,pinnacle@0.5,sgo_fair@0.5",v2,False,1.0468644783193533,0.5348837209302325,0.4738814052932969,-0.06100231563693559,-0.11404780749514065,-0.04496009619882724,111.0,123.0,pass,2026-10-02T21:36:31+00:00,sgo_slate_alt_20261002T213627Z.json
ANA@VGK,Mitch Marner,VGK,f2,PP1,PTS,under,0.5,draftkings,175,False,1.130772072799919,1.1343204250030403,0.32278394748620853,0.32164062600826715,20.54836472665646,2414.8641666666667,,"draftkings@0.5,sgo_fair@1.5",v2,False,1.0468644783193533,0.36363636363636365,0.3220979545994437,-0.041538409036919965,-0.1142306248515299,0.0011433214779413836,210.0,237.0,pass,2026-10-02T21:36:31+00:00,sgo_slate_alt_20261002T213627Z.json
STL@DAL,Dylan Holloway,STL,f1,PP1,SOG,over,4.5,fanduel,470,True,2.7192783828303067,2.7713182715092874,0.150649663513539,0.15853410278356123,18.08848697930289,1659.9508333333333,,"draftkings@2.5,fanduel@2.5,pinnacle@2.5,sgo_fair@2.5",v2,False,1.1182260686839482,0.17543859649122806,0.15538032707555233,-0.020058269415675734,-0.11433213566935174,-0.00788443927002222,544.0,667.0,pass,2026-10-02T21:36:31+00:00,sgo_slate_alt_20261002T213627Z.json
ANA@VGK,Shea Theodore,VGK,d1,PP1,SOG,over,3.5,fanduel,470,True,1.955428718483615,2.0741568946032145,0.14242953640106054,0.1639147075800421,24.38074349382845,2282.9841666666666,,"draftkings@1.5,fanduel@1.5,pinnacle@1.5,sgo_fair@2.0",v2,False,1.1182260686839482,0.17543859649122806,0.15532063910844945,-0.020117957382778606,-0.1146723570818381,-0.02148517117898155,544.0,667.0,pass,2026-10-02T21:36:31+00:00,sgo_slate_alt_20261002T213627Z.json
STL@DAL,Jason Robertson,DAL,f2,PP1,SOG,over,5.5,fanduel,430,True,3.681544311815819,3.511385545036372,0.18088916085309603,0.15777430704897702,20.375929813628595,2317.33,,"draftkings@3.5,fanduel@3.5,pinnacle@3.5,sgo_fair@3.5",v2,False,1.1182260686839482,0.18867924528301888,0.16702024857062464,-0.02165899671239424,-0.11479268257568942,0.023114853804119012,499.0,604.0,pass,2026-10-02T21:36:31+00:00,sgo_slate_alt_20261002T213627Z.json
BOS@WPG,Kyle Connor,WPG,f1,PP1,A,over,0.5,fanduel,-104,False,0.6167284089952926,0.5891455311223271,0.4602927461877481,0.44519885743308824,19.93354117554885,2516.0816666666665,,"draftkings@0.5,pinnacle@0.5,sgo_fair@0.5",v2,False,1.1032038554164156,0.5098039215686274,0.4512364129349522,-0.058567508633675214,-0.11488242078143984,0.01509388875465989,122.0,135.0,pass,2026-10-02T21:36:31+00:00,sgo_slate_alt_20261002T213627Z.json
NYR@DET,Noah Laba,NYR,f3,-,A,over,0.5,draftkings,340,False,0.20428762412890444,0.23835503512599243,0.18477214173946946,0.21207709887739684,13.668751240671648,1026.0166666666667,,"draftkings@0.5,sgo_fair@0.5",v2,False,1.1032038554164156,0.22727272727272727,0.20115511602222588,-0.026117611250501382,-0.11491748950220604,-0.027304957137927383,397.0,468.0,pass,2026-10-02T21:36:31+00:00,sgo_slate_alt_20261002T213627Z.json
NYR@DET,Moritz Seider,DET,d1,PP1,SOG,over,3.5,fanduel,305,True,2.3370677729229246,2.3691295967170483,0.21467250658028117,0.221100410397511,24.012255414088816,3029.8125,,"draftkings@2.5,fanduel@2.5,pinnacle@2.5,sgo_fair@2.5",v2,False,1.1182260686839482,0.24691358024691357,0.21852924887061906,-0.028384331376294508,-0.11495654207399286,-0.006427903817229824,358.0,417.0,pass,2026-10-02T21:36:31+00:00,sgo_slate_alt_20261002T213627Z.json
BOS@WPG,Mark Scheifele,WPG,f1,PP1,G,under,0.5,fanduel,-310,False,0.4476689328940472,0.37275975592949234,0.6391162393742135,0.6888307004582221,19.993486037779117,2517.563333333333,,"fanduel@0.5,pinnacle@0.5,sgo_fair@0.5",v2,False,1.0982596332481283,0.7560975609756098,0.6689449160246187,-0.08715264495099107,-0.11526640138679467,-0.049714461084008676,-202.0,-181.0,pass,2026-10-02T21:36:31+00:00,sgo_slate_alt_20261002T213627Z.json
WSH@CAR,Alex Tuch,WSH,f1,PP2,SOG,over,2.5,fanduel,130,False,2.080022343595709,2.3467326470045298,0.343851778707741,0.41164117666758565,19.394777971531802,2210.999166666667,,"fanduel@2.5,sgo_fair@2.5",v2,False,1.1182260686839482,0.43478260869565216,0.38452541748364777,-0.05025719121200439,-0.11559153978761016,-0.06778939795984468,160.0,178.0,pass,2026-10-02T21:36:31+00:00,sgo_slate_alt_20261002T213627Z.json
STL@DAL,Tyler Seguin,DAL,f2,PP2,SOG,over,4.5,draftkings,1600,True,1.9165343465270064,1.9059648071166382,0.05258470395384235,0.051636068060017144,14.963038356186521,595.2091666666668,,"draftkings@1.5,fanduel@1.5,pinnacle@1.5,sgo_fair@2.0",v2,False,1.1182260686839482,0.058823529411764705,0.05201552241754723,-0.006808006994217478,-0.1157361189016971,0.0009486358938252046,1823.0,3602.0,pass,2026-10-02T21:36:31+00:00,sgo_slate_alt_20261002T213627Z.json
WSH@CAR,Shayne Gostisbehere,CAR,d3,PP1,A,over,1.5,fanduel,680,True,0.6504052987392124,0.5202860336848337,0.13876201326545337,0.09641720626526273,16.932991501259885,1660.3433333333335,,"draftkings@0.5,pinnacle@0.5,sgo_fair@0.5",v2,False,1.1032038554164156,0.1282051282051282,0.11335512906533898,-0.01484999913978921,-0.11582999329035593,0.04234480700019064,782.0,1032.0,pass,2026-10-02T21:36:31+00:00,sgo_slate_alt_20261002T213627Z.json
ANA@VGK,Mark Stone,VGK,f1,PP1,PTS,under,0.5,draftkings,160,False,1.1491295529461085,1.034243540118953,0.31691250491129397,0.35549519709231503,19.299075818445587,1741.9358333333332,,"draftkings@0.5,pinnacle@0.5,sgo_fair@1.5",v2,False,1.0468644783193533,0.38461538461538464,0.3400621202199066,-0.04455326439547802,-0.11583848742824276,-0.03858269218102106,194.0,217.0,pass,2026-10-02T21:36:31+00:00,sgo_slate_alt_20261002T213627Z.json
NYR@DET,Adam Fox,NYR,d1,PP1,PTS,over,1.5,fanduel,390,True,0.7787485919391153,0.7640305573062971,0.1835899297029968,0.17834056065055606,22.258802105644207,2111.2541666666666,,"draftkings@0.5,pinnacle@0.5,sgo_fair@0.5",v2,False,1.0468644783193533,0.20408163265306123,0.18044030827153235,-0.023641324381528883,-0.1158424894694915,0.00524936905244075,454.0,543.0,pass,2026-10-02T21:36:31+00:00,sgo_slate_alt_20261002T213627Z.json
BOS@WPG,David Pastrnak,BOS,f1,PP1,A,over,1.5,draftkings,450,True,0.7684723966625088,0.6773636458637263,0.1799223724447567,0.14797579543171593,19.305080809204785,2352.8866666666668,,"draftkings@0.5,pinnacle@0.5,sgo_fair@0.5",v2,False,1.1032038554164156,0.18181818181818182,0.16075442623693226,-0.021063755581249566,-0.11585065569687258,0.03194657701304077,522.0,637.0,pass,2026-10-02T21:36:31+00:00,sgo_slate_alt_20261002T213627Z.json
STL@DAL,Dylan Holloway,STL,f1,PP1,PTS,under,0.5,draftkings,-105,False,0.8732837504521325,0.7415906843590072,0.41757807321882534,0.47635558117334287,18.08848697930289,1659.9508333333333,,"draftkings@0.5,pinnacle@0.5,sgo_fair@0.5",v2,False,1.0468644783193533,0.5121951219512195,0.4528445779915359,-0.059350543959683644,-0.11587487154033471,-0.05877750795451753,121.0,134.0,pass,2026-10-02T21:36:31+00:00,sgo_slate_alt_20261002T213627Z.json
ANA@VGK,Cutter Gauthier,ANA,f1,PP1,PTS,over,0.5,fanduel,-196,False,0.8057008278845367,0.93357718895311,0.5532252953562694,0.6068551613999204,16.623295864485087,1833.5541666666666,,"draftkings@0.5,pinnacle@0.5,sgo_fair@1.0",v2,False,1.0468644783193533,0.6621621621621622,0.58540321498246,-0.07675894717970222,-0.11592167533261155,-0.05362986604365094,-141.0,-127.0,pass,2026-10-02T21:36:31+00:00,sgo_slate_alt_20261002T213627Z.json
ANA@VGK,Mitch Marner,VGK,f2,PP1,G,over,0.5,fanduel,170,False,0.3623835530779898,0.4201029539588546,0.3039846421940308,0.3430208222741259,20.54836472665646,2414.8641666666667,,"fanduel@0.5,sgo_fair@0.5",v2,False,1.0982596332481283,0.37037037037037035,0.32740635024208786,-0.04296402012828249,-0.1160028543463627,-0.03903618008009507,205.0,231.0,pass,2026-10-02T21:36:31+00:00,sgo_slate_alt_20261002T213627Z.json
BOS@WPG,Kyle Connor,WPG,f1,PP1,PTS,under,0.5,draftkings,145,False,1.0350886205960523,1.0093650664618568,0.35519490194620384,0.3644503078481507,19.93354117554885,2516.0816666666665,,"draftkings@0.5,pinnacle@0.5,sgo_fair@1.5",v2,False,1.0468644783193533,0.40816326530612246,0.36074814548737194,-0.04741511981875052,-0.11616704355593865,-0.009255405901946845,177.0,198.0,pass,2026-10-02T21:36:31+00:00,sgo_slate_alt_20261002T213627Z.json
WSH@CAR,Dylan Strome,WSH,f2,PP1,PTS,over,1.5,fanduel,480,True,0.6884559514526267,0.6911997455043737,0.15180225314825554,0.15275177190108494,16.4350786487246,2084.476666666667,,"draftkings@0.5,pinnacle@0.5,sgo_fair@0.5",v2,False,1.0468644783193533,0.1724137931034483,0.15237196439995318,-0.020041828703495107,-0.11624260648027163,-0.0009495187528293925,556.0,685.0,pass,2026-10-02T21:36:31+00:00,sgo_slate_alt_20261002T213627Z.json
BOS@WPG,Kyle Connor,WPG,f1,PP1,G,under,0.5,fanduel,-240,False,0.517040850108858,0.44288330625631395,0.5962824289342645,0.6421821413537331,19.93354117554885,2516.0816666666665,,"fanduel@0.5,pinnacle@0.5,sgo_fair@0.5",v2,False,1.0982596332481283,0.7058823529411765,0.6238222563859457,-0.08206009655523083,-0.1162518034532436,-0.04589971241946855,-166.0,-149.0,pass,2026-10-02T21:36:31+00:00,sgo_slate_alt_20261002T213627Z.json
WSH@CAR,Jakob Chychrun,WSH,d1,PP1,PTS,over,0.5,fanduel,-120,False,0.6426861735595096,0.6681059652455962,0.47412207428001857,0.4873213099598536,21.891377326993766,2568.704166666667,,"draftkings@0.5,pinnacle@0.5,sgo_fair@0.5",v2,False,1.0468644783193533,0.5454545454545454,0.4820416156879196,-0.06341292976662583,-0.1162570379054807,-0.013199235679835053,107.0,119.0,pass,2026-10-02T21:36:31+00:00,sgo_slate_alt_20261002T213627Z.json
ANA@VGK,Beckett Sennecke,ANA,f2,PP1,A,under,0.5,draftkings,-270,False,0.4517982855075325,0.4309502162525598,0.6364825445305569,0.6498912639919608,17.087583540737576,1430.5,,"draftkings@0.5,sgo_fair@0.5",v2,False,1.1032038554164156,0.7297297297297297,0.6445277762073993,-0.0852019535223304,-0.1167582326046751,-0.013408719461403984,-181.0,-163.0,pass,2026-10-02T21:36:31+00:00,sgo_slate_alt_20261002T213627Z.json
STL@DAL,Tyler Seguin,DAL,f2,PP2,SOG,under,1.5,fanduel,100,False,1.9165343465270064,1.9059648071166382,0.43975320229526726,0.442614423314307,14.963038356186521,595.2091666666668,,"draftkings@1.5,fanduel@1.5,pinnacle@1.5,sgo_fair@2.0",v2,False,1.1182260686839482,0.5,0.4414699349066911,-0.05853006509330888,-0.11706013018661776,-0.002861221019039739,127.0,140.0,pass,2026-10-02T21:36:31+00:00,sgo_slate_alt_20261002T213627Z.json
BOS@WPG,Hampus Lindholm,BOS,d1,PP1,PTS,over,0.5,fanduel,120,False,0.45869552759109733,0.5507979533264914,0.3678923250503333,0.42351038500828597,21.812503355085678,1626.9141666666667,,"draftkings@0.5,pinnacle@0.5,sgo_fair@0.5",v2,False,1.0468644783193533,0.45454545454545453,0.40126316102510495,-0.05328229352034958,-0.11722104574476899,-0.05561805995795266,149.0,166.0,pass,2026-10-02T21:36:31+00:00,sgo_slate_alt_20261002T213627Z.json
NYR@DET,Adam Fox,NYR,d1,PP1,A,over,1.5,draftkings,550,True,0.6674835569856046,0.624076755893558,0.14458446230096317,0.12989140369977523,22.258802105644207,2111.2541666666666,,"draftkings@0.5,pinnacle@0.5,sgo_fair@0.5",v2,False,1.1032038554164156,0.15384615384615385,0.1357686271402504,-0.018077526705903457,-0.11750392358837236,0.014693058601187942,637.0,803.0,pass,2026-10-02T21:36:31+00:00,sgo_slate_alt_20261002T213627Z.json
STL@DAL,Mikko Rantanen,DAL,f1,PP1,G,over,0.5,fanduel,160,False,0.41454823576751315,0.41454823576751315,0.3393613337800475,0.3393613337800475,20.640933758585803,2075.3450000000003,,"fanduel@0.5,pinnacle@0.5,sgo_fair@0.5",v2,False,1.0982596332481283,0.38461538461538464,0.3393613337800475,-0.04525405083533712,-0.11766053217187644,0.0,195.0,218.0,pass,2026-10-02T21:36:31+00:00,sgo_slate_alt_20261002T213627Z.json
NYR@DET,Adam Fox,NYR,d1,PP1,SOG,under,1.5,fanduel,-114,False,1.7046004708726388,1.879623832479008,0.49988796470224695,0.4498082611283347,22.258802105644207,2111.2541666666666,,"draftkings@1.5,fanduel@1.5,pinnacle@1.5,sgo_fair@2.0",v2,False,1.1182260686839482,0.5327102803738317,0.4698401425578996,-0.06287013781593215,-0.11801938151411828,0.050079703573912226,113.0,125.0,pass,2026-10-02T21:36:31+00:00,sgo_slate_alt_20261002T213627Z.json
ANA@VGK,Shea Theodore,VGK,d1,PP1,PTS,under,0.5,draftkings,105,False,0.725422041870741,0.9313441592765604,0.4841202068359537,0.39402372361480864,24.38074349382845,2282.9841666666666,,"draftkings@0.5,pinnacle@0.5,sgo_fair@1.0",v2,False,1.0468644783193533,0.4878048780487805,0.4300623169032667,-0.05774256114551379,-0.11837225034830334,0.09009648322114505,133.0,147.0,pass,2026-10-02T21:36:31+00:00,sgo_slate_alt_20261002T213627Z.json
WSH@CAR,Jordan Staal,CAR,f3,PP2,PTS,over,1.5,draftkings,800,True,0.550266545026051,0.5081103057993687,0.10581238383661364,0.09267347832639956,16.336095233703357,1752.3600000000001,,"draftkings@0.5,sgo_fair@0.5",v2,False,1.0468644783193533,0.1111111111111111,0.09792904053048519,-0.013182070580625913,-0.11863863522563323,0.013138905510214072,921.0,1271.0,pass,2026-10-02T21:36:31+00:00,sgo_slate_alt_20261002T213627Z.json
ANA@VGK,Jack Eichel,VGK,f1,PP1,SOG,over,5.5,draftkings,550,True,3.4094308224759353,3.28994845954436,0.14451417108652415,0.12959422755610478,20.597276930957293,2298.3541666666665,,"draftkings@3.5,fanduel@3.5,pinnacle@2.5,sgo_fair@3.5",v2,False,1.1182260686839482,0.15384615384615385,0.13556220496827254,-0.018283948877881318,-0.11884566770622851,0.014919943530419366,638.0,804.0,pass,2026-10-02T21:36:31+00:00,sgo_slate_alt_20261002T213627Z.json
WSH@CAR,Andrei Svechnikov,CAR,f1,PP1,A,under,0.5,draftkings,-215,False,0.58004376496352,0.4634572330472525,0.5598738631700135,0.6291049191779168,17.174841336373092,1912.6491666666668,,"draftkings@0.5,pinnacle@0.5,sgo_fair@0.5",v2,False,1.1032038554164156,0.6825396825396826,0.6014124967747555,-0.08112718576492706,-0.11886076053931172,-0.06923105600790325,-151.0,-136.0,pass,2026-10-02T21:36:31+00:00,sgo_slate_alt_20261002T213627Z.json
STL@DAL,Mason McTavish,STL,f2,PP1,SOG,over,1.5,draftkings,-185,False,1.9241016767801815,1.9843384943384519,0.5622863820944473,0.5782562347732332,13.933970658700481,1726.1308333333334,,"fanduel@1.5,sgo_fair@1.5",v2,False,1.1182260686839482,0.6491228070175439,0.5718682937017188,-0.07725451331582511,-0.1190137097027576,-0.015969852678785923,-134.0,-121.0,pass,2026-10-02T21:36:31+00:00,sgo_slate_alt_20261002T213627Z.json
STL@DAL,Wyatt Johnston,DAL,f1,PP1,G,under,0.5,fanduel,-200,False,0.603011816424362,0.48760967466448396,0.5471612028431388,0.6140925221389593,20.913031427503284,2348.4791666666665,,"fanduel@0.5,pinnacle@0.5,sgo_fair@0.5",v2,False,1.0982596332481283,0.6666666666666666,0.5873199944206311,-0.07934667224603553,-0.11902000836905335,-0.06693131929582041,-142.0,-128.0,pass,2026-10-02T21:36:31+00:00,sgo_slate_alt_20261002T213627Z.json
NYR@DET,Noah Laba,NYR,f3,-,PTS,over,0.5,draftkings,225,False,0.2795570839333762,0.3412124066772641,0.2438814356385422,0.2890921094144781,13.668751240671648,1026.0166666666667,,"draftkings@0.5,sgo_fair@0.5",v2,False,1.0468644783193533,0.3076923076923077,0.2710078399041037,-0.036684467788204,-0.11922452031166297,-0.045210673775935906,269.0,306.0,pass,2026-10-02T21:36:31+00:00,sgo_slate_alt_20261002T213627Z.json
BOS@WPG,Gabriel Vilardi,WPG,f2,PP1,SOG,under,1.5,fanduel,110,False,2.239414705371673,1.8449681368386326,0.3592940694956669,0.45941024161291055,17.433178488819145,2116.1,,"draftkings@1.5,fanduel@1.5,pinnacle@1.5,sgo_fair@1.5",v2,False,1.1182260686839482,0.47619047619047616,0.4193637727660131,-0.056826703424463054,-0.1193360771913724,-0.10011617211724366,138.0,154.0,pass,2026-10-02T21:36:31+00:00,sgo_slate_alt_20261002T213627Z.json
NYR@DET,Alex DeBrincat,DET,f1,PP1,SOG,over,4.5,fanduel,205,True,3.5365140211988266,3.5490445411392613,0.28734308512196755,0.2895803914244475,18.58434807318392,2176.461666666667,,"draftkings@3.5,fanduel@3.5,pinnacle@3.5,sgo_fair@3.5",v2,False,1.1182260686839482,0.32786885245901637,0.28868546890345553,-0.039183383555560836,-0.11950931984446067,-0.00223730630247998,246.0,279.0,pass,2026-10-02T21:36:31+00:00,sgo_slate_alt_20261002T213627Z.json
STL@DAL,Roope Hintz,DAL,f2,PP1,PTS,under,0.5,draftkings,125,False,0.8810679610010661,0.9786253889557811,0.41434017616221086,0.37582736038100684,16.249302644351516,1496.78,,"draftkings@0.5,pinnacle@0.5,sgo_fair@1.0",v2,False,1.0468644783193533,0.4444444444444444,0.3912324866934884,-0.053211957750955996,-0.11972690493965099,0.038512815781204024,156.0,173.0,pass,2026-10-02T21:36:31+00:00,sgo_slate_alt_20261002T213627Z.json
WSH@CAR,Matt Roy,WSH,d1,-,PTS,over,0.5,draftkings,275,False,0.22353323268540617,0.29793884817679606,0.2003116843642178,0.2576532657839702,20.440778964133184,2245.4258333333332,,"draftkings@0.5,pinnacle@0.5,sgo_fair@0.5",v2,False,1.0468644783193533,0.26666666666666666,0.23471663321606923,-0.03195003345059744,-0.11981262543974036,-0.057341581419752374,326.0,377.0,pass,2026-10-02T21:36:31+00:00,sgo_slate_alt_20261002T213627Z.json
WSH@CAR,Jakob Chychrun,WSH,d1,PP1,A,over,0.5,fanduel,132,False,0.43325068149505375,0.5072083544045178,0.3516020699322815,0.397825708254477,21.891377326993766,2568.704166666667,,"draftkings@0.5,pinnacle@0.5,sgo_fair@0.5",v2,False,1.1032038554164156,0.43103448275862066,0.3793362529255988,-0.05169822983302186,-0.11993989321261067,-0.046223638322195504,164.0,182.0,pass,2026-10-02T21:36:31+00:00,sgo_slate_alt_20261002T213627Z.json
NYR@DET,Lucas Raymond,DET,f1,PP1,PTS,under,0.5,draftkings,125,False,0.8686822045523243,0.9886841883445611,0.41950400562433443,0.37206593777068053,18.249403362076805,2197.0216666666665,,"draftkings@0.5,pinnacle@0.5,sgo_fair@1.0",v2,False,1.0468644783193533,0.4444444444444444,0.39104116491214214,-0.053403279532302284,-0.1201573789476802,0.0474380678536539,156.0,173.0,pass,2026-10-02T21:36:31+00:00,sgo_slate_alt_20261002T213627Z.json
BOS@WPG,JJ Peterka,BOS,f1,PP1,SOG,over,2.5,draftkings,140,False,2.121374943782613,2.1990445636939557,0.3545007398122928,0.374385636585224,15.938440465588924,1957.9416666666666,,"draftkings@2.5,fanduel@2.5,pinnacle@1.5,sgo_fair@2.5",v2,False,1.1182260686839482,0.4166666666666667,0.3664316778760515,-0.050234988790615165,-0.12056397309747635,-0.019884896772931204,173.0,193.0,pass,2026-10-02T21:36:31+00:00,sgo_slate_alt_20261002T213627Z.json
STL@DAL,Mikko Rantanen,DAL,f1,PP1,SOG,under,2.5,draftkings,-160,False,2.6010531603381617,2.498906549571997,0.5265345966041559,0.5509609283443655,20.640933758585803,2075.3450000000003,,"draftkings@2.5,fanduel@2.5,pinnacle@2.5,sgo_fair@2.5",v2,False,1.1182260686839482,0.6153846153846154,0.5411903956482818,-0.07419421973633367,-0.12056560707154218,-0.024426331740209584,-118.0,-107.0,pass,2026-10-02T21:36:31+00:00,sgo_slate_alt_20261002T213627Z.json
WSH@CAR,Sebastian Aho,CAR,f1,PP1,PTS,over,2.5,draftkings,950,True,1.028454817885592,1.0119871535496263,0.08560912298496202,0.0825194731042773,19.607974986022285,2284.8791666666666,,"draftkings@0.5,pinnacle@0.5,sgo_fair@1.0",v2,False,1.0468644783193533,0.09523809523809523,0.0837553330565512,-0.011482762181544037,-0.12056900290621242,0.0030896498806847195,1094.0,1602.0,pass,2026-10-02T21:36:31+00:00,sgo_slate_alt_20261002T213627Z.json
ANA@VGK,Ivan Barbashev,VGK,f1,-,SOG,under,1.5,draftkings,-110,False,1.8094396661884347,1.8618637450257456,0.4694157500057291,0.4547095262509746,16.2984941270241,1875.4308333333333,,"draftkings@1.5,pinnacle@1.5,sgo_fair@2.0",v2,False,1.1182260686839482,0.5238095238095238,0.4605920157528764,-0.06321750805664744,-0.1206879699263268,0.0147062237547545,117.0,130.0,pass,2026-10-02T21:36:31+00:00,sgo_slate_alt_20261002T213627Z.json
STL@DAL,Mikko Rantanen,DAL,f1,PP1,A,under,0.5,draftkings,-110,False,0.8340142621149719,0.7381798596182657,0.4343023788093655,0.47798312062304815,20.640933758585803,2075.3450000000003,,"draftkings@0.5,pinnacle@0.5,sgo_fair@0.5",v2,False,1.1032038554164156,0.5238095238095238,0.4605108238975751,-0.06329869991194875,-0.12084297255917475,-0.043680741813682644,117.0,130.0,pass,2026-10-02T21:36:31+00:00,sgo_slate_alt_20261002T213627Z.json
STL@DAL,Miro Heiskanen,DAL,d1,PP1,SOG,over,1.5,draftkings,-235,True,1.8688868290955494,2.3397194152326795,0.5472335384161048,0.6630238836614866,25.972927915823785,2527.524166666667,,"draftkings@2.5,fanduel@2.5,pinnacle@2.5,sgo_fair@2.5",v2,False,1.1182260686839482,0.7014925373134329,0.6167077455633339,-0.08478479175009901,-0.12086342653737514,-0.11579034524538179,-161.0,-145.0,pass,2026-10-02T21:36:31+00:00,sgo_slate_alt_20261002T213627Z.json
BOS@WPG,Will Borgen,BOS,d1,-,A,over,0.5,draftkings,475,False,0.1551771822477583,0.17314282484214313,0.1437365506403854,0.15898251192369006,18.444835296639457,2016.5325000000003,,sgo_fair@0.5,v2,False,1.1032038554164156,0.17391304347826086,0.1528841274103682,-0.021028916067892672,-0.12091626739038286,-0.01524596128330466,554.0,682.0,pass,2026-10-02T21:36:31+00:00,sgo_slate_alt_20261002T213627Z.json
ANA@VGK,Beckett Sennecke,ANA,f2,PP1,PTS,over,1.5,draftkings,450,True,0.6998339954814214,0.7192460457451753,0.15574728082479114,0.1625219264975825,17.087583540737576,1430.5,,"draftkings@0.5,sgo_fair@0.5",v2,False,1.0468644783193533,0.18181818181818182,0.15981206822846594,-0.02200611358971588,-0.12103362474343737,-0.006774645672791346,526.0,642.0,pass,2026-10-02T21:36:31+00:00,sgo_slate_alt_20261002T213627Z.json
WSH@CAR,Jackson Blake,CAR,f2,PP1,PTS,under,0.5,draftkings,-115,False,0.7913751853620565,0.7318317209230594,0.45322110350742806,0.48102707526754374,17.175685133360474,1856.5166666666667,,"draftkings@0.5,pinnacle@0.5,sgo_fair@0.5",v2,False,1.0468644783193533,0.5348837209302325,0.4699046865634975,-0.06497903436673502,-0.12148254251172219,-0.027805971760115678,113.0,125.0,pass,2026-10-02T21:36:31+00:00,sgo_slate_alt_20261002T213627Z.json
ANA@VGK,Jack Eichel,VGK,f1,PP1,A,over,2.5,draftkings,1200,True,0.9080834564009849,0.9412791226056558,0.06419452292814956,0.06982353107324928,20.597276930957293,2298.3541666666665,,"draftkings@0.5,pinnacle@0.5,sgo_fair@1.0",v2,False,1.1032038554164156,0.07692307692307693,0.06757192781520939,-0.009351149107867537,-0.12156493840227789,-0.005629008145099715,1380.0,2249.0,pass,2026-10-02T21:36:31+00:00,sgo_slate_alt_20261002T213627Z.json
WSH@CAR,Nikolaj Ehlers,CAR,f3,PP1,SOG,under,2.5,fanduel,-165,False,2.7332428940508695,2.3770361799667477,0.4958337108505323,0.5808235887690869,16.96250861269781,1870.6825,,"draftkings@2.5,fanduel@2.5,pinnacle@2.5,sgo_fair@2.5",v2,False,1.1182260686839482,0.6226415094339622,0.546827637601665,-0.07581387183229726,-0.12176167294278051,-0.08498987791855461,-121.0,-109.0,pass,2026-10-02T21:36:31+00:00,sgo_slate_alt_20261002T213627Z.json
WSH@CAR,Nikolaj Ehlers,CAR,f3,PP1,SOG,under,2.5,draftkings,-165,False,2.7332428940508695,2.3770361799667477,0.4958337108505323,0.5808235887690869,16.96250861269781,1870.6825,,"draftkings@2.5,fanduel@2.5,pinnacle@2.5,sgo_fair@2.5",v2,False,1.1182260686839482,0.6226415094339622,0.546827637601665,-0.07581387183229726,-0.12176167294278051,-0.08498987791855461,-121.0,-109.0,pass,2026-10-02T21:36:31+00:00,sgo_slate_alt_20261002T213627Z.json
BOS@WPG,JJ Peterka,BOS,f1,PP1,G,over,1.5,draftkings,2200,False,0.29203738404247415,0.31436963032387133,0.0351832037220535,0.040182818125683584,15.938440465588924,1957.9416666666666,,"fanduel@0.5,pinnacle@0.5,sgo_fair@0.5",v2,False,1.0982596332481283,0.043478260869565216,0.03818297236423155,-0.005295288505333666,-0.12179163562267437,-0.004999614403630087,2519.0,7486.0,pass,2026-10-02T21:36:31+00:00,sgo_slate_alt_20261002T213627Z.json
WSH@CAR,Jordan Martinook,CAR,f3,-,PTS,over,0.5,draftkings,145,False,0.4068371878751763,0.46908429457160405,0.33424742593062284,0.37442515163013584,14.979630616944284,1699.995,,"draftkings@0.5,sgo_fair@0.5",v2,False,1.0468644783193533,0.40816326530612246,0.35835406135033065,-0.0498092039557918,-0.12203254969168986,-0.040177725699513,179.0,200.0,pass,2026-10-02T21:36:31+00:00,sgo_slate_alt_20261002T213627Z.json
WSH@CAR,Pierre-Luc Dubois,WSH,f1,PP1,PTS,under,0.5,draftkings,-160,False,0.6723076583917278,0.5801023200482834,0.5105290906430222,0.559841080668299,16.026006939520308,1126.1958333333334,,"draftkings@0.5,pinnacle@0.5,sgo_fair@0.5",v2,False,1.0468644783193533,0.6153846153846154,0.5401162846581883,-0.07526833072642714,-0.12231103743044403,-0.04931199002527675,-117.0,-106.0,pass,2026-10-02T21:36:31+00:00,sgo_slate_alt_20261002T213627Z.json
WSH@CAR,Alex Ovechkin,WSH,f2,PP1,PTS,over,0.5,fanduel,-130,False,0.7351128724232218,0.6531593766573446,0.5205486609138295,0.47960095977989026,16.67895270691558,1949.2041666666667,,"draftkings@0.5,pinnacle@0.5,sgo_fair@0.5",v2,False,1.0468644783193533,0.5652173913043478,0.4959800402334659,-0.06923735107088186,-0.12249685189463722,0.040947701133939196,102.0,112.0,pass,2026-10-02T21:36:31+00:00,sgo_slate_alt_20261002T213627Z.json
ANA@VGK,Leo Carlsson,ANA,f1,PP1,PTS,over,2.5,draftkings,1300,True,0.8007260759768395,0.9581897293945755,0.047527051943973476,0.07277381620532465,17.96890196451367,1895.936666666667,,"draftkings@0.5,pinnacle@0.5,sgo_fair@1.0",v2,False,1.0468644783193533,0.07142857142857142,0.06267511050078418,-0.00875346092778724,-0.1225484529890214,-0.025246764261351175,1496.0,2554.0,pass,2026-10-02T21:36:31+00:00,sgo_slate_alt_20261002T213627Z.json
NYR@DET,J.T. Miller,NYR,f2,PP1,SOG,over,3.5,fanduel,415,True,2.0405303472808645,2.1530253982401297,0.15772535650669875,0.17872658434739225,17.08771264101801,1991.3375,,"draftkings@1.5,fanduel@1.5,pinnacle@2.5,sgo_fair@2.0",v2,False,1.1182260686839482,0.1941747572815534,0.17032609321111486,-0.023848664070438536,-0.12282061996275839,-0.021001227840693498,487.0,588.0,pass,2026-10-02T21:36:31+00:00,sgo_slate_alt_20261002T213627Z.json
ANA@VGK,Ryan Poehling,ANA,f3,PP2,SOG,over,1.5,draftkings,100,False,1.4034670179302313,1.5762886913354086,0.40507623742016075,0.46093191332184025,12.623491757963661,1554.775,,"draftkings@1.5,sgo_fair@1.5",v2,False,1.1182260686839482,0.5,0.4385896429611685,-0.06141035703883152,-0.12282071407766304,-0.0558556759016795,128.0,142.0,pass,2026-10-02T21:36:31+00:00,sgo_slate_alt_20261002T213627Z.json
WSH@CAR,Jackson Blake,CAR,f2,PP1,PTS,over,1.5,fanduel,400,True,0.7913751853620565,0.7318317209230594,0.1881109616943852,0.16694205242882362,17.175685133360474,1856.5166666666667,,"draftkings@0.5,pinnacle@0.5,sgo_fair@0.5",v2,False,1.0468644783193533,0.2,0.17540961613504824,-0.02459038386495177,-0.1229519193247588,0.021168909265561586,470.0,565.0,pass,2026-10-02T21:36:31+00:00,sgo_slate_alt_20261002T213627Z.json
NYR@DET,Gabe Perreault,NYR,not in DF lineup,-,SOG,over,2.5,draftkings,360,True,1.4822407223139986,1.4817114307200707,0.19070068321120343,0.19057075157189005,15.255362995888913,842.9158333333332,,"draftkings@1.5,pinnacle@1.5,sgo_fair@1.5",v1,False,1.1182260686839482,0.21739130434782608,0.1906227242276154,-0.02676858012021069,-0.12313546855296931,0.0001299316393133798,425.0,504.0,pass,2026-10-02T21:36:31+00:00,sgo_slate_alt_20261002T213627Z.json
STL@DAL,Jason Robertson,DAL,f2,PP1,SOG,over,5.5,draftkings,425,True,3.681544311815819,3.511385545036372,0.18088916085309603,0.15777430704897702,20.375929813628595,2317.33,,"draftkings@3.5,fanduel@3.5,pinnacle@3.5,sgo_fair@3.5",v2,False,1.1182260686839482,0.19047619047619047,0.16702024857062464,-0.023455941905565825,-0.12314369500422062,0.023114853804119012,499.0,604.0,pass,2026-10-02T21:36:31+00:00,sgo_slate_alt_20261002T213627Z.json
WSH@CAR,Dylan Strome,WSH,f2,PP1,PTS,over,1.5,draftkings,475,True,0.6884559514526267,0.6911997455043737,0.15180225314825554,0.15275177190108494,16.4350786487246,2084.476666666667,,"draftkings@0.5,pinnacle@0.5,sgo_fair@0.5",v2,False,1.0468644783193533,0.17391304347826086,0.15237196439995318,-0.021541079078307684,-0.12386120470026918,-0.0009495187528293925,556.0,685.0,pass,2026-10-02T21:36:31+00:00,sgo_slate_alt_20261002T213627Z.json
BOS@WPG,Elias Lindholm,BOS,f1,PP2,A,over,0.5,fanduel,196,False,0.34495998570832676,0.35488572149672815,0.29175130702941865,0.29874642316111527,17.864457827843644,1916.9391666666668,,"draftkings@0.5,pinnacle@0.5,sgo_fair@0.5",v2,False,1.1032038554164156,0.33783783783783783,0.29594837670843666,-0.04188946112940117,-0.12399280494302756,-0.0069951161316966215,238.0,269.0,pass,2026-10-02T21:36:31+00:00,sgo_slate_alt_20261002T213627Z.json
ANA@VGK,Nikita Nesterenko,ANA,f3,-,PTS,over,0.5,draftkings,215,False,0.2884079839002807,0.351504936055095,0.2505442360288942,0.2963716231950083,12.3960500176475,448.3,,"draftkings@0.5,sgo_fair@0.5",v2,False,1.0468644783193533,0.31746031746031744,0.27804066832856267,-0.039419649131754775,-0.12417189476502766,-0.04582738716611412,260.0,295.0,pass,2026-10-02T21:36:31+00:00,sgo_slate_alt_20261002T213627Z.json
NYR@DET,Andrew Copp,DET,f1,PP1,PTS,over,0.5,fanduel,-122,False,0.621992280201299,0.6797571979007946,0.46312623156711785,0.493259985030702,17.350846748956222,1679.7833333333333,,"draftkings@0.5,pinnacle@0.5,sgo_fair@0.5",v2,False,1.0468644783193533,0.5495495495495496,0.4812064836452683,-0.0683430659042813,-0.12436197238320035,-0.030133753463584156,108.0,119.0,pass,2026-10-02T21:36:31+00:00,sgo_slate_alt_20261002T213627Z.json
NYR@DET,Vladislav Gavrikov,NYR,d1,-,A,over,0.5,draftkings,240,False,0.22651245586468152,0.34818713995069733,0.2026905889269975,0.29403325073099734,22.567457519226874,2840.661666666667,,"draftkings@0.5,sgo_fair@0.5",v2,False,1.1032038554164156,0.29411764705882354,0.2574961860093974,-0.03662146104942615,-0.12451296756804886,-0.09134266180399983,288.0,330.0,pass,2026-10-02T21:36:31+00:00,sgo_slate_alt_20261002T213627Z.json
NYR@DET,Adam Fox,NYR,d1,PP1,SOG,over,4.5,draftkings,1900,True,1.7046004708726388,1.879623832479008,0.035419563082995674,0.04931406558532819,22.258802105644207,2111.2541666666666,,"draftkings@1.5,fanduel@1.5,pinnacle@1.5,sgo_fair@2.0",v2,False,1.1182260686839482,0.05,0.04375626458439518,-0.006243735415604822,-0.12487470831209635,-0.013894502502332519,2185.0,5232.0,pass,2026-10-02T21:36:31+00:00,sgo_slate_alt_20261002T213627Z.json
ANA@VGK,William Karlsson,VGK,f2,PP2,G,over,1.5,fanduel,3000,False,0.2416139457454606,0.26971985582362146,0.02488692786291483,0.03045032285808577,16.71967523099671,635.2708333333334,,sgo_fair@0.5,v2,False,1.0982596332481283,0.03225806451612903,0.028224964860017396,-0.004033099656111636,-0.1250260893394607,-0.0055633949951709415,3443.0,30908.0,pass,2026-10-02T21:36:31+00:00,sgo_slate_alt_20261002T213627Z.json
ANA@VGK,William Karlsson,VGK,f2,PP2,G,over,1.5,draftkings,3000,False,0.2416139457454606,0.26971985582362146,0.02488692786291483,0.03045032285808577,16.71967523099671,635.2708333333334,,sgo_fair@0.5,v2,False,1.0982596332481283,0.03225806451612903,0.028224964860017396,-0.004033099656111636,-0.1250260893394607,-0.0055633949951709415,3443.0,30908.0,pass,2026-10-02T21:36:31+00:00,sgo_slate_alt_20261002T213627Z.json
ANA@VGK,Jack Eichel,VGK,f1,PP1,G,over,1.5,fanduel,1000,True,0.46727418538191356,0.461989409749093,0.08044718851490275,0.07890425651620023,20.597276930957293,2298.3541666666665,,"fanduel@0.5,pinnacle@0.5,sgo_fair@0.5",v2,False,1.0982596332481283,0.09090909090909091,0.07952142931568124,-0.011387661593409676,-0.12526427752750635,0.0015429319987025208,1158.0,1734.0,pass,2026-10-02T21:36:31+00:00,sgo_slate_alt_20261002T213627Z.json
WSH@CAR,Jackson Blake,CAR,f2,PP1,SOG,over,4.5,draftkings,700,True,2.455398771532545,2.406356071387941,0.1131952408546478,0.10674563193888557,17.175685133360474,1856.5166666666667,,"draftkings@2.5,fanduel@2.5,pinnacle@2.5,sgo_fair@2.5",v2,False,1.1182260686839482,0.125,0.10932547550519045,-0.01567452449480955,-0.1253961959584764,0.0064496089157622255,815.0,1086.0,pass,2026-10-02T21:36:31+00:00,sgo_slate_alt_20261002T213627Z.json
STL@DAL,Tyler Seguin,DAL,f2,PP2,SOG,over,3.5,draftkings,550,True,1.9165343465270064,1.9059648071166382,0.13562661542995538,0.1337993922684843,14.963038356186521,595.2091666666668,,"draftkings@1.5,fanduel@1.5,pinnacle@1.5,sgo_fair@2.0",v2,False,1.1182260686839482,0.15384615384615385,0.13453028153307273,-0.01931587231308113,-0.1255531700350273,0.0018272231614710754,643.0,813.0,pass,2026-10-02T21:36:31+00:00,sgo_slate_alt_20261002T213627Z.json
WSH@CAR,Tom Wilson,WSH,f1,PP1,SOG,under,1.5,draftkings,-105,False,1.8366419942423062,1.922433066195927,0.4617403740961258,0.4381627100424127,18.257601622938086,2083.9066666666668,,"draftkings@1.5,fanduel@1.5,pinnacle@1.5,sgo_fair@2.0",v2,False,1.1182260686839482,0.5121951219512195,0.4475937756638979,-0.06460134628732161,-0.1261264379895327,0.023577664053713088,123.0,137.0,pass,2026-10-02T21:36:31+00:00,sgo_slate_alt_20261002T213627Z.json
ANA@VGK,Ivan Barbashev,VGK,f1,-,G,over,1.5,draftkings,1900,False,0.29545397193341,0.35064066663990673,0.035931357250826274,0.048829187385114124,16.2984941270241,1875.4308333333333,,"pinnacle@0.5,sgo_fair@0.5",v2,False,1.0982596332481283,0.05,0.043670055331398984,-0.006329944668601019,-0.12659889337202035,-0.01289783013428785,2190.0,5256.0,pass,2026-10-02T21:36:31+00:00,sgo_slate_alt_20261002T213627Z.json
WSH@CAR,Andrei Svechnikov,CAR,f1,PP1,G,over,1.5,fanduel,1300,True,0.44945799242823165,0.3702217159776882,0.07528371200818745,0.05375064205048866,17.174841336373092,1912.6491666666668,,"pinnacle@0.5,sgo_fair@0.5",v2,False,1.0982596332481283,0.07142857142857142,0.06236387003356818,-0.009064701395003247,-0.12690581953004554,0.02153306995769879,1503.0,2576.0,pass,2026-10-02T21:36:31+00:00,sgo_slate_alt_20261002T213627Z.json
BOS@WPG,Morgan Geekie,BOS,f2,PP1,SOG,under,1.5,fanduel,130,False,2.205830514716359,2.1183823514688873,0.367044475461901,0.38789124312009193,17.069132083690253,2012.4566666666665,,"draftkings@1.5,fanduel@1.5,pinnacle@1.5,sgo_fair@2.0",v2,False,1.1182260686839482,0.43478260869565216,0.37955253605681555,-0.055230072638836614,-0.12702916706932432,-0.020846767658190934,163.0,182.0,pass,2026-10-02T21:36:31+00:00,sgo_slate_alt_20261002T213627Z.json
NYR@DET,Will Cuylle,NYR,f3,PP2,A,over,0.5,draftkings,310,False,0.2067041001711633,0.2615703452059322,0.18673974204098356,0.23015828115471185,14.475285775016168,1967.8908333333336,,"draftkings@0.5,sgo_fair@0.5",v2,False,1.1032038554164156,0.24390243902439024,0.21279086550922055,-0.031111573515169688,-0.12755745141219577,-0.04341853911372828,370.0,433.0,pass,2026-10-02T21:36:31+00:00,sgo_slate_alt_20261002T213627Z.json
WSH@CAR,Taylor Hall,CAR,f2,PP2,G,over,1.5,fanduel,2500,False,0.29496625979366586,0.2772444024208794,0.03582418393885793,0.032015743443740176,16.04701527377841,1703.5891666666669,,sgo_fair@0.5,v2,False,1.0982596332481283,0.038461538461538464,0.03353911964178728,-0.0049224188197511815,-0.12798288931353063,0.0038084404951177556,2882.0,11611.0,pass,2026-10-02T21:36:31+00:00,sgo_slate_alt_20261002T213627Z.json
NYR@DET,Mika Zibanejad,NYR,f1,PP1,SOG,over,3.5,draftkings,250,True,2.5578884297133944,2.47245746794295,0.2596850260937461,0.24208249953427577,19.315568777005215,2422.4325000000003,,"draftkings@2.5,fanduel@2.5,pinnacle@2.5,sgo_fair@2.5",v2,False,1.1182260686839482,0.2857142857142857,0.2491235101580639,-0.03659077555622181,-0.12806771444677634,0.01760252655947034,301.0,346.0,pass,2026-10-02T21:36:31+00:00,sgo_slate_alt_20261002T213627Z.json
BOS@WPG,David Pastrnak,BOS,f1,PP1,SOG,over,4.5,fanduel,225,True,3.2437906704082855,3.550763789307926,0.23587912480287768,0.2898875176913135,19.305080809204785,2352.8866666666668,,"draftkings@3.5,fanduel@3.5,pinnacle@3.5,sgo_fair@3.5",v2,False,1.1182260686839482,0.3076923076923077,0.2682841605359392,-0.039408147156368534,-0.12807647825819768,-0.05400839288843581,273.0,311.0,pass,2026-10-02T21:36:31+00:00,sgo_slate_alt_20261002T213627Z.json
WSH@CAR,Andrei Svechnikov,CAR,f1,PP1,A,over,1.5,fanduel,830,True,0.58004376496352,0.4634572330472525,0.11537479333218136,0.07933185568347054,17.174841336373092,1912.6491666666668,,"draftkings@0.5,pinnacle@0.5,sgo_fair@0.5",v2,False,1.1032038554164156,0.10752688172043011,0.09374903074295488,-0.013777850977475234,-0.1281340140905196,0.03604293764871082,967.0,1355.0,pass,2026-10-02T21:36:31+00:00,sgo_slate_alt_20261002T213627Z.json
NYR@DET,Moritz Seider,DET,d1,PP1,A,under,0.5,draftkings,-170,False,0.6692367443672119,0.556111779803181,0.5120992913290723,0.5734343739116765,24.012255414088816,3029.8125,,"draftkings@0.5,pinnacle@0.5,sgo_fair@0.5",v2,False,1.1032038554164156,0.6296296296296297,0.5489003408786348,-0.08072928875099483,-0.12821710566334465,-0.06133508258260423,-122.0,-110.0,pass,2026-10-02T21:36:31+00:00,sgo_slate_alt_20261002T213627Z.json
BOS@WPG,Pavel Zacha,BOS,f2,PP1,SOG,under,1.5,fanduel,-114,False,1.7760021865992446,1.8619368753868921,0.4789814282146714,0.4546892603908448,16.867313130617127,2032.8025,,"draftkings@1.5,fanduel@1.5,pinnacle@1.5,sgo_fair@2.0",v2,False,1.1182260686839482,0.5327102803738317,0.46440612752037547,-0.06830415285345626,-0.1282200764091197,0.024292167823826594,115.0,128.0,pass,2026-10-02T21:36:31+00:00,sgo_slate_alt_20261002T213627Z.json
WSH@CAR,Tom Wilson,WSH,f1,PP1,PTS,over,1.5,fanduel,560,True,0.6425729870926619,0.6224302743947189,0.1361093495070841,0.12934117160271583,18.257601622938086,2083.9066666666668,,"draftkings@0.5,pinnacle@0.5,sgo_fair@0.5",v2,False,1.0468644783193533,0.15151515151515152,0.13204844276446315,-0.019466708750688372,-0.1284802777545433,0.006768177904368261,657.0,834.0,pass,2026-10-02T21:36:31+00:00,sgo_slate_alt_20261002T213627Z.json
WSH@CAR,Taylor Hall,CAR,f2,PP2,PTS,under,0.5,draftkings,-140,False,0.7877340175504273,0.6093494962220675,0.4548743656769755,0.5437044358533706,16.04701527377841,1703.5891666666669,,"draftkings@0.5,pinnacle@0.5,sgo_fair@0.5",v2,False,1.0468644783193533,0.5833333333333334,0.5081724077828125,-0.0751609255505209,-0.12884730094374997,-0.0888300701763951,-103.0,107.0,pass,2026-10-02T21:36:31+00:00,sgo_slate_alt_20261002T213627Z.json
NYR@DET,Oliver Bjorkstrand,NYR,f2,PP2,PTS,over,0.5,draftkings,140,False,0.39372923112121255,0.49098729815955866,0.32546332494521163,0.387978152244164,13.833854577852438,1656.3891666666668,,"draftkings@0.5,sgo_fair@0.5",v2,False,1.0468644783193533,0.4166666666666667,0.36297222132458307,-0.05369444534208362,-0.12886666882100062,-0.06251482729895236,176.0,196.0,pass,2026-10-02T21:36:31+00:00,sgo_slate_alt_20261002T213627Z.json
ANA@VGK,Mitch Marner,VGK,f2,PP1,SOG,over,3.5,draftkings,260,True,2.583127338622359,2.396786259523875,0.2649208847756823,0.22667847531295407,20.54836472665646,2414.8641666666667,,"draftkings@2.5,fanduel@2.5,sgo_fair@2.5",v2,False,1.1182260686839482,0.2777777777777778,0.24197543909804536,-0.035802338679732426,-0.12888841924703665,0.03824240946272825,313.0,361.0,pass,2026-10-02T21:36:31+00:00,sgo_slate_alt_20261002T213627Z.json
ANA@VGK,Cutter Gauthier,ANA,f1,PP1,SOG,over,2.5,fanduel,-230,True,2.922382978028437,3.4358790498812657,0.5461458901095546,0.647513007175556,16.623295864485087,1833.5541666666666,,"draftkings@3.5,fanduel@3.5,pinnacle@3.5,sgo_fair@3.5",v2,False,1.1182260686839482,0.696969696969697,0.6069661603491554,-0.09000353662054161,-0.1291355090642553,-0.10136711706600143,-154.0,-139.0,pass,2026-10-02T21:36:31+00:00,sgo_slate_alt_20261002T213627Z.json
NYR@DET,Andrew Copp,DET,f1,PP1,SOG,over,2.5,fanduel,230,True,2.026936226559812,1.5986603335453926,0.33013300772163523,0.2197067618692774,17.350846748956222,1679.7833333333333,,"draftkings@1.5,pinnacle@1.5,sgo_fair@1.5",v2,False,1.1182260686839482,0.30303030303030304,0.2638772602102205,-0.03915304282008253,-0.12920504130627242,0.11042624585235783,279.0,319.0,pass,2026-10-02T21:36:31+00:00,sgo_slate_alt_20261002T213627Z.json
ANA@VGK,Rasmus Andersson,VGK,d2,PP2,PTS,over,0.5,fanduel,108,False,0.5520918749261587,0.535920044204475,0.4242558349921852,0.4148693036882832,21.694549594463403,2772.36,,"draftkings@0.5,pinnacle@0.5,sgo_fair@0.5",v2,False,1.0468644783193533,0.4807692307692308,0.41862391620984396,-0.06214531455938682,-0.12926225428352456,0.009386531303902046,139.0,154.0,pass,2026-10-02T21:36:31+00:00,sgo_slate_alt_20261002T213627Z.json
NYR@DET,Will Cuylle,NYR,f3,PP2,PTS,over,0.5,draftkings,150,False,0.37114229351425304,0.4680165438205723,0.31005424023316264,0.37375683688267053,14.475285775016168,1967.8908333333336,,"draftkings@0.5,sgo_fair@0.5",v2,False,1.0468644783193533,0.4,0.34827579822286736,-0.05172420177713266,-0.12931050444283154,-0.06370259664950789,187.0,209.0,pass,2026-10-02T21:36:31+00:00,sgo_slate_alt_20261002T213627Z.json
BOS@WPG,Casey Mittelstadt,BOS,f2,PP2,A,over,0.5,draftkings,200,False,0.33299776215159876,0.3491731615106623,0.28322820181947334,0.2947290060951299,15.633227652822582,1712.975,,"draftkings@0.5,pinnacle@0.5,sgo_fair@0.5",v2,False,1.1032038554164156,0.3333333333333333,0.2901286843848673,-0.04320464894846604,-0.12961394684539818,-0.011500804275656584,245.0,277.0,pass,2026-10-02T21:36:31+00:00,sgo_slate_alt_20261002T213627Z.json
BOS@WPG,Mark Scheifele,WPG,f1,PP1,SOG,under,2.5,fanduel,-198,False,2.5971355288162172,2.2523366202078225,0.5274605140532727,0.6120775149670771,19.993486037779117,2517.563333333333,,"draftkings@2.5,fanduel@2.5,pinnacle@2.5,sgo_fair@2.5",v2,False,1.1182260686839482,0.6644295302013423,0.5782307146015553,-0.08619881559978704,-0.1297335709532147,-0.08461700091380442,-137.0,-124.0,pass,2026-10-02T21:36:31+00:00,sgo_slate_alt_20261002T213627Z.json
STL@DAL,Connor McMichael,STL,f2,PP2,G,over,0.5,fanduel,310,False,0.21472215757734742,0.25476904238214276,0.1932344372610285,0.2249045085013468,16.28334807004509,1938.9183333333335,,"fanduel@0.5,sgo_fair@0.5",v2,False,1.0982596332481283,0.24390243902439024,0.2122364800052195,-0.03166595901917074,-0.1298304319786001,-0.03167007124031829,371.0,434.0,pass,2026-10-02T21:36:31+00:00,sgo_slate_alt_20261002T213627Z.json
STL@DAL,Dylan Holloway,STL,f1,PP1,SOG,over,3.5,draftkings,190,True,2.7192783828303067,2.7713182715092874,0.293370879977204,0.30430911124749005,18.08848697930289,1659.9508333333333,,"draftkings@2.5,fanduel@2.5,pinnacle@2.5,sgo_fair@2.5",v2,False,1.1182260686839482,0.3448275862068966,0.29993381873937563,-0.04489376746752094,-0.13019192565581073,-0.010938231270286036,233.0,264.0,pass,2026-10-02T21:36:31+00:00,sgo_slate_alt_20261002T213627Z.json
ANA@VGK,Tomas Hertl,VGK,f3,PP1,SOG,over,4.5,draftkings,650,True,2.6466105220211182,2.353751697418152,0.13989959554477896,0.10002095127071729,14.758236776055922,1974.8158333333336,,"draftkings@2.5,fanduel@2.5,pinnacle@2.5,sgo_fair@2.5",v2,False,1.1182260686839482,0.13333333333333333,0.11597240898034196,-0.017360924352991372,-0.13020693264743533,0.03987864427406167,762.0,999.0,pass,2026-10-02T21:36:31+00:00,sgo_slate_alt_20261002T213627Z.json
NYR@DET,Albert Johansson,DET,d1,-,G,over,0.5,fanduel,1300,False,0.04452231289169161,0.07743805503820503,0.04354574140475361,0.07451564828614193,16.65774239725896,1756.1741666666667,,sgo_fair@0.5,v2,False,1.0982596332481283,0.07142857142857142,0.06212768553358661,-0.009300885894984817,-0.1302124025297875,-0.030969906881388322,1510.0,2593.0,pass,2026-10-02T21:36:31+00:00,sgo_slate_alt_20261002T213627Z.json
NYR@DET,Alexis Lafrenière,NYR,f1,PP1,SOG,over,2.5,draftkings,120,False,2.250055125162716,2.3028007819748226,0.3873449643048115,0.40064682050511863,17.94658220183404,0.0,no NHL data: 85% of positional prior,"draftkings@2.5,fanduel@2.5,pinnacle@2.5,sgo_fair@2.5",v2,False,1.1182260686839482,0.45454545454545453,0.3953260780249958,-0.05921937652045872,-0.13028262834500914,-0.013301856200307105,153.0,170.0,pass,2026-10-02T21:36:31+00:00,sgo_slate_alt_20261002T213627Z.json
WSH@CAR,Logan Stankoven,CAR,f2,PP2,SOG,over,4.5,draftkings,950,True,2.3266691106987305,2.127935341221666,0.09663884884313037,0.07356449397052128,17.072616370327324,1801.0691666666667,,"draftkings@1.5,pinnacle@1.5,sgo_fair@2.5",v2,False,1.1182260686839482,0.09523809523809523,0.08279423591956492,-0.012443859318530315,-0.1306605228445683,0.023074354872609087,1108.0,1630.0,pass,2026-10-02T21:36:31+00:00,sgo_slate_alt_20261002T213627Z.json
NYR@DET,J.T. Compher,DET,f2,-,G,over,1.5,fanduel,6000,False,0.18947953226473813,0.17194899797833335,0.015836944313475296,0.013193023819193348,16.459511636519334,1855.2116666666668,,sgo_fair@0.5,v2,False,1.0982596332481283,0.01639344262295082,0.014250592016906129,-0.002142850606044692,-0.1307138869687261,0.002643920494281948,6917.0,,pass,2026-10-02T21:36:31+00:00,sgo_slate_alt_20261002T213627Z.json
NYR@DET,J.T. Miller,NYR,f2,PP1,PTS,over,0.5,fanduel,-146,False,0.6801411850223616,0.7561879384972334,0.4934545293167924,0.5305473974651022,17.08771264101801,1991.3375,,"draftkings@0.5,pinnacle@0.5,sgo_fair@0.5",v2,False,1.0468644783193533,0.5934959349593496,0.5157102502057782,-0.0777856847535714,-0.13106355102314082,-0.037092868148309754,-106.0,104.0,pass,2026-10-02T21:36:31+00:00,sgo_slate_alt_20261002T213627Z.json
ANA@VGK,Nikita Nesterenko,ANA,f3,-,A,over,0.5,draftkings,350,False,0.18330309230582867,0.23583136433343443,0.16748421163621555,0.21008612964629003,12.3960500176475,448.3,,"draftkings@0.5,sgo_fair@0.5",v2,False,1.1032038554164156,0.2222222222222222,0.19304536244226023,-0.029176859779961983,-0.13129586900982892,-0.042601918010074485,418.0,495.0,pass,2026-10-02T21:36:31+00:00,sgo_slate_alt_20261002T213627Z.json
BOS@WPG,Cole Perfetti,WPG,f1,PP1,SOG,over,4.5,draftkings,1000,True,2.3304469153221623,2.0645202280148043,0.09710731567243772,0.06687440490880187,16.53972973493684,1622.8166666666666,,"draftkings@1.5,fanduel@1.5,pinnacle@1.5,sgo_fair@2.0",v2,False,1.1182260686839482,0.09090909090909091,0.07896756921425621,-0.0119415216948347,-0.13135673864318165,0.03023291076363585,1166.0,1753.0,pass,2026-10-02T21:36:31+00:00,sgo_slate_alt_20261002T213627Z.json
NYR@DET,Gabe Perreault,NYR,not in DF lineup,-,G,over,0.5,fanduel,330,False,0.20697237520347758,0.23815395139858134,0.1869578901998069,0.2119186444727593,15.255362995888913,842.9158333333332,,"fanduel@0.5,sgo_fair@0.5",v1,False,1.0982596332481283,0.23255813953488372,0.20193434276357836,-0.03062379677130536,-0.13168232611661312,-0.024960754272952385,395.0,465.0,pass,2026-10-02T21:36:31+00:00,sgo_slate_alt_20261002T213627Z.json
BOS@WPG,Morgan Geekie,BOS,f2,PP1,A,over,0.5,draftkings,185,False,0.35968336238983806,0.3657957110020614,0.30210272838642693,0.3063555093256108,17.069132083690253,2012.4566666666665,,"draftkings@0.5,pinnacle@0.5,sgo_fair@0.5",v2,False,1.1032038554164156,0.3508771929824561,0.30465439694993723,-0.04622279603251889,-0.13173496869267887,-0.004252780939183853,228.0,258.0,pass,2026-10-02T21:36:31+00:00,sgo_slate_alt_20261002T213627Z.json
ANA@VGK,Tomas Hertl,VGK,f3,PP1,A,over,1.5,draftkings,1100,True,0.48639007367282316,0.4060154188833554,0.0861050630040915,0.0631720757937094,14.758236776055922,1974.8158333333336,,"draftkings@0.5,pinnacle@0.5,sgo_fair@0.5",v2,False,1.1032038554164156,0.08333333333333333,0.07234527067786224,-0.010988062655471087,-0.13185675186565304,0.022932987210382103,1282.0,2012.0,pass,2026-10-02T21:36:31+00:00,sgo_slate_alt_20261002T213627Z.json
ANA@VGK,Rasmus Andersson,VGK,d2,PP2,SOG,over,4.5,draftkings,1400,True,1.959410606525185,1.9828023884859605,0.05653193962875312,0.058752128133299684,21.694549594463403,2772.36,,"draftkings@1.5,pinnacle@1.5,sgo_fair@2.5",v2,False,1.1182260686839482,0.06666666666666667,0.057864052731481055,-0.00880261393518561,-0.1320392090277842,-0.002220188504546562,1628.0,2943.0,pass,2026-10-02T21:36:31+00:00,sgo_slate_alt_20261002T213627Z.json
NYR@DET,Eeli Tolvanen,NYR,f3,PP2,PTS,over,0.5,draftkings,170,False,0.35525756151463594,0.4094206091585256,0.29900712883028085,0.3359651255736734,14.267736109868624,1801.4791666666667,,"draftkings@0.5,sgo_fair@0.5",v2,False,1.0468644783193533,0.37037037037037035,0.3211819268763164,-0.049188443494053935,-0.13280879743394558,-0.03695799674339256,211.0,238.0,pass,2026-10-02T21:36:31+00:00,sgo_slate_alt_20261002T213627Z.json
NYR@DET,Oliver Bjorkstrand,NYR,f2,PP2,SOG,under,1.5,fanduel,-130,False,1.64419310790154,1.8021774046685863,0.5180794851761883,0.4714810494819047,13.833854577852438,1656.3891666666668,,"draftkings@1.5,fanduel@1.5,pinnacle@1.5,sgo_fair@2.0",v2,False,1.1182260686839482,0.5652173913043478,0.4901204237596181,-0.07509696754472966,-0.13286386565606023,0.04659843569428357,104.0,115.0,pass,2026-10-02T21:36:31+00:00,sgo_slate_alt_20261002T213627Z.json
BOS@WPG,David Pastrnak,BOS,f1,PP1,PTS,over,1.5,fanduel,186,False,1.066842862816821,1.1322324619603372,0.28881352126550597,0.31275396883888357,19.305080809204785,2352.8866666666668,,"draftkings@1.5,pinnacle@0.5,sgo_fair@1.0",v2,False,1.0468644783193533,0.34965034965034963,0.3031777898095325,-0.04647255984081711,-0.13291152114473692,-0.0239404475733776,230.0,259.0,pass,2026-10-02T21:36:31+00:00,sgo_slate_alt_20261002T213627Z.json
WSH@CAR,Nikolaj Ehlers,CAR,f3,PP1,A,over,1.5,fanduel,700,True,0.6272963558057655,0.5098789811348887,0.13096892558472817,0.0932146157887585,16.96250861269781,1870.6825,,"draftkings@0.5,pinnacle@0.5,sgo_fair@0.5",v2,False,1.1032038554164156,0.125,0.10831633970714637,-0.016683660292853633,-0.13346928234282907,0.037754309795969665,823.0,1100.0,pass,2026-10-02T21:36:31+00:00,sgo_slate_alt_20261002T213627Z.json
ANA@VGK,Ivan Barbashev,VGK,f1,-,PTS,over,0.5,fanduel,-162,False,0.7810791293473323,0.7582699042968668,0.542088401259036,0.5315237649935489,16.2984941270241,1875.4308333333333,,"draftkings@0.5,pinnacle@0.5,sgo_fair@0.5",v2,False,1.0468644783193533,0.6183206106870229,0.5357496194997438,-0.08257099118727917,-0.13354073883374773,0.010564636265487093,-115.0,-104.0,pass,2026-10-02T21:36:31+00:00,sgo_slate_alt_20261002T213627Z.json
WSH@CAR,Shayne Gostisbehere,CAR,d3,PP1,SOG,under,1.5,draftkings,100,False,2.0891866192908224,1.8477533987914245,0.395067674562555,0.45863277252692314,16.932991501259885,1660.3433333333335,,"draftkings@1.5,pinnacle@1.5,sgo_fair@1.5",v2,False,1.1182260686839482,0.5,0.4332067333411759,-0.06679326665882412,-0.13358653331764825,-0.06356509796436816,131.0,145.0,pass,2026-10-02T21:36:31+00:00,sgo_slate_alt_20261002T213627Z.json
WSH@CAR,Cole Hutson,WSH,d2,PP2,PTS,over,1.5,draftkings,1000,True,0.4887109617413447,0.44281480571964255,0.08679998013182069,0.07338662714669748,18.499433137340223,244.4,,"draftkings@0.5,sgo_fair@0.5",v2,False,1.0468644783193533,0.09090909090909091,0.07875196834074677,-0.012157122568344142,-0.13372834825178548,0.013413352985123209,1170.0,1760.0,pass,2026-10-02T21:36:31+00:00,sgo_slate_alt_20261002T213627Z.json
BOS@WPG,Cole Perfetti,WPG,f1,PP1,SOG,under,1.5,draftkings,130,False,2.3304469153221623,2.0645202280148043,0.33898768753727515,0.4012159235506656,16.53972973493684,1622.8166666666666,,"draftkings@1.5,fanduel@1.5,pinnacle@1.5,sgo_fair@2.0",v2,False,1.1182260686839482,0.43478260869565216,0.3763246291453094,-0.058457979550342765,-0.13445335296578842,-0.06222823601339045,166.0,185.0,pass,2026-10-02T21:36:31+00:00,sgo_slate_alt_20261002T213627Z.json
ANA@VGK,Mitch Marner,VGK,f2,PP1,A,over,1.5,draftkings,425,True,0.759844480574536,0.7030583747674705,0.17685181409758888,0.1568687979881794,20.54836472665646,2414.8641666666667,,"draftkings@0.5,sgo_fair@0.5",v2,False,1.1032038554164156,0.19047619047619047,0.1648620044319432,-0.025614186044247256,-0.13447447673229818,0.019983016109409474,507.0,615.0,pass,2026-10-02T21:36:31+00:00,sgo_slate_alt_20261002T213627Z.json
WSH@CAR,Alex Tuch,WSH,f1,PP2,SOG,over,2.5,draftkings,125,False,2.080022343595709,2.3467326470045298,0.343851778707741,0.41164117666758565,19.394777971531802,2210.999166666667,,"fanduel@2.5,sgo_fair@2.5",v2,False,1.1182260686839482,0.4444444444444444,0.38452541748364777,-0.05991902696079665,-0.13481781066179255,-0.06778939795984468,160.0,178.0,pass,2026-10-02T21:36:31+00:00,sgo_slate_alt_20261002T213627Z.json
NYR@DET,Mason Appleton,DET,f3,-,PTS,over,0.5,draftkings,265,False,0.23153981656967815,0.29716501141297313,0.20668889205273172,0.25707858826491176,13.587310050246604,1352.9241666666667,,"draftkings@0.5,sgo_fair@0.5",v2,False,1.0468644783193533,0.273972602739726,0.23692270978003976,-0.03704989295968625,-0.1352321093028549,-0.050389696212180035,322.0,372.0,pass,2026-10-02T21:36:31+00:00,sgo_slate_alt_20261002T213627Z.json
ANA@VGK,Mikael Granlund,ANA,f2,PP1,PTS,over,1.5,draftkings,425,True,0.7525659194548403,0.7069679840281606,0.17426796069252926,0.15823070278301402,18.703895528300663,1838.5333333333333,,"draftkings@0.5,pinnacle@0.5,sgo_fair@0.5",v2,False,1.0468644783193533,0.19047619047619047,0.16464560594682012,-0.025830584529370343,-0.1356105687791943,0.01603725790951524,507.0,616.0,pass,2026-10-02T21:36:31+00:00,sgo_slate_alt_20261002T213627Z.json
STL@DAL,Tyler Seguin,DAL,f2,PP2,PTS,over,1.5,draftkings,500,True,0.7173023862763187,0.6308243522648835,0.161841207604093,0.13215202849919727,14.963038356186521,595.2091666666668,,"draftkings@0.5,pinnacle@0.5,sgo_fair@0.5",v2,False,1.0468644783193533,0.16666666666666666,0.14402770014115557,-0.02263896652551109,-0.1358337991530666,0.02968917910489574,594.0,740.0,pass,2026-10-02T21:36:31+00:00,sgo_slate_alt_20261002T213627Z.json
NYR@DET,Albert Johansson,DET,d1,-,A,over,0.5,draftkings,600,False,0.11072971071050046,0.14600567446686274,0.10481932601897301,0.13584720043569534,16.65774239725896,1756.1741666666667,,"draftkings@0.5,sgo_fair@0.5",v2,False,1.1032038554164156,0.14285714285714285,0.12343605066900641,-0.019421092188136438,-0.13594764531695513,-0.031027874416722334,710.0,916.0,pass,2026-10-02T21:36:31+00:00,sgo_slate_alt_20261002T213627Z.json
BOS@WPG,Josh Morrissey,WPG,d1,PP1,SOG,over,2.5,fanduel,116,False,2.267287406495546,2.3223860529590477,0.39170232216045325,0.40555817741935696,23.689330519334643,2781.5350000000003,,"draftkings@2.5,pinnacle@2.5,sgo_fair@2.5",v2,False,1.1182260686839482,0.46296296296296297,0.40001583531579543,-0.06294712764716753,-0.1359657957178818,-0.013855855258903704,150.0,167.0,pass,2026-10-02T21:36:31+00:00,sgo_slate_alt_20261002T213627Z.json
NYR@DET,Lucas Raymond,DET,f1,PP1,SOG,over,4.5,fanduel,630,True,2.556125798842208,2.450707374197824,0.1269643708243019,0.11257089997353216,18.249403362076805,2197.0216666666665,,"draftkings@2.5,fanduel@2.5,pinnacle@2.5,sgo_fair@2.5",v2,False,1.1182260686839482,0.136986301369863,0.11832828831384007,-0.018658013056022937,-0.13620349530896747,0.014393470850769738,745.0,971.0,pass,2026-10-02T21:36:31+00:00,sgo_slate_alt_20261002T213627Z.json
ANA@VGK,Travis Mitchell,ANA,d2,-,A,over,0.5,draftkings,450,False,0.15290170594293415,0.182990676925985,0.1417859249911195,0.1672240802675637,15.768518518518519,103.83333333333333,,sgo_fair@0.5,v1,False,1.1032038554164156,0.18181818181818182,0.15704881815698601,-0.02476936366119581,-0.13623150013657692,-0.02543815527644419,537.0,657.0,pass,2026-10-02T21:36:31+00:00,sgo_slate_alt_20261002T213627Z.json
WSH@CAR,Andrei Svechnikov,CAR,f1,PP1,PTS,over,2.5,draftkings,1300,True,1.0130712935724613,0.8017377472680647,0.08272137232339687,0.047672784067204814,17.174841336373092,1912.6491666666668,,"draftkings@0.5,pinnacle@0.5,sgo_fair@0.5",v2,False,1.0468644783193533,0.07142857142857142,0.06169221936968163,-0.009736352058889793,-0.1363089288244571,0.03504858825619205,1521.0,2625.0,pass,2026-10-02T21:36:31+00:00,sgo_slate_alt_20261002T213627Z.json
STL@DAL,Mikko Rantanen,DAL,f1,PP1,PTS,under,0.5,draftkings,165,False,1.1712187353624974,1.089095080144061,0.3099889165016789,0.336520880389788,20.640933758585803,2075.3450000000003,,"draftkings@0.5,pinnacle@0.5,sgo_fair@1.5",v2,False,1.0468644783193533,0.37735849056603776,0.32590809483454436,-0.051450395731493404,-0.13634354868845744,-0.026531963888109078,207.0,232.0,pass,2026-10-02T21:36:31+00:00,sgo_slate_alt_20261002T213627Z.json
ANA@VGK,Tomas Hertl,VGK,f3,PP1,PTS,over,1.5,draftkings,400,True,0.7768563380820841,0.7289418952919325,0.1829137637577735,0.1659252856774922,14.758236776055922,1974.8158333333336,,"draftkings@0.5,pinnacle@0.5,sgo_fair@0.5",v2,False,1.0468644783193533,0.2,0.17272067690960471,-0.027279323090395297,-0.13639661545197646,0.016988478080281283,479.0,577.0,pass,2026-10-02T21:36:31+00:00,sgo_slate_alt_20261002T213627Z.json
NYR@DET,Justin Faulk,DET,d3,PP2,PTS,over,1.5,draftkings,1000,True,0.5105114457175585,0.425660074046736,0.09340834611209073,0.06856154103263169,19.45308564413804,2504.826666666667,,"draftkings@0.5,sgo_fair@0.5",v2,False,1.0468644783193533,0.09090909090909091,0.07850026306441531,-0.012408827844675605,-0.13649710629143164,0.024846805079459036,1174.0,1769.0,pass,2026-10-02T21:36:31+00:00,sgo_slate_alt_20261002T213627Z.json
NYR@DET,Pavel Dorofeyev,NYR,f2,PP1,SOG,over,3.5,draftkings,165,True,2.8810891147159556,2.8682035624444366,0.32743195633251926,0.3247163364286431,16.450106012385557,2082.9491666666668,,"draftkings@2.5,fanduel@2.5,pinnacle@2.5,sgo_fair@3.5",v2,False,1.1182260686839482,0.37735849056603776,0.3258025843901936,-0.05155590617584416,-0.13662315136598702,0.002715619903876143,207.0,232.0,pass,2026-10-02T21:36:31+00:00,sgo_slate_alt_20261002T213627Z.json
WSH@CAR,Logan Stankoven,CAR,f2,PP2,SOG,under,1.5,draftkings,135,False,2.3266691106987305,2.127935341221666,0.33981022956404305,0.3855667214101246,17.072616370327324,1801.0691666666667,,"draftkings@1.5,pinnacle@1.5,sgo_fair@2.5",v2,False,1.1182260686839482,0.425531914893617,0.367264124671692,-0.05826779022192502,-0.13692930702152373,-0.04575649184608155,172.0,192.0,pass,2026-10-02T21:36:31+00:00,sgo_slate_alt_20261002T213627Z.json
ANA@VGK,Mark Stone,VGK,f1,PP1,PTS,over,2.5,fanduel,800,True,1.1491295529461085,1.034243540118953,0.10967268995521597,0.08670674878566546,19.299075818445587,1741.9358333333332,,"draftkings@0.5,pinnacle@0.5,sgo_fair@1.5",v2,False,1.0468644783193533,0.1111111111111111,0.09589312525348567,-0.015217985857625432,-0.13696187271862892,0.022965941169550502,943.0,1311.0,pass,2026-10-02T21:36:31+00:00,sgo_slate_alt_20261002T213627Z.json
BOS@WPG,Hampus Lindholm,BOS,d1,PP1,PTS,over,0.5,draftkings,115,False,0.45869552759109733,0.5507979533264914,0.3678923250503333,0.42351038500828597,21.812503355085678,1626.9141666666667,,"draftkings@0.5,pinnacle@0.5,sgo_fair@0.5",v2,False,1.0468644783193533,0.46511627906976744,0.40126316102510495,-0.06385311804466248,-0.13728420379602435,-0.05561805995795266,149.0,166.0,pass,2026-10-02T21:36:31+00:00,sgo_slate_alt_20261002T213627Z.json
BOS@WPG,JJ Peterka,BOS,f1,PP1,SOG,over,3.5,fanduel,375,True,2.121374943782613,2.1990445636939557,0.17273468268182668,0.18754589336597866,15.938440465588924,1957.9416666666666,,"draftkings@2.5,fanduel@2.5,pinnacle@1.5,sgo_fair@2.5",v2,False,1.1182260686839482,0.21052631578947367,0.18162140909231786,-0.028904906697155813,-0.13729830681149013,-0.014811210684151976,451.0,538.0,pass,2026-10-02T21:36:31+00:00,sgo_slate_alt_20261002T213627Z.json
NYR@DET,Emmitt Finnie,DET,f2,PP2,G,over,1.5,fanduel,3300,False,0.23990314127657592,0.24694760911456554,0.024563169057117893,0.025907447584464026,16.128041073700665,1271.0,,sgo_fair@0.5,v2,False,1.0982596332481283,0.029411764705882353,0.025369736173525573,-0.00404202853235678,-0.13742897010013055,-0.0013442785273461329,3842.0,270363.0,pass,2026-10-02T21:36:31+00:00,sgo_slate_alt_20261002T213627Z.json
BOS@WPG,Morgan Geekie,BOS,f2,PP1,PTS,over,1.5,fanduel,470,True,0.7096996290284352,0.671837496412232,0.1591835790683174,0.1460769354614292,17.069132083690253,2012.4566666666665,,"draftkings@0.5,pinnacle@0.5,sgo_fair@0.5",v2,False,1.0468644783193533,0.17543859649122806,0.15131959290418445,-0.024119003587043608,-0.1374783204461486,0.013106643606888208,561.0,692.0,pass,2026-10-02T21:36:31+00:00,sgo_slate_alt_20261002T213627Z.json
WSH@CAR,Alex Tuch,WSH,f1,PP2,SOG,over,3.5,fanduel,340,True,2.080022343595709,2.3467326470045298,0.1650022887651059,0.2166056332468354,19.394777971531802,2210.999166666667,,"fanduel@2.5,sgo_fair@2.5",v2,False,1.1182260686839482,0.22727272727272727,0.19596429545414357,-0.0313084318185837,-0.13775710000176822,-0.05160334448172951,410.0,485.0,pass,2026-10-02T21:36:31+00:00,sgo_slate_alt_20261002T213627Z.json
STL@DAL,Mason McTavish,STL,f2,PP1,PTS,over,1.5,draftkings,700,True,0.5243736009829099,0.5773153650349268,0.09768358591108475,0.11448961962960615,13.933970658700481,1726.1308333333334,,sgo_fair@0.5,v2,False,1.0468644783193533,0.125,0.10776720614219759,-0.01723279385780241,-0.13786235086241927,-0.016806033718521393,828.0,1108.0,pass,2026-10-02T21:36:31+00:00,sgo_slate_alt_20261002T213627Z.json
STL@DAL,Jamie Benn,DAL,f3,PP2,PTS,over,1.5,draftkings,800,True,0.5601413825637424,0.4893601698826624,0.10895908794845534,0.08699466801859072,13.688465447375988,1348.1950000000002,,"draftkings@0.5,sgo_fair@0.5",v2,False,1.0468644783193533,0.1111111111111111,0.09578043599053657,-0.015330675120574538,-0.13797607608517093,0.021964419929864615,944.0,1313.0,pass,2026-10-02T21:36:31+00:00,sgo_slate_alt_20261002T213627Z.json
STL@DAL,Tyler Seguin,DAL,f2,PP2,SOG,under,1.5,draftkings,-105,False,1.9165343465270064,1.9059648071166382,0.43975320229526726,0.442614423314307,14.963038356186521,595.2091666666668,,"draftkings@1.5,fanduel@1.5,pinnacle@1.5,sgo_fair@2.0",v2,False,1.1182260686839482,0.5121951219512195,0.4414699349066911,-0.0707251870445284,-0.13808250803931732,-0.002861221019039739,127.0,140.0,pass,2026-10-02T21:36:31+00:00,sgo_slate_alt_20261002T213627Z.json
BOS@WPG,Vladislav Namestnikov,WPG,f4,PP2,G,over,1.5,fanduel,6500,False,0.165913252247487,0.1743533871447801,0.012331896020080496,0.013543154798387034,12.035009628550966,1356.2949999999998,,sgo_fair@0.5,v2,False,1.0982596332481283,0.015151515151515152,0.013058651287064418,-0.0020928638644507336,-0.13812901505374842,-0.001211258778306537,7558.0,,pass,2026-10-02T21:36:31+00:00,sgo_slate_alt_20261002T213627Z.json
WSH@CAR,Jordan Martinook,CAR,f3,-,A,over,0.5,draftkings,230,False,0.2578978675610684,0.33366822576858796,0.22732585682808887,0.28370861016568233,14.979630616944284,1699.995,,"draftkings@0.5,sgo_fair@0.5",v2,False,1.1032038554164156,0.30303030303030304,0.2611555088306449,-0.041874794199658116,-0.1381868208588718,-0.05638275333759346,283.0,323.0,pass,2026-10-02T21:36:31+00:00,sgo_slate_alt_20261002T213627Z.json
ANA@VGK,Mark Stone,VGK,f1,PP1,SOG,under,1.5,draftkings,145,False,2.4961662105507703,2.138155851079195,0.304579519869552,0.38309264353784145,19.299075818445587,1741.9358333333332,,"draftkings@1.5,fanduel@1.5,pinnacle@1.5,sgo_fair@2.5",v2,False,1.1182260686839482,0.40816326530612246,0.3516873940705256,-0.05647587123559683,-0.1383658845272121,-0.07851312366828944,184.0,206.0,pass,2026-10-02T21:36:31+00:00,sgo_slate_alt_20261002T213627Z.json
NYR@DET,Adam Fox,NYR,d1,PP1,SOG,under,1.5,draftkings,-120,False,1.7046004708726388,1.879623832479008,0.49988796470224695,0.4498082611283347,22.258802105644207,2111.2541666666666,,"draftkings@1.5,fanduel@1.5,pinnacle@1.5,sgo_fair@2.0",v2,False,1.1182260686839482,0.5454545454545454,0.4698401425578996,-0.07561440289664584,-0.1386264053105174,0.050079703573912226,113.0,125.0,pass,2026-10-02T21:36:31+00:00,sgo_slate_alt_20261002T213627Z.json
STL@DAL,Miro Heiskanen,DAL,d1,PP1,SOG,over,2.5,fanduel,138,False,1.8688868290955494,2.3397194152326795,0.28912893694606334,0.40989151539088575,25.972927915823785,2527.524166666667,,"draftkings@2.5,fanduel@2.5,pinnacle@2.5,sgo_fair@2.5",v2,False,1.1182260686839482,0.42016806722689076,0.3615864840129568,-0.058581583213933974,-0.1394241680491629,-0.12076257844482241,177.0,197.0,data-check,2026-10-02T21:36:31+00:00,sgo_slate_alt_20261002T213627Z.json
WSH@CAR,Shayne Gostisbehere,CAR,d3,PP1,G,over,1.5,draftkings,6500,False,0.17445536113850402,0.16846452213252952,0.013558093193501436,0.012692768120576924,16.932991501259885,1660.3433333333335,,sgo_fair@0.5,v2,False,1.0982596332481283,0.015151515151515152,0.013038898149746729,-0.002112617001768423,-0.13943272211671587,0.000865325072924512,7569.0,,pass,2026-10-02T21:36:31+00:00,sgo_slate_alt_20261002T213627Z.json
WSH@CAR,Shayne Gostisbehere,CAR,d3,PP1,G,over,1.5,fanduel,6500,False,0.17445536113850402,0.16846452213252952,0.013558093193501436,0.012692768120576924,16.932991501259885,1660.3433333333335,,sgo_fair@0.5,v2,False,1.0982596332481283,0.015151515151515152,0.013038898149746729,-0.002112617001768423,-0.13943272211671587,0.000865325072924512,7569.0,,pass,2026-10-02T21:36:31+00:00,sgo_slate_alt_20261002T213627Z.json
WSH@CAR,Nikolaj Ehlers,CAR,f3,PP1,PTS,over,2.5,draftkings,1300,True,1.002834473293441,0.8076300594929091,0.08082350750619066,0.048525954999356156,16.96250861269781,1870.6825,,"draftkings@0.5,pinnacle@0.5,sgo_fair@0.5",v2,False,1.0468644783193533,0.07142857142857142,0.061444976002089965,-0.00998359542648146,-0.1397703359707405,0.032297552506834505,1527.0,2644.0,pass,2026-10-02T21:36:31+00:00,sgo_slate_alt_20261002T213627Z.json
NYR@DET,Alex DeBrincat,DET,f1,PP1,PTS,over,1.5,fanduel,220,True,0.9568129527278108,1.04950519773663,0.2483585376048444,0.2824458046971564,18.58434807318392,2176.461666666667,,"draftkings@0.5,pinnacle@0.5,sgo_fair@1.5",v2,False,1.0468644783193533,0.3125,0.2688108978602316,-0.0436891021397684,-0.13980512684725888,-0.034087267092312024,272.0,310.0,pass,2026-10-02T21:36:31+00:00,sgo_slate_alt_20261002T213627Z.json
NYR@DET,Lucas Raymond,DET,f1,PP1,SOG,over,5.5,draftkings,1600,True,2.556125798842208,2.450707374197824,0.05535802667242095,0.04742259410393638,18.249403362076805,2197.0216666666665,,"draftkings@2.5,fanduel@2.5,pinnacle@2.5,sgo_fair@2.5",v2,False,1.1182260686839482,0.058823529411764705,0.05059676713133021,-0.008226762280434494,-0.1398549587673864,0.007935432568484571,1876.0,3807.0,pass,2026-10-02T21:36:31+00:00,sgo_slate_alt_20261002T213627Z.json
NYR@DET,Viktor Arvidsson,DET,f2,PP1,A,over,1.5,draftkings,1200,True,0.43613197853077895,0.40380535668979795,0.07149415682313376,0.06257516048289048,13.767299701510195,1459.4783333333332,,sgo_fair@0.5,v2,False,1.1032038554164156,0.07692307692307693,0.06614275901898779,-0.010780317904089134,-0.14014413275315873,0.008918996340243276,1412.0,2331.0,pass,2026-10-02T21:36:31+00:00,sgo_slate_alt_20261002T213627Z.json
STL@DAL,Dylan Holloway,STL,f1,PP1,A,over,1.5,fanduel,870,True,0.544557654572178,0.46001467302228616,0.10400468331651691,0.07833013850252403,18.08848697930289,1659.9508333333333,,"draftkings@0.5,pinnacle@0.5,sgo_fair@0.5",v2,False,1.1032038554164156,0.10309278350515463,0.08859995642812118,-0.014492827077033449,-0.1405804226472246,0.02567454481399288,1029.0,1472.0,pass,2026-10-02T21:36:31+00:00,sgo_slate_alt_20261002T213627Z.json
NYR@DET,Moritz Seider,DET,d1,PP1,A,over,1.5,fanduel,600,True,0.6692367443672119,0.556111779803181,0.14518504614910296,0.10767201581197816,24.012255414088816,3029.8125,,"draftkings@0.5,pinnacle@0.5,sgo_fair@0.5",v2,False,1.1032038554164156,0.14285714285714285,0.12267722794682809,-0.02017991491031476,-0.1412594043722034,0.0375130303371248,715.0,924.0,pass,2026-10-02T21:36:31+00:00,sgo_slate_alt_20261002T213627Z.json
NYR@DET,Mason Appleton,DET,f3,-,A,over,0.5,draftkings,450,False,0.13250635361376362,0.19537848696353943,0.12410263102505517,0.1774767152061269,13.587310050246604,1352.9241666666667,,"draftkings@0.5,sgo_fair@0.5",v2,False,1.1032038554164156,0.18181818181818182,0.1561270815336982,-0.025691100284483626,-0.14130105156465989,-0.05337408418107173,541.0,663.0,pass,2026-10-02T21:36:31+00:00,sgo_slate_alt_20261002T213627Z.json
NYR@DET,Lucas Raymond,DET,f1,PP1,G,over,1.5,fanduel,1800,True,0.3392419755948102,0.33331788732627776,0.04604445919491594,0.04462123010937197,18.249403362076805,2197.0216666666665,,"fanduel@0.5,pinnacle@0.5,sgo_fair@0.5",v2,False,1.0982596332481283,0.05263157894736842,0.04519052174358956,-0.007441057203778856,-0.14138008687179826,0.0014232290855439728,2113.0,4853.0,pass,2026-10-02T21:36:31+00:00,sgo_slate_alt_20261002T213627Z.json
WSH@CAR,Tom Wilson,WSH,f1,PP1,PTS,over,1.5,draftkings,550,True,0.6425729870926619,0.6224302743947189,0.1361093495070841,0.12934117160271583,18.257601622938086,2083.9066666666668,,"draftkings@0.5,pinnacle@0.5,sgo_fair@0.5",v2,False,1.0468644783193533,0.15384615384615385,0.13204844276446315,-0.021797711081690707,-0.1416851220309896,0.006768177904368261,657.0,834.0,pass,2026-10-02T21:36:31+00:00,sgo_slate_alt_20261002T213627Z.json
NYR@DET,Albert Johansson,DET,d1,-,PTS,over,0.5,draftkings,425,False,0.14399534459321822,0.20219431117317543,0.1341082208717173,0.1830638273073486,16.65774239725896,1756.1741666666667,,"draftkings@0.5,sgo_fair@0.5",v2,False,1.0468644783193533,0.19047619047619047,0.1634815847330961,-0.02699460574309437,-0.14172168015124553,-0.048955606435631294,512.0,622.0,pass,2026-10-02T21:36:31+00:00,sgo_slate_alt_20261002T213627Z.json
WSH@CAR,Alex Ovechkin,WSH,f2,PP1,SOG,under,2.5,fanduel,-120,False,2.782643175743672,2.9073241681550663,0.48464138362118137,0.45710842707976274,16.67895270691558,1949.2041666666667,,"draftkings@2.5,fanduel@2.5,pinnacle@2.5,sgo_fair@3.0",v2,False,1.1182260686839482,0.5454545454545454,0.4681216096963302,-0.0773329357582152,-0.14177704889006126,0.02753295654141863,114.0,126.0,pass,2026-10-02T21:36:31+00:00,sgo_slate_alt_20261002T213627Z.json
ANA@VGK,Brett Howden,VGK,f2,-,SOG,over,3.5,draftkings,600,True,1.4790681907249035,2.0429238459214494,0.068994778866299,0.15816328821699643,16.17015068658508,1416.1483333333333,,"draftkings@1.5,sgo_fair@2.0",v2,False,1.1182260686839482,0.14285714285714285,0.12249588447671746,-0.020361258380425393,-0.1425288086629778,-0.08916850935069744,716.0,926.0,pass,2026-10-02T21:36:31+00:00,sgo_slate_alt_20261002T213627Z.json
BOS@WPG,Hampus Lindholm,BOS,d1,PP1,A,over,0.5,draftkings,140,False,0.3856936319151852,0.4812901353600599,0.32002118242024674,0.38201440778245827,21.812503355085678,1626.9141666666667,,"draftkings@0.5,pinnacle@0.5,sgo_fair@0.5",v2,False,1.1032038554164156,0.4166666666666667,0.35721711763757363,-0.05944954902909305,-0.14267891766982332,-0.061993225362211524,180.0,201.0,pass,2026-10-02T21:36:31+00:00,sgo_slate_alt_20261002T213627Z.json
BOS@WPG,Mark Scheifele,WPG,f1,PP1,PTS,over,2.5,draftkings,750,True,1.2270466303864844,1.0181523897702545,0.12643043196085124,0.08367046330773986,19.993486037779117,2517.563333333333,,"draftkings@0.5,pinnacle@0.5,sgo_fair@1.5",v2,False,1.0468644783193533,0.11764705882352941,0.10077445076898442,-0.01687260805454499,-0.1434171684636324,0.04275996865311138,892.0,1220.0,pass,2026-10-02T21:36:31+00:00,sgo_slate_alt_20261002T213627Z.json
STL@DAL,Dalibor Dvorsky,STL,f3,PP2,A,over,0.5,draftkings,295,False,0.20405179907034368,0.27199280561397204,0.18457986791145262,0.2381402578167946,13.885102759466475,1026.5341666666668,,"draftkings@0.5,sgo_fair@0.5",v2,False,1.1032038554164156,0.25316455696202533,0.2167161018546578,-0.03644845510736752,-0.1439713976741016,-0.05356038990534198,361.0,422.0,pass,2026-10-02T21:36:31+00:00,sgo_slate_alt_20261002T213627Z.json
NYR@DET,J.T. Miller,NYR,f2,PP1,G,over,1.5,fanduel,2500,True,0.28232597983195024,0.2809249244195162,0.03309050279392425,0.03279277552228318,17.08771264101801,1991.3375,,"fanduel@0.5,sgo_fair@0.5",v2,False,1.0982596332481283,0.038461538461538464,0.0329118664309396,-0.005549672030598862,-0.14429147279557042,0.0002977272716410684,2938.0,12539.0,pass,2026-10-02T21:36:31+00:00,sgo_slate_alt_20261002T213627Z.json
STL@DAL,Roope Hintz,DAL,f2,PP1,SOG,over,4.5,draftkings,750,True,2.437534293461486,2.3042341173452443,0.11082608534141263,0.09387909621222686,16.249302644351516,1496.78,,"draftkings@2.5,fanduel@2.5,pinnacle@2.5,sgo_fair@2.5",v2,False,1.1182260686839482,0.11764705882352941,0.10065789186390117,-0.016989166959628238,-0.14440791915684004,0.01694698912918577,893.0,1222.0,pass,2026-10-02T21:36:31+00:00,sgo_slate_alt_20261002T213627Z.json
BOS@WPG,Fraser Minten,BOS,f3,PP2,SOG,over,3.5,draftkings,950,True,1.631489248220139,1.5310106103205812,0.08994877669792661,0.07583769768158448,15.046893153269307,1413.0508333333335,,"draftkings@1.5,fanduel@1.5,pinnacle@1.5,sgo_fair@1.5",v2,False,1.1182260686839482,0.09523809523809523,0.08148212928812133,-0.0137559659499739,-0.144437642474726,0.014111079016342135,1127.0,1670.0,pass,2026-10-02T21:36:31+00:00,sgo_slate_alt_20261002T213627Z.json
ANA@VGK,Beckett Sennecke,ANA,f2,PP1,SOG,over,3.5,draftkings,310,True,2.260162779118766,2.3373816371937446,0.19944081969046343,0.21473522149397106,17.087583540737576,1430.5,,"draftkings@2.5,fanduel@2.5,sgo_fair@2.5",v2,False,1.1182260686839482,0.24390243902439024,0.20861746077256801,-0.035284978251822224,-0.14466841083247117,-0.015294401803507635,379.0,445.0,pass,2026-10-02T21:36:31+00:00,sgo_slate_alt_20261002T213627Z.json
BOS@WPG,Kyle Connor,WPG,f1,PP1,PTS,over,1.5,fanduel,215,True,1.0350886205960523,1.0093650664618568,0.27714689695554967,0.26768628294865654,19.93354117554885,2516.0816666666665,,"draftkings@0.5,pinnacle@0.5,sgo_fair@1.5",v2,False,1.0468644783193533,0.31746031746031744,0.2714705285514138,-0.04598978890890365,-0.14486783506304657,0.009460614006893131,268.0,306.0,pass,2026-10-02T21:36:31+00:00,sgo_slate_alt_20261002T213627Z.json
WSH@CAR,Sebastian Aho,CAR,f1,PP1,SOG,over,4.5,draftkings,550,True,2.657196105643229,2.5417427564759048,0.14144607841754908,0.12495654439569683,19.607974986022285,2284.8791666666666,,"draftkings@2.5,fanduel@2.5,pinnacle@2.5,sgo_fair@2.5",v2,False,1.1182260686839482,0.15384615384615385,0.1315523580044377,-0.022293795841716146,-0.14490967297115487,0.016489534021852256,660.0,839.0,pass,2026-10-02T21:36:31+00:00,sgo_slate_alt_20261002T213627Z.json
NYR@DET,Vladislav Gavrikov,NYR,d1,-,PTS,over,0.5,draftkings,185,False,0.3029193553962125,0.39387134617387765,0.26134133719620944,0.3255591799489309,22.567457519226874,2840.661666666667,,"draftkings@0.5,sgo_fair@0.5",v2,False,1.0468644783193533,0.3508771929824561,0.2998720428478423,-0.05100515013461382,-0.14536467788364937,-0.06421784275272147,233.0,264.0,pass,2026-10-02T21:36:31+00:00,sgo_slate_alt_20261002T213627Z.json
ANA@VGK,Mitch Marner,VGK,f2,PP1,SOG,under,2.5,fanduel,-188,False,2.583127338622359,2.396786259523875,0.5307785853240685,0.5759349836948295,20.54836472665646,2414.8641666666667,,"draftkings@2.5,fanduel@2.5,sgo_fair@2.5",v2,False,1.1182260686839482,0.6527777777777778,0.5578724243465252,-0.09490535343125261,-0.1453869244053232,-0.04515639837076102,-126.0,-114.0,pass,2026-10-02T21:36:31+00:00,sgo_slate_alt_20261002T213627Z.json
WSH@CAR,Alex Ovechkin,WSH,f2,PP1,SOG,over,3.5,draftkings,165,True,2.782643175743672,2.9073241681550663,0.306692363456606,0.33296046345331615,16.67895270691558,1949.2041666666667,,"draftkings@2.5,fanduel@2.5,pinnacle@2.5,sgo_fair@3.0",v2,False,1.1182260686839482,0.37735849056603776,0.3224532234546321,-0.05490526711140564,-0.14549895784522493,-0.026268099996710148,210.0,236.0,pass,2026-10-02T21:36:31+00:00,sgo_slate_alt_20261002T213627Z.json
STL@DAL,Justin Hryckowian,DAL,f1,PP2,G,over,1.5,fanduel,3500,False,0.23061100968677525,0.23865603140898256,0.022835440645604794,0.02432826400693725,16.275927825541153,1094.9966666666667,,sgo_fair@0.5,v2,False,1.0982596332481283,0.027777777777777776,0.023731134662404268,-0.004046643115373508,-0.1456791521534464,-0.0014928233613324578,4114.0,,pass,2026-10-02T21:36:31+00:00,sgo_slate_alt_20261002T213627Z.json
WSH@CAR,Logan Stankoven,CAR,f2,PP2,PTS,over,1.5,draftkings,475,True,0.7154403166892973,0.6541672991265548,0.16118955238314953,0.14004013500831722,17.072616370327324,1801.0691666666667,,"draftkings@0.5,pinnacle@0.5,sgo_fair@0.5",v2,False,1.0468644783193533,0.17391304347826086,0.14849990195825014,-0.02541314152001073,-0.1461255637400617,0.021149417374832308,573.0,710.0,pass,2026-10-02T21:36:31+00:00,sgo_slate_alt_20261002T213627Z.json
BOS@WPG,Kyle Connor,WPG,f1,PP1,A,over,1.5,draftkings,600,True,0.6167284089952926,0.5891455311223271,0.1274399502208997,0.11834024362823112,19.93354117554885,2516.0816666666665,,"draftkings@0.5,pinnacle@0.5,sgo_fair@0.5",v2,False,1.1032038554164156,0.14285714285714285,0.12198012626529856,-0.020877016591844294,-0.14613911614291009,0.009099706592668594,720.0,931.0,pass,2026-10-02T21:36:31+00:00,sgo_slate_alt_20261002T213627Z.json
ANA@VGK,Rasmus Andersson,VGK,d2,PP2,A,over,0.5,fanduel,158,False,0.41053418733618463,0.39576695046649746,0.3367041687514905,0.326836441888463,21.694549594463403,2772.36,,"draftkings@0.5,pinnacle@0.5,sgo_fair@0.5",v2,False,1.1032038554164156,0.3875968992248062,0.330783532633674,-0.05681336659113223,-0.14657848580512112,0.009867726863027504,202.0,227.0,pass,2026-10-02T21:36:31+00:00,sgo_slate_alt_20261002T213627Z.json
ANA@VGK,Leo Carlsson,ANA,f1,PP1,G,over,1.5,fanduel,1700,True,0.34007207651731897,0.34803763015001526,0.04624521137309697,0.048187961760062334,17.96890196451367,1895.936666666667,,"fanduel@0.5,pinnacle@0.5,sgo_fair@0.5",v2,False,1.0982596332481283,0.05555555555555555,0.04741086160527619,-0.008144693950279364,-0.1466044911050286,-0.0019427503869653626,2009.0,4362.0,pass,2026-10-02T21:36:31+00:00,sgo_slate_alt_20261002T213627Z.json
STL@DAL,Roope Hintz,DAL,f2,PP1,G,over,1.5,fanduel,1500,True,0.37805896426309227,0.3621866128148956,0.05576764357747337,0.0517104592802197,16.249302644351516,1496.78,,"fanduel@0.5,pinnacle@0.5,sgo_fair@0.5",v2,False,1.0982596332481283,0.0625,0.05333333299912117,-0.009166667000878828,-0.14666667201406125,0.0040571842972536715,1775.0,3429.0,pass,2026-10-02T21:36:31+00:00,sgo_slate_alt_20261002T213627Z.json
NYR@DET,Moritz Seider,DET,d1,PP1,SOG,over,4.5,draftkings,750,True,2.3370677729229246,2.3691295967170483,0.097930931127522,0.1019657329281256,24.012255414088816,3029.8125,,"draftkings@2.5,fanduel@2.5,pinnacle@2.5,sgo_fair@2.5",v2,False,1.1182260686839482,0.11764705882352941,0.10035181220788417,-0.017295246615645243,-0.1470095962329846,-0.004034801800603588,896.0,1227.0,pass,2026-10-02T21:36:31+00:00,sgo_slate_alt_20261002T213627Z.json
ANA@VGK,Jackson LaCombe,ANA,d1,PP1,SOG,over,2.5,draftkings,205,True,1.745925016041635,1.8898617382863467,0.25730865038433703,0.2945732359279499,25.36882371969002,2740.9808333333335,,"draftkings@1.5,fanduel@1.5,pinnacle@1.5,sgo_fair@2.5",v2,False,1.1182260686839482,0.32786885245901637,0.27966740171050475,-0.04820145074851162,-0.14701442478296056,-0.03726458554361284,258.0,293.0,pass,2026-10-02T21:36:31+00:00,sgo_slate_alt_20261002T213627Z.json
NYR@DET,Oliver Bjorkstrand,NYR,f2,PP2,A,over,0.5,draftkings,235,False,0.2437399675471464,0.32862591111740497,0.21630860703503021,0.2800877224403242,13.833854577852438,1656.3891666666668,,"draftkings@0.5,sgo_fair@0.5",v2,False,1.1032038554164156,0.29850746268656714,0.2545760762782066,-0.04393138640836053,-0.1471701444680078,-0.06377911540529399,293.0,336.0,pass,2026-10-02T21:36:31+00:00,sgo_slate_alt_20261002T213627Z.json
WSH@CAR,Jackson Blake,CAR,f2,PP1,SOG,over,4.5,fanduel,680,True,2.455398771532545,2.406356071387941,0.1131952408546478,0.10674563193888557,17.175685133360474,1856.5166666666667,,"draftkings@2.5,fanduel@2.5,pinnacle@2.5,sgo_fair@2.5",v2,False,1.1182260686839482,0.1282051282051282,0.10932547550519045,-0.018879652699937743,-0.14726129105951447,0.0064496089157622255,815.0,1086.0,pass,2026-10-02T21:36:31+00:00,sgo_slate_alt_20261002T213627Z.json
STL@DAL,Robert Thomas,STL,f1,PP1,A,over,1.5,draftkings,600,True,0.6154006727555197,0.5890325913851534,0.1269981921227483,0.11830332975623029,18.68804235636643,1845.6466666666668,,"draftkings@0.5,pinnacle@0.5,sgo_fair@0.5",v2,False,1.1032038554164156,0.14285714285714285,0.12178127470283749,-0.021075868154305358,-0.14753107708013757,0.008694862366518008,721.0,933.0,pass,2026-10-02T21:36:31+00:00,sgo_slate_alt_20261002T213627Z.json
NYR@DET,Oliver Bjorkstrand,NYR,f2,PP2,SOG,over,3.5,draftkings,700,True,1.64419310790154,1.8021774046685863,0.09181209462199437,0.1163726976623932,13.833854577852438,1656.3891666666668,,"draftkings@1.5,fanduel@1.5,pinnacle@1.5,sgo_fair@2.0",v2,False,1.1182260686839482,0.125,0.10654845644623367,-0.018451543553766325,-0.1476123484301306,-0.024560603040398837,839.0,1126.0,pass,2026-10-02T21:36:31+00:00,sgo_slate_alt_20261002T213627Z.json
ANA@VGK,Jackson LaCombe,ANA,d1,PP1,G,over,1.5,draftkings,7000,False,0.16434414498947908,0.1629613095094138,0.012112231350335012,0.011920090416814435,25.36882371969002,2740.9808333333335,,sgo_fair@0.5,v2,False,1.0982596332481283,0.014084507042253521,0.011996946790222666,-0.002087560252030855,-0.14821677789419063,0.00019214093352057718,8235.0,,pass,2026-10-02T21:36:31+00:00,sgo_slate_alt_20261002T213627Z.json
BOS@WPG,Mark Scheifele,WPG,f1,PP1,PTS,under,0.5,draftkings,155,False,1.2270466303864844,1.0181523897702545,0.2931571016991279,0.361261794927468,19.993486037779117,2517.563333333333,,"draftkings@0.5,pinnacle@0.5,sgo_fair@1.5",v2,False,1.0468644783193533,0.39215686274509803,0.334019917636132,-0.058136945108966054,-0.1482492100278635,-0.06810469322834012,199.0,224.0,pass,2026-10-02T21:36:31+00:00,sgo_slate_alt_20261002T213627Z.json
STL@DAL,Wyatt Johnston,DAL,f1,PP1,SOG,over,4.5,draftkings,425,True,2.8903229975497946,2.7296758812251145,0.17710320488191372,0.15221287458214428,20.913031427503284,2348.4791666666665,,"draftkings@2.5,fanduel@2.5,pinnacle@2.5,sgo_fair@2.5",v2,False,1.1182260686839482,0.19047619047619047,0.16216900670205206,-0.028307183774138406,-0.14861271481422667,0.024890330299769448,517.0,629.0,pass,2026-10-02T21:36:31+00:00,sgo_slate_alt_20261002T213627Z.json
STL@DAL,Justin Hryckowian,DAL,f1,PP2,A,over,0.5,draftkings,195,False,0.29577650803893274,0.3714202421000749,0.2560463228919396,0.31024598303282913,16.275927825541153,1094.9966666666667,,"draftkings@0.5,sgo_fair@0.5",v2,False,1.1032038554164156,0.3389830508474576,0.28856611897647333,-0.05041693187098428,-0.14872994901940362,-0.054199660140889505,247.0,279.0,pass,2026-10-02T21:36:31+00:00,sgo_slate_alt_20261002T213627Z.json
NYR@DET,Viktor Arvidsson,DET,f2,PP1,SOG,over,5.5,draftkings,950,True,2.4459570745475725,3.066521556270665,0.047081871136165514,0.10366365081525551,13.767299701510195,1459.4783333333332,,"fanduel@2.5,sgo_fair@3.0",v2,False,1.1182260686839482,0.09523809523809523,0.08103093894361951,-0.01420715629447572,-0.14917514109199514,-0.05658177967909,1134.0,1685.0,pass,2026-10-02T21:36:31+00:00,sgo_slate_alt_20261002T213627Z.json
BOS@WPG,Cole Perfetti,WPG,f1,PP1,SOG,under,1.5,fanduel,126,False,2.3304469153221623,2.0645202280148043,0.33898768753727515,0.4012159235506656,16.53972973493684,1622.8166666666666,,"draftkings@1.5,fanduel@1.5,pinnacle@1.5,sgo_fair@2.0",v2,False,1.1182260686839482,0.4424778761061947,0.3763246291453094,-0.06615324696088531,-0.14950633813160086,-0.06222823601339045,166.0,185.0,pass,2026-10-02T21:36:31+00:00,sgo_slate_alt_20261002T213627Z.json
STL@DAL,Jimmy Snuggerud,STL,f1,PP1,SOG,over,4.5,draftkings,650,True,2.5139109943810083,2.417232982071554,0.12111022402629308,0.10816123791995763,17.487775105522008,1217.4199999999998,,"draftkings@2.5,fanduel@2.5,sgo_fair@2.5",v2,False,1.1182260686839482,0.13333333333333333,0.11334083236249182,-0.019992500970841515,-0.14994375728131137,0.01294898610633545,782.0,1032.0,pass,2026-10-02T21:36:31+00:00,sgo_slate_alt_20261002T213627Z.json
ANA@VGK,Cutter Gauthier,ANA,f1,PP1,PTS,under,0.5,draftkings,105,False,0.8057008278845367,0.93357718895311,0.4467747046437306,0.39314483860007965,16.623295864485087,1833.5541666666666,,"draftkings@0.5,pinnacle@0.5,sgo_fair@1.0",v2,False,1.0468644783193533,0.4878048780487805,0.41459678501754005,-0.07320809303124043,-0.150076590714043,0.05362986604365094,141.0,157.0,pass,2026-10-02T21:36:31+00:00,sgo_slate_alt_20261002T213627Z.json
WSH@CAR,Andrei Svechnikov,CAR,f1,PP1,PTS,under,0.5,draftkings,105,False,1.0130712935724613,0.8017377472680647,0.363102072213759,0.4485488219786202,17.174841336373092,1912.6491666666668,,"draftkings@0.5,pinnacle@0.5,sgo_fair@0.5",v2,False,1.0468644783193533,0.4878048780487805,0.4143701220726757,-0.07343475597610477,-0.1505412497510149,-0.08544674976486122,141.0,157.0,pass,2026-10-02T21:36:31+00:00,sgo_slate_alt_20261002T213627Z.json
WSH@CAR,Nikolaj Ehlers,CAR,f3,PP1,PTS,under,0.5,draftkings,105,False,1.002834473293441,0.8076300594929091,0.36683817314059763,0.445913603660408,16.96250861269781,1870.6825,,"draftkings@0.5,pinnacle@0.5,sgo_fair@0.5",v2,False,1.0468644783193533,0.4878048780487805,0.4142834314524838,-0.07352144659629667,-0.15071896552240827,-0.07907543051981036,141.0,157.0,pass,2026-10-02T21:36:31+00:00,sgo_slate_alt_20261002T213627Z.json
STL@DAL,Jimmy Snuggerud,STL,f1,PP1,PTS,over,1.5,fanduel,430,True,0.7410583442949129,0.6931471805599454,0.17019551993319607,0.15342640972002738,17.487775105522008,1217.4199999999998,,"draftkings@0.5,sgo_fair@0.5",v2,False,1.0468644783193533,0.18867924528301888,0.16013405380529486,-0.028545191477724025,-0.1512895148319373,0.01676911021316868,524.0,640.0,pass,2026-10-02T21:36:31+00:00,sgo_slate_alt_20261002T213627Z.json
WSH@CAR,Sebastian Aho,CAR,f1,PP1,PTS,under,0.5,draftkings,135,False,1.028454817885592,1.0119871535496263,0.3575590277516639,0.36349593916750655,19.607974986022285,2284.8791666666666,,"draftkings@0.5,pinnacle@0.5,sgo_fair@1.0",v2,False,1.0468644783193533,0.425531914893617,0.36112117460116955,-0.06441074029244748,-0.15136523968725157,-0.005936911415842627,177.0,198.0,pass,2026-10-02T21:36:31+00:00,sgo_slate_alt_20261002T213627Z.json
WSH@CAR,Eric Robinson,CAR,f1,-,PTS,over,0.5,draftkings,165,False,0.3128921247403615,0.4377787115963257,0.2686711994019822,0.3545313982288651,13.254105782600528,1231.1041666666667,,"draftkings@0.5,sgo_fair@0.5",v2,False,1.0468644783193533,0.37735849056603776,0.3201873186981119,-0.05717117186792586,-0.15150360545000352,-0.0858601988268829,212.0,239.0,pass,2026-10-02T21:36:31+00:00,sgo_slate_alt_20261002T213627Z.json
ANA@VGK,Alex Killorn,ANA,f2,PP2,SOG,over,2.5,draftkings,215,True,1.7831614495427421,1.7984105319380814,0.26691926810127536,0.2708627929607317,18.20901908970822,2007.285,,"draftkings@1.5,sgo_fair@1.5",v2,False,1.1182260686839482,0.31746031746031744,0.26928538301694915,-0.04817493444336829,-0.15175104349661017,-0.0039435248594563155,271.0,309.0,pass,2026-10-02T21:36:31+00:00,sgo_slate_alt_20261002T213627Z.json
BOS@WPG,Marat Khusnutdinov,BOS,f3,-,A,over,0.5,draftkings,260,False,0.2183641916887342,0.3037016662179531,0.1961673608146437,0.2619189718872984,14.553333111609474,1537.7725,,"draftkings@0.5,sgo_fair@0.5",v2,False,1.1032038554164156,0.2777777777777778,0.23561832745823652,-0.04215945031954127,-0.15177402115034855,-0.0657516110726547,324.0,375.0,pass,2026-10-02T21:36:31+00:00,sgo_slate_alt_20261002T213627Z.json
NYR@DET,Adam Fox,NYR,d1,PP1,PTS,over,1.5,draftkings,370,True,0.7787485919391153,0.7640305573062971,0.1835899297029968,0.17834056065055606,22.258802105644207,2111.2541666666666,,"draftkings@0.5,pinnacle@0.5,sgo_fair@0.5",v2,False,1.0468644783193533,0.2127659574468085,0.18044030827153235,-0.03232564917527617,-0.15193055112379794,0.00524936905244075,454.0,543.0,pass,2026-10-02T21:36:31+00:00,sgo_slate_alt_20261002T213627Z.json
ANA@VGK,Cutter Gauthier,ANA,f1,PP1,SOG,over,3.5,fanduel,112,False,2.922382978028437,3.4358790498812657,0.33613312009035023,0.4425362932292783,16.623295864485087,1833.5541666666666,,"draftkings@3.5,fanduel@3.5,pinnacle@3.5,sgo_fair@3.5",v2,False,1.1182260686839482,0.4716981132075472,0.3999750239737071,-0.07172308923384008,-0.15205294917574086,-0.10640317313892805,150.0,167.0,pass,2026-10-02T21:36:31+00:00,sgo_slate_alt_20261002T213627Z.json
BOS@WPG,Kyle Connor,WPG,f1,PP1,SOG,over,6.5,draftkings,1100,True,3.5188833524224985,3.303858333434354,0.08097207114169373,0.06376938560458079,19.93354117554885,2516.0816666666665,,"draftkings@3.5,fanduel@3.5,pinnacle@3.5,sgo_fair@3.5",v2,False,1.1182260686839482,0.08333333333333333,0.07065045981942597,-0.012682873513907358,-0.15219448216688836,0.017202685537112947,1315.0,2091.0,pass,2026-10-02T21:36:31+00:00,sgo_slate_alt_20261002T213627Z.json
BOS@WPG,Isak Rosen,WPG,f2,PP2,PTS,over,0.5,draftkings,160,False,0.31927997288899634,0.44805362751927064,0.2733279276557964,0.36112957792263883,12.432813007320586,460.3691666666667,,"draftkings@0.5,sgo_fair@0.5",v2,False,1.0468644783193533,0.38461538461538464,0.32600891781590186,-0.05860646679948278,-0.1523768136786552,-0.08780165026684245,207.0,232.0,pass,2026-10-02T21:36:31+00:00,sgo_slate_alt_20261002T213627Z.json
STL@DAL,Jason Robertson,DAL,f2,PP1,A,over,1.5,draftkings,425,True,0.7496410604878407,0.6931471805599454,0.17323137705009506,0.15342640972002738,20.375929813628595,2317.33,,"draftkings@0.5,pinnacle@0.5,sgo_fair@0.5",v2,False,1.1032038554164156,0.19047619047619047,0.16134839665205447,-0.029127793824135995,-0.152920917576714,0.019804967330067674,520.0,633.0,pass,2026-10-02T21:36:31+00:00,sgo_slate_alt_20261002T213627Z.json
ANA@VGK,Jack Eichel,VGK,f1,PP1,PTS,over,2.5,draftkings,500,True,1.2960626042636803,1.2897849577784992,0.14198173384371937,0.1405416015024793,20.597276930957293,2298.3541666666665,,"draftkings@1.5,pinnacle@1.5,sgo_fair@1.5",v2,False,1.0468644783193533,0.16666666666666666,0.14111765443897534,-0.02554901222769132,-0.15329407336614798,0.0014401323412400746,609.0,761.0,pass,2026-10-02T21:36:31+00:00,sgo_slate_alt_20261002T213627Z.json
ANA@VGK,Frank Vatrano,ANA,f3,-,A,over,0.5,draftkings,400,False,0.14848035350433061,0.2109879708239477,0.13798305738373284,0.19021619214532282,12.019763871136826,1230.6416666666667,,"draftkings@0.5,sgo_fair@0.5",v2,False,1.1032038554164156,0.2,0.1693229382406868,-0.0306770617593132,-0.15338530879656598,-0.05223313476158997,491.0,593.0,pass,2026-10-02T21:36:31+00:00,sgo_slate_alt_20261002T213627Z.json
STL@DAL,Mason McTavish,STL,f2,PP1,SOG,over,3.5,fanduel,490,True,1.9241016767801815,1.9843384943384519,0.13694053136328296,0.14756415179480634,13.933970658700481,1726.1308333333334,,"fanduel@1.5,sgo_fair@1.5",v2,False,1.1182260686839482,0.1694915254237288,0.143314703622197,-0.026176821801531802,-0.15444324862903758,-0.010623620431523373,598.0,745.0,pass,2026-10-02T21:36:31+00:00,sgo_slate_alt_20261002T213627Z.json
WSH@CAR,Shayne Gostisbehere,CAR,d3,PP1,PTS,under,0.5,draftkings,-130,False,0.8177408642389561,0.6894275061488776,0.4414277741681073,0.5018633004927339,16.932991501259885,1660.3433333333335,,"draftkings@0.5,pinnacle@0.5,sgo_fair@0.5",v2,False,1.0468644783193533,0.5652173913043478,0.47768908996288323,-0.08752830134146455,-0.15485776391182204,-0.060435526324626565,109.0,121.0,pass,2026-10-02T21:36:31+00:00,sgo_slate_alt_20261002T213627Z.json
BOS@WPG,Pavel Zacha,BOS,f2,PP1,SOG,over,3.5,draftkings,600,True,1.7760021865992446,1.8619368753868921,0.11213279587272597,0.12629023222942232,16.867313130617127,2032.8025,,"draftkings@1.5,fanduel@1.5,pinnacle@1.5,sgo_fair@2.0",v2,False,1.1182260686839482,0.14285714285714285,0.12062725768674377,-0.022229885170399075,-0.15560919619279356,-0.014157436356696348,729.0,946.0,pass,2026-10-02T21:36:31+00:00,sgo_slate_alt_20261002T213627Z.json
BOS@WPG,JJ Peterka,BOS,f1,PP1,A,over,0.5,draftkings,180,False,0.3134346847070053,0.39035170888701004,0.26906788150999367,0.3231812105508394,15.938440465588924,1957.9416666666666,,"draftkings@0.5,pinnacle@0.5,sgo_fair@0.5",v2,False,1.1032038554164156,0.35714285714285715,0.3015358789345011,-0.05560697820835603,-0.15569953898339695,-0.05411332904084576,232.0,262.0,pass,2026-10-02T21:36:31+00:00,sgo_slate_alt_20261002T213627Z.json
WSH@CAR,Jordan Kyrou,WSH,f3,PP2,SOG,over,2.5,draftkings,140,False,1.9658783555722847,2.207813978177234,0.3143071491974318,0.37661967288925535,14.636186494925454,1777.7216666666668,,"fanduel@2.5,sgo_fair@2.5",v2,False,1.1182260686839482,0.4166666666666667,0.3516946634125259,-0.06497200325414076,-0.1559328078099378,-0.06231252369182355,184.0,206.0,pass,2026-10-02T21:36:31+00:00,sgo_slate_alt_20261002T213627Z.json
ANA@VGK,Ivan Barbashev,VGK,f1,-,A,over,1.5,draftkings,900,True,0.5112944068305124,0.45959262592354,0.09364833781580494,0.07820760830472129,16.2984941270241,1875.4308333333333,,"draftkings@0.5,pinnacle@0.5,sgo_fair@0.5",v2,False,1.1032038554164156,0.1,0.08438390010915475,-0.015616099890845253,-0.15616099890845248,0.015440729511083648,1085.0,1584.0,pass,2026-10-02T21:36:31+00:00,sgo_slate_alt_20261002T213627Z.json
WSH@CAR,Jakob Chychrun,WSH,d1,PP1,SOG,over,3.5,draftkings,425,True,1.9438461414714083,2.1294097511647485,0.1403908534000136,0.17424989002446412,21.891377326993766,2568.704166666667,,"draftkings@1.5,fanduel@1.5,pinnacle@1.5,sgo_fair@2.0",v2,False,1.1182260686839482,0.19047619047619047,0.1607062753746839,-0.02976991510150656,-0.1562920542829095,-0.03385903662445053,522.0,637.0,pass,2026-10-02T21:36:31+00:00,sgo_slate_alt_20261002T213627Z.json
BOS@WPG,Adam Lowry,WPG,f3,-,G,over,1.5,fanduel,7500,False,0.17293814131243915,0.14539346657066704,0.013336577639491318,0.009598883438895556,15.024993031821769,1554.82,,sgo_fair@0.5,v2,False,1.0982596332481283,0.013157894736842105,0.011093961119133862,-0.0020639336177082426,-0.15685895494582647,0.003737694200595762,8914.0,,pass,2026-10-02T21:36:31+00:00,sgo_slate_alt_20261002T213627Z.json
NYR@DET,Vladislav Gavrikov,NYR,d1,-,SOG,over,1.5,draftkings,110,False,1.33111673441584,1.434337769597629,0.38073959311303857,0.41529741609135684,22.567457519226874,2840.661666666667,,"draftkings@1.5,pinnacle@1.5,sgo_fair@1.5",v2,False,1.1182260686839482,0.47619047619047616,0.4014742869000295,-0.07471618929044666,-0.156903997509938,-0.034557822978318276,149.0,166.0,pass,2026-10-02T21:36:31+00:00,sgo_slate_alt_20261002T213627Z.json
NYR@DET,Alex DeBrincat,DET,f1,PP1,SOG,over,5.5,fanduel,420,True,3.5365140211988266,3.5490445411392613,0.16111300125970696,0.16278791708998316,18.58434807318392,2176.461666666667,,"draftkings@3.5,fanduel@3.5,pinnacle@3.5,sgo_fair@3.5",v2,False,1.1182260686839482,0.19230769230769232,0.1621179507578727,-0.030189741549819626,-0.15698665605906192,-0.001674915830276208,517.0,629.0,pass,2026-10-02T21:36:31+00:00,sgo_slate_alt_20261002T213627Z.json
ANA@VGK,Mark Stone,VGK,f1,PP1,G,over,2.5,draftkings,6500,True,0.5090359812916607,0.4552743897893958,0.015082047465610442,0.011222939829998717,19.299075818445587,1741.9358333333332,,"fanduel@0.5,pinnacle@0.5,sgo_fair@0.5",v2,False,1.0982596332481283,0.015151515151515152,0.012766582884243406,-0.0023849322672717457,-0.15740552963993515,0.0038591076356117252,7733.0,,pass,2026-10-02T21:36:31+00:00,sgo_slate_alt_20261002T213627Z.json
ANA@VGK,William Karlsson,VGK,f2,PP2,SOG,over,3.5,draftkings,500,True,2.0814648851626067,1.8468127959968956,0.1652701233821029,0.12374976525155218,16.71967523099671,635.2708333333334,,"draftkings@1.5,pinnacle@1.5,sgo_fair@1.5",v2,False,1.1182260686839482,0.16666666666666666,0.14035790850377247,-0.026308758162894186,-0.15785254897736523,0.041520358130550716,612.0,767.0,pass,2026-10-02T21:36:31+00:00,sgo_slate_alt_20261002T213627Z.json
STL@DAL,Connor McMichael,STL,f2,PP2,PTS,over,1.5,draftkings,700,True,0.5442669696514363,0.5511769192895646,0.10391286799177056,0.10610143634161269,16.28334807004509,1938.9183333333335,,sgo_fair@0.5,v2,False,1.0468644783193533,0.125,0.10522600900167584,-0.019773990998324165,-0.15819192798659332,-0.0021885683498421293,850.0,1146.0,pass,2026-10-02T21:36:31+00:00,sgo_slate_alt_20261002T213627Z.json
STL@DAL,Dylan Holloway,STL,f1,PP1,A,over,1.5,draftkings,850,True,0.544557654572178,0.46001467302228616,0.10400468331651691,0.07833013850252403,18.08848697930289,1659.9508333333333,,"draftkings@0.5,pinnacle@0.5,sgo_fair@0.5",v2,False,1.1032038554164156,0.10526315789473684,0.08859995642812118,-0.01666320146661565,-0.15830041393284877,0.02567454481399288,1029.0,1472.0,pass,2026-10-02T21:36:31+00:00,sgo_slate_alt_20261002T213627Z.json
ANA@VGK,Shea Theodore,VGK,d1,PP1,SOG,over,2.5,draftkings,155,True,1.955428718483615,2.0741568946032145,0.31159543940015705,0.34233843214121884,24.38074349382845,2282.9841666666666,,"draftkings@1.5,fanduel@1.5,pinnacle@1.5,sgo_fair@2.0",v2,False,1.1182260686839482,0.39215686274509803,0.3300412350447941,-0.06211562770030393,-0.15839485063577508,-0.030742992741061792,203.0,228.0,pass,2026-10-02T21:36:31+00:00,sgo_slate_alt_20261002T213627Z.json
NYR@DET,Mika Zibanejad,NYR,f1,PP1,SOG,over,4.5,fanduel,600,True,2.5578884297133944,2.47245746794295,0.12721136060924101,0.115478413542046,19.315568777005215,2422.4325000000003,,"draftkings@2.5,fanduel@2.5,pinnacle@2.5,sgo_fair@2.5",v2,False,1.1182260686839482,0.14285714285714285,0.120171592368924,-0.022685550488218853,-0.15879885341753197,0.011732947067195021,732.0,951.0,pass,2026-10-02T21:36:31+00:00,sgo_slate_alt_20261002T213627Z.json
BOS@WPG,David Pastrnak,BOS,f1,PP1,SOG,over,3.5,draftkings,-110,False,3.2437906704082855,3.550763789307926,0.40332669580167596,0.4654775805312655,19.305080809204785,2352.8866666666668,,"draftkings@3.5,fanduel@3.5,pinnacle@3.5,sgo_fair@3.5",v2,False,1.1182260686839482,0.5238095238095238,0.44061722663942965,-0.08319229717009419,-0.1588216582338161,-0.06215088472958952,127.0,141.0,pass,2026-10-02T21:36:31+00:00,sgo_slate_alt_20261002T213627Z.json
BOS@WPG,David Pastrnak,BOS,f1,PP1,G,over,0.5,fanduel,140,False,0.3563830458075217,0.48484378153756535,0.29979564148366905,0.38420661245311843,19.305080809204785,2352.8866666666668,,"fanduel@0.5,pinnacle@0.5,sgo_fair@0.5",v2,False,1.0982596332481283,0.4166666666666667,0.35044222406533865,-0.06622444260132804,-0.1589386622431873,-0.08441097096944938,185.0,207.0,pass,2026-10-02T21:36:31+00:00,sgo_slate_alt_20261002T213627Z.json
BOS@WPG,Josh Morrissey,WPG,d1,PP1,SOG,over,4.5,draftkings,800,True,2.267287406495546,2.3223860529590477,0.08941833045261881,0.09610903312105988,23.689330519334643,2781.5350000000003,,"draftkings@2.5,pinnacle@2.5,sgo_fair@2.5",v2,False,1.1182260686839482,0.1111111111111111,0.09343275205368345,-0.01767835905742765,-0.15910523151684886,-0.006690702668441073,970.0,1361.0,pass,2026-10-02T21:36:31+00:00,sgo_slate_alt_20261002T213627Z.json
NYR@DET,Pavel Dorofeyev,NYR,f2,PP1,PTS,over,1.5,draftkings,425,True,0.7261533935116563,0.7032736565687397,0.16494520417724573,0.15694373287737012,16.450106012385557,2082.9491666666668,,"draftkings@0.5,pinnacle@0.5,sgo_fair@0.5",v2,False,1.0468644783193533,0.19047619047619047,0.16014432139732038,-0.03033186907887009,-0.15924231266406808,0.008001471299875607,524.0,640.0,pass,2026-10-02T21:36:31+00:00,sgo_slate_alt_20261002T213627Z.json
NYR@DET,Lucas Raymond,DET,f1,PP1,PTS,over,2.5,draftkings,1100,True,0.8686822045523243,0.9886841883445611,0.05779962857864749,0.0782317906497705,18.249403362076805,2197.0216666666665,,"draftkings@0.5,pinnacle@0.5,sgo_fair@1.0",v2,False,1.0468644783193533,0.08333333333333333,0.0700589258213213,-0.013274407512012032,-0.15929289014414438,-0.020432162071123007,1327.0,2119.0,pass,2026-10-02T21:36:31+00:00,sgo_slate_alt_20261002T213627Z.json
STL@DAL,Jimmy Snuggerud,STL,f1,PP1,PTS,over,1.5,draftkings,425,True,0.7410583442949129,0.6931471805599454,0.17019551993319607,0.15342640972002738,17.487775105522008,1217.4199999999998,,"draftkings@0.5,sgo_fair@0.5",v2,False,1.0468644783193533,0.19047619047619047,0.16013405380529486,-0.03034213667089561,-0.15929621752220202,0.01676911021316868,524.0,640.0,pass,2026-10-02T21:36:31+00:00,sgo_slate_alt_20261002T213627Z.json
BOS@WPG,Morgan Geekie,BOS,f2,PP1,SOG,over,3.5,draftkings,370,True,2.205830514716359,2.1183823514688873,0.1888566478003364,0.172171382936553,17.069132083690253,2012.4566666666665,,"draftkings@1.5,fanduel@1.5,pinnacle@1.5,sgo_fair@2.0",v2,False,1.1182260686839482,0.2127659574468085,0.17884548888206636,-0.03392046856474215,-0.15942620225428805,0.016685264863783383,459.0,550.0,pass,2026-10-02T21:36:31+00:00,sgo_slate_alt_20261002T213627Z.json
BOS@WPG,Neal Pionk,WPG,d2,PP2,SOG,under,1.5,draftkings,-110,False,1.9264736148120283,1.907443795290105,0.4370758544783465,0.4422131803537721,21.56093374973941,1843.1675,,"draftkings@1.5,pinnacle@1.5,sgo_fair@2.0",v2,False,1.1182260686839482,0.5238095238095238,0.44015825000360187,-0.08365127380592197,-0.15969788635676008,-0.005137325875425591,127.0,141.0,pass,2026-10-02T21:36:31+00:00,sgo_slate_alt_20261002T213627Z.json
NYR@DET,Viktor Arvidsson,DET,f2,PP1,G,over,1.5,fanduel,1700,True,0.3245185979177086,0.35310002623052866,0.04253826945311338,0.049437867114781986,13.767299701510195,1459.4783333333332,,"fanduel@0.5,sgo_fair@0.5",v2,False,1.0982596332481283,0.05555555555555555,0.04667802805011454,-0.008877527505441012,-0.15979549509793822,-0.006899597661668609,2042.0,4513.0,pass,2026-10-02T21:36:31+00:00,sgo_slate_alt_20261002T213627Z.json
ANA@VGK,Leo Carlsson,ANA,f1,PP1,PTS,under,0.5,draftkings,105,False,0.8007260759768395,0.9581897293945755,0.4490028355620602,0.3835866534756146,17.96890196451367,1895.936666666667,,"draftkings@0.5,pinnacle@0.5,sgo_fair@1.0",v2,False,1.0468644783193533,0.4878048780487805,0.40975312631019284,-0.07805175173858764,-0.1600060910641048,0.06541618208644562,144.0,160.0,pass,2026-10-02T21:36:31+00:00,sgo_slate_alt_20261002T213627Z.json
ANA@VGK,Cutter Gauthier,ANA,f1,PP1,SOG,over,3.5,draftkings,110,False,2.922382978028437,3.4358790498812657,0.33613312009035023,0.4425362932292783,16.623295864485087,1833.5541666666666,,"draftkings@3.5,fanduel@3.5,pinnacle@3.5,sgo_fair@3.5",v2,False,1.1182260686839482,0.47619047619047616,0.3999750239737071,-0.07621545221676906,-0.16005244965521503,-0.10640317313892805,150.0,167.0,pass,2026-10-02T21:36:31+00:00,sgo_slate_alt_20261002T213627Z.json
WSH@CAR,Jordan Staal,CAR,f3,PP2,G,over,1.5,fanduel,2700,False,0.27667296140497,0.2612154992636177,0.031895764584363495,0.028719098268248484,16.336095233703357,1752.3600000000001,,sgo_fair@0.5,v2,False,1.0982596332481283,0.03571428571428571,0.029989764794694486,-0.005724520919591226,-0.16028658574855437,0.0031766663161150108,3234.0,19941.0,pass,2026-10-02T21:36:31+00:00,sgo_slate_alt_20261002T213627Z.json
ANA@VGK,Leo Carlsson,ANA,f1,PP1,SOG,over,5.5,draftkings,1500,True,2.6147602429764167,2.4504871633866157,0.06008106725830932,0.04740676698908415,17.96890196451367,1895.936666666667,,"draftkings@2.5,fanduel@2.5,pinnacle@2.5,sgo_fair@2.5",v2,False,1.1182260686839482,0.0625,0.052476487096774216,-0.010023512903225784,-0.16037620645161255,0.01267430026922517,1806.0,3539.0,pass,2026-10-02T21:36:31+00:00,sgo_slate_alt_20261002T213627Z.json
BOS@WPG,Gabriel Vilardi,WPG,f2,PP1,PTS,under,0.5,draftkings,-115,False,0.9243900297485824,0.7259624982274028,0.3967733652268568,0.4838586316841246,17.433178488819145,2116.1,,"draftkings@0.5,pinnacle@0.5,sgo_fair@0.5",v2,False,1.0468644783193533,0.5348837209302325,0.44902452510121743,-0.08585919582901508,-0.1605193661151153,-0.08708526645726777,123.0,136.0,pass,2026-10-02T21:36:31+00:00,sgo_slate_alt_20261002T213627Z.json
ANA@VGK,Shea Theodore,VGK,d1,PP1,A,over,1.5,fanduel,560,True,0.6052634957106972,0.6230021988162112,0.12363760513177774,0.1295322390022079,24.38074349382845,2282.9841666666666,,"draftkings@0.5,pinnacle@0.5,sgo_fair@0.5",v2,False,1.1032038554164156,0.15151515151515152,0.12717438545403584,-0.024340766061115682,-0.16064905600336354,-0.005894633870430155,686.0,879.0,pass,2026-10-02T21:36:31+00:00,sgo_slate_alt_20261002T213627Z.json
ANA@VGK,Victor Olofsson,VGK,f3,PP2,SOG,over,2.5,draftkings,170,True,1.9871691336484376,1.9294729782091595,0.31982978987285937,0.3048576569428364,13.560078838767604,1437.0491666666667,,"draftkings@1.5,sgo_fair@1.5",v2,False,1.1182260686839482,0.37037037037037035,0.31084651011484554,-0.05952386025552481,-0.16071442268991698,0.014972132930022974,222.0,250.0,pass,2026-10-02T21:36:31+00:00,sgo_slate_alt_20261002T213627Z.json
WSH@CAR,Ilya Protas,WSH,f3,PP2,PTS,over,1.5,draftkings,800,True,0.5397983936632074,0.4893601698826624,0.10250425449313397,0.08699466801859072,14.695833333333333,63.56666666666667,,"draftkings@0.5,sgo_fair@0.5",v1,False,1.0468644783193533,0.1111111111111111,0.09319850260840802,-0.017912608502703084,-0.16121347652432783,0.015509586474543244,973.0,1366.0,pass,2026-10-02T21:36:31+00:00,sgo_slate_alt_20261002T213627Z.json
BOS@WPG,Gabriel Vilardi,WPG,f2,PP1,SOG,under,1.5,draftkings,100,False,2.239414705371673,1.8449681368386326,0.3592940694956669,0.45941024161291055,17.433178488819145,2116.1,,"draftkings@1.5,fanduel@1.5,pinnacle@1.5,sgo_fair@1.5",v2,False,1.1182260686839482,0.5,0.4193637727660131,-0.08063622723398689,-0.16127245446797378,-0.10011617211724366,138.0,154.0,pass,2026-10-02T21:36:31+00:00,sgo_slate_alt_20261002T213627Z.json
ANA@VGK,Ryan Poehling,ANA,f3,PP2,PTS,over,1.5,draftkings,1000,True,0.49934751776375236,0.41985366382934447,0.09000619978762105,0.0669531370629818,12.623491757963661,1554.775,,"draftkings@0.5,sgo_fair@0.5",v2,False,1.0468644783193533,0.09090909090909091,0.0761743621528375,-0.01473472875625341,-0.1620820163187875,0.02305306272463925,1213.0,1854.0,pass,2026-10-02T21:36:31+00:00,sgo_slate_alt_20261002T213627Z.json
NYR@DET,Gabe Perreault,NYR,not in DF lineup,-,SOG,over,1.5,fanduel,-106,False,1.4822407223139986,1.4817114307200707,0.4309537072784774,0.430782108176573,15.255362995888913,842.9158333333332,,"draftkings@1.5,pinnacle@1.5,sgo_fair@1.5",v1,False,1.1182260686839482,0.5145631067961165,0.4308507478173348,-0.08371235897878171,-0.16268628254367012,0.0001715991019044516,132.0,146.0,pass,2026-10-02T21:36:31+00:00,sgo_slate_alt_20261002T213627Z.json
ANA@VGK,Trevor Connelly,VGK,f3,PP2,SOG,over,2.5,draftkings,215,True,1.7567106115277316,1.7931270828217187,0.2600893078195182,0.26949600464366374,12.433333333333334,11.366666666666667,,"draftkings@1.5,sgo_fair@1.5",v1,False,1.1182260686839482,0.31746031746031744,0.26573332591400556,-0.051726991546311885,-0.16294002337088254,-0.009406696824145522,276.0,315.0,pass,2026-10-02T21:36:31+00:00,sgo_slate_alt_20261002T213627Z.json
WSH@CAR,Alex Ovechkin,WSH,f2,PP1,A,over,1.5,draftkings,1200,True,0.4217372055555731,0.4028943519607772,0.06747348865638704,0.06232967271313529,16.67895270691558,1949.2041666666667,,"draftkings@0.5,sgo_fair@0.5",v2,False,1.1032038554164156,0.07692307692307693,0.06438719909043598,-0.012535877832640943,-0.16296641182433225,0.0051438159432517505,1453.0,2439.0,pass,2026-10-02T21:36:31+00:00,sgo_slate_alt_20261002T213627Z.json
ANA@VGK,Mark Stone,VGK,f1,PP1,SOG,under,1.5,fanduel,138,False,2.4961662105507703,2.138155851079195,0.304579519869552,0.38309264353784145,19.299075818445587,1741.9358333333332,,"draftkings@1.5,fanduel@1.5,pinnacle@1.5,sgo_fair@2.5",v2,False,1.1182260686839482,0.42016806722689076,0.3516873940705256,-0.06848067315636513,-0.16298400211214903,-0.07851312366828944,184.0,206.0,pass,2026-10-02T21:36:31+00:00,sgo_slate_alt_20261002T213627Z.json
STL@DAL,Jake Neighbours,STL,f3,PP2,PTS,over,1.5,draftkings,900,True,0.5236366995136039,0.446797594336162,0.09745493527964477,0.07452210902501541,14.386548929610665,1637.3983333333333,,"draftkings@0.5,sgo_fair@0.5",v2,False,1.0468644783193533,0.1,0.08369523952686717,-0.01630476047313284,-0.1630476047313283,0.022932826254629363,1095.0,1604.0,pass,2026-10-02T21:36:31+00:00,sgo_slate_alt_20261002T213627Z.json
ANA@VGK,Shea Theodore,VGK,d1,PP1,PTS,over,2.5,draftkings,1400,True,0.725422041870741,0.9313441592765604,0.037307307962189645,0.06811611105069111,24.38074349382845,2282.9841666666666,,"draftkings@0.5,pinnacle@0.5,sgo_fair@1.0",v2,False,1.0468644783193533,0.06666666666666667,0.05579258981529052,-0.010874076851376147,-0.16311115277064225,-0.030808803088501466,1692.0,3148.0,pass,2026-10-02T21:36:31+00:00,sgo_slate_alt_20261002T213627Z.json
NYR@DET,Viktor Arvidsson,DET,f2,PP1,PTS,over,1.5,draftkings,400,True,0.7403263149545601,0.7275486072772778,0.16993700375460163,0.16543545542160493,13.767299701510195,1459.4783333333332,,sgo_fair@0.5,v2,False,1.0468644783193533,0.2,0.16723607475480362,-0.03276392524519639,-0.1638196262259819,0.004501548332996708,498.0,603.0,pass,2026-10-02T21:36:31+00:00,sgo_slate_alt_20261002T213627Z.json
ANA@VGK,Mikael Granlund,ANA,f2,PP1,SOG,under,1.5,fanduel,-104,False,2.02184645794625,1.9313774661704575,0.412037638602623,0.4357596337511388,18.703895528300663,1838.5333333333333,,"draftkings@1.5,fanduel@1.5,pinnacle@1.5,sgo_fair@2.0",v2,False,1.1182260686839482,0.5098039215686274,0.4262708356917325,-0.0835330858768949,-0.16385336075852464,-0.023721995148515806,135.0,149.0,pass,2026-10-02T21:36:31+00:00,sgo_slate_alt_20261002T213627Z.json
BOS@WPG,Fraser Minten,BOS,f3,PP2,G,over,1.5,draftkings,4000,False,0.21426224629736565,0.21873286050795435,0.019924391361687308,0.020703850790497035,15.046893153269307,1413.0508333333335,,sgo_fair@0.5,v2,False,1.0982596332481283,0.024390243902439025,0.020392067018973142,-0.003998176883465883,-0.1639252522221012,-0.000779459428809727,4804.0,,pass,2026-10-02T21:36:31+00:00,sgo_slate_alt_20261002T213627Z.json
WSH@CAR,Jordan Staal,CAR,f3,PP2,SOG,over,2.5,draftkings,250,True,1.6749167437954757,1.6734465943042878,0.23908082515056428,0.23870512374347896,16.336095233703357,1752.3600000000001,,"draftkings@1.5,pinnacle@1.5,sgo_fair@1.5",v2,False,1.1182260686839482,0.2857142857142857,0.23885540430631308,-0.04685888140797262,-0.16400608492790425,0.00037570140708531596,319.0,368.0,pass,2026-10-02T21:36:31+00:00,sgo_slate_alt_20261002T213627Z.json
BOS@WPG,James Hagens,BOS,f3,PP2,SOG,over,2.5,draftkings,300,True,1.5555328508527122,1.5560883142465056,0.20886958280897427,0.20900852688000449,13.841666666666665,42.55,,"draftkings@1.5,pinnacle@1.5,sgo_fair@1.5",v1,False,1.1182260686839482,0.25,0.20895294925159238,-0.041047050748407615,-0.16418820299363046,-0.00013894407103021145,379.0,444.0,pass,2026-10-02T21:36:31+00:00,sgo_slate_alt_20261002T213627Z.json
STL@DAL,Robert Thomas,STL,f1,PP1,PTS,over,2.5,fanduel,1060,True,0.944670480887935,0.960198041227617,0.07041077007747727,0.07312784718787696,18.68804235636643,1845.6466666666668,,"draftkings@0.5,pinnacle@0.5,sgo_fair@1.0",v2,False,1.0468644783193533,0.08620689655172414,0.07204101634371708,-0.014165880208007062,-0.16432421041288192,-0.0027170771103996877,1288.0,2026.0,pass,2026-10-02T21:36:31+00:00,sgo_slate_alt_20261002T213627Z.json
STL@DAL,Robert Thomas,STL,f1,PP1,SOG,under,1.5,draftkings,-115,False,1.9685968464447192,1.840395320582499,0.42587165711248687,0.460688865163309,18.68804235636643,1845.6466666666668,,"draftkings@1.5,fanduel@1.5,pinnacle@1.5,sgo_fair@2.0",v2,False,1.1182260686839482,0.5348837209302325,0.4467619819429801,-0.0881217389872524,-0.16474933810660242,-0.03481720805082211,124.0,137.0,pass,2026-10-02T21:36:31+00:00,sgo_slate_alt_20261002T213627Z.json
STL@DAL,Pavel Buchnevich,STL,f2,PP2,PTS,over,1.5,draftkings,800,True,0.5334939103046795,0.49098729815955866,0.10052604127927255,0.08748319879990518,16.403434835413165,2103.6908333333336,,"draftkings@0.5,sgo_fair@0.5",v2,False,1.0468644783193533,0.1111111111111111,0.09270033579165213,-0.018410775319458977,-0.16569697787513082,0.013042842479367364,979.0,1377.0,pass,2026-10-02T21:36:31+00:00,sgo_slate_alt_20261002T213627Z.json
BOS@WPG,David Pastrnak,BOS,f1,PP1,PTS,over,1.5,draftkings,175,False,1.066842862816821,1.1322324619603372,0.28881352126550597,0.31275396883888357,19.305080809204785,2352.8866666666668,,"draftkings@1.5,pinnacle@0.5,sgo_fair@1.0",v2,False,1.0468644783193533,0.36363636363636365,0.3031777898095325,-0.06045857382683112,-0.16626107802378554,-0.0239404475733776,230.0,259.0,pass,2026-10-02T21:36:31+00:00,sgo_slate_alt_20261002T213627Z.json
NYR@DET,Andrew Copp,DET,f1,PP1,G,over,1.5,fanduel,2700,True,0.2602418075737928,0.2704707078075335,0.028523494554896115,0.030605122650699732,17.350846748956222,1679.7833333333333,,"fanduel@0.5,sgo_fair@0.5",v2,False,1.0982596332481283,0.03571428571428571,0.029772471412378286,-0.005941814301907426,-0.16637080045340802,-0.002081628095803617,3259.0,20854.0,pass,2026-10-02T21:36:31+00:00,sgo_slate_alt_20261002T213627Z.json
STL@DAL,Mikko Rantanen,DAL,f1,PP1,PTS,over,2.5,draftkings,700,True,1.1712187353624974,1.089095080144061,0.11433209310973735,0.09739744925628896,20.640933758585803,2075.3450000000003,,"draftkings@0.5,pinnacle@0.5,sgo_fair@1.5",v2,False,1.0468644783193533,0.125,0.10417130679766831,-0.02082869320233169,-0.1666295456186535,0.016934643853448395,860.0,1163.0,pass,2026-10-02T21:36:31+00:00,sgo_slate_alt_20261002T213627Z.json
WSH@CAR,Alex Tuch,WSH,f1,PP2,G,over,1.5,fanduel,2000,True,0.3183477102106321,0.3079538054613656,0.04110000724257367,0.03872030827196947,19.394777971531802,2210.999166666667,,"fanduel@0.5,sgo_fair@0.5",v2,False,1.0982596332481283,0.047619047619047616,0.03967218786021115,-0.007946859758836466,-0.1668840549355659,0.0023796989706042007,2421.0,6716.0,pass,2026-10-02T21:36:31+00:00,sgo_slate_alt_20261002T213627Z.json
NYR@DET,Pavel Dorofeyev,NYR,f2,PP1,PTS,over,1.5,fanduel,420,True,0.7261533935116563,0.7032736565687397,0.16494520417724573,0.15694373287737012,16.450106012385557,2082.9491666666668,,"draftkings@0.5,pinnacle@0.5,sgo_fair@0.5",v2,False,1.0468644783193533,0.19230769230769232,0.16014432139732038,-0.03216337091037194,-0.16724952873393406,0.008001471299875607,524.0,640.0,pass,2026-10-02T21:36:31+00:00,sgo_slate_alt_20261002T213627Z.json
BOS@WPG,Josh Morrissey,WPG,d1,PP1,G,over,1.5,draftkings,7000,False,0.14382855527411512,0.17254384129927616,0.009403050042956523,0.013279271426442953,23.689330519334643,2781.5350000000003,,sgo_fair@0.5,v2,False,1.0982596332481283,0.014084507042253521,0.01172878287304838,-0.0023557241692051412,-0.167256416013565,-0.0038762213834864293,8426.0,,pass,2026-10-02T21:36:31+00:00,sgo_slate_alt_20261002T213627Z.json
BOS@WPG,Josh Morrissey,WPG,d1,PP1,G,over,1.5,fanduel,7000,False,0.14382855527411512,0.17254384129927616,0.009403050042956523,0.013279271426442953,23.689330519334643,2781.5350000000003,,sgo_fair@0.5,v2,False,1.0982596332481283,0.014084507042253521,0.01172878287304838,-0.0023557241692051412,-0.167256416013565,-0.0038762213834864293,8426.0,,pass,2026-10-02T21:36:31+00:00,sgo_slate_alt_20261002T213627Z.json
BOS@WPG,Morgan Geekie,BOS,f2,PP1,PTS,over,1.5,draftkings,450,True,0.7096996290284352,0.671837496412232,0.1591835790683174,0.1460769354614292,17.069132083690253,2012.4566666666665,,"draftkings@0.5,pinnacle@0.5,sgo_fair@0.5",v2,False,1.0468644783193533,0.18181818181818182,0.15131959290418445,-0.03049858891399737,-0.16774223902698548,0.013106643606888208,561.0,692.0,pass,2026-10-02T21:36:31+00:00,sgo_slate_alt_20261002T213627Z.json
ANA@VGK,Mikael Granlund,ANA,f2,PP1,SOG,under,1.5,draftkings,-105,False,2.02184645794625,1.9313774661704575,0.412037638602623,0.4357596337511388,18.703895528300663,1838.5333333333333,,"draftkings@1.5,fanduel@1.5,pinnacle@1.5,sgo_fair@2.0",v2,False,1.1182260686839482,0.5121951219512195,0.4262708356917325,-0.085924286259487,-0.16775693983995077,-0.023721995148515806,135.0,149.0,pass,2026-10-02T21:36:31+00:00,sgo_slate_alt_20261002T213627Z.json
WSH@CAR,Jackson Blake,CAR,f2,PP1,A,over,1.5,fanduel,1000,True,0.5024827763879386,0.41426813824117864,0.09095788280389529,0.06541804603922642,17.175685133360474,1856.5166666666667,,"draftkings@0.5,pinnacle@0.5,sgo_fair@0.5",v2,False,1.1032038554164156,0.09090909090909091,0.07563398074509398,-0.015275110163996936,-0.16802621180396626,0.025539836764668866,1222.0,1875.0,pass,2026-10-02T21:36:31+00:00,sgo_slate_alt_20261002T213627Z.json
ANA@VGK,Cutter Gauthier,ANA,f1,PP1,G,over,1.5,fanduel,1100,True,0.4090083490952979,0.4409650869663534,0.06398351515861922,0.07286120395664876,16.623295864485087,1833.5541666666666,,"fanduel@0.5,pinnacle@0.5,sgo_fair@0.5",v2,False,1.0982596332481283,0.08333333333333333,0.06931012843743695,-0.014023204895896382,-0.16827845875075664,-0.00887768879802954,1343.0,2157.0,pass,2026-10-02T21:36:31+00:00,sgo_slate_alt_20261002T213627Z.json
ANA@VGK,Jackson LaCombe,ANA,d1,PP1,PTS,over,0.5,fanduel,-150,False,0.692941278492353,0.6898456380213238,0.499897038366561,0.4983465006834772,25.36882371969002,2740.9808333333335,,"draftkings@0.5,pinnacle@0.5,sgo_fair@0.5",v2,False,1.0468644783193533,0.6,0.4989667157567107,-0.10103328424328928,-0.16838880707214887,0.0015505376830838302,100.0,111.0,pass,2026-10-02T21:36:31+00:00,sgo_slate_alt_20261002T213627Z.json
WSH@CAR,Logan Stankoven,CAR,f2,PP2,PTS,over,1.5,fanduel,460,True,0.7154403166892973,0.6541672991265548,0.16118955238314953,0.14004013500831722,17.072616370327324,1801.0691666666667,,"draftkings@0.5,pinnacle@0.5,sgo_fair@0.5",v2,False,1.0468644783193533,0.17857142857142858,0.14849990195825014,-0.03007152661317844,-0.1684005490337993,0.021149417374832308,573.0,710.0,pass,2026-10-02T21:36:31+00:00,sgo_slate_alt_20261002T213627Z.json
NYR@DET,Alex DeBrincat,DET,f1,PP1,SOG,over,6.5,draftkings,900,True,3.5365140211988266,3.5490445411392613,0.08248340831518491,0.08356670459447,18.58434807318392,2176.461666666667,,"draftkings@3.5,fanduel@3.5,pinnacle@3.5,sgo_fair@3.5",v2,False,1.1182260686839482,0.1,0.08313338608275597,-0.016866613917244033,-0.16866613917244022,-0.0010832962792850925,1103.0,1620.0,pass,2026-10-02T21:36:31+00:00,sgo_slate_alt_20261002T213627Z.json
BOS@WPG,Hampus Lindholm,BOS,d1,PP1,SOG,over,2.5,draftkings,280,True,1.6171119728984202,1.5789622302164883,0.22437173217340944,0.2147449161963633,21.812503355085678,1626.9141666666667,,"draftkings@1.5,fanduel@1.5,pinnacle@1.5,sgo_fair@1.5",v2,False,1.1182260686839482,0.2631578947368421,0.21859564258718173,-0.044562252149660364,-0.16933655816870952,0.00962681597704615,357.0,417.0,pass,2026-10-02T21:36:31+00:00,sgo_slate_alt_20261002T213627Z.json
ANA@VGK,Jack Eichel,VGK,f1,PP1,A,under,0.5,draftkings,110,False,0.9080834564009849,0.9412791226056558,0.4032964189949463,0.3901284938914781,20.597276930957293,2298.3541666666665,,"draftkings@0.5,pinnacle@0.5,sgo_fair@1.0",v2,False,1.1032038554164156,0.47619047619047616,0.39539566393286535,-0.08079481225761082,-0.1696691057409827,0.013167925103468203,153.0,170.0,pass,2026-10-02T21:36:31+00:00,sgo_slate_alt_20261002T213627Z.json
STL@DAL,Miro Heiskanen,DAL,d1,PP1,PTS,over,1.5,draftkings,255,True,0.8036757964742296,0.9924636355830904,0.19252978070086316,0.2614686704706755,25.972927915823785,2527.524166666667,,"draftkings@0.5,pinnacle@0.5,sgo_fair@1.0",v2,False,1.0468644783193533,0.28169014084507044,0.23389311456275055,-0.04779702628231988,-0.1696794433022356,-0.06893888976981236,328.0,379.0,pass,2026-10-02T21:36:31+00:00,sgo_slate_alt_20261002T213627Z.json
BOS@WPG,Mark Scheifele,WPG,f1,PP1,G,over,2.5,fanduel,10000,True,0.4476689328940472,0.37275975592949234,0.010729440353844348,0.006544479455790091,19.993486037779117,2517.563333333333,,"fanduel@0.5,pinnacle@0.5,sgo_fair@0.5",v2,False,1.0982596332481283,0.009900990099009901,0.008218463815011793,-0.0016825262839981082,-0.16993515468380893,0.0041849608980542565,12068.0,,pass,2026-10-02T21:36:31+00:00,sgo_slate_alt_20261002T213627Z.json
WSH@CAR,Dylan Strome,WSH,f2,PP1,A,over,1.5,draftkings,950,True,0.44613460061081267,0.47317499080436837,0.07433270024174682,0.08218098706371321,16.4350786487246,2084.476666666667,,"draftkings@0.5,pinnacle@0.5,sgo_fair@0.5",v2,False,1.1032038554164156,0.09523809523809523,0.07904167233492665,-0.016196422903168584,-0.17006244048327024,-0.007848286821966394,1165.0,1750.0,pass,2026-10-02T21:36:31+00:00,sgo_slate_alt_20261002T213627Z.json
WSH@CAR,Ryan Leonard,WSH,f2,PP2,G,over,1.5,draftkings,3000,False,0.25025265711442646,0.2519509655398272,0.02654823218993248,0.026879984469043067,14.79877049597388,1138.4366666666667,,sgo_fair@0.5,v2,False,1.0982596332481283,0.03225806451612903,0.026747283557398832,-0.005510780958730199,-0.17083420972063623,-0.00033175227911058647,3639.0,57132.0,pass,2026-10-02T21:36:31+00:00,sgo_slate_alt_20261002T213627Z.json
WSH@CAR,Ryan Leonard,WSH,f2,PP2,G,over,1.5,fanduel,3000,False,0.25025265711442646,0.2519509655398272,0.02654823218993248,0.026879984469043067,14.79877049597388,1138.4366666666667,,sgo_fair@0.5,v2,False,1.0982596332481283,0.03225806451612903,0.026747283557398832,-0.005510780958730199,-0.17083420972063623,-0.00033175227911058647,3639.0,57132.0,pass,2026-10-02T21:36:31+00:00,sgo_slate_alt_20261002T213627Z.json
ANA@VGK,Ivan Barbashev,VGK,f1,-,SOG,over,4.5,draftkings,1700,True,1.8094396661884347,1.8618637450257456,0.04342180412120284,0.04778250004784631,16.2984941270241,1875.4308333333333,,"draftkings@1.5,pinnacle@1.5,sgo_fair@2.0",v2,False,1.1182260686839482,0.05555555555555555,0.04603822167718892,-0.009517333878366632,-0.17131200981059946,-0.004360695926643468,2072.0,4653.0,pass,2026-10-02T21:36:31+00:00,sgo_slate_alt_20261002T213627Z.json
ANA@VGK,Frank Vatrano,ANA,f3,-,PTS,over,0.5,draftkings,195,False,0.2584452400959136,0.3798482675950076,0.22774868170052784,0.3160348189787689,12.019763871136826,1230.6416666666667,,"draftkings@0.5,sgo_fair@0.5",v2,False,1.0468644783193533,0.3389830508474576,0.28072036406747247,-0.05826268677998514,-0.1718749260009561,-0.08828613727824106,256.0,291.0,pass,2026-10-02T21:36:31+00:00,sgo_slate_alt_20261002T213627Z.json
STL@DAL,Connor McMichael,STL,f2,PP2,PTS,over,0.5,fanduel,-104,False,0.5442669696514363,0.5511769192895646,0.41973301921332334,0.42372881355932573,16.28334807004509,1938.9183333333335,,sgo_fair@0.5,v2,False,1.0468644783193533,0.5098039215686274,0.42213049582092477,-0.08767342574770265,-0.1719747966589552,-0.00399579434600239,137.0,152.0,pass,2026-10-02T21:36:31+00:00,sgo_slate_alt_20261002T213627Z.json
NYR@DET,Andrew Copp,DET,f1,PP1,A,over,1.5,draftkings,950,True,0.4662127181808462,0.45884796321690596,0.0801365318751726,0.07799156351164586,17.350846748956222,1679.7833333333333,,"draftkings@0.5,pinnacle@0.5,sgo_fair@0.5",v2,False,1.1032038554164156,0.09523809523809523,0.07884955085705656,-0.016388544381038678,-0.1720797160009062,0.0021449683635267336,1168.0,1757.0,pass,2026-10-02T21:36:31+00:00,sgo_slate_alt_20261002T213627Z.json
BOS@WPG,Kyle Connor,WPG,f1,PP1,G,over,2.5,fanduel,6500,True,0.517040850108858,0.44288330625631395,0.015712736342863465,0.010425500579790437,19.93354117554885,2516.0816666666665,,"fanduel@0.5,pinnacle@0.5,sgo_fair@0.5",v2,False,1.0982596332481283,0.015151515151515152,0.012540394885019648,-0.0026111202664955042,-0.1723339375887033,0.005287235763073028,7874.0,,pass,2026-10-02T21:36:31+00:00,sgo_slate_alt_20261002T213627Z.json
WSH@CAR,Jakob Chychrun,WSH,d1,PP1,SOG,over,3.5,fanduel,415,True,1.9438461414714083,2.1294097511647485,0.1403908534000136,0.17424989002446412,21.891377326993766,2568.704166666667,,"draftkings@1.5,fanduel@1.5,pinnacle@1.5,sgo_fair@2.0",v2,False,1.1182260686839482,0.1941747572815534,0.1607062753746839,-0.03346848190686949,-0.17236268182037784,-0.03385903662445053,522.0,637.0,pass,2026-10-02T21:36:31+00:00,sgo_slate_alt_20261002T213627Z.json
WSH@CAR,Andrei Svechnikov,CAR,f1,PP1,G,over,2.5,draftkings,10000,True,0.44945799242823165,0.3702217159776882,0.01084437052906874,0.006423690115712265,17.174841336373092,1912.6491666666668,,"pinnacle@0.5,sgo_fair@0.5",v2,False,1.0982596332481283,0.009900990099009901,0.008191962281054855,-0.0017090278179550458,-0.17261180961345957,0.004420680413356474,12107.0,,pass,2026-10-02T21:36:31+00:00,sgo_slate_alt_20261002T213627Z.json
NYR@DET,Lucas Raymond,DET,f1,PP1,A,over,1.5,fanduel,600,True,0.570986112787006,0.600310483844761,0.11244305231080996,0.12200363111493209,18.249403362076805,2197.0216666666665,,"draftkings@0.5,pinnacle@0.5,sgo_fair@0.5",v2,False,1.1032038554164156,0.14285714285714285,0.11817939959328325,-0.024677743263859603,-0.1727442028470173,-0.00956057880412213,746.0,973.0,pass,2026-10-02T21:36:31+00:00,sgo_slate_alt_20261002T213627Z.json
NYR@DET,Lucas Raymond,DET,f1,PP1,A,over,1.5,draftkings,600,True,0.570986112787006,0.600310483844761,0.11244305231080996,0.12200363111493209,18.249403362076805,2197.0216666666665,,"draftkings@0.5,pinnacle@0.5,sgo_fair@0.5",v2,False,1.1032038554164156,0.14285714285714285,0.11817939959328325,-0.024677743263859603,-0.1727442028470173,-0.00956057880412213,746.0,973.0,pass,2026-10-02T21:36:31+00:00,sgo_slate_alt_20261002T213627Z.json
NYR@DET,J.T. Compher,DET,f2,-,A,over,0.5,draftkings,215,False,0.2532427335405148,0.3404561802385148,0.22372057010158658,0.28855429874440824,16.459511636519334,1855.2116666666668,,"draftkings@0.5,sgo_fair@0.5",v2,False,1.1032038554164156,0.31746031746031744,0.26262080728727955,-0.0548395101730379,-0.17274445704506947,-0.06483372864282166,281.0,321.0,pass,2026-10-02T21:36:31+00:00,sgo_slate_alt_20261002T213627Z.json
STL@DAL,Connor McMichael,STL,f2,PP2,A,over,0.5,fanduel,176,False,0.3484028727390058,0.3610133455373304,0.29418553447938045,0.303030303030303,16.28334807004509,1938.9183333333335,,sgo_fair@0.5,v2,False,1.1032038554164156,0.36231884057971014,0.299492395609934,-0.06282644496977613,-0.17340098811658222,-0.008844768550922533,234.0,264.0,pass,2026-10-02T21:36:31+00:00,sgo_slate_alt_20261002T213627Z.json
BOS@WPG,Pavel Zacha,BOS,f2,PP1,PTS,over,1.5,draftkings,425,True,0.7250059123495854,0.691077596731082,0.1645421945890468,0.15270947616457844,16.867313130617127,2032.8025,,"draftkings@0.5,pinnacle@0.5,sgo_fair@0.5",v2,False,1.0468644783193533,0.19047619047619047,0.15744256353436578,-0.033033626941824684,-0.1734265414445797,0.011832718424468341,535.0,655.0,pass,2026-10-02T21:36:31+00:00,sgo_slate_alt_20261002T213627Z.json
ANA@VGK,Ryan Poehling,ANA,f3,PP2,G,over,1.5,fanduel,5500,False,0.15572485858918564,0.19867069479551722,0.010936880905792935,0.017306006969473396,12.623491757963661,1554.775,,sgo_fair@0.5,v2,False,1.0982596332481283,0.017857142857142856,0.014758356544001212,-0.0030987863131416438,-0.17353203353593205,-0.006369126063680461,6676.0,,pass,2026-10-02T21:36:31+00:00,sgo_slate_alt_20261002T213627Z.json
NYR@DET,Marcus Pettersson,NYR,d2,-,A,over,0.5,draftkings,320,False,0.1679970364235753,0.2545425528943182,0.154643660040934,0.2247289376387353,21.146885974092026,2565.24,,"draftkings@0.5,sgo_fair@0.5",v2,False,1.1032038554164156,0.23809523809523808,0.19669482659961476,-0.04140041149562332,-0.17388172828161796,-0.07008527759780131,408.0,482.0,pass,2026-10-02T21:36:31+00:00,sgo_slate_alt_20261002T213627Z.json
BOS@WPG,David Pastrnak,BOS,f1,PP1,SOG,over,5.5,fanduel,460,True,3.2437906704082855,3.550763789307926,0.12402031166647483,0.16301823987784106,19.305080809204785,2352.8866666666668,,"draftkings@3.5,fanduel@3.5,pinnacle@3.5,sgo_fair@3.5",v2,False,1.1182260686839482,0.17857142857142858,0.14741906859329457,-0.03115235997813401,-0.17445321587755047,-0.03899792821136623,578.0,717.0,pass,2026-10-02T21:36:31+00:00,sgo_slate_alt_20261002T213627Z.json
ANA@VGK,Beckett Sennecke,ANA,f2,PP1,G,over,1.5,fanduel,2000,True,0.28208651579607547,0.3279868148590996,0.03303954081314954,0.04335479450060292,17.087583540737576,1430.5,,"fanduel@0.5,sgo_fair@0.5",v2,False,1.0982596332481283,0.047619047619047616,0.03922869302562157,-0.008390354593426047,-0.17619744646194702,-0.010315253687453382,2449.0,6928.0,pass,2026-10-02T21:36:31+00:00,sgo_slate_alt_20261002T213627Z.json
STL@DAL,Colton Parayko,STL,d2,-,A,over,0.5,draftkings,320,False,0.16375240542835987,0.2563066890565004,0.15104780818505906,0.22609541567428817,20.811591036903145,2393.1916666666666,,"draftkings@0.5,sgo_fair@0.5",v2,False,1.1032038554164156,0.23809523809523808,0.19607637267859654,-0.04201886541664154,-0.17647923474989446,-0.07504760748922912,410.0,485.0,pass,2026-10-02T21:36:31+00:00,sgo_slate_alt_20261002T213627Z.json
ANA@VGK,Ivan Barbashev,VGK,f1,-,A,over,0.5,fanduel,116,False,0.5112944068305124,0.45959262592354,0.4002812039217452,0.36845913351197856,16.2984941270241,1875.4308333333333,,"draftkings@0.5,pinnacle@0.5,sgo_fair@0.5",v2,False,1.1032038554164156,0.46296296296296297,0.3811879616758852,-0.08177500128707776,-0.1766340027800879,0.031822070409766645,162.0,181.0,pass,2026-10-02T21:36:31+00:00,sgo_slate_alt_20261002T213627Z.json
STL@DAL,Jason Robertson,DAL,f2,PP1,PTS,over,2.5,draftkings,550,True,1.2879148227988864,1.1867280039483117,0.14011353900268103,0.11764755111640347,20.375929813628595,2317.33,,"draftkings@1.5,pinnacle@1.5,sgo_fair@1.0",v2,False,1.0468644783193533,0.15384615384615385,0.1266339462709145,-0.027212207575239344,-0.17687934923905568,0.022465987886277558,690.0,884.0,pass,2026-10-02T21:36:31+00:00,sgo_slate_alt_20261002T213627Z.json
ANA@VGK,Victor Olofsson,VGK,f3,PP2,PTS,over,1.5,draftkings,800,True,0.5209866531011029,0.49263111659439945,0.0966339303280635,0.08797757815520595,13.560078838767604,1437.0491666666667,,"draftkings@0.5,sgo_fair@0.5",v2,False,1.0468644783193533,0.1111111111111111,0.09144011902434897,-0.019670992086762137,-0.17703892878085925,0.008656352172857554,994.0,1405.0,pass,2026-10-02T21:36:31+00:00,sgo_slate_alt_20261002T213627Z.json
NYR@DET,Alex DeBrincat,DET,f1,PP1,G,over,1.5,fanduel,800,True,0.4745421575306171,0.5225403344776358,0.08258433138839003,0.09711503161608691,18.58434807318392,2176.461666666667,,"fanduel@0.5,pinnacle@0.5,sgo_fair@0.5",v2,False,1.0982596332481283,0.1111111111111111,0.09130275152500816,-0.01980835958610294,-0.17827523627492647,-0.014530700227696883,995.0,1408.0,pass,2026-10-02T21:36:31+00:00,sgo_slate_alt_20261002T213627Z.json
NYR@DET,Alex DeBrincat,DET,f1,PP1,G,over,1.5,draftkings,800,False,0.4745421575306171,0.5225403344776358,0.08258433138839003,0.09711503161608691,18.58434807318392,2176.461666666667,,"fanduel@0.5,pinnacle@0.5,sgo_fair@0.5",v2,False,1.0982596332481283,0.1111111111111111,0.09130275152500816,-0.01980835958610294,-0.17827523627492647,-0.014530700227696883,995.0,1408.0,pass,2026-10-02T21:36:31+00:00,sgo_slate_alt_20261002T213627Z.json
BOS@WPG,Elias Lindholm,BOS,f1,PP2,SOG,under,1.5,draftkings,-120,False,1.8403675561848967,1.916815364727519,0.46069663676107164,0.43967732772033075,17.864457827843644,1916.9391666666668,,"draftkings@1.5,pinnacle@1.5,sgo_fair@2.0",v2,False,1.1182260686839482,0.5454545454545454,0.4480850513366271,-0.09736949411791829,-0.17851073921618354,0.021019309040740897,123.0,136.0,pass,2026-10-02T21:36:31+00:00,sgo_slate_alt_20261002T213627Z.json
BOS@WPG,Fraser Minten,BOS,f3,PP2,PTS,over,1.5,draftkings,950,True,0.46804358589020373,0.45403952110617696,0.08067260202966475,0.07660110115535976,15.046893153269307,1413.0508333333335,,"draftkings@0.5,sgo_fair@0.5",v2,False,1.0468644783193533,0.09523809523809523,0.07822970150508175,-0.01700839373301348,-0.17858813419664155,0.004071500874304995,1178.0,1779.0,pass,2026-10-02T21:36:31+00:00,sgo_slate_alt_20261002T213627Z.json
STL@DAL,Jason Robertson,DAL,f2,PP1,SOG,over,6.5,draftkings,850,True,3.681544311815819,3.511385545036372,0.0954813020149013,0.08033391927875733,20.375929813628595,2317.33,,"draftkings@3.5,fanduel@3.5,pinnacle@3.5,sgo_fair@3.5",v2,False,1.1182260686839482,0.10526315789473684,0.08639287237321491,-0.018870285521521923,-0.17926771245445838,0.01514738273614398,1058.0,1529.0,pass,2026-10-02T21:36:31+00:00,sgo_slate_alt_20261002T213627Z.json
NYR@DET,Alex DeBrincat,DET,f1,PP1,PTS,over,1.5,draftkings,205,True,0.9568129527278108,1.04950519773663,0.2483585376048444,0.2824458046971564,18.58434807318392,2176.461666666667,,"draftkings@0.5,pinnacle@0.5,sgo_fair@1.5",v2,False,1.0468644783193533,0.32786885245901637,0.2688108978602316,-0.05905795459878477,-0.1801267615262937,-0.034087267092312024,272.0,310.0,pass,2026-10-02T21:36:31+00:00,sgo_slate_alt_20261002T213627Z.json
NYR@DET,Viktor Arvidsson,DET,f2,PP1,PTS,over,1.5,fanduel,390,True,0.7403263149545601,0.7275486072772778,0.16993700375460163,0.16543545542160493,13.767299701510195,1459.4783333333332,,sgo_fair@0.5,v2,False,1.0468644783193533,0.20408163265306123,0.16723607475480362,-0.03684555789825761,-0.1805432337014622,0.004501548332996708,498.0,603.0,pass,2026-10-02T21:36:31+00:00,sgo_slate_alt_20261002T213627Z.json
BOS@WPG,Josh Morrissey,WPG,d1,PP1,A,over,1.5,draftkings,600,True,0.5862421406182688,0.5842540117161599,0.11739220937047903,0.11674415066242082,23.689330519334643,2781.5350000000003,,"draftkings@0.5,pinnacle@0.5,sgo_fair@0.5",v2,False,1.1032038554164156,0.14285714285714285,0.1170033741456441,-0.025853768711498748,-0.1809763809804913,0.0006480587080582162,755.0,987.0,pass,2026-10-02T21:36:31+00:00,sgo_slate_alt_20261002T213627Z.json
NYR@DET,Pavel Dorofeyev,NYR,f2,PP1,A,over,1.5,draftkings,1500,True,0.35987710180661453,0.35987710180661453,0.051129332378194094,0.051129332378194094,16.450106012385557,2082.9491666666668,,"draftkings@0.5,pinnacle@0.5,sgo_fair@0.5",v2,False,1.1032038554164156,0.0625,0.051129332378194094,-0.011370667621805906,-0.1819306819488945,0.0,1856.0,3727.0,pass,2026-10-02T21:36:31+00:00,sgo_slate_alt_20261002T213627Z.json
ANA@VGK,Jackson LaCombe,ANA,d1,PP1,A,over,0.5,fanduel,-113,False,0.5940448994570362,0.5522714888730137,0.4479103847735324,0.4243592373875067,25.36882371969002,2740.9808333333335,,"draftkings@0.5,pinnacle@0.5,sgo_fair@0.5",v2,False,1.1032038554164156,0.5305164319248826,0.433779696341917,-0.09673673558296564,-0.18234446618736,0.023551147386025706,131.0,145.0,pass,2026-10-02T21:36:31+00:00,sgo_slate_alt_20261002T213627Z.json
NYR@DET,J.T. Miller,NYR,f2,PP1,SOG,over,3.5,draftkings,380,True,2.0405303472808645,2.1530253982401297,0.15772535650669875,0.17872658434739225,17.08771264101801,1991.3375,,"draftkings@1.5,fanduel@1.5,pinnacle@2.5,sgo_fair@2.0",v2,False,1.1182260686839482,0.20833333333333334,0.17032609321111486,-0.03800724012221848,-0.18243475258664865,-0.021001227840693498,487.0,588.0,pass,2026-10-02T21:36:31+00:00,sgo_slate_alt_20261002T213627Z.json
BOS@WPG,JJ Peterka,BOS,f1,PP1,SOG,over,3.5,draftkings,350,True,2.121374943782613,2.1990445636939557,0.17273468268182668,0.18754589336597866,15.938440465588924,1957.9416666666666,,"draftkings@2.5,fanduel@2.5,pinnacle@1.5,sgo_fair@2.5",v2,False,1.1182260686839482,0.2222222222222222,0.18162140909231786,-0.04060081312990435,-0.18270365908456965,-0.014811210684151976,451.0,538.0,pass,2026-10-02T21:36:31+00:00,sgo_slate_alt_20261002T213627Z.json
STL@DAL,Tyler Seguin,DAL,f2,PP2,G,over,1.5,fanduel,2200,True,0.3170874877270537,0.27718042036682194,0.04080859664381231,0.032002300975222345,14.963038356186521,595.2091666666668,,"fanduel@0.5,pinnacle@0.5,sgo_fair@0.5",v2,False,1.0982596332481283,0.043478260869565216,0.03552481924265834,-0.00795344162690688,-0.1829291574188583,0.008806295668589967,2715.0,9401.0,pass,2026-10-02T21:36:31+00:00,sgo_slate_alt_20261002T213627Z.json
NYR@DET,Marcus Pettersson,NYR,d2,-,PTS,over,0.5,draftkings,265,False,0.2008587130947168,0.2896812690858152,0.1819719999659295,0.25149789967862896,21.146885974092026,2565.24,,"draftkings@0.5,sgo_fair@0.5",v2,False,1.0468644783193533,0.273972602739726,0.22368753979354916,-0.05028506294617685,-0.1835404797535456,-0.06952589971269946,347.0,403.0,pass,2026-10-02T21:36:31+00:00,sgo_slate_alt_20261002T213627Z.json
STL@DAL,Dylan Holloway,STL,f1,PP1,G,over,2.5,fanduel,17500,True,0.375225551915182,0.2903861156443335,0.006663119377016413,0.0032876775694637757,18.08848697930289,1659.9508333333333,,"fanduel@0.5,pinnacle@0.5,sgo_fair@0.5",v2,False,1.0982596332481283,0.005681818181818182,0.00463785429248483,-0.001043963889333352,-0.18373764452266994,0.0033754418075526375,21462.0,,pass,2026-10-02T21:36:31+00:00,sgo_slate_alt_20261002T213627Z.json
BOS@WPG,Brad Lambert,WPG,f3,-,G,over,1.5,draftkings,8000,False,0.144724804589712,0.15203725882223063,0.009514985125529401,0.01045036583534789,12.501731274278495,296.26500000000004,,sgo_fair@0.5,v2,False,1.0982596332481283,0.012345679012345678,0.010076213551420495,-0.0022694654609251835,-0.18382670233493992,-0.0009353807098184883,9824.0,,pass,2026-10-02T21:36:31+00:00,sgo_slate_alt_20261002T213627Z.json
BOS@WPG,Brad Lambert,WPG,f3,-,G,over,1.5,fanduel,8000,False,0.144724804589712,0.15203725882223063,0.009514985125529401,0.01045036583534789,12.501731274278495,296.26500000000004,,sgo_fair@0.5,v2,False,1.0982596332481283,0.012345679012345678,0.010076213551420495,-0.0022694654609251835,-0.18382670233493992,-0.0009353807098184883,9824.0,,pass,2026-10-02T21:36:31+00:00,sgo_slate_alt_20261002T213627Z.json
WSH@CAR,Taylor Hall,CAR,f2,PP2,SOG,over,3.5,draftkings,450,True,2.084770299166911,1.922734463279685,0.1658843624394513,0.1367027919637065,16.04701527377841,1703.5891666666669,,"draftkings@1.5,pinnacle@1.5,sgo_fair@1.5",v2,False,1.1182260686839482,0.18181818181818182,0.1483754201540044,-0.03344276166417742,-0.1839351891529758,0.029181570475744795,574.0,711.0,pass,2026-10-02T21:36:31+00:00,sgo_slate_alt_20261002T213627Z.json
STL@DAL,Dylan Holloway,STL,f1,PP1,SOG,over,4.5,draftkings,425,True,2.7192783828303067,2.7713182715092874,0.150649663513539,0.15853410278356123,18.08848697930289,1659.9508333333333,,"draftkings@2.5,fanduel@2.5,pinnacle@2.5,sgo_fair@2.5",v2,False,1.1182260686839482,0.19047619047619047,0.15538032707555233,-0.03509586340063814,-0.1842532828533503,-0.00788443927002222,544.0,667.0,pass,2026-10-02T21:36:31+00:00,sgo_slate_alt_20261002T213627Z.json
ANA@VGK,Beckett Sennecke,ANA,f2,PP1,PTS,over,0.5,fanduel,-166,False,0.6998339954814214,0.7192460457451753,0.5033322539615981,0.5128806167243919,17.087583540737576,1430.5,,"draftkings@0.5,sgo_fair@0.5",v2,False,1.0468644783193533,0.6240601503759399,0.5090612716192744,-0.11499887875666548,-0.18427531174260858,-0.009548362762793805,-104.0,107.0,pass,2026-10-02T21:36:31+00:00,sgo_slate_alt_20261002T213627Z.json
ANA@VGK,Mark Stone,VGK,f1,PP1,PTS,over,2.5,draftkings,750,True,1.1491295529461085,1.034243540118953,0.10967268995521597,0.08670674878566546,19.299075818445587,1741.9358333333332,,"draftkings@0.5,pinnacle@0.5,sgo_fair@1.5",v2,False,1.0468644783193533,0.11764705882352941,0.09589312525348567,-0.021753933570043738,-0.18490843534537182,0.022965941169550502,943.0,1311.0,pass,2026-10-02T21:36:31+00:00,sgo_slate_alt_20261002T213627Z.json
STL@DAL,Thomas Harley,DAL,d1,PP2,SOG,over,4.5,draftkings,1400,True,1.942122538072857,1.9313483585975935,0.054921300227341416,0.05393055758747713,23.654813514126516,2434.6675,,"draftkings@1.5,fanduel@1.5,pinnacle@1.5,sgo_fair@2.5",v2,False,1.1182260686839482,0.06666666666666667,0.05432685464342285,-0.012339812023243815,-0.1850971803486572,0.0009907426398642824,1741.0,3310.0,pass,2026-10-02T21:36:31+00:00,sgo_slate_alt_20261002T213627Z.json
NYR@DET,Mika Zibanejad,NYR,f1,PP1,PTS,over,2.5,draftkings,1100,True,0.87699389603289,0.9635643745260214,0.05912231475259739,0.07372300219566069,19.315568777005215,2422.4325000000003,,"draftkings@0.5,pinnacle@0.5,sgo_fair@1.0",v2,False,1.0468644783193533,0.08333333333333333,0.06788272721843537,-0.015450606114897958,-0.1854072733787755,-0.014600687443063302,1373.0,2232.0,pass,2026-10-02T21:36:31+00:00,sgo_slate_alt_20261002T213627Z.json
BOS@WPG,Josh Morrissey,WPG,d1,PP1,PTS,over,1.5,draftkings,400,True,0.7397546844785098,0.7070464239753557,0.16973517857525694,0.1582580499160966,23.689330519334643,2781.5350000000003,,"draftkings@0.5,pinnacle@0.5,sgo_fair@0.5",v2,False,1.0468644783193533,0.2,0.1628489013797607,-0.0371510986202393,-0.18575549310119643,0.01147712865916034,514.0,625.0,pass,2026-10-02T21:36:31+00:00,sgo_slate_alt_20261002T213627Z.json
NYR@DET,Alexis Lafrenière,NYR,f1,PP1,PTS,over,1.5,fanduel,430,True,0.6823970707442594,0.7010419497141045,0.14970970685573334,0.15616725614203072,17.94658220183404,0.0,no NHL data: 85% of positional prior,"draftkings@0.5,pinnacle@0.5,sgo_fair@0.5",v2,False,1.0468644783193533,0.18867924528301888,0.1535842364275118,-0.03509500885550709,-0.18600354693418752,-0.0064575492862973816,551.0,678.0,pass,2026-10-02T21:36:31+00:00,sgo_slate_alt_20261002T213627Z.json
BOS@WPG,Marat Khusnutdinov,BOS,f3,-,G,over,1.5,fanduel,10000,False,0.14566374708201094,0.12330871497704686,0.009632889851191283,0.007005521099176705,14.553333111609474,1537.7725,,sgo_fair@0.5,v2,False,1.0982596332481283,0.009900990099009901,0.008056468599982537,-0.0018445214990273646,-0.18629667140176376,0.002627368752014578,12312.0,,pass,2026-10-02T21:36:31+00:00,sgo_slate_alt_20261002T213627Z.json
NYR@DET,Eeli Tolvanen,NYR,f3,PP2,G,over,1.5,draftkings,5000,True,0.176892659273506,0.19867069479551722,0.01391728035227359,0.017306006969473396,14.267736109868624,1801.4791666666667,,sgo_fair@0.5,v2,False,1.0982596332481283,0.0196078431372549,0.015950516322593474,-0.0036573268146614275,-0.18652366754773286,-0.0033887266171998068,6169.0,,pass,2026-10-02T21:36:31+00:00,sgo_slate_alt_20261002T213627Z.json
WSH@CAR,Jordan Kyrou,WSH,f3,PP2,SOG,over,3.5,fanduel,375,True,1.9658783555722847,2.207813978177234,0.14427794549584516,0.18924025101224404,14.636186494925454,1777.7216666666668,,"fanduel@2.5,sgo_fair@2.5",v2,False,1.1182260686839482,0.21052631578947367,0.1712553288056845,-0.03927098698378917,-0.18653718817299858,-0.044962305516398876,484.0,584.0,pass,2026-10-02T21:36:31+00:00,sgo_slate_alt_20261002T213627Z.json
ANA@VGK,Jack Eichel,VGK,f1,PP1,SOG,over,5.5,fanduel,500,True,3.4094308224759353,3.28994845954436,0.14451417108652415,0.12959422755610478,20.597276930957293,2298.3541666666665,,"draftkings@3.5,fanduel@3.5,pinnacle@2.5,sgo_fair@3.5",v2,False,1.1182260686839482,0.16666666666666666,0.13556220496827254,-0.03110446169839412,-0.18662677019036478,0.014919943530419366,638.0,804.0,pass,2026-10-02T21:36:31+00:00,sgo_slate_alt_20261002T213627Z.json
STL@DAL,Robert Thomas,STL,f1,PP1,SOG,under,1.5,fanduel,-122,False,1.9685968464447192,1.840395320582499,0.42587165711248687,0.460688865163309,18.68804235636643,1845.6466666666668,,"draftkings@1.5,fanduel@1.5,pinnacle@1.5,sgo_fair@2.0",v2,False,1.1182260686839482,0.5495495495495496,0.4467619819429801,-0.10278756760656949,-0.18703967220211815,-0.03481720805082211,124.0,137.0,pass,2026-10-02T21:36:31+00:00,sgo_slate_alt_20261002T213627Z.json
WSH@CAR,Jakob Chychrun,WSH,d1,PP1,PTS,over,1.5,draftkings,475,True,0.6426861735595096,0.6681059652455962,0.13614760243963175,0.14479761888973391,21.891377326993766,2568.704166666667,,"draftkings@0.5,pinnacle@0.5,sgo_fair@0.5",v2,False,1.0468644783193533,0.17391304347826086,0.14133761230969305,-0.032575431168567814,-0.187308729219265,-0.00865001645010216,608.0,760.0,pass,2026-10-02T21:36:31+00:00,sgo_slate_alt_20261002T213627Z.json
NYR@DET,Lucas Raymond,DET,f1,PP1,PTS,over,2.5,fanduel,1060,True,0.8686822045523243,0.9886841883445611,0.05779962857864749,0.0782317906497705,18.249403362076805,2197.0216666666665,,"draftkings@0.5,pinnacle@0.5,sgo_fair@1.0",v2,False,1.0468644783193533,0.08620689655172414,0.0700589258213213,-0.016147970730402847,-0.18731646047267303,-0.020432162071123007,1327.0,2119.0,pass,2026-10-02T21:36:31+00:00,sgo_slate_alt_20261002T213627Z.json
WSH@CAR,Jakob Chychrun,WSH,d1,PP1,G,over,1.5,draftkings,5000,False,0.18069549792872333,0.19593695881197729,0.01448588327006732,0.01686321179516075,21.891377326993766,2568.704166666667,,sgo_fair@0.5,v2,False,1.0982596332481283,0.0196078431372549,0.01591228038512338,-0.003695562752131523,-0.1884737003587077,-0.0023773285250934285,6184.0,,pass,2026-10-02T21:36:31+00:00,sgo_slate_alt_20261002T213627Z.json
NYR@DET,Pavel Dorofeyev,NYR,f2,PP1,G,over,2.5,fanduel,10000,True,0.40584402418140264,0.39920672164333404,0.008243390283881429,0.00788385931302382,16.450106012385557,2082.9491666666668,,"fanduel@0.5,pinnacle@0.5,sgo_fair@0.5",v2,False,1.0982596332481283,0.009900990099009901,0.008027671701366864,-0.001873318397643037,-0.18920515816194672,0.0003595309708576081,12357.0,,pass,2026-10-02T21:36:31+00:00,sgo_slate_alt_20261002T213627Z.json
NYR@DET,Emmitt Finnie,DET,f2,PP2,SOG,under,1.5,draftkings,-125,False,1.6890108136923874,2.0157096902464473,0.5045388768447374,0.4136132154228378,16.128041073700665,1271.0,,"draftkings@1.5,sgo_fair@2.0",v2,False,1.1182260686839482,0.5555555555555556,0.44998347999159766,-0.10557207556395792,-0.19002973601512418,0.09092566142189962,122.0,135.0,pass,2026-10-02T21:36:31+00:00,sgo_slate_alt_20261002T213627Z.json
ANA@VGK,Cutter Gauthier,ANA,f1,PP1,SOG,over,4.5,fanduel,245,True,2.922382978028437,3.4358790498812657,0.1822250586102506,0.2694585453863356,16.623295864485087,1833.5541666666666,,"draftkings@3.5,fanduel@3.5,pinnacle@3.5,sgo_fair@3.5",v2,False,1.1182260686839482,0.2898550724637681,0.2345651506759016,-0.055289921787866514,-0.1907502301681394,-0.08723348677608503,326.0,377.0,pass,2026-10-02T21:36:31+00:00,sgo_slate_alt_20261002T213627Z.json
STL@DAL,Roope Hintz,DAL,f2,PP1,PTS,over,2.5,fanduel,1060,True,0.8810679610010661,0.9786253889557811,0.05977581791840406,0.07641207346910786,16.249302644351516,1496.78,,"draftkings@0.5,pinnacle@0.5,sgo_fair@1.0",v2,False,1.0468644783193533,0.08620689655172414,0.06975757124882634,-0.016449325302897805,-0.19081217351361446,-0.016636255550703798,1334.0,2134.0,pass,2026-10-02T21:36:31+00:00,sgo_slate_alt_20261002T213627Z.json
STL@DAL,Jonatan Berggren,STL,f3,-,PTS,over,1.5,draftkings,1500,True,0.37709563592917983,0.3442929414900185,0.055518298728569844,0.04727098074651888,14.33756505235743,1142.8941666666665,,"draftkings@0.5,sgo_fair@0.5",v2,False,1.0468644783193533,0.0625,0.05056990793933927,-0.01193009206066073,-0.19088147297057168,0.008247317982050965,1877.0,3811.0,pass,2026-10-02T21:36:31+00:00,sgo_slate_alt_20261002T213627Z.json
STL@DAL,Robert Thomas,STL,f1,PP1,PTS,under,0.5,draftkings,110,False,0.944670480887935,0.960198041227617,0.3888076693531193,0.3828170649060245,18.68804235636643,1845.6466666666668,,"draftkings@0.5,pinnacle@0.5,sgo_fair@1.0",v2,False,1.0468644783193533,0.47619047619047616,0.3852133066848624,-0.09097716950561374,-0.19105205596178887,0.005990604447094761,160.0,178.0,pass,2026-10-02T21:36:31+00:00,sgo_slate_alt_20261002T213627Z.json
BOS@WPG,James Hagens,BOS,f3,PP2,G,over,1.5,draftkings,5500,False,0.1699347612462111,0.18711116567652875,0.012902809333437794,0.01546753153790569,13.841666666666665,42.55,,sgo_fair@0.5,v1,False,1.0982596332481283,0.017857142857142856,0.014441642656118532,-0.003415500201024324,-0.19126801125736215,-0.002564722204467896,6824.0,,pass,2026-10-02T21:36:31+00:00,sgo_slate_alt_20261002T213627Z.json
STL@DAL,Esa Lindell,DAL,d2,PP2,PTS,over,1.5,draftkings,1200,True,0.4118933768838307,0.3957971259173965,0.06476902936809634,0.060428592734225746,22.882993427939844,2703.7525,,"draftkings@0.5,sgo_fair@0.5",v2,False,1.0468644783193533,0.07692307692307693,0.062164767387773975,-0.014758309535302952,-0.19185802395893836,0.004340436633870591,1509.0,2591.0,pass,2026-10-02T21:36:31+00:00,sgo_slate_alt_20261002T213627Z.json
ANA@VGK,Ivan Barbashev,VGK,f1,-,PTS,over,1.5,draftkings,350,True,0.7810791293473323,0.7582699042968668,0.18442320839639909,0.1762923351098507,16.2984941270241,1875.4308333333333,,"draftkings@0.5,pinnacle@0.5,sgo_fair@0.5",v2,False,1.0468644783193533,0.2222222222222222,0.17954468442447005,-0.04267753779775216,-0.19204892008988472,0.008130873286548379,457.0,547.0,pass,2026-10-02T21:36:31+00:00,sgo_slate_alt_20261002T213627Z.json
NYR@DET,Albert Johansson,DET,d1,-,G,over,0.5,draftkings,1200,False,0.04452231289169161,0.07743805503820503,0.04354574140475361,0.07451564828614193,16.65774239725896,1756.1741666666667,,sgo_fair@0.5,v2,False,1.0982596332481283,0.07692307692307693,0.06212768553358661,-0.01479539138949032,-0.1923400880633741,-0.030969906881388322,1510.0,2593.0,pass,2026-10-02T21:36:31+00:00,sgo_slate_alt_20261002T213627Z.json
ANA@VGK,Trevor Connelly,VGK,f3,PP2,PTS,over,1.5,draftkings,900,True,0.4665811431287223,0.46950444040440925,0.08024431508005504,0.08110113515853364,12.433333333333334,11.366666666666667,,"draftkings@0.5,sgo_fair@0.5",v1,False,1.0468644783193533,0.1,0.08075840712714219,-0.019241592872857816,-0.19241592872857805,-0.0008568200784785929,1138.0,1693.0,pass,2026-10-02T21:36:31+00:00,sgo_slate_alt_20261002T213627Z.json
ANA@VGK,A.J. Greer,ANA,f1,PP2,PTS,over,1.5,draftkings,750,True,0.4929973588356163,0.5302168130806418,0.08808783997804306,0.09950204003896447,15.256462352579149,1319.1225000000002,,sgo_fair@0.5,v2,False,1.0468644783193533,0.11764705882352941,0.0949363600145959,-0.022710698808933505,-0.19304093987593485,-0.011414200060921406,953.0,1330.0,pass,2026-10-02T21:36:31+00:00,sgo_slate_alt_20261002T213627Z.json
ANA@VGK,Mikael Granlund,ANA,f2,PP1,PTS,over,1.5,fanduel,390,True,0.7525659194548403,0.7069679840281606,0.17426796069252926,0.15823070278301402,18.703895528300663,1838.5333333333333,,"draftkings@0.5,pinnacle@0.5,sgo_fair@0.5",v2,False,1.0468644783193533,0.20408163265306123,0.16464560594682012,-0.039436026706241106,-0.19323653086058135,0.01603725790951524,507.0,616.0,pass,2026-10-02T21:36:31+00:00,sgo_slate_alt_20261002T213627Z.json
NYR@DET,Alexis Lafrenière,NYR,f1,PP1,PTS,over,1.5,draftkings,425,True,0.6823970707442594,0.7010419497141045,0.14970970685573334,0.15616725614203072,17.94658220183404,0.0,no NHL data: 85% of positional prior,"draftkings@0.5,pinnacle@0.5,sgo_fair@0.5",v2,False,1.0468644783193533,0.19047619047619047,0.1535842364275118,-0.03689195404867868,-0.19368275875556307,-0.0064575492862973816,551.0,678.0,pass,2026-10-02T21:36:31+00:00,sgo_slate_alt_20261002T213627Z.json
NYR@DET,Andrew Copp,DET,f1,PP1,SOG,under,1.5,draftkings,-150,False,2.026936226559812,1.5986603335453926,0.41073456730156854,0.5320911173795149,17.350846748956222,1679.7833333333333,,"draftkings@1.5,pinnacle@1.5,sgo_fair@1.5",v2,False,1.1182260686839482,0.6,0.4835484973483363,-0.11645150265166365,-0.19408583775277288,-0.12135655007794632,107.0,118.0,data-check,2026-10-02T21:36:31+00:00,sgo_slate_alt_20261002T213627Z.json
WSH@CAR,Jackson Blake,CAR,f2,PP1,G,over,1.5,fanduel,1700,True,0.3596576157515995,0.3159628297058096,0.05107422830429747,0.04054920052796964,17.175685133360474,1856.5166666666667,,"pinnacle@0.5,sgo_fair@0.5",v2,False,1.0982596332481283,0.05555555555555555,0.04475921163850077,-0.01079634391705478,-0.19433419050698608,0.010525027776327828,2134.0,4961.0,pass,2026-10-02T21:36:31+00:00,sgo_slate_alt_20261002T213627Z.json
BOS@WPG,David Pastrnak,BOS,f1,PP1,SOG,over,4.5,draftkings,200,True,3.2437906704082855,3.550763789307926,0.23587912480287768,0.2898875176913135,19.305080809204785,2352.8866666666668,,"draftkings@3.5,fanduel@3.5,pinnacle@3.5,sgo_fair@3.5",v2,False,1.1182260686839482,0.3333333333333333,0.2682841605359392,-0.06504917279739414,-0.19514751839218247,-0.05400839288843581,273.0,311.0,pass,2026-10-02T21:36:31+00:00,sgo_slate_alt_20261002T213627Z.json
WSH@CAR,Alex Tuch,WSH,f1,PP2,A,over,1.5,fanduel,1400,True,0.35335083653606847,0.3804638059027471,0.04950009620911425,0.05639182887660323,19.394777971531802,2210.999166666667,,sgo_fair@0.5,v2,False,1.1032038554164156,0.06666666666666667,0.05363513580960764,-0.013031530857059027,-0.19547296285588545,-0.006891732667488985,1764.0,3392.0,pass,2026-10-02T21:36:31+00:00,sgo_slate_alt_20261002T213627Z.json
STL@DAL,Pius Suter,STL,f4,-,G,over,1.5,fanduel,10000,False,0.13934182567238604,0.12659103467686114,0.008851667162259026,0.007367471230018873,13.69458688856683,1649.3899999999999,,sgo_fair@0.5,v2,False,1.0982596332481283,0.009900990099009901,0.007961149602914934,-0.0019398404960949672,-0.19592389010559164,0.001484195932240153,12461.0,,pass,2026-10-02T21:36:31+00:00,sgo_slate_alt_20261002T213627Z.json
BOS@WPG,Isak Rosen,WPG,f2,PP2,A,over,0.5,draftkings,280,False,0.1695821238164737,0.28590195726495055,0.15598256229903212,0.24866372460067804,12.432813007320586,460.3691666666667,,"draftkings@0.5,sgo_fair@0.5",v2,False,1.1032038554164156,0.2631578947368421,0.21159125968001966,-0.051566635056822435,-0.1959532132159253,-0.09268116230164591,373.0,436.0,pass,2026-10-02T21:36:31+00:00,sgo_slate_alt_20261002T213627Z.json
ANA@VGK,Trevor Connelly,VGK,f3,PP2,G,over,1.5,fanduel,3500,False,0.2098630665231301,0.23922968906583417,0.01916975919532263,0.02443620222476888,12.433333333333334,11.366666666666667,,sgo_fair@0.5,v1,False,1.0982596332481283,0.027777777777777776,0.022329625012990382,-0.005448152764787394,-0.19613349953234627,-0.00526644302944625,4378.0,,pass,2026-10-02T21:36:31+00:00,sgo_slate_alt_20261002T213627Z.json
STL@DAL,Robert Thomas,STL,f1,PP1,A,over,1.5,fanduel,560,True,0.6154006727555197,0.5890325913851534,0.1269981921227483,0.11830332975623029,18.68804235636643,1845.6466666666668,,"draftkings@0.5,pinnacle@0.5,sgo_fair@0.5",v2,False,1.1032038554164156,0.15151515151515152,0.12178127470283749,-0.029733876812314028,-0.19624358696127264,0.008694862366518008,721.0,933.0,pass,2026-10-02T21:36:31+00:00,sgo_slate_alt_20261002T213627Z.json
BOS@WPG,Nino Niederreiter,WPG,f4,PP2,G,over,1.5,draftkings,4500,False,0.20060892769014893,0.19906748870597027,0.017622927248073163,0.017370686150736916,12.718651918167513,1387.9566666666665,,sgo_fair@0.5,v2,False,1.0982596332481283,0.021739130434782608,0.017471582589671415,-0.004267547845111193,-0.19630720087511488,0.00025224109733624697,5624.0,,pass,2026-10-02T21:36:31+00:00,sgo_slate_alt_20261002T213627Z.json
BOS@WPG,Nino Niederreiter,WPG,f4,PP2,G,over,1.5,fanduel,4500,False,0.20060892769014893,0.19906748870597027,0.017622927248073163,0.017370686150736916,12.718651918167513,1387.9566666666665,,sgo_fair@0.5,v2,False,1.0982596332481283,0.021739130434782608,0.017471582589671415,-0.004267547845111193,-0.19630720087511488,0.00025224109733624697,5624.0,,pass,2026-10-02T21:36:31+00:00,sgo_slate_alt_20261002T213627Z.json
STL@DAL,Thomas Harley,DAL,d1,PP2,G,over,1.5,fanduel,8000,False,0.15727554213319692,0.14127824289312269,0.011144405890265054,0.00908779701374458,23.654813514126516,2434.6675,,sgo_fair@0.5,v2,False,1.0982596332481283,0.012345679012345678,0.009910440564352769,-0.0024352384479929094,-0.19725431428742568,0.002056608876520474,9990.0,,pass,2026-10-02T21:36:31+00:00,sgo_slate_alt_20261002T213627Z.json
STL@DAL,Thomas Harley,DAL,d1,PP2,G,over,1.5,draftkings,8000,False,0.15727554213319692,0.14127824289312269,0.011144405890265054,0.00908779701374458,23.654813514126516,2434.6675,,sgo_fair@0.5,v2,False,1.0982596332481283,0.012345679012345678,0.009910440564352769,-0.0024352384479929094,-0.19725431428742568,0.002056608876520474,9990.0,,pass,2026-10-02T21:36:31+00:00,sgo_slate_alt_20261002T213627Z.json
STL@DAL,Connor McMichael,STL,f2,PP2,A,over,1.5,draftkings,1500,True,0.3484028727390058,0.3610133455373304,0.04827774707125084,0.05141494098913322,16.28334807004509,1938.9183333333335,,sgo_fair@0.5,v2,False,1.1032038554164156,0.0625,0.05016006342198027,-0.012339936578019732,-0.1974389852483157,-0.0031371939178823777,1894.0,3875.0,pass,2026-10-02T21:36:31+00:00,sgo_slate_alt_20261002T213627Z.json
NYR@DET,Pavel Dorofeyev,NYR,f2,PP1,SOG,over,4.5,draftkings,360,True,2.8810891147159556,2.8682035624444366,0.17563702582143356,0.17359790342276016,16.450106012385557,2082.9491666666668,,"draftkings@2.5,fanduel@2.5,pinnacle@2.5,sgo_fair@3.5",v2,False,1.1182260686839482,0.21739130434782608,0.17441355238222953,-0.042977751965596556,-0.1976976590417443,0.002039122398673404,473.0,569.0,pass,2026-10-02T21:36:31+00:00,sgo_slate_alt_20261002T213627Z.json
WSH@CAR,Tom Wilson,WSH,f1,PP1,SOG,over,4.5,draftkings,1500,True,1.8366419942423062,1.922433066195927,0.04565463635799994,0.053118329343690776,18.257601622938086,2083.9066666666668,,"draftkings@1.5,fanduel@1.5,pinnacle@1.5,sgo_fair@2.0",v2,False,1.1182260686839482,0.0625,0.050132852149414445,-0.012367147850585555,-0.19787436560936889,-0.0074636929856908354,1895.0,3879.0,pass,2026-10-02T21:36:31+00:00,sgo_slate_alt_20261002T213627Z.json
ANA@VGK,Leo Carlsson,ANA,f1,PP1,PTS,over,1.5,fanduel,255,True,0.8007260759768395,0.9581897293945755,0.19146888581585747,0.24886455483121553,17.96890196451367,1895.936666666667,,"draftkings@0.5,pinnacle@0.5,sgo_fair@1.0",v2,False,1.0468644783193533,0.28169014084507044,0.22590628722507233,-0.0557838536199981,-0.1980326803509933,-0.05739566901535806,343.0,398.0,pass,2026-10-02T21:36:31+00:00,sgo_slate_alt_20261002T213627Z.json
BOS@WPG,JJ Peterka,BOS,f1,PP1,G,over,1.5,fanduel,2000,True,0.29203738404247415,0.31436963032387133,0.0351832037220535,0.040182818125683584,15.938440465588924,1957.9416666666666,,"fanduel@0.5,pinnacle@0.5,sgo_fair@0.5",v2,False,1.0982596332481283,0.047619047619047616,0.03818297236423155,-0.009436075254816066,-0.1981575803511374,-0.004999614403630087,2519.0,7486.0,pass,2026-10-02T21:36:31+00:00,sgo_slate_alt_20261002T213627Z.json
ANA@VGK,William Karlsson,VGK,f2,PP2,SOG,over,3.5,fanduel,470,True,2.0814648851626067,1.8468127959968956,0.1652701233821029,0.12374976525155218,16.71967523099671,635.2708333333334,,"draftkings@1.5,pinnacle@1.5,sgo_fair@1.5",v2,False,1.1182260686839482,0.17543859649122806,0.14035790850377247,-0.03508068798745559,-0.19995992152849684,0.041520358130550716,612.0,767.0,pass,2026-10-02T21:36:31+00:00,sgo_slate_alt_20261002T213627Z.json
STL@DAL,Wyatt Johnston,DAL,f1,PP1,PTS,under,0.5,draftkings,130,False,1.1318578875101861,1.0087162381254149,0.3224336541390407,0.36468685026452063,20.913031427503284,2348.4791666666665,,"draftkings@0.5,pinnacle@0.5,sgo_fair@1.0",v2,False,1.0468644783193533,0.43478260869565216,0.3477855718143287,-0.08699703688132349,-0.20009318482704408,-0.04225319612547995,188.0,210.0,pass,2026-10-02T21:36:31+00:00,sgo_slate_alt_20261002T213627Z.json
STL@DAL,Dylan Holloway,STL,f1,PP1,PTS,over,2.5,draftkings,1600,True,0.8732837504521325,0.7415906843590072,0.058530144406204195,0.03939607538960199,18.08848697930289,1659.9508333333333,,"draftkings@0.5,pinnacle@0.5,sgo_fair@0.5",v2,False,1.0468644783193533,0.058823529411764705,0.04704970299624287,-0.011773826415521833,-0.20015504906387116,0.019134069016602202,2025.0,4435.0,pass,2026-10-02T21:36:31+00:00,sgo_slate_alt_20261002T213627Z.json
ANA@VGK,Nic Dowd,VGK,f4,-,G,over,1.5,fanduel,10000,False,0.12733644517856899,0.13406926802969113,0.007450826951300477,0.00822298642823747,12.805707071944395,1663.2616666666668,,sgo_fair@0.5,v2,False,1.0982596332481283,0.009900990099009901,0.007914122637462672,-0.001986867461547229,-0.20067361361627012,-0.0007721594769369922,12536.0,,pass,2026-10-02T21:36:31+00:00,sgo_slate_alt_20261002T213627Z.json
ANA@VGK,Nic Dowd,VGK,f4,-,G,over,1.5,draftkings,10000,False,0.12733644517856899,0.13406926802969113,0.007450826951300477,0.00822298642823747,12.805707071944395,1663.2616666666668,,sgo_fair@0.5,v2,False,1.0982596332481283,0.009900990099009901,0.007914122637462672,-0.001986867461547229,-0.20067361361627012,-0.0007721594769369922,12536.0,,pass,2026-10-02T21:36:31+00:00,sgo_slate_alt_20261002T213627Z.json
NYR@DET,Eeli Tolvanen,NYR,f3,PP2,SOG,over,3.5,draftkings,750,True,1.7202968901424032,1.6162822567512287,0.1033301921226409,0.08774124117624296,14.267736109868624,1801.4791666666667,,"draftkings@1.5,pinnacle@1.5,sgo_fair@1.5",v2,False,1.1182260686839482,0.11764705882352941,0.09397682155480214,-0.023670237268727273,-0.2011970167841819,0.015588950946397936,964.0,1350.0,pass,2026-10-02T21:36:31+00:00,sgo_slate_alt_20261002T213627Z.json
BOS@WPG,Josh Morrissey,WPG,d1,PP1,SOG,over,3.5,fanduel,285,True,2.267287406495546,2.3223860529590477,0.2008400623603871,0.21174367111280926,23.689330519334643,2781.5350000000003,,"draftkings@2.5,pinnacle@2.5,sgo_fair@2.5",v2,False,1.1182260686839482,0.2597402597402597,0.2073822276118404,-0.05235803212841933,-0.20157842369441448,-0.010903608752422161,382.0,448.0,pass,2026-10-02T21:36:31+00:00,sgo_slate_alt_20261002T213627Z.json
STL@DAL,Miro Heiskanen,DAL,d1,PP1,PTS,over,2.5,fanduel,1100,True,0.8036757964742296,0.9924636355830904,0.047952577473801945,0.07892039699641952,25.972927915823785,2527.524166666667,,"draftkings@0.5,pinnacle@0.5,sgo_fair@1.0",v2,False,1.0468644783193533,0.08333333333333333,0.06653326918737248,-0.016800064145960844,-0.20160076975153018,-0.030967819522617575,1403.0,2308.0,pass,2026-10-02T21:36:31+00:00,sgo_slate_alt_20261002T213627Z.json
NYR@DET,Justin Faulk,DET,d3,PP2,SOG,under,1.5,draftkings,-115,False,1.8667737673724571,2.031765832456246,0.4533504048921734,0.40950119849846667,19.45308564413804,2504.826666666667,,"draftkings@1.5,sgo_fair@2.0",v2,False,1.1182260686839482,0.5348837209302325,0.42704088105594934,-0.10784283987428317,-0.20161922237366003,0.04384920639370671,134.0,149.0,pass,2026-10-02T21:36:31+00:00,sgo_slate_alt_20261002T213627Z.json
STL@DAL,Mason McTavish,STL,f2,PP1,SOG,over,2.5,draftkings,155,True,1.9241016767801815,1.9843384943384519,0.3034630916793925,0.31909576126667055,13.933970658700481,1726.1308333333334,,"fanduel@1.5,sgo_fair@1.5",v2,False,1.1182260686839482,0.39215686274509803,0.31284269343175936,-0.07931416931333868,-0.20225113174901366,-0.015632669587278047,220.0,247.0,pass,2026-10-02T21:36:31+00:00,sgo_slate_alt_20261002T213627Z.json
BOS@WPG,Kyle Connor,WPG,f1,PP1,PTS,over,2.5,draftkings,850,True,1.0350886205960523,1.0093650664618568,0.08686748684274487,0.08203204570902363,19.93354117554885,2516.0816666666665,,"draftkings@0.5,pinnacle@0.5,sgo_fair@1.5",v2,False,1.0468644783193533,0.10526315789473684,0.08396622216251212,-0.021296935732224714,-0.2023208894561348,0.004835441133721238,1091.0,1596.0,pass,2026-10-02T21:36:31+00:00,sgo_slate_alt_20261002T213627Z.json
WSH@CAR,Andrei Svechnikov,CAR,f1,PP1,SOG,over,5.5,draftkings,1200,True,2.7214560494943885,2.564927349916448,0.0692383310245573,0.056052923787217594,17.174841336373092,1912.6491666666668,,"draftkings@2.5,fanduel@2.5,pinnacle@2.5,sgo_fair@2.5",v2,False,1.1182260686839482,0.07692307692307693,0.061327086682153475,-0.015595990240923452,-0.20274787313200482,0.013185407237339707,1531.0,2653.0,pass,2026-10-02T21:36:31+00:00,sgo_slate_alt_20261002T213627Z.json
ANA@VGK,Mitch Marner,VGK,f2,PP1,PTS,over,2.5,draftkings,650,True,1.130772072799919,1.1343204250030403,0.10585786131262732,0.10659110749230027,20.54836472665646,2414.8641666666667,,"draftkings@0.5,sgo_fair@1.5",v2,False,1.0468644783193533,0.13333333333333333,0.1062978090204311,-0.027035524312902237,-0.20276643234676683,-0.00073324617967295,841.0,1130.0,pass,2026-10-02T21:36:31+00:00,sgo_slate_alt_20261002T213627Z.json
ANA@VGK,Jack Eichel,VGK,f1,PP1,SOG,over,6.5,draftkings,1100,True,3.4094308224759353,3.28994845954436,0.07192955921498982,0.06273575162636937,20.597276930957293,2298.3541666666665,,"draftkings@3.5,fanduel@3.5,pinnacle@2.5,sgo_fair@3.5",v2,False,1.1182260686839482,0.08333333333333333,0.06641327466181754,-0.01692005867151579,-0.20304070405818953,0.009193807588620456,1406.0,2315.0,pass,2026-10-02T21:36:31+00:00,sgo_slate_alt_20261002T213627Z.json
BOS@WPG,Vladislav Namestnikov,WPG,f4,PP2,G,over,1.5,draftkings,6000,False,0.165913252247487,0.1743533871447801,0.012331896020080496,0.013543154798387034,12.035009628550966,1356.2949999999998,,sgo_fair@0.5,v2,False,1.0982596332481283,0.01639344262295082,0.013058651287064418,-0.003334791335886402,-0.20342227148907044,-0.001211258778306537,7558.0,,pass,2026-10-02T21:36:31+00:00,sgo_slate_alt_20261002T213627Z.json
ANA@VGK,Cutter Gauthier,ANA,f1,PP1,A,over,1.5,draftkings,1200,True,0.35915437459616717,0.42393833323948593,0.0509479660884811,0.06808328184941358,16.623295864485087,1833.5541666666666,,"draftkings@0.5,pinnacle@0.5,sgo_fair@0.5",v2,False,1.1032038554164156,0.07692307692307693,0.06122915554504059,-0.015693921378036338,-0.20402097791447238,-0.017135315760932475,1533.0,2660.0,pass,2026-10-02T21:36:31+00:00,sgo_slate_alt_20261002T213627Z.json
WSH@CAR,Logan Stankoven,CAR,f2,PP2,A,over,1.5,draftkings,1400,True,0.39326138815952033,0.3496744570529081,0.059754311303990656,0.04859081097481026,17.072616370327324,1801.0691666666667,,"draftkings@0.5,pinnacle@0.5,sgo_fair@0.5",v2,False,1.1032038554164156,0.06666666666666667,0.05305621110648242,-0.013610455560184247,-0.2041568334027637,0.011163500329180398,1785.0,3464.0,pass,2026-10-02T21:36:31+00:00,sgo_slate_alt_20261002T213627Z.json
ANA@VGK,Tomas Hertl,VGK,f3,PP1,A,over,1.5,fanduel,1000,True,0.48639007367282316,0.4060154188833554,0.0861050630040915,0.0631720757937094,14.758236776055922,1974.8158333333336,,"draftkings@0.5,pinnacle@0.5,sgo_fair@0.5",v2,False,1.1032038554164156,0.09090909090909091,0.07234527067786224,-0.01856382023122867,-0.20420202254351538,0.022932987210382103,1282.0,2012.0,pass,2026-10-02T21:36:31+00:00,sgo_slate_alt_20261002T213627Z.json
WSH@CAR,Sean Walker,CAR,d2,-,PTS,over,1.5,draftkings,1200,True,0.39799609627093924,0.3991384679265911,0.061015441780933835,0.061321084037811835,21.477397357039713,2407.115,,"draftkings@0.5,sgo_fair@0.5",v2,False,1.0468644783193533,0.07692307692307693,0.061198827135060634,-0.015724249788016294,-0.20441524724421178,-0.00030564225687799984,1534.0,2663.0,pass,2026-10-02T21:36:31+00:00,sgo_slate_alt_20261002T213627Z.json
STL@DAL,Miro Heiskanen,DAL,d1,PP1,SOG,over,2.5,draftkings,120,False,1.8688868290955494,2.3397194152326795,0.28912893694606334,0.40989151539088575,25.972927915823785,2527.524166666667,,"draftkings@2.5,fanduel@2.5,pinnacle@2.5,sgo_fair@2.5",v2,False,1.1182260686839482,0.45454545454545453,0.3615864840129568,-0.09295897053249774,-0.20450973517149496,-0.12076257844482241,177.0,197.0,data-check,2026-10-02T21:36:31+00:00,sgo_slate_alt_20261002T213627Z.json
WSH@CAR,Jakob Chychrun,WSH,d1,PP1,SOG,over,4.5,draftkings,1100,True,1.9438461414714083,2.1294097511647485,0.05508072385923054,0.07372400618920755,21.891377326993766,2568.704166666667,,"draftkings@1.5,fanduel@1.5,pinnacle@1.5,sgo_fair@2.0",v2,False,1.1182260686839482,0.08333333333333333,0.06626669325721675,-0.01706664007611658,-0.20479968091339895,-0.018643282329977008,1409.0,2323.0,pass,2026-10-02T21:36:31+00:00,sgo_slate_alt_20261002T213627Z.json
STL@DAL,Justin Hryckowian,DAL,f1,PP2,SOG,over,2.5,draftkings,290,True,1.4501526847130382,1.5899289039254214,0.18286016927130422,0.21750495865764774,16.275927825541153,1094.9966666666667,,"draftkings@1.5,sgo_fair@1.5",v2,False,1.1182260686839482,0.2564102564102564,0.20364704290311034,-0.05276321350714605,-0.20577653267786966,-0.03464478938634352,391.0,460.0,pass,2026-10-02T21:36:31+00:00,sgo_slate_alt_20261002T213627Z.json
WSH@CAR,Alex Ovechkin,WSH,f2,PP1,PTS,over,1.5,draftkings,425,True,0.7351128724232218,0.6531593766573446,0.16809780985103465,0.1396974470566432,16.67895270691558,1949.2041666666667,,"draftkings@0.5,pinnacle@0.5,sgo_fair@0.5",v2,False,1.0468644783193533,0.19047619047619047,0.15105759217439976,-0.0394185983017907,-0.20694764108440122,0.028400362794391454,562.0,693.0,pass,2026-10-02T21:36:31+00:00,sgo_slate_alt_20261002T213627Z.json
STL@DAL,Miro Heiskanen,DAL,d1,PP1,SOG,over,3.5,fanduel,340,True,1.8688868290955494,2.3397194152326795,0.12746442835516625,0.21520247899607006,25.972927915823785,2527.524166666667,,"draftkings@2.5,fanduel@2.5,pinnacle@2.5,sgo_fair@2.5",v2,False,1.1182260686839482,0.22727272727272727,0.18010725873970854,-0.04716546853301873,-0.20752806154528236,-0.08773805064090381,455.0,545.0,pass,2026-10-02T21:36:31+00:00,sgo_slate_alt_20261002T213627Z.json
NYR@DET,Gabe Perreault,NYR,not in DF lineup,-,G,over,1.5,draftkings,3500,False,0.20697237520347758,0.23815395139858134,0.01868063359401434,0.02423395563039672,15.255362995888913,842.9158333333332,,"fanduel@0.5,sgo_fair@0.5",v1,False,1.0982596332481283,0.027777777777777776,0.022012626815843768,-0.005765150961934008,-0.20754543462962438,-0.005553322036382379,4443.0,,pass,2026-10-02T21:36:31+00:00,sgo_slate_alt_20261002T213627Z.json
ANA@VGK,Mitch Marner,VGK,f2,PP1,G,over,1.5,draftkings,1200,False,0.3623835530779898,0.4201029539588546,0.05176012383545534,0.06702192902202674,20.54836472665646,2414.8641666666667,,"fanduel@0.5,sgo_fair@0.5",v2,False,1.0982596332481283,0.07692307692307693,0.060917206947398175,-0.016005869975678752,-0.20807630968382373,-0.015261805186571394,1542.0,2684.0,pass,2026-10-02T21:36:31+00:00,sgo_slate_alt_20261002T213627Z.json
ANA@VGK,Mitch Marner,VGK,f2,PP1,G,over,1.5,fanduel,1200,True,0.3623835530779898,0.4201029539588546,0.05176012383545534,0.06702192902202674,20.54836472665646,2414.8641666666667,,"fanduel@0.5,sgo_fair@0.5",v2,False,1.0982596332481283,0.07692307692307693,0.060917206947398175,-0.016005869975678752,-0.20807630968382373,-0.015261805186571394,1542.0,2684.0,pass,2026-10-02T21:36:31+00:00,sgo_slate_alt_20261002T213627Z.json
ANA@VGK,Jackson LaCombe,ANA,d1,PP1,G,over,1.5,fanduel,6500,False,0.16434414498947908,0.1629613095094138,0.012112231350335012,0.011920090416814435,25.36882371969002,2740.9808333333335,,sgo_fair@0.5,v2,False,1.0982596332481283,0.015151515151515152,0.011996946790222666,-0.0031545683612924855,-0.208201511845304,0.00019214093352057718,8235.0,,pass,2026-10-02T21:36:31+00:00,sgo_slate_alt_20261002T213627Z.json
ANA@VGK,Victor Olofsson,VGK,f3,PP2,G,over,1.5,fanduel,3300,False,0.24011523459639014,0.22825865198053372,0.024603211465043292,0.02240637903546527,13.560078838767604,1437.0491666666667,,sgo_fair@0.5,v2,False,1.0982596332481283,0.029411764705882353,0.02328511200729648,-0.006126652698585873,-0.20830619175191967,0.0021968324295780217,4195.0,,pass,2026-10-02T21:36:31+00:00,sgo_slate_alt_20261002T213627Z.json
ANA@VGK,Mikael Granlund,ANA,f2,PP1,A,over,1.5,draftkings,900,True,0.45383894561162086,0.4683538288493259,0.07654327393928882,0.08076355063080863,18.703895528300663,1838.5333333333333,,"draftkings@0.5,pinnacle@0.5,sgo_fair@0.5",v2,False,1.1032038554164156,0.1,0.0790754399542007,-0.020924560045799304,-0.209245600457993,-0.004220276691519809,1165.0,1749.0,pass,2026-10-02T21:36:31+00:00,sgo_slate_alt_20261002T213627Z.json
WSH@CAR,Dylan Strome,WSH,f2,PP1,A,over,1.5,fanduel,900,True,0.44613460061081267,0.47317499080436837,0.07433270024174682,0.08218098706371321,16.4350786487246,2084.476666666667,,"draftkings@0.5,pinnacle@0.5,sgo_fair@0.5",v2,False,1.1032038554164156,0.1,0.07904167233492665,-0.020958327665073356,-0.2095832766507335,-0.007848286821966394,1165.0,1750.0,pass,2026-10-02T21:36:31+00:00,sgo_slate_alt_20261002T213627Z.json
ANA@VGK,Jackson LaCombe,ANA,d1,PP1,SOG,over,3.5,draftkings,550,True,1.745925016041635,1.8898617382863467,0.10734205569854678,0.13103363212240288,25.36882371969002,2740.9808333333335,,"draftkings@1.5,fanduel@1.5,pinnacle@1.5,sgo_fair@2.5",v2,False,1.1182260686839482,0.15384615384615385,0.12155700155286045,-0.032289152293293405,-0.20987948990640704,-0.023691576423856095,723.0,936.0,pass,2026-10-02T21:36:31+00:00,sgo_slate_alt_20261002T213627Z.json
NYR@DET,Alex DeBrincat,DET,f1,PP1,SOG,over,6.5,fanduel,850,True,3.5365140211988266,3.5490445411392613,0.08248340831518491,0.08356670459447,18.58434807318392,2176.461666666667,,"draftkings@3.5,fanduel@3.5,pinnacle@3.5,sgo_fair@3.5",v2,False,1.1182260686839482,0.10526315789473684,0.08313338608275597,-0.022129771811980864,-0.21023283221381828,-0.0010832962792850925,1103.0,1620.0,pass,2026-10-02T21:36:31+00:00,sgo_slate_alt_20261002T213627Z.json
ANA@VGK,Ryan Poehling,ANA,f3,PP2,SOG,over,2.5,draftkings,300,True,1.4034670179302313,1.5762886913354086,0.17159485876457,0.2140729917097863,12.623491757963661,1554.775,,"draftkings@1.5,sgo_fair@1.5",v2,False,1.1182260686839482,0.25,0.1970817385316998,-0.0529182614683002,-0.2116730458732008,-0.042478132945216296,407.0,481.0,pass,2026-10-02T21:36:31+00:00,sgo_slate_alt_20261002T213627Z.json
BOS@WPG,Adam Lowry,WPG,f3,-,G,over,1.5,draftkings,7000,False,0.17293814131243915,0.14539346657066704,0.013336577639491318,0.009598883438895556,15.024993031821769,1554.82,,sgo_fair@0.5,v2,False,1.0982596332481283,0.014084507042253521,0.011093961119133862,-0.0029905459231196595,-0.21232876054149585,0.003737694200595762,8914.0,,pass,2026-10-02T21:36:31+00:00,sgo_slate_alt_20261002T213627Z.json
NYR@DET,Moritz Seider,DET,d1,PP1,PTS,over,1.5,fanduel,360,True,0.7795622041597174,0.7196175011330034,0.1838807727181478,0.1626520785504702,24.012255414088816,3029.8125,,"draftkings@0.5,pinnacle@0.5,sgo_fair@0.5",v2,False,1.0468644783193533,0.21739130434782608,0.17114355621754124,-0.046247748130284844,-0.21273964139931034,0.021228694167677586,484.0,584.0,pass,2026-10-02T21:36:31+00:00,sgo_slate_alt_20261002T213627Z.json
STL@DAL,Roope Hintz,DAL,f2,PP1,A,over,1.5,draftkings,600,True,0.6007783600420442,0.5504908567685092,0.1221577525169641,0.10588358501685488,16.249302644351516,1496.78,,"draftkings@0.5,pinnacle@0.5,sgo_fair@0.5",v2,False,1.1032038554164156,0.14285714285714285,0.11239325201689858,-0.03046389084024427,-0.2132472358817099,0.016274167500109224,790.0,1044.0,pass,2026-10-02T21:36:31+00:00,sgo_slate_alt_20261002T213627Z.json
NYR@DET,Alex DeBrincat,DET,f1,PP1,SOG,over,7.5,draftkings,1900,True,3.5365140211988266,3.5490445411392613,0.03895928554605749,0.03958112331251269,18.58434807318392,2176.461666666667,,"draftkings@3.5,fanduel@3.5,pinnacle@3.5,sgo_fair@3.5",v2,False,1.1182260686839482,0.05,0.03933238820593061,-0.010667611794069394,-0.21335223588138785,-0.0006218377664552049,2442.0,6877.0,pass,2026-10-02T21:36:31+00:00,sgo_slate_alt_20261002T213627Z.json
NYR@DET,Emmitt Finnie,DET,f2,PP2,G,over,1.5,draftkings,3000,False,0.23990314127657592,0.24694760911456554,0.024563169057117893,0.025907447584464026,16.128041073700665,1271.0,,sgo_fair@0.5,v2,False,1.0982596332481283,0.03225806451612903,0.025369736173525573,-0.006888328342603459,-0.21353817862070723,-0.0013442785273461329,3842.0,270363.0,pass,2026-10-02T21:36:31+00:00,sgo_slate_alt_20261002T213627Z.json
STL@DAL,Mikko Rantanen,DAL,f1,PP1,G,over,1.5,fanduel,1100,True,0.41454823576751315,0.41454823576751315,0.06549474021876321,0.06549474021876321,20.640933758585803,2075.3450000000003,,"fanduel@0.5,pinnacle@0.5,sgo_fair@0.5",v2,False,1.0982596332481283,0.08333333333333333,0.06549474021876321,-0.017838593114570117,-0.21406311737484152,0.0,1427.0,2369.0,pass,2026-10-02T21:36:31+00:00,sgo_slate_alt_20261002T213627Z.json
WSH@CAR,Alex Ovechkin,WSH,f2,PP1,PTS,over,1.5,fanduel,420,True,0.7351128724232218,0.6531593766573446,0.16809780985103465,0.1396974470566432,16.67895270691558,1949.2041666666667,,"draftkings@0.5,pinnacle@0.5,sgo_fair@0.5",v2,False,1.0468644783193533,0.19230769230769232,0.15105759217439976,-0.041250100133292555,-0.2145005206931212,0.028400362794391454,562.0,693.0,pass,2026-10-02T21:36:31+00:00,sgo_slate_alt_20261002T213627Z.json
NYR@DET,Alexis Lafrenière,NYR,f1,PP1,SOG,over,3.5,draftkings,285,True,2.250055125162716,2.3028007819748226,0.1974601123091476,0.20785161613474182,17.94658220183404,0.0,no NHL data: 85% of positional prior,"draftkings@2.5,fanduel@2.5,pinnacle@2.5,sgo_fair@2.5",v2,False,1.1182260686839482,0.2597402597402597,0.20369501460450412,-0.056045245135755595,-0.21577419377265916,-0.010391503825594228,391.0,460.0,pass,2026-10-02T21:36:31+00:00,sgo_slate_alt_20261002T213627Z.json
WSH@CAR,Alex Tuch,WSH,f1,PP2,SOG,over,3.5,draftkings,300,True,2.080022343595709,2.3467326470045298,0.1650022887651059,0.2166056332468354,19.394777971531802,2210.999166666667,,"fanduel@2.5,sgo_fair@2.5",v2,False,1.1182260686839482,0.25,0.19596429545414357,-0.05403570454585643,-0.21614281818342573,-0.05160334448172951,410.0,485.0,pass,2026-10-02T21:36:31+00:00,sgo_slate_alt_20261002T213627Z.json
STL@DAL,Jimmy Snuggerud,STL,f1,PP1,G,over,2.5,fanduel,17500,True,0.3568889214047601,0.2982252871635192,0.005811116019073075,0.0035406270869261292,17.487775105522008,1217.4199999999998,,"fanduel@0.5,sgo_fair@0.5",v2,False,1.0982596332481283,0.005681818181818182,0.004448822659784907,-0.0012329955220332749,-0.21700721187785632,0.0022704889321469453,22378.0,,pass,2026-10-02T21:36:31+00:00,sgo_slate_alt_20261002T213627Z.json
ANA@VGK,Shea Theodore,VGK,d1,PP1,G,over,1.5,draftkings,5000,False,0.13777175302366323,0.21357410029820284,0.008662270417196334,0.019805534374669417,24.38074349382845,2282.9841666666666,,sgo_fair@0.5,v2,False,1.0982596332481283,0.0196078431372549,0.015348228791680183,-0.004259614345574718,-0.21724033162431067,-0.011143263957473082,6415.0,,pass,2026-10-02T21:36:31+00:00,sgo_slate_alt_20261002T213627Z.json
NYR@DET,Moritz Seider,DET,d1,PP1,SOG,over,4.5,fanduel,680,True,2.3370677729229246,2.3691295967170483,0.097930931127522,0.1019657329281256,24.012255414088816,3029.8125,,"draftkings@2.5,fanduel@2.5,pinnacle@2.5,sgo_fair@2.5",v2,False,1.1182260686839482,0.1282051282051282,0.10035181220788417,-0.027853315997244027,-0.21725586477850356,-0.004034801800603588,896.0,1227.0,pass,2026-10-02T21:36:31+00:00,sgo_slate_alt_20261002T213627Z.json
BOS@WPG,Pavel Zacha,BOS,f2,PP1,A,over,1.5,fanduel,1100,True,0.4153302716392369,0.4122595914745447,0.06570903190658174,0.06486897203230584,16.867313130617127,2032.8025,,"draftkings@0.5,pinnacle@0.5,sgo_fair@0.5",v2,False,1.1032038554164156,0.08333333333333333,0.0652049959820162,-0.018128337351317123,-0.21754004821580553,0.0008400598742759058,1434.0,2387.0,pass,2026-10-02T21:36:31+00:00,sgo_slate_alt_20261002T213627Z.json
BOS@WPG,Fraser Minten,BOS,f3,PP2,PTS,over,1.5,fanduel,900,True,0.46804358589020373,0.45403952110617696,0.08067260202966475,0.07660110115535976,15.046893153269307,1413.0508333333335,,"draftkings@0.5,sgo_fair@0.5",v2,False,1.0468644783193533,0.1,0.07822970150508175,-0.021770298494918253,-0.2177029849491825,0.004071500874304995,1178.0,1779.0,pass,2026-10-02T21:36:31+00:00,sgo_slate_alt_20261002T213627Z.json
NYR@DET,Gabe Perreault,NYR,not in DF lineup,-,SOG,over,2.5,fanduel,310,True,1.4822407223139986,1.4817114307200707,0.19070068321120343,0.19057075157189005,15.255362995888913,842.9158333333332,,"draftkings@1.5,pinnacle@1.5,sgo_fair@1.5",v1,False,1.1182260686839482,0.24390243902439024,0.1906227242276154,-0.053279714796774846,-0.21844683066677695,0.0001299316393133798,425.0,504.0,pass,2026-10-02T21:36:31+00:00,sgo_slate_alt_20261002T213627Z.json
NYR@DET,Alex DeBrincat,DET,f1,PP1,A,over,1.5,draftkings,650,True,0.5332397841597784,0.552899051881143,0.10044652847253391,0.10664881562493761,18.58434807318392,2176.461666666667,,"draftkings@0.5,pinnacle@0.5,sgo_fair@0.5",v2,False,1.1032038554164156,0.13333333333333333,0.10416790076397614,-0.02916543256935719,-0.21874074427017898,-0.0062022871524037015,860.0,1163.0,pass,2026-10-02T21:36:31+00:00,sgo_slate_alt_20261002T213627Z.json
NYR@DET,Mika Zibanejad,NYR,f1,PP1,SOG,over,4.5,draftkings,550,True,2.5578884297133944,2.47245746794295,0.12721136060924101,0.115478413542046,19.315568777005215,2422.4325000000003,,"draftkings@2.5,fanduel@2.5,pinnacle@2.5,sgo_fair@2.5",v2,False,1.1182260686839482,0.15384615384615385,0.120171592368924,-0.03367456147722986,-0.21888464960199405,0.011732947067195021,732.0,951.0,pass,2026-10-02T21:36:31+00:00,sgo_slate_alt_20261002T213627Z.json
NYR@DET,Axel Sandin-Pellikka,DET,d2,PP2,G,over,0.5,fanduel,900,False,0.07364900804369859,0.08648428838890539,0.07100229265341768,0.08285004142503057,15.966811104160723,1102.3333333333333,,sgo_fair@0.5,v2,False,1.0982596332481283,0.1,0.07811094191638542,-0.02188905808361459,-0.21889058083614588,-0.01184774877161289,1180.0,1783.0,pass,2026-10-02T21:36:31+00:00,sgo_slate_alt_20261002T213627Z.json
ANA@VGK,Shea Theodore,VGK,d1,PP1,PTS,over,2.5,fanduel,1300,True,0.725422041870741,0.9313441592765604,0.037307307962189645,0.06811611105069111,24.38074349382845,2282.9841666666666,,"draftkings@0.5,pinnacle@0.5,sgo_fair@1.0",v2,False,1.0468644783193533,0.07142857142857142,0.05579258981529052,-0.015635981613280905,-0.2189037425859327,-0.030808803088501466,1692.0,3148.0,pass,2026-10-02T21:36:31+00:00,sgo_slate_alt_20261002T213627Z.json
STL@DAL,Jimmy Snuggerud,STL,f1,PP1,A,over,1.5,draftkings,1000,True,0.4394202819038454,0.43060619970366076,0.07242333606716221,0.06994162815717453,17.487775105522008,1217.4199999999998,,"draftkings@0.5,sgo_fair@0.5",v2,False,1.1032038554164156,0.09090909090909091,0.0709343113211696,-0.019974779587921307,-0.21972257546713436,0.002481707909987682,1310.0,2077.0,pass,2026-10-02T21:36:31+00:00,sgo_slate_alt_20261002T213627Z.json
ANA@VGK,Mark Stone,VGK,f1,PP1,SOG,over,5.5,draftkings,2000,True,2.4961662105507703,2.138155851079195,0.050756743469262046,0.028076274180946274,19.299075818445587,1741.9358333333332,,"draftkings@1.5,fanduel@1.5,pinnacle@1.5,sgo_fair@2.5",v2,False,1.1182260686839482,0.047619047619047616,0.037148461896272585,-0.010470585722775032,-0.2198823001782757,0.022680469288315772,2592.0,8131.0,pass,2026-10-02T21:36:31+00:00,sgo_slate_alt_20261002T213627Z.json
ANA@VGK,Jack Eichel,VGK,f1,PP1,G,over,2.5,draftkings,6500,True,0.46727418538191356,0.461989409749093,0.012027832497829023,0.011669382794909278,20.597276930957293,2298.3541666666665,,"fanduel@0.5,pinnacle@0.5,sgo_fair@0.5",v2,False,1.0982596332481283,0.015151515151515152,0.011812762676077178,-0.003338752475437974,-0.22035766337890628,0.00035844970291974525,8365.0,,pass,2026-10-02T21:36:31+00:00,sgo_slate_alt_20261002T213627Z.json
ANA@VGK,Brett Howden,VGK,f2,-,G,over,1.5,draftkings,2500,False,0.23240289268742917,0.2888148608532446,0.02316454304583215,0.03448320030635249,16.17015068658508,1416.1483333333333,,"pinnacle@0.5,sgo_fair@0.5",v2,False,1.0982596332481283,0.038461538461538464,0.029955737402144356,-0.008505801059394108,-0.22115082754424675,-0.01131865726052034,3238.0,20079.0,pass,2026-10-02T21:36:31+00:00,sgo_slate_alt_20261002T213627Z.json
ANA@VGK,Mark Stone,VGK,f1,PP1,G,over,2.5,fanduel,6000,True,0.5090359812916607,0.4552743897893958,0.015082047465610442,0.011222939829998717,19.299075818445587,1741.9358333333332,,"fanduel@0.5,pinnacle@0.5,sgo_fair@0.5",v2,False,1.0982596332481283,0.01639344262295082,0.012766582884243406,-0.0036268597387074143,-0.22123844406115223,0.0038591076356117252,7733.0,,pass,2026-10-02T21:36:31+00:00,sgo_slate_alt_20261002T213627Z.json
NYR@DET,Andrew Copp,DET,f1,PP1,G,over,2.5,fanduel,30000,True,0.2602418075737928,0.2704707078075335,0.002419765265916196,0.0026959769120688125,17.350846748956222,1679.7833333333333,,"fanduel@0.5,sgo_fair@0.5",v2,False,1.0982596332481283,0.0033222591362126247,0.002585492253607766,-0.0007367668826048588,-0.22176683166406252,-0.0002762116461526164,38577.0,,pass,2026-10-02T21:36:31+00:00,sgo_slate_alt_20261002T213627Z.json
ANA@VGK,Leo Carlsson,ANA,f1,PP1,A,over,0.5,fanduel,100,False,0.451496452126341,0.5211638650998891,0.3633253147951822,0.40617099123951705,17.96890196451367,1895.936666666667,,"draftkings@0.5,pinnacle@0.5,sgo_fair@0.5",v2,False,1.1032038554164156,0.5,0.3890327206617831,-0.11096727933821687,-0.22193455867643375,-0.042845676444334846,157.0,175.0,pass,2026-10-02T21:36:31+00:00,sgo_slate_alt_20261002T213627Z.json
BOS@WPG,JJ Peterka,BOS,f1,PP1,PTS,over,1.5,fanduel,470,True,0.5922261303956287,0.6770089920137654,0.11934824182523582,0.14785378005410812,15.938440465588924,1957.9416666666666,,"draftkings@0.5,pinnacle@0.5,sgo_fair@0.5",v2,False,1.0468644783193533,0.17543859649122806,0.1364515647625592,-0.03898703172866885,-0.22222608085341244,-0.028505538228872307,633.0,797.0,pass,2026-10-02T21:36:31+00:00,sgo_slate_alt_20261002T213627Z.json
WSH@CAR,Jakob Chychrun,WSH,d1,PP1,PTS,over,1.5,fanduel,450,True,0.6426861735595096,0.6681059652455962,0.13614760243963175,0.14479761888973391,21.891377326993766,2568.704166666667,,"draftkings@0.5,pinnacle@0.5,sgo_fair@0.5",v2,False,1.0468644783193533,0.18181818181818182,0.14133761230969305,-0.04048056950848877,-0.2226431322966882,-0.00865001645010216,608.0,760.0,pass,2026-10-02T21:36:31+00:00,sgo_slate_alt_20261002T213627Z.json
BOS@WPG,David Pastrnak,BOS,f1,PP1,SOG,over,6.5,fanduel,950,True,3.2437906704082855,3.550763789307926,0.05937539241647775,0.08371593016532049,19.305080809204785,2352.8866666666668,,"draftkings@3.5,fanduel@3.5,pinnacle@3.5,sgo_fair@3.5",v2,False,1.1182260686839482,0.09523809523809523,0.0739797150657834,-0.02125838017231184,-0.22321299180927434,-0.02434053774884274,1252.0,1942.0,pass,2026-10-02T21:36:31+00:00,sgo_slate_alt_20261002T213627Z.json
BOS@WPG,Gabriel Vilardi,WPG,f2,PP1,G,over,2.5,fanduel,12500,True,0.4009921868498628,0.33642980761947217,0.007979644098362122,0.0049418420378259656,17.433178488819145,2116.1,,"fanduel@0.5,pinnacle@0.5,sgo_fair@0.5",v2,False,1.0982596332481283,0.007936507936507936,0.006156962862040429,-0.0017795450744675072,-0.22422267938290597,0.003037802060536156,16142.0,,pass,2026-10-02T21:36:31+00:00,sgo_slate_alt_20261002T213627Z.json
NYR@DET,Andrew Copp,DET,f1,PP1,PTS,over,1.5,draftkings,450,True,0.621992280201299,0.6797571979007946,0.12919489215928526,0.14879981239096543,17.350846748956222,1679.7833333333333,,"draftkings@0.5,pinnacle@0.5,sgo_fair@0.5",v2,False,1.0468644783193533,0.18181818181818182,0.14095784429829336,-0.04086033751988846,-0.22473185635938653,-0.019604920231680173,609.0,762.0,pass,2026-10-02T21:36:31+00:00,sgo_slate_alt_20261002T213627Z.json
ANA@VGK,Rasmus Andersson,VGK,d2,PP2,PTS,over,1.5,draftkings,650,True,0.5520918749261587,0.535920044204475,0.10639215945522489,0.10128603505551254,21.694549594463403,2772.36,,"draftkings@0.5,pinnacle@0.5,sgo_fair@0.5",v2,False,1.0468644783193533,0.13333333333333333,0.10332848481539747,-0.03000484851793586,-0.22503636388451898,0.00510612439971235,868.0,1177.0,pass,2026-10-02T21:36:31+00:00,sgo_slate_alt_20261002T213627Z.json
WSH@CAR,Eric Robinson,CAR,f1,-,A,over,0.5,draftkings,250,False,0.16262616349049508,0.313018632411546,0.15009114400685689,0.26876371225349993,13.254105782600528,1231.1041666666667,,"draftkings@0.5,sgo_fair@0.5",v2,False,1.1032038554164156,0.2857142857142857,0.22129468495484272,-0.06441960075944297,-0.22546860265805047,-0.11867256824664305,352.0,409.0,pass,2026-10-02T21:36:31+00:00,sgo_slate_alt_20261002T213627Z.json
ANA@VGK,Cutter Gauthier,ANA,f1,PP1,PTS,over,1.5,fanduel,250,True,0.8057008278845367,0.93357718895311,0.1932585459469467,0.23982410812823401,16.623295864485087,1833.5541666666666,,"draftkings@0.5,pinnacle@0.5,sgo_fair@1.0",v2,False,1.0468644783193533,0.2857142857142857,0.2211978832557191,-0.0645164024585666,-0.22580740860498316,-0.04656556218128732,352.0,410.0,pass,2026-10-02T21:36:31+00:00,sgo_slate_alt_20261002T213627Z.json
ANA@VGK,Cutter Gauthier,ANA,f1,PP1,SOG,over,4.5,draftkings,230,True,2.922382978028437,3.4358790498812657,0.1822250586102506,0.2694585453863356,16.623295864485087,1833.5541666666666,,"draftkings@3.5,fanduel@3.5,pinnacle@3.5,sgo_fair@3.5",v2,False,1.1182260686839482,0.30303030303030304,0.2345651506759016,-0.06846515235440143,-0.22593500276952472,-0.08723348677608503,326.0,377.0,pass,2026-10-02T21:36:31+00:00,sgo_slate_alt_20261002T213627Z.json
WSH@CAR,Alex Ovechkin,WSH,f2,PP1,SOG,over,4.5,draftkings,350,True,2.782643175743672,2.9073241681550663,0.16026960909173002,0.17981329671302654,16.67895270691558,1949.2041666666667,,"draftkings@2.5,fanduel@2.5,pinnacle@2.5,sgo_fair@3.0",v2,False,1.1182260686839482,0.2222222222222222,0.17199582166450794,-0.05022640055771427,-0.2260188025097143,-0.019543687621296518,481.0,580.0,pass,2026-10-02T21:36:31+00:00,sgo_slate_alt_20261002T213627Z.json
STL@DAL,Jake Neighbours,STL,f3,PP2,G,over,1.5,draftkings,4000,False,0.21104216737930986,0.20606489941334413,0.01937081039137617,0.018528191725149516,14.386548929610665,1637.3983333333333,,sgo_fair@0.5,v2,False,1.0982596332481283,0.024390243902439025,0.018865239191640175,-0.00552500471079885,-0.22652519314275288,0.0008426186662266535,5201.0,,pass,2026-10-02T21:36:31+00:00,sgo_slate_alt_20261002T213627Z.json
ANA@VGK,William Karlsson,VGK,f2,PP2,PTS,over,1.5,draftkings,650,True,0.5219651628865509,0.5538604353690865,0.09693684845564923,0.10695472311011153,16.71967523099671,635.2708333333334,,"draftkings@0.5,pinnacle@0.5,sgo_fair@0.5",v2,False,1.0468644783193533,0.13333333333333333,0.10294757324832661,-0.03038576008500672,-0.22789320063755047,-0.0100178746544623,871.0,1183.0,pass,2026-10-02T21:36:31+00:00,sgo_slate_alt_20261002T213627Z.json
ANA@VGK,Pavel Mintyukov,ANA,d2,PP2,PTS,over,1.5,draftkings,1500,True,0.3294731023410154,0.3604681280395791,0.04370649768033409,0.05127782211539553,18.42831509091468,1883.52,,"draftkings@0.5,sgo_fair@0.5",v2,False,1.0468644783193533,0.0625,0.04824929234137095,-0.014250707658629048,-0.22801132253806478,-0.007571324435061436,1973.0,4201.0,pass,2026-10-02T21:36:31+00:00,sgo_slate_alt_20261002T213627Z.json
STL@DAL,Sam Steel,DAL,f3,-,PTS,over,1.5,draftkings,900,True,0.4584098699090437,0.45403952110617696,0.07786455055280765,0.07660110115535976,15.181451981796517,1675.2208333333333,,"draftkings@0.5,sgo_fair@0.5",v2,False,1.0468644783193533,0.1,0.07710648091433892,-0.02289351908566109,-0.22893519085661085,0.0012634493974478939,1197.0,1819.0,pass,2026-10-02T21:36:31+00:00,sgo_slate_alt_20261002T213627Z.json
WSH@CAR,Jordan Kyrou,WSH,f3,PP2,SOG,over,3.5,draftkings,350,True,1.9658783555722847,2.207813978177234,0.14427794549584516,0.18924025101224404,14.636186494925454,1777.7216666666668,,"fanduel@2.5,sgo_fair@2.5",v2,False,1.1182260686839482,0.2222222222222222,0.1712553288056845,-0.050966893416537706,-0.2293510203744198,-0.044962305516398876,484.0,584.0,pass,2026-10-02T21:36:31+00:00,sgo_slate_alt_20261002T213627Z.json
STL@DAL,Mason McTavish,STL,f2,PP1,G,over,1.5,fanduel,2500,True,0.25683617847800466,0.27150162318441634,0.02784360255843295,0.030818172984069622,13.933970658700481,1726.1308333333334,,"fanduel@0.5,sgo_fair@0.5",v2,False,1.0982596332481283,0.038461538461538464,0.029628344813814954,-0.00883319364772351,-0.2296630348408112,-0.002974570425636671,3275.0,21506.0,pass,2026-10-02T21:36:31+00:00,sgo_slate_alt_20261002T213627Z.json
WSH@CAR,Ryan Leonard,WSH,f2,PP2,PTS,over,1.5,draftkings,550,True,0.6071277948822861,0.5773574302354326,0.1242540026060456,0.11450325346008128,14.79877049597388,1138.4366666666667,,"draftkings@0.5,sgo_fair@0.5",v2,False,1.0468644783193533,0.15384615384615385,0.11840355311846701,-0.035442600727686846,-0.23037690472996442,0.009750749145964327,745.0,971.0,pass,2026-10-02T21:36:31+00:00,sgo_slate_alt_20261002T213627Z.json
NYR@DET,Alexis Lafrenière,NYR,f1,PP1,A,over,1.5,draftkings,1100,True,0.39192809009154306,0.4207581827492938,0.05940082721925535,0.06720285317649996,17.94658220183404,0.0,no NHL data: 85% of positional prior,"draftkings@0.5,pinnacle@0.5,sgo_fair@0.5",v2,False,1.1032038554164156,0.08333333333333333,0.06408204279360212,-0.01925129053973121,-0.2310154864767746,-0.007802025957244607,1460.0,2459.0,pass,2026-10-02T21:36:31+00:00,sgo_slate_alt_20261002T213627Z.json
STL@DAL,Miro Heiskanen,DAL,d1,PP1,A,over,1.5,draftkings,360,True,0.7370337944586197,0.7293431579701043,0.16877507405360428,0.16606640244358814,25.972927915823785,2527.524166666667,,"draftkings@0.5,pinnacle@0.5,sgo_fair@0.5",v2,False,1.1032038554164156,0.21739130434782608,0.1671498710875946,-0.05024143326023148,-0.23111059299706493,0.0027086716100161445,498.0,603.0,pass,2026-10-02T21:36:31+00:00,sgo_slate_alt_20261002T213627Z.json
ANA@VGK,Beckett Sennecke,ANA,f2,PP1,A,over,0.5,fanduel,116,False,0.4517982855075325,0.4309502162525598,0.3635174554694432,0.35010873600803916,17.087583540737576,1430.5,,"draftkings@0.5,sgo_fair@0.5",v2,False,1.1032038554164156,0.46296296296296297,0.3554722237926008,-0.10749073917036217,-0.23217999660798228,0.01340871946140404,181.0,203.0,pass,2026-10-02T21:36:31+00:00,sgo_slate_alt_20261002T213627Z.json
STL@DAL,Roope Hintz,DAL,f2,PP1,PTS,over,2.5,draftkings,1000,True,0.8810679610010661,0.9786253889557811,0.05977581791840406,0.07641207346910786,16.249302644351516,1496.78,,"draftkings@0.5,pinnacle@0.5,sgo_fair@1.0",v2,False,1.0468644783193533,0.09090909090909091,0.06975757124882634,-0.021151519660264573,-0.23266671626291024,-0.016636255550703798,1334.0,2134.0,pass,2026-10-02T21:36:31+00:00,sgo_slate_alt_20261002T213627Z.json
BOS@WPG,James Hagens,BOS,f3,PP2,PTS,over,1.5,fanduel,1100,True,0.397640424151678,0.41565288683745133,0.060920389125945676,0.06579750298923828,13.841666666666665,42.55,,"draftkings@0.5,sgo_fair@0.5",v1,False,1.0468644783193533,0.08333333333333333,0.06384665744392123,-0.019486675889412094,-0.2338401106729452,-0.004877113863292606,1466.0,2474.0,pass,2026-10-02T21:36:31+00:00,sgo_slate_alt_20261002T213627Z.json
BOS@WPG,James Hagens,BOS,f3,PP2,PTS,over,1.5,draftkings,1100,True,0.397640424151678,0.41565288683745133,0.060920389125945676,0.06579750298923828,13.841666666666665,42.55,,"draftkings@0.5,sgo_fair@0.5",v1,False,1.0468644783193533,0.08333333333333333,0.06384665744392123,-0.019486675889412094,-0.2338401106729452,-0.004877113863292606,1466.0,2474.0,pass,2026-10-02T21:36:31+00:00,sgo_slate_alt_20261002T213627Z.json
STL@DAL,Jimmy Snuggerud,STL,f1,PP1,SOG,over,5.5,draftkings,1500,True,2.5139109943810083,2.417232982071554,0.052094358035874984,0.04505255446108842,17.487775105522008,1217.4199999999998,,"draftkings@2.5,fanduel@2.5,sgo_fair@2.5",v2,False,1.1182260686839482,0.0625,0.047869275891003045,-0.014630724108996955,-0.23409158574395128,0.007041803574786565,1989.0,4273.0,pass,2026-10-02T21:36:31+00:00,sgo_slate_alt_20261002T213627Z.json
NYR@DET,Andrew Copp,DET,f1,PP1,A,over,1.5,fanduel,870,True,0.4662127181808462,0.45884796321690596,0.0801365318751726,0.07799156351164586,17.350846748956222,1679.7833333333333,,"draftkings@0.5,pinnacle@0.5,sgo_fair@0.5",v2,False,1.1032038554164156,0.10309278350515463,0.07884955085705656,-0.02424323264809808,-0.23515935668655152,0.0021449683635267336,1168.0,1757.0,pass,2026-10-02T21:36:31+00:00,sgo_slate_alt_20261002T213627Z.json
BOS@WPG,Pavel Zacha,BOS,f2,PP1,SOG,over,4.5,draftkings,1600,True,1.7760021865992446,1.8619368753868921,0.04076557084829314,0.047788750298198616,16.867313130617127,2032.8025,,"draftkings@1.5,fanduel@1.5,pinnacle@1.5,sgo_fair@2.0",v2,False,1.1182260686839482,0.058823529411764705,0.04497947851823643,-0.013844050893528276,-0.23534886518998066,-0.007023179449905478,2123.0,4905.0,pass,2026-10-02T21:36:31+00:00,sgo_slate_alt_20261002T213627Z.json
BOS@WPG,Cole Perfetti,WPG,f1,PP1,A,over,1.5,draftkings,1200,True,0.3778891713996447,0.39746272047133135,0.05572366619436475,0.06087291735413571,16.53972973493684,1622.8166666666666,,"draftkings@0.5,pinnacle@0.5,sgo_fair@0.5",v2,False,1.1032038554164156,0.07692307692307693,0.058813216890227324,-0.018109860032849603,-0.23542818042704483,-0.005149251159770961,1600.0,2857.0,pass,2026-10-02T21:36:31+00:00,sgo_slate_alt_20261002T213627Z.json
BOS@WPG,Morgan Geekie,BOS,f2,PP1,SOG,over,4.5,draftkings,900,True,2.205830514716359,2.1183823514688873,0.08223462845432163,0.0725353257972886,17.069132083690253,2012.4566666666665,,"draftkings@1.5,fanduel@1.5,pinnacle@1.5,sgo_fair@2.0",v2,False,1.1182260686839482,0.1,0.07641504686010181,-0.023584953139898196,-0.2358495313989819,0.009699302657033032,1209.0,1845.0,pass,2026-10-02T21:36:31+00:00,sgo_slate_alt_20261002T213627Z.json
ANA@VGK,Shea Theodore,VGK,d1,PP1,A,over,1.5,draftkings,500,True,0.6052634957106972,0.6230021988162112,0.12363760513177774,0.1295322390022079,24.38074349382845,2282.9841666666666,,"draftkings@0.5,pinnacle@0.5,sgo_fair@0.5",v2,False,1.1032038554164156,0.16666666666666666,0.12717438545403584,-0.03949228121263082,-0.23695368727578492,-0.005894633870430155,686.0,879.0,pass,2026-10-02T21:36:31+00:00,sgo_slate_alt_20261002T213627Z.json
NYR@DET,Gabe Perreault,NYR,not in DF lineup,-,SOG,over,3.5,draftkings,1000,True,1.4822407223139986,1.4817114307200707,0.0694036404861087,0.06933534485324955,15.255362995888913,842.9158333333332,,"draftkings@1.5,pinnacle@1.5,sgo_fair@1.5",v1,False,1.1182260686839482,0.09090909090909091,0.0693626631063932,-0.021546427802697707,-0.23701070582967476,6.829563285914997e-05,1342.0,2154.0,pass,2026-10-02T21:36:31+00:00,sgo_slate_alt_20261002T213627Z.json
BOS@WPG,Morgan Geekie,BOS,f2,PP1,G,over,2.5,fanduel,12500,True,0.3637784026730305,0.3613053563390949,0.006123062314394086,0.006009960581964802,17.069132083690253,2012.4566666666665,,"fanduel@0.5,pinnacle@0.5,sgo_fair@0.5",v2,False,1.0982596332481283,0.007936507936507936,0.006055201274936516,-0.0018813066615714202,-0.23704463935799902,0.00011310173242928389,16415.0,,pass,2026-10-02T21:36:31+00:00,sgo_slate_alt_20261002T213627Z.json
NYR@DET,Mika Zibanejad,NYR,f1,PP1,A,over,1.5,draftkings,650,True,0.5196911142011542,0.5488747046120747,0.09623328844697582,0.10537087706240496,19.315568777005215,2422.4325000000003,,"draftkings@0.5,pinnacle@0.5,sgo_fair@0.5",v2,False,1.1032038554164156,0.13333333333333333,0.1017158416162333,-0.03161749171710003,-0.23713118787825027,-0.00913758861542914,883.0,1204.0,pass,2026-10-02T21:36:31+00:00,sgo_slate_alt_20261002T213627Z.json
NYR@DET,J.T. Miller,NYR,f2,PP1,A,over,1.5,draftkings,700,True,0.4713244513690242,0.5460637353574559,0.08163601479168921,0.10448074885843926,17.08771264101801,1991.3375,,"draftkings@0.5,pinnacle@0.5,sgo_fair@0.5",v2,False,1.1032038554164156,0.125,0.09534285523173924,-0.029657144768260757,-0.23725715814608606,-0.022844734066750055,949.0,1322.0,pass,2026-10-02T21:36:31+00:00,sgo_slate_alt_20261002T213627Z.json
WSH@CAR,Jordan Kyrou,WSH,f3,PP2,G,over,1.5,fanduel,3000,True,0.2316693180521986,0.24545932853495947,0.023029575982203225,0.025620994245523755,14.636186494925454,1777.7216666666668,,"fanduel@0.5,sgo_fair@0.5",v2,False,1.0982596332481283,0.03225806451612903,0.024584426940195542,-0.007673637575933489,-0.23788276485393822,-0.00259141826332053,3968.0,,pass,2026-10-02T21:36:31+00:00,sgo_slate_alt_20261002T213627Z.json
ANA@VGK,Shea Theodore,VGK,d1,PP1,SOG,over,3.5,draftkings,390,True,1.955428718483615,2.0741568946032145,0.14242953640106054,0.1639147075800421,24.38074349382845,2282.9841666666666,,"draftkings@1.5,fanduel@1.5,pinnacle@1.5,sgo_fair@2.0",v2,False,1.1182260686839482,0.20408163265306123,0.15532063910844945,-0.048760993544611775,-0.2389288683685976,-0.02148517117898155,544.0,667.0,pass,2026-10-02T21:36:31+00:00,sgo_slate_alt_20261002T213627Z.json
STL@DAL,Wyatt Johnston,DAL,f1,PP1,SOG,over,5.5,draftkings,900,True,2.8903229975497946,2.7296758812251145,0.08518893279056874,0.06997370551397504,20.913031427503284,2348.4791666666665,,"draftkings@2.5,fanduel@2.5,pinnacle@2.5,sgo_fair@2.5",v2,False,1.1182260686839482,0.1,0.07605979642461252,-0.02394020357538748,-0.23940203575387475,0.015215227276593704,1215.0,1858.0,pass,2026-10-02T21:36:31+00:00,sgo_slate_alt_20261002T213627Z.json
STL@DAL,Mikko Rantanen,DAL,f1,PP1,PTS,over,2.5,fanduel,630,True,1.1712187353624974,1.089095080144061,0.11433209310973735,0.09739744925628896,20.640933758585803,2075.3450000000003,,"draftkings@0.5,pinnacle@0.5,sgo_fair@1.5",v2,False,1.0468644783193533,0.136986301369863,0.10417130679766831,-0.032814994572194695,-0.2395494603770213,0.016934643853448395,860.0,1163.0,pass,2026-10-02T21:36:31+00:00,sgo_slate_alt_20261002T213627Z.json
NYR@DET,Alex DeBrincat,DET,f1,PP1,A,over,1.5,fanduel,630,True,0.5332397841597784,0.552899051881143,0.10044652847253391,0.10664881562493761,18.58434807318392,2176.461666666667,,"draftkings@0.5,pinnacle@0.5,sgo_fair@0.5",v2,False,1.1032038554164156,0.136986301369863,0.10416790076397614,-0.032818400605886866,-0.23957432442297422,-0.0062022871524037015,860.0,1163.0,pass,2026-10-02T21:36:31+00:00,sgo_slate_alt_20261002T213627Z.json
BOS@WPG,Adam Lowry,WPG,f3,-,PTS,over,1.5,draftkings,1600,True,0.34114782837418856,0.32862591111740497,0.046505853321329886,0.043505894302669615,15.024993031821769,1554.82,,"draftkings@0.5,sgo_fair@0.5",v2,False,1.0468644783193533,0.058823529411764705,0.04470587791013372,-0.014117651501630982,-0.24000007552772673,0.002999959018660271,2137.0,4975.0,pass,2026-10-02T21:36:31+00:00,sgo_slate_alt_20261002T213627Z.json
STL@DAL,Philip Broberg,STL,d1,-,PTS,over,1.5,draftkings,900,True,0.44922725361672494,0.4535658419787681,0.07521755874946245,0.0764645588310041,22.092576692347905,2519.2591666666663,,"draftkings@0.5,sgo_fair@0.5",v2,False,1.0468644783193533,0.1,0.07596575879838743,-0.02403424120161257,-0.24034241201612572,-0.0012470000815416465,1216.0,1862.0,pass,2026-10-02T21:36:31+00:00,sgo_slate_alt_20261002T213627Z.json
WSH@CAR,Aliaksei Protas,WSH,f3,-,PTS,over,1.5,draftkings,750,True,0.4854171411382728,0.5046292824781854,0.08581425420643643,0.0916111458216626,16.074257638877974,1948.75,,"draftkings@0.5,sgo_fair@0.5",v2,False,1.0468644783193533,0.11764705882352941,0.08929238917557214,-0.02835466964795727,-0.2410146920076368,-0.005796891615226174,1020.0,1455.0,pass,2026-10-02T21:36:31+00:00,sgo_slate_alt_20261002T213627Z.json
NYR@DET,J.T. Miller,NYR,f2,PP1,PTS,over,1.5,draftkings,360,True,0.6801411850223616,0.7561879384972334,0.14893209261860554,0.17555300173207644,17.08771264101801,1991.3375,,"draftkings@0.5,pinnacle@0.5,sgo_fair@0.5",v2,False,1.0468644783193533,0.21739130434782608,0.1649046380866881,-0.05248666626113799,-0.24143866480123488,-0.026620909113470898,506.0,615.0,pass,2026-10-02T21:36:31+00:00,sgo_slate_alt_20261002T213627Z.json
STL@DAL,Connor McMichael,STL,f2,PP2,G,over,1.5,fanduel,3000,True,0.21472215757734742,0.25476904238214276,0.020003994970613816,0.027434172377518676,16.28334807004509,1938.9183333333335,,"fanduel@0.5,sgo_fair@0.5",v2,False,1.0982596332481283,0.03225806451612903,0.024462101414756732,-0.007795963101372299,-0.24167485614254125,-0.00743017740690486,3988.0,,pass,2026-10-02T21:36:31+00:00,sgo_slate_alt_20261002T213627Z.json
BOS@WPG,Isak Rosen,WPG,f2,PP2,G,over,1.5,fanduel,5000,False,0.1834827885203588,0.182990676925985,0.014908926342514612,0.014833850988065413,12.432813007320586,460.3691666666667,,sgo_fair@0.5,v2,False,1.0982596332481283,0.0196078431372549,0.014863881129845092,-0.00474396200740981,-0.24194206237790028,7.507535444919826e-05,6628.0,,pass,2026-10-02T21:36:31+00:00,sgo_slate_alt_20261002T213627Z.json
BOS@WPG,Isak Rosen,WPG,f2,PP2,G,over,1.5,draftkings,5000,False,0.1834827885203588,0.182990676925985,0.014908926342514612,0.014833850988065413,12.432813007320586,460.3691666666667,,sgo_fair@0.5,v2,False,1.0982596332481283,0.0196078431372549,0.014863881129845092,-0.00474396200740981,-0.24194206237790028,7.507535444919826e-05,6628.0,,pass,2026-10-02T21:36:31+00:00,sgo_slate_alt_20261002T213627Z.json
ANA@VGK,Brett Howden,VGK,f2,-,SOG,over,4.5,draftkings,1500,True,1.4790681907249035,2.0429238459214494,0.02141041431788325,0.06467284258806588,16.17015068658508,1416.1483333333333,,"draftkings@1.5,sgo_fair@2.0",v2,False,1.1182260686839482,0.0625,0.047367871279992826,-0.015132128720007174,-0.24211405952011478,-0.04326242827018263,2011.0,4371.0,pass,2026-10-02T21:36:31+00:00,sgo_slate_alt_20261002T213627Z.json
STL@DAL,Jonatan Berggren,STL,f3,-,G,over,1.5,fanduel,10000,False,0.1382536221413159,0.12033731546148019,0.008720201267312017,0.006685055906034536,14.33756505235743,1142.8941666666665,,sgo_fair@0.5,v2,False,1.0982596332481283,0.009900990099009901,0.007499114050545528,-0.002401876048464373,-0.24258948089490162,0.0020351453612774805,13235.0,,pass,2026-10-02T21:36:31+00:00,sgo_slate_alt_20261002T213627Z.json
BOS@WPG,Kyle Connor,WPG,f1,PP1,A,over,1.5,fanduel,520,True,0.6167284089952926,0.5891455311223271,0.1274399502208997,0.11834024362823112,19.93354117554885,2516.0816666666665,,"draftkings@0.5,pinnacle@0.5,sgo_fair@0.5",v2,False,1.1032038554164156,0.16129032258064516,0.12198012626529856,-0.0393101963153466,-0.24372321715514889,0.009099706592668594,720.0,931.0,pass,2026-10-02T21:36:31+00:00,sgo_slate_alt_20261002T213627Z.json
NYR@DET,Will Cuylle,NYR,f3,PP2,G,over,1.5,fanduel,3500,False,0.199310700557034,0.23361485118139075,0.017410381859114823,0.02338824281462058,14.475285775016168,1967.8908333333336,,sgo_fair@0.5,v2,False,1.0982596332481283,0.027777777777777776,0.020997098432418277,-0.006780679345359499,-0.24410445643294199,-0.005977860955505756,4663.0,,pass,2026-10-02T21:36:31+00:00,sgo_slate_alt_20261002T213627Z.json
NYR@DET,Will Cuylle,NYR,f3,PP2,G,over,1.5,draftkings,3500,False,0.199310700557034,0.23361485118139075,0.017410381859114823,0.02338824281462058,14.475285775016168,1967.8908333333336,,sgo_fair@0.5,v2,False,1.0982596332481283,0.027777777777777776,0.020997098432418277,-0.006780679345359499,-0.24410445643294199,-0.005977860955505756,4663.0,,pass,2026-10-02T21:36:31+00:00,sgo_slate_alt_20261002T213627Z.json
BOS@WPG,Kyle Connor,WPG,f1,PP1,PTS,over,2.5,fanduel,800,True,1.0350886205960523,1.0093650664618568,0.08686748684274487,0.08203204570902363,19.93354117554885,2516.0816666666665,,"draftkings@0.5,pinnacle@0.5,sgo_fair@1.5",v2,False,1.0468644783193533,0.1111111111111111,0.08396622216251212,-0.027144888948598983,-0.24430400053739088,0.004835441133721238,1091.0,1596.0,pass,2026-10-02T21:36:31+00:00,sgo_slate_alt_20261002T213627Z.json
STL@DAL,Dylan Holloway,STL,f1,PP1,SOG,over,5.5,draftkings,950,True,2.7192783828303067,2.7713182715092874,0.06904422198791668,0.07376429691890703,18.08848697930289,1659.9508333333333,,"draftkings@2.5,fanduel@2.5,pinnacle@2.5,sgo_fair@2.5",v2,False,1.1182260686839482,0.09523809523809523,0.07187626694651089,-0.02336182829158434,-0.2452991970616356,-0.004720074930990345,1291.0,2033.0,pass,2026-10-02T21:36:31+00:00,sgo_slate_alt_20261002T213627Z.json
STL@DAL,Miro Heiskanen,DAL,d1,PP1,G,over,1.5,draftkings,5000,False,0.145391353320198,0.2043744033996945,0.009598617764569283,0.018245634197349436,25.972927915823785,2527.524166666667,,sgo_fair@0.5,v2,False,1.0982596332481283,0.0196078431372549,0.014786827624237374,-0.0048210155130175274,-0.2458717911638939,-0.008647016432780152,6663.0,,pass,2026-10-02T21:36:31+00:00,sgo_slate_alt_20261002T213627Z.json
ANA@VGK,Ivan Barbashev,VGK,f1,-,PTS,over,1.5,fanduel,320,True,0.7810791293473323,0.7582699042968668,0.18442320839639909,0.1762923351098507,16.2984941270241,1875.4308333333333,,"draftkings@0.5,pinnacle@0.5,sgo_fair@0.5",v2,False,1.0468644783193533,0.23809523809523808,0.17954468442447005,-0.05855055367076803,-0.24591232541722574,0.008130873286548379,457.0,547.0,pass,2026-10-02T21:36:31+00:00,sgo_slate_alt_20261002T213627Z.json
WSH@CAR,Sebastian Aho,CAR,f1,PP1,SOG,over,5.5,draftkings,1200,True,2.657196105643229,2.5417427564759048,0.0636365182336515,0.05423318026765873,19.607974986022285,2284.8791666666666,,"draftkings@2.5,fanduel@2.5,pinnacle@2.5,sgo_fair@2.5",v2,False,1.1182260686839482,0.07692307692307693,0.057994515454055845,-0.018928561469021082,-0.246071299097274,0.009403337965992777,1624.0,2931.0,pass,2026-10-02T21:36:31+00:00,sgo_slate_alt_20261002T213627Z.json
ANA@VGK,Beckett Sennecke,ANA,f2,PP1,SOG,over,4.5,draftkings,700,True,2.260162779118766,2.3373816371937446,0.08857030385421977,0.09797005683622867,17.087583540737576,1430.5,,"draftkings@2.5,fanduel@2.5,sgo_fair@2.5",v2,False,1.1182260686839482,0.125,0.09421015564342511,-0.03078984435657489,-0.24631875485259913,-0.009399752982008902,961.0,1345.0,pass,2026-10-02T21:36:31+00:00,sgo_slate_alt_20261002T213627Z.json
WSH@CAR,Jakob Chychrun,WSH,d1,PP1,A,over,1.5,draftkings,800,True,0.43325068149505375,0.5072083544045178,0.07068322485046015,0.09239787667352437,21.891377326993766,2568.704166666667,,"draftkings@0.5,pinnacle@0.5,sgo_fair@0.5",v2,False,1.1032038554164156,0.1111111111111111,0.08371201594429868,-0.027399095166812423,-0.24659185650131188,-0.021714651823064215,1095.0,1603.0,pass,2026-10-02T21:36:31+00:00,sgo_slate_alt_20261002T213627Z.json
BOS@WPG,Elias Lindholm,BOS,f1,PP2,PTS,over,1.5,draftkings,650,True,0.554893507889071,0.5181676044763479,0.10728370582561117,0.09576276074643086,17.864457827843644,1916.9391666666668,,"draftkings@0.5,pinnacle@0.5,sgo_fair@0.5",v2,False,1.0468644783193533,0.13333333333333333,0.100371138778103,-0.032962194555230334,-0.24721645916422752,0.011520945079180306,896.0,1227.0,pass,2026-10-02T21:36:31+00:00,sgo_slate_alt_20261002T213627Z.json
BOS@WPG,James Hagens,BOS,f3,PP2,SOG,over,3.5,draftkings,850,True,1.5555328508527122,1.5560883142465056,0.07917692545299503,0.07925335880622222,13.841666666666665,42.55,,"draftkings@1.5,pinnacle@1.5,sgo_fair@1.5",v1,False,1.1182260686839482,0.10526315789473684,0.07922278546493133,-0.026040372429805503,-0.2473835380831524,-7.643335322719824e-05,1162.0,1744.0,pass,2026-10-02T21:36:31+00:00,sgo_slate_alt_20261002T213627Z.json
BOS@WPG,Cole Perfetti,WPG,f1,PP1,PTS,over,1.5,draftkings,450,True,0.6006169201333487,0.6726100177206102,0.12210456776262595,0.14634207911387537,16.53972973493684,1622.8166666666666,,"draftkings@0.5,pinnacle@0.5,sgo_fair@0.5",v2,False,1.0468644783193533,0.18181818181818182,0.1366470745733756,-0.04517110724480622,-0.2484410898464342,-0.02423751135124942,632.0,796.0,pass,2026-10-02T21:36:31+00:00,sgo_slate_alt_20261002T213627Z.json
BOS@WPG,Cole Perfetti,WPG,f1,PP1,PTS,over,1.5,fanduel,450,True,0.6006169201333487,0.6726100177206102,0.12210456776262595,0.14634207911387537,16.53972973493684,1622.8166666666666,,"draftkings@0.5,pinnacle@0.5,sgo_fair@0.5",v2,False,1.0468644783193533,0.18181818181818182,0.1366470745733756,-0.04517110724480622,-0.2484410898464342,-0.02423751135124942,632.0,796.0,pass,2026-10-02T21:36:31+00:00,sgo_slate_alt_20261002T213627Z.json
ANA@VGK,Mitch Marner,VGK,f2,PP1,SOG,over,4.5,draftkings,550,True,2.583127338622359,2.396786259523875,0.13077007030408025,0.1055072104764066,20.54836472665646,2414.8641666666667,,"draftkings@2.5,fanduel@2.5,sgo_fair@2.5",v2,False,1.1182260686839482,0.15384615384615385,0.11561235440747605,-0.0382337994386778,-0.2485196963514057,0.02526285982767365,765.0,1004.0,pass,2026-10-02T21:36:31+00:00,sgo_slate_alt_20261002T213627Z.json
ANA@VGK,Leo Carlsson,ANA,f1,PP1,A,over,1.5,draftkings,750,True,0.451496452126341,0.5211638650998891,0.07586895326655195,0.09668876982546806,17.96890196451367,1895.936666666667,,"draftkings@0.5,pinnacle@0.5,sgo_fair@0.5",v2,False,1.1032038554164156,0.11764705882352941,0.08836084320190161,-0.029286215621627795,-0.24893283278383627,-0.020819816558916113,1032.0,1478.0,pass,2026-10-02T21:36:31+00:00,sgo_slate_alt_20261002T213627Z.json
BOS@WPG,David Pastrnak,BOS,f1,PP1,G,over,1.5,draftkings,950,False,0.3563830458075217,0.48484378153756535,0.0502546795079171,0.08564301778906111,19.305080809204785,2352.8866666666668,,"fanduel@0.5,pinnacle@0.5,sgo_fair@0.5",v2,False,1.0982596332481283,0.09523809523809523,0.0714876824766035,-0.02375041276149173,-0.24937933399566325,-0.03538833828114401,1299.0,2051.0,pass,2026-10-02T21:36:31+00:00,sgo_slate_alt_20261002T213627Z.json
BOS@WPG,JJ Peterka,BOS,f1,PP1,PTS,over,1.5,draftkings,450,True,0.5922261303956287,0.6770089920137654,0.11934824182523582,0.14785378005410812,15.938440465588924,1957.9416666666666,,"draftkings@0.5,pinnacle@0.5,sgo_fair@0.5",v2,False,1.0468644783193533,0.18181818181818182,0.1364515647625592,-0.045366617055622616,-0.24951639380592439,-0.028505538228872307,633.0,797.0,pass,2026-10-02T21:36:31+00:00,sgo_slate_alt_20261002T213627Z.json
NYR@DET,Will Cuylle,NYR,f3,PP2,SOG,over,3.5,draftkings,550,True,1.7667722169031264,1.8141688515489225,0.11065329587925803,0.11833659493300795,14.475285775016168,1967.8908333333336,,"draftkings@1.5,pinnacle@1.5,sgo_fair@1.5",v2,False,1.1182260686839482,0.15384615384615385,0.11526327531150798,-0.03858287853464587,-0.25078871047519813,-0.007683299053749926,768.0,1008.0,pass,2026-10-02T21:36:31+00:00,sgo_slate_alt_20261002T213627Z.json
NYR@DET,Viktor Arvidsson,DET,f2,PP1,SOG,over,6.5,draftkings,2000,True,2.4459570745475725,3.066521556270665,0.017904211023505714,0.04746688580118844,13.767299701510195,1459.4783333333332,,"fanduel@2.5,sgo_fair@3.0",v2,False,1.1182260686839482,0.047619047619047616,0.03564181589011535,-0.011977231728932267,-0.25152186630757767,-0.029562674777682728,2706.0,9297.0,pass,2026-10-02T21:36:31+00:00,sgo_slate_alt_20261002T213627Z.json
NYR@DET,Marco Kasper,DET,f4,PP2,G,over,1.5,fanduel,4500,False,0.1850628867451452,0.19671029424608127,0.015151094081549264,0.01698797258360268,12.735353819237242,1652.7225,,sgo_fair@0.5,v2,False,1.0982596332481283,0.021739130434782608,0.016253221182781313,-0.0054859092520012954,-0.2523518255920596,-0.0018368785020534163,6053.0,,pass,2026-10-02T21:36:31+00:00,sgo_slate_alt_20261002T213627Z.json
BOS@WPG,Josh Morrissey,WPG,d1,PP1,SOG,over,5.5,draftkings,1900,True,2.267287406495546,2.3223860529590477,0.0353185029109638,0.03872834610595146,23.689330519334643,2781.5350000000003,,"draftkings@2.5,pinnacle@2.5,sgo_fair@2.5",v2,False,1.1182260686839482,0.05,0.0373644088279564,-0.012635591172043603,-0.25271182344087206,-0.0034098431949876606,2576.0,7988.0,pass,2026-10-02T21:36:31+00:00,sgo_slate_alt_20261002T213627Z.json
NYR@DET,Andrew Copp,DET,f1,PP1,PTS,over,1.5,fanduel,430,True,0.621992280201299,0.6797571979007946,0.12919489215928526,0.14879981239096543,17.350846748956222,1679.7833333333333,,"draftkings@0.5,pinnacle@0.5,sgo_fair@0.5",v2,False,1.0468644783193533,0.18867924528301888,0.14095784429829336,-0.04772140098472552,-0.2529234252190452,-0.019604920231680173,609.0,762.0,pass,2026-10-02T21:36:31+00:00,sgo_slate_alt_20261002T213627Z.json
NYR@DET,Mika Zibanejad,NYR,f1,PP1,PTS,over,2.5,fanduel,1000,True,0.87699389603289,0.9635643745260214,0.05912231475259739,0.07372300219566069,19.315568777005215,2422.4325000000003,,"draftkings@0.5,pinnacle@0.5,sgo_fair@1.0",v2,False,1.0468644783193533,0.09090909090909091,0.06788272721843537,-0.02302636369065554,-0.25329000059721096,-0.014600687443063302,1373.0,2232.0,pass,2026-10-02T21:36:31+00:00,sgo_slate_alt_20261002T213627Z.json
ANA@VGK,Alex Killorn,ANA,f2,PP2,SOG,over,3.5,draftkings,550,True,1.7831614495427421,1.7984105319380814,0.1132860046558042,0.11575854793834231,18.20901908970822,2007.285,,"draftkings@1.5,sgo_fair@1.5",v2,False,1.1182260686839482,0.15384615384615385,0.11476953062532708,-0.03907662322082678,-0.253998050935374,-0.0024725432825381116,771.0,1014.0,pass,2026-10-02T21:36:31+00:00,sgo_slate_alt_20261002T213627Z.json
ANA@VGK,Beckett Sennecke,ANA,f2,PP1,G,over,1.5,draftkings,1800,False,0.28208651579607547,0.3279868148590996,0.03303954081314954,0.04335479450060292,17.087583540737576,1430.5,,"fanduel@0.5,sgo_fair@0.5",v2,False,1.0982596332481283,0.05263157894736842,0.03922869302562157,-0.013402885921746849,-0.2546548325131902,-0.010315253687453382,2449.0,6928.0,pass,2026-10-02T21:36:31+00:00,sgo_slate_alt_20261002T213627Z.json
ANA@VGK,Victor Olofsson,VGK,f3,PP2,SOG,over,3.5,draftkings,425,True,1.9871691336484376,1.9294729782091595,0.14807037493416192,0.1378760132235082,13.560078838767604,1437.0491666666667,,"draftkings@1.5,sgo_fair@1.5",v2,False,1.1182260686839482,0.19047619047619047,0.1419537579077697,-0.04852243256842076,-0.25474277098420905,0.010194361710653715,604.0,755.0,pass,2026-10-02T21:36:31+00:00,sgo_slate_alt_20261002T213627Z.json
ANA@VGK,Rasmus Andersson,VGK,d2,PP2,A,over,1.5,draftkings,1100,True,0.41053418733618463,0.39576695046649746,0.06439855370640453,0.0604205533294831,21.694549594463403,2772.36,,"draftkings@0.5,pinnacle@0.5,sgo_fair@0.5",v2,False,1.1032038554164156,0.08333333333333333,0.062011753480251675,-0.021321579853081654,-0.2558589582369799,0.003978000376921427,1513.0,2602.0,pass,2026-10-02T21:36:31+00:00,sgo_slate_alt_20261002T213627Z.json
NYR@DET,J.T. Miller,NYR,f2,PP1,A,over,1.5,fanduel,680,True,0.4713244513690242,0.5460637353574559,0.08163601479168921,0.10448074885843926,17.08771264101801,1991.3375,,"draftkings@0.5,pinnacle@0.5,sgo_fair@0.5",v2,False,1.1032038554164156,0.1282051282051282,0.09534285523173924,-0.03286227297338895,-0.2563257291924339,-0.022844734066750055,949.0,1322.0,pass,2026-10-02T21:36:31+00:00,sgo_slate_alt_20261002T213627Z.json
BOS@WPG,Casey Mittelstadt,BOS,f2,PP2,PTS,over,1.5,draftkings,700,True,0.5209493194582885,0.5008417252805664,0.09662237830937384,0.0904593838674754,15.633227652822582,1712.975,,"draftkings@0.5,pinnacle@0.5,sgo_fair@0.5",v2,False,1.0468644783193533,0.125,0.09292458164423478,-0.03207541835576522,-0.25660334684612174,0.0061629944418984395,976.0,1372.0,pass,2026-10-02T21:36:31+00:00,sgo_slate_alt_20261002T213627Z.json
ANA@VGK,Tomas Hertl,VGK,f3,PP1,SOG,over,5.5,draftkings,1400,True,2.6466105220211182,2.353751697418152,0.06273886404865678,0.040755911453016,14.758236776055922,1974.8158333333336,,"draftkings@2.5,fanduel@2.5,pinnacle@2.5,sgo_fair@2.5",v2,False,1.1182260686839482,0.06666666666666667,0.04954909249127232,-0.01711757417539435,-0.2567636126309152,0.02198295259564078,1918.0,3973.0,pass,2026-10-02T21:36:31+00:00,sgo_slate_alt_20261002T213627Z.json
STL@DAL,Jason Robertson,DAL,f2,PP1,SOG,over,7.5,draftkings,1700,True,3.681544311815819,3.511385545036372,0.04654196108617236,0.03773108174320585,20.375929813628595,2317.33,,"draftkings@3.5,fanduel@3.5,pinnacle@3.5,sgo_fair@3.5",v2,False,1.1182260686839482,0.05555555555555555,0.041255433480392456,-0.014300122075163096,-0.2574021973529358,0.00881087934296651,2324.0,6052.0,pass,2026-10-02T21:36:31+00:00,sgo_slate_alt_20261002T213627Z.json
NYR@DET,Mika Zibanejad,NYR,f1,PP1,A,over,1.5,fanduel,630,True,0.5196911142011542,0.5488747046120747,0.09623328844697582,0.10537087706240496,19.315568777005215,2422.4325000000003,,"draftkings@0.5,pinnacle@0.5,sgo_fair@0.5",v2,False,1.1032038554164156,0.136986301369863,0.1017158416162333,-0.035270459753629704,-0.25747435620149695,-0.00913758861542914,883.0,1204.0,pass,2026-10-02T21:36:31+00:00,sgo_slate_alt_20261002T213627Z.json
NYR@DET,J.T. Miller,NYR,f2,PP1,PTS,over,1.5,fanduel,350,True,0.6801411850223616,0.7561879384972334,0.14893209261860554,0.17555300173207644,17.08771264101801,1991.3375,,"draftkings@0.5,pinnacle@0.5,sgo_fair@0.5",v2,False,1.0468644783193533,0.2222222222222222,0.1649046380866881,-0.057317584135534116,-0.2579291286099036,-0.026620909113470898,506.0,615.0,pass,2026-10-02T21:36:31+00:00,sgo_slate_alt_20261002T213627Z.json
ANA@VGK,Cutter Gauthier,ANA,f1,PP1,A,over,0.5,fanduel,126,False,0.35915437459616717,0.42393833323948593,0.3017334515856583,0.3455357606459974,16.623295864485087,1833.5541666666666,,"draftkings@0.5,pinnacle@0.5,sgo_fair@0.5",v2,False,1.1032038554164156,0.4424778761061947,0.32801483702186174,-0.11446303908433297,-0.2586864683305925,-0.043802309060339106,205.0,230.0,pass,2026-10-02T21:36:31+00:00,sgo_slate_alt_20261002T213627Z.json
BOS@WPG,JJ Peterka,BOS,f1,PP1,SOG,over,4.5,draftkings,850,True,2.121374943782613,2.1990445636939557,0.07285691543113766,0.08145979906287082,15.938440465588924,1957.9416666666666,,"draftkings@2.5,fanduel@2.5,pinnacle@1.5,sgo_fair@2.5",v2,False,1.1182260686839482,0.10526315789473684,0.07801864561017754,-0.02724451228455929,-0.25882286670331334,-0.008602883631733158,1182.0,1786.0,pass,2026-10-02T21:36:31+00:00,sgo_slate_alt_20261002T213627Z.json
STL@DAL,Roope Hintz,DAL,f2,PP1,SOG,over,5.5,draftkings,1700,True,2.437534293461486,2.3042341173452443,0.0464813074289215,0.0375836578804049,16.249302644351516,1496.78,,"draftkings@2.5,fanduel@2.5,pinnacle@2.5,sgo_fair@2.5",v2,False,1.1182260686839482,0.05555555555555555,0.04114271769981154,-0.014412837855744015,-0.2594310814033923,0.0088976495485166,2331.0,6095.0,pass,2026-10-02T21:36:31+00:00,sgo_slate_alt_20261002T213627Z.json
BOS@WPG,Gabriel Vilardi,WPG,f2,PP1,PTS,over,2.5,fanduel,1400,True,0.9243900297485824,0.7259624982274028,0.06693248121718669,0.03737618452648742,17.433178488819145,2116.1,,"draftkings@0.5,pinnacle@0.5,sgo_fair@0.5",v2,False,1.0468644783193533,0.06666666666666667,0.04919870320276713,-0.017467963463899533,-0.26201945195849297,0.029556296690699264,1933.0,4032.0,pass,2026-10-02T21:36:31+00:00,sgo_slate_alt_20261002T213627Z.json
WSH@CAR,Nikolaj Ehlers,CAR,f3,PP1,PTS,over,2.5,fanduel,1100,True,1.002834473293441,0.8076300594929091,0.08082350750619066,0.048525954999356156,16.96250861269781,1870.6825,,"draftkings@0.5,pinnacle@0.5,sgo_fair@0.5",v2,False,1.0468644783193533,0.08333333333333333,0.061444976002089965,-0.021888357331243363,-0.26266028797492047,0.032297552506834505,1527.0,2644.0,pass,2026-10-02T21:36:31+00:00,sgo_slate_alt_20261002T213627Z.json
BOS@WPG,David Pastrnak,BOS,f1,PP1,SOG,over,5.5,draftkings,400,True,3.2437906704082855,3.550763789307926,0.12402031166647483,0.16301823987784106,19.305080809204785,2352.8866666666668,,"draftkings@3.5,fanduel@3.5,pinnacle@3.5,sgo_fair@3.5",v2,False,1.1182260686839482,0.2,0.14741906859329457,-0.052580931406705445,-0.26290465703352717,-0.03899792821136623,578.0,717.0,pass,2026-10-02T21:36:31+00:00,sgo_slate_alt_20261002T213627Z.json
NYR@DET,Moritz Seider,DET,d1,PP1,SOG,over,5.5,draftkings,1700,True,2.3370677729229246,2.3691295967170483,0.03966958180789669,0.04177299505288793,24.012255414088816,3029.8125,,"draftkings@2.5,fanduel@2.5,pinnacle@2.5,sgo_fair@2.5",v2,False,1.1182260686839482,0.05555555555555555,0.04093162975489144,-0.014623925800664114,-0.2632306644119541,-0.002103413244991241,2343.0,6177.0,pass,2026-10-02T21:36:31+00:00,sgo_slate_alt_20261002T213627Z.json
BOS@WPG,James Hagens,BOS,f3,PP2,G,over,1.5,fanduel,5000,False,0.1699347612462111,0.18711116567652875,0.012902809333437794,0.01546753153790569,13.841666666666665,42.55,,sgo_fair@0.5,v1,False,1.0982596332481283,0.0196078431372549,0.014441642656118532,-0.00516620048113637,-0.26347622453795483,-0.002564722204467896,6824.0,,pass,2026-10-02T21:36:31+00:00,sgo_slate_alt_20261002T213627Z.json
STL@DAL,Dalibor Dvorsky,STL,f3,PP2,PTS,over,1.5,draftkings,1200,True,0.3673781139783024,0.39019555531364897,0.05302538625487576,0.058942589150316346,13.885102759466475,1026.5341666666668,,"draftkings@0.5,sgo_fair@0.5",v2,False,1.0468644783193533,0.07692307692307693,0.05657570799214011,-0.02034736893093682,-0.26451579610217857,-0.005917202895440586,1668.0,3067.0,pass,2026-10-02T21:36:31+00:00,sgo_slate_alt_20261002T213627Z.json
BOS@WPG,Fraser Minten,BOS,f3,PP2,G,over,1.5,fanduel,3500,False,0.21426224629736565,0.21873286050795435,0.019924391361687308,0.020703850790497035,15.046893153269307,1413.0508333333335,,sgo_fair@0.5,v2,False,1.0982596332481283,0.027777777777777776,0.020392067018973142,-0.007385710758804634,-0.2658855873169669,-0.000779459428809727,4804.0,,pass,2026-10-02T21:36:31+00:00,sgo_slate_alt_20261002T213627Z.json
NYR@DET,Eeli Tolvanen,NYR,f3,PP2,G,over,1.5,fanduel,4500,True,0.176892659273506,0.19867069479551722,0.01391728035227359,0.017306006969473396,14.267736109868624,1801.4791666666667,,sgo_fair@0.5,v2,False,1.0982596332481283,0.021739130434782608,0.015950516322593474,-0.005788614112189134,-0.26627624916070014,-0.0033887266171998068,6169.0,,pass,2026-10-02T21:36:31+00:00,sgo_slate_alt_20261002T213627Z.json
BOS@WPG,Elias Lindholm,BOS,f1,PP2,PTS,over,1.5,fanduel,630,True,0.554893507889071,0.5181676044763479,0.10728370582561117,0.09576276074643086,17.864457827843644,1916.9391666666668,,"draftkings@0.5,pinnacle@0.5,sgo_fair@0.5",v2,False,1.0468644783193533,0.136986301369863,0.100371138778103,-0.03661516259176001,-0.26729068691984814,0.011520945079180306,896.0,1227.0,pass,2026-10-02T21:36:31+00:00,sgo_slate_alt_20261002T213627Z.json
ANA@VGK,Cutter Gauthier,ANA,f1,PP1,SOG,over,5.5,fanduel,490,True,2.922382978028437,3.4358790498812657,0.08841418813115832,0.14790879342489963,16.623295864485087,1833.5541666666666,,"draftkings@3.5,fanduel@3.5,pinnacle@3.5,sgo_fair@3.5",v2,False,1.1182260686839482,0.1694915254237288,0.1241109513074031,-0.045380574116325706,-0.2677453872863217,-0.0594946052937413,706.0,909.0,pass,2026-10-02T21:36:31+00:00,sgo_slate_alt_20261002T213627Z.json
WSH@CAR,Jakob Chychrun,WSH,d1,PP1,G,over,1.5,fanduel,4500,False,0.18069549792872333,0.19593695881197729,0.01448588327006732,0.01686321179516075,21.891377326993766,2568.704166666667,,sgo_fair@0.5,v2,False,1.0982596332481283,0.021739130434782608,0.01591228038512338,-0.00582685004965923,-0.2680351022843246,-0.0023773285250934285,6184.0,,pass,2026-10-02T21:36:31+00:00,sgo_slate_alt_20261002T213627Z.json
ANA@VGK,Trevor Connelly,VGK,f3,PP2,SOG,over,3.5,draftkings,550,True,1.7567106115277316,1.7931270828217187,0.10904987723551668,0.11489938188807663,12.433333333333334,11.366666666666667,,"draftkings@1.5,sgo_fair@1.5",v1,False,1.1182260686839482,0.15384615384615385,0.11255958002705264,-0.04128657381910121,-0.26836272982415776,-0.005849504652559956,788.0,1042.0,pass,2026-10-02T21:36:31+00:00,sgo_slate_alt_20261002T213627Z.json
WSH@CAR,Jackson Blake,CAR,f2,PP1,SOG,over,5.5,draftkings,1500,True,2.455398771532545,2.406356071387941,0.04776051918271901,0.04429798043178612,17.175685133360474,1856.5166666666667,,"draftkings@2.5,fanduel@2.5,pinnacle@2.5,sgo_fair@2.5",v2,False,1.1182260686839482,0.0625,0.04568299593215928,-0.016817004067840723,-0.26907206508545156,0.0034625387509328864,2089.0,4735.0,pass,2026-10-02T21:36:31+00:00,sgo_slate_alt_20261002T213627Z.json
WSH@CAR,Tom Wilson,WSH,f1,PP1,A,over,1.5,draftkings,1400,True,0.36333331077606873,0.3412341788893743,0.051999876009198434,0.04652679855132244,18.257601622938086,2083.9066666666668,,"draftkings@0.5,pinnacle@0.5,sgo_fair@0.5",v2,False,1.1032038554164156,0.06666666666666667,0.048716029534472835,-0.01795063713219383,-0.2692595569829075,0.005473077457875994,1953.0,4117.0,pass,2026-10-02T21:36:31+00:00,sgo_slate_alt_20261002T213627Z.json
NYR@DET,Gabe Perreault,NYR,not in DF lineup,-,PTS,over,1.5,draftkings,800,True,0.41731137334154633,0.5015283816425384,0.0662529441037972,0.09066786925939382,15.255362995888913,842.9158333333332,,"draftkings@0.5,pinnacle@0.5,sgo_fair@0.5",v1,False,1.0468644783193533,0.1111111111111111,0.08090189919715518,-0.030209211913955925,-0.2718829072256034,-0.024414925155596623,1136.0,1689.0,pass,2026-10-02T21:36:31+00:00,sgo_slate_alt_20261002T213627Z.json
NYR@DET,Gabe Perreault,NYR,not in DF lineup,-,PTS,over,1.5,fanduel,800,True,0.41731137334154633,0.5015283816425384,0.0662529441037972,0.09066786925939382,15.255362995888913,842.9158333333332,,"draftkings@0.5,pinnacle@0.5,sgo_fair@0.5",v1,False,1.0468644783193533,0.1111111111111111,0.08090189919715518,-0.030209211913955925,-0.2718829072256034,-0.024414925155596623,1136.0,1689.0,pass,2026-10-02T21:36:31+00:00,sgo_slate_alt_20261002T213627Z.json
NYR@DET,Vladislav Gavrikov,NYR,d1,-,SOG,over,2.5,draftkings,330,True,1.33111673441584,1.434337769597629,0.15451269661584854,0.17902438437908932,22.567457519226874,2840.661666666667,,"draftkings@1.5,pinnacle@1.5,sgo_fair@1.5",v2,False,1.1182260686839482,0.23255813953488372,0.169219709273793,-0.0633384302610907,-0.27235525012269013,-0.02451168776324078,491.0,593.0,pass,2026-10-02T21:36:31+00:00,sgo_slate_alt_20261002T213627Z.json
NYR@DET,Viktor Arvidsson,DET,f2,PP1,A,over,1.5,fanduel,1000,True,0.43613197853077895,0.40380535668979795,0.07149415682313376,0.06257516048289048,13.767299701510195,1459.4783333333332,,sgo_fair@0.5,v2,False,1.1032038554164156,0.09090909090909091,0.06614275901898779,-0.02476633189010312,-0.27242965079113424,0.008918996340243276,1412.0,2331.0,pass,2026-10-02T21:36:31+00:00,sgo_slate_alt_20261002T213627Z.json
NYR@DET,Emmitt Finnie,DET,f2,PP2,PTS,over,1.5,draftkings,650,True,0.43789969432541337,0.5738690971854239,0.07199317440681416,0.11337407515260034,16.128041073700665,1271.0,,"draftkings@0.5,sgo_fair@0.5",v2,False,1.0468644783193533,0.13333333333333333,0.09682171485428587,-0.036511618479047464,-0.27383713859285597,-0.04138090074578618,933.0,1292.0,pass,2026-10-02T21:36:31+00:00,sgo_slate_alt_20261002T213627Z.json
NYR@DET,Oliver Bjorkstrand,NYR,f2,PP2,SOG,over,4.5,draftkings,1800,True,1.64419310790154,1.8021774046685863,0.031242108536080417,0.042836610972415874,13.833854577852438,1656.3891666666668,,"draftkings@1.5,fanduel@1.5,pinnacle@1.5,sgo_fair@2.0",v2,False,1.1182260686839482,0.05263157894736842,0.038198809997881694,-0.014432768949486724,-0.27422261004024784,-0.011594502436335457,2518.0,7476.0,pass,2026-10-02T21:36:31+00:00,sgo_slate_alt_20261002T213627Z.json
NYR@DET,Noah Laba,NYR,f3,-,G,over,1.5,fanduel,10000,True,0.10874616788743442,0.13479322244494474,0.00550118227032144,0.00830806664016808,13.668751240671648,1026.0166666666667,,sgo_fair@0.5,v2,False,1.0982596332481283,0.009900990099009901,0.007185312892229423,-0.002715677206780478,-0.27428339788482825,-0.0028068843698466394,13817.0,,pass,2026-10-02T21:36:31+00:00,sgo_slate_alt_20261002T213627Z.json
STL@DAL,Philip Broberg,STL,d1,-,A,over,1.5,draftkings,1200,True,0.3674016822565673,0.38472765588518165,0.05303138278006384,0.05750453744026163,22.092576692347905,2519.2591666666663,,"draftkings@0.5,pinnacle@0.5,sgo_fair@0.5",v2,False,1.1032038554164156,0.07692307692307693,0.05571527557618251,-0.021207801346894414,-0.2757014175096273,-0.004473154660197785,1695.0,3156.0,pass,2026-10-02T21:36:31+00:00,sgo_slate_alt_20261002T213627Z.json
ANA@VGK,Tristan Luneau,ANA,d1,PP2,PTS,over,1.5,draftkings,1400,True,0.3483350237358474,0.3483350237358474,0.04826106353165426,0.04826106353165426,17.915699330085324,56.31666666666667,,"draftkings@0.5,sgo_fair@0.5",v2,False,1.0468644783193533,0.06666666666666667,0.04826106353165426,-0.018405603135012404,-0.2760840470251861,0.0,1972.0,4199.0,pass,2026-10-02T21:36:31+00:00,sgo_slate_alt_20261002T213627Z.json
NYR@DET,J.T. Compher,DET,f2,-,PTS,over,1.5,draftkings,850,True,0.417551644922447,0.47506541950922604,0.06631901336171903,0.08273886703490678,16.459511636519334,1855.2116666666668,,"draftkings@0.5,sgo_fair@0.5",v2,False,1.0468644783193533,0.10526315789473684,0.07617092556563168,-0.029092232329105155,-0.276376207126499,-0.016419853673187754,1213.0,1854.0,pass,2026-10-02T21:36:31+00:00,sgo_slate_alt_20261002T213627Z.json
STL@DAL,Justin Hryckowian,DAL,f1,PP2,PTS,over,1.5,draftkings,600,True,0.5207518196401536,0.5568709690426078,0.09656127322991302,0.1079141897036718,16.275927825541153,1094.9966666666667,,"draftkings@0.5,sgo_fair@0.5",v2,False,1.0468644783193533,0.14285714285714285,0.1033730231141683,-0.039484119742974555,-0.27638883820082194,-0.011352916473758773,867.0,1176.0,pass,2026-10-02T21:36:31+00:00,sgo_slate_alt_20261002T213627Z.json
NYR@DET,Mika Zibanejad,NYR,f1,PP1,SOG,over,5.5,draftkings,1300,True,2.5578884297133944,2.47245746794295,0.05549679064373845,0.04900122507033418,19.315568777005215,2422.4325000000003,,"draftkings@2.5,fanduel@2.5,pinnacle@2.5,sgo_fair@2.5",v2,False,1.1182260686839482,0.07142857142857142,0.051599451299695884,-0.01982912012887554,-0.27760768180425766,0.00649556557340427,1838.0,3659.0,pass,2026-10-02T21:36:31+00:00,sgo_slate_alt_20261002T213627Z.json
STL@DAL,Pavel Buchnevich,STL,f2,PP2,G,over,1.5,fanduel,2700,True,0.24220184443414666,0.24906471932920501,0.024998586731938027,0.02631717748792535,16.403434835413165,2103.6908333333336,,"fanduel@0.5,sgo_fair@0.5",v2,False,1.0982596332481283,0.03571428571428571,0.025789741185530422,-0.00992454452875529,-0.2778872468051482,-0.0013185907559873228,3778.0,126524.0,pass,2026-10-02T21:36:31+00:00,sgo_slate_alt_20261002T213627Z.json
NYR@DET,Mason Appleton,DET,f3,-,G,over,1.5,fanduel,10000,False,0.10402838211261893,0.13682508270184898,0.0050499321547212575,0.008548968794551142,13.587310050246604,1352.9241666666667,,sgo_fair@0.5,v2,False,1.0982596332481283,0.009900990099009901,0.0071493541386191874,-0.0027516359603907137,-0.2779152319994621,-0.003499036639829885,13887.0,,pass,2026-10-02T21:36:31+00:00,sgo_slate_alt_20261002T213627Z.json
WSH@CAR,Jordan Staal,CAR,f3,PP2,SOG,over,3.5,draftkings,650,True,1.6749167437954757,1.6734465943042878,0.0963894720731975,0.09616817536628298,16.336095233703357,1752.3600000000001,,"draftkings@1.5,pinnacle@1.5,sgo_fair@1.5",v2,False,1.1182260686839482,0.13333333333333333,0.0962566940490488,-0.037076639284284535,-0.278074794632134,0.00022129670691450887,939.0,1303.0,pass,2026-10-02T21:36:31+00:00,sgo_slate_alt_20261002T213627Z.json
ANA@VGK,Jack Eichel,VGK,f1,PP1,G,over,2.5,fanduel,6000,True,0.46727418538191356,0.461989409749093,0.012027832497829023,0.011669382794909278,20.597276930957293,2298.3541666666665,,"fanduel@0.5,pinnacle@0.5,sgo_fair@0.5",v2,False,1.0982596332481283,0.01639344262295082,0.011812762676077178,-0.004580679946873643,-0.2794214767592922,0.00035844970291974525,8365.0,,pass,2026-10-02T21:36:31+00:00,sgo_slate_alt_20261002T213627Z.json
STL@DAL,Miro Heiskanen,DAL,d1,PP1,SOG,over,3.5,draftkings,300,True,1.8688868290955494,2.3397194152326795,0.12746442835516625,0.21520247899607006,25.972927915823785,2527.524166666667,,"draftkings@2.5,fanduel@2.5,pinnacle@2.5,sgo_fair@2.5",v2,False,1.1182260686839482,0.25,0.18010725873970854,-0.06989274126029146,-0.27957096504116585,-0.08773805064090381,455.0,545.0,pass,2026-10-02T21:36:31+00:00,sgo_slate_alt_20261002T213627Z.json
ANA@VGK,William Karlsson,VGK,f2,PP2,SOG,over,4.5,draftkings,1200,True,2.0814648851626067,1.8468127959968956,0.06862920100917244,0.04650604324086512,16.71967523099671,635.2708333333334,,"draftkings@1.5,pinnacle@1.5,sgo_fair@1.5",v2,False,1.1182260686839482,0.07692307692307693,0.055355306348188055,-0.021567770574888873,-0.28038101747355526,0.022123157768307318,1707.0,3194.0,pass,2026-10-02T21:36:31+00:00,sgo_slate_alt_20261002T213627Z.json
BOS@WPG,Hampus Lindholm,BOS,d1,PP1,SOG,over,3.5,draftkings,750,True,1.6171119728984202,1.5789622302164883,0.08786103910967274,0.08243116487345324,21.812503355085678,1626.9141666666667,,"draftkings@1.5,fanduel@1.5,pinnacle@1.5,sgo_fair@1.5",v2,False,1.1182260686839482,0.11764705882352941,0.08460311456794105,-0.03304394425558836,-0.28087352617250105,0.0054298742362195035,1082.0,1578.0,pass,2026-10-02T21:36:31+00:00,sgo_slate_alt_20261002T213627Z.json
ANA@VGK,Nikita Nesterenko,ANA,f3,-,G,over,1.5,fanduel,10000,False,0.10292554766835134,0.13682508270184898,0.004947032450753552,0.008548968794551142,12.3960500176475,448.3,,sgo_fair@0.5,v2,False,1.0982596332481283,0.009900990099009901,0.007108194257032106,-0.0027927958419777955,-0.2820723800397573,-0.0036019363437975902,13968.0,,pass,2026-10-02T21:36:31+00:00,sgo_slate_alt_20261002T213627Z.json
BOS@WPG,Pavel Zacha,BOS,f2,PP1,A,over,1.5,draftkings,1000,True,0.4153302716392369,0.4122595914745447,0.06570903190658174,0.06486897203230584,16.867313130617127,2032.8025,,"draftkings@0.5,pinnacle@0.5,sgo_fair@0.5",v2,False,1.1032038554164156,0.09090909090909091,0.0652049959820162,-0.025704094927074705,-0.28274504419782176,0.0008400598742759058,1434.0,2387.0,pass,2026-10-02T21:36:31+00:00,sgo_slate_alt_20261002T213627Z.json
BOS@WPG,Hampus Lindholm,BOS,d1,PP1,A,over,1.5,fanduel,870,True,0.3856936319151852,0.4812901353600599,0.05775768264251858,0.08458403845351078,21.812503355085678,1626.9141666666667,,"draftkings@0.5,pinnacle@0.5,sgo_fair@0.5",v2,False,1.1032038554164156,0.10309278350515463,0.0738534961291139,-0.02923928737604073,-0.2836210875475952,-0.026826355810992207,1254.0,1947.0,pass,2026-10-02T21:36:31+00:00,sgo_slate_alt_20261002T213627Z.json
WSH@CAR,Andrei Svechnikov,CAR,f1,PP1,PTS,over,2.5,fanduel,1060,True,1.0130712935724613,0.8017377472680647,0.08272137232339687,0.047672784067204814,17.174841336373092,1912.6491666666668,,"draftkings@0.5,pinnacle@0.5,sgo_fair@0.5",v2,False,1.0468644783193533,0.08620689655172414,0.06169221936968163,-0.02451467718204251,-0.28437025531169313,0.03504858825619205,1521.0,2625.0,pass,2026-10-02T21:36:31+00:00,sgo_slate_alt_20261002T213627Z.json
NYR@DET,J.T. Miller,NYR,f2,PP1,SOG,over,4.5,draftkings,900,True,2.0405303472808645,2.1530253982401297,0.0644312675091293,0.07630324513007539,17.08771264101801,1991.3375,,"draftkings@1.5,fanduel@1.5,pinnacle@2.5,sgo_fair@2.0",v2,False,1.1182260686839482,0.1,0.07155445408169694,-0.02844554591830306,-0.2844554591830306,-0.011871977620946092,1298.0,2048.0,pass,2026-10-02T21:36:31+00:00,sgo_slate_alt_20261002T213627Z.json
BOS@WPG,David Pastrnak,BOS,f1,PP1,G,over,1.5,fanduel,900,True,0.3563830458075217,0.48484378153756535,0.0502546795079171,0.08564301778906111,19.305080809204785,2352.8866666666668,,"fanduel@0.5,pinnacle@0.5,sgo_fair@0.5",v2,False,1.0982596332481283,0.1,0.0714876824766035,-0.028512317523396502,-0.2851231752339649,-0.03538833828114401,1299.0,2051.0,pass,2026-10-02T21:36:31+00:00,sgo_slate_alt_20261002T213627Z.json
NYR@DET,Adam Fox,NYR,d1,PP1,G,over,1.5,fanduel,6000,False,0.14249999505323332,0.17314282484214313,0.00923821860980586,0.013366368296514339,22.258802105644207,2111.2541666666666,,sgo_fair@0.5,v2,False,1.0982596332481283,0.01639344262295082,0.011715108421830947,-0.0046783342011198735,-0.28537838626831225,-0.004128149686708479,8436.0,,pass,2026-10-02T21:36:31+00:00,sgo_slate_alt_20261002T213627Z.json
WSH@CAR,Taylor Hall,CAR,f2,PP2,SOG,over,4.5,draftkings,1100,True,2.084770299166911,1.922734463279685,0.06897431222623973,0.05314567593366597,16.04701527377841,1703.5891666666669,,"draftkings@1.5,pinnacle@1.5,sgo_fair@1.5",v2,False,1.1182260686839482,0.08333333333333333,0.05947713045069548,-0.02385620288263785,-0.28627443459165425,0.015828636292573764,1581.0,2800.0,pass,2026-10-02T21:36:31+00:00,sgo_slate_alt_20261002T213627Z.json
ANA@VGK,Cutter Gauthier,ANA,f1,PP1,SOG,over,5.5,draftkings,475,True,2.922382978028437,3.4358790498812657,0.08841418813115832,0.14790879342489963,16.623295864485087,1833.5541666666666,,"draftkings@3.5,fanduel@3.5,pinnacle@3.5,sgo_fair@3.5",v2,False,1.1182260686839482,0.17391304347826086,0.1241109513074031,-0.049802092170857765,-0.2863620299824322,-0.0594946052937413,706.0,909.0,pass,2026-10-02T21:36:31+00:00,sgo_slate_alt_20261002T213627Z.json
BOS@WPG,Neal Pionk,WPG,d2,PP2,PTS,over,1.5,draftkings,1000,True,0.40379055717962486,0.4171930120166548,0.06257116982742639,0.0662204055595018,21.56093374973941,1843.1675,,"draftkings@0.5,pinnacle@0.5,sgo_fair@0.5",v2,False,1.0468644783193533,0.09090909090909091,0.06476071126667163,-0.026148379642419284,-0.28763217606661207,-0.003649235732075415,1444.0,2415.0,pass,2026-10-02T21:36:31+00:00,sgo_slate_alt_20261002T213627Z.json
STL@DAL,Tyler Seguin,DAL,f2,PP2,A,over,1.5,draftkings,1100,True,0.4145339754008486,0.37590742775761204,0.065490834820049,0.055211292890307545,14.963038356186521,595.2091666666668,,"draftkings@0.5,pinnacle@0.5,sgo_fair@0.5",v2,False,1.1032038554164156,0.08333333333333333,0.059323109662204124,-0.024010223671129205,-0.28812268405355046,0.010279541929741454,1586.0,2813.0,pass,2026-10-02T21:36:31+00:00,sgo_slate_alt_20261002T213627Z.json
ANA@VGK,Mikael Granlund,ANA,f2,PP1,A,over,1.5,fanduel,800,True,0.45383894561162086,0.4683538288493259,0.07654327393928882,0.08076355063080863,18.703895528300663,1838.5333333333333,,"draftkings@0.5,pinnacle@0.5,sgo_fair@0.5",v2,False,1.1032038554164156,0.1111111111111111,0.0790754399542007,-0.0320356711569104,-0.28832104041219364,-0.004220276691519809,1165.0,1749.0,pass,2026-10-02T21:36:31+00:00,sgo_slate_alt_20261002T213627Z.json
WSH@CAR,Jakob Chychrun,WSH,d1,PP1,A,over,1.5,fanduel,750,True,0.43325068149505375,0.5072083544045178,0.07068322485046015,0.09239787667352437,21.891377326993766,2568.704166666667,,"draftkings@0.5,pinnacle@0.5,sgo_fair@0.5",v2,False,1.1032038554164156,0.11764705882352941,0.08371201594429868,-0.03393504287923073,-0.28844786447346116,-0.021714651823064215,1095.0,1603.0,pass,2026-10-02T21:36:31+00:00,sgo_slate_alt_20261002T213627Z.json
WSH@CAR,Ilya Protas,WSH,f3,PP2,G,over,1.5,fanduel,3500,False,0.21540889187256163,0.21175822908920533,0.02012310756743237,0.019493341347784486,14.695833333333333,63.56666666666667,,sgo_fair@0.5,v1,False,1.0982596332481283,0.027777777777777776,0.019745247835643638,-0.008032529942134138,-0.28917107791682906,0.0006297662196478836,4965.0,,pass,2026-10-02T21:36:31+00:00,sgo_slate_alt_20261002T213627Z.json
BOS@WPG,Hampus Lindholm,BOS,d1,PP1,PTS,over,1.5,draftkings,650,True,0.45869552759109733,0.5507979533264914,0.07794736159491414,0.10598108495687288,21.812503355085678,1626.9141666666667,,"draftkings@0.5,pinnacle@0.5,sgo_fair@0.5",v2,False,1.0468644783193533,0.13333333333333333,0.09476759561208938,-0.038565737721243956,-0.28924303290932973,-0.028033723361958737,955.0,1333.0,pass,2026-10-02T21:36:31+00:00,sgo_slate_alt_20261002T213627Z.json
STL@DAL,Mason McTavish,STL,f2,PP1,PTS,over,0.5,fanduel,-150,False,0.5243736009829099,0.5773153650349268,0.4080739698541714,0.43859649122812816,13.933970658700481,1726.1308333333334,,sgo_fair@0.5,v2,False,1.0468644783193533,0.6,0.4263874826785454,-0.17361251732145455,-0.2893541955357577,-0.03052252137395678,135.0,149.0,pass,2026-10-02T21:36:31+00:00,sgo_slate_alt_20261002T213627Z.json
ANA@VGK,Ivan Barbashev,VGK,f1,-,G,over,2.5,fanduel,15000,True,0.29545397193341,0.35064066663990673,0.003449889901813641,0.00553662770163258,16.2984941270241,1875.4308333333333,,"pinnacle@0.5,sgo_fair@0.5",v2,False,1.0982596332481283,0.006622516556291391,0.004701932581705004,-0.0019205839745863864,-0.29000818016254437,-0.002086737799818939,21168.0,,pass,2026-10-02T21:36:31+00:00,sgo_slate_alt_20261002T213627Z.json
NYR@DET,Emmitt Finnie,DET,f2,PP2,G,over,2.5,fanduel,35000,True,0.23990314127657592,0.24694760911456554,0.0019243763350140373,0.002088000726562625,16.128041073700665,1271.0,,sgo_fair@0.5,v2,False,1.0982596332481283,0.002849002849002849,0.0020225509699431897,-0.0008264518790596594,-0.2900846095499404,-0.00016362439154858784,49343.0,,pass,2026-10-02T21:36:31+00:00,sgo_slate_alt_20261002T213627Z.json
NYR@DET,Pavel Dorofeyev,NYR,f2,PP1,SOG,over,5.5,draftkings,750,True,2.8810891147159556,2.8682035624444366,0.08427148355551008,0.08299984922034134,16.450106012385557,2082.9491666666668,,"draftkings@2.5,fanduel@2.5,pinnacle@2.5,sgo_fair@3.5",v2,False,1.1182260686839482,0.11764705882352941,0.08350850295440884,-0.03413855586912057,-0.2901777248875248,0.0012716343351687337,1097.0,1609.0,pass,2026-10-02T21:36:31+00:00,sgo_slate_alt_20261002T213627Z.json
WSH@CAR,Pierre-Luc Dubois,WSH,f1,PP1,G,over,2.5,fanduel,40000,True,0.24565805670758864,0.22364467886202125,0.0020574247464649783,0.001577942141820066,16.026006939520308,1126.1958333333334,,sgo_fair@0.5,v2,False,1.0982596332481283,0.0024937655860349127,0.001769735183678031,-0.0007240304023568816,-0.2903361913451096,0.0004794826046449123,56406.0,,pass,2026-10-02T21:36:31+00:00,sgo_slate_alt_20261002T213627Z.json
STL@DAL,Mikko Rantanen,DAL,f1,PP1,A,over,2.5,fanduel,1500,True,0.8340142621149719,0.7381798596182657,0.052437264596667844,0.03895059363209656,20.640933758585803,2075.3450000000003,,"draftkings@0.5,pinnacle@0.5,sgo_fair@0.5",v2,False,1.1032038554164156,0.0625,0.044345262017925074,-0.018154737982074926,-0.2904758077131988,0.013486670964571283,2155.0,5069.0,pass,2026-10-02T21:36:31+00:00,sgo_slate_alt_20261002T213627Z.json
STL@DAL,Jimmy Snuggerud,STL,f1,PP1,A,over,1.5,fanduel,900,True,0.4394202819038454,0.43060619970366076,0.07242333606716221,0.06994162815717453,17.487775105522008,1217.4199999999998,,"draftkings@0.5,sgo_fair@0.5",v2,False,1.1032038554164156,0.1,0.0709343113211696,-0.0290656886788304,-0.2906568867883039,0.002481707909987682,1310.0,2077.0,pass,2026-10-02T21:36:31+00:00,sgo_slate_alt_20261002T213627Z.json
NYR@DET,Mika Zibanejad,NYR,f1,PP1,G,over,2.5,draftkings,10000,True,0.40918669330240837,0.3629268402304303,0.008428049223597908,0.006083974523353203,19.315568777005215,2422.4325000000003,,"fanduel@0.5,pinnacle@0.5,sgo_fair@0.5",v2,False,1.0982596332481283,0.009900990099009901,0.007021604403451084,-0.002879385695558817,-0.2908179552514405,0.002344074700244705,14142.0,,pass,2026-10-02T21:36:31+00:00,sgo_slate_alt_20261002T213627Z.json
WSH@CAR,Cole Hutson,WSH,d2,PP2,PTS,over,1.5,fanduel,800,True,0.4887109617413447,0.44281480571964255,0.08679998013182069,0.07338662714669748,18.499433137340223,244.4,,"draftkings@0.5,sgo_fair@0.5",v2,False,1.0468644783193533,0.1111111111111111,0.07875196834074677,-0.032359142770364335,-0.29123228493327913,0.013413352985123209,1170.0,1760.0,pass,2026-10-02T21:36:31+00:00,sgo_slate_alt_20261002T213627Z.json
WSH@CAR,Alex Ovechkin,WSH,f2,PP1,A,over,1.5,fanduel,1000,True,0.4217372055555731,0.4028943519607772,0.06747348865638704,0.06232967271313529,16.67895270691558,1949.2041666666667,,"draftkings@0.5,sgo_fair@0.5",v2,False,1.1032038554164156,0.09090909090909091,0.06438719909043598,-0.026521891818654927,-0.29174081000520413,0.0051438159432517505,1453.0,2439.0,pass,2026-10-02T21:36:31+00:00,sgo_slate_alt_20261002T213627Z.json
WSH@CAR,Dylan Strome,WSH,f2,PP1,G,over,1.5,fanduel,2700,False,0.2663815684309344,0.22773656780868323,0.029765896952104597,0.022311613007288143,16.4350786487246,2084.476666666667,,sgo_fair@0.5,v2,False,1.0982596332481283,0.03571428571428571,0.025293326585214725,-0.010420959129070987,-0.29178685561398765,0.007454283944816453,3854.0,340817.0,pass,2026-10-02T21:36:31+00:00,sgo_slate_alt_20261002T213627Z.json
WSH@CAR,Alex Tuch,WSH,f1,PP2,G,over,2.5,fanduel,17500,True,0.3183477102106321,0.3079538054613656,0.004243276376057616,0.003870650612165794,19.394777971531802,2210.999166666667,,"fanduel@0.5,sgo_fair@0.5",v2,False,1.0982596332481283,0.005681818181818182,0.004019700917722522,-0.0016621172640956597,-0.2925326384808361,0.0003726257638918223,24777.0,,pass,2026-10-02T21:36:31+00:00,sgo_slate_alt_20261002T213627Z.json
STL@DAL,Mikko Rantanen,DAL,f1,PP1,G,over,2.5,draftkings,8000,True,0.41454823576751315,0.41454823576751315,0.008729283620518733,0.008729283620518733,20.640933758585803,2075.3450000000003,,"fanduel@0.5,pinnacle@0.5,sgo_fair@0.5",v2,False,1.0982596332481283,0.012345679012345678,0.008729283620518733,-0.0036163953918269456,-0.2929280267379827,0.0,11356.0,,pass,2026-10-02T21:36:31+00:00,sgo_slate_alt_20261002T213627Z.json
BOS@WPG,David Pastrnak,BOS,f1,PP1,PTS,over,2.5,fanduel,600,True,1.066842862816821,1.1322324619603372,0.09299807433042538,0.1061594008288318,19.305080809204785,2352.8866666666668,,"draftkings@1.5,pinnacle@0.5,sgo_fair@1.0",v2,False,1.0468644783193533,0.14285714285714285,0.10089487022946922,-0.04196227262767363,-0.29373590839371544,-0.013161326498406414,891.0,1218.0,pass,2026-10-02T21:36:31+00:00,sgo_slate_alt_20261002T213627Z.json
BOS@WPG,David Pastrnak,BOS,f1,PP1,PTS,over,2.5,draftkings,600,True,1.066842862816821,1.1322324619603372,0.09299807433042538,0.1061594008288318,19.305080809204785,2352.8866666666668,,"draftkings@1.5,pinnacle@0.5,sgo_fair@1.0",v2,False,1.0468644783193533,0.14285714285714285,0.10089487022946922,-0.04196227262767363,-0.29373590839371544,-0.013161326498406414,891.0,1218.0,pass,2026-10-02T21:36:31+00:00,sgo_slate_alt_20261002T213627Z.json
ANA@VGK,Shea Theodore,VGK,d1,PP1,G,over,1.5,fanduel,4500,False,0.13777175302366323,0.21357410029820284,0.008662270417196334,0.019805534374669417,24.38074349382845,2282.9841666666666,,sgo_fair@0.5,v2,False,1.0982596332481283,0.021739130434782608,0.015348228791680183,-0.006390901643102425,-0.2939814755827116,-0.011143263957473082,6415.0,,pass,2026-10-02T21:36:31+00:00,sgo_slate_alt_20261002T213627Z.json
STL@DAL,Dylan Holloway,STL,f1,PP1,PTS,over,2.5,fanduel,1400,True,0.8732837504521325,0.7415906843590072,0.058530144406204195,0.03939607538960199,18.08848697930289,1659.9508333333333,,"draftkings@0.5,pinnacle@0.5,sgo_fair@0.5",v2,False,1.0468644783193533,0.06666666666666667,0.04704970299624287,-0.019616963670423794,-0.29425445505635694,0.019134069016602202,2025.0,4435.0,pass,2026-10-02T21:36:31+00:00,sgo_slate_alt_20261002T213627Z.json
NYR@DET,Alexis Lafrenière,NYR,f1,PP1,A,over,1.5,fanduel,1000,True,0.39192809009154306,0.4207581827492938,0.05940082721925535,0.06720285317649996,17.94658220183404,0.0,no NHL data: 85% of positional prior,"draftkings@0.5,pinnacle@0.5,sgo_fair@0.5",v2,False,1.1032038554164156,0.09090909090909091,0.06408204279360212,-0.02682704811548879,-0.2950975292703767,-0.007802025957244607,1460.0,2459.0,pass,2026-10-02T21:36:31+00:00,sgo_slate_alt_20261002T213627Z.json
ANA@VGK,Brett Howden,VGK,f2,-,PTS,over,1.5,draftkings,650,True,0.47697476594136257,0.5349790716195593,0.08330351388254109,0.1009910821336857,16.17015068658508,1416.1483333333333,,"draftkings@0.5,sgo_fair@0.5",v2,False,1.0468644783193533,0.13333333333333333,0.09391605483322785,-0.039417278500105485,-0.29562958875079115,-0.017687568251144606,965.0,1351.0,pass,2026-10-02T21:36:31+00:00,sgo_slate_alt_20261002T213627Z.json
NYR@DET,Alex DeBrincat,DET,f1,PP1,PTS,over,2.5,fanduel,750,True,0.9568129527278108,1.04950519773663,0.07253156011712562,0.0896290025615366,18.58434807318392,2176.461666666667,,"draftkings@0.5,pinnacle@0.5,sgo_fair@1.5",v2,False,1.0468644783193533,0.11764705882352941,0.0827900255837722,-0.03485703323975721,-0.29628478253793633,-0.01709744244441097,1108.0,1630.0,pass,2026-10-02T21:36:31+00:00,sgo_slate_alt_20261002T213627Z.json
WSH@CAR,Jordan Martinook,CAR,f3,-,PTS,over,1.5,draftkings,850,True,0.4068371878751763,0.46908429457160405,0.06339452087557747,0.08097781518081983,14.979630616944284,1699.995,,"draftkings@0.5,sgo_fair@0.5",v2,False,1.0468644783193533,0.10526315789473684,0.07394449745872288,-0.03131866043601396,-0.29752727414213265,-0.01758329430524236,1252.0,1943.0,pass,2026-10-02T21:36:31+00:00,sgo_slate_alt_20261002T213627Z.json
BOS@WPG,Hampus Lindholm,BOS,d1,PP1,A,over,1.5,draftkings,850,True,0.3856936319151852,0.4812901353600599,0.05775768264251858,0.08458403845351078,21.812503355085678,1626.9141666666667,,"draftkings@0.5,pinnacle@0.5,sgo_fair@0.5",v2,False,1.1032038554164156,0.10526315789473684,0.0738534961291139,-0.03140966176562293,-0.29839178677341793,-0.026826355810992207,1254.0,1947.0,pass,2026-10-02T21:36:31+00:00,sgo_slate_alt_20261002T213627Z.json
WSH@CAR,Mark Jankowski,CAR,f4,-,G,over,1.5,draftkings,4000,False,0.1632731971690751,0.21777637570768327,0.011963307668826442,0.02053602658365754,11.262879036036844,1110.8375,,sgo_fair@0.5,v2,False,1.0982596332481283,0.024390243902439025,0.0171069390177251,-0.0072833048847139245,-0.2986155002732709,-0.0085727189148311,5746.0,,pass,2026-10-02T21:36:31+00:00,sgo_slate_alt_20261002T213627Z.json
STL@DAL,Miro Heiskanen,DAL,d1,PP1,PTS,over,2.5,draftkings,950,True,0.8036757964742296,0.9924636355830904,0.047952577473801945,0.07892039699641952,25.972927915823785,2527.524166666667,,"draftkings@0.5,pinnacle@0.5,sgo_fair@1.0",v2,False,1.0468644783193533,0.09523809523809523,0.06653326918737248,-0.028704826050722748,-0.3014006735325889,-0.030967819522617575,1403.0,2308.0,pass,2026-10-02T21:36:31+00:00,sgo_slate_alt_20261002T213627Z.json
NYR@DET,Sean Durzi,NYR,d2,PP2,PTS,over,1.5,draftkings,1200,True,0.33365843194707373,0.3928593203743093,0.04470259224988467,0.059647638290500925,19.028469786411566,1478.5616666666667,,"draftkings@0.5,sgo_fair@0.5",v2,False,1.0468644783193533,0.07692307692307693,0.05366961987425442,-0.023253457048822507,-0.3022949416346925,-0.014945046040616257,1763.0,3388.0,pass,2026-10-02T21:36:31+00:00,sgo_slate_alt_20261002T213627Z.json
ANA@VGK,Shea Theodore,VGK,d1,PP1,SOG,over,4.5,draftkings,1000,True,1.955428718483615,2.0741568946032145,0.056158687068018215,0.06786943217508806,24.38074349382845,2282.9841666666666,,"draftkings@1.5,fanduel@1.5,pinnacle@1.5,sgo_fair@2.0",v2,False,1.1182260686839482,0.09090909090909091,0.06318513413226012,-0.027723956776830788,-0.30496352454513864,-0.011710745107069848,1483.0,2519.0,pass,2026-10-02T21:36:31+00:00,sgo_slate_alt_20261002T213627Z.json
STL@DAL,Jason Robertson,DAL,f2,PP1,G,over,2.5,fanduel,4000,True,0.5802289691303372,0.49614242249956214,0.021207244760459248,0.014096902177583658,20.375929813628595,2317.33,,"fanduel@0.5,pinnacle@0.5,sgo_fair@0.5",v2,False,1.0982596332481283,0.024390243902439025,0.016941039210733894,-0.007449204691705132,-0.3054173923599104,0.00711034258287559,5803.0,,pass,2026-10-02T21:36:31+00:00,sgo_slate_alt_20261002T213627Z.json
BOS@WPG,Hampus Lindholm,BOS,d1,PP1,PTS,over,1.5,fanduel,630,True,0.45869552759109733,0.5507979533264914,0.07794736159491414,0.10598108495687288,21.812503355085678,1626.9141666666667,,"draftkings@0.5,pinnacle@0.5,sgo_fair@0.5",v2,False,1.0468644783193533,0.136986301369863,0.09476759561208938,-0.04221870575777363,-0.30819655203174756,-0.028033723361958737,955.0,1333.0,pass,2026-10-02T21:36:31+00:00,sgo_slate_alt_20261002T213627Z.json
WSH@CAR,Ryan Leonard,WSH,f2,PP2,A,over,1.5,draftkings,1300,True,0.33203666809831356,0.3664623522217451,0.04431562083345069,0.05279257570129598,14.79877049597388,1138.4366666666667,,"draftkings@0.5,sgo_fair@0.5",v2,False,1.1032038554164156,0.07142857142857142,0.04940179375415786,-0.022026777674413564,-0.30837488744179,-0.00847695486784529,1924.0,3998.0,pass,2026-10-02T21:36:31+00:00,sgo_slate_alt_20261002T213627Z.json
NYR@DET,Adam Fox,NYR,d1,PP1,PTS,over,2.5,draftkings,1500,True,0.7787485919391153,0.7640305573062971,0.044415856822304894,0.042391188499523835,22.258802105644207,2111.2541666666666,,"draftkings@0.5,pinnacle@0.5,sgo_fair@0.5",v2,False,1.0468644783193533,0.0625,0.04320105582863626,-0.01929894417136374,-0.30878310674181986,0.002024668322781059,2215.0,5394.0,pass,2026-10-02T21:36:31+00:00,sgo_slate_alt_20261002T213627Z.json
WSH@CAR,Logan Stankoven,CAR,f2,PP2,A,over,1.5,fanduel,1200,True,0.39326138815952033,0.3496744570529081,0.059754311303990656,0.04859081097481026,17.072616370327324,1801.0691666666667,,"draftkings@0.5,pinnacle@0.5,sgo_fair@0.5",v2,False,1.1032038554164156,0.07692307692307693,0.05305621110648242,-0.02386686581659451,-0.3102692556157286,0.011163500329180398,1785.0,3464.0,pass,2026-10-02T21:36:31+00:00,sgo_slate_alt_20261002T213627Z.json
WSH@CAR,Tom Wilson,WSH,f1,PP1,G,over,2.5,fanduel,20000,True,0.29822745574003645,0.29251956416596253,0.0035406986549089206,0.0033553814071112394,18.257601622938086,2083.9066666666668,,"fanduel@0.5,pinnacle@0.5,sgo_fair@0.5",v2,False,1.0982596332481283,0.004975124378109453,0.003429508306230312,-0.0015456160718791408,-0.3106688304477073,0.0001853172477976812,29059.0,,pass,2026-10-02T21:36:31+00:00,sgo_slate_alt_20261002T213627Z.json
ANA@VGK,Mitch Marner,VGK,f2,PP1,SOG,over,5.5,draftkings,1300,True,2.583127338622359,2.396786259523875,0.057505624772214756,0.04364037833450532,20.54836472665646,2414.8641666666667,,"draftkings@2.5,fanduel@2.5,sgo_fair@2.5",v2,False,1.1182260686839482,0.07142857142857142,0.04918647690958909,-0.022242094518982333,-0.31138932326575275,0.013865246437709436,1933.0,4035.0,pass,2026-10-02T21:36:31+00:00,sgo_slate_alt_20261002T213627Z.json
NYR@DET,Oliver Bjorkstrand,NYR,f2,PP2,PTS,over,1.5,draftkings,800,True,0.39372923112121255,0.49098729815955866,0.059878518512830776,0.08748319879990518,13.833854577852438,1656.3891666666668,,"draftkings@0.5,sgo_fair@0.5",v2,False,1.0468644783193533,0.1111111111111111,0.07644132668507542,-0.03466978442603569,-0.31202805983432125,-0.027604680287074405,1208.0,1844.0,pass,2026-10-02T21:36:31+00:00,sgo_slate_alt_20261002T213627Z.json
STL@DAL,Tyler Seguin,DAL,f2,PP2,G,over,2.5,fanduel,20000,True,0.3170874877270537,0.27718042036682194,0.004196983196770737,0.0028872754340913045,14.963038356186521,595.2091666666668,,"fanduel@0.5,pinnacle@0.5,sgo_fair@0.5",v2,False,1.0982596332481283,0.004975124378109453,0.0034111585391630775,-0.001563965838946375,-0.3143571336282214,0.0013097077626794329,29216.0,,pass,2026-10-02T21:36:31+00:00,sgo_slate_alt_20261002T213627Z.json
ANA@VGK,Tomas Hertl,VGK,f3,PP1,PTS,over,2.5,draftkings,1600,True,0.7768563380820841,0.7289418952919325,0.04415289502401093,0.037757056239169806,14.758236776055922,1974.8158333333336,,"draftkings@0.5,pinnacle@0.5,sgo_fair@0.5",v2,False,1.0468644783193533,0.058823529411764705,0.04031539175310626,-0.018508137658658448,-0.3146383401971936,0.0063958387848411236,2380.0,6429.0,pass,2026-10-02T21:36:31+00:00,sgo_slate_alt_20261002T213627Z.json
BOS@WPG,Elias Lindholm,BOS,f1,PP2,A,over,1.5,draftkings,1300,True,0.34495998570832676,0.35488572149672815,0.04743384802434579,0.049881541592486436,17.864457827843644,1916.9391666666668,,"draftkings@0.5,pinnacle@0.5,sgo_fair@0.5",v2,False,1.1032038554164156,0.07142857142857142,0.04890246416523018,-0.02252610726334124,-0.31536550168677746,-0.0024476935681406464,1945.0,4084.0,pass,2026-10-02T21:36:31+00:00,sgo_slate_alt_20261002T213627Z.json
STL@DAL,Sam Steel,DAL,f3,-,G,over,1.5,draftkings,5000,False,0.16971854296921268,0.17589066646366708,0.012871824906843412,0.013769118449830444,15.181451981796517,1675.2208333333333,,sgo_fair@0.5,v2,False,1.0982596332481283,0.0196078431372549,0.01341020103263563,-0.006197642104619271,-0.31607974733558286,-0.0008972935429870325,7357.0,,pass,2026-10-02T21:36:31+00:00,sgo_slate_alt_20261002T213627Z.json
NYR@DET,Alexis Lafrenière,NYR,f1,PP1,SOG,over,4.5,draftkings,650,True,2.250055125162716,2.3028007819748226,0.08737402173290819,0.09370408354326625,17.94658220183404,0.0,no NHL data: 85% of positional prior,"draftkings@2.5,fanduel@2.5,pinnacle@2.5,sgo_fair@2.5",v2,False,1.1182260686839482,0.13333333333333333,0.09117205881912302,-0.04216127451421031,-0.3162095588565773,-0.006330061810358056,997.0,1411.0,pass,2026-10-02T21:36:31+00:00,sgo_slate_alt_20261002T213627Z.json
ANA@VGK,Jackson LaCombe,ANA,d1,PP1,SOG,over,4.5,draftkings,1400,True,1.745925016041635,1.8898617382863467,0.038459538362172904,0.05020940079709191,25.36882371969002,2740.9808333333335,,"draftkings@1.5,fanduel@1.5,pinnacle@1.5,sgo_fair@2.5",v2,False,1.1182260686839482,0.06666666666666667,0.04550945582312431,-0.021157210843542357,-0.3173581626531353,-0.011749862434919003,2097.0,4776.0,pass,2026-10-02T21:36:31+00:00,sgo_slate_alt_20261002T213627Z.json
NYR@DET,Gabe Perreault,NYR,not in DF lineup,-,G,over,1.5,fanduel,3000,True,0.20697237520347758,0.23815395139858134,0.01868063359401434,0.02423395563039672,15.255362995888913,842.9158333333332,,"fanduel@0.5,sgo_fair@0.5",v1,False,1.0982596332481283,0.03225806451612903,0.022012626815843768,-0.010245437700285263,-0.31760856870884324,-0.005553322036382379,4443.0,,pass,2026-10-02T21:36:31+00:00,sgo_slate_alt_20261002T213627Z.json
BOS@WPG,Cole Perfetti,WPG,f1,PP1,A,over,1.5,fanduel,1060,True,0.3778891713996447,0.39746272047133135,0.05572366619436475,0.06087291735413571,16.53972973493684,1622.8166666666666,,"draftkings@0.5,pinnacle@0.5,sgo_fair@0.5",v2,False,1.1032038554164156,0.08620689655172414,0.058813216890227324,-0.02739367966149682,-0.31776668407336306,-0.005149251159770961,1600.0,2857.0,pass,2026-10-02T21:36:31+00:00,sgo_slate_alt_20261002T213627Z.json
BOS@WPG,Josh Morrissey,WPG,d1,PP1,SOG,over,4.5,fanduel,630,True,2.267287406495546,2.3223860529590477,0.08941833045261881,0.09610903312105988,23.689330519334643,2781.5350000000003,,"draftkings@2.5,pinnacle@2.5,sgo_fair@2.5",v2,False,1.1182260686839482,0.136986301369863,0.09343275205368345,-0.04355354931617955,-0.31794091000811076,-0.006690702668441073,970.0,1361.0,pass,2026-10-02T21:36:31+00:00,sgo_slate_alt_20261002T213627Z.json
ANA@VGK,Rasmus Andersson,VGK,d2,PP2,PTS,over,1.5,fanduel,560,True,0.5520918749261587,0.535920044204475,0.10639215945522489,0.10128603505551254,21.694549594463403,2772.36,,"draftkings@0.5,pinnacle@0.5,sgo_fair@0.5",v2,False,1.0468644783193533,0.15151515151515152,0.10332848481539747,-0.04818666669975405,-0.31803200021837674,0.00510612439971235,868.0,1177.0,pass,2026-10-02T21:36:31+00:00,sgo_slate_alt_20261002T213627Z.json
STL@DAL,Mason McTavish,STL,f2,PP1,A,over,0.5,fanduel,114,False,0.31864495081586414,0.42837359890501314,0.27286632830255164,0.348432055749115,13.933970658700481,1726.1308333333334,,sgo_fair@0.5,v2,False,1.1032038554164156,0.4672897196261682,0.3182057647704897,-0.14908395485567855,-0.3190396633911522,-0.07556572744656337,214.0,241.0,pass,2026-10-02T21:36:31+00:00,sgo_slate_alt_20261002T213627Z.json
ANA@VGK,Rasmus Andersson,VGK,d2,PP2,G,over,1.5,fanduel,5500,False,0.15009195207497997,0.17374599209156047,0.01019770178654868,0.013454325626393832,21.694549594463403,2772.36,,sgo_fair@0.5,v2,False,1.0982596332481283,0.017857142857142856,0.012151676090455771,-0.005705466766687085,-0.31950613893447677,-0.003256623839845152,8129.0,,pass,2026-10-02T21:36:31+00:00,sgo_slate_alt_20261002T213627Z.json
STL@DAL,Miro Heiskanen,DAL,d1,PP1,G,over,1.5,fanduel,4500,False,0.145391353320198,0.2043744033996945,0.009598617764569283,0.018245634197349436,25.972927915823785,2527.524166666667,,sgo_fair@0.5,v2,False,1.0982596332481283,0.021739130434782608,0.014786827624237374,-0.006952302810545234,-0.3198059292850808,-0.008647016432780152,6663.0,,pass,2026-10-02T21:36:31+00:00,sgo_slate_alt_20261002T213627Z.json
ANA@VGK,Beckett Sennecke,ANA,f2,PP1,SOG,over,5.5,draftkings,1700,True,2.260162779118766,2.3373816371937446,0.03489165783929218,0.039689853858167555,17.087583540737576,1430.5,,"draftkings@2.5,fanduel@2.5,sgo_fair@2.5",v2,False,1.1182260686839482,0.05555555555555555,0.037770575450617405,-0.017784980104938147,-0.3201296418888867,-0.004798196018875378,2548.0,7731.0,pass,2026-10-02T21:36:31+00:00,sgo_slate_alt_20261002T213627Z.json
ANA@VGK,Ryan Poehling,ANA,f3,PP2,G,over,1.5,draftkings,4500,False,0.15572485858918564,0.19867069479551722,0.010936880905792935,0.017306006969473396,12.623491757963661,1554.775,,sgo_fair@0.5,v2,False,1.0982596332481283,0.021739130434782608,0.014758356544001212,-0.006980773890781396,-0.3211155989759442,-0.006369126063680461,6676.0,,pass,2026-10-02T21:36:31+00:00,sgo_slate_alt_20261002T213627Z.json
BOS@WPG,David Pastrnak,BOS,f1,PP1,G,over,2.5,draftkings,6500,True,0.3563830458075217,0.48484378153756535,0.005788595466588405,0.01326466665587585,19.305080809204785,2352.8866666666668,,"fanduel@0.5,pinnacle@0.5,sgo_fair@0.5",v2,False,1.0982596332481283,0.015151515151515152,0.01027423818016087,-0.0048772769713542816,-0.32190028010938254,-0.007476071189287445,9633.0,,pass,2026-10-02T21:36:31+00:00,sgo_slate_alt_20261002T213627Z.json
ANA@VGK,Cutter Gauthier,ANA,f1,PP1,G,over,2.5,draftkings,7000,True,0.4090083490952979,0.4409650869663534,0.008418136022562497,0.0103050971866084,16.623295864485087,1833.5541666666666,,"fanduel@0.5,pinnacle@0.5,sgo_fair@0.5",v2,False,1.0982596332481283,0.014084507042253521,0.009550312720990039,-0.004534194321263483,-0.3219277968097073,-0.001886961164045903,10371.0,,pass,2026-10-02T21:36:31+00:00,sgo_slate_alt_20261002T213627Z.json
NYR@DET,Will Cuylle,NYR,f3,PP2,SOG,over,4.5,draftkings,1500,True,1.7667722169031264,1.8141688515489225,0.04004952094805993,0.04380535438957799,14.475285775016168,1967.8908333333336,,"draftkings@1.5,pinnacle@1.5,sgo_fair@1.5",v2,False,1.1182260686839482,0.0625,0.042303021012970767,-0.020196978987029233,-0.32315166379246774,-0.0037558334415180653,2264.0,5679.0,pass,2026-10-02T21:36:31+00:00,sgo_slate_alt_20261002T213627Z.json
BOS@WPG,Morgan Geekie,BOS,f2,PP1,A,over,1.5,fanduel,1200,True,0.35968336238983806,0.3657957110020614,0.05108069112976292,0.05262332967670994,17.069132083690253,2012.4566666666665,,"draftkings@0.5,pinnacle@0.5,sgo_fair@0.5",v2,False,1.1032038554164156,0.07692307692307693,0.052006274257931126,-0.0249168026651458,-0.3239184346468954,-0.0015426385469470213,1823.0,3603.0,pass,2026-10-02T21:36:31+00:00,sgo_slate_alt_20261002T213627Z.json
BOS@WPG,Morgan Geekie,BOS,f2,PP1,A,over,1.5,draftkings,1200,True,0.35968336238983806,0.3657957110020614,0.05108069112976292,0.05262332967670994,17.069132083690253,2012.4566666666665,,"draftkings@0.5,pinnacle@0.5,sgo_fair@0.5",v2,False,1.1032038554164156,0.07692307692307693,0.052006274257931126,-0.0249168026651458,-0.3239184346468954,-0.0015426385469470213,1823.0,3603.0,pass,2026-10-02T21:36:31+00:00,sgo_slate_alt_20261002T213627Z.json
STL@DAL,Mason McTavish,STL,f2,PP1,SOG,over,3.5,draftkings,370,True,1.9241016767801815,1.9843384943384519,0.13694053136328296,0.14756415179480634,13.933970658700481,1726.1308333333334,,"fanduel@1.5,sgo_fair@1.5",v2,False,1.1182260686839482,0.2127659574468085,0.143314703622197,-0.06945125382461151,-0.326420892975674,-0.010623620431523373,598.0,745.0,pass,2026-10-02T21:36:31+00:00,sgo_slate_alt_20261002T213627Z.json
ANA@VGK,Alex Killorn,ANA,f2,PP2,SOG,over,4.5,draftkings,1500,True,1.7831614495427421,1.7984105319380814,0.04132609205746427,0.04253488768173031,18.20901908970822,2007.285,,"draftkings@1.5,sgo_fair@1.5",v2,False,1.1182260686839482,0.0625,0.042051369432023894,-0.020448630567976106,-0.3271780890876177,-0.0012087956242660403,2278.0,5765.0,pass,2026-10-02T21:36:31+00:00,sgo_slate_alt_20261002T213627Z.json
ANA@VGK,Trevor Connelly,VGK,f3,PP2,G,over,2.5,fanduel,40000,True,0.2098630665231301,0.23922968906583417,0.0013172337161300024,0.0019091678329622678,12.433333333333334,11.366666666666667,,sgo_fair@0.5,v1,False,1.0982596332481283,0.0024937655860349127,0.0016723941862293616,-0.0008213713998055511,-0.32936993132202597,-0.0005919341168322653,59695.0,,pass,2026-10-02T21:36:31+00:00,sgo_slate_alt_20261002T213627Z.json
BOS@WPG,Marat Khusnutdinov,BOS,f3,-,PTS,over,1.5,draftkings,1100,True,0.357065743749555,0.3922274577298177,0.05042514556990018,0.05948013208871395,14.553333111609474,1537.7725,,"draftkings@0.5,sgo_fair@0.5",v2,False,1.0468644783193533,0.08333333333333333,0.05585813748118844,-0.02747519585214489,-0.3297023502257388,-0.00905498651881377,1690.0,3141.0,pass,2026-10-02T21:36:31+00:00,sgo_slate_alt_20261002T213627Z.json
WSH@CAR,Aliaksei Protas,WSH,f3,-,A,over,1.5,draftkings,1500,True,0.28809058641017987,0.3412124066772641,0.034326631831039935,0.04652151714193504,16.074257638877974,1948.75,,"draftkings@0.5,sgo_fair@0.5",v2,False,1.1032038554164156,0.0625,0.041643563017577,-0.020856436982423003,-0.33370299171876805,-0.012194885310895104,2301.0,5908.0,pass,2026-10-02T21:36:31+00:00,sgo_slate_alt_20261002T213627Z.json
BOS@WPG,David Pastrnak,BOS,f1,PP1,SOG,over,6.5,draftkings,800,True,3.2437906704082855,3.550763789307926,0.05937539241647775,0.08371593016532049,19.305080809204785,2352.8866666666668,,"draftkings@3.5,fanduel@3.5,pinnacle@3.5,sgo_fair@3.5",v2,False,1.1182260686839482,0.1111111111111111,0.0739797150657834,-0.03713139604532771,-0.33418256440794947,-0.02434053774884274,1252.0,1942.0,pass,2026-10-02T21:36:31+00:00,sgo_slate_alt_20261002T213627Z.json
ANA@VGK,Frank Vatrano,ANA,f3,-,G,over,1.5,fanduel,6000,False,0.11059004645508376,0.18001778746831956,0.005682392766636069,0.014383824964686414,12.019763871136826,1230.6416666666667,,sgo_fair@0.5,v2,False,1.0982596332481283,0.01639344262295082,0.010903252085466275,-0.005490190537484545,-0.3349016227865572,-0.008701432198050345,9072.0,,pass,2026-10-02T21:36:31+00:00,sgo_slate_alt_20261002T213627Z.json
NYR@DET,Will Cuylle,NYR,f3,PP2,PTS,over,1.5,draftkings,850,True,0.37114229351425304,0.4680165438205723,0.05398618855286479,0.08066467608923504,14.475285775016168,1967.8908333333336,,"draftkings@0.5,sgo_fair@0.5",v2,False,1.0468644783193533,0.10526315789473684,0.06999328107468694,-0.035269876820049895,-0.335063829790474,-0.026678487536370248,1329.0,2123.0,pass,2026-10-02T21:36:31+00:00,sgo_slate_alt_20261002T213627Z.json
NYR@DET,Pavel Dorofeyev,NYR,f2,PP1,A,over,1.5,fanduel,1200,True,0.35987710180661453,0.35987710180661453,0.051129332378194094,0.051129332378194094,16.450106012385557,2082.9491666666668,,"draftkings@0.5,pinnacle@0.5,sgo_fair@0.5",v2,False,1.1032038554164156,0.07692307692307693,0.051129332378194094,-0.025793744544882834,-0.3353186790834768,0.0,1856.0,3727.0,pass,2026-10-02T21:36:31+00:00,sgo_slate_alt_20261002T213627Z.json
WSH@CAR,Andrei Svechnikov,CAR,f1,PP1,G,over,2.5,fanduel,8000,True,0.44945799242823165,0.3702217159776882,0.01084437052906874,0.006423690115712265,17.174841336373092,1912.6491666666668,,"pinnacle@0.5,sgo_fair@0.5",v2,False,1.0982596332481283,0.012345679012345678,0.008191962281054855,-0.004153716731290823,-0.33645105523455676,0.004420680413356474,12107.0,,pass,2026-10-02T21:36:31+00:00,sgo_slate_alt_20261002T213627Z.json
NYR@DET,Vladislav Gavrikov,NYR,d1,-,PTS,over,1.5,draftkings,1200,True,0.3029193553962125,0.39387134617387765,0.03758733120185689,0.05991626624080236,22.567457519226874,2840.661666666667,,"draftkings@0.5,sgo_fair@0.5",v2,False,1.0468644783193533,0.07692307692307693,0.05098469222522417,-0.025938384697852757,-0.3371990010720858,-0.022328935038945473,1861.0,3748.0,pass,2026-10-02T21:36:31+00:00,sgo_slate_alt_20261002T213627Z.json
NYR@DET,Alex DeBrincat,DET,f1,PP1,PTS,over,2.5,draftkings,700,True,0.9568129527278108,1.04950519773663,0.07253156011712562,0.0896290025615366,18.58434807318392,2176.461666666667,,"draftkings@0.5,pinnacle@0.5,sgo_fair@1.5",v2,False,1.0468644783193533,0.125,0.0827900255837722,-0.0422099744162278,-0.3376797953298224,-0.01709744244441097,1108.0,1630.0,pass,2026-10-02T21:36:31+00:00,sgo_slate_alt_20261002T213627Z.json
ANA@VGK,Ryan Poehling,ANA,f3,PP2,SOG,over,3.5,draftkings,800,True,1.4034670179302313,1.5762886913354086,0.05960912439898535,0.08205669893906466,12.623491757963661,1554.775,,"draftkings@1.5,sgo_fair@1.5",v2,False,1.1182260686839482,0.1111111111111111,0.07307766912303293,-0.038033441988078176,-0.34230097789270364,-0.022447574540079306,1268.0,1980.0,pass,2026-10-02T21:36:31+00:00,sgo_slate_alt_20261002T213627Z.json
ANA@VGK,Jackson LaCombe,ANA,d1,PP1,PTS,over,1.5,fanduel,330,True,0.692941278492353,0.6898456380213238,0.1533550527544736,0.15228302238184083,25.36882371969002,2740.9808333333335,,"draftkings@0.5,pinnacle@0.5,sgo_fair@0.5",v2,False,1.0468644783193533,0.23255813953488372,0.15271183453089393,-0.07984630500398979,-0.3433391115171561,0.0010720303726327596,555.0,683.0,pass,2026-10-02T21:36:31+00:00,sgo_slate_alt_20261002T213627Z.json
BOS@WPG,Casey Mittelstadt,BOS,f2,PP2,A,over,1.5,draftkings,1300,True,0.33299776215159876,0.3491731615106623,0.04454479705198042,0.04846730343159957,15.633227652822582,1712.975,,"draftkings@0.5,pinnacle@0.5,sgo_fair@0.5",v2,False,1.1032038554164156,0.07142857142857142,0.046898300879751914,-0.02453027054881951,-0.34342378768347315,-0.003922506379619155,2032.0,4467.0,pass,2026-10-02T21:36:31+00:00,sgo_slate_alt_20261002T213627Z.json
WSH@CAR,Alex Ovechkin,WSH,f2,PP1,SOG,over,5.5,draftkings,700,True,2.782643175743672,2.9073241681550663,0.07481390443721132,0.08689157135816482,16.67895270691558,1949.2041666666667,,"draftkings@2.5,fanduel@2.5,pinnacle@2.5,sgo_fair@3.0",v2,False,1.1182260686839482,0.125,0.08206050458978342,-0.04293949541021658,-0.3435159632817326,-0.012077666920953495,1119.0,1653.0,pass,2026-10-02T21:36:31+00:00,sgo_slate_alt_20261002T213627Z.json
NYR@DET,Adam Fox,NYR,d1,PP1,G,over,1.5,draftkings,5500,False,0.14249999505323332,0.17314282484214313,0.00923821860980586,0.013366368296514339,22.258802105644207,2111.2541666666666,,sgo_fair@0.5,v2,False,1.0982596332481283,0.017857142857142856,0.011715108421830947,-0.006142034435311909,-0.34395392837746697,-0.004128149686708479,8436.0,,pass,2026-10-02T21:36:31+00:00,sgo_slate_alt_20261002T213627Z.json
STL@DAL,Justin Hryckowian,DAL,f1,PP2,A,over,1.5,draftkings,1300,True,0.29577650803893274,0.3714202421000749,0.03600230213419386,0.054057379061383456,16.275927825541153,1094.9966666666667,,"draftkings@0.5,sgo_fair@0.5",v2,False,1.1032038554164156,0.07142857142857142,0.04683534829050762,-0.024593223138063808,-0.34430512393289336,-0.0180550769271896,2035.0,4480.0,pass,2026-10-02T21:36:31+00:00,sgo_slate_alt_20261002T213627Z.json
NYR@DET,Noah Laba,NYR,f3,-,PTS,over,1.5,draftkings,1500,True,0.2795570839333762,0.3412124066772641,0.03250313467776218,0.04652151714193504,13.668751240671648,1026.0166666666667,,"draftkings@0.5,sgo_fair@0.5",v2,False,1.0468644783193533,0.0625,0.04091416415626589,-0.021585835843734108,-0.34537337349974573,-0.014018382464172856,2344.0,6184.0,pass,2026-10-02T21:36:31+00:00,sgo_slate_alt_20261002T213627Z.json
NYR@DET,Noah Laba,NYR,f3,-,G,over,1.5,draftkings,9000,True,0.10874616788743442,0.13479322244494474,0.00550118227032144,0.00830806664016808,13.668751240671648,1026.0166666666667,,sgo_fair@0.5,v2,False,1.0982596332481283,0.01098901098901099,0.007185312892229423,-0.0038036980967815666,-0.3461365268071225,-0.0028068843698466394,13817.0,,pass,2026-10-02T21:36:31+00:00,sgo_slate_alt_20261002T213627Z.json
STL@DAL,Connor McMichael,STL,f2,PP2,PTS,over,1.5,fanduel,520,True,0.5442669696514363,0.5511769192895646,0.10391286799177056,0.10610143634161269,16.28334807004509,1938.9183333333335,,sgo_fair@0.5,v2,False,1.0468644783193533,0.16129032258064516,0.10522600900167584,-0.05606431357896932,-0.3475987441896098,-0.0021885683498421293,850.0,1146.0,pass,2026-10-02T21:36:31+00:00,sgo_slate_alt_20261002T213627Z.json
ANA@VGK,Tomas Hertl,VGK,f3,PP1,G,over,2.5,fanduel,10000,True,0.3790225920442921,0.36519149246476756,0.006848302736854474,0.006188255971015026,14.758236776055922,1974.8158333333336,,"pinnacle@0.5,sgo_fair@0.5",v2,False,1.0982596332481283,0.009900990099009901,0.006452274677350805,-0.0034487154216590963,-0.3483202575875687,0.0006600467658394475,15398.0,,pass,2026-10-02T21:36:31+00:00,sgo_slate_alt_20261002T213627Z.json
WSH@CAR,Alex Tuch,WSH,f1,PP2,SOG,over,4.5,draftkings,650,True,2.080022343595709,2.3467326470045298,0.06847887451998946,0.09913912651065944,19.394777971531802,2210.999166666667,,"fanduel@2.5,sgo_fair@2.5",v2,False,1.1182260686839482,0.13333333333333333,0.08687502571439144,-0.04645830761894189,-0.3484373071420642,-0.030660251990669976,1051.0,1516.0,pass,2026-10-02T21:36:31+00:00,sgo_slate_alt_20261002T213627Z.json
NYR@DET,Oliver Bjorkstrand,NYR,f2,PP2,G,over,1.5,fanduel,3300,False,0.19333489820615105,0.2201835096859996,0.01644633283896427,0.02095947641821399,13.833854577852438,1656.3891666666668,,sgo_fair@0.5,v2,False,1.0982596332481283,0.029411764705882353,0.0191542189865141,-0.010257545719368252,-0.3487565544585206,-0.004513143579249718,5121.0,,pass,2026-10-02T21:36:31+00:00,sgo_slate_alt_20261002T213627Z.json
STL@DAL,Jason Robertson,DAL,f2,PP1,A,over,2.5,fanduel,1700,True,0.7496410604878407,0.6931471805599454,0.04045776778495971,0.033313156240477,20.375929813628595,2317.33,,"draftkings@0.5,pinnacle@0.5,sgo_fair@0.5",v2,False,1.1032038554164156,0.05555555555555555,0.03617100085827009,-0.019384554697285464,-0.34892198455113843,0.007144611544482704,2665.0,8852.0,pass,2026-10-02T21:36:31+00:00,sgo_slate_alt_20261002T213627Z.json
WSH@CAR,Jordan Kyrou,WSH,f3,PP2,SOG,over,4.5,draftkings,800,True,1.9658783555722847,2.207813978177234,0.05714111626418764,0.08246179931566257,14.636186494925454,1777.7216666666668,,"fanduel@2.5,sgo_fair@2.5",v2,False,1.1182260686839482,0.1111111111111111,0.0723335260950726,-0.03877758501603851,-0.3489982651443466,-0.025320683051474925,1282.0,2013.0,pass,2026-10-02T21:36:31+00:00,sgo_slate_alt_20261002T213627Z.json
NYR@DET,Mason Appleton,DET,f3,-,G,over,1.5,draftkings,9000,False,0.10402838211261893,0.13682508270184898,0.0050499321547212575,0.008548968794551142,13.587310050246604,1352.9241666666667,,sgo_fair@0.5,v2,False,1.0982596332481283,0.01098901098901099,0.0071493541386191874,-0.0038396568503918024,-0.3494087733856539,-0.003499036639829885,13887.0,,pass,2026-10-02T21:36:31+00:00,sgo_slate_alt_20261002T213627Z.json
STL@DAL,Justin Hryckowian,DAL,f1,PP2,SOG,over,3.5,draftkings,750,True,1.4501526847130382,1.5899289039254214,0.06532355822914551,0.08397555487382621,16.275927825541153,1094.9966666666667,,"draftkings@1.5,sgo_fair@1.5",v2,False,1.1182260686839482,0.11764705882352941,0.07651475621595394,-0.04113230260757547,-0.3496245721643916,-0.0186519966446807,1207.0,1841.0,pass,2026-10-02T21:36:31+00:00,sgo_slate_alt_20261002T213627Z.json
WSH@CAR,Eric Robinson,CAR,f1,-,PTS,over,1.5,draftkings,1000,True,0.3128921247403615,0.4377787115963257,0.03984417709904826,0.07195898536961591,13.254105782600528,1231.1041666666667,,"draftkings@0.5,sgo_fair@0.5",v2,False,1.0468644783193533,0.09090909090909091,0.059113062061388846,-0.031796028847702065,-0.3497563173247227,-0.03211480827056765,1592.0,2831.0,pass,2026-10-02T21:36:31+00:00,sgo_slate_alt_20261002T213627Z.json
NYR@DET,Pavel Dorofeyev,NYR,f2,PP1,G,over,2.5,draftkings,8000,True,0.40584402418140264,0.39920672164333404,0.008243390283881429,0.00788385931302382,16.450106012385557,2082.9491666666668,,"fanduel@0.5,pinnacle@0.5,sgo_fair@0.5",v2,False,1.0982596332481283,0.012345679012345678,0.008027671701366864,-0.004318007310978814,-0.34975859218928407,0.0003595309708576081,12357.0,,pass,2026-10-02T21:36:31+00:00,sgo_slate_alt_20261002T213627Z.json
STL@DAL,Wyatt Johnston,DAL,f1,PP1,SOG,over,6.5,draftkings,1900,True,2.8903229975497946,2.7296758812251145,0.03719228309674325,0.029155065359019957,20.913031427503284,2348.4791666666665,,"draftkings@2.5,fanduel@2.5,pinnacle@2.5,sgo_fair@2.5",v2,False,1.1182260686839482,0.05,0.03236995245410928,-0.017630047545890724,-0.3526009509178144,0.008037217737723295,2989.0,13469.0,pass,2026-10-02T21:36:31+00:00,sgo_slate_alt_20261002T213627Z.json
WSH@CAR,Jordan Martinook,CAR,f3,-,A,over,1.5,draftkings,1600,True,0.2578978675610684,0.33366822576858796,0.028054842984477222,0.044704932986349546,14.979630616944284,1699.995,,"draftkings@0.5,sgo_fair@0.5",v2,False,1.1032038554164156,0.058823529411764705,0.03804489698560062,-0.02077863242616409,-0.3532367512447895,-0.016650090001872325,2528.0,7566.0,pass,2026-10-02T21:36:31+00:00,sgo_slate_alt_20261002T213627Z.json
WSH@CAR,Cole Hutson,WSH,d2,PP2,A,over,1.5,fanduel,1100,True,0.4181203128908867,0.33692427261136637,0.06647547242201345,0.04548566336093222,18.499433137340223,244.4,,"draftkings@0.5,sgo_fair@0.5",v2,False,1.1032038554164156,0.08333333333333333,0.05388158698536471,-0.02945174634796862,-0.3534209561756235,0.02098980906108123,1756.0,3362.0,pass,2026-10-02T21:36:31+00:00,sgo_slate_alt_20261002T213627Z.json
BOS@WPG,Isak Rosen,WPG,f2,PP2,PTS,over,1.5,draftkings,950,True,0.31927997288899634,0.44805362751927064,0.0413160880985481,0.07488136779610959,12.432813007320586,460.3691666666667,,"draftkings@0.5,sgo_fair@0.5",v2,False,1.0468644783193533,0.09523809523809523,0.06145525591708499,-0.03378283932101024,-0.3547198128706076,-0.033565279697561484,1527.0,2643.0,pass,2026-10-02T21:36:31+00:00,sgo_slate_alt_20261002T213627Z.json
WSH@CAR,Sebastian Aho,CAR,f1,PP1,G,over,2.5,fanduel,10000,True,0.3660600765340728,0.370962896071904,0.006228533823079804,0.006458825151669748,19.607974986022285,2284.8791666666666,,"pinnacle@0.5,sgo_fair@0.5",v2,False,1.0982596332481283,0.009900990099009901,0.00636670862023377,-0.003534281478776131,-0.3569624293563892,-0.00023029132858994397,15607.0,,pass,2026-10-02T21:36:31+00:00,sgo_slate_alt_20261002T213627Z.json
NYR@DET,Eeli Tolvanen,NYR,f3,PP2,PTS,over,1.5,draftkings,1000,True,0.35525756151463594,0.4094206091585256,0.049974110779382935,0.06409556278354198,14.267736109868624,1801.4791666666667,,"draftkings@0.5,sgo_fair@0.5",v2,False,1.0468644783193533,0.09090909090909091,0.058446981981878365,-0.032462108927212546,-0.357083198199338,-0.01412145200415904,1611.0,2890.0,pass,2026-10-02T21:36:31+00:00,sgo_slate_alt_20261002T213627Z.json
NYR@DET,Michael Rasmussen,DET,f4,-,G,over,1.5,fanduel,8000,False,0.10850728259379368,0.14518200984449797,0.005477904032753112,0.00957231581016399,11.621020733386711,1274.3075,,sgo_fair@0.5,v2,False,1.0982596332481283,0.012345679012345678,0.007934551099199638,-0.0044111279131460405,-0.35730136096482934,-0.004094411777410877,12503.0,,pass,2026-10-02T21:36:31+00:00,sgo_slate_alt_20261002T213627Z.json
NYR@DET,Michael Rasmussen,DET,f4,-,G,over,1.5,draftkings,8000,False,0.10850728259379368,0.14518200984449797,0.005477904032753112,0.00957231581016399,11.621020733386711,1274.3075,,sgo_fair@0.5,v2,False,1.0982596332481283,0.012345679012345678,0.007934551099199638,-0.0044111279131460405,-0.35730136096482934,-0.004094411777410877,12503.0,,pass,2026-10-02T21:36:31+00:00,sgo_slate_alt_20261002T213627Z.json
STL@DAL,Roope Hintz,DAL,f2,PP1,G,over,2.5,fanduel,10000,True,0.37805896426309227,0.3621866128148956,0.006801019569573911,0.006050118903474926,16.249302644351516,1496.78,,"fanduel@0.5,pinnacle@0.5,sgo_fair@0.5",v2,False,1.0982596332481283,0.009900990099009901,0.00635047916991452,-0.003550510929095381,-0.3586016038386335,0.0007509006660989847,15647.0,,pass,2026-10-02T21:36:31+00:00,sgo_slate_alt_20261002T213627Z.json
STL@DAL,Roope Hintz,DAL,f2,PP1,G,over,2.5,draftkings,10000,True,0.37805896426309227,0.3621866128148956,0.006801019569573911,0.006050118903474926,16.249302644351516,1496.78,,"fanduel@0.5,pinnacle@0.5,sgo_fair@0.5",v2,False,1.0982596332481283,0.009900990099009901,0.00635047916991452,-0.003550510929095381,-0.3586016038386335,0.0007509006660989847,15647.0,,pass,2026-10-02T21:36:31+00:00,sgo_slate_alt_20261002T213627Z.json
ANA@VGK,Beckett Sennecke,ANA,f2,PP1,PTS,over,1.5,fanduel,300,True,0.6998339954814214,0.7192460457451753,0.15574728082479114,0.1625219264975825,17.087583540737576,1430.5,,"draftkings@0.5,sgo_fair@0.5",v2,False,1.0468644783193533,0.25,0.15981206822846594,-0.09018793177153406,-0.36075172708613623,-0.006774645672791346,526.0,642.0,pass,2026-10-02T21:36:31+00:00,sgo_slate_alt_20261002T213627Z.json
BOS@WPG,Mark Scheifele,WPG,f1,PP1,A,over,2.5,fanduel,1500,True,0.8269486465128035,0.6839344139516107,0.05137531098372405,0.032216200630693734,19.993486037779117,2517.563333333333,,"draftkings@0.5,pinnacle@0.5,sgo_fair@0.5",v2,False,1.1032038554164156,0.0625,0.039879844771905856,-0.022620155228094144,-0.3619224836495063,0.019159110353030313,2408.0,6621.0,pass,2026-10-02T21:36:31+00:00,sgo_slate_alt_20261002T213627Z.json
WSH@CAR,Shayne Gostisbehere,CAR,d3,PP1,PTS,over,2.5,fanduel,1500,True,0.8177408642389561,0.6894275061488776,0.050007293274884984,0.03286794131697951,16.932991501259885,1660.3433333333335,,"draftkings@0.5,pinnacle@0.5,sgo_fair@0.5",v2,False,1.0468644783193533,0.0625,0.0397236821001417,-0.022776317899858303,-0.36442108639773285,0.017139351957905474,2417.0,6692.0,pass,2026-10-02T21:36:31+00:00,sgo_slate_alt_20261002T213627Z.json
NYR@DET,Moritz Seider,DET,d1,PP1,G,over,1.5,draftkings,4500,False,0.11644399292740568,0.20778369616343703,0.006275590669184289,0.018817372535224804,24.012255414088816,3029.8125,,sgo_fair@0.5,v2,False,1.0982596332481283,0.021739130434782608,0.013800659788808598,-0.00793847064597401,-0.3651696497148045,-0.012541781866040515,7146.0,,pass,2026-10-02T21:36:31+00:00,sgo_slate_alt_20261002T213627Z.json
NYR@DET,Moritz Seider,DET,d1,PP1,G,over,1.5,fanduel,4500,False,0.11644399292740568,0.20778369616343703,0.006275590669184289,0.018817372535224804,24.012255414088816,3029.8125,,sgo_fair@0.5,v2,False,1.0982596332481283,0.021739130434782608,0.013800659788808598,-0.00793847064597401,-0.3651696497148045,-0.012541781866040515,7146.0,,pass,2026-10-02T21:36:31+00:00,sgo_slate_alt_20261002T213627Z.json
WSH@CAR,Tom Wilson,WSH,f1,PP1,A,over,1.5,fanduel,1200,True,0.36333331077606873,0.3412341788893743,0.051999876009198434,0.04652679855132244,18.257601622938086,2083.9066666666668,,"draftkings@0.5,pinnacle@0.5,sgo_fair@0.5",v2,False,1.1032038554164156,0.07692307692307693,0.048716029534472835,-0.028207047388604092,-0.3666916160518532,0.005473077457875994,1953.0,4117.0,pass,2026-10-02T21:36:31+00:00,sgo_slate_alt_20261002T213627Z.json
STL@DAL,Dylan Holloway,STL,f1,PP1,SOG,over,6.5,draftkings,2000,True,2.7192783828303067,2.7713182715092874,0.028677588226927276,0.03111890233417781,18.08848697930289,1659.9508333333333,,"draftkings@2.5,fanduel@2.5,pinnacle@2.5,sgo_fair@2.5",v2,False,1.1182260686839482,0.047619047619047616,0.030142376691277596,-0.01747667092777002,-0.3670100894831705,-0.002441314107250535,3218.0,19346.0,pass,2026-10-02T21:36:31+00:00,sgo_slate_alt_20261002T213627Z.json
NYR@DET,Justin Faulk,DET,d3,PP2,G,over,1.5,fanduel,8000,False,0.11650486411270473,0.1391128024627178,0.006281901087422587,0.008823925129842957,19.45308564413804,2504.826666666667,,sgo_fair@0.5,v2,False,1.0982596332481283,0.012345679012345678,0.007807115512874809,-0.004538563499470869,-0.3676236434571405,-0.0025420240424203705,12709.0,,pass,2026-10-02T21:36:31+00:00,sgo_slate_alt_20261002T213627Z.json
NYR@DET,Justin Faulk,DET,d3,PP2,G,over,1.5,draftkings,8000,False,0.11650486411270473,0.1391128024627178,0.006281901087422587,0.008823925129842957,19.45308564413804,2504.826666666667,,sgo_fair@0.5,v2,False,1.0982596332481283,0.012345679012345678,0.007807115512874809,-0.004538563499470869,-0.3676236434571405,-0.0025420240424203705,12709.0,,pass,2026-10-02T21:36:31+00:00,sgo_slate_alt_20261002T213627Z.json
ANA@VGK,Cutter Gauthier,ANA,f1,PP1,SOG,over,6.5,draftkings,950,True,2.922382978028437,3.4358790498812657,0.038946934567071156,0.0740606206752276,16.623295864485087,1833.5541666666666,,"draftkings@3.5,fanduel@3.5,pinnacle@3.5,sgo_fair@3.5",v2,False,1.1182260686839482,0.09523809523809523,0.06001514623196502,-0.03522294900613021,-0.3698409645643672,-0.03511368610815645,1566.0,2756.0,pass,2026-10-02T21:36:31+00:00,sgo_slate_alt_20261002T213627Z.json
ANA@VGK,Leo Carlsson,ANA,f1,PP1,PTS,over,2.5,fanduel,900,True,0.8007260759768395,0.9581897293945755,0.047527051943973476,0.07277381620532465,17.96890196451367,1895.936666666667,,"draftkings@0.5,pinnacle@0.5,sgo_fair@1.0",v2,False,1.0468644783193533,0.1,0.06267511050078418,-0.03732488949921582,-0.3732488949921582,-0.025246764261351175,1496.0,2554.0,pass,2026-10-02T21:36:31+00:00,sgo_slate_alt_20261002T213627Z.json
STL@DAL,Miro Heiskanen,DAL,d1,PP1,SOG,over,4.5,draftkings,700,True,1.8688868290955494,2.3397194152326795,0.04838486680166898,0.09826171257709325,25.972927915823785,2527.524166666667,,"draftkings@2.5,fanduel@2.5,pinnacle@2.5,sgo_fair@2.5",v2,False,1.1182260686839482,0.125,0.07831097426692354,-0.046689025733076456,-0.37351220586461165,-0.04987684577542427,1177.0,1776.0,pass,2026-10-02T21:36:31+00:00,sgo_slate_alt_20261002T213627Z.json
BOS@WPG,Pavel Zacha,BOS,f2,PP1,PTS,over,2.5,fanduel,1700,True,0.7250059123495854,0.691077596731082,0.03725432033991669,0.033065056885778064,16.867313130617127,2032.8025,,"draftkings@0.5,pinnacle@0.5,sgo_fair@0.5",v2,False,1.0468644783193533,0.05555555555555555,0.034740762267433514,-0.020814793288122038,-0.37466627918619677,0.004189263454138628,2778.0,10166.0,pass,2026-10-02T21:36:31+00:00,sgo_slate_alt_20261002T213627Z.json
ANA@VGK,Mark Stone,VGK,f1,PP1,A,over,2.5,fanduel,2000,True,0.7254798524768025,0.6138519666434453,0.03731467230993143,0.024505777330209106,19.299075818445587,1741.9358333333332,,"draftkings@0.5,pinnacle@0.5,sgo_fair@0.5",v2,False,1.1032038554164156,0.047619047619047616,0.029629335322098035,-0.01798971229694958,-0.37778395823594124,0.012808894979722322,3275.0,21501.0,pass,2026-10-02T21:36:31+00:00,sgo_slate_alt_20261002T213627Z.json
WSH@CAR,Jackson Blake,CAR,f2,PP1,PTS,over,2.5,fanduel,1400,True,0.7913751853620565,0.7318317209230594,0.046190510002214726,0.03812837288081704,17.175685133360474,1856.5166666666667,,"draftkings@0.5,pinnacle@0.5,sgo_fair@0.5",v2,False,1.0468644783193533,0.06666666666666667,0.041353227729376114,-0.02531343893729055,-0.3797015840593583,0.008062137121397688,2318.0,6015.0,pass,2026-10-02T21:36:31+00:00,sgo_slate_alt_20261002T213627Z.json
ANA@VGK,Rasmus Andersson,VGK,d2,PP2,A,over,1.5,fanduel,900,True,0.41053418733618463,0.39576695046649746,0.06439855370640453,0.0604205533294831,21.694549594463403,2772.36,,"draftkings@0.5,pinnacle@0.5,sgo_fair@0.5",v2,False,1.1032038554164156,0.1,0.062011753480251675,-0.03798824651974833,-0.37988246519748325,0.003978000376921427,1513.0,2602.0,pass,2026-10-02T21:36:31+00:00,sgo_slate_alt_20261002T213627Z.json
BOS@WPG,David Pastrnak,BOS,f1,PP1,SOG,over,7.5,draftkings,1700,True,3.2437906704082855,3.550763789307926,0.026176818365766324,0.03966693073125793,19.305080809204785,2352.8866666666668,,"draftkings@3.5,fanduel@3.5,pinnacle@3.5,sgo_fair@3.5",v2,False,1.1182260686839482,0.05555555555555555,0.034270885785061295,-0.021284669770494258,-0.38312405586889664,-0.013490112365491608,2818.0,10686.0,pass,2026-10-02T21:36:31+00:00,sgo_slate_alt_20261002T213627Z.json
STL@DAL,Sam Steel,DAL,f3,-,G,over,1.5,fanduel,4500,False,0.16971854296921268,0.17589066646366708,0.012871824906843412,0.013769118449830444,15.181451981796517,1675.2208333333333,,sgo_fair@0.5,v2,False,1.0982596332481283,0.021739130434782608,0.01341020103263563,-0.008328929402146978,-0.38313075249876105,-0.0008972935429870325,7357.0,,pass,2026-10-02T21:36:31+00:00,sgo_slate_alt_20261002T213627Z.json
BOS@WPG,JJ Peterka,BOS,f1,PP1,A,over,1.5,draftkings,1100,True,0.3134346847070053,0.39035170888701004,0.0399684034088551,0.058983839482522275,15.938440465588924,1957.9416666666666,,"draftkings@0.5,pinnacle@0.5,sgo_fair@0.5",v2,False,1.1032038554164156,0.08333333333333333,0.0513776650530554,-0.031955668280277925,-0.3834680193633352,-0.019015436073667173,1846.0,3691.0,pass,2026-10-02T21:36:31+00:00,sgo_slate_alt_20261002T213627Z.json
ANA@VGK,Ivan Barbashev,VGK,f1,-,A,over,1.5,fanduel,630,True,0.5112944068305124,0.45959262592354,0.09364833781580494,0.07820760830472129,16.2984941270241,1875.4308333333333,,"draftkings@0.5,pinnacle@0.5,sgo_fair@0.5",v2,False,1.1032038554164156,0.136986301369863,0.08438390010915475,-0.052602401260708254,-0.3839975292031703,0.015440729511083648,1085.0,1584.0,pass,2026-10-02T21:36:31+00:00,sgo_slate_alt_20261002T213627Z.json
WSH@CAR,Mark Jankowski,CAR,f4,-,G,over,1.5,fanduel,3500,False,0.1632731971690751,0.21777637570768327,0.011963307668826442,0.02053602658365754,11.262879036036844,1110.8375,,sgo_fair@0.5,v2,False,1.0982596332481283,0.027777777777777776,0.0171069390177251,-0.010670838760052676,-0.38415019536189643,-0.0085727189148311,5746.0,,pass,2026-10-02T21:36:31+00:00,sgo_slate_alt_20261002T213627Z.json
ANA@VGK,Victor Olofsson,VGK,f3,PP2,SOG,over,4.5,draftkings,1000,True,1.9871691336484376,1.9294729782091595,0.059171785462690564,0.05375913050242634,13.560078838767604,1437.0491666666667,,"draftkings@1.5,sgo_fair@1.5",v2,False,1.1182260686839482,0.09090909090909091,0.05592419248653203,-0.034984898422558884,-0.38483388264814766,0.005412654960264225,1688.0,3134.0,pass,2026-10-02T21:36:31+00:00,sgo_slate_alt_20261002T213627Z.json
ANA@VGK,Jackson LaCombe,ANA,d1,PP1,A,over,1.5,fanduel,450,True,0.5940448994570362,0.5522714888730137,0.11994436480505154,0.10644925636350806,25.36882371969002,2740.9808333333335,,"draftkings@0.5,pinnacle@0.5,sgo_fair@0.5",v2,False,1.1032038554164156,0.18181818181818182,0.11184729974012544,-0.06997088207805638,-0.3848398514293101,0.013495108441543474,794.0,1051.0,pass,2026-10-02T21:36:31+00:00,sgo_slate_alt_20261002T213627Z.json
NYR@DET,Vladislav Gavrikov,NYR,d1,-,SOG,over,3.5,draftkings,950,True,1.33111673441584,1.434337769597629,0.05128395615923844,0.06335811567611707,22.567457519226874,2840.661666666667,,"draftkings@1.5,pinnacle@1.5,sgo_fair@1.5",v2,False,1.1182260686839482,0.09523809523809523,0.058528451869365616,-0.036709643368729616,-0.38545125537166103,-0.012074159516878631,1609.0,2883.0,pass,2026-10-02T21:36:31+00:00,sgo_slate_alt_20261002T213627Z.json
STL@DAL,Miro Heiskanen,DAL,d1,PP1,A,over,2.5,fanduel,1500,True,0.7370337944586197,0.7293431579701043,0.03880148919158342,0.03780850335721211,25.972927915823785,2527.524166666667,,"draftkings@0.5,pinnacle@0.5,sgo_fair@0.5",v2,False,1.1032038554164156,0.0625,0.03820569769096063,-0.024294302309039367,-0.3887088369446299,0.00099298583437131,2517.0,7472.0,pass,2026-10-02T21:36:31+00:00,sgo_slate_alt_20261002T213627Z.json
NYR@DET,Adam Fox,NYR,d1,PP1,PTS,over,2.5,fanduel,1300,True,0.7787485919391153,0.7640305573062971,0.044415856822304894,0.042391188499523835,22.258802105644207,2111.2541666666666,,"draftkings@0.5,pinnacle@0.5,sgo_fair@0.5",v2,False,1.0468644783193533,0.07142857142857142,0.04320105582863626,-0.028227515599935166,-0.3951852183990924,0.002024668322781059,2215.0,5394.0,pass,2026-10-02T21:36:31+00:00,sgo_slate_alt_20261002T213627Z.json
ANA@VGK,Tomas Hertl,VGK,f3,PP1,PTS,over,2.5,fanduel,1400,True,0.7768563380820841,0.7289418952919325,0.04415289502401093,0.037757056239169806,14.758236776055922,1974.8158333333336,,"draftkings@0.5,pinnacle@0.5,sgo_fair@0.5",v2,False,1.0468644783193533,0.06666666666666667,0.04031539175310626,-0.02635127491356041,-0.39526912370340617,0.0063958387848411236,2380.0,6429.0,pass,2026-10-02T21:36:31+00:00,sgo_slate_alt_20261002T213627Z.json
ANA@VGK,Nikita Nesterenko,ANA,f3,-,PTS,over,1.5,draftkings,1300,True,0.2884079839002807,0.351504936055095,0.03439521011954289,0.04904277559961941,12.3960500176475,448.3,,"draftkings@0.5,sgo_fair@0.5",v2,False,1.0468644783193533,0.07142857142857142,0.0431837494075888,-0.02824482202098262,-0.3954275082937567,-0.014647565480076521,2216.0,5399.0,pass,2026-10-02T21:36:31+00:00,sgo_slate_alt_20261002T213627Z.json
NYR@DET,Alex DeBrincat,DET,f1,PP1,G,over,2.5,fanduel,4000,True,0.4745421575306171,0.5225403344776358,0.012531036804231186,0.016154517315625234,18.58434807318392,2176.461666666667,,"fanduel@0.5,pinnacle@0.5,sgo_fair@0.5",v2,False,1.0982596332481283,0.024390243902439025,0.014705125111067615,-0.00968511879137141,-0.3970898704462278,-0.0036234805113940487,6700.0,,pass,2026-10-02T21:36:31+00:00,sgo_slate_alt_20261002T213627Z.json
NYR@DET,Alex DeBrincat,DET,f1,PP1,G,over,2.5,draftkings,4000,True,0.4745421575306171,0.5225403344776358,0.012531036804231186,0.016154517315625234,18.58434807318392,2176.461666666667,,"fanduel@0.5,pinnacle@0.5,sgo_fair@0.5",v2,False,1.0982596332481283,0.024390243902439025,0.014705125111067615,-0.00968511879137141,-0.3970898704462278,-0.0036234805113940487,6700.0,,pass,2026-10-02T21:36:31+00:00,sgo_slate_alt_20261002T213627Z.json
NYR@DET,J.T. Miller,NYR,f2,PP1,PTS,over,2.5,draftkings,1500,True,0.6801411850223616,0.7561879384972334,0.03177014343725738,0.0413317615883627,17.08771264101801,1991.3375,,"draftkings@0.5,pinnacle@0.5,sgo_fair@0.5",v2,False,1.0468644783193533,0.0625,0.037507114327920574,-0.024992885672079426,-0.3998861707532708,-0.009561618151105324,2566.0,7895.0,pass,2026-10-02T21:36:31+00:00,sgo_slate_alt_20261002T213627Z.json
ANA@VGK,Ivan Barbashev,VGK,f1,-,PTS,over,2.5,draftkings,1300,True,0.7810791293473323,0.7582699042968668,0.04474079967690192,0.041611683939275224,16.2984941270241,1875.4308333333333,,"draftkings@0.5,pinnacle@0.5,sgo_fair@0.5",v2,False,1.0468644783193533,0.07142857142857142,0.042863330234325904,-0.02856524119424552,-0.3999133767194374,0.0031291157376266976,2233.0,5498.0,pass,2026-10-02T21:36:31+00:00,sgo_slate_alt_20261002T213627Z.json
WSH@CAR,Jordan Staal,CAR,f3,PP2,SOG,over,4.5,draftkings,1700,True,1.6749167437954757,1.6734465943042878,0.033327386767479525,0.033225749141049185,16.336095233703357,1752.3600000000001,,"draftkings@1.5,pinnacle@1.5,sgo_fair@1.5",v2,False,1.1182260686839482,0.05555555555555555,0.03326640419162132,-0.02228915136393423,-0.40120472455081624,0.0001016376264303398,2906.0,11997.0,pass,2026-10-02T21:36:31+00:00,sgo_slate_alt_20261002T213627Z.json
ANA@VGK,Brett Howden,VGK,f2,-,G,over,2.5,fanduel,22500,True,0.23240289268742917,0.2888148608532446,0.0017592208550476314,0.0032383552152613123,16.17015068658508,1416.1483333333333,,"pinnacle@0.5,sgo_fair@0.5",v2,False,1.0982596332481283,0.004424778761061947,0.0026467014711758397,-0.0017780772898861072,-0.4018454675142602,-0.001479134360213681,37683.0,,pass,2026-10-02T21:36:31+00:00,sgo_slate_alt_20261002T213627Z.json
BOS@WPG,JJ Peterka,BOS,f1,PP1,A,over,1.5,fanduel,1060,True,0.3134346847070053,0.39035170888701004,0.0399684034088551,0.058983839482522275,15.938440465588924,1957.9416666666666,,"draftkings@0.5,pinnacle@0.5,sgo_fair@0.5",v2,False,1.1032038554164156,0.08620689655172414,0.0513776650530554,-0.03482923149866874,-0.40401908538455733,-0.019015436073667173,1846.0,3691.0,pass,2026-10-02T21:36:31+00:00,sgo_slate_alt_20261002T213627Z.json
WSH@CAR,K'Andre Miller,CAR,d2,PP2,G,over,1.5,fanduel,10000,False,0.10856373238894926,0.11546837739639663,0.005483400679645833,0.006174848055708192,22.866364269806873,2368.3558333333335,,sgo_fair@0.5,v2,False,1.0982596332481283,0.009900990099009901,0.0058982691052832485,-0.004002720993726653,-0.40427482036639195,-0.0006914473760623588,16854.0,,pass,2026-10-02T21:36:31+00:00,sgo_slate_alt_20261002T213627Z.json
ANA@VGK,Mikael Granlund,ANA,f2,PP1,G,over,2.5,fanduel,17500,True,0.3102140860907833,0.2810607100827005,0.003949910352007614,0.003001616087546568,18.703895528300663,1838.5333333333333,,"fanduel@0.5,pinnacle@0.5,sgo_fair@0.5",v2,False,1.0982596332481283,0.005681818181818182,0.0033809337933309864,-0.0023008843884871955,-0.4049556523737464,0.0009482942644610461,29478.0,,pass,2026-10-02T21:36:31+00:00,sgo_slate_alt_20261002T213627Z.json
STL@DAL,Robert Thomas,STL,f1,PP1,G,over,2.5,fanduel,15000,True,0.3470329785104103,0.27995466423903104,0.00538176489193264,0.0029687453086119603,18.68804235636643,1845.6466666666668,,"fanduel@0.5,pinnacle@0.5,sgo_fair@0.5",v2,False,1.0982596332481283,0.006622516556291391,0.003933953141940233,-0.002688563414351158,-0.4059730755670249,0.00241301958332068,25320.0,,pass,2026-10-02T21:36:31+00:00,sgo_slate_alt_20261002T213627Z.json
BOS@WPG,JJ Peterka,BOS,f1,PP1,SOG,over,5.5,draftkings,1900,True,2.121374943782613,2.1990445636939557,0.027211097189673916,0.03136140641793282,15.938440465588924,1957.9416666666666,,"draftkings@2.5,fanduel@2.5,pinnacle@1.5,sgo_fair@2.5",v2,False,1.1182260686839482,0.05,0.02970128272662926,-0.020298717273370744,-0.40597434546741484,-0.004150309228258906,3267.0,21171.0,pass,2026-10-02T21:36:31+00:00,sgo_slate_alt_20261002T213627Z.json
WSH@CAR,Cole Hutson,WSH,d2,PP2,G,over,1.5,draftkings,10000,False,0.08726919484324078,0.12691278551900437,0.0035934958983465065,0.0074033986906504624,18.499433137340223,244.4,,sgo_fair@0.5,v2,False,1.0982596332481283,0.009900990099009901,0.00587943757372888,-0.004021552525281021,-0.40617680505338316,-0.003809902792303956,16908.0,,pass,2026-10-02T21:36:31+00:00,sgo_slate_alt_20261002T213627Z.json
WSH@CAR,Jordan Staal,CAR,f3,PP2,G,over,2.5,fanduel,22500,True,0.27667296140497,0.2612154992636177,0.002872524046016832,0.002445265034218298,16.336095233703357,1752.3600000000001,,sgo_fair@0.5,v2,False,1.0982596332481283,0.004424778761061947,0.0026161686389377116,-0.0018086101221242352,-0.40874588760007713,0.00042725901179853365,38124.0,,pass,2026-10-02T21:36:31+00:00,sgo_slate_alt_20261002T213627Z.json
BOS@WPG,Hampus Lindholm,BOS,d1,PP1,SOG,over,4.5,draftkings,2000,True,1.6171119728984202,1.5789622302164883,0.02947137207734078,0.027083218617907207,21.812503355085678,1626.9141666666667,,"draftkings@1.5,fanduel@1.5,pinnacle@1.5,sgo_fair@1.5",v2,False,1.1182260686839482,0.047619047619047616,0.028038480001680636,-0.01958056761736698,-0.4111919199647066,0.0023881534594335715,3467.0,32811.0,pass,2026-10-02T21:36:31+00:00,sgo_slate_alt_20261002T213627Z.json
BOS@WPG,Morgan Geekie,BOS,f2,PP1,PTS,over,2.5,fanduel,1700,True,0.7096996290284352,0.671837496412232,0.03533229088245284,0.030805111603325008,17.069132083690253,2012.4566666666665,,"draftkings@0.5,pinnacle@0.5,sgo_fair@0.5",v2,False,1.0468644783193533,0.05555555555555555,0.032615983314976144,-0.02293957224057941,-0.41291230033042936,0.004527179279127835,2966.0,13030.0,pass,2026-10-02T21:36:31+00:00,sgo_slate_alt_20261002T213627Z.json
BOS@WPG,Elias Lindholm,BOS,f1,PP2,A,over,1.5,fanduel,1100,True,0.34495998570832676,0.35488572149672815,0.04743384802434579,0.049881541592486436,17.864457827843644,1916.9391666666668,,"draftkings@0.5,pinnacle@0.5,sgo_fair@0.5",v2,False,1.1032038554164156,0.08333333333333333,0.04890246416523018,-0.034430869168103145,-0.41317043001723786,-0.0024476935681406464,1945.0,4084.0,pass,2026-10-02T21:36:31+00:00,sgo_slate_alt_20261002T213627Z.json
ANA@VGK,Cutter Gauthier,ANA,f1,PP1,PTS,over,2.5,fanduel,870,True,0.8057008278845367,0.93357718895311,0.04824579194194815,0.06849819864229392,16.623295864485087,1833.5541666666666,,"draftkings@0.5,pinnacle@0.5,sgo_fair@1.0",v2,False,1.0468644783193533,0.10309278350515463,0.06039723596215561,-0.04269554754299902,-0.4141468111670906,-0.020252406700345775,1556.0,2725.0,pass,2026-10-02T21:36:31+00:00,sgo_slate_alt_20261002T213627Z.json
ANA@VGK,Frank Vatrano,ANA,f3,-,PTS,over,1.5,draftkings,1200,True,0.2584452400959136,0.3798482675950076,0.028164004328235036,0.056231829872548496,12.019763871136826,1230.6416666666667,,"draftkings@0.5,sgo_fair@0.5",v2,False,1.0468644783193533,0.07692307692307693,0.04500469965482311,-0.03191837726825382,-0.41493890448729964,-0.02806782554431346,2122.0,4899.0,pass,2026-10-02T21:36:31+00:00,sgo_slate_alt_20261002T213627Z.json
ANA@VGK,Cutter Gauthier,ANA,f1,PP1,G,over,2.5,fanduel,6000,True,0.4090083490952979,0.4409650869663534,0.008418136022562497,0.0103050971866084,16.623295864485087,1833.5541666666666,,"fanduel@0.5,pinnacle@0.5,sgo_fair@0.5",v2,False,1.0982596332481283,0.01639344262295082,0.009550312720990039,-0.006843129901960782,-0.4174309240196077,-0.001886961164045903,10371.0,,pass,2026-10-02T21:36:31+00:00,sgo_slate_alt_20261002T213627Z.json
WSH@CAR,Alex Tuch,WSH,f1,PP2,SOG,over,5.5,draftkings,1600,True,2.080022343595709,2.3467326470045298,0.025152357513772622,0.040296713292575545,19.394777971531802,2210.999166666667,,"fanduel@2.5,sgo_fair@2.5",v2,False,1.1182260686839482,0.058823529411764705,0.03423897098105438,-0.024584558430710328,-0.41793749332207564,-0.015144355778802923,2821.0,10724.0,pass,2026-10-02T21:36:31+00:00,sgo_slate_alt_20261002T213627Z.json
STL@DAL,Connor McMichael,STL,f2,PP2,A,over,1.5,fanduel,1060,True,0.3484028727390058,0.3610133455373304,0.04827774707125084,0.05141494098913322,16.28334807004509,1938.9183333333335,,sgo_fair@0.5,v2,False,1.1032038554164156,0.08620689655172414,0.05016006342198027,-0.036046833129743876,-0.4181432643050289,-0.0031371939178823777,1894.0,3875.0,pass,2026-10-02T21:36:31+00:00,sgo_slate_alt_20261002T213627Z.json
BOS@WPG,Fraser Minten,BOS,f3,PP2,G,over,2.5,fanduel,40000,True,0.21426224629736565,0.21873286050795435,0.0013972506280261296,0.001481628506817021,15.046893153269307,1413.0508333333335,,sgo_fair@0.5,v2,False,1.0982596332481283,0.0024937655860349127,0.0014478773553006645,-0.0010458882307342481,-0.41940118052443354,-8.437787879089147e-05,68967.0,,pass,2026-10-02T21:36:31+00:00,sgo_slate_alt_20261002T213627Z.json
NYR@DET,Pavel Dorofeyev,NYR,f2,PP1,SOG,over,6.5,draftkings,1500,True,2.8810891147159556,2.8682035624444366,0.03669630357036831,0.03601118119303729,16.450106012385557,2082.9491666666668,,"draftkings@2.5,fanduel@2.5,pinnacle@2.5,sgo_fair@3.5",v2,False,1.1182260686839482,0.0625,0.0362852301439697,-0.0262147698560303,-0.4194363176964848,0.0006851223773310169,2656.0,8761.0,pass,2026-10-02T21:36:31+00:00,sgo_slate_alt_20261002T213627Z.json
NYR@DET,J.T. Compher,DET,f2,-,A,over,1.5,draftkings,1400,True,0.2532427335405148,0.3404561802385148,0.02713344528283979,0.046338212847817806,16.459511636519334,1855.2116666666668,,"draftkings@0.5,sgo_fair@0.5",v2,False,1.1032038554164156,0.06666666666666667,0.0386563058218266,-0.028010360844840064,-0.4201554126726009,-0.019204767564978017,2487.0,7223.0,pass,2026-10-02T21:36:31+00:00,sgo_slate_alt_20261002T213627Z.json
NYR@DET,Alexis Lafrenière,NYR,f1,PP1,SOG,over,5.5,draftkings,1500,True,2.250055125162716,2.3028007819748226,0.034291602130419895,0.03749416417954768,17.94658220183404,0.0,no NHL data: 85% of positional prior,"draftkings@2.5,fanduel@2.5,pinnacle@2.5,sgo_fair@2.5",v2,False,1.1182260686839482,0.0625,0.03621313935989656,-0.026286860640103438,-0.420589770241655,-0.0032025620491277842,2661.0,8818.0,pass,2026-10-02T21:36:31+00:00,sgo_slate_alt_20261002T213627Z.json
WSH@CAR,Sebastian Aho,CAR,f1,PP1,G,over,2.5,draftkings,9000,True,0.3660600765340728,0.370962896071904,0.006228533823079804,0.006458825151669748,19.607974986022285,2284.8791666666666,,"pinnacle@0.5,sgo_fair@0.5",v2,False,1.0982596332481283,0.01098901098901099,0.00636670862023377,-0.00462230236877722,-0.42062951555872696,-0.00023029132858994397,15607.0,,pass,2026-10-02T21:36:31+00:00,sgo_slate_alt_20261002T213627Z.json
BOS@WPG,David Pastrnak,BOS,f1,PP1,A,over,2.5,fanduel,1500,True,0.7684723966625088,0.6773636458637263,0.04299722170802092,0.03144559877902658,19.305080809204785,2352.8866666666668,,"draftkings@0.5,pinnacle@0.5,sgo_fair@0.5",v2,False,1.1032038554164156,0.0625,0.03606624795062432,-0.026433752049375682,-0.4229400327900109,0.011551622928994344,2673.0,8936.0,pass,2026-10-02T21:36:31+00:00,sgo_slate_alt_20261002T213627Z.json
STL@DAL,Mikko Rantanen,DAL,f1,PP1,G,over,2.5,fanduel,6500,True,0.41454823576751315,0.41454823576751315,0.008729283620518733,0.008729283620518733,20.640933758585803,2075.3450000000003,,"fanduel@0.5,pinnacle@0.5,sgo_fair@0.5",v2,False,1.0982596332481283,0.015151515151515152,0.008729283620518733,-0.006422231530996419,-0.42386728104576366,0.0,11356.0,,pass,2026-10-02T21:36:31+00:00,sgo_slate_alt_20261002T213627Z.json
ANA@VGK,Nikita Nesterenko,ANA,f3,-,G,over,1.5,draftkings,8000,False,0.10292554766835134,0.13682508270184898,0.004947032450753552,0.008548968794551142,12.3960500176475,448.3,,sgo_fair@0.5,v2,False,1.0982596332481283,0.012345679012345678,0.007108194257032106,-0.005237484755313573,-0.4242362651803995,-0.0036019363437975902,13968.0,,pass,2026-10-02T21:36:31+00:00,sgo_slate_alt_20261002T213627Z.json
ANA@VGK,Trevor Connelly,VGK,f3,PP2,SOG,over,4.5,draftkings,1300,True,1.7567106115277316,1.7931270828217187,0.039277411739594356,0.042113772755802935,12.433333333333334,11.366666666666667,,"draftkings@1.5,sgo_fair@1.5",v1,False,1.1182260686839482,0.07142857142857142,0.0409792283493195,-0.03044934307925192,-0.42629080310952694,-0.0028363610162085787,2340.0,6158.0,pass,2026-10-02T21:36:31+00:00,sgo_slate_alt_20261002T213627Z.json
NYR@DET,Viktor Arvidsson,DET,f2,PP1,PTS,over,2.5,fanduel,1400,True,0.7403263149545601,0.7275486072772778,0.039230636524803,0.037578697945492325,13.767299701510195,1459.4783333333332,,sgo_fair@0.5,v2,False,1.0468644783193533,0.06666666666666667,0.038239473377216594,-0.02842719328945007,-0.42640789934175105,0.0016519385793106744,2515.0,7453.0,pass,2026-10-02T21:36:31+00:00,sgo_slate_alt_20261002T213627Z.json
STL@DAL,Miro Heiskanen,DAL,d1,PP1,A,over,2.5,draftkings,1400,True,0.7370337944586197,0.7293431579701043,0.03880148919158342,0.03780850335721211,25.972927915823785,2527.524166666667,,"draftkings@0.5,pinnacle@0.5,sgo_fair@0.5",v2,False,1.1032038554164156,0.06666666666666667,0.03820569769096063,-0.028460968975706033,-0.4269145346355905,0.00099298583437131,2517.0,7472.0,pass,2026-10-02T21:36:31+00:00,sgo_slate_alt_20261002T213627Z.json
WSH@CAR,Alex Tuch,WSH,f1,PP2,PTS,over,2.5,fanduel,2000,True,0.6812069114706919,0.6099482367049713,0.03189513512696035,0.024109439133643454,19.394777971531802,2210.999166666667,,sgo_fair@0.5,v2,False,1.0468644783193533,0.047619047619047616,0.027223717530970214,-0.020395330088077403,-0.4283019318496255,0.007785695993316896,3573.0,44870.0,pass,2026-10-02T21:36:31+00:00,sgo_slate_alt_20261002T213627Z.json
NYR@DET,Mika Zibanejad,NYR,f1,PP1,G,over,2.5,fanduel,8000,True,0.40918669330240837,0.3629268402304303,0.008428049223597908,0.006083974523353203,19.315568777005215,2422.4325000000003,,"fanduel@0.5,pinnacle@0.5,sgo_fair@0.5",v2,False,1.0982596332481283,0.012345679012345678,0.007021604403451084,-0.005324074608894594,-0.43125004332046224,0.002344074700244705,14142.0,,pass,2026-10-02T21:36:31+00:00,sgo_slate_alt_20261002T213627Z.json
STL@DAL,Mason McTavish,STL,f2,PP1,SOG,over,4.5,draftkings,900,True,1.9241016767801815,1.9843384943384519,0.05326982562469783,0.058899566439437424,13.933970658700481,1726.1308333333334,,"fanduel@1.5,sgo_fair@1.5",v2,False,1.1182260686839482,0.1,0.05664767011354159,-0.043352329886458416,-0.4335232988645841,-0.005629740814739596,1665.0,3060.0,pass,2026-10-02T21:36:31+00:00,sgo_slate_alt_20261002T213627Z.json
ANA@VGK,Cutter Gauthier,ANA,f1,PP1,SOG,over,7.5,draftkings,2000,True,2.922382978028437,3.4358790498812657,0.015767476683809685,0.03419061720600497,16.623295864485087,1833.5541666666666,,"draftkings@3.5,fanduel@3.5,pinnacle@3.5,sgo_fair@3.5",v2,False,1.1182260686839482,0.047619047619047616,0.026821360997126856,-0.02079768662192076,-0.436751419060336,-0.018423140522195285,3628.0,54804.0,pass,2026-10-02T21:36:31+00:00,sgo_slate_alt_20261002T213627Z.json
BOS@WPG,Cole Perfetti,WPG,f1,PP1,G,over,2.5,fanduel,12500,True,0.32721169452092,0.3209905168330558,0.004577656972750601,0.004341362422695732,16.53972973493684,1622.8166666666666,,"fanduel@0.5,pinnacle@0.5,sgo_fair@0.5",v2,False,1.0982596332481283,0.007936507936507936,0.00443588024271768,-0.0035006276937902562,-0.44107908941757235,0.00023629455005486858,22443.0,,pass,2026-10-02T21:36:31+00:00,sgo_slate_alt_20261002T213627Z.json
NYR@DET,Moritz Seider,DET,d1,PP1,PTS,over,2.5,fanduel,1300,True,0.7795622041597174,0.7196175011330034,0.044529162777198594,0.03657169298994138,24.012255414088816,3029.8125,,"draftkings@0.5,pinnacle@0.5,sgo_fair@0.5",v2,False,1.0468644783193533,0.07142857142857142,0.03975468090484427,-0.031673890523727155,-0.44343446733218017,0.007957469787257213,2415.0,6678.0,pass,2026-10-02T21:36:31+00:00,sgo_slate_alt_20261002T213627Z.json
ANA@VGK,Frank Vatrano,ANA,f3,-,G,over,1.5,draftkings,5000,False,0.11059004645508376,0.18001778746831956,0.005682392766636069,0.014383824964686414,12.019763871136826,1230.6416666666667,,sgo_fair@0.5,v2,False,1.0982596332481283,0.0196078431372549,0.010903252085466275,-0.008704591051788627,-0.44393414364121997,-0.008701432198050345,9072.0,,pass,2026-10-02T21:36:31+00:00,sgo_slate_alt_20261002T213627Z.json
WSH@CAR,Jordan Kyrou,WSH,f3,PP2,PTS,over,2.5,fanduel,2500,True,0.6041938599434422,0.5639354490799648,0.023531609730590045,0.019702543678168403,14.636186494925454,1777.7216666666668,,sgo_fair@0.5,v2,False,1.0468644783193533,0.038461538461538464,0.021234170099137063,-0.0172273683624014,-0.44791157742243637,0.0038290660524216424,4609.0,,pass,2026-10-02T21:36:31+00:00,sgo_slate_alt_20261002T213627Z.json
ANA@VGK,Leo Carlsson,ANA,f1,PP1,A,over,1.5,fanduel,520,True,0.451496452126341,0.5211638650998891,0.07586895326655195,0.09668876982546806,17.96890196451367,1895.936666666667,,"draftkings@0.5,pinnacle@0.5,sgo_fair@0.5",v2,False,1.1032038554164156,0.16129032258064516,0.08836084320190161,-0.07292947937874354,-0.45216277214821,-0.020819816558916113,1032.0,1478.0,pass,2026-10-02T21:36:31+00:00,sgo_slate_alt_20261002T213627Z.json
WSH@CAR,Taylor Hall,CAR,f2,PP2,G,over,2.5,fanduel,17500,True,0.29496625979366586,0.2772444024208794,0.003434070576355919,0.0028891386436537395,16.04701527377841,1703.5891666666669,,sgo_fair@0.5,v2,False,1.0982596332481283,0.005681818181818182,0.0031071114167346113,-0.0025747067650835707,-0.45314839065470847,0.0005449319327021796,32084.0,,pass,2026-10-02T21:36:31+00:00,sgo_slate_alt_20261002T213627Z.json
WSH@CAR,Shayne Gostisbehere,CAR,d3,PP1,A,over,2.5,fanduel,2500,True,0.6504052987392124,0.5202860336848337,0.02838701404012833,0.015972589510947714,16.932991501259885,1660.3433333333335,,"draftkings@0.5,pinnacle@0.5,sgo_fair@0.5",v2,False,1.1032038554164156,0.038461538461538464,0.020938359322619962,-0.0175231791389185,-0.455602657611881,0.012414424529180616,4676.0,,pass,2026-10-02T21:36:31+00:00,sgo_slate_alt_20261002T213627Z.json
WSH@CAR,Jordan Kyrou,WSH,f3,PP2,SOG,over,5.5,draftkings,1900,True,1.9658783555722847,2.207813978177234,0.019999900374838057,0.03185353106710987,14.636186494925454,1777.7216666666668,,"fanduel@2.5,sgo_fair@2.5",v2,False,1.1182260686839482,0.05,0.027112078790201145,-0.022887921209798857,-0.4577584241959771,-0.011853630692271813,3588.0,47247.0,pass,2026-10-02T21:36:31+00:00,sgo_slate_alt_20261002T213627Z.json
WSH@CAR,Alex Ovechkin,WSH,f2,PP1,G,over,2.5,fanduel,10000,True,0.3635370748202247,0.332412374856016,0.006111969836365617,0.0047810477087686905,16.67895270691558,1949.2041666666667,,"fanduel@0.5,pinnacle@0.5,sgo_fair@0.5",v2,False,1.0982596332481283,0.009900990099009901,0.00531341655980746,-0.004587573539202441,-0.46334492745944644,0.001330922127596926,18720.0,,pass,2026-10-02T21:36:31+00:00,sgo_slate_alt_20261002T213627Z.json
STL@DAL,Jimmy Snuggerud,STL,f1,PP1,PTS,over,2.5,fanduel,1400,True,0.7410583442949129,0.6931471805599454,0.03932637700210812,0.033313156240477,17.487775105522008,1217.4199999999998,,"draftkings@0.5,sgo_fair@0.5",v2,False,1.0468644783193533,0.06666666666666667,0.03571844454512945,-0.030948222121537215,-0.4642233318230582,0.006013220761631119,2700.0,9230.0,pass,2026-10-02T21:36:31+00:00,sgo_slate_alt_20261002T213627Z.json
NYR@DET,Pavel Dorofeyev,NYR,f2,PP1,PTS,over,2.5,fanduel,1400,True,0.7261533935116563,0.7032736565687397,0.0374005281268455,0.0345410785734575,16.450106012385557,2082.9491666666668,,"draftkings@0.5,pinnacle@0.5,sgo_fair@0.5",v2,False,1.0468644783193533,0.06666666666666667,0.035684858394812696,-0.03098180827185397,-0.4647271240778096,0.002859449553388002,2702.0,9259.0,pass,2026-10-02T21:36:31+00:00,sgo_slate_alt_20261002T213627Z.json
ANA@VGK,Leo Carlsson,ANA,f1,PP1,G,over,2.5,fanduel,10000,True,0.34007207651731897,0.34803763015001526,0.005090408615503884,0.005424624757555119,17.96890196451367,1895.936666666667,,"fanduel@0.5,pinnacle@0.5,sgo_fair@0.5",v2,False,1.0982596332481283,0.009900990099009901,0.005290938300734625,-0.004610051798275276,-0.4656152316258029,-0.0003342161420512345,18800.0,,pass,2026-10-02T21:36:31+00:00,sgo_slate_alt_20261002T213627Z.json
NYR@DET,Alexis Lafrenière,NYR,f1,PP1,PTS,over,2.5,fanduel,1500,True,0.6823970707442594,0.7010419497141045,0.032035025800978625,0.034268473905768516,17.94658220183404,0.0,no NHL data: 85% of positional prior,"draftkings@0.5,pinnacle@0.5,sgo_fair@0.5",v2,False,1.0468644783193533,0.0625,0.033375094663852564,-0.029124905336147436,-0.465998485378359,-0.002233448104789891,2896.0,11840.0,pass,2026-10-02T21:36:31+00:00,sgo_slate_alt_20261002T213627Z.json
WSH@CAR,Nikolaj Ehlers,CAR,f3,PP1,G,over,2.5,fanduel,10000,True,0.3539028016668013,0.33846652267278987,0.00567893886590589,0.005024591093683473,16.96250861269781,1870.6825,,"pinnacle@0.5,sgo_fair@0.5",v2,False,1.0982596332481283,0.009900990099009901,0.00528633020257244,-0.004614659896437461,-0.4660806495401836,0.0006543477722224167,18817.0,,pass,2026-10-02T21:36:31+00:00,sgo_slate_alt_20261002T213627Z.json
STL@DAL,Radek Faksa,DAL,f4,-,G,over,1.5,fanduel,10000,False,0.09395131770166165,0.11414887054194625,0.004146493508150712,0.006039788631725961,12.154671635438966,1090.8591666666666,,sgo_fair@0.5,v2,False,1.0982596332481283,0.009900990099009901,0.005282470582295862,-0.004618519516714039,-0.466470471188118,-0.0018932951235752496,18831.0,,pass,2026-10-02T21:36:31+00:00,sgo_slate_alt_20261002T213627Z.json
WSH@CAR,Alex Ovechkin,WSH,f2,PP1,SOG,over,6.5,draftkings,1400,True,2.782643175743672,2.9073241681550663,0.031667323908328444,0.038116445478555014,16.67895270691558,1949.2041666666667,,"draftkings@2.5,fanduel@2.5,pinnacle@2.5,sgo_fair@3.0",v2,False,1.1182260686839482,0.06666666666666667,0.03553679685046439,-0.031129869816202277,-0.4669480472430342,-0.0064491215702265695,2714.0,9391.0,pass,2026-10-02T21:36:31+00:00,sgo_slate_alt_20261002T213627Z.json
WSH@CAR,Logan Stankoven,CAR,f2,PP2,G,over,2.5,fanduel,10000,True,0.352571745266632,0.33888802955386094,0.005620609038094836,0.005041820136041719,17.072616370327324,1801.0691666666667,,"pinnacle@0.5,sgo_fair@0.5",v2,False,1.0982596332481283,0.009900990099009901,0.005273335696862965,-0.004627654402146936,-0.46739309461684053,0.0005787889020531164,18863.0,,pass,2026-10-02T21:36:31+00:00,sgo_slate_alt_20261002T213627Z.json
STL@DAL,Roope Hintz,DAL,f2,PP1,A,over,2.5,fanduel,2500,True,0.6007783600420442,0.5504908567685092,0.023192248724255366,0.018506996763572713,16.249302644351516,1496.78,,"draftkings@0.5,pinnacle@0.5,sgo_fair@0.5",v2,False,1.1032038554164156,0.038461538461538464,0.020381097547845776,-0.018080440913692687,-0.47009146375600985,0.004685251960682653,4807.0,,pass,2026-10-02T21:36:31+00:00,sgo_slate_alt_20261002T213627Z.json
ANA@VGK,Beckett Sennecke,ANA,f2,PP1,A,over,1.5,fanduel,630,True,0.4517982855075325,0.4309502162525598,0.07595573309506591,0.07003795525005427,17.087583540737576,1430.5,,"draftkings@0.5,sgo_fair@0.5",v2,False,1.1032038554164156,0.136986301369863,0.07240506638805894,-0.06458123498180407,-0.4714430153671698,0.005917777845011643,1281.0,2009.0,pass,2026-10-02T21:36:31+00:00,sgo_slate_alt_20261002T213627Z.json
WSH@CAR,Dylan Strome,WSH,f2,PP1,PTS,over,2.5,fanduel,1500,True,0.6884559514526267,0.6911997455043737,0.03275217062225021,0.03307967299535131,16.4350786487246,2084.476666666667,,"draftkings@0.5,pinnacle@0.5,sgo_fair@0.5",v2,False,1.0468644783193533,0.0625,0.03294867204611087,-0.02955132795388913,-0.4728212472622261,-0.0003275023731011059,2935.0,12481.0,pass,2026-10-02T21:36:31+00:00,sgo_slate_alt_20261002T213627Z.json
WSH@CAR,Sean Walker,CAR,d2,-,G,over,1.5,fanduel,10000,False,0.09998801865281937,0.10939859440751197,0.004677756101771537,0.0055649905055866825,21.477397357039713,2407.115,,sgo_fair@0.5,v2,False,1.0982596332481283,0.009900990099009901,0.005210096744060625,-0.004690893354949276,-0.4737802288498769,-0.0008872344038151452,19094.0,,pass,2026-10-02T21:36:31+00:00,sgo_slate_alt_20261002T213627Z.json
NYR@DET,Viktor Arvidsson,DET,f2,PP1,G,over,2.5,fanduel,10000,True,0.3245185979177086,0.35310002623052866,0.004474433772994346,0.005643716157859875,13.767299701510195,1459.4783333333332,,"fanduel@0.5,sgo_fair@0.5",v2,False,1.0982596332481283,0.009900990099009901,0.005176003203913664,-0.004724986895096237,-0.47722367640471997,-0.001169282384865529,19220.0,,pass,2026-10-02T21:36:31+00:00,sgo_slate_alt_20261002T213627Z.json
ANA@VGK,Mikael Granlund,ANA,f2,PP1,PTS,over,2.5,fanduel,1300,True,0.7525659194548403,0.7069679840281606,0.040847058703139386,0.03499481351730352,18.703895528300663,1838.5333333333333,,"draftkings@0.5,pinnacle@0.5,sgo_fair@0.5",v2,False,1.0468644783193533,0.07142857142857142,0.03733571159163787,-0.03409285983693355,-0.47730003771706975,0.0058522451858358665,2578.0,8007.0,pass,2026-10-02T21:36:31+00:00,sgo_slate_alt_20261002T213627Z.json
ANA@VGK,Mitch Marner,VGK,f2,PP1,G,over,2.5,fanduel,6500,True,0.3623835530779898,0.4201029539588546,0.006059115267372729,0.009047953849736052,20.54836472665646,2414.8641666666667,,"fanduel@0.5,sgo_fair@0.5",v2,False,1.0982596332481283,0.015151515151515152,0.007852418416790723,-0.007299096734724429,-0.4817403844918122,-0.0029888385823633222,12635.0,,pass,2026-10-02T21:36:31+00:00,sgo_slate_alt_20261002T213627Z.json
ANA@VGK,Mitch Marner,VGK,f2,PP1,G,over,2.5,draftkings,6500,True,0.3623835530779898,0.4201029539588546,0.006059115267372729,0.009047953849736052,20.54836472665646,2414.8641666666667,,"fanduel@0.5,sgo_fair@0.5",v2,False,1.0982596332481283,0.015151515151515152,0.007852418416790723,-0.007299096734724429,-0.4817403844918122,-0.0029888385823633222,12635.0,,pass,2026-10-02T21:36:31+00:00,sgo_slate_alt_20261002T213627Z.json
STL@DAL,Miro Heiskanen,DAL,d1,PP1,SOG,over,5.5,draftkings,1600,True,1.8688868290955494,2.3397194152326795,0.016211985861635206,0.03984104587966912,25.972927915823785,2527.524166666667,,"draftkings@2.5,fanduel@2.5,pinnacle@2.5,sgo_fair@2.5",v2,False,1.1182260686839482,0.058823529411764705,0.030389421872455552,-0.028434107539309153,-0.48337982816825564,-0.023629060018033915,3191.0,18455.0,pass,2026-10-02T21:36:31+00:00,sgo_slate_alt_20261002T213627Z.json
ANA@VGK,Ivan Barbashev,VGK,f1,-,PTS,over,2.5,fanduel,1100,True,0.7810791293473323,0.7582699042968668,0.04474079967690192,0.041611683939275224,16.2984941270241,1875.4308333333333,,"draftkings@0.5,pinnacle@0.5,sgo_fair@0.5",v2,False,1.0468644783193533,0.08333333333333333,0.042863330234325904,-0.040470003099007425,-0.4856400371880891,0.0031291157376266976,2233.0,5498.0,pass,2026-10-02T21:36:31+00:00,sgo_slate_alt_20261002T213627Z.json
WSH@CAR,Logan Stankoven,CAR,f2,PP2,PTS,over,2.5,fanduel,1500,True,0.7154403166892973,0.6541672991265548,0.036046990168798275,0.028803865092523265,17.072616370327324,1801.0691666666667,,"draftkings@0.5,pinnacle@0.5,sgo_fair@0.5",v2,False,1.0468644783193533,0.0625,0.031701115123033266,-0.030798884876966734,-0.49278215803146774,0.00724312507627501,3054.0,14823.0,pass,2026-10-02T21:36:31+00:00,sgo_slate_alt_20261002T213627Z.json
WSH@CAR,Nikolaj Ehlers,CAR,f3,PP1,A,over,2.5,fanduel,2500,True,0.6272963558057655,0.5098789811348887,0.025897605744020155,0.0151477767379639,16.96250861269781,1870.6825,,"draftkings@0.5,pinnacle@0.5,sgo_fair@0.5",v2,False,1.1032038554164156,0.038461538461538464,0.0194477083403864,-0.019013830121152063,-0.49435958314995354,0.010749829006056255,5042.0,,pass,2026-10-02T21:36:31+00:00,sgo_slate_alt_20261002T213627Z.json
WSH@CAR,Tom Wilson,WSH,f1,PP1,PTS,over,2.5,fanduel,1800,True,0.6425729870926619,0.6224302743947189,0.02752955117267847,0.02538904290518905,18.257601622938086,2083.9066666666668,,"draftkings@0.5,pinnacle@0.5,sgo_fair@0.5",v2,False,1.0468644783193533,0.05263157894736842,0.026245246212184818,-0.0263863327351836,-0.5013403219684884,0.0021405082674894223,3710.0,80205.0,pass,2026-10-02T21:36:31+00:00,sgo_slate_alt_20261002T213627Z.json
NYR@DET,Lucas Raymond,DET,f1,PP1,G,over,2.5,fanduel,10000,True,0.3392419755948102,0.33331788732627776,0.005056315160390541,0.004817009363053361,18.249403362076805,2197.0216666666665,,"fanduel@0.5,pinnacle@0.5,sgo_fair@0.5",v2,False,1.0982596332481283,0.009900990099009901,0.004912731681988233,-0.004988258417021668,-0.5038141001191885,0.00023930579733717934,20255.0,,pass,2026-10-02T21:36:31+00:00,sgo_slate_alt_20261002T213627Z.json
NYR@DET,Moritz Seider,DET,d1,PP1,A,over,2.5,fanduel,2000,True,0.6692367443672119,0.556111779803181,0.030506089034223926,0.01900176922265797,24.012255414088816,3029.8125,,"draftkings@0.5,pinnacle@0.5,sgo_fair@0.5",v2,False,1.1032038554164156,0.047619047619047616,0.023603497147284352,-0.024015550471763264,-0.5043265599070286,0.011504319811565956,4137.0,,pass,2026-10-02T21:36:31+00:00,sgo_slate_alt_20261002T213627Z.json
WSH@CAR,Ryan Leonard,WSH,f2,PP2,G,over,2.5,fanduel,22500,True,0.25025265711442646,0.2519509655398272,0.0021676511771826557,0.002209303095188429,14.79877049597388,1138.4366666666667,,sgo_fair@0.5,v2,False,1.0982596332481283,0.004424778761061947,0.00219264232798612,-0.002232136433075827,-0.5044628338751369,-4.165191800577315e-05,45507.0,,pass,2026-10-02T21:36:31+00:00,sgo_slate_alt_20261002T213627Z.json
NYR@DET,Adam Fox,NYR,d1,PP1,A,over,2.5,fanduel,1700,True,0.6674835569856046,0.624076755893558,0.03030538584043974,0.02556050998707704,22.258802105644207,2111.2541666666666,,"draftkings@0.5,pinnacle@0.5,sgo_fair@0.5",v2,False,1.1032038554164156,0.05555555555555555,0.02745846032842212,-0.028097095227133433,-0.5057477140884019,0.004744875853362699,3542.0,40576.0,pass,2026-10-02T21:36:31+00:00,sgo_slate_alt_20261002T213627Z.json
WSH@CAR,Jackson Blake,CAR,f2,PP1,G,over,2.5,fanduel,10000,True,0.3596576157515995,0.3159628297058096,0.005935303688752564,0.004155930468882568,17.175685133360474,1856.5166666666667,,"pinnacle@0.5,sgo_fair@0.5",v2,False,1.0982596332481283,0.009900990099009901,0.004867679756830567,-0.005033310342179334,-0.5083643445601127,0.0017793732198699962,20444.0,,pass,2026-10-02T21:36:31+00:00,sgo_slate_alt_20261002T213627Z.json
WSH@CAR,Alex Ovechkin,WSH,f2,PP1,PTS,over,2.5,fanduel,1400,True,0.7351128724232218,0.6531593766573446,0.0385522310946445,0.028691863809664233,16.67895270691558,1949.2041666666667,,"draftkings@0.5,pinnacle@0.5,sgo_fair@0.5",v2,False,1.0468644783193533,0.06666666666666667,0.032636010723656336,-0.03403065594301033,-0.5104598391451549,0.009860367284980267,2964.0,12996.0,pass,2026-10-02T21:36:31+00:00,sgo_slate_alt_20261002T213627Z.json
NYR@DET,J.T. Miller,NYR,f2,PP1,PTS,over,2.5,fanduel,1200,True,0.6801411850223616,0.7561879384972334,0.03177014343725738,0.0413317615883627,17.08771264101801,1991.3375,,"draftkings@0.5,pinnacle@0.5,sgo_fair@0.5",v2,False,1.0468644783193533,0.07692307692307693,0.037507114327920574,-0.039415962595156354,-0.5124075137370325,-0.009561618151105324,2566.0,7895.0,pass,2026-10-02T21:36:31+00:00,sgo_slate_alt_20261002T213627Z.json
NYR@DET,Sean Durzi,NYR,d2,PP2,G,over,1.5,fanduel,10000,False,0.07580462449369824,0.11587020545159603,0.0027320162228729587,0.006216250287077027,19.028469786411566,1478.5616666666667,,sgo_fair@0.5,v2,False,1.0982596332481283,0.009900990099009901,0.0048225566613954,-0.005078433437614501,-0.5129217771990646,-0.003484234064204068,20636.0,,pass,2026-10-02T21:36:31+00:00,sgo_slate_alt_20261002T213627Z.json
STL@DAL,Robert Thomas,STL,f1,PP1,A,over,2.5,fanduel,2000,True,0.6154006727555197,0.5890325913851534,0.024663986807585022,0.022045725033130247,18.68804235636643,1845.6466666666668,,"draftkings@0.5,pinnacle@0.5,sgo_fair@0.5",v2,False,1.1032038554164156,0.047619047619047616,0.023093029742912156,-0.02452601787613546,-0.5150463753988448,0.002618261774454775,4230.0,,pass,2026-10-02T21:36:31+00:00,sgo_slate_alt_20261002T213627Z.json
WSH@CAR,Ilya Protas,WSH,f3,PP2,G,over,2.5,fanduel,35000,True,0.21540889187256163,0.21175822908920533,0.001418596322386395,0.0013513411790018936,14.695833333333333,63.56666666666667,,sgo_fair@0.5,v1,False,1.0982596332481283,0.002849002849002849,0.001378243236355694,-0.001470759612647155,-0.5162366240391514,6.725514338450133e-05,72456.0,,pass,2026-10-02T21:36:31+00:00,sgo_slate_alt_20261002T213627Z.json
BOS@WPG,JJ Peterka,BOS,f1,PP1,G,over,2.5,fanduel,12500,True,0.29203738404247415,0.31436963032387133,0.003340005594144239,0.004098194704446936,15.938440465588924,1957.9416666666666,,"fanduel@0.5,pinnacle@0.5,sgo_fair@0.5",v2,False,1.0982596332481283,0.007936507936507936,0.0037949190603258575,-0.004141588876182078,-0.521840198398942,-0.0007581891103026969,26251.0,,pass,2026-10-02T21:36:31+00:00,sgo_slate_alt_20261002T213627Z.json
ANA@VGK,Cutter Gauthier,ANA,f1,PP1,A,over,1.5,fanduel,680,True,0.35915437459616717,0.42393833323948593,0.0509479660884811,0.06808328184941358,16.623295864485087,1833.5541666666666,,"draftkings@0.5,pinnacle@0.5,sgo_fair@0.5",v2,False,1.1032038554164156,0.1282051282051282,0.06122915554504059,-0.0669759726600876,-0.5224125867486834,-0.017135315760932475,1533.0,2660.0,pass,2026-10-02T21:36:31+00:00,sgo_slate_alt_20261002T213627Z.json
WSH@CAR,Cole Hutson,WSH,d2,PP2,G,over,1.5,fanduel,8000,False,0.08726919484324078,0.12691278551900437,0.0035934958983465065,0.0074033986906504624,18.499433137340223,244.4,,sgo_fair@0.5,v2,False,1.0982596332481283,0.012345679012345678,0.00587943757372888,-0.0064662414386167984,-0.5237655565279608,-0.003809902792303956,16908.0,,pass,2026-10-02T21:36:31+00:00,sgo_slate_alt_20261002T213627Z.json
ANA@VGK,Ivan Barbashev,VGK,f1,-,G,over,2.5,draftkings,10000,True,0.29545397193341,0.35064066663990673,0.003449889901813641,0.00553662770163258,16.2984941270241,1875.4308333333333,,"pinnacle@0.5,sgo_fair@0.5",v2,False,1.0982596332481283,0.009900990099009901,0.004701932581705004,-0.005199057517304897,-0.5251048092477946,-0.002086737799818939,21168.0,,pass,2026-10-02T21:36:31+00:00,sgo_slate_alt_20261002T213627Z.json
STL@DAL,Mason McTavish,STL,f2,PP1,PTS,over,1.5,fanduel,340,True,0.5243736009829099,0.5773153650349268,0.09768358591108475,0.11448961962960615,13.933970658700481,1726.1308333333334,,sgo_fair@0.5,v2,False,1.0468644783193533,0.22727272727272727,0.10776720614219759,-0.11950552113052967,-0.5258242929743306,-0.016806033718521393,828.0,1108.0,pass,2026-10-02T21:36:31+00:00,sgo_slate_alt_20261002T213627Z.json
BOS@WPG,David Pastrnak,BOS,f1,PP1,G,over,2.5,fanduel,4500,True,0.3563830458075217,0.48484378153756535,0.005788595466588405,0.01326466665587585,19.305080809204785,2352.8866666666668,,"fanduel@0.5,pinnacle@0.5,sgo_fair@0.5",v2,False,1.0982596332481283,0.021739130434782608,0.01027423818016087,-0.011464892254621738,-0.5273850437126,-0.007476071189287445,9633.0,,pass,2026-10-02T21:36:31+00:00,sgo_slate_alt_20261002T213627Z.json
ANA@VGK,Shea Theodore,VGK,d1,PP1,A,over,2.5,fanduel,1800,True,0.6052634957106972,0.6230021988162112,0.023638440589282387,0.025448533292741594,24.38074349382845,2282.9841666666666,,"draftkings@0.5,pinnacle@0.5,sgo_fair@0.5",v2,False,1.1032038554164156,0.05263157894736842,0.02472449621135791,-0.02790708273601051,-0.5302345719841997,-0.0018100927034592068,3945.0,,pass,2026-10-02T21:36:31+00:00,sgo_slate_alt_20261002T213627Z.json
NYR@DET,Alex DeBrincat,DET,f1,PP1,A,over,2.5,fanduel,2500,True,0.5332397841597784,0.552899051881143,0.017033863564465273,0.01871808384651853,18.58434807318392,2176.461666666667,,"draftkings@0.5,pinnacle@0.5,sgo_fair@0.5",v2,False,1.1032038554164156,0.038461538461538464,0.018044395733697226,-0.020417142727841238,-0.5308457109238721,-0.001684220282053256,5442.0,,pass,2026-10-02T21:36:31+00:00,sgo_slate_alt_20261002T213627Z.json
WSH@CAR,Jakob Chychrun,WSH,d1,PP1,PTS,over,2.5,fanduel,1500,True,0.6426861735595096,0.6681059652455962,0.02754184240568452,0.03037655826879053,21.891377326993766,2568.704166666667,,"draftkings@0.5,pinnacle@0.5,sgo_fair@0.5",v2,False,1.0468644783193533,0.0625,0.029242671923548125,-0.033257328076451875,-0.53211724922323,-0.0028347158631060083,3320.0,23470.0,pass,2026-10-02T21:36:31+00:00,sgo_slate_alt_20261002T213627Z.json
NYR@DET,Lucas Raymond,DET,f1,PP1,A,over,2.5,fanduel,2000,True,0.570986112787006,0.600310483844761,0.020346159583140625,0.023145970349174108,18.249403362076805,2197.0216666666665,,"draftkings@0.5,pinnacle@0.5,sgo_fair@0.5",v2,False,1.1032038554164156,0.047619047619047616,0.022026046042760716,-0.0255930015762869,-0.537453033102025,-0.002799810766033483,4440.0,,pass,2026-10-02T21:36:31+00:00,sgo_slate_alt_20261002T213627Z.json
NYR@DET,Will Cuylle,NYR,f3,PP2,G,over,2.5,fanduel,30000,True,0.199310700557034,0.23361485118139075,0.0011372292146878723,0.0017852829155022096,14.475285775016168,1967.8908333333336,,sgo_fair@0.5,v2,False,1.0982596332481283,0.0033222591362126247,0.0015260614351764747,-0.00179619770103615,-0.5406555080118811,-0.0006480537008143373,65428.0,,pass,2026-10-02T21:36:31+00:00,sgo_slate_alt_20261002T213627Z.json
WSH@CAR,Dylan Strome,WSH,f2,PP1,G,over,2.5,fanduel,22500,True,0.2663815684309344,0.22773656780868323,0.002583340261870525,0.0016611015734127451,16.4350786487246,2084.476666666667,,sgo_fair@0.5,v2,False,1.0982596332481283,0.004424778761061947,0.002029997048795857,-0.0023947817122660898,-0.5412206669721362,0.0009222386884577801,49161.0,,pass,2026-10-02T21:36:31+00:00,sgo_slate_alt_20261002T213627Z.json
STL@DAL,Justin Hryckowian,DAL,f1,PP2,G,over,2.5,fanduel,25000,True,0.23061100968677525,0.23865603140898256,0.001721125962239491,0.0018962722949994251,16.275927825541153,1094.9966666666667,,sgo_fair@0.5,v2,False,1.0982596332481283,0.00398406374501992,0.0018262137618954514,-0.002157849983124469,-0.5416203457642417,-0.00017514633275993413,54658.0,,pass,2026-10-02T21:36:31+00:00,sgo_slate_alt_20261002T213627Z.json
NYR@DET,J.T. Miller,NYR,f2,PP1,G,over,2.5,fanduel,15000,True,0.28232597983195024,0.2809249244195162,0.003039492495479226,0.002997568644621066,17.08771264101801,1991.3375,,"fanduel@0.5,sgo_fair@0.5",v2,False,1.0982596332481283,0.006622516556291391,0.0030143381849643304,-0.0036081783713270603,-0.5448349340703862,4.1923850858160104e-05,33075.0,,pass,2026-10-02T21:36:31+00:00,sgo_slate_alt_20261002T213627Z.json
BOS@WPG,Josh Morrissey,WPG,d1,PP1,A,over,2.5,fanduel,2000,True,0.5862421406182688,0.5842540117161599,0.021778020633897634,0.02158838300219225,23.689330519334643,2781.5350000000003,,"draftkings@0.5,pinnacle@0.5,sgo_fair@0.5",v2,False,1.1032038554164156,0.047619047619047616,0.021664238054874402,-0.025954809564173214,-0.5450510008476375,0.00018963763170538536,4516.0,,pass,2026-10-02T21:36:31+00:00,sgo_slate_alt_20261002T213627Z.json
STL@DAL,Mason McTavish,STL,f2,PP1,G,over,2.5,fanduel,17500,True,0.25683617847800466,0.27150162318441634,0.0023318750275538344,0.0027248437838984156,13.933970658700481,1726.1308333333334,,"fanduel@0.5,sgo_fair@0.5",v2,False,1.0982596332481283,0.005681818181818182,0.002567656281360583,-0.003114161900457599,-0.5480924944805374,-0.0003929687563445812,38846.0,,pass,2026-10-02T21:36:31+00:00,sgo_slate_alt_20261002T213627Z.json
ANA@VGK,Victor Olofsson,VGK,f3,PP2,G,over,2.5,fanduel,25000,True,0.24011523459639014,0.22825865198053372,0.0019291816081562884,0.0016719047910188122,13.560078838767604,1437.0491666666667,,sgo_fair@0.5,v2,False,1.0982596332481283,0.00398406374501992,0.0017748155178738028,-0.0022092482271461175,-0.5545213050136755,0.00025727681713747625,56244.0,,pass,2026-10-02T21:36:31+00:00,sgo_slate_alt_20261002T213627Z.json
BOS@WPG,Cole Perfetti,WPG,f1,PP1,PTS,over,2.5,fanduel,1500,True,0.6006169201333487,0.6726100177206102,0.02317627474600718,0.03089422953764462,16.53972973493684,1622.8166666666666,,"draftkings@0.5,pinnacle@0.5,sgo_fair@0.5",v2,False,1.0468644783193533,0.0625,0.027807047620989643,-0.03469295237901036,-0.5550872380641657,-0.007717954791637439,3496.0,35525.0,pass,2026-10-02T21:36:31+00:00,sgo_slate_alt_20261002T213627Z.json
BOS@WPG,JJ Peterka,BOS,f1,PP1,PTS,over,2.5,fanduel,1500,True,0.5922261303956287,0.6770089920137654,0.022354303214644457,0.03140428520651372,15.938440465588924,1957.9416666666666,,"draftkings@0.5,pinnacle@0.5,sgo_fair@0.5",v2,False,1.0468644783193533,0.0625,0.027784292409766015,-0.034715707590233985,-0.5554513214437438,-0.009049981991869262,3499.0,35816.0,pass,2026-10-02T21:36:31+00:00,sgo_slate_alt_20261002T213627Z.json
NYR@DET,Andrew Copp,DET,f1,PP1,PTS,over,2.5,fanduel,1400,True,0.621992280201299,0.6797571979007946,0.025343534544809417,0.031725171519959704,17.350846748956222,1679.7833333333333,,"draftkings@0.5,pinnacle@0.5,sgo_fair@0.5",v2,False,1.0468644783193533,0.06666666666666667,0.02917251672989959,-0.03749414993676707,-0.5624122490515061,-0.0063816369751502865,3328.0,23866.0,pass,2026-10-02T21:36:31+00:00,sgo_slate_alt_20261002T213627Z.json
STL@DAL,Connor McMichael,STL,f2,PP2,G,over,2.5,fanduel,22500,True,0.21472215757734742,0.25476904238214276,0.001405787807275795,0.00227950816094491,16.28334807004509,1938.9183333333335,,"fanduel@0.5,sgo_fair@0.5",v2,False,1.0982596332481283,0.004424778761061947,0.0019300200194772642,-0.0024947587415846827,-0.5638154755981384,-0.0008737203536691152,51713.0,,pass,2026-10-02T21:36:31+00:00,sgo_slate_alt_20261002T213627Z.json
WSH@CAR,Jordan Kyrou,WSH,f3,PP2,G,over,2.5,fanduel,22500,True,0.2316693180521986,0.24545932853495947,0.0017435622291328895,0.0020527377427691012,14.636186494925454,1777.7216666666668,,"fanduel@0.5,sgo_fair@0.5",v2,False,1.0982596332481283,0.004424778761061947,0.0019290675373146164,-0.0024957112237473304,-0.5640307365668966,-0.00030917551363621176,51739.0,,pass,2026-10-02T21:36:31+00:00,sgo_slate_alt_20261002T213627Z.json
ANA@VGK,Jackson LaCombe,ANA,d1,PP1,PTS,over,2.5,fanduel,1200,True,0.692941278492353,0.6898456380213238,0.03328842947381439,0.03291783188940537,25.36882371969002,2740.9808333333335,,"draftkings@0.5,pinnacle@0.5,sgo_fair@0.5",v2,False,1.0468644783193533,0.07692307692307693,0.033066070923168975,-0.04385700599990795,-0.5701410779988033,0.00037059758440902146,2924.0,12298.0,pass,2026-10-02T21:36:31+00:00,sgo_slate_alt_20261002T213627Z.json
STL@DAL,Mason McTavish,STL,f2,PP1,A,over,1.5,fanduel,630,True,0.31864495081586414,0.42837359890501314,0.04116885524795949,0.06931755053922248,13.933970658700481,1726.1308333333334,,sgo_fair@0.5,v2,False,1.1032038554164156,0.136986301369863,0.05805807242271728,-0.07892822894714573,-0.5761760713141639,-0.028148695291262987,1622.0,2925.0,pass,2026-10-02T21:36:31+00:00,sgo_slate_alt_20261002T213627Z.json
ANA@VGK,William Karlsson,VGK,f2,PP2,G,over,2.5,fanduel,17500,True,0.2416139457454606,0.26971985582362146,0.0019633503087919044,0.002675071555436371,16.71967523099671,635.2708333333334,,sgo_fair@0.5,v2,False,1.0982596332481283,0.005681818181818182,0.0023903830567785847,-0.0032914351250395973,-0.5792925820069691,-0.0007117212466444668,41734.0,,pass,2026-10-02T21:36:31+00:00,sgo_slate_alt_20261002T213627Z.json
STL@DAL,Pavel Buchnevich,STL,f2,PP2,G,over,2.5,fanduel,20000,True,0.24220184443414666,0.24906471932920501,0.001976855894817829,0.002138808729445106,16.403434835413165,2103.6908333333336,,"fanduel@0.5,sgo_fair@0.5",v2,False,1.0982596332481283,0.004975124378109453,0.0020740275955941955,-0.002901096782515257,-0.5831204532855667,-0.00016195283462727738,48115.0,,pass,2026-10-02T21:36:31+00:00,sgo_slate_alt_20261002T213627Z.json
BOS@WPG,Kyle Connor,WPG,f1,PP1,A,over,2.5,fanduel,1700,True,0.6167284089952926,0.5891455311223271,0.024800062577765083,0.022056597812246042,19.93354117554885,2516.0816666666665,,"draftkings@0.5,pinnacle@0.5,sgo_fair@0.5",v2,False,1.1032038554164156,0.05555555555555555,0.02315398371845366,-0.03240157183710189,-0.5832282930678341,0.0027434647655190415,4219.0,,pass,2026-10-02T21:36:31+00:00,sgo_slate_alt_20261002T213627Z.json
STL@DAL,Mason McTavish,STL,f2,PP1,SOG,over,5.5,draftkings,2000,True,1.9241016767801815,1.9843384943384519,0.01830350645583896,0.020781369898315243,13.933970658700481,1726.1308333333334,,"fanduel@1.5,sgo_fair@1.5",v2,False,1.1182260686839482,0.047619047619047616,0.01979022452132473,-0.027828823097722888,-0.5844052850521807,-0.0024778634424762816,4953.0,,pass,2026-10-02T21:36:31+00:00,sgo_slate_alt_20261002T213627Z.json
ANA@VGK,Beckett Sennecke,ANA,f2,PP1,PTS,over,2.5,fanduel,1060,True,0.6998339954814214,0.7192460457451753,0.03412139056497413,0.03652487522853669,17.087583540737576,1430.5,,"draftkings@0.5,sgo_fair@0.5",v2,False,1.0468644783193533,0.08620689655172414,0.03556348136311167,-0.05064341518861248,-0.5874636161879047,-0.0024034846635625565,2712.0,9367.0,pass,2026-10-02T21:36:31+00:00,sgo_slate_alt_20261002T213627Z.json
NYR@DET,J.T. Miller,NYR,f2,PP1,A,over,2.5,fanduel,2500,True,0.4713244513690242,0.5460637353574559,0.012306791097426321,0.018122424211824657,17.08771264101801,1991.3375,,"draftkings@0.5,pinnacle@0.5,sgo_fair@0.5",v2,False,1.1032038554164156,0.038461538461538464,0.015796170966065323,-0.02266536749547314,-0.5892995548823016,-0.005815633114398335,6231.0,,pass,2026-10-02T21:36:31+00:00,sgo_slate_alt_20261002T213627Z.json
ANA@VGK,Beckett Sennecke,ANA,f2,PP1,G,over,2.5,fanduel,10000,True,0.28208651579607547,0.3279868148590996,0.003032301600481719,0.004607631371397091,17.087583540737576,1430.5,,"fanduel@0.5,sgo_fair@0.5",v2,False,1.0982596332481283,0.009900990099009901,0.003977499463030942,-0.005923490635978959,-0.5982725542338748,-0.0015753297709153722,25041.0,,pass,2026-10-02T21:36:31+00:00,sgo_slate_alt_20261002T213627Z.json
WSH@CAR,Mark Jankowski,CAR,f4,-,G,over,2.5,fanduel,35000,True,0.1632731971690751,0.21777637570768327,0.0006421418910311692,0.0014633142798164862,11.262879036036844,1110.8375,,sgo_fair@0.5,v2,False,1.0982596332481283,0.002849002849002849,0.0011348453243023595,-0.0017141575247004897,-0.6016692911698718,-0.000821172388785317,88018.0,,pass,2026-10-02T21:36:31+00:00,sgo_slate_alt_20261002T213627Z.json
ANA@VGK,Braeden Bowman,VGK,f4,PP2,G,over,2.5,fanduel,35000,True,0.21400815482609853,0.18746295629438353,0.001392548022869989,0.0009546049597302666,12.24312256075149,774.05,,sgo_fair@0.5,v2,False,1.0982596332481283,0.002849002849002849,0.0011297821849861555,-0.0017192206640166937,-0.6034464530698594,0.0004379430631397225,88413.0,,pass,2026-10-02T21:36:31+00:00,sgo_slate_alt_20261002T213627Z.json
ANA@VGK,Shea Theodore,VGK,d1,PP1,G,over,2.5,fanduel,40000,True,0.13777175302366323,0.21357410029820284,0.00039319674669635157,0.0013845377846350869,24.38074349382845,2282.9841666666666,,sgo_fair@0.5,v2,False,1.0982596332481283,0.0024937655860349127,0.0009880013694595928,-0.0015057642165753199,-0.6038114508467033,-0.0009913410379387352,101114.0,,pass,2026-10-02T21:36:31+00:00,sgo_slate_alt_20261002T213627Z.json
BOS@WPG,Elias Lindholm,BOS,f1,PP2,PTS,over,2.5,fanduel,2200,True,0.554893507889071,0.5181676044763479,0.018893915591413693,0.015802686565133953,17.864457827843644,1916.9391666666668,,"draftkings@0.5,pinnacle@0.5,sgo_fair@0.5",v2,False,1.0468644783193533,0.043478260869565216,0.017039178175645847,-0.02643908269391937,-0.6080989019601455,0.0030912290262797397,5769.0,,pass,2026-10-02T21:36:31+00:00,sgo_slate_alt_20261002T213627Z.json
NYR@DET,Gabe Perreault,NYR,not in DF lineup,-,PTS,over,2.5,fanduel,3000,True,0.41731137334154633,0.5015283816425384,0.008886963756084242,0.01450381995739637,15.255362995888913,842.9158333333332,,"draftkings@0.5,pinnacle@0.5,sgo_fair@0.5",v1,False,1.0468644783193533,0.03225806451612903,0.012257077476871518,-0.020000987039257512,-0.6200305982169829,-0.005616856201312128,8059.0,,pass,2026-10-02T21:36:31+00:00,sgo_slate_alt_20261002T213627Z.json
STL@DAL,Miro Heiskanen,DAL,d1,PP1,G,over,2.5,fanduel,40000,True,0.145391353320198,0.2043744033996945,0.00045949523661342886,0.0012215274752093652,25.972927915823785,2527.524166666667,,sgo_fair@0.5,v2,False,1.0982596332481283,0.0024937655860349127,0.0009167145797709907,-0.001577051006263922,-0.6323974535118327,-0.0007620322385959364,108985.0,,pass,2026-10-02T21:36:31+00:00,sgo_slate_alt_20261002T213627Z.json
NYR@DET,Mika Zibanejad,NYR,f1,PP1,A,over,2.5,fanduel,2000,True,0.5196911142011542,0.5488747046120747,0.015924771926417135,0.018366083350818723,19.315568777005215,2422.4325000000003,,"draftkings@0.5,pinnacle@0.5,sgo_fair@0.5",v2,False,1.1032038554164156,0.047619047619047616,0.017389558781058086,-0.03022948883798953,-0.6348192655977802,-0.0024413114244015884,5651.0,,pass,2026-10-02T21:36:31+00:00,sgo_slate_alt_20261002T213627Z.json
WSH@CAR,Cole Hutson,WSH,d2,PP2,PTS,over,2.5,fanduel,3000,True,0.4887109617413447,0.44281480571964255,0.01354625896012849,0.010421186893842702,18.499433137340223,244.4,,"draftkings@0.5,sgo_fair@0.5",v2,False,1.0468644783193533,0.03225806451612903,0.011671215720357018,-0.020586848795772016,-0.6381923126689324,0.003125072066285789,8468.0,,pass,2026-10-02T21:36:31+00:00,sgo_slate_alt_20261002T213627Z.json
ANA@VGK,Rasmus Andersson,VGK,d2,PP2,PTS,over,2.5,fanduel,1800,True,0.5520918749261587,0.535920044204475,0.018647183156164624,0.01725825546178345,21.694549594463403,2772.36,,"draftkings@0.5,pinnacle@0.5,sgo_fair@0.5",v2,False,1.0468644783193533,0.05263157894736842,0.017813826539535917,-0.0348177524078325,-0.6615372957488176,0.0013889276943811757,5514.0,,pass,2026-10-02T21:36:31+00:00,sgo_slate_alt_20261002T213627Z.json
WSH@CAR,Jakob Chychrun,WSH,d1,PP1,A,over,2.5,fanduel,2500,True,0.43325068149505375,0.5072083544045178,0.009829084312208901,0.014940102750766746,21.891377326993766,2568.704166666667,,"draftkings@0.5,pinnacle@0.5,sgo_fair@0.5",v2,False,1.1032038554164156,0.038461538461538464,0.012895695375343609,-0.025565843086194855,-0.6647119202410662,-0.005111018438557845,7655.0,,pass,2026-10-02T21:36:31+00:00,sgo_slate_alt_20261002T213627Z.json
STL@DAL,Connor McMichael,STL,f2,PP2,PTS,over,2.5,fanduel,1700,True,0.5442669696514363,0.5511769192895646,0.01796762966166412,0.01856699671317091,16.28334807004509,1938.9183333333335,,sgo_fair@0.5,v2,False,1.0468644783193533,0.05555555555555555,0.018327249892568193,-0.03722830566298736,-0.6701095019337725,-0.0005993670515067884,5356.0,,pass,2026-10-02T21:36:31+00:00,sgo_slate_alt_20261002T213627Z.json
BOS@WPG,Hampus Lindholm,BOS,d1,PP1,PTS,over,2.5,fanduel,2000,True,0.45869552759109733,0.5507979533264914,0.011449132602631673,0.018533840662117083,21.812503355085678,1626.9141666666667,,"draftkings@0.5,pinnacle@0.5,sgo_fair@0.5",v2,False,1.0468644783193533,0.047619047619047616,0.01569995743832292,-0.031919090180724696,-0.6703008937952186,-0.00708470805948541,6269.0,,pass,2026-10-02T21:36:31+00:00,sgo_slate_alt_20261002T213627Z.json
NYR@DET,Gabe Perreault,NYR,not in DF lineup,-,G,over,2.5,fanduel,20000,True,0.20697237520347758,0.23815395139858134,0.001266261847801351,0.0018850304979857824,15.255362995888913,842.9158333333332,,"fanduel@0.5,sgo_fair@0.5",v1,False,1.0982596332481283,0.004975124378109453,0.0016375230379120096,-0.003337601340197443,-0.6708578693796861,-0.0006187686501844315,60968.0,,pass,2026-10-02T21:36:31+00:00,sgo_slate_alt_20261002T213627Z.json
ANA@VGK,Jackson LaCombe,ANA,d1,PP1,A,over,2.5,fanduel,1500,True,0.5940448994570362,0.5522714888730137,0.022531094126301308,0.018662947089650394,25.36882371969002,2740.9808333333335,,"draftkings@0.5,pinnacle@0.5,sgo_fair@0.5",v2,False,1.1032038554164156,0.0625,0.02021020590431076,-0.04228979409568924,-0.6766367055310278,0.003868147036650914,4848.0,,pass,2026-10-02T21:36:31+00:00,sgo_slate_alt_20261002T213627Z.json
ANA@VGK,Ryan Poehling,ANA,f3,PP2,G,over,2.5,fanduel,35000,True,0.15572485858918564,0.19867069479551722,0.0005602720141473204,0.001126844391462424,12.623491757963661,1554.775,,sgo_fair@0.5,v2,False,1.0982596332481283,0.002849002849002849,0.0009002154405363825,-0.0019487874084664666,-0.6840243803717297,-0.0005665723773151036,110985.0,,pass,2026-10-02T21:36:31+00:00,sgo_slate_alt_20261002T213627Z.json
ANA@VGK,Mikael Granlund,ANA,f2,PP1,A,over,2.5,fanduel,2500,True,0.45383894561162086,0.4683538288493259,0.011128811360920523,0.012101831829879077,18.703895528300663,1838.5333333333333,,"draftkings@0.5,pinnacle@0.5,sgo_fair@0.5",v2,False,1.1032038554164156,0.038461538461538464,0.011712623642295656,-0.026748914819242808,-0.695471785300313,-0.0009730204689585541,8438.0,,pass,2026-10-02T21:36:31+00:00,sgo_slate_alt_20261002T213627Z.json
NYR@DET,Oliver Bjorkstrand,NYR,f2,PP2,G,over,2.5,fanduel,22500,True,0.19333489820615105,0.2201835096859996,0.001042590941330639,0.001509678154697702,13.833854577852438,1656.3891666666668,,sgo_fair@0.5,v2,False,1.0982596332481283,0.004424778761061947,0.0013228432693508769,-0.00310193549171107,-0.7010374211267019,-0.0004670872133670631,75495.0,,pass,2026-10-02T21:36:31+00:00,sgo_slate_alt_20261002T213627Z.json
BOS@WPG,Vladislav Namestnikov,WPG,f4,PP2,G,over,2.5,fanduel,40000,True,0.165913252247487,0.1743533871447801,0.0006724760069980012,0.0007755312826668816,12.035009628550966,1356.2949999999998,,sgo_fair@0.5,v2,False,1.0982596332481283,0.0024937655860349127,0.0007343091723993295,-0.0017594564136355832,-0.705542021867869,-0.00010305527566888042,136082.0,,pass,2026-10-02T21:36:31+00:00,sgo_slate_alt_20261002T213627Z.json
ANA@VGK,Ivan Barbashev,VGK,f1,-,A,over,2.5,fanduel,2000,True,0.5112944068305124,0.45959262592354,0.01525850312061657,0.011508877980563293,16.2984941270241,1875.4308333333333,,"draftkings@0.5,pinnacle@0.5,sgo_fair@0.5",v2,False,1.1032038554164156,0.047619047619047616,0.013008728036584604,-0.03461031958246301,-0.7268167112317233,0.0037496251400532775,7587.0,,pass,2026-10-02T21:36:31+00:00,sgo_slate_alt_20261002T213627Z.json
ANA@VGK,Leo Carlsson,ANA,f1,PP1,A,over,2.5,fanduel,1700,True,0.451496452126341,0.5211638650998891,0.01097618958089029,0.016043294479545334,17.96890196451367,1895.936666666667,,"draftkings@0.5,pinnacle@0.5,sgo_fair@0.5",v2,False,1.1032038554164156,0.05555555555555555,0.014016452520083315,-0.04153910303547224,-0.7477038546385003,-0.005067104898655044,7034.0,,pass,2026-10-02T21:36:31+00:00,sgo_slate_alt_20261002T213627Z.json
STL@DAL,Mason McTavish,STL,f2,PP1,PTS,over,2.5,fanduel,1100,True,0.5243736009829099,0.5773153650349268,0.01630332424173257,0.020933681185991742,13.933970658700481,1726.1308333333334,,sgo_fair@0.5,v2,False,1.0468644783193533,0.08333333333333333,0.019081538408288072,-0.06425179492504526,-0.7710215391005432,-0.004630356944259173,5141.0,,pass,2026-10-02T21:36:31+00:00,sgo_slate_alt_20261002T213627Z.json
ANA@VGK,Beckett Sennecke,ANA,f2,PP1,A,over,2.5,fanduel,2000,True,0.4517982855075325,0.4309502162525598,0.01099578652189759,0.009689673483215836,17.087583540737576,1430.5,,"draftkings@0.5,sgo_fair@0.5",v2,False,1.1032038554164156,0.047619047619047616,0.010212118698688537,-0.03740692892035908,-0.7855455073275407,0.0013061130386817534,9692.0,,pass,2026-10-02T21:36:31+00:00,sgo_slate_alt_20261002T213627Z.json
ANA@VGK,Cutter Gauthier,ANA,f1,PP1,A,over,2.5,fanduel,2200,True,0.35915437459616717,0.42393833323948593,0.005912613987713682,0.009271911142319808,16.623295864485087,1833.5541666666666,,"draftkings@0.5,pinnacle@0.5,sgo_fair@0.5",v2,False,1.1032038554164156,0.043478260869565216,0.007928192280477357,-0.03555006858908786,-0.8176515775490207,-0.0033592971546061254,12513.0,,pass,2026-10-02T21:36:31+00:00,sgo_slate_alt_20261002T213627Z.json
STL@DAL,Mason McTavish,STL,f2,PP1,A,over,2.5,fanduel,2000,True,0.31864495081586414,0.42837359890501314,0.004254240295139209,0.00953490798754558,13.933970658700481,1726.1308333333334,,sgo_fair@0.5,v2,False,1.1032038554164156,0.047619047619047616,0.007422640910583032,-0.04019640670846458,-0.8441245408777563,-0.005280667692406371,13372.0,,pass,2026-10-02T21:36:31+00:00,sgo_slate_alt_20261002T213627Z.json
NYR@DET,Michael Rasmussen,DET,f4,-,G,over,2.5,fanduel,40000,True,0.10850728259379368,0.14518200984449797,0.0001963264342759451,0.00045758457449354483,11.621020733386711,1274.3075,,sgo_fair@0.5,v2,False,1.0982596332481283,0.0024937655860349127,0.00035308131840650493,-0.0021406842676284076,-0.8584143913189916,-0.00026125814021759974,283121.0,,pass,2026-10-02T21:36:31+00:00,sgo_slate_alt_20261002T213627Z.json
ANA@VGK,A.J. Greer,ANA,f1,PP2,A,over,0.5,draftkings,230,False,0.27517721904440073,,0.2405624754937824,,15.256462352579149,1319.1225000000002,,,v2,False,1.1032038554164156,0.30303030303030304,,,,,,,no-market,2026-10-02T21:36:31+00:00,sgo_slate_alt_20261002T213627Z.json
ANA@VGK,A.J. Greer,ANA,f1,PP2,A,over,1.5,draftkings,1600,True,0.27517721904440073,,0.03158256946219759,,15.256462352579149,1319.1225000000002,,,v2,False,1.1032038554164156,0.058823529411764705,,,,,,,no-market,2026-10-02T21:36:31+00:00,sgo_slate_alt_20261002T213627Z.json
ANA@VGK,A.J. Greer,ANA,f1,PP2,G,over,1.5,fanduel,4000,False,0.20920226538399392,,0.019057473722123745,,15.256462352579149,1319.1225000000002,,,v2,False,1.0982596332481283,0.024390243902439025,,,,,,,no-market,2026-10-02T21:36:31+00:00,sgo_slate_alt_20261002T213627Z.json
ANA@VGK,A.J. Greer,ANA,f1,PP2,G,over,2.5,fanduel,25000,True,0.20920226538399392,,0.0013054699711493778,,15.256462352579149,1319.1225000000002,,,v2,False,1.0982596332481283,0.00398406374501992,,,,,,,no-market,2026-10-02T21:36:31+00:00,sgo_slate_alt_20261002T213627Z.json
