game,player,unit,market,side,line,book,odds,mu,p_v2,implied,edge,gp,ev,mu_mkt,mu_rel,p_rel,edge_raw
FLA@SJS,Carter Verhaeghe,f2,SOG,over,2.5,fanduel,148,2.567051264421147,0.46309129693473033,0.4032258064516129,0.12149008659898597,232,0.30129541476548516,2.2689190666700876,2.839969531621523,0.5247158930505988,0.059865490483117456
EDM@VAN,Mattias Ekholm,d1,SOG,under,1.5,draftkings,120,1.388374650513181,0.6012033853613099,0.45454545454545453,0.0990281854037825,226,0.21786200788832155,1.9966673331296392,1.5359808978424208,0.553573639949237,0.14665793081585538
CHI@UTA,Vincent Trocheck,f1,SOG,over,1.5,draftkings,-125,2.0787006420104355,0.5986184218825483,0.5555555555555556,0.09434426772914595,227,0.16981968191246266,1.8498822369404062,2.299699491978367,0.6498998232847015,0.043062866326992744
BUF@CBJ,Rasmus Dahlin,d1,SOG,under,2.5,fanduel,102,2.1377425354378183,0.6418935052801454,0.49504950495049505,0.09023680224880071,227,0.1822783405425774,2.8629514886515257,2.365018475181775,0.5852863071992958,0.1468440003296504
FLA@SJS,Carter Verhaeghe,f2,SOG,over,2.5,draftkings,130,2.567051264421147,0.46309129693473033,0.43478260869565216,0.08993328435494669,232,0.2068465540163773,2.2689190666700876,2.839969531621523,0.5247158930505988,0.028308688239078172
CHI@UTA,Nick Schmaltz,f1,SOG,over,2.5,fanduel,128,2.5806051907863012,0.46625828992879703,0.43859649122807015,0.0893679687312024,239,0.2037589687071415,2.3795429899007274,2.8549644553475826,0.5279644599592725,0.02766179870072688
PHI@NJD,Anthony Mantha,f1,PTS,over,0.5,draftkings,110,0.807426090456037,0.5539954344949404,0.47619047619047616,0.08923939525413083,168,0.1874027300336747,0.5903376866938638,0.8333979467125777,0.565429871444607,0.07780495830446421
EDM@VAN,Jake DeBrusk,f1,SOG,under,2.5,fanduel,108,2.1967213022762637,0.6270253487603833,0.4807692307692308,0.088664801982346,240,0.1844227881232796,2.8848316047913203,2.4302676204385465,0.5694340327515768,0.1462561179911525
FLA@SJS,Igor Chernyshov,f2,PTS,over,0.5,draftkings,130,0.7174572464112129,0.5120084780880785,0.43478260869565216,0.08835873203717753,28,0.2032250836855083,0.520714455895238,0.7405351438116811,0.5231413407328297,0.07722586939242632
SEA@CGY,Brandon Montour,d2,SOG,under,2.5,draftkings,115,2.25733123224522,0.6118657724117531,0.46511627906976744,0.08824810389804422,208,0.18973342338079502,2.962497696638235,2.4973213473396196,0.5533643829678117,0.14674949334198567
CHI@UTA,Dylan Guenther,f2,A,over,0.5,fanduel,176,0.5724951847159299,0.43588389272925326,0.36231884057971014,0.08774245156420402,190,0.24216916631720298,0.4443271412001745,0.5979484472272094,0.45006129214391416,0.07356505214954312
CHI@UTA,Dylan Guenther,f2,PTS,over,0.5,draftkings,-160,1.1690249795690082,0.6893302970502482,0.6153846153846154,0.08541091970654913,190,0.13879274452314228,0.8560506514967985,1.206628110169511,0.7007955350911645,0.07394568166563276
CHI@UTA,Dylan Guenther,f2,PTS,over,0.5,fanduel,-160,1.1690249795690082,0.6893302970502482,0.6153846153846154,0.08541091970654913,190,0.13879274452314228,0.8560506514967985,1.206628110169511,0.7007955350911645,0.07394568166563276
MIN@NSH,Jonathan Marchessault,f3,SOG,over,1.5,fanduel,-160,2.2941722075431628,0.6486902365944993,0.6153846153846154,0.08327753724243137,218,0.13532599801895095,1.9789672299752739,2.538079102672165,0.6986621526270468,0.033305621209883896
MIN@NSH,Jonathan Marchessault,f3,SOG,over,1.5,draftkings,-160,2.2941722075431628,0.6486902365944993,0.6153846153846154,0.08327753724243137,218,0.13532599801895095,1.9789672299752739,2.538079102672165,0.6986621526270468,0.033305621209883896
EDM@VAN,Elias Pettersson,f1,SOG,under,2.5,draftkings,-160,1.7363411197002827,0.744506401528316,0.6153846153846154,0.08183186557110012,221,0.1329767815530376,2.2283278549797423,1.9209417220432277,0.6972164809557155,0.12912178614370062
SEA@CGY,Matvei Gridin,f1,SOG,under,2.5,draftkings,-120,1.9981989785319036,0.6774185660530583,0.5454545454545454,0.07807827840846882,37,0.1431435104155261,2.6309751032807354,2.210639224778977,0.6235328238630142,0.13196402059851287
BUF@CBJ,Charlie Coyle,f3,SOG,over,1.5,draftkings,-115,1.9267763709533217,0.5598018406433708,0.5348837209302325,0.07656744528051729,243,0.14314783248096719,1.6957745597662717,2.1316232611309456,0.6114511662107498,0.024918119713138287
PHI@NJD,Brett Pesce,d1,SOG,under,1.5,draftkings,-135,1.1229482608774737,0.6921689986767141,0.574468085106383,0.07606656811115575,175,0.1324121741194193,1.596879568299651,1.2423354728751521,0.6505346532175388,0.11770091357033108
FLA@SJS,Mason Marchment,f1,SOG,over,1.5,fanduel,-130,2.039634649010378,0.5889184766796378,0.5652173913043478,0.07512606883805228,209,0.13291535255963094,1.8514622830608118,2.2564801642694126,0.6403434601424001,0.023701085375290032
CHI@UTA,Nick Schmaltz,f1,G,over,0.5,fanduel,220,0.4902028167572638,0.3874978441150363,0.3125,0.07399996725081137,239,0.23679989520259648,0.34593196030966256,0.4885749614502618,0.38649996725081137,0.0749978441150363
SEA@CGY,Vince Dunn,d1,PTS,under,0.5,draftkings,-115,0.4814890095088563,0.6178627030790624,0.5348837209302325,0.07348343920721023,199,0.1373820819960887,0.7029801014761843,0.4969766974742096,0.6083671601374427,0.08297898214882993
CHI@UTA,Nick Schmaltz,f1,SOG,over,2.5,draftkings,120,2.5806051907863012,0.46625828992879703,0.45454545454545453,0.07341900541381802,239,0.1615218119103996,2.3795429899007274,2.8549644553475826,0.5279644599592725,0.011712835383342501
BUF@CBJ,Rasmus Dahlin,d1,SOG,under,2.5,draftkings,-105,2.1377425354378183,0.6418935052801454,0.5121951219512195,0.07309118524807623,227,0.14270183786529178,2.8629514886515257,2.365018475181775,0.5852863071992958,0.12969838332892591
SEA@CGY,Vince Dunn,d1,A,under,0.5,draftkings,-155,0.36807936926847384,0.6920622510342533,0.6078431372549019,0.07298575807717123,199,0.12007334393341074,0.568259068548668,0.38444425942143723,0.6808288953320731,0.08421911377935143
MIN@NSH,Ryan O'Reilly,f1,SOG,over,1.5,fanduel,-144,2.1241463305912687,0.6096595237030279,0.5901639344262295,0.0705708326746941,238,0.11957835536545391,1.9658912490287155,2.349976778101139,0.6607347671009236,0.019495589276798397
FLA@SJS,Tyler Toffoli,f2,PTS,over,0.5,draftkings,150,0.6160914841826397,0.45994888375059206,0.4,0.07054591246530562,233,0.17636478116326404,0.4700036292453683,0.6359088267941881,0.47054591246530564,0.05994888375059204
MIN@NSH,Jonathan Marchessault,f3,PTS,over,0.5,draftkings,135,0.6572545266939823,0.4817277142669726,0.425531914893617,0.06703779116906017,218,0.15753880924729136,0.504132776257893,0.6783959293474631,0.4925697060626772,0.05619579937335556
FLA@SJS,Sam Bennett,f2,SOG,over,2.5,draftkings,110,2.6437450242271376,0.4808705594791727,0.47619047619047616,0.06670953870929097,221,0.14009003128951103,2.4955311360854417,2.924817054588162,0.5429000148997671,0.004680083288696513
FLA@SJS,Sam Bennett,f2,SOG,over,2.5,fanduel,110,2.6437450242271376,0.4808705594791727,0.47619047619047616,0.06670953870929097,221,0.14009003128951103,2.4955311360854417,2.924817054588162,0.5429000148997671,0.004680083288696513
BUF@CBJ,Josh Doan,f1,SOG,under,2.5,fanduel,-160,1.7908020572154768,0.7305899473177537,0.6153846153846154,0.06638701637879385,140,0.10787890161553992,2.363294408662375,1.981192721059241,0.6817716317634093,0.11520533193313831
MIN@NSH,Jonathan Marchessault,f3,A,over,0.5,draftkings,250,0.4143713483071942,0.33924446474816305,0.2857142857142857,0.06559185830311903,218,0.22957150406091653,0.31121256986197504,0.43279439008500287,0.35130614401740473,0.053530179033877356
CHI@UTA,Dylan Guenther,f2,A,over,0.5,draftkings,160,0.5724951847159299,0.43588389272925326,0.38461538461538464,0.06544590752852952,190,0.17015935957417683,0.4443271412001745,0.5979484472272094,0.45006129214391416,0.05126850811386863
PHI@NJD,Arseny Gritsyuk,f3,SOG,over,1.5,draftkings,-130,1.992958375119617,0.5770741288611391,0.5652173913043478,0.06341007423545542,66,0.11218705441657506,1.8195138911295754,2.204841462099094,0.6286274655398032,0.011856737556791286
PHI@NJD,Trevor Zegras,f1,SOG,over,1.5,fanduel,-118,1.893516215907534,0.5509090173007453,0.5412844036697247,0.06128175666166236,167,0.11321544874781697,1.743953057960241,2.0948270240412494,0.6025661603313871,0.009624613631020518
BUF@CBJ,Kent Johnson,f1,PTS,under,0.5,draftkings,-125,0.4683002985544448,0.626065488864387,0.5555555555555556,0.061149897097206196,182,0.11006981477497124,0.6641596436866928,0.4833637553620911,0.6167054526527618,0.07050993330883137
EDM@VAN,Kasperi Kapanen,f2,PTS,under,0.5,draftkings,-130,0.4540873742187047,0.6350272458124188,0.5652173913043478,0.06060187923022908,178,0.10721870940732847,0.645107203972583,0.4686936547817433,0.6258192705345769,0.06980985450807098
CHI@UTA,Tyler Bertuzzi,f1,SOG,over,1.5,fanduel,-138,2.0374852350545587,0.5883791562478407,0.5798319327731093,0.0599791690389716,238,0.10344233500924083,1.916483897734161,2.254102233516734,0.6398111018120809,0.008547223474731358
MIN@NSH,Blake Coleman,f1,SOG,over,2.5,fanduel,146,2.333240542612951,0.406921580837541,0.4065040650406504,0.059916527659755525,226,0.14739465804299856,2.319743056291925,2.581301021450012,0.4664205927004059,0.0004175157968905885
FLA@SJS,Tyler Toffoli,f2,A,over,0.5,draftkings,285,0.3685562541766139,0.3082677043271389,0.2597402597402597,0.05976987272548279,233,0.23011400999310871,0.27827971977339067,0.3849423467380492,0.3195101324657425,0.04852744458687919
BUF@CBJ,Charlie Coyle,f3,PTS,over,0.5,draftkings,105,0.7664702148707189,0.5353497072201931,0.4878048780487805,0.05886046757765806,243,0.12066395853419909,0.6077183327815403,0.7911246748650682,0.5466653456264385,0.04754482917141267
SEA@CGY,Brandon Montour,d2,SOG,under,2.5,fanduel,102,2.25733123224522,0.6118657724117531,0.49504950495049505,0.05831487801731661,208,0.11779605359497958,2.962497696638235,2.4973213473396196,0.5533643829678117,0.11681626746125806
CHI@UTA,John Marino,d2,A,over,0.5,draftkings,225,0.43567048735127767,0.35316917023670136,0.3076923076923077,0.05788541489678534,190,0.1881275984145523,0.34142274178106913,0.45504049356097465,0.36557772258909305,0.04547686254439365
EDM@VAN,Jake DeBrusk,f1,SOG,under,2.5,draftkings,-105,2.1967213022762637,0.6270253487603833,0.5121951219512195,0.05723891080035726,240,0.11175215918164993,2.8848316047913203,2.4302676204385465,0.5694340327515768,0.11483022680916377
PHI@NJD,Trevor Zegras,f1,SOG,over,1.5,draftkings,-120,1.893516215907534,0.5509090173007453,0.5454545454545454,0.05711161487684169,167,0.10470462727420982,1.743953057960241,2.0948270240412494,0.6025661603313871,0.005454471846199849
SEA@CGY,Matt Coronato,f1,PTS,under,0.5,draftkings,110,0.6097072157153932,0.5435099769609999,0.47619047619047616,0.05676403652469497,188,0.11920447670185941,0.8153648132841949,0.629319200455931,0.5329545127151711,0.06731950077052373
FLA@SJS,Mason Marchment,f1,PTS,over,0.5,draftkings,100,0.7875799095060405,0.5450555291223393,0.5,0.05643609220701307,209,0.11287218441402613,0.6337237600891448,0.8129133888696777,0.5564360922070131,0.045055529122339344
CHI@UTA,Vincent Trocheck,f1,SOG,over,1.5,fanduel,-146,2.0787006420104355,0.5986184218825483,0.5934959349593496,0.056403888325351925,227,0.09503668854819569,1.8498822369404062,2.299699491978367,0.6498998232847015,0.005122486923198721
PHI@NJD,Dougie Hamilton,d2,SOG,under,2.5,fanduel,-148,1.892239209496556,0.7045810361643999,0.5967741935483871,0.05635867480156953,161,0.09443886047830574,2.4729337169356462,2.0934142515932943,0.6531328683499567,0.10780684261601281
FLA@SJS,Anton Lundell,f3,SOG,over,1.5,draftkings,-135,2.000080838296577,0.5788994872440267,0.574468085106383,0.0559682980309697,219,0.09742629657242863,1.8429642558531822,2.2127211560861264,0.6304363831373527,0.004431402137643703
FLA@SJS,Anton Lundell,f3,SOG,over,1.5,fanduel,-135,2.000080838296577,0.5788994872440267,0.574468085106383,0.0559682980309697,219,0.09742629657242863,1.8429642558531822,2.2127211560861264,0.6304363831373527,0.004431402137643703
PHI@NJD,Dougie Hamilton,d2,SOG,under,2.5,draftkings,-150,1.892239209496556,0.7045810361643999,0.6,0.053132868349956675,161,0.08855478058326116,2.4729337169356462,2.0934142515932943,0.6531328683499567,0.10458103616439995
FLA@SJS,Alexander Wennberg,f3,PTS,over,0.5,draftkings,110,0.7299679779975747,0.5180755779718687,0.47619047619047616,0.053069026775928174,233,0.11144495622944928,0.5842530923208828,0.7534482985130078,0.5292595029664043,0.041885101781392486
EDM@VAN,Vasily Podkolzin,f1,PTS,under,0.5,draftkings,120,0.657967609551447,0.5179028463866593,0.45454545454545453,0.05251149793320248,180,0.11552529545304546,0.8560506514967985,0.6791319493947113,0.507056952478657,0.06335739184120476
PHI@NJD,Travis Konecny,f2,SOG,over,1.5,fanduel,-135,1.9851476066581821,0.5750649045594447,0.574468085106383,0.05216685341123661,233,0.09080896704918962,1.8498560416280811,2.196200285058157,0.6266349385176196,0.00059681945306167
FLA@SJS,Tyler Toffoli,f2,SOG,over,1.5,draftkings,-135,1.9845773642150453,0.5749179106356764,0.574468085106383,0.05202102356430316,233,0.09055511509341652,1.851601329048233,2.195569416798301,0.6264891086706862,0.0004498255292934017
FLA@SJS,Seth Jones,d2,SOG,over,1.5,fanduel,-115,1.835578107103769,0.5350780471596861,0.5348837209302325,0.051796406329288724,179,0.0968367596591051,1.7333595041821845,2.0307291752748484,0.5866801272595212,0.00019432622945358968
BUF@CBJ,Charlie Coyle,f3,PTS,over,0.5,fanduel,102,0.7664702148707189,0.5353497072201931,0.49504950495049505,0.05161584067594349,243,0.10426399816540588,0.6077183327815403,0.7911246748650682,0.5466653456264385,0.040300202269698104
SEA@CGY,Brandon Montour,d2,PTS,under,0.5,draftkings,-150,0.4154123746803419,0.6600680292314756,0.6,0.051306700124821414,208,0.0855111668747024,0.5842530923208828,0.4287746261729738,0.6513067001248214,0.060068029231475584
PHI@NJD,Porter Martone,f1,SOG,under,2.5,draftkings,-160,1.8486097748771706,0.7157753100099982,0.6153846153846154,0.05003856608245538,10,0.08131266988398989,2.4298434254190306,2.045146316036944,0.6654231814670708,0.10039069462538275
MIN@NSH,Matt Boldy,f1,SOG,under,3.5,draftkings,-125,2.8984494187835854,0.6687258055325401,0.5555555555555556,0.049845892485872234,230,0.08972260647456998,3.526970687591097,3.206600566330196,0.6054014480414278,0.11317024997698455
MIN@NSH,Roman Josi,d1,SOG,under,2.5,fanduel,108,2.3448314030495276,0.5902310601129014,0.4807692307692308,0.04982417284349111,203,0.10363427951446158,2.894705968897174,2.5941241742017267,0.5305934036127219,0.1094618293436706
SEA@CGY,Matvei Gridin,f1,SOG,under,2.5,fanduel,-135,1.9981989785319036,0.6774185660530583,0.574468085106383,0.0490647387566312,37,0.08540898968746902,2.6309751032807354,2.210639224778977,0.6235328238630142,0.10295048094667525
FLA@SJS,Mason Marchment,f1,SOG,over,1.5,draftkings,-145,2.039634649010378,0.5889184766796378,0.5918367346938775,0.048506725448522525,209,0.08195963955095187,1.8514622830608118,2.2564801642694126,0.6403434601424001,-0.0029182580142397274
CHI@UTA,Frank Nazar,f3,SOG,over,1.5,draftkings,-135,1.9686364858379926,0.5707918921084748,0.574468085106383,0.0479244896144686,119,0.08342411155111207,1.8587538131559047,2.177933770200366,0.6223925747208516,-0.003676192997908223
CHI@UTA,Vincent Trocheck,f1,A,over,0.5,draftkings,155,0.5549463267367857,0.4258969256450707,0.39215686274509803,0.047731612168830206,227,0.12171561103051709,0.4567272784507173,0.5796193631416432,0.43988847491392824,0.03374006289997267
EDM@VAN,Isaac Howard,f4,SOG,under,1.5,draftkings,110,1.475483922782416,0.5728004734073178,0.47619047619047616,0.04764920017632379,30,0.10006332037027987,1.9055394884277386,1.632351267454862,0.5238396763668,0.0966099972168416
EDM@VAN,Colton Dach,f2,SOG,under,1.5,draftkings,-145,1.1532579474344056,0.6815081281131374,0.5918367346938775,0.047198411166735066,87,0.07974903955758683,1.5532006419767814,1.2758675598761864,0.6390351458606126,0.08967139341925989
FLA@SJS,Tyler Toffoli,f2,SOG,over,1.5,fanduel,-138,1.9845773642150453,0.5749179106356764,0.5798319327731093,0.0466571758975769,233,0.0804667236494443,1.851601329048233,2.195569416798301,0.6264891086706862,-0.004914022137432861
FLA@SJS,Anton Lundell,f3,PTS,over,0.5,draftkings,130,0.6354634298363621,0.4703100427014707,0.43478260869565216,0.04624463765381687,219,0.10636266660377869,0.520714455895238,0.6559038949774832,0.48102724634946903,0.03552743400581854
BUF@CBJ,Josh Doan,f1,SOG,under,2.5,draftkings,-175,1.7908020572154768,0.7305899473177537,0.6363636363636364,0.045407995399772916,140,0.07135542134250028,2.363294408662375,1.981192721059241,0.6817716317634093,0.09422631095411738
SEA@CGY,Yegor Sharangovich,f3,PTS,under,0.5,draftkings,-170,0.38230379136419307,0.6822877485923917,0.6296296296296297,0.04431921816406681,230,0.07038934649587092,0.5340824859302583,0.3946010644310485,0.6739488477936965,0.05265811896276207
BUF@CBJ,Kent Johnson,f1,A,under,0.5,draftkings,-230,0.2867814257078488,0.7506757893360003,0.696969696969697,0.04419546245249828,182,0.06341088091010616,0.4261829806119048,0.29953179131227375,0.7411651594221953,0.053706092366303304
SEA@CGY,Simon Nemec,d1,A,under,0.5,draftkings,-290,0.22929501807301,0.7950939318212994,0.7435897435897436,0.04343977362150697,153,0.058419005904785326,0.3555248575554951,0.23948952528172457,0.7870295172112506,0.05150418823155578
PHI@NJD,Anthony Mantha,f1,SOG,over,1.5,draftkings,-115,1.8057763246899745,0.5267669671015897,0.5348837209302325,0.04342143193551229,168,0.08117919883595781,1.712430511754708,1.9977589906835893,0.5783051528657448,-0.008116753828642853
PHI@NJD,Travis Konecny,f2,SOG,over,1.5,draftkings,-140,1.9851476066581821,0.5750649045594447,0.5833333333333334,0.043301605184286274,233,0.07423132317306225,1.8498560416280811,2.196200285058157,0.6266349385176196,-0.00826842877388867
BUF@CBJ,Josh Doan,f1,PTS,under,0.5,draftkings,-115,0.5310051981574712,0.588013602317841,0.5348837209302325,0.043171639610045776,140,0.08071219579269417,0.6931471805599455,0.5480856354148708,0.5780553605402783,0.053129881387608546
CHI@UTA,Anders Lee,f2,SOG,over,1.5,draftkings,-160,2.1123431390539618,0.6068169271973741,0.6153846153846154,0.04256501297224058,241,0.06916814607989097,2.0007305394612445,2.3369187200847548,0.657949628356856,-0.008567688187241296
SEA@CGY,Matt Coronato,f1,A,under,0.5,draftkings,-175,0.3708377303355829,0.690155923843037,0.6363636363636364,0.04250661478356388,188,0.0667961089456004,0.5296941080703739,0.3873252578315606,0.6788702511472002,0.05379228747940068
FLA@SJS,Matthew Tkachuk,f2,SOG,over,2.5,fanduel,-114,2.7832673834059003,0.5122982420961402,0.5327102803738317,0.0420157228630742,164,0.07887162011138482,2.7611045769381657,3.07917285360918,0.5747260032369059,-0.020412038277691558
CHI@UTA,Logan Cooley,f2,PTS,over,0.5,draftkings,-135,0.9272719973033238,0.6043684765724834,0.574468085106383,0.041526584400368605,207,0.07228701728953046,0.7649729151312009,0.9570988449979224,0.6159946695067516,0.02990039146610035
FLA@SJS,Seth Jones,d2,SOG,over,1.5,draftkings,-120,1.835578107103769,0.5350780471596861,0.5454545454545454,0.04122558180497582,179,0.07558023330912245,1.7333595041821845,2.0307291752748484,0.5866801272595212,-0.010376498294859315
CHI@UTA,Dylan Guenther,f2,G,over,0.5,fanduel,160,0.555508893882918,0.4262198063436445,0.38461538461538464,0.04054497968285048,190,0.10541694717541117,0.4443271412001745,0.5536641715147846,0.4251603642982351,0.041604421728259844
FLA@SJS,Aleksander Barkov,f1,SOG,over,2.5,draftkings,140,2.2959541283368776,0.39772275629723247,0.4166666666666667,0.040084620010917615,138,0.09620308802620237,2.227190029436651,2.540050469910542,0.4567512866775843,-0.018943910369434214
MIN@NSH,Maxim Shabanov,f2,PTS,under,0.5,draftkings,-125,0.5023762952655055,0.6050910748942865,0.5555555555555556,0.03983609810016486,44,0.07170497658029684,0.6641596436866928,0.5185358485441962,0.5953916536557204,0.049535519338730905
FLA@SJS,Sam Bennett,f2,A,over,0.5,draftkings,210,0.4306960138459184,0.3499435110852805,0.3225806451612903,0.039692269998356844,221,0.12304603699490624,0.36169908727958544,0.4498448538635361,0.36227291515964716,0.027362865923990176
CHI@UTA,Frank Nazar,f3,SOG,over,1.5,fanduel,-140,1.9686364858379926,0.5707918921084748,0.5833333333333334,0.03905924138751826,119,0.06695869952145994,1.8587538131559047,2.177933770200366,0.6223925747208516,-0.012541441224858563
FLA@SJS,Carter Verhaeghe,f2,PTS,over,0.5,draftkings,100,0.7495931799738332,0.527441239991407,0.5,0.038699114719479843,232,0.07739822943895969,0.6261364702769852,0.7737047693208754,0.5386991147194798,0.027441239991407018
BUF@CBJ,Kent Johnson,f1,SOG,under,1.5,fanduel,116,1.5456372407081707,0.5505440977767266,0.46296296296296297,0.03775961554290702,182,0.08156076957267921,1.9447154786750995,1.7099629958268807,0.50072257850587,0.08758113481376367
CHI@UTA,Anders Lee,f2,SOG,over,1.5,fanduel,-164,2.1123431390539618,0.6068169271973741,0.6212121212121212,0.03673750714473478,241,0.059138426135426636,2.0007305394612445,2.3369187200847548,0.657949628356856,-0.014395194014747092
SEA@CGY,Brandon Montour,d2,A,under,0.5,draftkings,-245,0.27947852719680305,0.756177964901462,0.7101449275362319,0.03669514906453886,208,0.05167276092761597,0.4074068562910736,0.29190420431849934,0.7468400766007708,0.04603303736523012
SEA@CGY,Simon Nemec,d1,PTS,under,0.5,draftkings,-210,0.32687681548877645,0.7211725748462828,0.6774193548387096,0.03621025033881853,153,0.0534532266906369,0.4567272784507173,0.3373912115007698,0.7136296051775282,0.0437532200075732
CHI@UTA,Frank Nazar,f3,A,over,0.5,draftkings,300,0.32233794322520043,0.275546675136191,0.25,0.035854931037142934,119,0.14341972414857174,0.2666286632539486,0.3366691594612427,0.28585493103714293,0.02554667513619102
CHI@UTA,Frank Nazar,f3,PTS,over,0.5,draftkings,150,0.5544536930158435,0.4256140334359473,0.4,0.03576721881481154,119,0.08941804703702894,0.4669501917585635,0.5722883800368963,0.43576721881481156,0.02561403343594726
BUF@CBJ,Kent Johnson,f1,SOG,under,1.5,draftkings,115,1.5456372407081707,0.5505440977767266,0.46511627906976744,0.03560629943610255,182,0.07655354378762058,1.9447154786750995,1.7099629958268807,0.50072257850587,0.0854278187069592
CHI@UTA,Anders Lee,f2,A,over,0.5,draftkings,310,0.31345600259876283,0.269083463275692,0.24390243902439024,0.03529666221128491,241,0.14471631506626825,0.26090395337038796,0.3273923257904444,0.27919910123567515,0.025181024251301753
BUF@CBJ,Josh Doan,f1,A,under,0.5,draftkings,-250,0.27621758021006065,0.7586478460446044,0.7142857142857143,0.03510238362437346,140,0.04914333707412277,0.39959998865576585,0.28849827490761637,0.7493880979100878,0.044362131758890144
MIN@NSH,Maxim Shabanov,f2,SOG,under,1.5,draftkings,110,1.513640958211068,0.5606243925970811,0.47619047619047616,0.034982273208111314,44,0.0734627737370337,1.9181990362086143,1.6745650009849598,0.5111727493985875,0.08443391640660491
FLA@SJS,Aleksander Barkov,f1,SOG,over,1.5,fanduel,-198,2.2959541283368776,0.6490805918660714,0.6644295302013423,0.034608921592526376,138,0.05208817492208517,2.227190029436651,2.540050469910542,0.6990384517938687,-0.015348938335270956
EDM@VAN,Brock Boeser,f2,SOG,under,2.5,fanduel,-146,1.9820488174169233,0.6815524147670766,0.5934959349593496,0.03452160523147496,228,0.05816654032152635,2.4685084864115976,2.1927720453684927,0.6280175401908246,0.08805647980772702
TBL@NYR,Alexis Lafrenière,f1,SOG,over,1.5,draftkings,-170,2.1383071244112117,0.6130468413045765,0.6296296296296297,0.03441999444772437,243,0.05466705000520933,2.1183913621176194,2.3656430889183797,0.664049624077354,-0.01658278832505311
FLA@SJS,Carter Verhaeghe,f2,PTS,over,0.5,fanduel,-102,0.7495931799738332,0.527441239991407,0.504950495049505,0.03374861966997489,232,0.06683550169936203,0.6261364702769852,0.7737047693208754,0.5386991147194798,0.022490744941902063
TBL@NYR,Pavel Dorofeyev,f2,SOG,over,2.5,fanduel,-114,2.7445204661212608,0.5036930645329702,0.5327102803738317,0.03334196115483867,210,0.06258929550118841,2.7280222443681392,3.0363065244252754,0.5660522415286704,-0.029017215840861477
PHI@NJD,Owen Tippett,f1,SOG,under,2.5,draftkings,-110,2.2440754828550946,0.6151699473069956,0.5238095238095238,0.033049381624341456,234,0.06309427401010637,2.683733967668421,2.482656301530628,0.5568589054338653,0.09136042349747175
BUF@CBJ,Ryan McLeod,f3,A,over,0.5,draftkings,255,0.360770025483464,0.3028606956924965,0.28169014084507044,0.03226340806898126,237,0.11453509864488343,0.30743867088785715,0.37680994059539297,0.3139535489140517,0.021170554847426082
TBL@NYR,Pavel Dorofeyev,f2,A,over,0.5,draftkings,255,0.36062380233829877,0.30275875033759864,0.28169014084507044,0.03215862413209819,210,0.11416311566894866,0.30743867088785715,0.37665721633685867,0.3138487649771686,0.0210686094925282
FLA@SJS,Igor Chernyshov,f2,A,over,0.5,draftkings,240,0.37781841301424873,0.3146450590949469,0.29411764705882354,0.03194377522390962,28,0.10860883576129265,0.3244316146605224,0.3946163032057942,0.32606142228273316,0.02052741203612335
SEA@CGY,Jordan Eberle,f2,PTS,under,0.5,draftkings,-105,0.5896879389786103,0.5545002956667457,0.5121951219512195,0.03188651308129353,197,0.06225462077776367,0.7436119744858549,0.6086559789867281,0.5440816350325131,0.04230517371552622
PHI@NJD,Luke Hughes,d1,SOG,under,2.5,fanduel,-178,1.8265764814241205,0.7214254047954529,0.6402877697841727,0.03135922832817606,217,0.048976772332769425,2.199431307839295,2.0207705340043836,0.6716469981123487,0.08113763501128024
CHI@UTA,Vincent Trocheck,f1,PTS,over,0.5,draftkings,-120,0.8327331779125409,0.5651408867383494,0.5454545454545454,0.031179811034751093,227,0.05716298689704358,0.6931471805599455,0.8595190678564508,0.5766343564892965,0.019686341283803976
TBL@NYR,Pavel Dorofeyev,f2,SOG,over,2.5,draftkings,-115,2.7445204661212608,0.5036930645329702,0.5348837209302325,0.031168520598437888,210,0.05827158198838389,2.7280222443681392,3.0363065244252754,0.5660522415286704,-0.031190656397262262
MIN@NSH,Ryan O'Reilly,f1,SOG,over,1.5,draftkings,-170,2.1241463305912687,0.6096595237030279,0.6296296296296297,0.031105137471293953,238,0.04940227716029044,1.9658912490287155,2.349976778101139,0.6607347671009236,-0.019970105926601756
CHI@UTA,Barrett Hayton,f3,SOG,over,1.5,draftkings,105,1.6063647749836543,0.46825322926586516,0.4878048780487805,0.030870705292667333,178,0.06328494584996802,1.5423649318239825,1.7771468302376692,0.5186755833414478,-0.01955164878291532
TBL@NYR,Pavel Dorofeyev,f2,PTS,over,0.5,draftkings,-110,0.7835853131795746,0.5432345750433708,0.5238095238095238,0.03079394017114323,210,0.058788431235818894,0.6641596436866928,0.8087903014245569,0.5546034639806671,0.01942505123384697
CHI@UTA,John Marino,d2,PTS,over,0.5,draftkings,170,0.49668240808550024,0.3914537775161077,0.37037037037037035,0.030728534089144943,190,0.08296704204069139,0.4261829806119048,0.5126588104589526,0.4010989044595153,0.021083407145737365
BUF@CBJ,Konsta Helenius,f3,SOG,under,1.5,draftkings,-130,1.2698880980991323,0.6410787296710747,0.5652173913043478,0.03053594309927299,9,0.05402513009871379,1.6298197976866453,1.4048973455088238,0.5957533344036208,0.07586133836672693
CHI@UTA,MacKenzie Weegar,d1,SOG,under,1.5,draftkings,125,1.6269814179578481,0.5254668040958917,0.4444444444444444,0.03042523566571953,239,0.06845678024786905,2.039102657422228,1.7999553493749885,0.47486968011016395,0.08102235965144733
SEA@CGY,Vince Dunn,d1,SOG,under,2.5,fanduel,-152,1.9620783956911252,0.6866681911378436,0.6031746031746031,0.03040287681114362,199,0.05040476945005379,2.420163711225885,2.17067845104844,0.6335774799857468,0.08349358796324047
SEA@CGY,Adam Larsson,d1,SOG,under,1.5,draftkings,-110,1.3874255953177328,0.6015172972002226,0.5238095238095238,0.03009418673322406,242,0.057452538308882195,1.7632348313648551,1.5349309430260691,0.5539037105427479,0.07770777339069879
EDM@VAN,Vasily Podkolzin,f1,A,under,0.5,draftkings,-200,0.3467623408360043,0.7069733269835985,0.6666666666666666,0.02949074976225896,180,0.04423612464338844,0.4776275543566874,0.3621794711909158,0.6961574164289256,0.040306660316931864
FLA@SJS,Sam Bennett,f2,A,over,0.5,fanduel,200,0.4306960138459184,0.3499435110852805,0.3333333333333333,0.028939581826313843,221,0.08681874547894153,0.36169908727958544,0.4498448538635361,0.36227291515964716,0.016610177751947175
FLA@SJS,Mason Marchment,f1,A,over,0.5,draftkings,185,0.45714964148551357,0.3669144028950098,0.3508771929824561,0.02877477448209048,209,0.0820081072739578,0.39959998865576585,0.4774746156378147,0.3796519674645466,0.016037209912553696
PHI@NJD,Anthony Mantha,f1,A,over,0.5,draftkings,225,0.3926924961127209,0.32476364653178696,0.3076923076923077,0.02875810452415234,168,0.09346383970349503,0.33921572256696386,0.41015169132800705,0.33645041221646005,0.017071338839479255
MIN@NSH,Ryan O'Reilly,f1,A,over,0.5,fanduel,144,0.5524716462366328,0.4244744445947729,0.4098360655737705,0.028602813506890923,238,0.06979086495681375,0.5166059866814905,0.5770346577992146,0.4384388790806614,0.014638379021002401
CHI@UTA,Clayton Keller,f1,PTS,over,1.5,fanduel,186,1.2733033080968512,0.3636899488211125,0.34965034965034963,0.028570556576736517,237,0.08171179180946653,1.2226379386366921,1.3142606797742902,0.37822090622708615,0.014039599170762862
BUF@CBJ,Tage Thompson,f1,A,under,0.5,draftkings,-155,0.43296239638892314,0.6485848804800181,0.6078431372549019,0.02837613951001472,224,0.0466833262906694,0.568259068548668,0.45221200027557973,0.6362192767649166,0.040741743225116145
EDM@VAN,Brock Boeser,f2,SOG,under,2.5,draftkings,-150,1.9820488174169233,0.6815524147670766,0.6,0.028017540190824586,228,0.04669590031804094,2.4685084864115976,2.1927720453684927,0.6280175401908246,0.08155241476707664
TBL@NYR,Jake Guentzel,f2,PTS,over,0.5,draftkings,-160,0.9983931264744454,0.6315289478992705,0.6153846153846154,0.027789620851700336,226,0.04515813388401302,0.8428925669192869,1.030507673025285,0.6431742362363158,0.01614433251465508
TBL@NYR,Jake Guentzel,f2,A,over,0.5,draftkings,135,0.5780917276819283,0.43903217479612644,0.425531914893617,0.027734593593851553,226,0.06517629494555122,0.5079847127643868,0.6037938137310686,0.4532665084874686,0.013500259902509415
MIN@NSH,Ryan Hartman,f3,SOG,over,1.5,draftkings,-190,2.221023242262959,0.6323340058658773,0.6551724137931034,0.02766808132015608,216,0.042230229383396045,2.2351866339417095,2.4571532421158655,0.6828404951132595,-0.022838407927226134
MIN@NSH,Steven Stamkos,f1,G,over,0.5,fanduel,220,0.4170699565151549,0.3410251812502945,0.3125,0.027611870633014624,239,0.0883579860256467,0.34593196030966256,0.41568495928769,0.3401118706330146,0.028525181250294518
FLA@SJS,Anton Lundell,f3,A,over,0.5,draftkings,230,0.3842534715057813,0.31904119835018435,0.30303030303030304,0.02754558181266109,219,0.09090041998178156,0.33484754089421115,0.4013374658208779,0.33057588484296413,0.016010895319881313
EDM@VAN,Evan Bouchard,d1,A,under,0.5,draftkings,170,0.883943142741968,0.41315058381977554,0.37037037037037035,0.026858187934893807,242,0.07251710742421325,1.0584214080848637,0.9232434503391765,0.39722855830526416,0.04278021344940519
TBL@NYR,Nikita Kucherov,f1,SOG,under,3.5,draftkings,-150,2.803591442132961,0.6883791775503515,0.6,0.026816899915675152,232,0.04469483319279188,3.4250081897295575,3.1016576821530126,0.6268168999156751,0.08837917755035152
BUF@CBJ,Josh Norris,f1,SOG,over,1.5,draftkings,-110,1.7090142467387257,0.49899938866152954,0.5238095238095238,0.026342562471370568,150,0.05029034653625297,1.678102105180021,1.8907095690352456,0.5501520862808944,-0.024810135147994294
TBL@NYR,Jake Guentzel,f2,A,over,0.5,fanduel,134,0.5780917276819283,0.43903217479612644,0.42735042735042733,0.025916081137041247,226,0.06064362986067651,0.5079847127643868,0.6037938137310686,0.4532665084874686,0.011681747445699109
FLA@SJS,Will Smith,f1,G,over,0.5,fanduel,250,0.37463537369479843,0.3124600717647843,0.2857142857142857,0.025889898162814617,140,0.09061464356985116,0.31121256986197504,0.37339129234640067,0.3116041838771003,0.0267457860504986
CHI@UTA,Clayton Keller,f1,A,over,0.5,fanduel,-142,0.9055522283352961,0.5956814527163373,0.5867768595041323,0.024859546664274923,237,0.04236626966728552,0.8077505632989486,0.9458132806565125,0.6116364061684072,0.008904593212205048
FLA@SJS,Brady Tkachuk,f1,G,under,0.5,fanduel,-210,0.35504220958522653,0.7011438475929764,0.6774193548387096,0.024551640628453497,214,0.036242898070574237,0.4567272784507173,0.3538631928082397,0.7019709954671631,0.0237244927542668
CHI@UTA,Tyler Bertuzzi,f1,SOG,over,1.5,draftkings,-160,2.0374852350545587,0.5883791562478407,0.6153846153846154,0.024426486427465477,238,0.0396930404446314,1.916483897734161,2.254102233516734,0.6398111018120809,-0.027005459136774768
PHI@NJD,Alex Bump,f3,SOG,under,1.5,draftkings,-150,1.1922149958779087,0.6678915973687476,0.6,0.024399984335958025,18,0.04066664055993008,1.523447606550137,1.318966360494179,0.624399984335958,0.06789159736874761
TBL@NYR,Pavel Dorofeyev,f2,PTS,over,0.5,fanduel,-113,0.7835853131795746,0.5432345750433708,0.5305164319248826,0.02408703205578444,210,0.04540298962727518,0.6641596436866928,0.8087903014245569,0.5546034639806671,0.012718143118488179
SEA@CGY,Jared McCann,f1,SOG,over,1.5,draftkings,-180,2.1507347554343936,0.6159989026983821,0.6428571428571429,0.02407783780390116,211,0.037454414361624,2.162102062083884,2.3793919742426586,0.6669349806610441,-0.026858240158760815
MIN@NSH,Maxim Shabanov,f2,A,under,0.5,draftkings,-220,0.32603172658587254,0.7217822873807256,0.6875,0.02389519822330155,44,0.03475665196116595,0.4443271412001745,0.34052716924695564,0.7113951982233016,0.034282287380725585
TBL@NYR,Nikita Kucherov,f1,SOG,under,3.5,fanduel,-152,2.803591442132961,0.6883791775503515,0.6031746031746031,0.02364229674107199,232,0.039196439333882616,3.4250081897295575,3.1016576821530126,0.6268168999156751,0.08520457437574835
CHI@UTA,Dylan Guenther,f2,G,over,1.5,draftkings,1100,0.555508893882918,0.10747980563367569,0.08333333333333333,0.023558920310223774,190,0.2827070437226853,0.4443271412001745,0.5536641715147846,0.1068922536435571,0.024146472300342364
FLA@SJS,Igor Chernyshov,f2,G,over,1.5,draftkings,4500,0.3359749271939559,0.045257510463106776,0.021739130434782608,0.02325079479756901,28,1.0695365606881744,,0.33485922865131956,0.04498992523235162,0.023518380028324168
FLA@SJS,Carter Verhaeghe,f2,A,over,0.5,draftkings,210,0.4053561840397175,0.3332607133327408,0.3225806451612903,0.022588562888241126,232,0.07002454495354749,0.3603389684675673,0.42337840962062445,0.34516920804953144,0.010680068171450507
BUF@CBJ,Charlie Coyle,f3,A,over,0.5,fanduel,186,0.44533546383130906,0.3593906612806519,0.34965034965034963,0.02229944886094043,243,0.06377642374228953,0.41551544396166346,0.4651351770325743,0.37194979851129006,0.009740311630302256
TBL@NYR,Jake Guentzel,f2,PTS,over,0.5,fanduel,-164,0.9983931264744454,0.6315289478992705,0.6212121212121212,0.02196211502419454,226,0.03535364857553258,0.8428925669192869,1.030507673025285,0.6431742362363158,0.010316826687149283
MIN@NSH,Ross Colton,f3,SOG,over,1.5,draftkings,-115,1.7311939986269196,0.5054694482296281,0.5348837209302325,0.021851711878115077,214,0.040853200467780404,1.6957745597662717,1.915247380357685,0.5567354328083476,-0.02941427270060437
FLA@SJS,Sam Bennett,f2,PTS,over,0.5,draftkings,-110,0.7638231630862611,0.5341181245210803,0.5238095238095238,0.02161552842924508,221,0.04126600881946785,0.6731064296764996,0.7883924773945071,0.5454250522387689,0.010308600711556481
FLA@SJS,Mason Marchment,f1,PTS,over,0.5,fanduel,-115,0.7875799095060405,0.5450555291223393,0.5348837209302325,0.021552371276780558,209,0.04029356369137238,0.6337237600891448,0.8129133888696777,0.5564360922070131,0.010171808192106835
TBL@NYR,Adam Fox,d1,SOG,over,1.5,draftkings,-105,1.6547824714591808,0.4829187322190903,0.5121951219512195,0.021533688730186573,198,0.04204196371131674,1.6747483629591802,1.8307120958354328,0.5337288106814061,-0.029276389732129204
FLA@SJS,Sam Bennett,f2,G,over,0.5,fanduel,230,0.39342049356106673,0.32525503798657723,0.30303030303030304,0.021342629816914815,221,0.07043067839581885,0.33484754089421115,0.3921140309777563,0.32437293284721785,0.022224734956274195
TBL@NYR,Alexis Lafrenière,f1,PTS,over,0.5,draftkings,-110,0.7620524685130833,0.5332924592276306,0.5238095238095238,0.02078396433082874,243,0.03967847735885477,0.6731064296764996,0.7865648262460188,0.5445934881403526,0.009482935418106742
FLA@SJS,Will Smith,f1,PTS,over,0.5,draftkings,-130,0.8543535679450249,0.5744418033539389,0.5652173913043478,0.020760086172062375,140,0.03672938322749508,0.7436119744858549,0.8818349044056766,0.5859774774764102,0.009224412049591124
FLA@SJS,Mason Marchment,f1,G,over,0.5,fanduel,260,0.3557333076095914,0.2993405441345282,0.2777777777777778,0.020734580024322935,209,0.07464448808756252,0.29936568916026735,0.3545519958486751,0.2985123578021007,0.021562766356750418
CHI@UTA,Tyler Bertuzzi,f1,G,over,0.5,fanduel,250,0.3671474219731543,0.30729248279237253,0.2857142857142857,0.020733122266803905,238,0.07256592793381378,0.31121256986197504,0.36592820645892143,0.3064474079810896,0.021578197078086836
MIN@NSH,Jared Spurgeon,d1,PTS,under,0.5,draftkings,-225,0.32783688692236523,0.7204805299179253,0.6923076923076923,0.020615089518777885,159,0.029777351527123574,0.4350714013009797,0.33838216481638334,0.7129227818264702,0.028172837610233037
FLA@SJS,Igor Chernyshov,f2,G,over,1.5,fanduel,4000,0.3359749271939559,0.045257510463106776,0.024390243902439025,0.020599681329912592,28,0.8445869345264163,,0.33485922865131956,0.04498992523235162,0.02086726656066775
EDM@VAN,Connor McDavid,f1,PTS,under,1.5,draftkings,100,1.5633213761230798,0.5368602040618647,0.5,0.02054649269691211,223,0.04109298539382422,1.804368139690549,1.6136075367306888,0.5205464926969121,0.03686020406186474
TBL@NYR,Mika Zibanejad,f1,G,over,0.5,fanduel,220,0.40632952050559845,0.33390935926710935,0.3125,0.0205099761295941,241,0.06563192361470116,0.34593196030966256,0.4049801898943993,0.3330099761295941,0.02140935926710935
MIN@NSH,Kirill Kaprizov,f2,A,under,0.5,draftkings,-130,0.5122548713560973,0.599143063978683,0.5652173913043478,0.020434424946764174,191,0.03615321336735211,0.645107203972583,0.5350298362141479,0.585651816251112,0.03392567267433522
TBL@NYR,Eeli Tolvanen,f3,SOG,over,1.5,draftkings,100,1.6112902164534773,0.4697582812276483,0.5,0.020223710062479583,238,0.040447420124959166,1.6100767305900432,1.7825959242616003,0.5202237100624796,-0.03024171877235171
SEA@CGY,Jared McCann,f1,PTS,under,0.5,draftkings,105,0.6562395903611465,0.5187985661314922,0.4878048780487805,0.020157269776168718,211,0.04132240304114587,0.7944689391622576,0.6773483463354358,0.5079621478249492,0.030993688082711746
EDM@VAN,Filip Hronek,d1,SOG,under,1.5,fanduel,132,1.7047038813015645,0.502265202396554,0.43103448275862066,0.020101817158844737,221,0.04663621580851984,2.0424574121633494,1.8859409433823984,0.4511362999174654,0.07123071963793337
CHI@UTA,Nick Schmaltz,f1,G,over,1.5,draftkings,1400,0.4902028167572638,0.08724756203033035,0.06666666666666667,0.020092545733975564,239,0.30138818600963346,0.34593196030966256,0.4885749614502618,0.08675921240064223,0.020580895363663684
EDM@VAN,Kasperi Kapanen,f2,SOG,under,1.5,draftkings,110,1.5593962706598419,0.5462464592200664,0.47619047619047616,0.02008686328288367,178,0.042182412894055776,1.8936780109764226,1.7251848289039953,0.49627733947335984,0.07005598302959026
CHI@UTA,Clayton Keller,f1,A,over,0.5,draftkings,-145,0.9055522283352961,0.5956814527163373,0.5918367346938775,0.019799671474529656,237,0.033454617319032875,0.8077505632989486,0.9458132806565125,0.6116364061684072,0.003844718022459781
FLA@SJS,Matthew Tkachuk,f2,SOG,over,2.5,draftkings,-125,2.7832673834059003,0.5122982420961402,0.5555555555555556,0.019170447681350344,164,0.03450680582643062,2.7611045769381657,3.07917285360918,0.5747260032369059,-0.043257313459415414
MIN@NSH,Roman Josi,d1,SOG,under,2.5,draftkings,-105,2.3448314030495276,0.5902310601129014,0.5121951219512195,0.01839828166150237,203,0.03592045467245697,2.894705968897174,2.5941241742017267,0.5305934036127219,0.07803593816168186
CHI@UTA,Logan Cooley,f2,G,over,0.5,fanduel,200,0.43473622532148953,0.35256457837312266,0.3333333333333333,0.018295891468190495,207,0.05488767440457143,0.3732042458899428,0.4332925623164154,0.3516292248015238,0.019231245039789346
CHI@UTA,Patrick Kane,f1,SOG,over,2.5,draftkings,125,2.3179175249348907,0.4031484172674361,0.4444444444444444,0.018014173783699794,186,0.04053189101332455,2.403390588863294,2.5643489239436916,0.4624586182281442,-0.04129602717700831
PHI@NJD,Luke Evangelista,f2,SOG,under,2.5,draftkings,-160,1.9628223330087342,0.6864775473446438,0.6153846153846154,0.017985470789759983,225,0.029226390033360028,2.3385240089561554,2.1715014807030197,0.6333700861743754,0.07109293196002842
FLA@SJS,Carter Verhaeghe,f2,G,over,0.5,fanduel,270,0.3411687604054435,0.28906108025829763,0.2702702702702703,0.017984898059129284,232,0.06654412281877842,0.29105475693042016,0.34003581428962326,0.28825516832939957,0.018790809988027346
PHI@NJD,Noah Cates,f3,PTS,over,0.5,draftkings,185,0.4450861597927243,0.3592309348759625,0.3508771929824561,0.017462112766318982,217,0.049767021384009125,0.39959998865576585,0.45940290518967253,0.3683393057487751,0.008353741893506406
FLA@SJS,Mason Marchment,f1,A,over,0.5,fanduel,176,0.45714964148551357,0.3669144028950098,0.36231884057971014,0.01733312688483646,209,0.047839430202148536,0.39959998865576585,0.4774746156378147,0.3796519674645466,0.004595562315299673
FLA@SJS,Gustav Forsling,d1,SOG,over,1.5,draftkings,110,1.526174508899551,0.44333852331299073,0.47619047619047616,0.016749054148700204,236,0.03517301371227033,1.523447606550137,1.6884310669150269,0.49293953033917637,-0.032851952877485435
BUF@CBJ,Zach Benson,f2,SOG,under,1.5,draftkings,135,1.7351596123618875,0.49338030674505184,0.425531914893617,0.016563751738170984,207,0.038924816584701816,2.0706868607717004,1.9196346017340482,0.442095666631788,0.06784839185143482
MIN@NSH,Joel Eriksson Ek,f1,A,over,0.5,fanduel,196,0.41849522277650136,0.3419637268289826,0.33783783783783783,0.016256366463471228,190,0.04811884473187478,0.3815359621113813,0.43710161292514904,0.35409420430130906,0.004125888991144744
MIN@NSH,Matt Boldy,f1,A,under,0.5,draftkings,-135,0.5044804936875116,0.6038191818362985,0.574468085106383,0.015958600219131314,230,0.02777978556663596,0.6374224587218453,0.5269098079952287,0.5904266853255143,0.029351096729915427
PHI@NJD,Timo Meier,f2,G,under,0.5,fanduel,-290,0.2761592215358526,0.7586921210189923,0.7435897435897436,0.015798465633143577,222,0.021246212403193132,0.3603389684675673,0.27524215774309746,0.7593882092228872,0.015102377429248692
TBL@NYR,J.T. Miller,f2,SOG,over,1.5,fanduel,-154,1.966156413917323,0.5701470393439604,0.6062992125984252,0.015452561808004694,218,0.02548669285216354,1.9850815397285086,2.175190027296377,0.6217517744064299,-0.03615217325446485
FLA@SJS,Will Smith,f1,SOG,over,2.5,fanduel,122,2.3312319717244296,0.4064275653083128,0.45045045045045046,0.015451735853739768,140,0.034302853595302274,2.3961426118120857,2.5790789076166956,0.4659021863041902,-0.04402288514213765
MIN@NSH,Joel Eriksson Ek,f1,A,over,0.5,draftkings,195,0.41849522277650136,0.3419637268289826,0.3389830508474576,0.015111153453851445,190,0.04457790268886175,0.3815359621113813,0.43710161292514904,0.35409420430130906,0.0029806759815249606
TBL@NYR,Will Cuylle,f3,SOG,over,1.5,draftkings,-105,1.6337577941073644,0.47658593073214356,0.5121951219512195,0.015042224538728055,242,0.029368152670850023,1.6298197976866453,1.8074521617940318,0.5272373464899476,-0.035609191219075964
TBL@NYR,Alexis Lafrenière,f1,SOG,over,2.5,fanduel,150,2.1383071244112117,0.35824931137171956,0.4,0.014866395000625532,243,0.037165987501563746,2.1183913621176194,2.3656430889183797,0.41486639500062555,-0.04175068862828046
MIN@NSH,Blake Coleman,f1,A,over,0.5,draftkings,290,0.3028474728675096,0.26128823863527223,0.2564102564102564,0.014757825419167259,226,0.05755551913475232,0.2751605656537396,0.31631213848142087,0.27116808182942365,0.004877982225015842
EDM@VAN,Evan Bouchard,d1,PTS,under,1.5,draftkings,-185,1.1606025576289005,0.676911043373342,0.6491228070175439,0.014251029455926045,242,0.021954288621291562,1.3504603885777007,1.197934770637631,0.6633738364734699,0.02778823635579808
BUF@CBJ,Valeri Nichushkin,f2,SOG,over,1.5,draftkings,-155,1.9670009571298583,0.5703667207899047,0.6078431372549019,0.014126954894418398,166,0.023241119342430228,2.043830570241307,2.1761243588482944,0.6219700921493203,-0.03747641646499722
TBL@NYR,Alexis Lafrenière,f1,PTS,over,0.5,fanduel,-113,0.7620524685130833,0.5332924592276306,0.5305164319248826,0.014077056215469952,243,0.026534628087567347,0.6731064296764996,0.7865648262460188,0.5445934881403526,0.002776027302747952
BUF@CBJ,Josh Norris,f1,PTS,over,0.5,draftkings,120,0.6123623869031574,0.4579312209098623,0.45454545454545453,0.013958636553903225,150,0.03070900041858704,0.5531011069142318,0.632059778500422,0.46850409109935776,0.003385766364407794
TBL@NYR,Oliver Bjorkstrand,f2,SOG,over,1.5,fanduel,104,1.560548386189927,0.4541123831988015,0.49019607843137253,0.013897475166145534,240,0.028350849338936834,1.582700356260204,1.7264594325894371,0.5040935535975181,-0.036083695232571045
FLA@SJS,Alexander Wennberg,f3,G,over,1.5,draftkings,4500,0.2937282315213274,0.03555269196588972,0.021739130434782608,0.013600229122155319,233,0.6256105396191447,,0.29275282492603016,0.03533935955693793,0.013813561531107112
SEA@CGY,Matty Beniers,f1,A,under,0.5,draftkings,-245,0.30958959963522925,0.7337480248977846,0.7101449275362319,0.013572669742749621,238,0.019112534943871884,0.41347254233186365,0.3233540216961545,0.7237175972789816,0.02360309736155264
SEA@CGY,Bobby McMann,f2,A,over,0.5,draftkings,300,0.2926417900027829,0.2537105788454276,0.25,0.013357595463904692,204,0.05343038185561877,0.2691286645560331,0.30565270869969313,0.2633575954639047,0.003710578845427581
TBL@NYR,Adam Fox,d1,PTS,over,0.5,draftkings,-135,0.8582307021573254,0.5760885551956739,0.574468085106383,0.013162936345047505,198,0.02291325956360124,0.7649729151312009,0.8858367514228264,0.5876310214514305,0.001620470089290893
MIN@NSH,Kirill Kaprizov,f2,SOG,over,3.5,fanduel,122,3.212356559763762,0.39576695167376563,0.45045045045045046,0.013096660730916254,191,0.029074586822634085,3.419633043514402,3.553881015496897,0.4635471111813667,-0.054683498776684825
TBL@NYR,Alexis Lafrenière,f1,G,over,0.5,fanduel,260,0.34467137153692123,0.29154686691901055,0.2777777777777778,0.012957745381094954,243,0.04664788337194192,0.29804485948732745,0.3435267940229861,0.29073552315887274,0.01376908914123276
CHI@UTA,Anton Frondell,f1,SOG,under,2.5,draftkings,-125,2.200481371326805,0.6260811667828852,0.5555555555555556,0.012874865562240378,13,0.023174758012032726,2.5910889681668756,2.434427444470241,0.568430421117796,0.07052561122732959
CHI@UTA,Vincent Trocheck,f1,G,over,0.5,fanduel,260,0.3440993741585472,0.29114151766588414,0.2777777777777778,0.012553279909813864,227,0.04519180767532993,0.3007541540191337,0.3429566961215961,0.29033105768759165,0.013363739888106352
TBL@NYR,Brandon Hagel,f2,SOG,under,2.5,fanduel,120,2.6016904926375024,0.5288359824585425,0.45454545454545453,0.012466085710076624,232,0.027425388562168473,2.977739595831197,2.8782914592342608,0.46701154025553115,0.07429052791308793
PHI@NJD,Cam York,d2,PTS,under,0.5,draftkings,-295,0.26697119291192045,0.7656951285946831,0.7468354430379747,0.012312463214780411,220,0.01648617955877385,0.3542237312472745,0.27555865067295143,0.7591479062527551,0.018859685556708472
CHI@UTA,Bowen Byram,d1,SOG,under,1.5,fanduel,-125,1.3481782451234106,0.6145791875714897,0.5555555555555556,0.012110350910014778,234,0.021798631638026533,1.65145039969948,1.4915109769764667,0.5676659064655704,0.05902363201593408
CHI@UTA,Bowen Byram,d1,SOG,under,1.5,draftkings,-125,1.3481782451234106,0.6145791875714897,0.5555555555555556,0.012110350910014778,234,0.021798631638026533,1.65145039969948,1.4915109769764667,0.5676659064655704,0.05902363201593408
MIN@NSH,Blake Coleman,f1,SOG,over,2.5,draftkings,120,2.333240542612951,0.406921580837541,0.45454545454545453,0.011875138154951392,226,0.026125303940893074,2.319743056291925,2.581301021450012,0.4664205927004059,-0.047623873707913544
CHI@UTA,Logan Cooley,f2,G,over,1.5,draftkings,1600,0.43473622532148953,0.0711009470356269,0.058823529411764705,0.011871460872930742,207,0.20181483483982254,0.3732042458899428,0.4332925623164154,0.07069499028469545,0.012277417623862197
MIN@NSH,Ryan O'Reilly,f1,PTS,over,0.5,fanduel,-136,0.8593680214963239,0.576570403820054,0.576271186440678,0.011843632013640248,238,0.020552184964846232,0.7944689391622576,0.8870106540413836,0.5881148184543182,0.00029921737937599335
FLA@SJS,Carter Verhaeghe,f2,A,over,0.5,fanduel,200,0.4053561840397175,0.3332607133327408,0.3333333333333333,0.011835874716198125,232,0.03550762414859432,0.3603389684675673,0.42337840962062445,0.34516920804953144,-7.262000059249374e-05
PHI@NJD,Timo Meier,f2,SOG,under,2.5,fanduel,118,2.586957358526773,0.5322610992835287,0.45871559633027525,0.01180260095202279,222,0.025729670075409716,3.0528349719831116,2.8619919592750342,0.47051819728229805,0.07354550295325346
SEA@CGY,Jared McCann,f1,SOG,over,2.5,fanduel,146,2.1507347554343936,0.3613906922057763,0.4065040650406504,0.011719027327199871,211,0.028828807224911657,2.162102062083884,2.3793919742426586,0.41822309236785027,-0.0451133728348741
TBL@NYR,Brayden Point,f1,A,over,0.5,draftkings,160,0.48298402840521293,0.38306032319461447,0.38461538461538464,0.011551612829726776,218,0.03003419335728963,0.44693090250038936,0.504457605112855,0.3961669974451114,-0.0015550614207701652
FLA@SJS,Will Smith,f1,SOG,over,2.5,draftkings,120,2.3312319717244296,0.4064275653083128,0.45454545454545453,0.011356731758735694,140,0.02498480986921847,2.3961426118120857,2.5790789076166956,0.4659021863041902,-0.04811788923714172
FLA@SJS,Mason Marchment,f1,G,over,1.5,draftkings,2500,0.3557333076095914,0.05009263839156744,0.038461538461538464,0.011336975736115883,209,0.29476136913901296,0.29936568916026735,0.3545519958486751,0.049798514197654346,0.011631099930028976
SEA@CGY,Joel Farabee,f2,SOG,over,1.5,draftkings,-155,1.9556205940779319,0.5673987817298681,0.6078431372549019,0.011175970806566293,242,0.018386274552738113,1.9873079652629175,2.1635340826920637,0.6190191080614682,-0.04044435552503378
FLA@SJS,Will Smith,f1,A,over,0.5,draftkings,155,0.49423931528294107,0.38996522502438713,0.39215686274509803,0.011067053202388988,140,0.02822098566609199,0.4596078381184652,0.5162133045341064,0.403223915947487,-0.002191637720710904
PHI@NJD,Tyson Foerster,f2,A,under,0.5,draftkings,-370,0.21578910616274707,0.8059052444023881,0.7872340425531915,0.010976293266802717,185,0.013942859014587139,0.3022155870679488,0.22538313754129946,0.7982103358199942,0.018671201849196573
FLA@SJS,Alexander Wennberg,f3,G,over,1.5,fanduel,4000,0.2937282315213274,0.03555269196588972,0.024390243902439025,0.010949115654498902,233,0.44891374183445487,,0.29275282492603016,0.03533935955693793,0.011162448063450695
SEA@CGY,Vince Dunn,d1,SOG,under,2.5,draftkings,-165,1.9620783956911252,0.6866681911378436,0.6226415094339622,0.010935970551784524,199,0.01756383149225993,2.420163711225885,2.17067845104844,0.6335774799857468,0.06402668170388137
MIN@NSH,Filip Forsberg,f2,G,over,0.5,fanduel,200,0.42330613408791357,0.34512187809482936,0.3333333333333333,0.010867331201733166,242,0.03260199360519955,0.37623546979322614,0.42190042789181326,0.3442006645350665,0.011788544761496045
BUF@CBJ,Conor Garland,f2,SOG,under,1.5,draftkings,115,1.6234597590120425,0.526535834431185,0.46511627906976744,0.01085125943323767,230,0.023330207781461,1.9414693501738767,1.7960592822237524,0.4759675385030051,0.06141955536141758
EDM@VAN,Kasperi Kapanen,f2,SOG,under,1.5,fanduel,106,1.5593962706598419,0.5462464592200664,0.4854368932038835,0.010840446269476334,178,0.022331319315121334,1.8936780109764226,1.7251848289039953,0.49627733947335984,0.060809566016182925
BUF@CBJ,Charlie Coyle,f3,G,over,1.5,fanduel,3500,0.30844728457806153,0.03883205951456257,0.027777777777777776,0.010822464585174711,243,0.38960872506628963,,0.3074229992578501,0.03860024236295249,0.011054281736784792
TBL@NYR,Pavel Dorofeyev,f2,A,over,0.5,fanduel,230,0.36062380233829877,0.30275875033759864,0.30303030303030304,0.010818461946865587,210,0.035700924424656444,0.30743867088785715,0.37665721633685867,0.3138487649771686,-0.0002715526927044021
SEA@CGY,Mikael Backlund,f2,PTS,under,0.5,draftkings,-190,0.3942129957616896,0.6742104369802767,0.6551724137931034,0.010542775854173292,237,0.016091605251106644,0.48426768499567263,0.40689334307942393,0.6657151896472767,0.019038023187173292
FLA@SJS,Sam Bennett,f2,PTS,over,0.5,fanduel,-115,0.7638231630862611,0.5341181245210803,0.5348837209302325,0.010541331308536406,221,0.019707706359437527,0.6731064296764996,0.7883924773945071,0.5454250522387689,-0.0007655964091521916
TBL@NYR,Mika Zibanejad,f1,PTS,over,0.5,draftkings,-160,0.9524601837805491,0.6142092611220233,0.6153846153846154,0.010464916220474407,241,0.017005488858270912,0.8560506514967985,0.9830972405658398,0.6258495316050898,-0.0011753542625920765
SEA@CGY,Mikael Backlund,f2,SOG,under,1.5,fanduel,146,1.822639382605835,0.46851628145698165,0.4065040650406504,0.010434830569387321,237,0.02566968320069285,2.125173073571907,2.016414859132641,0.4169388956100377,0.062012216416331256
EDM@VAN,Jonathan Lekkerimäki,f1,SOG,under,1.5,draftkings,-165,1.1691389015016345,0.6759450002515374,0.6226415094339622,0.010407226847049977,38,0.016714637057383408,1.459266536336189,1.2934369112596622,0.6330487362810122,0.05330349081757513
CHI@UTA,Clayton Keller,f1,SOG,over,2.5,draftkings,-135,2.8291684137194966,0.5223666945920564,0.574468085106383,0.01036765657255101,237,0.01804740218184797,2.883647071912873,3.1299538915134013,0.584835741678934,-0.052101390514326607
CHI@UTA,Clayton Keller,f1,SOG,over,2.5,fanduel,-135,2.8291684137194966,0.5223666945920564,0.574468085106383,0.01036765657255101,237,0.01804740218184797,2.883647071912873,3.1299538915134013,0.584835741678934,-0.052101390514326607
SEA@CGY,Zayne Parekh,d2,A,under,0.5,draftkings,-240,0.31956597319470753,0.7264642736260265,0.7058823529411765,0.010333313666564092,38,0.014638861027632455,0.40942550932426,0.33377394703021407,0.7162156666077406,0.020581920684849986
FLA@SJS,Jacob Trouba,d2,SOG,over,1.5,draftkings,-105,1.6186332377137866,0.47199655881656744,0.5121951219512195,0.010329539333316706,225,0.020167195841237273,1.616499057306233,1.7907196251546678,0.5225246612845362,-0.04019856313465209
SEA@CGY,Joel Farabee,f2,PTS,under,0.5,draftkings,-135,0.519824720112714,0.5946247645981044,0.574468085106383,0.010296738503657754,242,0.017923952210070926,0.6261364702769852,0.536545523501342,0.5847648236100408,0.020156679491721397
CHI@UTA,Anton Frondell,f1,G,over,0.5,fanduel,310,0.29413728532485683,0.25482581705905866,0.24390243902439024,0.010195162404385283,13,0.04180016585797963,0.2591256218654068,0.2931605203522061,0.2540976014287755,0.010923378034668418
FLA@SJS,Aaron Ekblad,d1,PTS,under,0.5,draftkings,-200,0.37812963847302455,0.6851416741878831,0.6666666666666666,0.010192099672118649,180,0.015288149508178028,0.4776275543566874,0.3902926447628168,0.6768587663387853,0.018475007521216447
FLA@SJS,Matthew Tkachuk,f2,G,over,1.5,draftkings,1500,0.4404830199495391,0.07272447196736635,0.0625,0.009810095778052697,164,0.15696153244884314,0.40546510810816355,0.4390202731085225,0.0723100957780527,0.010224471967366353
SEA@CGY,Jared McCann,f1,A,under,0.5,draftkings,-195,0.382642130874019,0.6820569427375445,0.6610169491525424,0.009534742779263028,211,0.014424354460936373,0.4808679978919112,0.39965448462830344,0.6705516919318054,0.02103999358500208
FLA@SJS,Sam Bennett,f2,G,over,1.5,draftkings,1900,0.39342049356106673,0.05979654200341319,0.05,0.00945008010826133,221,0.18900160216522655,0.33484754089421115,0.3921140309777563,0.05945008010826133,0.009796542003413185
SEA@CGY,Morgan Frost,f1,SOG,under,2.5,fanduel,-165,1.9676319790648535,0.6852451370675832,0.6226415094339622,0.009388256467491196,231,0.015078108872031315,2.3645927940259046,2.1768224684240587,0.6320297659014534,0.06260362763362093
FLA@SJS,Tyler Toffoli,f2,G,over,1.5,fanduel,4000,0.2858100283822654,0.03383546806062528,0.024390243902439025,0.009241635534251523,233,0.3789070569043125,,0.28486091639108146,0.03363187943669055,0.009445224158186258
TBL@NYR,Ilya Mikheyev,f1,SOG,under,1.5,draftkings,-115,1.4157662999024163,0.592183854446628,0.5348837209302325,0.009219594814720122,231,0.017236633784041944,1.712430511754708,1.5662847140398073,0.5441033157449526,0.05730013351639551
BUF@CBJ,Denton Mateychuk,d1,PTS,over,0.5,draftkings,175,0.4515342044547582,0.36334935029329213,0.36363636363636365,0.008892972047420789,116,0.024455673130407085,0.41551544396166346,0.46605835916269805,0.37252933568378443,-0.00028701334307151827
BUF@CBJ,Josh Norris,f1,SOG,over,1.5,fanduel,-118,1.7090142467387257,0.49899938866152954,0.5412844036697247,0.008867682611169658,150,0.016382667874872858,1.678102105180021,1.8907095690352456,0.5501520862808944,-0.042285015008195204
PHI@NJD,Noah Cates,f3,A,over,0.5,draftkings,320,0.2715092704123043,0.23777178273455823,0.23809523809523808,0.008822365215905487,217,0.037053933906803005,0.2532618485653016,0.283580632615079,0.24691760331114357,-0.00032345536067984737
BUF@CBJ,Conor Garland,f2,SOG,under,1.5,fanduel,114,1.6234597590120425,0.526535834431185,0.4672897196261682,0.008677818876836885,230,0.018570532396430917,1.9414693501738767,1.7960592822237524,0.4759675385030051,0.05924611480501679
TBL@NYR,Alexis Lafrenière,f1,G,over,1.5,draftkings,2500,0.34467137153692123,0.04736335387035687,0.038461538461538464,0.008622632853711301,243,0.2241884541964938,0.29804485948732745,0.3435267940229861,0.047084171315249765,0.008901815408818403
CHI@UTA,Vincent Trocheck,f1,G,over,1.5,draftkings,2500,0.3440993741585472,0.04722375752773728,0.038461538461538464,0.008483803430481995,227,0.22057888919253177,0.3007541540191337,0.3429566961215961,0.04694534189202046,0.008762219066198819
PHI@NJD,Anthony Mantha,f1,G,over,0.5,fanduel,275,0.322812623838754,0.2758904774803189,0.26666666666666666,0.008447156844261172,168,0.031676838165979326,0.2852982810965047,0.3217406343990373,0.27511382351092784,0.009223810813652256
BUF@CBJ,Sean Monahan,f2,PTS,under,0.5,draftkings,-155,0.46902127625224077,0.6256142722876459,0.6078431372549019,0.008403553139167852,211,0.01382520032572776,0.568259068548668,0.48410792419694915,0.6162466903940698,0.017771135032743968
CHI@UTA,Logan Cooley,f2,SOG,over,1.5,draftkings,-185,2.1105441807806886,0.6063821409292973,0.6491228070175439,0.008400554672383764,207,0.012941395035834358,2.132743048381384,2.3349285040124994,0.6575233616899276,-0.04274066608824656
BUF@CBJ,Charlie Coyle,f3,A,over,0.5,draftkings,175,0.44533546383130906,0.3593906612806519,0.36363636363636365,0.008313434874926418,243,0.02286194590604773,0.41551544396166346,0.4651351770325743,0.37194979851129006,-0.004245702355711756
MIN@NSH,Steven Stamkos,f1,PTS,over,0.5,fanduel,-138,0.858826773647886,0.5763411614292777,0.5798319327731093,0.008052718544778181,239,0.013888021838095677,0.7731898882334818,0.8864519962882065,0.5878846513178875,-0.003490771343831578
CHI@UTA,Clayton Keller,f1,PTS,over,1.5,draftkings,170,1.2733033080968512,0.3636899488211125,0.37037037037037035,0.007850535856715801,237,0.021196446813132708,1.2226379386366921,1.3142606797742902,0.37822090622708615,-0.006680421549257853
FLA@SJS,Carter Verhaeghe,f2,G,over,1.5,draftkings,2500,0.3411687604054435,0.04651093028603593,0.038461538461538464,0.0077748964643176224,232,0.20214730807225822,0.29105475693042016,0.34003581428962326,0.046236434925856086,0.008049391824497466
EDM@VAN,Connor McDavid,f1,A,under,1.5,draftkings,-235,1.0267369550295464,0.7259240626251922,0.7014925373134329,0.007659489297034083,223,0.010918846444708086,1.2226379386366921,1.0723859070977921,0.709152026610467,0.024431525311759295
BUF@CBJ,Kent Johnson,f1,G,under,0.5,fanduel,-420,0.2049059963338511,0.814723899845281,0.8076923076923077,0.007586157702676233,182,0.009392385727122976,0.282027014968436,0.20422554876772916,0.8152784653949839,0.007031592152973332
SEA@CGY,Jordan Eberle,f2,A,under,0.5,draftkings,-215,0.35515636901805236,0.7010638099776172,0.6825396825396826,0.00754103953311569,197,0.01104849978107647,0.44693090250038936,0.3709466997221524,0.6900807220727982,0.018524127437934634
CHI@UTA,Anders Lee,f2,G,over,1.5,fanduel,2700,0.3279612495386657,0.043348754271837216,0.03571428571428571,0.007377447926011853,241,0.20656854192833185,,0.3268721626499282,0.043091733640297565,0.007634468557551503
TBL@NYR,Mika Zibanejad,f1,G,over,1.5,draftkings,1700,0.40632952050559845,0.06325706860484684,0.05555555555555555,0.007336674049331721,241,0.13206013288797092,0.34593196030966256,0.4049801898943993,0.06289222960488727,0.0077015130492912864
BUF@CBJ,Zach Benson,f2,SOG,under,1.5,fanduel,130,1.7351596123618875,0.49338030674505184,0.43478260869565216,0.007313057936135847,207,0.016820033253112543,2.0706868607717004,1.9196346017340482,0.442095666631788,0.05859769804939968
EDM@VAN,Elias Pettersson,f1,SOG,under,1.5,fanduel,130,1.7363411197002827,0.49303799073697985,0.43478260869565216,0.006965276706890344,221,0.016020136425847875,2.2283278549797423,1.9209417220432277,0.4417478854025425,0.058255382041327686
FLA@SJS,Alexander Wennberg,f3,A,over,0.5,draftkings,180,0.4334422761841659,0.351726287632008,0.35714285714285715,0.006956669063050369,233,0.019478673376541078,0.40942550932426,0.4527132156326373,0.3640995262059075,-0.0054165695108491785
FLA@SJS,Will Smith,f1,G,over,1.5,draftkings,2000,0.37463537369479843,0.054883293820289315,0.047619047619047616,0.006944132830067923,140,0.14582678943142646,0.31121256986197504,0.37339129234640067,0.05456318044911554,0.007264246201241699
SEA@CGY,Morgan Frost,f1,A,under,0.5,draftkings,-255,0.3076905644174542,0.7351427621464585,0.7183098591549296,0.006844632454921951,231,0.009528802045087437,0.3977528396660086,0.32137055495265376,0.7251544916098516,0.016832902991528842
FLA@SJS,Anton Lundell,f3,G,over,1.5,draftkings,4000,0.2739712870044617,0.031330954538439454,0.024390243902439025,0.006751414544413383,219,0.27680799632094866,,0.2730614888591418,0.03114165844685241,0.006940710636000429
EDM@VAN,Filip Hronek,d1,SOG,under,1.5,draftkings,125,1.7047038813015645,0.502265202396554,0.4444444444444444,0.00669185547302098,221,0.015056674814297288,2.0424574121633494,1.8859409433823984,0.4511362999174654,0.057820757952109614
TBL@NYR,Nikita Kucherov,f1,A,over,0.5,draftkings,-140,0.8533755716152106,0.5740254054148578,0.5833333333333334,0.006551325218023485,232,0.011230843230897403,0.786561625199371,0.8913168382405591,0.5898846585513569,-0.009307927918475567
EDM@VAN,Vasily Podkolzin,f1,SOG,under,2.5,fanduel,-135,2.1537379203389984,0.6378508500935598,0.574468085106383,0.0064989875449515955,180,0.011313052393063794,2.5374198013591753,2.382714423211918,0.5809670726513346,0.06338276498717677
SEA@CGY,Matvei Gridin,f1,PTS,under,0.5,draftkings,-115,0.5946274738189001,0.5517680756406388,0.5348837209302325,0.0064310162281250305,37,0.012023204252581632,0.6931471805599455,0.6137544000586651,0.5413147371583575,0.01688435471040628
FLA@SJS,Dmitry Orlov,d3,A,over,0.5,fanduel,186,0.4213612347284069,0.3438469666696509,0.34965034965034963,0.006374440990215169,236,0.01823090123201543,0.39959998865576585,0.4400950484022123,0.3560247906405648,-0.0058033829806987125
BUF@CBJ,Charlie Coyle,f3,G,over,1.5,draftkings,3000,0.30844728457806153,0.03883205951456257,0.03225806451612903,0.006342177846823456,243,0.19660751325152703,,0.3074229992578501,0.03860024236295249,0.006573994998433537
EDM@VAN,Leon Draisaitl,f1,PTS,under,1.5,draftkings,-125,1.4417160021352209,0.5775184260866293,0.5555555555555556,0.0062637525762254675,218,0.011274754637205842,1.6143604143317587,1.4880905758736818,0.561819308131781,0.021962870531073708
MIN@NSH,Mavrik Bourque,f3,G,over,1.5,draftkings,5000,0.24701655275068587,0.025920748963660083,0.0196078431372549,0.0061548281571441495,152,0.31389623601435157,,0.24619626532563083,0.02576267129439905,0.006312905826405181
MIN@NSH,Mavrik Bourque,f3,G,over,1.5,fanduel,5000,0.24701655275068587,0.025920748963660083,0.0196078431372549,0.0061548281571441495,152,0.31389623601435157,,0.24619626532563083,0.02576267129439905,0.006312905826405181
TBL@NYR,Pavel Dorofeyev,f2,G,over,0.5,fanduel,210,0.39978475197003854,0.3295356533653551,0.3225806451612903,0.006064310716460519,210,0.01879936322102771,0.3603389684675673,0.3984571550899187,0.32864495587775083,0.006955008204064805
CHI@UTA,Michael Carcone,f4,G,over,1.5,fanduel,6000,0.22816947666365933,0.02239018052962583,0.01639344262295082,0.005859300453227051,205,0.3574173276468502,,0.2274117762164448,0.02225274307617787,0.005996737906675008
FLA@SJS,Tyler Toffoli,f2,G,over,1.5,draftkings,3500,0.2858100283822654,0.03383546806062528,0.027777777777777776,0.005854101658912772,233,0.21074765972085974,,0.28486091639108146,0.03363187943669055,0.006057690282847507
CHI@UTA,Jack McBain,f3,G,over,1.5,draftkings,9000,0.19396911198470992,0.016547527035374272,0.01098901098901099,0.005455741979866412,220,0.4964725201678435,,0.19332498339640944,0.016444752968877402,0.0055585160463632825
PHI@NJD,Evan Rodrigues,f3,SOG,over,1.5,draftkings,-135,1.8113088280523009,0.5283184799890257,0.574468085106383,0.005402324426384331,227,0.009404046223706164,1.834045672352235,2.0038796869082294,0.5798704095327674,-0.04614960511735733
PHI@NJD,Timo Meier,f2,SOG,under,2.5,draftkings,115,2.586957358526773,0.5322610992835287,0.46511627906976744,0.00540191821253061,222,0.011614124156940742,3.0528349719831116,2.8619919592750342,0.47051819728229805,0.06714482021376128
FLA@SJS,Sam Reinhart,f1,G,over,1.5,draftkings,1400,0.43914105704688333,0.07234428295098912,0.06666666666666667,0.005265208955346656,223,0.07897813433019985,0.40546510810816355,0.4376827665683318,0.07193187562201332,0.005677616284322451
FLA@SJS,Collin Graf,f3,G,over,1.5,fanduel,6000,0.22482342347660272,0.02178591684470845,0.01639344262295082,0.005258591700891473,121,0.32077409375437993,,0.22407683453314103,0.021652034323842294,0.005392474221757631
CHI@UTA,MacKenzie Weegar,d1,PTS,under,0.5,draftkings,-195,0.3934287131811818,0.674739415888954,0.6610169491525424,0.00523736177864631,239,0.007923188331798281,0.4808679978919112,0.40608383308220736,0.6662543109311887,0.013722466736411643
FLA@SJS,Dmitry Orlov,d3,A,over,0.5,draftkings,185,0.4213612347284069,0.3438469666696509,0.3508771929824561,0.005147597658108682,236,0.014670653325609795,0.39959998865576585,0.4400950484022123,0.3560247906405648,-0.007030226312805199
CHI@UTA,Tyler Bertuzzi,f1,G,over,1.5,draftkings,2000,0.3671474219731543,0.052966703668167664,0.047619047619047616,0.005037904279626047,238,0.105795989872147,0.31121256986197504,0.36592820645892143,0.052656951898673664,0.0053476560491200476
PHI@NJD,Jack Hughes,f1,G,under,0.5,fanduel,-190,0.4166102203952572,0.65927784292623,0.6551724137931034,0.0050181518269070136,185,0.007659284367384389,0.49223279068937464,0.41522674984992675,0.6601905656200104,0.004105429133126615
PHI@NJD,Matvei Michkov,f3,A,over,0.5,draftkings,240,0.34003832844733056,0.28825695776590426,0.29411764705882354,0.004818640205641489,159,0.016383376699180996,0.3225347287774313,0.3551565077245261,0.29893628726446503,-0.005860689292919274
PHI@NJD,Christian Dvorak,f2,G,over,1.5,fanduel,8000,0.19746860077044698,0.01711069197985593,0.012345679012345678,0.004658868540488657,189,0.37736835177958117,,0.19681285115265235,0.017004547552834336,0.0047650129675102515
TBL@NYR,Mika Zibanejad,f1,PTS,over,0.5,fanduel,-164,0.9524601837805491,0.6142092611220233,0.6212121212121212,0.004637410392968611,241,0.007465099656973839,0.8560506514967985,0.9830972405658398,0.6258495316050898,-0.007002860090097873
FLA@SJS,Kiefer Sherwood,f4,G,over,1.5,fanduel,8000,0.19731269433124793,0.01708543014152751,0.012345679012345678,0.004633757747056804,214,0.37533437751160115,,0.19665746244431034,0.016979436759402482,0.004739751129181832
FLA@SJS,Kiefer Sherwood,f4,G,over,1.5,draftkings,8000,0.19731269433124793,0.01708543014152751,0.012345679012345678,0.004633757747056804,214,0.37533437751160115,,0.19665746244431034,0.016979436759402482,0.004739751129181832
BUF@CBJ,Zach Werenski,d1,SOG,under,3.5,draftkings,-130,3.058498029646877,0.6356785582985742,0.5652173913043478,0.004602817151999616,222,0.008143445730460774,3.576631215853466,3.3836648831710177,0.5698202084563474,0.07046116699422644
MIN@NSH,Steven Stamkos,f1,PTS,over,0.5,draftkings,-140,0.858826773647886,0.5763411614292777,0.5833333333333334,0.004551317984554104,239,0.007802259402092782,0.7731898882334818,0.8864519962882065,0.5878846513178875,-0.006992171904055655
PHI@NJD,Matvei Michkov,f3,PTS,over,0.5,draftkings,130,0.560501805281238,0.42907749997048317,0.43478260869565216,0.004495950534874726,159,0.010340686230211782,0.520714455895238,0.5785310372943798,0.4392785592305269,-0.005705108725168995
PHI@NJD,Jesper Bratt,f1,A,under,0.5,draftkings,-130,0.538963094222229,0.583352820789936,0.5652173913043478,0.004323035245007989,241,0.007648446971937117,0.645107203972583,0.5629255125750348,0.5695404265493558,0.018135429485588217
TBL@NYR,Adam Fox,d1,PTS,over,0.5,fanduel,-140,0.8582307021573254,0.5760885551956739,0.5833333333333334,0.004297688118097165,198,0.007367465345309521,0.7649729151312009,0.8858367514228264,0.5876310214514305,-0.007244778137659447
PHI@NJD,Jesper Bratt,f1,SOG,under,2.5,draftkings,-165,1.9863725960785892,0.6804453728369908,0.6226415094339622,0.004174322854999413,241,0.00670421549439304,2.338505218938009,2.197555510284366,0.6268158322889616,0.057803863403028566
TBL@NYR,Brayden Point,f1,PTS,over,0.5,draftkings,-135,0.8373159905185352,0.5671292050394333,0.574468085106383,0.0041641569425999725,218,0.007248717640822244,0.7649729151312009,0.8642492922833666,0.578632242048983,-0.007338880066949716
TBL@NYR,Oliver Bjorkstrand,f2,SOG,over,1.5,draftkings,100,1.560548386189927,0.4541123831988015,0.5,0.004093553597518063,240,0.008187107195036125,1.582700356260204,1.7264594325894371,0.5040935535975181,-0.045887616801198516
CHI@UTA,Andrew Peeke,d3,SOG,under,1.5,draftkings,-170,1.1678337765876021,0.6764015661389459,0.6296296296296297,0.003910041024233202,187,0.006210065156134981,1.434052787796683,1.2919930308657708,0.6335396706538629,0.046771936509316214
CHI@UTA,Nate Schmidt,d2,A,under,0.5,draftkings,-380,0.21921944709464572,0.80314545087789,0.7916666666666666,0.00368891468031729,221,0.0046596817014534775,0.2937093908227927,0.2289659921895993,0.7953555813469839,0.011478784211223392
CHI@UTA,Clayton Keller,f1,G,over,1.5,draftkings,1600,0.40490954809289453,0.06287314899096555,0.058823529411764705,0.0036868121231453665,237,0.06267580609347134,0.37623546979322614,0.4035649328965172,0.06251034153491007,0.004049619579200844
MIN@NSH,Ryan O'Reilly,f1,A,over,0.5,draftkings,130,0.5524716462366328,0.4244744445947729,0.43478260869565216,0.0036562703850092637,238,0.008409421885521295,0.5166059866814905,0.5770346577992146,0.4384388790806614,-0.010308164100879258
PHI@NJD,Anthony Mantha,f1,G,over,1.5,draftkings,2500,0.322812623838754,0.0421387825691134,0.038461538461538464,0.003426946758702823,168,0.08910061572627348,0.2852982810965047,0.3217406343990373,0.04188848522024129,0.003677244107574938
FLA@SJS,Anton Lundell,f3,G,over,1.5,fanduel,3500,0.2739712870044617,0.031330954538439454,0.027777777777777776,0.003363880669074632,219,0.1210997040866868,,0.2730614888591418,0.03114165844685241,0.0035531767606616776
MIN@NSH,Steven Stamkos,f1,G,over,1.5,draftkings,1500,0.4170699565151549,0.0661865822497728,0.0625,0.0033063004426694548,239,0.052900807082711276,0.34593196030966256,0.41568495928769,0.06580630044266945,0.0036865822497727935
TBL@NYR,Adam Fox,d1,SOG,over,1.5,fanduel,-113,1.6547824714591808,0.4829187322190903,0.5305164319248826,0.0032123787565234707,198,0.006055191815393712,1.6747483629591802,1.8307120958354328,0.5337288106814061,-0.04759769970579231
FLA@SJS,Macklin Celebrini,f1,A,over,0.5,draftkings,-110,0.7165608727986145,0.5115708592589813,0.5238095238095238,0.0030766762843426054,149,0.005873654724654065,0.6731064296764996,0.7484193276600379,0.5268862000938664,-0.012238664550542566
EDM@VAN,Linus Karlsson,f3,SOG,over,1.5,draftkings,110,1.484722855003048,0.4301629486279761,0.47619047619047616,0.003057158243301883,103,0.006420032310934021,1.5341791540118745,1.6425724447157017,0.47924763443377805,-0.04602752756250006
CHI@UTA,Mikhail Sergachev,d1,PTS,over,0.5,draftkings,-145,0.8744910923960284,0.5829257820798007,0.5918367346938775,0.0026574957080925943,185,0.0044902513688460655,0.8077505632989486,0.9026201771727007,0.5944942304019701,-0.008910952614076817
CHI@UTA,Michael Carcone,f4,G,over,1.5,draftkings,5000,0.22816947666365933,0.02239018052962583,0.0196078431372549,0.00264489993892297,205,0.13488989688507136,,0.2274117762164448,0.02225274307617787,0.0027823373923709267
FLA@SJS,Will Smith,f1,PTS,over,0.5,fanduel,-140,0.8543535679450249,0.5744418033539389,0.5833333333333334,0.0026441441430767876,140,0.004532818530988747,0.7436119744858549,0.8818349044056766,0.5859774774764102,-0.008891529979394464
SEA@CGY,Mikael Backlund,f2,A,under,0.5,draftkings,-370,0.2259308808126033,0.7977732411982109,0.7872340425531915,0.0025657302962517337,237,0.0032591709168603433,0.2986362943828177,0.23597581773479118,0.7897997728494432,0.010539198645019399
PHI@NJD,Noah Cates,f3,G,over,1.5,fanduel,6500,0.2017749296021575,0.017814764547497558,0.015151515151515152,0.002552900397140949,217,0.16849142621130264,,0.20110487961724388,0.0177044155486561,0.002663249395982406
CHI@UTA,Frank Nazar,f3,G,over,1.5,draftkings,3500,0.26996996132054774,0.03050185109739832,0.027777777777777776,0.002539530434722055,119,0.09142309564999396,0.2666286632539486,0.26907345069424426,0.03031730821249983,0.0027240733196205423
MIN@NSH,Jonathan Marchessault,f3,G,over,0.5,fanduel,360,0.2490926091780894,0.22049221953297474,0.21739130434782608,0.002455853976471134,218,0.011296928291767205,0.22603790934075652,0.24826542762807738,0.21984715832429721,0.003100915185148656
EDM@VAN,Liam Ohgren,f2,A,under,0.5,draftkings,-350,0.23762639415454126,0.7884972232426097,0.7777777777777778,0.002432884292455584,98,0.003127994090299957,0.3128723212803395,0.2481913161862008,0.7802106620702334,0.010719445464831945
SEA@CGY,Morgan Frost,f1,SOG,under,2.5,draftkings,-170,1.9676319790648535,0.6852451370675832,0.6296296296296297,0.002400136271823783,231,0.003811981137602505,2.3645927940259046,2.1768224684240587,0.6320297659014534,0.055615507437953515
FLA@SJS,Michael Misa,f2,G,over,1.5,draftkings,5000,0.22679103227855865,0.022140411108721798,0.0196078431372549,0.0023965991228979237,45,0.12222655526779413,0.22603790934075652,0.22603790934075652,0.022004442260152825,0.002532567971466896
TBL@NYR,Pavel Dorofeyev,f2,G,over,1.5,draftkings,1600,0.39978475197003854,0.061494230841269745,0.058823529411764705,0.0023152055297678484,210,0.0393584940060534,0.3603389684675673,0.3984571550899187,0.06113873494153255,0.00267070142950504
EDM@VAN,Trent Frederic,f4,G,over,1.5,fanduel,10000,0.1655805739967793,0.012285177737833922,0.009900990099009901,0.002307142422837704,215,0.23302138470660805,,0.16503071747432982,0.012208132521847605,0.002384187638824021
MIN@NSH,Ryan Hartman,f3,SOG,over,2.5,fanduel,130,2.221023242262959,0.37906860654753805,0.43478260869565216,0.0022544561318567635,216,0.005185249103270451,2.2351866339417095,2.4571532421158655,0.4370370648275089,-0.05571400214811412
FLA@SJS,Collin Graf,f3,G,over,1.5,draftkings,5000,0.22482342347660272,0.02178591684470845,0.0196078431372549,0.002044191186587392,121,0.10425375051595709,,0.22407683453314103,0.021652034323842294,0.0021780737074535497
SEA@CGY,Joel Farabee,f2,A,under,0.5,draftkings,-290,0.2811916715889689,0.7548836318676587,0.7435897435897436,0.0019151985609660027,242,0.0025756118578508236,0.3603389684675673,0.2936935154891773,0.7455049421507096,0.01129388827791511
EDM@VAN,Elias Pettersson,f1,A,over,0.5,fanduel,164,0.4587693303006764,0.36793897458803804,0.3787878787878788,0.0019126446057074475,221,0.0050493817590677725,,0.4791663161758698,0.38070052339358623,-0.010848904199840748
PHI@NJD,Christian Dvorak,f2,G,over,1.5,draftkings,6500,0.19746860077044698,0.01711069197985593,0.015151515151515152,0.0018530324013191837,189,0.12230013848706611,,0.19681285115265235,0.017004547552834336,0.001959176828340778
TBL@NYR,Brayden Point,f1,G,over,1.5,draftkings,1800,0.37429313981566503,0.05479516750737337,0.05263157894736842,0.0018439505857343816,218,0.03503506112895316,0.3577496350684979,0.3730501949504072,0.0544755295331028,0.002163588560004953
MIN@NSH,Jonathan Marchessault,f3,G,over,1.5,draftkings,4000,0.2490926091780894,0.0263225926218221,0.024390243902439025,0.0017719355679800507,218,0.07264935828718211,0.22603790934075652,0.24826542762807738,0.026162179470419076,0.0019323487193830743
PHI@NJD,Trevor Zegras,f1,G,over,1.5,draftkings,4000,0.24902213379662846,0.026308909896999765,0.024390243902439025,0.0017583323207737492,167,0.07209162515172363,0.23791002143004977,0.24819518627979578,0.026148576223212774,0.0019186659945607393
MIN@NSH,Ryan Hartman,f3,G,over,1.5,fanduel,3000,0.2867849185354826,0.03404508949261249,0.03225806451612903,0.0015822445175735014,216,0.04904958004477855,,0.28583256914937677,0.03384030903370253,0.0017870249764834617
MIN@NSH,Ryan Hartman,f3,G,over,1.5,draftkings,3000,0.2867849185354826,0.03404508949261249,0.03225806451612903,0.0015822445175735014,216,0.04904958004477855,,0.28583256914937677,0.03384030903370253,0.0017870249764834617
SEA@CGY,Morgan Frost,f1,PTS,under,0.5,draftkings,-115,0.6034657186122474,0.5469129015325593,0.5348837209302325,0.001515308012738581,231,0.00283296715425041,0.6931471805599455,0.6228769378988265,0.5363990289429711,0.012029180602326828
TBL@NYR,Jake Guentzel,f2,G,over,0.5,fanduel,200,0.4089101112966539,0.33562605064892237,0.3333333333333333,0.0013899510133951742,226,0.004169853040185467,0.37623546979322614,0.40755221111328827,0.3347232843467285,0.0022927173155890546
PHI@NJD,Noah Cates,f3,G,over,1.5,draftkings,6000,0.2017749296021575,0.017814764547497558,0.01639344262295082,0.0013109729257052803,217,0.07996934846802217,,0.20110487961724388,0.0177044155486561,0.0014213219245467375
CHI@UTA,Jack McBain,f3,G,over,1.5,fanduel,6500,0.19396911198470992,0.016547527035374272,0.015151515151515152,0.00129323781736225,220,0.08535369594590847,,0.19332498339640944,0.016444752968877402,0.0013960118838591204
TBL@NYR,Adam Fox,d1,A,over,0.5,draftkings,-105,0.6897094118948204,0.49827815771547507,0.5121951219512195,0.0012346552250830367,198,0.002410517344209717,0.645107203972583,0.7203740448666593,0.5134297771763026,-0.013916964235744456
TBL@NYR,Jake Guentzel,f2,G,over,1.5,draftkings,1500,0.4089101112966539,0.06395682507717586,0.0625,0.001088287880051636,226,0.017412606080826176,0.37623546979322614,0.40755221111328827,0.06358828788005164,0.0014568250771758579
CHI@UTA,Anton Frondell,f1,G,over,1.5,draftkings,2800,0.29413728532485683,0.03564230579464194,0.034482758620689655,0.0009457075109871524,13,0.027425517818627343,0.2591256218654068,0.2931605203522061,0.03542846613167681,0.001159547173952287
SEA@CGY,Zayne Parekh,d2,G,over,1.5,fanduel,10000,0.1538860546389302,0.010693049407165025,0.009900990099009901,0.0007247312829730922,38,0.07319785958028224,,0.1533750330328638,0.010625721381982993,0.0007920593081551242
SEA@CGY,Zayne Parekh,d2,G,over,1.5,draftkings,10000,0.1538860546389302,0.010693049407165025,0.009900990099009901,0.0007247312829730922,38,0.07319785958028224,,0.1533750330328638,0.010625721381982993,0.0007920593081551242
MIN@NSH,Jared Spurgeon,d1,A,under,0.5,draftkings,-320,0.2595541090494775,0.7713954673892082,0.7619047619047619,0.0006400960439246761,159,0.0008401260576511582,0.33484754089421115,0.2710939421343545,0.7625448579486865,0.009490705484446305
CHI@UTA,Lawson Crouse,f3,G,over,1.5,draftkings,3000,0.2820521247054684,0.0330322243590751,0.03225806451612903,0.0005751444537860639,239,0.01782947806736801,,0.28111549188256824,0.032833208969915095,0.0007741598429460705
CHI@UTA,Lawson Crouse,f3,G,over,1.5,fanduel,3000,0.2820521247054684,0.0330322243590751,0.03225806451612903,0.0005751444537860639,239,0.01782947806736801,,0.28111549188256824,0.032833208969915095,0.0007741598429460705
MIN@NSH,Blake Coleman,f1,PTS,over,0.5,draftkings,125,0.5703525438971675,0.43467389870291223,0.4444444444444444,0.0005064202486710356,226,0.001139445559509733,0.5387158777478238,0.5886986370699595,0.44495086469311546,-0.009770545741532188
CHI@UTA,Daniil But,f4,G,over,1.5,draftkings,5500,0.20446620485556066,0.018260930800065998,0.017857142857142856,0.00029077968131885,29,0.01628366215385557,,0.2037872177398226,0.018147922538461706,0.00040378794292314155
PHI@NJD,Travis Konecny,f2,A,over,0.5,draftkings,200,0.38843091409987646,0.32187993120302155,0.3333333333333333,0.00015700172882088248,233,0.00047100518646270295,0.37469344944141075,0.40570063843648596,0.3334903350621542,-0.011453402130311763
EDM@VAN,Jake DeBrusk,f1,G,over,0.5,fanduel,240,0.3493723675865372,0.2948694863695275,0.29411764705882354,-6.671974031385863e-05,240,-0.00022684711706710825,0.32074293471266907,0.3482121791028035,0.2940509273185097,0.0007518393107039389
EDM@VAN,Drew O'Connor,f3,G,over,1.5,fanduel,6500,0.18497783515221627,0.015138015861128607,0.015151515151515152,-0.00010780894445126289,242,-0.007115390333783389,,0.18436356460880693,0.015043706207063889,-1.3499290386544821e-05
EDM@VAN,Trent Frederic,f4,G,over,1.5,draftkings,8000,0.1655805739967793,0.012285177737833922,0.012345679012345678,-0.00013754649049807326,215,-0.011141265730343908,,0.16503071747432982,0.012208132521847605,-6.050127451175634e-05
BUF@CBJ,Josh Norris,f1,G,over,1.5,draftkings,3500,0.2557826963776438,0.027634635491314712,0.027777777777777776,-0.0003111618932602339,150,-0.011201828157368476,0.2520700006629038,0.2549332985253589,0.027466615884517542,-0.00014314228646306396
CHI@UTA,Teuvo Teravainen,f2,G,over,1.5,fanduel,10000,0.14556659468974342,0.009620660025817353,0.009900990099009901,-0.0003410775004787526,229,-0.03444882754835399,,0.14508320017305046,0.009559912598531149,-0.000280330073192548
CHI@UTA,Anders Lee,f2,G,over,1.5,draftkings,2200,0.3279612495386657,0.043348754271837216,0.043478260869565216,-0.0003865272292676511,241,-0.008890126273155996,,0.3268721626499282,0.043091733640297565,-0.0001295065977280005
MIN@NSH,Matthew Wood,f2,A,under,0.5,draftkings,-320,0.26086665044291135,0.7703836430834559,0.7619047619047619,-0.0004045584025931248,73,-0.0005309829034034763,0.33059143913295896,0.27246483940838945,0.7615002035021687,0.008478881178693998
TBL@NYR,Victor Hedman,d2,SOG,under,1.5,draftkings,-165,1.1980677243683089,0.6658549968563559,0.6226415094339622,-0.0004254201829375637,187,-0.0006832505968391578,1.459266536336189,1.3254413268573215,0.6222160892510247,0.043213487422393615
MIN@NSH,Bobby Brink,f3,G,over,1.5,draftkings,4500,0.2228145668905169,0.021426463986867747,0.021739130434782608,-0.0004444310987154719,201,-0.0204438305409117,,0.22207464891617837,0.021294699336067136,-0.0003126664479148611
MIN@NSH,Bobby Brink,f3,G,over,1.5,fanduel,4500,0.2228145668905169,0.021426463986867747,0.021739130434782608,-0.0004444310987154719,201,-0.0204438305409117,,0.22207464891617837,0.021294699336067136,-0.0003126664479148611
CHI@UTA,Patrick Kane,f1,SOG,over,2.5,fanduel,116,2.3179175249348907,0.4031484172674361,0.46296296296296297,-0.0005043447348187513,186,-0.001089384627208534,2.403390588863294,2.5643489239436916,0.4624586182281442,-0.059814545695526855
CHI@UTA,Mikhail Sergachev,d1,G,over,1.5,draftkings,8000,0.16257003053892383,0.011865970009829191,0.012345679012345678,-0.0005542016100577429,185,-0.04489033041467716,,0.16203017136650436,0.011791477402287935,-0.00047970900251648706
PHI@NJD,Stefan Noesen,f4,G,over,1.5,fanduel,10000,0.14322464133599686,0.009327961349110897,0.009900990099009901,-0.0006319748858085485,194,-0.0638294634666634,,0.1427490239292374,0.009269015213201353,-0.0005730287498990037
TBL@NYR,Brayden Point,f1,A,over,0.5,fanduel,152,0.48298402840521293,0.38306032319461447,0.3968253968253968,-0.0006583993802853905,218,-0.001659166438319204,0.44693090250038936,0.504457605112855,0.3961669974451114,-0.013765073630782332
CHI@UTA,Logan Cooley,f2,A,over,0.5,draftkings,155,0.4755881085525149,0.3784805719302365,0.39215686274509803,-0.0006723830559279831,207,-0.0017145767926163291,0.4567272784507173,0.49673286102800807,0.39148447968917005,-0.013676290814861547
MIN@NSH,Matt Boldy,f1,SOG,under,3.5,fanduel,-154,2.8984494187835854,0.6687258055325401,0.6062992125984252,-0.0008977645569974158,230,-0.0014807285550476612,3.526970687591097,3.206600566330196,0.6054014480414278,0.0624265929341149
SEA@CGY,Ryan Winterton,f3,G,over,1.5,fanduel,10000,0.14097292034049358,0.009050379532828756,0.009900990099009901,-0.0009078463367946082,86,-0.0916924800162554,,0.1405047804019312,0.008993143762215293,-0.0008506105661811453
TBL@NYR,J.T. Miller,f2,G,over,1.5,draftkings,2800,0.28510000224305637,0.03368311877493899,0.034482758620689655,-0.0010023618404918083,218,-0.029068493374262427,0.2735973325700419,0.2841532480918915,0.033480396780197846,-0.0007996398457506618
SEA@CGY,Bobby McMann,f2,SOG,over,2.5,fanduel,-114,2.5959070077040916,0.46982099343919415,0.5327102803738317,-0.001096246140853907,204,-0.0020578655626555253,2.7738691856540143,2.871893098116536,0.5316140342329778,-0.06288928693463758
TBL@NYR,Adam Fox,d1,A,over,0.5,fanduel,-106,0.6897094118948204,0.49827815771547507,0.5145631067961165,-0.0011333296198139386,198,-0.002202508506430889,0.645107203972583,0.7203740448666593,0.5134297771763026,-0.01628494908064143
PHI@NJD,Tyson Foerster,f2,SOG,over,1.5,fanduel,-138,1.8071514000209534,0.5271529542147019,0.5798319327731093,-0.0011372958870835559,185,-0.0019614233414919635,1.8936780109764226,1.9992802583332812,0.5786946368860257,-0.05267897855840742
EDM@VAN,Colton Dach,f2,G,over,1.5,draftkings,8000,0.15815512118263023,0.01126288825901298,0.012345679012345678,-0.0011536037395480456,87,-0.09344190290339172,,0.15762992294927497,0.011192075272797633,-0.0010827907533326984
SEA@CGY,Chandler Stephenson,f2,PTS,under,0.5,draftkings,-125,0.5716013444660253,0.5646205623705948,0.5555555555555556,-0.001221400917101434,230,-0.0021985216507826033,0.6641596436866928,0.58998760684966,0.5543341546384541,0.00906500681503919
MIN@NSH,Kirill Kaprizov,f2,G,over,1.5,draftkings,1000,0.49990347140015257,0.09017473806639133,0.09090909090909091,-0.0012373269348150695,191,-0.013610596282965792,0.5079847127643868,0.4982434023611972,0.08967176397427584,-0.0007343528426995843
CHI@UTA,Clayton Keller,f1,G,over,0.5,fanduel,200,0.40490954809289453,0.33296285708845474,0.3333333333333333,-0.0012679877923940097,237,-0.003803963377182029,0.37623546979322614,0.4035649328965172,0.3320653455409393,-0.00037047624487857034
FLA@SJS,Seth Jones,d2,PTS,over,0.5,draftkings,-110,0.716136899705442,0.5113637345408346,0.5238095238095238,-0.0013184973297999392,179,-0.0025171312659817424,0.6641596436866928,0.739172326525313,0.5224910264797239,-0.012445789268689222
FLA@SJS,Seth Jones,d2,G,over,1.5,fanduel,8000,0.1567809865274562,0.011078032133629777,0.012345679012345678,-0.001337330219733016,179,-0.10832374779837428,,0.15626035149185194,0.011008348792612662,-0.0012676468787159011
SEA@CGY,Matty Beniers,f1,G,over,1.5,draftkings,2500,0.30165691802280786,0.03730526651697944,0.038461538461538464,-0.0013795028732554032,238,-0.035867074704640456,,0.30065518201046576,0.03708203558828306,-0.0011562719445590217
PHI@NJD,Timo Meier,f2,PTS,under,0.5,draftkings,-130,0.5551826114007798,0.5739674386278593,0.5652173913043478,-0.0014089594311863518,222,-0.0024927743782527934,0.6337237600891448,0.5730407449808924,0.5638084318731614,0.008750047323511478
MIN@NSH,Michael McCarron,f4,G,over,1.5,fanduel,10000,0.13600001981447168,0.008450771844923523,0.009900990099009901,-0.001503752316849457,219,-0.15187898400179511,,0.1355483937804316,0.008397237782160444,-0.0014502182540863783
BUF@CBJ,Danton Heinen,f4,G,over,1.5,draftkings,10000,0.13507945179785316,0.008341814089858521,0.009900990099009901,-0.0016120363517375287,196,-0.16281567152549037,,0.13463088276691482,0.008288953747272372,-0.00155917600915138
TBL@NYR,Pontus Holmberg,f3,G,over,1.5,fanduel,8000,0.15437160219505464,0.010757196694997343,0.012345679012345678,-0.0016562030500566725,188,-0.1341524470545905,,0.15385896819277378,0.010689475962289006,-0.0015884823173483355
EDM@VAN,Jake Walman,d3,SOG,under,1.5,draftkings,110,1.6281771676160368,0.5251041706378833,0.47619047619047616,-0.001693122388575441,182,-0.003555557016008404,1.9055394884277386,1.8012782261884628,0.4744973538019007,0.04891369444740712
MIN@NSH,Ross Colton,f3,G,over,1.5,draftkings,6000,0.18237300306263513,0.014739853376569622,0.01639344262295082,-0.0017455001958734968,214,-0.10647551194828331,,0.18176738259139166,0.014647942427077324,-0.0016535892463811989
TBL@NYR,Brandon Hagel,f2,A,over,0.5,fanduel,148,0.4914396831739725,0.38825495914021596,0.4032258064516129,-0.0017494798820446578,232,-0.004338710107470778,0.5079847127643868,0.513289200162476,0.4014763265695682,-0.014970847311396918
TBL@NYR,Anthony Cirelli,f2,G,over,1.5,draftkings,3500,0.24819610109508503,0.026148753371749923,0.027777777777777776,-0.001788427556050045,227,-0.06438339201780163,,0.24737189665044818,0.02598935022172773,-0.0016290244060278534
FLA@SJS,Matthew Tkachuk,f2,G,over,0.5,fanduel,180,0.4404830199495391,0.35627458623905434,0.35714285714285715,-0.0018105672217313962,164,-0.005069588220847909,0.40546510810816355,0.4390202731085225,0.35533228992112575,-0.0008682709038028147
MIN@NSH,Danila Yurov,f2,G,over,1.5,draftkings,4500,0.21479743469097948,0.020017037053209185,0.021739130434782608,-0.0018455305507333979,73,-0.08489440533373627,,0.21408413984231836,0.01989359988404921,-0.001722093381573423
CHI@UTA,Barrett Hayton,f3,G,over,1.5,draftkings,4000,0.2292209171282208,0.022581482971384934,0.024390243902439025,-0.0019473224456066605,178,-0.07984022026987303,,0.22845972507940437,0.022442921456832365,-0.001808760931054091
SEA@CGY,Ryan Winterton,f3,G,over,1.5,draftkings,9000,0.14097292034049358,0.009050379532828756,0.01098901098901099,-0.001995867226795697,86,-0.18162391763840846,,0.1405047804019312,0.008993143762215293,-0.001938631456182234
MIN@NSH,Roman Josi,d1,G,over,1.5,fanduel,5500,0.19012591332501055,0.015938419699851873,0.017857142857142856,-0.002017844533273576,203,-0.1129992938633203,,0.18949454715079705,0.01583929832386928,-0.001918723157290983
MIN@NSH,Roman Josi,d1,G,over,1.5,draftkings,5500,0.19012591332501055,0.015938419699851873,0.017857142857142856,-0.002017844533273576,203,-0.1129992938633203,,0.18949454715079705,0.01583929832386928,-0.001918723157290983
TBL@NYR,Brayden Point,f1,SOG,over,2.5,draftkings,130,2.204803373198191,0.37500353777263523,0.43478260869565216,-0.0020605017479737864,218,-0.004739154020339753,2.3518674075621977,2.4392089436948448,0.4327221069476784,-0.05977907092301693
CHI@UTA,Ryan Donato,f3,G,over,1.5,draftkings,6500,0.17149638430217165,0.01312756365328716,0.015151515151515152,-0.0021061136691558936,237,-0.13900350216428903,,0.17092688268003758,0.013045401482359258,-0.0020239514982279914
FLA@SJS,Seth Jones,d2,G,over,1.5,draftkings,7500,0.1567809865274562,0.011078032133629777,0.013157894736842105,-0.002149545944229442,179,-0.16336549176143766,,0.15626035149185194,0.011008348792612662,-0.0020798626032123273
EDM@VAN,Jake DeBrusk,f1,PTS,under,0.5,draftkings,-120,0.5910966324218667,0.5537197246576689,0.5454545454545454,-0.002163433426326522,240,-0.00396629461493192,0.6834100052820871,0.6101099847923793,0.5432911120282189,0.00826517920312353
CHI@UTA,Ryan Greene,f4,G,over,1.5,fanduel,10000,0.1301247262216515,0.007766406799719611,0.009900990099009901,-0.0021838801630964313,83,-0.22057189647273956,,0.1296926107402405,0.00771710993591347,-0.0021345832992902903
BUF@CBJ,Jiri Kulich,f4,G,over,1.5,draftkings,6500,0.1707453782948293,0.01301926340415963,0.015151515151515152,-0.0022137569816666897,71,-0.14610796079000155,,0.17017837059780716,0.012937758169848462,-0.002132251747355521
BUF@CBJ,Dmitri Voronkov,f4,G,over,1.5,fanduel,5000,0.19965644392453522,0.017466878985675813,0.0196078431372549,-0.002249236902542893,207,-0.1147110820296875,,0.1989934289627492,0.01735860623471201,-0.0021409641515790882
CHI@UTA,Mikhail Sergachev,d1,G,over,1.5,fanduel,7000,0.16257003053892383,0.011865970009829191,0.014084507042253521,-0.002293029639965586,185,-0.16280510443755658,,0.16203017136650436,0.011791477402287935,-0.00221853703242433
CHI@UTA,Logan Cooley,f2,PTS,over,0.5,fanduel,-162,0.9272719973033238,0.6043684765724834,0.6183206106870229,-0.002325941180271296,207,-0.0037617073409326185,0.7649729151312009,0.9570988449979224,0.6159946695067516,-0.01395213411453955
MIN@NSH,Filip Forsberg,f2,PTS,over,0.5,fanduel,-166,0.9414505475902883,0.6099383781476589,0.6240601503759399,-0.0024866302051399503,242,-0.003984600208236322,0.9076823573375551,0.9717334658458112,0.6215735201707999,-0.014121772228280927
FLA@SJS,Dmitry Orlov,d3,PTS,over,0.5,draftkings,145,0.5041037293262226,0.39595327775345607,0.40816326530612246,-0.00249428201265417,236,-0.006110990931002758,0.4808679978919112,0.5203188476524735,0.4056689832934683,-0.01220998755266639
EDM@VAN,Leon Draisaitl,f1,G,under,0.5,fanduel,-135,0.5605577908236464,0.5708905375184072,0.574468085106383,-0.0025138516158911273,218,-0.00437596392395867,0.6261364702769852,0.5586963021836792,0.5719542334904919,-0.0035775475879757934
MIN@NSH,Marcus Foligno,f4,G,over,1.5,fanduel,10000,0.1268443531935743,0.007395750707764476,0.009900990099009901,-0.0025522357481689096,185,-0.2577758105650598,,0.12642313110661177,0.0073487543508409916,-0.002505239391245425
FLA@SJS,Sam Reinhart,f1,G,over,0.5,fanduel,180,0.43914105704688333,0.3554101507238214,0.35714285714285715,-0.002673391388066937,223,-0.007485495886587423,0.40546510810816355,0.4376827665683318,0.3544694657547902,-0.0017327064190357233
FLA@SJS,Macklin Celebrini,f1,SOG,under,3.5,draftkings,-125,3.1361841765692087,0.6197489578777172,0.5555555555555556,-0.0026975369442494568,149,-0.004855566499649022,3.580522857126505,3.4696102997454092,0.5528580186113061,0.06419340232216164
BUF@CBJ,Zach Benson,f2,G,under,0.5,fanduel,-420,0.21769194157191463,0.8043731974457715,0.8076923076923077,-0.002737413107502973,207,-0.0033891781330989135,0.282027014968436,0.21696903470507203,0.8049548945848047,-0.0033191102465361944
CHI@UTA,Teuvo Teravainen,f2,G,over,1.5,draftkings,8000,0.14556659468974342,0.009620660025817353,0.012345679012345678,-0.00278576641381453,229,-0.2256470795189769,,0.14508320017305046,0.009559912598531149,-0.0027250189865283252
FLA@SJS,Sam Reinhart,f1,SOG,over,2.5,draftkings,-110,2.5512613681595595,0.4593886767913952,0.5238095238095238,-0.0028968115333118938,223,-0.005530276563595393,2.673127557134939,2.82250091893276,0.5209127122762119,-0.06442084701812861
FLA@SJS,Sam Reinhart,f1,SOG,over,2.5,fanduel,-110,2.5512613681595595,0.4593886767913952,0.5238095238095238,-0.0028968115333118938,223,-0.005530276563595393,2.673127557134939,2.82250091893276,0.5209127122762119,-0.06442084701812861
TBL@NYR,Adam Fox,d1,G,over,1.5,fanduel,8000,0.14432102171718064,0.009464481906701239,0.012345679012345678,-0.0029409836816859953,198,-0.23821967821656564,,0.14384176347327995,0.009404695330659683,-0.0028811971056444396
PHI@NJD,Travis Konecny,f2,PTS,over,0.5,draftkings,105,0.6426363628824449,0.47409587929209557,0.4878048780487805,-0.00294952274587279,233,-0.006046521629039181,0.6077183327815403,0.6633075542636674,0.4848553553029077,-0.01370899875668491
MIN@NSH,Blake Coleman,f1,G,over,1.5,draftkings,2800,0.2752524308019057,0.03159828876503722,0.034482758620689655,-0.003075296231876974,226,-0.08918359072443227,0.2735973325700419,0.2743383782609389,0.03140746238881268,-0.0028844698556524315
CHI@UTA,Bowen Byram,d1,G,over,1.5,fanduel,10000,0.1212112633602611,0.00677859824198881,0.009900990099009901,-0.0031655487561339296,234,-0.31972042436952686,,0.1208087475207262,0.0067354413428759715,-0.0031223918570210908
CHI@UTA,Ryan Greene,f4,G,over,1.5,draftkings,9000,0.1301247262216515,0.007766406799719611,0.01098901098901099,-0.00327190105309752,83,-0.29774299583187436,,0.1296926107402405,0.00771710993591347,-0.003222604189291379
EDM@VAN,Brock Boeser,f2,G,under,0.5,fanduel,-320,0.27718779285142203,0.7579121532609598,0.7619047619047619,-0.0032946448997291933,228,-0.004324221430894615,0.33484754089421115,0.2762673134004588,0.7586101170050327,-0.00399260864380202
FLA@SJS,Brady Tkachuk,f1,PTS,under,0.5,draftkings,140,0.8562091136307555,0.424769286126358,0.4166666666666667,-0.003436334306079425,214,-0.008247202334590642,0.9448446772232407,0.883750136007427,0.41323033236058726,0.008102619459691318
PHI@NJD,Cody Glass,f4,G,over,1.5,fanduel,8000,0.13945967093955136,0.008865957295273315,0.012345679012345678,-0.0035358199935993755,172,-0.2864014194815494,,0.13899655616809112,0.008809859018746303,-0.003479721717072363
TBL@NYR,Oliver Bjorkstrand,f2,G,over,1.5,draftkings,5000,0.1914178357557725,0.0161420766927739,0.0196078431372549,-0.0035661099698867625,240,-0.1818716084642249,,0.190782179392451,0.01604173316736814,-0.0034657664444810027
EDM@VAN,Zeev Buium,d1,A,under,0.5,draftkings,-255,0.3215431858948429,0.7250293183114354,0.7183098591549296,-0.0035717376755337593,77,-0.004972419116919591,0.3977528396660086,0.33583906704422867,0.7147381214793959,0.006719459156505736
SEA@CGY,Joel Farabee,f2,SOG,over,1.5,fanduel,-165,1.9556205940779319,0.5673987817298681,0.6226415094339622,-0.003622401372494033,242,-0.005817796143702592,1.9873079652629175,2.1635340826920637,0.6190191080614682,-0.05524272770409411
PHI@NJD,Owen Tippett,f1,PTS,under,0.5,draftkings,-155,0.48813674177621286,0.6137689394493689,0.6078431372549019,-0.0036360392052315893,234,-0.005981870950542256,0.568259068548668,0.5038382622507216,0.6042070980496703,0.005925802194467034
MIN@NSH,Ryan O'Reilly,f1,PTS,over,0.5,draftkings,-145,0.8593680214963239,0.576570403820054,0.5918367346938775,-0.0037219162395593086,238,-0.006288755025462334,0.7944689391622576,0.8870106540413836,0.5881148184543182,-0.015266330873823564
PHI@NJD,Alex Bump,f3,G,over,1.5,fanduel,6500,0.15974594734398945,0.011478589600494114,0.015151515151515152,-0.003745055620180078,18,-0.24717367093188514,,0.15921546632824135,0.011406459531335074,-0.0036729255510210383
TBL@NYR,Adam Fox,d1,G,over,1.5,draftkings,7500,0.14432102171718064,0.009464481906701239,0.013157894736842105,-0.0037531994061824215,198,-0.28524315486986407,,0.14384176347327995,0.009404695330659683,-0.003693412830140866
EDM@VAN,Brendan Gallagher,f4,G,over,1.5,draftkings,9000,0.1250943239649455,0.0072013931030297735,0.01098901098901099,-0.003833406330737918,233,-0.34883997609715056,,0.12467891333860673,0.007155604658273072,-0.0037876178859812164
EDM@VAN,Linus Karlsson,f3,G,over,1.5,draftkings,4500,0.20285225245460797,0.017992800235951647,0.021739130434782608,-0.003857740810448526,103,-0.17745607728063217,,0.20217862491839766,0.017881389624334082,-0.003746330198830961
MIN@NSH,Filip Forsberg,f2,G,over,1.5,draftkings,1300,0.42330613408791357,0.06790795201239827,0.07142857142857142,-0.00390992713732749,242,-0.05473897992258492,0.37623546979322614,0.42190042789181326,0.06751864429124393,-0.003520619416173154
SEA@CGY,Matty Beniers,f1,SOG,over,1.5,fanduel,-164,1.9489445865670667,0.5656499752632691,0.6212121212121212,-0.0039333122456026715,238,-0.006331673370970181,2.006299310339203,2.1561483096899776,0.6172788089665185,-0.055562145948852115
PHI@NJD,Dawson Mercer,f3,G,over,1.5,draftkings,5500,0.17747491270887403,0.014003694735235099,0.017857142857142856,-0.0039409150309214856,242,-0.22069124173160315,,0.17688555771409048,0.01391622782622137,-0.003853448121907757
PHI@NJD,Dawson Mercer,f3,G,over,1.5,fanduel,5500,0.17747491270887403,0.014003694735235099,0.017857142857142856,-0.0039409150309214856,242,-0.22069124173160315,,0.17688555771409048,0.01391622782622137,-0.003853448121907757
EDM@VAN,Max Jones,f2,G,over,1.5,draftkings,10000,0.11315365920261451,0.005938832854985278,0.009900990099009901,-0.004000070846144069,96,-0.404007155460551,,0.11277790088719283,0.005900919252865832,-0.003962157244024623
PHI@NJD,Jamie Drysdale,d2,PTS,under,0.5,draftkings,-215,0.37576068769123405,0.6867666650943824,0.6825396825396826,-0.004023869268018787,180,-0.005895436369422913,0.45397294897201484,0.38784749375674477,0.6785158132716638,0.004226982554699887
BUF@CBJ,Jack Quinn,f2,G,over,1.5,draftkings,2800,0.2705428678271684,0.030620016097009893,0.034482758620689655,-0.004047963512507153,179,-0.11739094186270749,0.29105475693042016,0.2696444547048667,0.030434795108182502,-0.0038627425236797616
SEA@CGY,Berkly Catton,f3,G,over,1.5,draftkings,5000,0.18830072005605974,0.015652604263378108,0.0196078431372549,-0.004052643596252906,66,-0.20668482340889827,,0.18767541494565002,0.015555199541001995,-0.003955238873876794
CHI@UTA,Nick Lardis,f2,G,over,1.5,draftkings,5500,0.17619441536085084,0.01381395973144809,0.017857142857142856,-0.00412950270293957,42,-0.23125215136461585,,0.1756093126149984,0.013727640154203287,-0.004043183125694766
TBL@NYR,Conor Geekie,f4,G,over,1.5,draftkings,8000,0.13390556461586003,0.008203802755960462,0.012345679012345678,-0.004193882754499948,65,-0.33970450311449585,,0.13346089380503326,0.00815179625784573,-0.004141876256385216
TBL@NYR,Eeli Tolvanen,f3,G,over,1.5,draftkings,6000,0.16547261279261138,0.012270033472549177,0.01639344262295082,-0.00420036222340694,238,-0.2562220956278233,,0.16492311478548075,0.01219308039954388,-0.004123409150401644
PHI@NJD,Sean Couturier,f4,G,over,1.5,draftkings,9000,0.12126243639805023,0.006784093946155434,0.01098901098901099,-0.004248108183057131,229,-0.3865778446581989,,0.12085975062415696,0.006740902805953859,-0.004204917042855556
CHI@UTA,Bowen Byram,d1,G,over,1.5,draftkings,9000,0.1212112633602611,0.00677859824198881,0.01098901098901099,-0.004253569646135018,234,-0.38707483779828666,,0.1208087475207262,0.0067354413428759715,-0.0042104127470221795
CHI@UTA,Patrick Kane,f1,A,over,0.5,fanduel,144,0.4979524800828268,0.3922261844223426,0.4098360655737705,-0.004302183243210689,186,-0.010497327113434096,0.5079847127643868,0.5200915574621063,0.4055338823305598,-0.01760988115142792
BUF@CBJ,Valeri Nichushkin,f2,A,over,0.5,draftkings,190,0.3985212304402518,0.3286879718092557,0.3448275862068966,-0.004349834387361529,166,-0.012614519723348483,0.3886249069689328,0.416239572472678,0.34047775181953505,-0.01613961439764089
BUF@CBJ,Dmitri Voronkov,f4,G,over,1.5,draftkings,4500,0.19965644392453522,0.017466878985675813,0.021739130434782608,-0.004380524200070599,207,-0.20150411320324757,,0.1989934289627492,0.01735860623471201,-0.004272251449106795
MIN@NSH,Matt Boldy,f1,PTS,under,0.5,draftkings,155,0.9179992430928485,0.399317178982304,0.39215686274509803,-0.004458563544032013,230,-0.011369337037281602,1.003355870859443,0.9475278212092115,0.387698299201066,0.007160316237205977
PHI@NJD,Jack Hughes,f1,SOG,under,3.5,draftkings,-110,3.2933280052750926,0.5878757404894532,0.5238095238095238,-0.004527805524476958,185,-0.008643992364910535,3.7857865360899883,3.643461010010713,0.5192817182850469,0.0640662166799294
EDM@VAN,Max Sasson,f3,G,over,1.5,fanduel,8000,0.12998526923262516,0.007750481590114322,0.012345679012345678,-0.004644395527159485,94,-0.3761960376999184,,0.12955361685707956,0.007701283485186193,-0.004595197422231356
BUF@CBJ,Zach Werenski,d1,SOG,under,3.5,fanduel,-135,3.058498029646877,0.6356785582985742,0.574468085106383,-0.004647876650035632,222,-0.008090748242654655,3.576631215853466,3.3836648831710177,0.5698202084563474,0.061210473192191195
PHI@NJD,Matvei Michkov,f3,G,over,1.5,draftkings,4000,0.21387920943827093,0.019858195918336367,0.024390243902439025,-0.004654544301097054,159,-0.19083631634497922,,0.21316896381290995,0.01973569960134197,-0.004532047984102658
PHI@NJD,Trevor Zegras,f1,A,under,0.5,draftkings,-210,0.3794928977360999,0.684208284824432,0.6774193548387096,-0.004658420216833936,167,-0.006876715558183477,0.4567272784507173,0.3963652358886663,0.6727609346218757,0.006788929985722336
BUF@CBJ,Denton Mateychuk,d1,G,over,1.5,fanduel,10000,0.10591982053481874,0.005228697581756876,0.009900990099009901,-0.004705754272426608,116,-0.47528118151508736,,0.10556808420022383,0.0051952358265832934,-0.004672292517253025
BUF@CBJ,Denton Mateychuk,d1,G,over,1.5,draftkings,10000,0.10591982053481874,0.005228697581756876,0.009900990099009901,-0.004705754272426608,116,-0.47528118151508736,,0.10556808420022383,0.0051952358265832934,-0.004672292517253025
TBL@NYR,Ilya Mikheyev,f1,G,over,1.5,draftkings,4000,0.21309841832074217,0.01972355009625578,0.024390243902439025,-0.004788392207731577,231,-0.19632408051699468,,0.2123907655302668,0.019601851694707448,-0.004666693806183245
BUF@CBJ,Noah Ostlund,f2,SOG,under,1.5,draftkings,-155,1.2499556568217982,0.6479130917563777,0.6078431372549019,-0.0048096978035030435,64,-0.007912728644472788,1.4951290307204679,1.3828457695613414,0.6030334394513989,0.04006995450147577
EDM@VAN,Filip Hronek,d1,G,over,1.5,draftkings,10000,0.1044055730525181,0.005085351360722217,0.009900990099009901,-0.004848199769128757,221,-0.48966817668200446,,0.10405886519943311,0.005052790329881144,-0.004815638738287684
FLA@SJS,Sandis Vilmanis,f3,G,over,1.5,fanduel,10000,0.10433604029342222,0.005078813422149217,0.009900990099009901,-0.0048546966090640565,20,-0.49032435751546966,,0.10398956334327585,0.005046293489945845,-0.004822176676860684
EDM@VAN,Liam Ohgren,f2,PTS,under,0.5,draftkings,-195,0.40827581871872154,0.664795490492198,0.6610169491525424,-0.0048949375821178975,98,-0.007405161983203956,0.48878973536681025,0.4214085140850493,0.6561220115704245,0.0037785413396556056
MIN@NSH,Marcus Foligno,f4,G,over,1.5,draftkings,8000,0.1268443531935743,0.007395750707764476,0.012345679012345678,-0.004996924661504687,185,-0.40475089758187965,,0.12642313110661177,0.0073487543508409916,-0.004949928304581202
TBL@NYR,Noah Laba,f3,G,over,1.5,fanduel,10000,0.10203511222139248,0.004864668712865712,0.009900990099009901,-0.005067494332004608,75,-0.5118169275324654,,0.10169627614527833,0.004833495767005293,-0.005036321386144189
TBL@NYR,Noah Laba,f3,G,over,1.5,draftkings,10000,0.10203511222139248,0.004864668712865712,0.009900990099009901,-0.005067494332004608,75,-0.5118169275324654,,0.10169627614527833,0.004833495767005293,-0.005036321386144189
BUF@CBJ,Zach Werenski,d1,G,over,1.5,fanduel,3300,0.23942475644255812,0.02447295060890225,0.029411764705882353,-0.005088454242697115,222,-0.1730074442517019,,0.23862967969660856,0.024323310463185237,-0.004938814096980104
TBL@NYR,Gage Goncalves,f4,G,over,1.5,draftkings,6500,0.1494464874149903,0.010114477324332447,0.015151515151515152,-0.005100819168634521,133,-0.3366540651298784,,0.14895020863132155,0.010050695982880631,-0.005037037827182705
TBL@NYR,John Carlson,d1,A,under,0.5,draftkings,-130,0.5549662157472045,0.5740916561264509,0.5652173913043478,-0.00511750145108969,230,-0.00905404102885099,0.645107203972583,0.5796401364218633,0.5600998898532581,0.008874264822103073
SEA@CGY,Martin Pospisil,f4,G,over,1.5,draftkings,10000,0.10133729360412565,0.004800570981130683,0.009900990099009901,-0.005131188566306166,163,-0.5182500451969227,,0.10100077482954589,0.004769801532703735,-0.005100419117879218
MIN@NSH,Nils Hoglander,f2,G,over,1.5,fanduel,8000,0.12532143869958745,0.007226483057428504,0.012345679012345678,-0.005165140394306922,186,-0.4183763719388607,,0.1249052738753668,0.007180538618038757,-0.005119195954917174
CHI@UTA,MacKenzie Weegar,d1,G,over,1.5,fanduel,10000,0.10030391062154007,0.004706376730144419,0.009900990099009901,-0.005224789592313207,239,-0.5277037488236338,,0.09997082348365204,0.004676200506696694,-0.005194613368865482
TBL@NYR,John Carlson,d1,SOG,over,1.5,draftkings,-165,1.9492181075579578,0.5657217376324867,0.6226415094339622,-0.005291265597434425,230,-0.008498093232243153,2.048672417876189,2.1564509103007077,0.6173502438365278,-0.05691977180147556
CHI@UTA,Barrett Hayton,f3,G,over,1.5,fanduel,3500,0.2292209171282208,0.022581482971384934,0.027777777777777776,-0.0053348563209454115,178,-0.1920548275540348,,0.22845972507940437,0.022442921456832365,-0.005196294806392842
SEA@CGY,Matty Beniers,f1,SOG,over,1.5,draftkings,-165,1.9489445865670667,0.5656499752632691,0.6226415094339622,-0.005362700467443693,238,-0.008612821962864059,2.006299310339203,2.1561483096899776,0.6172788089665185,-0.05699153417069314
CHI@UTA,Oliver Moore,f3,G,over,1.5,draftkings,7000,0.13846983924425216,0.008746251780440018,0.014084507042253521,-0.00539361471448347,57,-0.3829466447283264,,0.13801001148527564,0.008690892327770051,-0.005338255261813503
EDM@VAN,Jake DeBrusk,f1,G,over,2.5,draftkings,9000,0.3493723675865372,0.005481883489830086,0.01098901098901099,-0.00555691884346119,240,-0.5056796147549683,0.32074293471266907,0.3482121791028035,0.0054320921455498,-0.005507127499180904
EDM@VAN,Jake Walman,d3,PTS,under,0.5,draftkings,-225,0.3643441451740973,0.6946520924370294,0.6923076923076923,-0.005749110963654713,182,-0.008304271391945672,0.4350714013009797,0.37606372406586847,0.6865585813440376,0.002344400129337121
BUF@CBJ,Sam Carrick,f4,G,over,1.5,fanduel,10000,0.09418668453635558,0.004166646435109067,0.009900990099009901,-0.00576111440806189,227,-0.581872555214251,,0.09387391135547982,0.004139875690948011,-0.005734343663900834
BUF@CBJ,Sam Carrick,f4,G,over,1.5,draftkings,10000,0.09418668453635558,0.004166646435109067,0.009900990099009901,-0.00576111440806189,227,-0.581872555214251,,0.09387391135547982,0.004139875690948011,-0.005734343663900834
SEA@CGY,Ryan Strome,f3,G,over,1.5,draftkings,5000,0.17666523002271267,0.01388359021909744,0.0196078431372549,-0.005810993645673536,210,-0.29636067592935034,,0.17607856380533432,0.013796849491581366,-0.005724252918157462
EDM@VAN,Jake Walman,d3,G,over,1.5,draftkings,10000,0.09344130131270148,0.004102980938509424,0.009900990099009901,-0.005824377474345279,182,-0.5882621249088731,,0.09313100338491463,0.004076612624664622,-0.005798009160500477
CHI@UTA,Nick Schmaltz,f1,PTS,over,0.5,draftkings,-175,0.9646434922340452,0.6188809525773191,0.6363636363636364,-0.005838547584784193,239,-0.009174860490375192,0.8886392005436446,0.9956724401653163,0.6305250887788522,-0.017482683786317232
MIN@NSH,Nils Hoglander,f2,G,over,1.5,draftkings,7500,0.12532143869958745,0.007226483057428504,0.013157894736842105,-0.005977356118803348,186,-0.45427906502905446,,0.1249052738753668,0.007180538618038757,-0.0059314116794136
FLA@SJS,Aleksander Barkov,f1,G,over,1.5,draftkings,2000,0.3214155828719495,0.04181270094891103,0.047619047619047616,-0.0060548285974737145,138,-0.12715140054694807,0.33484754089421115,0.32034823269678653,0.0415642190215739,-0.005806346670136589
PHI@NJD,Dougie Hamilton,d2,G,over,1.5,draftkings,8000,0.11591577776686612,0.00622095384589785,0.012345679012345678,-0.006164402763938805,161,-0.4993166238790432,,0.11553084706562845,0.0061812762484068735,-0.006124725166447829
PHI@NJD,Dougie Hamilton,d2,G,over,1.5,fanduel,8000,0.11591577776686612,0.00622095384589785,0.012345679012345678,-0.006164402763938805,161,-0.4993166238790432,,0.11553084706562845,0.0061812762484068735,-0.006124725166447829
SEA@CGY,Berkly Catton,f3,G,over,1.5,fanduel,4500,0.18830072005605974,0.015652604263378108,0.021739130434782608,-0.006183930893780613,66,-0.28446082111390825,,0.18767541494565002,0.015555199541001995,-0.0060865261714045
TBL@NYR,Anthony Cirelli,f2,G,over,1.5,fanduel,3000,0.24819610109508503,0.026148753371749923,0.03225806451612903,-0.0062687142944013,227,-0.19433014312644026,,0.24737189665044818,0.02598935022172773,-0.006109311144379109
EDM@VAN,Filip Hronek,d1,PTS,over,0.5,draftkings,105,0.6363082689496938,0.47075735651462675,0.4878048780487805,-0.006325277240469107,221,-0.01296681834296165,0.6077183327815403,0.6567759093831058,0.48147960080831137,-0.01704752153415373
TBL@NYR,Gage Goncalves,f4,G,over,1.5,fanduel,6000,0.1494464874149903,0.010114477324332447,0.01639344262295082,-0.006342746640070189,133,-0.3869075450442815,,0.14895020863132155,0.010050695982880631,-0.006278965298618374
PHI@NJD,Luke Hughes,d1,G,over,1.5,fanduel,8000,0.11416372650452093,0.006041301577019041,0.012345679012345678,-0.006342932033098984,217,-0.5137774946810177,,0.11378461397863446,0.006002746979246694,-0.0063043774353266375
BUF@CBJ,Tage Thompson,f1,G,over,1.5,draftkings,1300,0.41404893082499283,0.0653580455089296,0.07142857142857142,-0.006446450659318009,224,-0.09025030923045219,0.42179200139558876,0.41267396575673676,0.06498212076925342,-0.006070525919641828
PHI@NJD,Alex Bump,f3,G,over,1.5,draftkings,5500,0.15974594734398945,0.011478589600494114,0.017857142857142856,-0.006450683325807782,18,-0.3612382662452358,,0.15921546632824135,0.011406459531335074,-0.0063785532566487425
CHI@UTA,Mikhail Sergachev,d1,A,over,0.5,draftkings,-115,0.7195368465475848,0.5130222508372627,0.5348837209302325,-0.006529230856007429,185,-0.012206822904709536,0.6931471805599455,0.7515276138599799,0.5283544900742251,-0.021861470092969792
PHI@NJD,Nico Hischier,f2,G,over,1.5,draftkings,1700,0.3525400194053622,0.04929902579660171,0.05555555555555555,-0.006546319537378643,224,-0.11783375167281562,0.3732042458899428,0.35136931184942466,0.04900923601817691,-0.006256529758953841
EDM@VAN,Arshdeep Bains,f4,G,over,1.5,draftkings,10000,0.084477514610957,0.0033734938962380148,0.009900990099009901,-0.006549241899251006,50,-0.6614734318243516,,0.08419698343940749,0.0033517481997588955,-0.006527496202771887
CHI@UTA,Ryan Donato,f3,G,over,1.5,fanduel,5000,0.17149638430217165,0.01312756365328716,0.0196078431372549,-0.006562441654895643,237,-0.3346845243996778,,0.17092688268003758,0.013045401482359258,-0.006480279483967741
EDM@VAN,Marco Rossi,f2,G,over,1.5,draftkings,3000,0.24657809949597748,0.0258362053111104,0.03225806451612903,-0.006579445162342289,212,-0.2039628000326109,,0.24575926807736131,0.025678619353786743,-0.0064218592050186325
EDM@VAN,Marco Rossi,f2,G,over,1.5,fanduel,3000,0.24657809949597748,0.0258362053111104,0.03225806451612903,-0.006579445162342289,212,-0.2039628000326109,,0.24575926807736131,0.025678619353786743,-0.0064218592050186325
FLA@SJS,Matthew Tkachuk,f2,PTS,over,0.5,draftkings,-190,1.0131628780724453,0.6369311807852149,0.6551724137931034,-0.006599680442678446,164,-0.010073196465140821,0.9448446772232407,1.0457525119036961,0.648572733350425,-0.01824123300788849
EDM@VAN,Zeev Buium,d1,G,over,1.5,fanduel,10000,0.08356748709789114,0.00330319325664744,0.009900990099009901,-0.006619095896416635,77,-0.6685286855380801,,0.08328997792675864,0.0032818942025932664,-0.0065977968423624606
FLA@SJS,Brady Tkachuk,f1,A,over,0.5,draftkings,130,0.5349690943376492,0.4143126090781689,0.43478260869565216,-0.00670387775961212,214,-0.015418918847107888,0.5250462798663206,0.5587539385723727,0.42807873093604004,-0.020469999617483248
CHI@UTA,Mikhail Sergachev,d1,SOG,under,2.5,draftkings,-175,1.9762784723292417,0.6830301617339782,0.6363636363636364,-0.006741179998434155,185,-0.010593282854682196,2.313564588438756,2.1863882210705183,0.6296224563652022,0.04666652537034188
PHI@NJD,Owen Tippett,f1,A,under,0.5,draftkings,-340,0.25531472649070924,0.7746726495858695,0.7727272727272727,-0.006798481716366878,234,-0.00879803516235711,0.3185312294717335,0.26666607568954687,0.7659287910109058,0.001945376858596748
TBL@NYR,Jake Guentzel,f2,SOG,over,2.5,draftkings,-115,2.580808190878054,0.4663056426556223,0.5348837209302325,-0.006870719627209976,226,-0.0128452584334795,2.746398896374335,2.8551890375690148,0.5280130013030225,-0.06857807827461021
BUF@CBJ,Owen Power,d2,G,over,1.5,fanduel,10000,0.08017466223789772,0.003047257540462638,0.009900990099009901,-0.00687340376278734,233,-0.6942137800415213,,0.07990841988891571,0.0030275863362225603,-0.0068537325585472635
CHI@UTA,Logan Cooley,f2,SOG,over,1.5,fanduel,-198,2.1105441807806886,0.6063821409292973,0.6644295302013423,-0.006906168511414679,207,-0.010394132406068568,2.132743048381384,2.3349285040124994,0.6575233616899276,-0.058047389272045
MIN@NSH,Jared Spurgeon,d1,G,over,1.5,fanduel,10000,0.07901144758501571,0.002961757243535995,0.009900990099009901,-0.006958359599522606,159,-0.7027943195517832,,0.07874906801503281,0.002942630499487295,-0.006939232855473906
MIN@NSH,Ross Colton,f3,G,over,1.5,fanduel,4500,0.18237300306263513,0.014739853376569622,0.021739130434782608,-0.007091188007705284,214,-0.3261946483544431,,0.18176738259139166,0.014647942427077324,-0.0069992770582129864
CHI@UTA,John Marino,d2,G,over,1.5,fanduel,10000,0.0770017667497585,0.0028167536249452427,0.009900990099009901,-0.007102439086968067,190,-0.7173463477837747,,0.07674606088604823,0.002798551012041834,-0.007084236474064658
BUF@CBJ,Peyton Krebs,f3,G,over,1.5,fanduel,7000,0.12335714258568474,0.007010800799319973,0.014084507042253521,-0.007118309079784258,239,-0.5053999446646823,,0.12294750075509904,0.0069661979624692635,-0.007073706242933548
PHI@NJD,Luke Hughes,d1,G,over,1.5,draftkings,7500,0.11416372650452093,0.006041301577019041,0.013157894736842105,-0.007155147757595411,217,-0.5437912295772512,,0.11378461397863446,0.006002746979246694,-0.007116593159823064
EDM@VAN,Isaac Howard,f4,G,over,1.5,draftkings,4500,0.1818869907905067,0.014666074740786218,0.021739130434782608,-0.007164521791847329,30,-0.3295680024249772,,0.18128298425869688,0.014574608642935279,-0.00707305569399639
TBL@NYR,Pontus Holmberg,f3,G,over,1.5,draftkings,5500,0.15437160219505464,0.010757196694997343,0.017857142857142856,-0.00716766689485385,188,-0.40138934611181565,,0.15385896819277378,0.010689475962289006,-0.007099946162145513
TBL@NYR,John Carlson,d1,G,over,1.5,fanduel,6500,0.1322345574083463,0.00800914739140934,0.015151515151515152,-0.007193169056831683,230,-0.474749157750891,,0.1317954356434609,0.00795834609468347,-0.007142367760105812
TBL@NYR,John Carlson,d1,G,over,1.5,draftkings,6500,0.1322345574083463,0.00800914739140934,0.015151515151515152,-0.007193169056831683,230,-0.474749157750891,,0.1317954356434609,0.00795834609468347,-0.007142367760105812
FLA@SJS,Sandis Vilmanis,f3,G,over,1.5,draftkings,8000,0.10433604029342222,0.005078813422149217,0.012345679012345678,-0.007299385522399834,20,-0.5912502273143866,,0.10398956334327585,0.005046293489945845,-0.007266865590196461
EDM@VAN,Zeev Buium,d1,PTS,under,0.5,draftkings,-195,0.4118769325413857,0.6624057916334094,0.6610169491525424,-0.0073291822574874654,77,-0.011087737261327169,0.4808679978919112,0.4251254621762257,0.6536877668950549,0.0013888424808670141
SEA@CGY,Mikael Backlund,f2,G,over,1.5,draftkings,4500,0.18061299269739156,0.014473441776624376,0.021739130434782608,-0.007355992707582601,237,-0.33837566454879964,,0.1800132168319225,0.014383137727200008,-0.007265688658158232
EDM@VAN,Connor McDavid,f1,G,under,0.5,fanduel,-140,0.5536483889965943,0.5748487081903648,0.5833333333333334,-0.007426768315132559,223,-0.012731602825941546,0.6077183327815403,0.5518098449543484,0.5759065650182008,-0.00848462514296855
PHI@NJD,Trevor Zegras,f1,G,over,0.5,fanduel,340,0.24902213379662846,0.2204372814889274,0.22727272727272727,-0.007480369860517561,167,-0.03291362738627723,0.23791002143004977,0.24819518627979578,0.2197923574122097,-0.006835445783799854
TBL@NYR,Victor Hedman,d2,G,over,1.5,fanduel,10000,0.07074010509771278,0.0023871549250372814,0.009900990099009901,-0.0075292940760900325,187,-0.7604587016850932,,0.0705051928296378,0.0023716960229198687,-0.007513835173972619
FLA@SJS,Dmitry Orlov,d3,PTS,over,0.5,fanduel,142,0.5041037293262226,0.39595327775345607,0.4132231404958678,-0.007554157202399492,236,-0.018281060429806817,0.4808679978919112,0.5203188476524735,0.4056689832934683,-0.017269862742411712
SEA@CGY,Matty Beniers,f1,PTS,under,0.5,draftkings,-130,0.5658400712041133,0.5678828842599921,0.5652173913043478,-0.007577017143846065,238,-0.013405491869881492,0.645107203972583,0.5840410151260563,0.5576403741605017,0.002665492955644333
SEA@CGY,Shane Wright,f3,G,over,1.5,fanduel,4000,0.19570137096041412,0.016825283362738693,0.024390243902439025,-0.0076693977012543095,158,-0.3144453057514267,,0.19505148992257582,0.016720846201184716,-0.007564960539700332
CHI@UTA,MacKenzie Weegar,d1,G,over,1.5,draftkings,8000,0.10030391062154007,0.004706376730144419,0.012345679012345678,-0.007669478505648984,239,-0.6212277589575678,,0.09997082348365204,0.004676200506696694,-0.0076393022822012595
PHI@NJD,Travis Konecny,f2,G,over,1.5,draftkings,2800,0.25168434813670554,0.026827791543021326,0.034482758620689655,-0.00781831250975187,233,-0.2267310627828042,0.26481624771477774,0.2508485599939243,0.026664446110937785,-0.007654967077668329
EDM@VAN,Mattias Ekholm,d1,A,over,0.5,draftkings,215,0.3547628043377772,0.2986602217660393,0.31746031746031744,-0.00782476425583245,226,-0.024648007405872252,0.3529643645421967,0.3705356370691612,0.309635553204485,-0.01880009569427815
TBL@NYR,J.T. Miller,f2,SOG,over,1.5,draftkings,-170,1.966156413917323,0.5701470393439604,0.6296296296296297,-0.007877855223199726,218,-0.012511887707434832,1.9850815397285086,2.175190027296377,0.6217517744064299,-0.05948259028566927
MIN@NSH,Danila Yurov,f2,G,over,1.5,fanduel,3500,0.21479743469097948,0.020017037053209185,0.027777777777777776,-0.007884177893728566,73,-0.28383040417422845,,0.21408413984231836,0.01989359988404921,-0.007760740724568591
SEA@CGY,Maxim Tsyplakov,f4,G,over,1.5,fanduel,6500,0.12605186612832808,0.007307445027782705,0.015151515151515152,-0.007890517809212634,122,-0.5207741754080338,,0.12563327571591087,0.007260997342302518,-0.007844070123732446
CHI@UTA,Anton Frondell,f1,A,over,0.5,draftkings,205,0.36915018872104527,0.30867842605005447,0.32786885245901637,-0.007936715131529049,13,-0.024206981151163598,0.36808501067676325,0.3855626877436658,0.3199321373274873,-0.019190426408961903
SEA@CGY,Ryan Strome,f3,G,over,1.5,fanduel,4500,0.17666523002271267,0.01388359021909744,0.021739130434782608,-0.007942280943201242,210,-0.3653449233872571,,0.17607856380533432,0.013796849491581366,-0.007855540215685169
BUF@CBJ,Mathieu Olivier,f3,G,over,1.5,fanduel,4000,0.19379431923604468,0.0165196106939341,0.024390243902439025,-0.00797324003502748,193,-0.3269028414361267,,0.19315077109586448,0.016417003867411545,-0.007870633208504924
MIN@NSH,Matthew Wood,f2,G,over,1.5,draftkings,3500,0.214256400148144,0.019923380345792555,0.027777777777777776,-0.007977279909423932,73,-0.28718207673926155,,0.21354490195572745,0.019800497868353844,-0.007854397431985221
FLA@SJS,Aleksander Barkov,f1,A,over,0.5,draftkings,-115,0.7165740976466146,0.5115773186174141,0.5348837209302325,-0.007990985842114884,138,-0.014939669183084314,0.6931471805599455,0.7484331404877047,0.5268927350881176,-0.02330640231281844
CHI@UTA,Nick Lardis,f2,G,over,1.5,fanduel,4500,0.17619441536085084,0.01381395973144809,0.021739130434782608,-0.008011490280579322,42,-0.36852855290664877,,0.1756093126149984,0.013727640154203287,-0.007925170703334518
SEA@CGY,Chandler Stephenson,f2,A,under,0.5,draftkings,-220,0.3699774133000473,0.6907499322226214,0.6875,-0.008019464351674888,230,-0.011664675420617998,0.4443271412001745,0.3864266909103787,0.6794805356483251,0.0032499322226213767
EDM@VAN,Mathieu Joseph,f3,G,over,1.5,fanduel,8000,0.09623410000546606,0.004343877345833305,0.012345679012345678,-0.00802969187091223,183,-0.6504050415438906,,0.09591452780993126,0.0043159871414334494,-0.008001801666512372
MIN@NSH,Jared Spurgeon,d1,G,over,1.5,draftkings,9000,0.07901144758501571,0.002961757243535995,0.01098901098901099,-0.008046380489523695,159,-0.7322206245466562,,0.07874906801503281,0.002942630499487295,-0.008027253745474996
FLA@SJS,Luca Cagnoni,d3,G,over,1.5,fanduel,7000,0.11438972123495561,0.006064338598552512,0.014084507042253521,-0.008058867103201311,8,-0.5721795643272931,,0.11400985823047392,0.00602563993905221,-0.00802016844370101
FLA@SJS,Eetu Luostarinen,f3,G,over,1.5,fanduel,5500,0.14739357561728966,0.009851811325896787,0.017857142857142856,-0.008067499892994517,233,-0.451779994007693,,0.14690411410037346,0.009789642964148339,-0.008005331531246069
EDM@VAN,Filip Hronek,d1,G,over,1.5,fanduel,7500,0.1044055730525181,0.005085351360722217,0.013157894736842105,-0.00810510440696096,221,-0.615987934929033,,0.10405886519943311,0.005052790329881144,-0.008072543376119887
TBL@NYR,Jansen Harkins,f4,G,over,1.5,draftkings,9000,0.0781419603514715,0.0028985988239763625,0.01098901098901099,-0.008109136508553166,148,-0.7379314222783381,,0.0778824681565895,0.0028798744804578234,-0.008090412165034627
TBL@NYR,Alexis Lafrenière,f1,A,over,0.5,fanduel,180,0.41096833350952955,0.336992073597507,0.35714285714285715,-0.008146476893026111,243,-0.022810135300473156,0.4176408432739764,0.4292400764969079,0.34899638024983104,-0.02015078354535016
TBL@NYR,Ilya Mikheyev,f1,G,over,1.5,fanduel,3500,0.21309841832074217,0.01972355009625578,0.027777777777777776,-0.008175926083070328,231,-0.2943333389905318,,0.2123907655302668,0.019601851694707448,-0.008054227681521996
TBL@NYR,Conor Geekie,f4,G,over,1.5,fanduel,6000,0.13390556461586003,0.008203802755960462,0.01639344262295082,-0.00824164636510509,65,-0.5027404282714105,,0.13346089380503326,0.00815179625784573,-0.008189639866990358
PHI@NJD,Tyson Foerster,f2,PTS,under,0.5,draftkings,-160,0.4834406757706562,0.6166580172417784,0.6153846153846154,-0.008241743287797254,185,-0.013392832842670566,0.5629325405614245,0.4989911414889349,0.6071428720968182,0.001273401857162959
EDM@VAN,Jake Walman,d3,G,over,1.5,fanduel,8000,0.09344130131270148,0.004102980938509424,0.012345679012345678,-0.008269066387681056,182,-0.6697943774021655,,0.09313100338491463,0.004076612624664622,-0.008242698073836255
PHI@NJD,Owen Tippett,f1,SOG,under,2.5,fanduel,-130,2.2440754828550946,0.6151699473069956,0.5652173913043478,-0.00835848587048249,234,-0.014788090386238295,2.683733967668421,2.482656301530628,0.5568589054338653,0.04995255600264781
EDM@VAN,Marco Rossi,f2,PTS,over,0.5,draftkings,100,0.6554258776056062,0.4807791090554499,0.5,-0.008388957754043691,212,-0.016777915508087382,0.6337237600891448,0.6765084595053011,0.4916110422459563,-0.019220890944550095
TBL@NYR,J.T. Miller,f2,PTS,over,0.5,draftkings,-125,0.7674369359312949,0.5357986773945993,0.5555555555555556,-0.008438090582275848,218,-0.01518856304809657,0.7346038942382915,0.7921224917011241,0.5471174649732797,-0.01975687816095628
SEA@CGY,Vince Dunn,d1,G,over,1.5,draftkings,6000,0.13198914607943132,0.007980738065862959,0.01639344262295082,-0.008463329868562389,199,-0.5162631219823057,,0.1315508392713771,0.007930112754388432,-0.008412704557087862
FLA@SJS,Luca Cagnoni,d3,SOG,over,1.5,draftkings,110,1.4503166055626655,0.41907843810160855,0.47619047619047616,-0.008505302978380314,8,-0.01786113625459862,1.523447606550137,1.604508265218262,0.46768517321209585,-0.05711203808886761
SEA@CGY,Mikael Backlund,f2,SOG,under,1.5,draftkings,135,1.822639382605835,0.46851628145698165,0.425531914893617,-0.008593019283579306,237,-0.020193595316411406,2.125173073571907,2.016414859132641,0.4169388956100377,0.04298436656336463
CHI@UTA,Bowen Byram,d1,PTS,under,0.5,draftkings,-175,0.4511396083352375,0.6369019191542866,0.6363636363636364,-0.008637358228697267,234,-0.013572991502238563,0.520714455895238,0.4656510703722112,0.6277262781349391,0.0005382827906502685
EDM@VAN,Liam Ohgren,f2,G,over,1.5,draftkings,4500,0.1716180307714515,0.013145142975459266,0.021739130434782608,-0.008676256239054879,98,-0.3991077869965244,,0.17104812518825516,0.01306287419572773,-0.008593987459323342
BUF@CBJ,Sean Monahan,f2,A,under,0.5,draftkings,-300,0.28668529555396627,0.750747955383756,0.75,-0.008760420804914237,211,-0.01168056107321902,0.3483066942682159,0.29943138719049184,0.7412395791950858,0.0007479553837560493
BUF@CBJ,Jiri Kulich,f4,G,over,1.5,fanduel,4500,0.1707453782948293,0.01301926340415963,0.021739130434782608,-0.008801372264934146,71,-0.4048631241869707,,0.17017837059780716,0.012937758169848462,-0.008719867030622977
BUF@CBJ,Cole Sillinger,f3,G,over,1.5,fanduel,5000,0.15402737254016002,0.010711701744247213,0.0196078431372549,-0.00896358361776806,220,-0.4571427645061711,,0.15351588164854968,0.010644259519486842,-0.008896141393007689
BUF@CBJ,Cole Sillinger,f3,G,over,1.5,draftkings,5000,0.15402737254016002,0.010711701744247213,0.0196078431372549,-0.00896358361776806,220,-0.4571427645061711,,0.15351588164854968,0.010644259519486842,-0.008896141393007689
BUF@CBJ,Valeri Nichushkin,f2,PTS,over,0.5,draftkings,105,0.6313374911762925,0.4681200596677101,0.4878048780487805,-0.00899247015531679,166,-0.018434563818399474,0.6077183327815403,0.6516452404105718,0.4788124078934637,-0.01968481838107039
TBL@NYR,J.T. Miller,f2,G,over,0.5,fanduel,290,0.28510000224305637,0.2480609450327451,0.2564102564102564,-0.009061549903414234,218,-0.035340044623315525,0.2735973325700419,0.2841532480918915,0.24734870650684215,-0.008349311377511298
CHI@UTA,Oliver Moore,f3,G,over,1.5,fanduel,5500,0.13846983924425216,0.008746251780440018,0.017857142857142856,-0.009166250529372805,57,-0.5133100296448772,,0.13801001148527564,0.008690892327770051,-0.009110891076702838
TBL@NYR,Mika Zibanejad,f1,SOG,over,2.5,draftkings,100,2.4290795593400327,0.43027917355355993,0.5,-0.009181960411431711,241,-0.018363920822863422,2.594298865860144,2.687329245824741,0.4908180395885683,-0.06972082644644007
BUF@CBJ,Mathieu Olivier,f3,SOG,over,1.5,draftkings,110,1.4479627411814981,0.41831528688202135,0.47619047619047616,-0.009302820187984284,193,-0.01953592239476698,1.523447606550137,1.60190414771709,0.4668876560024919,-0.05787518930845481
MIN@NSH,Ryan O'Reilly,f1,G,over,1.5,draftkings,2000,0.307140822154313,0.03853647361063903,0.047619047619047616,-0.009312731542197222,238,-0.1955673623861417,0.31121256986197504,0.3061208753073155,0.038306316076850394,-0.00908257400840859
SEA@CGY,Kaapo Kakko,f1,G,over,1.5,draftkings,3500,0.2062943097036887,0.018566678890355577,0.027777777777777776,-0.009325927204981873,202,-0.33573337937934744,,0.20560925185543535,0.018451850572795903,-0.009211098887422199
SEA@CGY,Kaapo Kakko,f1,G,over,1.5,fanduel,3500,0.2062943097036887,0.018566678890355577,0.027777777777777776,-0.009325927204981873,202,-0.33573337937934744,,0.20560925185543535,0.018451850572795903,-0.009211098887422199
EDM@VAN,Drew O'Connor,f3,G,over,1.5,draftkings,4000,0.18497783515221627,0.015138015861128607,0.024390243902439025,-0.009346537695375136,242,-0.38320804551038057,,0.18436356460880693,0.015043706207063889,-0.009252228041310418
SEA@CGY,Connor Zary,f3,G,over,1.5,draftkings,3500,0.2060141408092737,0.018519680768615494,0.027777777777777776,-0.009372645676410322,191,-0.33741524435077164,,0.2053300133400513,0.018405132101367454,-0.009258097009162282
BUF@CBJ,Conor Garland,f2,PTS,under,0.5,draftkings,-170,0.46282913511770063,0.6295001827942583,0.6296296296296297,-0.009431696683495194,230,-0.014979753556139452,0.5340824859302583,0.477716605204067,0.6201979329461345,-0.0001294468353713052
EDM@VAN,Leon Draisaitl,f1,SOG,over,2.5,draftkings,-155,2.892084810898702,0.535942086493733,0.6078431372549019,-0.009443183266979571,218,-0.015535559568256696,3.133855812740454,3.19955929967366,0.5983999539879223,-0.07190105076116893
TBL@NYR,Jansen Harkins,f4,G,over,1.5,fanduel,8000,0.0781419603514715,0.0028985988239763625,0.012345679012345678,-0.009465804531887854,148,-0.7667301670829163,,0.0778824681565895,0.0028798744804578234,-0.009447080188369317
PHI@NJD,Jesper Bratt,f1,G,over,1.5,draftkings,2200,0.2875548154240338,0.034210992813320656,0.043478260869565216,-0.00947299130621345,241,-0.21787880004290938,0.29804485948732745,0.2865999093803711,0.034005269563351766,-0.00926726805624456
TBL@NYR,Eeli Tolvanen,f3,G,over,1.5,fanduel,4500,0.16547261279261138,0.012270033472549177,0.021739130434782608,-0.009546050035238727,238,-0.4391183016209814,,0.16492311478548075,0.01219308039954388,-0.009469096962233432
MIN@NSH,Matthew Wood,f2,G,over,1.5,fanduel,3300,0.214256400148144,0.019923380345792555,0.029411764705882353,-0.009611266837528509,73,-0.32678307247596927,,0.21354490195572745,0.019800497868353844,-0.009488384360089797
MIN@NSH,Filip Forsberg,f2,A,under,0.5,draftkings,-165,0.46851751240118306,0.625929513539637,0.6226415094339622,-0.009615494119634582,242,-0.01544306631335246,0.5481373322033496,0.4893479046082307,0.6130260153143277,0.0032880041056747578
CHI@UTA,Daniil But,f4,G,over,1.5,fanduel,3500,0.20446620485556066,0.018260930800065998,0.027777777777777776,-0.00962985523931607,29,-0.3466747886153786,,0.2037872177398226,0.018147922538461706,-0.009516846977711779
PHI@NJD,Matvei Michkov,f3,G,over,1.5,fanduel,3300,0.21387920943827093,0.019858195918336367,0.029411764705882353,-0.009676065104540381,159,-0.32898621355437296,,0.21316896381290995,0.01973569960134197,-0.009553568787545985
PHI@NJD,Luke Hughes,d1,SOG,under,1.5,draftkings,135,1.8265764814241205,0.46742029427819276,0.425531914893617,-0.00969701167935949,217,-0.022787977446494856,2.199431307839295,2.0207705340043836,0.41583490321425753,0.041888379384575736
FLA@SJS,Seth Jones,d2,A,over,0.5,draftkings,125,0.5461466487700198,0.4208227104845067,0.4444444444444444,-0.009727635925265654,179,-0.021887180831847708,0.5340824859302583,0.5704284495465568,0.43471680851917877,-0.02362173395993772
FLA@SJS,Eetu Luostarinen,f3,G,over,1.5,draftkings,5000,0.14739357561728966,0.009851811325896787,0.0196078431372549,-0.009818200173106563,233,-0.5007282088284347,,0.14690411410037346,0.009789642964148339,-0.009756031811358114
EDM@VAN,Linus Karlsson,f3,G,over,1.5,fanduel,3500,0.20285225245460797,0.017992800235951647,0.027777777777777776,-0.009896388153443694,103,-0.35626997352397305,,0.20217862491839766,0.017881389624334082,-0.00978497754182613
BUF@CBJ,Zach Werenski,d1,G,over,1.5,draftkings,2800,0.23942475644255812,0.02447295060890225,0.034482758620689655,-0.010159448157504417,222,-0.29462399656762805,,0.23862967969660856,0.024323310463185237,-0.010009808011787406
BUF@CBJ,Jack Quinn,f2,SOG,under,2.5,fanduel,-118,2.342805377660176,0.5907283369648946,0.5412844036697247,-0.0101697475353556,179,-0.018788177650063687,2.634171371613487,2.5918827501772834,0.5311146561343691,0.04944393329516983
BUF@CBJ,Valeri Nichushkin,f2,G,over,1.5,draftkings,2800,0.2392890314779843,0.024447379221202388,0.034482758620689655,-0.010184870192042322,166,-0.29536123556922733,0.24613306953890843,0.23849440544467107,0.024297888428647333,-0.010035379399487267
MIN@NSH,Ryan Ufko,d1,G,over,1.5,fanduel,8000,0.06709248467212474,0.00215251881685203,0.012345679012345678,-0.010207116695164551,18,-0.8267764523083286,,0.06686968534600918,0.0021385623171811274,-0.010193160195493649
SEA@CGY,Samuel Honzek,f2,G,over,1.5,draftkings,6000,0.11588287850251038,0.006217558119690654,0.01639344262295082,-0.010215540883801978,23,-0.6231479939119207,,0.11549805705246476,0.006177901739148842,-0.010175884503260166
SEA@CGY,Jordan Eberle,f2,G,over,1.5,draftkings,2200,0.2838490678090685,0.03341536718893824,0.043478260869565216,-0.010264091720920007,197,-0.23607410958116015,,0.2829064677349254,0.03321416914864521,-0.010062893680626975
FLA@SJS,Matthew Tkachuk,f2,A,over,0.5,fanduel,106,0.6170138719592226,0.46044679063203825,0.4854368932038835,-0.010389945204442419,164,-0.02140328712115136,0.6011536141365089,0.6444464451499856,0.4750469479994411,-0.024990102571845252
PHI@NJD,Porter Martone,f1,G,over,1.5,draftkings,2800,0.23770520246679633,0.024149792800302747,0.034482758620689655,-0.01048071767501163,10,-0.30394081257533734,,0.23691583597988533,0.024002040945678024,-0.010332965820386907
EDM@VAN,Max Jones,f2,G,over,1.5,fanduel,6000,0.11315365920261451,0.005938832854985278,0.01639344262295082,-0.010492523370084989,96,-0.6400439255751843,,0.11277790088719283,0.005900919252865832,-0.010454609767965542
BUF@CBJ,Zach Werenski,d1,PTS,over,0.5,draftkings,-195,1.0185290181153064,0.6388742408854062,0.6610169491525424,-0.010503129093975216,222,-0.015889349142167664,0.9502826749446371,1.051291260460814,0.6505138200585672,-0.022142708267136157
SEA@CGY,Maxim Tsyplakov,f4,G,over,1.5,draftkings,5500,0.12605186612832808,0.007307445027782705,0.017857142857142856,-0.010596145514840338,122,-0.5933841488310589,,0.12563327571591087,0.007260997342302518,-0.01054969782936015
EDM@VAN,Jonathan Lekkerimäki,f1,G,over,1.5,draftkings,4500,0.15765733985776204,0.011195767013192175,0.021739130434782608,-0.010613766330623995,38,-0.48823325120870376,,0.1571337946462657,0.011125364104158613,-0.010543363421590433
EDM@VAN,Elias Pettersson,f1,G,over,1.5,draftkings,3000,0.22476572161536304,0.02177555711080188,0.03225806451612903,-0.010616328920720057,221,-0.32910619654232176,,0.22401932428704072,0.021641735595408974,-0.010482507405327152
EDM@VAN,Elias Pettersson,f1,G,over,1.5,fanduel,3000,0.22476572161536304,0.02177555711080188,0.03225806451612903,-0.010616328920720057,221,-0.32910619654232176,,0.22401932428704072,0.021641735595408974,-0.010482507405327152
PHI@NJD,Tyson Foerster,f2,G,over,1.5,draftkings,2500,0.25766618056176205,0.028008689873836225,0.038461538461538464,-0.010623031461110155,185,-0.27619881798886403,0.2591256218654068,0.256810528074416,0.02783850700042831,-0.010452848587702238
CHI@UTA,Mikhail Sergachev,d1,SOG,under,2.5,fanduel,-178,1.9762784723292417,0.6830301617339782,0.6402877697841727,-0.010665313418970479,185,-0.01665706253075161,2.313564588438756,2.1863882210705183,0.6296224563652022,0.04274239194980556
CHI@UTA,Anders Lee,f2,PTS,over,0.5,draftkings,125,0.5510273804384934,0.4236426321846288,0.4444444444444444,-0.010676181079180336,241,-0.024021407428155728,0.5340824859302583,0.5687518558887278,0.4337682633652641,-0.020801812259815644
PHI@NJD,Arseny Gritsyuk,f3,G,over,1.5,draftkings,4000,0.17482031886600516,0.013611615724140774,0.024390243902439025,-0.010863723290451046,66,-0.4454126549084929,,0.1742397791911817,0.01352652061198798,-0.010778628178298251
PHI@NJD,Arseny Gritsyuk,f3,G,over,1.5,fanduel,4000,0.17482031886600516,0.013611615724140774,0.024390243902439025,-0.010863723290451046,66,-0.4454126549084929,,0.1742397791911817,0.01352652061198798,-0.010778628178298251
MIN@NSH,Joel Eriksson Ek,f1,SOG,over,2.5,fanduel,-104,2.4615878188633045,0.4381008842527673,0.5098039215686274,-0.010865566615948508,190,-0.02131322682359127,2.7034884861306123,2.723293648971538,0.4989383549526789,-0.07170303731586014
EDM@VAN,Vasily Podkolzin,f1,SOG,under,2.5,draftkings,-145,2.1537379203389984,0.6378508500935598,0.5918367346938775,-0.010869662042542916,180,-0.01836598069257256,2.5374198013591753,2.382714423211918,0.5809670726513346,0.046014115399682254
CHI@UTA,Dylan Guenther,f2,SOG,over,2.5,fanduel,-170,2.989542230053773,0.5564447749834243,0.6296296296296297,-0.010890527354429413,190,-0.01729671991585846,3.2072068709353263,3.3073779883250847,0.6187391022752002,-0.07318485464620539
BUF@CBJ,Peyton Krebs,f3,G,over,1.5,draftkings,5500,0.12335714258568474,0.007010800799319973,0.017857142857142856,-0.010890944894673592,239,-0.6098929141017212,,0.12294750075509904,0.0069661979624692635,-0.010846342057822884
FLA@SJS,Aaron Ekblad,d1,A,under,0.5,draftkings,-270,0.3160995407283382,0.7289868826707229,0.7297297297297297,-0.01091626801582779,180,-0.014959330243912161,0.3815359621113813,0.3301533962098399,0.7188134617139019,-0.0007428470590068459
BUF@CBJ,Josh Norris,f1,A,over,0.5,draftkings,215,0.3504773394926804,0.29564820546665865,0.31746031746031744,-0.01092175973657794,150,-0.03440354317022054,0.3542237312472745,0.36605963950938447,0.3065385577237395,-0.02181211199365879
SEA@CGY,Connor Zary,f3,G,over,1.5,fanduel,3300,0.2060141408092737,0.018519680768615494,0.029411764705882353,-0.011006632604514899,191,-0.37422550855350656,,0.2053300133400513,0.018405132101367454,-0.010892083937266858
TBL@NYR,Mika Zibanejad,f1,A,over,0.5,fanduel,126,0.5405473189885632,0.417570609542536,0.4424778761061947,-0.011076686278067849,241,-0.02503331098843331,0.5387158777478238,0.564580172324808,0.43140118982812686,-0.024907266563658714
EDM@VAN,Evan Bouchard,d1,G,over,1.5,draftkings,3000,0.2218216155113474,0.021249717363573714,0.03225806451612903,-0.01113906954886518,242,-0.34531115601482065,,0.22108499490927383,0.02111899496726385,-0.011008347152555317
EDM@VAN,Evan Bouchard,d1,G,over,1.5,fanduel,3000,0.2218216155113474,0.021249717363573714,0.03225806451612903,-0.01113906954886518,242,-0.34531115601482065,,0.22108499490927383,0.02111899496726385,-0.011008347152555317
TBL@NYR,Brayden Point,f1,G,over,0.5,fanduel,210,0.37429313981566503,0.3122247320397687,0.3225806451612903,-0.011211311355579345,218,-0.03475506520229599,0.3577496350684979,0.3730501949504072,0.31136933380571097,-0.01035591312152162
FLA@SJS,Aleksander Barkov,f1,PTS,over,0.5,draftkings,-205,1.0475167094456022,0.6491921739019957,0.6721311475409836,-0.011315544164565261,138,-0.016835321805816594,0.998399399819944,1.0812113766425462,0.6608156033764183,-0.022938973638987892
EDM@VAN,Liam Ohgren,f2,G,over,1.5,fanduel,4000,0.1716180307714515,0.013145142975459266,0.024390243902439025,-0.011327369706711296,98,-0.46442215797516306,,0.17104812518825516,0.01306287419572773,-0.01124510092697976
MIN@NSH,Joel Eriksson Ek,f1,G,over,1.5,draftkings,1700,0.33271473656749073,0.044477262694716906,0.05555555555555555,-0.011341565670860337,190,-0.20414818207548613,0.3577496350684979,0.3316098643980039,0.044213989884695215,-0.011078292860838647
BUF@CBJ,Mathieu Olivier,f3,G,over,1.5,draftkings,3500,0.19379431923604468,0.0165196106939341,0.027777777777777776,-0.011360773910366231,193,-0.4089878607731844,,0.19315077109586448,0.016417003867411545,-0.011258167083843675
PHI@NJD,Luke Evangelista,f2,A,over,0.5,draftkings,145,0.4839672498178141,0.3836666133875397,0.40816326530612246,-0.011376488512830574,225,-0.027872396856434944,0.4776275543566874,0.5054845407668852,0.3967867767932919,-0.024496651918582746
PHI@NJD,Jesper Bratt,f1,PTS,under,0.5,draftkings,135,0.8541944811523479,0.4256259027200915,0.425531914893617,-0.011441402627331565,241,-0.026887296174229136,0.9205672886414152,0.8816707003900605,0.41409051226628546,9.398782647446202e-05
EDM@VAN,Brock Boeser,f2,PTS,under,0.5,draftkings,-105,0.6702048066780416,0.5116037871838743,0.5121951219512195,-0.011502437834111756,228,-0.022457140533265862,0.7436119744858549,0.6917627710629348,0.5006926841171078,-0.0005913347673451863
BUF@CBJ,Ryan McLeod,f3,PTS,over,0.5,draftkings,140,0.5031779388889616,0.3953937981338608,0.4166666666666667,-0.011565879474419782,237,-0.027758110738607455,0.49223279068937464,0.5193632780237243,0.4051007871922469,-0.02127286853280591
BUF@CBJ,Noah Ostlund,f2,A,over,0.5,draftkings,280,0.2773626042154759,0.24222032681653596,0.2631578947368421,-0.011650311114679013,64,-0.044271182235780304,0.2843871765549284,0.28969420693351744,0.2515075836221631,-0.020937567920306127
SEA@CGY,Samuel Honzek,f2,G,over,1.5,fanduel,5500,0.11588287850251038,0.006217558119690654,0.017857142857142856,-0.011679241117994014,23,-0.6540375026076648,,0.11549805705246476,0.006177901739148842,-0.011639584737452201
FLA@SJS,Macklin Celebrini,f1,G,under,0.5,fanduel,-180,0.4617420210897302,0.6301848933853946,0.6428571428571429,-0.011705218488658686,149,-0.018208117649024635,0.5166059866814905,0.4602086778003771,0.6311519243684842,-0.012672249471748276
FLA@SJS,Seth Jones,d2,A,over,0.5,fanduel,124,0.5461466487700198,0.4208227104845067,0.44642857142857145,-0.011711762909392687,179,-0.026234348917039574,0.5340824859302583,0.5704284495465568,0.43471680851917877,-0.02560586094406475
TBL@NYR,Brayden Point,f1,SOG,over,2.5,fanduel,125,2.204803373198191,0.37500353777263523,0.4444444444444444,-0.011722337496766044,218,-0.026375259367723558,2.3518674075621977,2.4392089436948448,0.4327221069476784,-0.06944090667180919
MIN@NSH,Quinn Hughes,d1,G,under,0.5,fanduel,-650,0.1573696293887088,0.8543881934590534,0.8666666666666667,-0.011831861975173608,220,-0.013652148432892641,0.20395611936196853,0.15684703960014748,0.8548348046914931,-0.012278473207613327
BUF@CBJ,Zach Benson,f2,G,over,1.5,draftkings,3000,0.21769194157191463,0.020521239453849427,0.03225806451612903,-0.011863245560121808,207,-0.3677606123637761,0.282027014968436,0.21696903470507203,0.020394818956007223,-0.011736825062279604
TBL@NYR,Anthony Cirelli,f2,A,under,0.5,draftkings,-320,0.2754027773395342,0.7592662463902555,0.7619047619047619,-0.01187864140204642,227,-0.01559071684018598,0.33484754089421115,0.28764724572128475,0.7500261205027154,-0.0026385155145063344
EDM@VAN,Max Sasson,f3,G,over,1.5,draftkings,5000,0.12998526923262516,0.007750481590114322,0.0196078431372549,-0.011906559652068709,94,-0.6072345422555041,,0.12955361685707956,0.007701283485186193,-0.01185736154714058
BUF@CBJ,Conor Garland,f2,G,over,1.5,fanduel,3500,0.1903282855442202,0.015970247651777132,0.027777777777777776,-0.011906842559412094,230,-0.4286463321388354,,0.18969624733655488,0.015870935218365682,-0.011807530126000644
BUF@CBJ,Sean Monahan,f2,G,over,1.5,fanduel,3300,0.20017501711785626,0.01755176471585982,0.029411764705882353,-0.011968779579877832,211,-0.40693850571584633,,0.1995102800890075,0.01744298512600452,-0.011859999990022532
MIN@NSH,Matthew Wood,f2,SOG,under,1.5,draftkings,100,1.5852908783370172,0.5382195859341803,0.5,-0.012008990172449607,73,-0.024017980344899215,1.8478292439020327,1.7538324441097062,0.4879910098275504,0.03821958593418029
TBL@NYR,Will Cuylle,f3,G,over,1.5,draftkings,3500,0.1892379500455194,0.01579909021934407,0.027777777777777776,-0.012076972314185613,242,-0.4347710033106821,,0.18860953260127547,0.015700805463592163,-0.011978687558433707
SEA@CGY,Yegor Sharangovich,f3,G,over,1.5,draftkings,3500,0.18851602190778918,0.01568620302230577,0.027777777777777776,-0.012189181366814536,230,-0.43881052920532326,,0.1878900018274732,0.01558859641096324,-0.012091574755472005
BUF@CBJ,Zach Werenski,d1,A,over,0.5,draftkings,-130,0.770957974849629,0.5374302741738832,0.5652173913043478,-0.012200292751015085,222,-0.02158513332871903,0.7436119744858549,0.805234936897352,0.5530170985533327,-0.027787117130464556
TBL@NYR,Brandon Hagel,f2,G,over,1.5,draftkings,1500,0.35742450571697987,0.05051481060249165,0.0625,-0.012281615934676464,232,-0.19650585495482342,0.40546510810816355,0.3562375778606023,0.050218384065323536,-0.011985189397508353
MIN@NSH,Quinn Hughes,d1,A,over,0.5,draftkings,-150,0.8481996997695187,0.571814899791742,0.6,-0.012338425380322038,220,-0.020564042300536767,0.8153648132841949,0.8859108459880405,0.5876615746196779,-0.02818510020825793
EDM@VAN,Jake Walman,d3,A,under,0.5,draftkings,-330,0.2689927598284865,0.7641487881964589,0.7674418604651163,-0.012377462018041907,182,-0.016128208084115192,0.328558339583376,0.2809522374142157,0.7550643984470744,-0.003293072268657382
FLA@SJS,Seth Jones,d2,PTS,over,0.5,fanduel,-115,0.716136899705442,0.5113637345408346,0.5348837209302325,-0.012392694450508612,179,-0.02316895049442913,0.6641596436866928,0.739172326525313,0.5224910264797239,-0.023519986389397896
EDM@VAN,Filip Hronek,d1,A,over,0.5,draftkings,130,0.5254699162141759,0.4087225517867161,0.43478260869565216,-0.012406444726292765,221,-0.028534822870473375,0.520714455895238,0.5488324248889277,0.4223761639693594,-0.026060056908936036
PHI@NJD,Owen Tippett,f1,G,over,1.5,draftkings,2500,0.2484969279069784,0.026207033309321108,0.038461538461538464,-0.012414246964456033,234,-0.32277042107585685,0.2666286632539486,0.24767172448292835,0.02604729149708243,-0.012254505152217356
SEA@CGY,Brandon Montour,d2,G,over,1.5,draftkings,5000,0.12429416625136146,0.007113315028945264,0.0196078431372549,-0.012539768786019846,208,-0.6395282080870122,,0.12388141277209727,0.0070680743512350555,-0.012494528108309637
BUF@CBJ,Noah Ostlund,f2,G,over,1.5,fanduel,4000,0.16224361716671995,0.011820904965143547,0.024390243902439025,-0.012643556889392065,64,-0.5183858324650747,,0.1617048419410304,0.01174668701304696,-0.012569338937295478
BUF@CBJ,Noah Ostlund,f2,G,over,1.5,draftkings,4000,0.16224361716671995,0.011820904965143547,0.024390243902439025,-0.012643556889392065,64,-0.5183858324650747,,0.1617048419410304,0.01174668701304696,-0.012569338937295478
BUF@CBJ,Zach Benson,f2,PTS,under,0.5,draftkings,-140,0.5435509247090029,0.5806826268163896,0.5833333333333334,-0.012715114089657642,207,-0.021797338439413116,0.6077183327815403,0.5610349107375925,0.5706182192436757,-0.0026507065169437682
FLA@SJS,Matthew Tkachuk,f2,A,over,0.5,draftkings,105,0.6170138719592226,0.46044679063203825,0.4878048780487805,-0.012757930049339394,164,-0.026153756601145717,0.6011536141365089,0.6444464451499856,0.4750469479994411,-0.027358087416742227
TBL@NYR,J.T. Miller,f2,A,over,0.5,fanduel,136,0.5065562252956175,0.3974328847983145,0.423728813559322,-0.012876829148243063,218,-0.030389316789853682,0.504132776257893,0.5290778270896482,0.41085198441107895,-0.026295928761007503
SEA@CGY,Yegor Sharangovich,f3,SOG,under,1.5,draftkings,105,1.6269577216981512,0.5254739922073756,0.4878048780487805,-0.012927817254617335,230,-0.026502025371965554,1.870207301057975,1.799929133827023,0.47487706079416314,0.037669114158595085
PHI@NJD,Cam York,d2,A,under,0.5,draftkings,-425,0.21773789496060147,0.8043362346208701,0.8095238095238095,-0.012936524500969604,220,-0.015980412618844753,0.2751605656537396,0.2274185699200522,0.7965872850228399,-0.005187574902939418
TBL@NYR,Mika Zibanejad,f1,A,over,0.5,draftkings,125,0.5405473189885632,0.417570609542536,0.4444444444444444,-0.013043254616317557,241,-0.02934732288671449,0.5387158777478238,0.564580172324808,0.43140118982812686,-0.026873834901908422
BUF@CBJ,Josh Norris,f1,G,over,0.5,fanduel,320,0.2557826963776438,0.22568978907456466,0.23809523809523808,-0.01306342585333034,150,-0.0548663885839874,0.2520700006629038,0.2549332985253589,0.22503181224190774,-0.01240544902067342
TBL@NYR,Jake Guentzel,f2,SOG,over,2.5,fanduel,-118,2.580808190878054,0.4663056426556223,0.5412844036697247,-0.013271402366702212,226,-0.024518353524924374,2.746398896374335,2.8551890375690148,0.5280130013030225,-0.07497876101410245
MIN@NSH,Quinn Hughes,d1,G,over,1.5,draftkings,4000,0.1573696293887088,0.011157053182206972,0.024390243902439025,-0.013303357056963033,220,-0.5454376393354843,0.20395611936196853,0.15684703960014748,0.011086886845475992,-0.013233190720232053
SEA@CGY,Kaapo Kakko,f1,A,over,0.5,draftkings,210,0.35420400613556924,0.29826820483984934,0.3225806451612903,-0.013348135589451582,202,-0.041379220327299904,0.35902319611684624,0.36995199457531314,0.30923250957183873,-0.024312440321440976
TBL@NYR,Oliver Bjorkstrand,f2,G,over,1.5,fanduel,3300,0.1914178357557725,0.0161420766927739,0.029411764705882353,-0.013370031538514213,240,-0.4545810723094833,,0.190782179392451,0.01604173316736814,-0.013269688013108454
EDM@VAN,Zeev Buium,d1,SOG,under,1.5,draftkings,-170,1.2141528898098857,0.6602707506241863,0.6296296296296297,-0.013394907159001046,77,-0.021274264311354596,1.4177675648502577,1.3432366005233778,0.6162347224706286,0.030641120994556625
SEA@CGY,Morgan Frost,f1,G,over,1.5,draftkings,2000,0.2884801486026496,0.03441080983824717,0.047619047619047616,-0.013415095986467493,231,-0.2817170157158174,,0.2875221697318344,0.034203951632580123,-0.01320823778080045
PHI@NJD,Jack Hughes,f1,SOG,under,3.5,fanduel,-114,3.2933280052750926,0.5878757404894532,0.5327102803738317,-0.013428562088784846,185,-0.025208002517543515,3.7857865360899883,3.643461010010713,0.5192817182850469,0.05516546011562151
SEA@CGY,Bobby McMann,f2,G,over,1.5,draftkings,1700,0.3237079223198863,0.04234825648677981,0.05555555555555555,-0.013458761846629683,204,-0.24225771323933432,,0.3226329597916152,0.04209679370892587,-0.01320729906877574
BUF@CBJ,Rasmus Dahlin,d1,G,over,1.5,fanduel,4000,0.15595443703699538,0.010967495518021737,0.024390243902439025,-0.013491755840878967,227,-0.5531619894760376,,0.15543654678972882,0.010898488061560059,-0.013422748384417288
BUF@CBJ,Rasmus Dahlin,d1,G,over,1.5,draftkings,4000,0.15595443703699538,0.010967495518021737,0.024390243902439025,-0.013491755840878967,227,-0.5531619894760376,,0.15543654678972882,0.010898488061560059,-0.013422748384417288
TBL@NYR,Will Cuylle,f3,G,over,1.5,fanduel,3300,0.1892379500455194,0.01579909021934407,0.029411764705882353,-0.01371095924229019,242,-0.4661726142378665,,0.18860953260127547,0.015700805463592163,-0.013612674486538284
PHI@NJD,Porter Martone,f1,A,over,0.5,draftkings,230,0.3269141185572549,0.27885432660190507,0.30303030303030304,-0.013770164886792169,10,-0.0454415441264141,0.3327923796628125,0.3414487925605135,0.28926013814351087,-0.02417597642839797
SEA@CGY,Yegor Sharangovich,f3,G,over,1.5,fanduel,3300,0.18851602190778918,0.01568620302230577,0.029411764705882353,-0.013823168294919112,230,-0.4699877220272498,,0.1878900018274732,0.01558859641096324,-0.013725561683576581
TBL@NYR,Brandon Hagel,f2,G,under,0.5,fanduel,-250,0.35742450571697987,0.6994755033511044,0.7142857142857143,-0.01397949107008123,232,-0.019571287498113765,0.40546510810816355,0.3562375778606023,0.7003062232156331,-0.01481021093460988
MIN@NSH,Matt Boldy,f1,G,over,1.5,draftkings,1300,0.3857299611702826,0.057767210755749365,0.07142857142857142,-0.01399697668904451,230,-0.1959576736466232,0.42179200139558876,0.38444903714680506,0.057431594739526914,-0.01366136067282206
CHI@UTA,Frank Nazar,f3,G,over,0.5,fanduel,300,0.26996996132054774,0.23659757440680537,0.25,-0.014087130856797109,119,-0.056348523427188435,0.2666286632539486,0.26907345069424426,0.2359128691432029,-0.013402425593194628
TBL@NYR,Mika Zibanejad,f1,SOG,over,2.5,fanduel,-102,2.4290795593400327,0.43027917355355993,0.504950495049505,-0.014132455460936666,241,-0.027987803952051027,2.594298865860144,2.687329245824741,0.4908180395885683,-0.07467132149594502
TBL@NYR,Nikita Kucherov,f1,PTS,over,1.5,draftkings,150,1.2940662327386565,0.3710731610280152,0.4,-0.014231436362267202,232,-0.03557859090566795,1.29458581804451,1.3356914695007593,0.3857685636377328,-0.028926838971984836
BUF@CBJ,Josh Doan,f1,G,under,0.5,fanduel,-350,0.2708541973655652,0.7627276960057051,0.7777777777777778,-0.01436374003240759,140,-0.0184676657559526,0.32074293471266907,0.2699547503866148,0.7634140377453702,-0.015050081772072677
MIN@NSH,Quinn Hughes,d1,SOG,over,2.5,fanduel,-102,2.4279070827539346,0.42999607303346027,0.504950495049505,-0.01442683045906229,220,-0.028570781889515562,2.659091192097316,2.686032116380071,0.49052366459044267,-0.07495442201604469
PHI@NJD,Luke Evangelista,f2,SOG,under,2.5,fanduel,-184,1.9628223330087342,0.6864775473446438,0.647887323943662,-0.014517237769286595,225,-0.022407040904768416,2.3385240089561554,2.1715014807030197,0.6333700861743754,0.03859022340098184
TBL@NYR,Alexis Lafrenière,f1,A,over,0.5,draftkings,175,0.41096833350952955,0.336992073597507,0.36363636363636365,-0.014639983386532607,243,-0.040259954312964696,0.4176408432739764,0.4292400764969079,0.34899638024983104,-0.026644290038856655
TBL@NYR,J.T. Miller,f2,A,over,0.5,draftkings,135,0.5065562252956175,0.3974328847983145,0.425531914893617,-0.014679930482538073,218,-0.03449783663396444,0.504132776257893,0.5290778270896482,0.41085198441107895,-0.028099030095302513
BUF@CBJ,Sean Monahan,f2,SOG,under,1.5,draftkings,-110,1.5199642829967903,0.5586227693839247,0.5238095238095238,-0.014714478786962304,211,-0.02809127768420072,1.747275023470453,1.6815605954940738,0.5090950450225615,0.03481324557440091
TBL@NYR,Victor Hedman,d2,PTS,under,0.5,draftkings,-250,0.3461761023944322,0.7073879034334951,0.7142857142857143,-0.014731010478135187,187,-0.020623414669389217,0.40546510810816355,0.3573112837777334,0.6995547038075791,-0.006897810852219188
BUF@CBJ,Konsta Helenius,f3,G,over,1.5,fanduel,4000,0.14593872003200625,0.009667542024891538,0.024390243902439025,-0.014783737610893346,9,-0.6061332420466272,,0.145454089769225,0.009606506291545679,-0.014722701877547487
PHI@NJD,Luke Hughes,d1,A,over,0.5,draftkings,140,0.4920853634623515,0.3886498233628718,0.4166666666666667,-0.014786839360225512,217,-0.03548841446454121,0.48878973536681025,0.513963587539259,0.4018798273064412,-0.02801684330379489
EDM@VAN,Isaac Howard,f4,G,over,1.5,fanduel,3300,0.1818869907905067,0.014666074740786218,0.029411764705882353,-0.014837156062947074,30,-0.5044633061402005,,0.18128298425869688,0.014574608642935279,-0.014745689965096134
BUF@CBJ,Tage Thompson,f1,PTS,under,0.5,draftkings,135,0.862314300940203,0.42218389026477554,0.425531914893617,-0.014897394218790716,224,-0.035008876414158174,0.9264147492236348,0.8900517041981645,0.4106345206748263,-0.003348024628841484
CHI@UTA,Anton Frondell,f1,SOG,under,2.5,fanduel,-140,2.200481371326805,0.6260811667828852,0.5833333333333334,-0.014902912215537412,13,-0.025547849512349896,2.5910889681668756,2.434427444470241,0.568430421117796,0.0427478334495518
EDM@VAN,Brock Boeser,f2,A,over,0.5,fanduel,176,0.4086234108918606,0.33543554706128637,0.36231884057971014,-0.014918838440359627,228,-0.04117599409539252,0.4261829806119048,0.42679089810111254,0.3474000021393505,-0.02688329351842378
FLA@SJS,Michael Misa,f2,G,over,0.5,fanduel,360,0.22679103227855865,0.20291266958883128,0.21739130434782608,-0.01507916561935696,45,-0.06936416184904204,0.22603790934075652,0.22603790934075652,0.20231213872846912,-0.014478634758994802
MIN@NSH,Matthew Wood,f2,PTS,under,0.5,draftkings,-160,0.4945848305386711,0.6098240350633567,0.6153846153846154,-0.015185465127274589,73,-0.02467638083182122,0.5629325405614245,0.5104937617427159,0.6001991502573408,-0.0055605803212587235
PHI@NJD,Nico Hischier,f2,SOG,over,2.5,fanduel,114,2.278132951568214,0.39330579851539765,0.4672897196261682,-0.015193557659702872,224,-0.03251421339176419,2.534233423997895,2.5203346193772416,0.45209616196646535,-0.07398392111077057
CHI@UTA,Tyler Bertuzzi,f1,A,over,0.5,draftkings,215,0.3443988353411229,0.29135376148430414,0.31746031746031744,-0.015338382277602425,238,-0.048315904174447644,0.3529643645421967,0.35971088371907783,0.302121935182715,-0.0261065559760133
EDM@VAN,Jake DeBrusk,f1,A,under,0.5,draftkings,-320,0.2798745859603013,0.7558785332918694,0.7619047619047619,-0.015373564972602893,240,-0.020177804026541346,0.33921572256696386,0.2923178719422052,0.746531196932159,-0.006026228612892481
BUF@CBJ,Ryan McLeod,f3,G,over,1.5,fanduel,4000,0.1407772671115685,0.009026438661495422,0.024390243902439025,-0.015420893399116349,237,-0.6322566293637704,,0.1403097768941749,0.008969350503322676,-0.015363805240943603
BUF@CBJ,Ryan McLeod,f3,G,over,1.5,draftkings,4000,0.1407772671115685,0.009026438661495422,0.024390243902439025,-0.015420893399116349,237,-0.6322566293637704,,0.1403097768941749,0.008969350503322676,-0.015363805240943603
SEA@CGY,Shane Wright,f3,G,over,1.5,draftkings,3000,0.19570137096041412,0.016825283362738693,0.03225806451612903,-0.015537218314944316,158,-0.48165376776327384,,0.19505148992257582,0.016720846201184716,-0.015432781153390338
PHI@NJD,Jack Hughes,f1,PTS,under,1.5,draftkings,-230,1.1125083123646493,0.6944519558127625,0.696969696969697,-0.015579187460714294,185,-0.022352747226242253,1.2267066244384226,1.1482935146444295,0.6813905095089827,-0.002517741156934483
EDM@VAN,Leon Draisaitl,f1,A,under,0.5,draftkings,135,0.8540998340927825,0.42566618886671137,0.425531914893617,-0.015726693357058952,218,-0.03695772938908859,0.9264147492236348,0.8920733015880437,0.4098052215365581,0.0001342739730943454
TBL@NYR,Victor Hedman,d2,A,under,0.5,draftkings,-330,0.27333269697859663,0.7608396164750326,0.7674418604651163,-0.01579234168740662,187,-0.02057789977449953,0.328558339583376,0.28548512912973234,0.7516495187777097,-0.006602243990083689
BUF@CBJ,Denton Mateychuk,d1,A,over,0.5,draftkings,255,0.2956833835056978,0.2559770393270608,0.28169014084507044,-0.015996075777005847,116,-0.0567860690083708,0.30743867088785715,0.30882953212235087,0.2656940650680646,-0.02571310151800965
SEA@CGY,Chandler Stephenson,f2,G,over,1.5,fanduel,3000,0.19249604724834415,0.016312897881448105,0.03225806451612903,-0.016046534593129633,230,-0.4974425723870186,,0.1918568103827484,0.016211529922999398,-0.015945166634680926
SEA@CGY,Chandler Stephenson,f2,G,over,1.5,draftkings,3000,0.19249604724834415,0.016312897881448105,0.03225806451612903,-0.016046534593129633,230,-0.4974425723870186,,0.1918568103827484,0.016211529922999398,-0.015945166634680926
CHI@UTA,Nate Schmidt,d2,PTS,under,0.5,draftkings,-320,0.284226864787891,0.752595887831107,0.7619047619047619,-0.016158130401040083,221,-0.02120754615136511,0.33921572256696386,0.2933693725217556,0.7457466315037218,-0.009308874073654883
MIN@NSH,Maxim Shabanov,f2,G,over,1.5,fanduel,3000,0.19170798120266577,0.01618796821394995,0.03225806451612903,-0.01617071510371972,44,-0.5012921682153113,,0.19107136133038558,0.016087349412409312,-0.016070096302179083
MIN@NSH,Maxim Shabanov,f2,G,over,1.5,draftkings,3000,0.19170798120266577,0.01618796821394995,0.03225806451612903,-0.01617071510371972,44,-0.5012921682153113,,0.19107136133038558,0.016087349412409312,-0.016070096302179083
BUF@CBJ,Conor Garland,f2,G,over,1.5,draftkings,3000,0.1903282855442202,0.015970247651777132,0.03225806451612903,-0.01638712929776335,230,-0.5080010082306639,,0.18969624733655488,0.015870935218365682,-0.0162878168643519
SEA@CGY,Matt Coronato,f1,G,over,1.5,draftkings,2000,0.2742448831040894,0.03138796940472358,0.047619047619047616,-0.01642070076745392,188,-0.3448347161165324,,0.27333417640653856,0.031198346851593697,-0.016231078214324034
SEA@CGY,Vince Dunn,d1,G,over,1.5,fanduel,4000,0.13198914607943132,0.007980738065862959,0.024390243902439025,-0.016460131148050595,199,-0.6748653770700743,,0.1315508392713771,0.007930112754388432,-0.016409505836576067
MIN@NSH,Blake Coleman,f1,G,over,0.5,fanduel,290,0.2752524308019057,0.2406195919767733,0.2564102564102564,-0.016485095349819623,226,-0.06429187186429652,0.2735973325700419,0.2743383782609389,0.23992516106043676,-0.015790664433483093
EDM@VAN,Colton Dach,f2,G,over,1.5,fanduel,3500,0.15815512118263023,0.01126288825901298,0.027777777777777776,-0.016585702504980142,87,-0.5970852901792851,,0.15762992294927497,0.011192075272797633,-0.016514889518764796
CHI@UTA,Patrick Kane,f1,G,over,1.5,draftkings,1900,0.28471445624848246,0.03360050622810486,0.05,-0.016601745680989523,186,-0.33203491361979043,0.29936568916026735,0.28376898241042864,0.03339825431901048,-0.016399493771895146
EDM@VAN,Jonathan Lekkerimäki,f1,G,over,1.5,fanduel,3500,0.15765733985776204,0.011195767013192175,0.027777777777777776,-0.016652413673619165,38,-0.5994868922502898,,0.1571337946462657,0.011125364104158613,-0.0165820107645856
FLA@SJS,Will Smith,f1,A,over,0.5,fanduel,138,0.49423931528294107,0.38996522502438713,0.42016806722689076,-0.01694415127940374,140,-0.04032708004498087,0.4596078381184652,0.5162133045341064,0.403223915947487,-0.030202842202503632
BUF@CBJ,Sean Monahan,f2,G,over,1.5,draftkings,2800,0.20017501711785626,0.01755176471585982,0.034482758620689655,-0.017039773494685134,211,-0.49415343134586887,,0.1995102800890075,0.01744298512600452,-0.016930993904829834
BUF@CBJ,Josh Doan,f1,G,over,1.5,draftkings,2000,0.2708541973655652,0.0306843060841829,0.047619047619047616,-0.017120331365606905,140,-0.359526958677745,0.32074293471266907,0.2699547503866148,0.03049871625344071,-0.016934741534864715
PHI@NJD,Jamie Drysdale,d2,A,under,0.5,draftkings,-300,0.2977245653700847,0.7425058234022206,0.75,-0.017257888738664073,180,-0.023010518318218764,0.3529643645421967,0.3109614653838055,0.7327421112613359,-0.007494176597779401
SEA@CGY,Brandon Montour,d2,G,over,1.5,fanduel,4000,0.12429416625136146,0.007113315028945264,0.024390243902439025,-0.01732216955120397,208,-0.7102089515993628,,0.12388141277209727,0.0070680743512350555,-0.01727692887349376
EDM@VAN,Mattias Ekholm,d1,PTS,over,0.5,draftkings,170,0.42186475785500877,0.34417727173142537,0.37037037037037035,-0.017353824377981275,226,-0.04685532582054941,0.42179200139558876,0.43543455821224314,0.3530165459923891,-0.026193098638944978
TBL@NYR,John Carlson,d1,PTS,under,0.5,draftkings,100,0.7058108936221785,0.49370806717088034,0.5,-0.01737444368762775,230,-0.0347488873752555,0.7649729151312009,0.728514171718013,0.48262555631237225,-0.006291932829119662
PHI@NJD,Tyson Foerster,f2,G,over,0.5,fanduel,310,0.25766618056176205,0.22714681753467825,0.24390243902439024,-0.017417198237172526,185,-0.0714105127724074,0.2591256218654068,0.256810528074416,0.2264852407872177,-0.01675562148971199
PHI@NJD,Nico Hischier,f2,A,under,0.5,draftkings,-185,0.4405206115336955,0.643701215557708,0.6491228070175439,-0.01790623520362944,224,-0.027585281259645322,0.504132776257893,0.4601062553370757,0.6312165718139144,-0.005421591459835895
PHI@NJD,Luke Evangelista,f2,PTS,under,0.5,draftkings,-105,0.6830070652564385,0.5050958502425761,0.5121951219512195,-0.01807509910711491,225,-0.03528947920912906,0.7521613519970007,0.7049768300816288,0.4941200228441046,-0.00709927170864344
TBL@NYR,Brayden Point,f1,PTS,over,0.5,fanduel,-148,0.8373159905185352,0.5671292050394333,0.5967741935483871,-0.01814195149940412,218,-0.03040002683683929,0.7649729151312009,0.8642492922833666,0.578632242048983,-0.029644988508953807
BUF@CBJ,Konsta Helenius,f3,G,over,1.5,draftkings,3500,0.14593872003200625,0.009667542024891538,0.027777777777777776,-0.0181712714862321,9,-0.6541657735043556,,0.145454089769225,0.009606506291545679,-0.01811023575288624
SEA@CGY,Joel Farabee,f2,G,over,1.5,draftkings,2200,0.24379311999690087,0.025301846200903193,0.043478260869565216,-0.018330889915230478,242,-0.421610468050301,,0.24298353688021707,0.02514737095433474,-0.018176414668662023
FLA@SJS,Dmitry Orlov,d3,SOG,over,1.5,draftkings,120,1.3591678371239884,0.3890938748977796,0.45454545454545453,-0.01833585955278666,236,-0.04033889101613064,1.4681385428889817,1.5036689369202976,0.43620959499266787,-0.06545157964767495
FLA@SJS,Brady Tkachuk,f1,A,over,0.5,fanduel,124,0.5349690943376492,0.4143126090781689,0.44642857142857145,-0.01834984049253141,214,-0.04110364270327038,0.5250462798663206,0.5587539385723727,0.42807873093604004,-0.03211596235040254
FLA@SJS,Aleksander Barkov,f1,A,over,0.5,fanduel,-120,0.7165740976466146,0.5115773186174141,0.5454545454545454,-0.01856181036642779,138,-0.03402998567178428,0.6931471805599455,0.7484331404877047,0.5268927350881176,-0.03387722683713135
FLA@SJS,Macklin Celebrini,f1,A,over,0.5,fanduel,-120,0.7165608727986145,0.5115708592589813,0.5454545454545454,-0.018568345360678973,149,-0.034041966494578135,0.6731064296764996,0.7484193276600379,0.5268862000938664,-0.033883686195564144
PHI@NJD,Jesper Bratt,f1,SOG,under,2.5,fanduel,-182,1.9863725960785892,0.6804453728369908,0.6453900709219859,-0.01857423863302421,241,-0.028779864255565002,2.338505218938009,2.197555510284366,0.6268158322889616,0.035055301915004944
EDM@VAN,Evan Bouchard,d1,SOG,under,2.5,fanduel,-104,2.5020866466441443,0.552231333832277,0.5098039215686274,-0.018744736057744738,242,-0.03676852072865311,2.776544046694867,2.7680981445256645,0.4910591855108827,0.042427412263649544
SEA@CGY,Kaapo Kakko,f1,PTS,over,0.5,draftkings,120,0.5543836513723615,0.425573801089903,0.45454545454545453,-0.018819028199303478,202,-0.04140186203846763,0.5531011069142318,0.5722160854175469,0.43572642634615105,-0.028971653455551527
FLA@SJS,Brady Tkachuk,f1,SOG,under,3.5,draftkings,-155,2.971896460497069,0.6535318070720942,0.6078431372549019,-0.018866911124404195,214,-0.031039111849826218,3.3602905351352215,3.287856193572632,0.5889762261304977,0.04568866981719233
CHI@UTA,Patrick Kane,f1,PTS,under,0.5,draftkings,110,0.7588811859785001,0.4681899515745347,0.47619047619047616,-0.01929084403304393,186,-0.040510772469392275,0.8077505632989486,0.783291535496553,0.45689963215743223,-0.008000524615941473
FLA@SJS,Michael Misa,f2,PTS,over,0.5,draftkings,140,0.49063807915137375,0.38776438525792817,0.4166666666666667,-0.01931583725181213,45,-0.04635800940434909,0.49223279068937464,0.5064200582282544,0.39735082941485456,-0.028902281408738517
EDM@VAN,Marco Rossi,f2,A,over,0.5,fanduel,186,0.38366756504278204,0.31864210328248854,0.34965034965034963,-0.019484248279060423,212,-0.055724950078112845,0.4176408432739764,0.4007255098269692,0.3301661013712892,-0.031008246367861092
CHI@UTA,Dylan Guenther,f2,SOG,over,3.5,draftkings,130,2.989542230053773,0.3501124622447487,0.43478260869565216,-0.019836065689652516,190,-0.045622951086200736,3.2072068709353263,3.3073779883250847,0.41494654300599965,-0.08467014645090348
EDM@VAN,Jake Walman,d3,SOG,over,1.5,fanduel,-120,1.6281771676160368,0.4748958293621167,0.5454545454545454,-0.019951899256446137,182,-0.03657848197015123,1.9055394884277386,1.8012782261884628,0.5255026461980993,-0.0705587160924287
CHI@UTA,Patrick Kane,f1,A,over,0.5,draftkings,135,0.4979524800828268,0.3922261844223426,0.425531914893617,-0.01999803256305721,186,-0.04699537652318442,0.5079847127643868,0.5200915574621063,0.4055338823305598,-0.03330573047127444
FLA@SJS,Sam Reinhart,f1,PTS,over,0.5,draftkings,-185,0.9608052607071548,0.6174153185118766,0.6491228070175439,-0.020064367689505924,223,-0.030909971845995643,0.9264147492236348,0.991710747186444,0.629058439328038,-0.03170748850566729
EDM@VAN,Filip Hronek,d1,A,over,0.5,fanduel,126,0.5254699162141759,0.4087225517867161,0.4424778761061947,-0.020101712136835315,221,-0.04542986942924776,0.520714455895238,0.5488324248889277,0.4223761639693594,-0.033755324319478586
CHI@UTA,Nick Schmaltz,f1,A,over,0.5,draftkings,130,0.5127364540405066,0.40114540348037103,0.43478260869565216,-0.020139919695642605,239,-0.04632181529997803,0.520714455895238,0.5355328301712009,0.41464268900000956,-0.03363720521528113
BUF@CBJ,Kent Johnson,f1,G,over,1.5,draftkings,2500,0.2049059963338511,0.01833428771992103,0.038461538461538464,-0.020240695850325084,182,-0.5262580921084521,0.282027014968436,0.20422554876772916,0.01822084261121338,-0.020127250741617433
TBL@NYR,John Carlson,d1,SOG,over,1.5,fanduel,-176,1.9492181075579578,0.5657217376324867,0.6376811594202898,-0.020330915583761988,230,-0.03188257216544499,2.048672417876189,2.1564509103007077,0.6173502438365278,-0.07195942178780312
BUF@CBJ,Valeri Nichushkin,f2,G,over,0.5,fanduel,330,0.2392890314779843,0.21281267242771673,0.23255813953488372,-0.020371235243648783,166,-0.08759631154768976,0.24613306953890843,0.23849440544467107,0.21218690429123493,-0.019745467107166986
CHI@UTA,Tyler Bertuzzi,f1,PTS,over,0.5,draftkings,-105,0.6557892456562652,0.4809677430645922,0.5121951219512195,-0.02039344101059204,238,-0.0398157657825845,0.645107203972583,0.6768835157375677,0.4918016809406275,-0.0312273788866273
BUF@CBJ,Rasmus Dahlin,d1,A,under,0.5,draftkings,-130,0.5818757998779612,0.5588490936983521,0.5652173913043478,-0.02064049703286408,227,-0.036517802442759484,0.645107203972583,0.6077461266137285,0.5445768942714837,-0.006368297605995665
EDM@VAN,Brock Boeser,f2,G,over,1.5,draftkings,1800,0.27718779285142203,0.032003849801366197,0.05263157894736842,-0.020820874895789113,228,-0.3955966230199932,0.33484754089421115,0.2762673134004588,0.031810704051579305,-0.02062772914600222
SEA@CGY,Matt Coronato,f1,SOG,over,2.5,fanduel,-104,2.4214359355777106,0.42843235462056944,0.5098039215686274,-0.020906837866316585,188,-0.041009566583928736,2.6360907485242606,2.678872983615631,0.48889708370231083,-0.08137156694805797
FLA@SJS,Michael Misa,f2,A,under,0.5,draftkings,-340,0.27336590442655895,0.7608143513525584,0.7727272727272727,-0.021103823602969585,45,-0.027310830545019482,0.3225347287774313,0.2855198129881744,0.7516234491243031,-0.011912921374714336
SEA@CGY,Ryan Strome,f3,A,under,0.5,draftkings,-330,0.2802472264439631,0.7555969148241136,0.7674418604651163,-0.021201163031912884,210,-0.02762575789006827,0.3244316146605224,0.29270708010417457,0.7462406974332034,-0.011844945641002691
MIN@NSH,Filip Forsberg,f2,PTS,over,0.5,draftkings,-180,0.9414505475902883,0.6099383781476589,0.6428571428571429,-0.021283622686342984,242,-0.03310785751208911,0.9076823573375551,0.9717334658458112,0.6215735201707999,-0.03291876470948396
PHI@NJD,Tyson Foerster,f2,SOG,over,1.5,draftkings,-150,1.8071514000209534,0.5271529542147019,0.6,-0.02130536311397424,185,-0.0355089385232904,1.8936780109764226,1.9992802583332812,0.5786946368860257,-0.0728470457852981
PHI@NJD,Matvei Michkov,f3,SOG,under,1.5,draftkings,125,1.8008315825072296,0.47462303747877754,0.4444444444444444,-0.0213465737034092,159,-0.04802979083267067,2.011487583319138,1.9922885439748106,0.4230978707410352,0.030178593034333123
SEA@CGY,Matvei Gridin,f1,G,over,1.5,draftkings,2200,0.22658311132337086,0.0221028380921813,0.043478260869565216,-0.021511170604080056,37,-0.4947569238938413,,0.22583067884514743,0.02196709026548516,-0.021375422777383916
BUF@CBJ,Zach Werenski,d1,PTS,over,0.5,fanduel,-205,1.0185290181153064,0.6388742408854062,0.6721311475409836,-0.021617327482416404,222,-0.032162365278717076,0.9502826749446371,1.051291260460814,0.6505138200585672,-0.033256906655577345
BUF@CBJ,Zach Benson,f2,A,over,0.5,draftkings,200,0.357569990040324,0.3006262519671154,0.3333333333333333,-0.021676600342583285,207,-0.06502980102774991,0.3732042458899428,0.3734676308688107,0.31165673299075003,-0.032707081366217916
FLA@SJS,Aleksander Barkov,f1,PTS,over,0.5,fanduel,-215,1.0475167094456022,0.6491921739019957,0.6825396825396826,-0.021724079163264243,138,-0.031828302029898725,0.998399399819944,1.0812113766425462,0.6608156033764183,-0.03334750863768687
SEA@CGY,Bobby McMann,f2,PTS,over,0.5,draftkings,105,0.60783607742065,0.4554720886565269,0.4878048780487805,-0.021789694152092864,204,-0.044668873011790344,0.6077183327815403,0.6273878746896637,0.4660151838966876,-0.03233278939225359
TBL@NYR,J.T. Miller,f2,PTS,over,0.5,fanduel,-132,0.7674369359312949,0.5357986773945993,0.5689655172413793,-0.021848052268099605,218,-0.0383996070166599,0.7346038942382915,0.7921224917011241,0.5471174649732797,-0.03316683984678004
MIN@NSH,Ryan O'Reilly,f1,G,over,0.5,fanduel,250,0.307140822154313,0.2644529877012314,0.2857142857142857,-0.022011899590852757,238,-0.07704164856798468,0.31121256986197504,0.3061208753073155,0.26370238612343294,-0.02126129801305432
EDM@VAN,Vasily Podkolzin,f1,G,under,0.5,fanduel,-270,0.347841122431324,0.706211068399257,0.7297297297297297,-0.022702443096041303,180,-0.03111075535383434,0.3815359621113813,0.3466860188746185,0.7070272866336884,-0.023518661330472757
MIN@NSH,Joel Eriksson Ek,f1,SOG,under,2.5,draftkings,-110,2.4615878188633045,0.5618991157472327,0.5238095238095238,-0.022747878762202745,190,-0.04342776854602337,2.7034884861306123,2.723293648971538,0.5010616450473211,0.03808959193770889
EDM@VAN,Brock Boeser,f2,A,over,0.5,draftkings,170,0.4086234108918606,0.33543554706128637,0.37037037037037035,-0.022970368231019833,228,-0.062019994223753594,0.4261829806119048,0.42679089810111254,0.3474000021393505,-0.034934823309083984
FLA@SJS,Luca Cagnoni,d3,A,over,0.5,draftkings,180,0.38897842557468726,0.32225110810090973,0.35714285714285715,-0.023271484851266733,8,-0.06516015758354687,0.4074068562910736,0.4062724923925409,0.3338713722915904,-0.03489174904194742
SEA@CGY,Matt Coronato,f1,SOG,over,2.5,draftkings,-105,2.4214359355777106,0.42843235462056944,0.5121951219512195,-0.023298038248908692,188,-0.045486646105012185,2.6360907485242606,2.678872983615631,0.48889708370231083,-0.08376276733065008
SEA@CGY,Jared McCann,f1,G,over,1.5,draftkings,1600,0.2941487226773826,0.03564481270813098,0.058823529411764705,-0.023392570555100856,211,-0.3976736994367146,,0.29317191972380974,0.03543095885666385,-0.023178716703633723
FLA@SJS,Matthew Tkachuk,f2,PTS,over,0.5,fanduel,-205,1.0131628780724453,0.6369311807852149,0.6721311475409836,-0.023558414190558596,164,-0.035050323551806706,0.9448446772232407,1.0457525119036961,0.648572733350425,-0.03519996675576864
EDM@VAN,Vasily Podkolzin,f1,G,over,1.5,draftkings,1300,0.347841122431324,0.048139680895320926,0.07142857142857142,-0.023572333301016955,180,-0.3300126662142374,0.3815359621113813,0.3466860188746185,0.04785623812755447,-0.0232888905332505
SEA@CGY,Bobby McMann,f2,SOG,over,2.5,draftkings,-125,2.5959070077040916,0.46982099343919415,0.5555555555555556,-0.023941521322577763,204,-0.04309473838063993,2.7738691856540143,2.871893098116536,0.5316140342329778,-0.08573456211636143
TBL@NYR,Brandon Hagel,f2,A,over,0.5,draftkings,135,0.4914396831739725,0.38825495914021596,0.425531914893617,-0.024055588324048804,232,-0.05653063256151469,0.5079847127643868,0.513289200162476,0.4014763265695682,-0.037276955753401064
TBL@NYR,Nikita Kucherov,f1,PTS,over,1.5,fanduel,144,1.2940662327386565,0.3710731610280152,0.4098360655737705,-0.024067501936037683,232,-0.058724704723931986,1.29458581804451,1.3356914695007593,0.3857685636377328,-0.03876290454575532
MIN@NSH,Roman Josi,d1,PTS,over,0.5,draftkings,-140,0.7937294083622569,0.5478446250650452,0.5833333333333334,-0.024090722023104916,203,-0.04129838061103697,0.786561625199371,0.8192606939427495,0.5592426113102285,-0.035488708268288205
BUF@CBJ,Tage Thompson,f1,SOG,under,3.5,fanduel,-165,2.929104875264504,0.662379914189491,0.6226415094339622,-0.02411397536056492,224,-0.0387285058821194,3.2299032203707148,3.2405151840826347,0.5985275340733973,0.03973840475552881
MIN@NSH,Kirill Kaprizov,f2,SOG,over,3.5,draftkings,105,3.212356559763762,0.39576695167376563,0.4878048780487805,-0.024257766867413766,191,-0.049728422078198276,3.419633043514402,3.553881015496897,0.4635471111813667,-0.09203792637501484
MIN@NSH,Matt Boldy,f1,G,under,0.5,fanduel,-240,0.3857299611702826,0.6799541149045463,0.7058823529411765,-0.025056710414817163,230,-0.03549700642099096,0.42179200139558876,0.38444903714680506,0.6808256425263594,-0.025928238036630247
MIN@NSH,Steven Stamkos,f1,SOG,over,2.5,fanduel,-125,2.590897358699766,0.46865609474534636,0.5555555555555556,-0.025134253625596292,239,-0.04524165652607337,2.8322653520865964,2.8663508439615097,0.5304213019299593,-0.08689946081020922
PHI@NJD,Jack Hughes,f1,G,over,1.5,draftkings,1000,0.4166102203952572,0.0660602696305634,0.09090909090909091,-0.025228439373083056,185,-0.2775128331039136,0.49223279068937464,0.41522674984992675,0.06568065153600786,-0.024848821278527514
TBL@NYR,Nikita Kucherov,f1,G,over,1.5,draftkings,1000,0.4156241577474767,0.06578962295426799,0.09090909090909091,-0.025497663284008126,232,-0.28047429612408936,0.4261829806119048,0.41424396169845545,0.06541142762508279,-0.02511946795482292
EDM@VAN,Leon Draisaitl,f1,SOG,under,2.5,fanduel,134,2.892084810898702,0.464057913506267,0.42735042735042733,-0.02575038133834967,218,-0.060255892331738226,3.133855812740454,3.19955929967366,0.40160004601207766,0.036707486155839686
MIN@NSH,Joel Eriksson Ek,f1,PTS,over,0.5,draftkings,-120,0.7101317381393443,0.5084205665647881,0.5454545454545454,-0.02593246652671366,190,-0.04754285529897506,0.7029801014761843,0.7329740015293539,0.5195220789278318,-0.037033978889757346
EDM@VAN,Evan Bouchard,d1,SOG,over,2.5,draftkings,-115,2.5020866466441443,0.44776866616772304,0.5348837209302325,-0.025942906441115188,242,-0.04850195552034575,2.776544046694867,2.7680981445256645,0.5089408144891173,-0.08711505476250947
BUF@CBJ,Conor Garland,f2,A,under,0.5,draftkings,-350,0.2732232432975928,0.7609228977293461,0.7777777777777778,-0.026042325503290442,230,-0.033482989932801965,0.3128723212803395,0.28537080911386703,0.7517354522744873,-0.01685488004843172
FLA@SJS,Gustav Forsling,d1,PTS,under,0.5,draftkings,-225,0.39345821207861226,0.6747195121137035,0.6923076923076923,-0.02607366702293601,236,-0.03766196347757422,0.42851697630325847,0.4061142808480641,0.6662340252847563,-0.01758818019398878
SEA@CGY,Jordan Eberle,f2,SOG,over,1.5,draftkings,-190,1.99388117872971,0.5773109928019485,0.6551724137931034,-0.026310149310383557,197,-0.04015759631584859,2.1449323247065304,2.2058623743701724,0.6288622644827199,-0.0778614209911549
PHI@NJD,Nico Hischier,f2,SOG,under,2.5,draftkings,-135,2.278132951568214,0.6066942014846024,0.574468085106383,-0.026564247072848435,224,-0.04624146712681021,2.534233423997895,2.5203346193772416,0.5479038380335346,0.03222611637821937
BUF@CBJ,Zach Werenski,d1,A,over,0.5,fanduel,-138,0.770957974849629,0.5374302741738832,0.5798319327731093,-0.026814834219776595,222,-0.04624587350946974,0.7436119744858549,0.805234936897352,0.5530170985533327,-0.042401658599226066
FLA@SJS,Macklin Celebrini,f1,G,over,1.5,draftkings,850,0.4617420210897302,0.078832260282617,0.10526315789473684,-0.026876674868004866,149,-0.2553284112460462,0.5166059866814905,0.4602086778003771,0.07838648302673197,-0.026430897612119836
TBL@NYR,Ilya Mikheyev,f1,A,under,0.5,draftkings,-450,0.22412253567880208,0.7992171957474087,0.8181818181818182,-0.02688890567340574,231,-0.03286421804527373,0.26090395337038796,0.23408707317645247,0.7912929125084125,-0.01896462243440955
PHI@NJD,Luke Evangelista,f2,G,over,1.5,draftkings,2200,0.19447961853505924,0.016629176701990756,0.043478260869565216,-0.026952347284884628,225,-0.6199039875523464,,0.193833794667236,0.01652591358468059,-0.02684908416757446
PHI@NJD,Luke Evangelista,f2,G,over,1.5,fanduel,2200,0.19447961853505924,0.016629176701990756,0.043478260869565216,-0.026952347284884628,225,-0.6199039875523464,,0.193833794667236,0.01652591358468059,-0.02684908416757446
MIN@NSH,Kirill Kaprizov,f2,PTS,under,0.5,draftkings,170,1.0358432472114936,0.3549269635289718,0.37037037037037035,-0.02707443658942532,191,-0.07310097879144839,1.0584214080848637,1.0691624230950603,0.34329593378094503,-0.015443406841398555
EDM@VAN,Zeev Buium,d1,A,over,0.5,fanduel,220,0.3215431858948429,0.27497068168856464,0.3125,-0.02723812147939586,77,-0.08716198873406678,0.3977528396660086,0.33583906704422867,0.28526187852060414,-0.037529318311435356
PHI@NJD,Matvei Michkov,f3,SOG,under,1.5,fanduel,122,1.8008315825072296,0.47462303747877754,0.45045045045045046,-0.027352579709415237,159,-0.06072272695490177,2.011487583319138,1.9922885439748106,0.4230978707410352,0.024172587028327086
MIN@NSH,Filip Forsberg,f2,SOG,under,3.5,fanduel,-178,2.865299372839909,0.6755925301156591,0.6402877697841727,-0.027425813191040982,242,-0.04283357341072691,3.1807195535489763,3.1699261446866824,0.6128619565931317,0.03530476033148644
TBL@NYR,Anthony Cirelli,f2,PTS,over,0.5,draftkings,125,0.5226073847338405,0.40702757667518313,0.4444444444444444,-0.02753213229622059,227,-0.061947297666496315,0.5387158777478238,0.5394176959627579,0.41691231214822383,-0.037416867769261286
FLA@SJS,Brady Tkachuk,f1,SOG,over,3.5,fanduel,128,2.971896460497069,0.34646819292790576,0.43859649122807015,-0.027572717358567866,214,-0.06286579557753469,3.3602905351352215,3.287856193572632,0.4110237738695023,-0.09212829830016439
MIN@NSH,Quinn Hughes,d1,A,over,0.5,fanduel,-160,0.8481996997695187,0.571814899791742,0.6153846153846154,-0.02772304076493748,220,-0.04504994124302342,0.8153648132841949,0.8859108459880405,0.5876615746196779,-0.04356971559287337
FLA@SJS,Darnell Nurse,d1,SOG,under,1.5,draftkings,100,1.635383473126984,0.5229224518342681,0.5,-0.027741758737879763,235,-0.055483517475759525,1.834045672352235,1.809250676279467,0.47225824126212024,0.02292245183426811
SEA@CGY,Connor Zary,f3,SOG,over,1.5,draftkings,-125,1.6355123698776874,0.4771165135518999,0.5555555555555556,-0.027773820755418566,191,-0.04999287735975344,1.7632348313648551,1.8093932767992913,0.527781734800137,-0.0784390420036557
TBL@NYR,Oliver Bjorkstrand,f2,PTS,over,0.5,draftkings,165,0.4162616260435068,0.340492296479767,0.37735849056603776,-0.02809452585096539,240,-0.07445049350505828,0.4304416294384584,0.4296511947538884,0.3492639647150724,-0.03686619408627079
PHI@NJD,Travis Konecny,f2,G,over,0.5,fanduel,300,0.25168434813670554,0.22250988445635533,0.25,-0.02814020419369548,233,-0.11256081677478191,0.26481624771477774,0.2508485599939243,0.22185979580630452,-0.027490115543644666
PHI@NJD,Jesper Bratt,f1,G,over,0.5,fanduel,260,0.2875548154240338,0.24990455115605037,0.2777777777777778,-0.028589839393632466,241,-0.10292342181707692,0.29804485948732745,0.2865999093803711,0.24918793838414532,-0.02787322662172742
SEA@CGY,Jordan Eberle,f2,SOG,over,1.5,fanduel,-192,1.99388117872971,0.5773109928019485,0.6575342465753424,-0.02867198209262256,197,-0.04360530609919677,2.1449323247065304,2.2058623743701724,0.6288622644827199,-0.0802232537733939
CHI@UTA,Logan Cooley,f2,A,over,0.5,fanduel,138,0.4755881085525149,0.3784805719302365,0.42016806722689076,-0.02868358753772071,207,-0.06826693833977526,0.4567272784507173,0.49673286102800807,0.39148447968917005,-0.041687495296654276
FLA@SJS,Aleksander Barkov,f1,G,over,0.5,fanduel,230,0.3214155828719495,0.2748781598529543,0.30303030303030304,-0.02892651529003326,138,-0.09545750045710977,0.33484754089421115,0.32034823269678653,0.2741037877402698,-0.028152143177348765
BUF@CBJ,Noah Ostlund,f2,PTS,over,0.5,draftkings,145,0.46182050939137254,0.3698645668155588,0.40816326530612246,-0.029007203562620598,64,-0.07106764872842042,0.4745354059437978,0.4766755357869907,0.37915606174350186,-0.038298698490563665
PHI@NJD,Dougie Hamilton,d2,PTS,over,0.5,draftkings,130,0.5041289914350805,0.3959685370547669,0.43478260869565216,-0.02909812860378469,161,-0.06692569578870478,0.520714455895238,0.5203449223482266,0.40568448009186747,-0.03881407164088524
EDM@VAN,Kasperi Kapanen,f2,G,over,1.5,fanduel,2200,0.18017093328598874,0.014406860126263944,0.043478260869565216,-0.0291613029536659,178,-0.6707099679343157,,0.1795726254022086,0.014316957915899316,-0.029071400743301272
CHI@UTA,Nick Schmaltz,f1,PTS,over,0.5,fanduel,-194,0.9646434922340452,0.6188809525773191,0.6598639455782312,-0.029338856799379087,239,-0.04446197886091474,0.8886392005436446,0.9956724401653163,0.6305250887788522,-0.04098299300091213
PHI@NJD,Nico Hischier,f2,PTS,over,0.5,draftkings,-150,0.8190009612439845,0.5591281173358926,0.6,-0.029409127440171656,224,-0.04901521240028606,0.8285518175661484,0.8453451374984123,0.5705908725598283,-0.04087188266410735
PHI@NJD,Timo Meier,f2,A,over,0.5,draftkings,240,0.293858571630246,0.254618097863655,0.29411764705882354,-0.02982446212707518,222,-0.10140317123205556,0.3244316146605224,0.30692358870738645,0.26429318493174836,-0.039499549195168515
TBL@NYR,Eeli Tolvanen,f3,PTS,under,0.5,draftkings,-250,0.3673138257682664,0.6925922576379424,0.7142857142857143,-0.029828353095338156,238,-0.041759694333473374,0.40546510810816355,0.37912892809980653,0.6844573611903761,-0.02169345664777189
TBL@NYR,Eeli Tolvanen,f3,A,under,0.5,draftkings,-475,0.21838782337392904,0.8038136434899288,0.8260869565217391,-0.030040230871038687,238,-0.036364490001783656,0.2532618485653016,0.2280973942943583,0.7960467256507004,-0.02227331303181035
BUF@CBJ,Rasmus Dahlin,d1,PTS,under,0.5,draftkings,110,0.7819877980621663,0.45749569778373944,0.47619047619047616,-0.03005891948370365,227,-0.06312373091577772,0.8077505632989486,0.8071414002626704,0.4461315567067725,-0.018694778406736723
FLA@SJS,Gustav Forsling,d1,A,over,0.5,draftkings,215,0.3243464596539663,0.27700029124646075,0.31746031746031744,-0.03010881213595301,236,-0.09484275822825194,0.3529643645421967,0.3387669749745851,0.28735150532436443,-0.04046002621385669
BUF@CBJ,Tage Thompson,f1,SOG,over,2.5,draftkings,-175,2.929104875264504,0.5438061243425548,0.6363636363636364,-0.030141424292070784,224,-0.047365095316111216,3.2299032203707148,3.2405151840826347,0.6062222120715656,-0.09255751202108153
BUF@CBJ,Jack Quinn,f2,PTS,over,0.5,draftkings,100,0.6144102295583278,0.4590401566272456,0.5,-0.030373665004734596,179,-0.06074733000946919,0.6337237600891448,0.6341734925408559,0.4696263349952654,-0.04095984337275438
BUF@CBJ,Jack Quinn,f2,A,under,0.5,draftkings,-250,0.36382835975027566,0.695010476277571,0.7142857142857143,-0.030427210849030106,179,-0.042598095188642104,0.39959998865576585,0.38000424908001235,0.6838585034366842,-0.019275238008143347
FLA@SJS,Macklin Celebrini,f1,SOG,under,3.5,fanduel,-140,3.1361841765692087,0.6197489578777172,0.5833333333333334,-0.030475314722027247,149,-0.052243396666332376,3.580522857126505,3.4696102997454092,0.5528580186113061,0.03641562454438385
FLA@SJS,Macklin Celebrini,f1,PTS,over,1.5,draftkings,165,1.1879942486900097,0.3330291870390549,0.37735849056603776,-0.030534881607182318,149,-0.08091743625903314,1.2427936595321816,1.2262075492326605,0.34682360895885544,-0.04432930352698289
PHI@NJD,Dougie Hamilton,d2,A,over,0.5,draftkings,180,0.37851664542644436,0.31512342910238833,0.35714285714285715,-0.030590126814990903,161,-0.08565235508197455,0.40546510810816355,0.3953455791854398,0.32655273032786625,-0.04201942804046882
PHI@NJD,Owen Tippett,f1,G,over,0.5,fanduel,300,0.2484969279069784,0.22002774302122008,0.25,-0.030616158394189824,234,-0.1224646335767593,0.2666286632539486,0.24767172448292835,0.21938384160581018,-0.02997225697877992
CHI@UTA,Patrick Kane,f1,G,over,0.5,fanduel,260,0.28471445624848246,0.24777098204849696,0.2777777777777778,-0.030718344908539946,186,-0.11058604167074382,0.29936568916026735,0.28376898241042864,0.24705943286923784,-0.030006795729280833
BUF@CBJ,Valeri Nichushkin,f2,SOG,over,1.5,fanduel,-188,1.9670009571298583,0.5703667207899047,0.6527777777777778,-0.030807685628457482,166,-0.04719475245210503,2.043830570241307,2.1761243588482944,0.6219700921493203,-0.0824110569878731
SEA@CGY,Ryan Winterton,f3,SOG,over,1.5,draftkings,100,1.454747036230819,0.4205131781696245,0.5,-0.030815986430457354,86,-0.06163197286091471,1.596879568299651,1.6094097209405944,0.46918401356954265,-0.07948682183037548
BUF@CBJ,Jack Quinn,f2,SOG,over,2.5,draftkings,100,2.342805377660176,0.4092716630351054,0.5,-0.0311146561343692,179,-0.0622293122687384,2.634171371613487,2.5918827501772834,0.4688853438656308,-0.09072833696489457
TBL@NYR,Oliver Bjorkstrand,f2,A,over,0.5,draftkings,300,0.2364976791468249,0.2106122856471738,0.25,-0.031130993183657446,240,-0.12452397273462978,0.2666286632539486,0.24701241825964282,0.21886900681634255,-0.0393877143528262
TBL@NYR,Nikita Kucherov,f1,G,over,0.5,fanduel,170,0.4156241577474767,0.3400717471986096,0.37037037037037035,-0.031210082390431215,232,-0.08426722245416429,0.4261829806119048,0.41424396169845545,0.33916028797993913,-0.03029862317176074
PHI@NJD,Jamie Drysdale,d2,SOG,under,1.5,draftkings,-165,1.2824445269735623,0.6367909656543731,0.6226415094339622,-0.03144801629344063,180,-0.05050742010764708,1.459266536336189,1.418788721938891,0.5911934931405216,0.014149456220410861
EDM@VAN,Marco Rossi,f2,A,under,0.5,draftkings,-235,0.38366756504278204,0.6813578967175115,0.7014925373134329,-0.031658638684722074,212,-0.04513039982715694,0.4176408432739764,0.4007255098269692,0.6698338986287108,-0.020134640595921405
MIN@NSH,Steven Stamkos,f1,A,under,0.5,draftkings,-235,0.3836781752164114,0.6813506674302754,0.7014925373134329,-0.03166606167874986,239,-0.04514098154204771,0.4239431875282588,0.4007365917312644,0.669826475634683,-0.02014186988315747
PHI@NJD,Timo Meier,f2,A,under,0.5,draftkings,-330,0.293858571630246,0.745381902136345,0.7674418604651163,-0.03173504539686467,222,-0.041351725820157004,0.3244316146605224,0.30692358870738645,0.7357068150682516,-0.02205995832877128
CHI@UTA,MacKenzie Weegar,d1,A,under,0.5,draftkings,-290,0.32564557178661024,0.7220610608964215,0.7435897435897436,-0.031907565219258194,239,-0.04291017391555407,0.3603389684675673,0.3401238459199257,0.7116821783704854,-0.021528682693322088
FLA@SJS,Macklin Celebrini,f1,PTS,over,1.5,fanduel,164,1.1879942486900097,0.3330291870390549,0.3787878787878788,-0.03196426982902334,149,-0.0843856723486216,1.2427936595321816,1.2262075492326605,0.34682360895885544,-0.04575869174882391
EDM@VAN,Connor McDavid,f1,SOG,over,3.5,fanduel,-114,3.3894849380314107,0.431335357583933,0.5327102803738317,-0.031985941277440366,223,-0.06004378450326531,3.7591254433420787,3.7498409499312744,0.5007243390963914,-0.10137492278989874
MIN@NSH,Quinn Hughes,d1,PTS,under,0.5,draftkings,155,0.989649676383458,0.3717068859161087,0.39215686274509803,-0.03209628100409884,220,-0.08184551656045203,1.008131697444469,1.0214829790760254,0.3600605817409992,-0.020449976828989358
MIN@NSH,Joel Eriksson Ek,f1,G,under,0.5,fanduel,-300,0.33271473656749073,0.7169746916480457,0.75,-0.03223270518696708,190,-0.04297694024928944,0.3577496350684979,0.3316098643980039,0.7177672948130329,-0.033025308351954274
CHI@UTA,Bowen Byram,d1,A,over,0.5,draftkings,185,0.367321849503184,0.30741329951644425,0.3508771929824561,-0.032244972788157966,234,-0.0918981724462502,0.39959998865576585,0.38365306015986833,0.31863222019429815,-0.04346389346601187
BUF@CBJ,Tage Thompson,f1,G,over,0.5,fanduel,170,0.41404893082499283,0.3390313912646742,0.37037037037037035,-0.03224841293051556,224,-0.08707071491239204,0.42179200139558876,0.41267396575673676,0.3381219574398548,-0.03133897910569616
BUF@CBJ,Denton Mateychuk,d1,SOG,under,1.5,draftkings,-160,1.305299391806925,0.6290225399752689,0.6153846153846154,-0.032437601953552386,116,-0.052711103174522655,1.4681385428889817,1.4440734214210085,0.582947013431063,0.013637924590653494
TBL@NYR,Brandon Hagel,f2,PTS,over,0.5,draftkings,-165,0.8640471653651915,0.5785470636745187,0.6226415094339622,-0.03254222394224637,232,-0.052264783907244206,0.8758617418785103,0.8918403083450791,0.5900992854917159,-0.044094445759443546
FLA@SJS,Luca Cagnoni,d3,PTS,over,0.5,draftkings,135,0.4835909417107894,0.38343463849324816,0.425531914893617,-0.03258062677965323,8,-0.07656447293218505,0.5079847127643868,0.4991462409184036,0.3929512881139638,-0.042097276400368866
FLA@SJS,Sam Reinhart,f1,A,over,0.5,draftkings,110,0.5612086083140019,0.4294808871505428,0.47619047619047616,-0.03265043251671751,223,-0.06856590828510678,0.5842530923208828,0.5861600671425929,0.44354004367375865,-0.046709589039933386
CHI@UTA,Bowen Byram,d1,A,under,0.5,draftkings,-250,0.367321849503184,0.6925867004835558,0.7142857142857143,-0.032917934480012456,234,-0.046085108272017394,0.39959998865576585,0.38365306015986833,0.6813677798057018,-0.02169901380215855
TBL@NYR,Ilya Mikheyev,f1,PTS,over,0.5,draftkings,150,0.4431236014394816,0.35797215338266714,0.4,-0.032941537624794404,231,-0.08235384406198598,0.4669501917585635,0.45737721872594644,0.3670584623752056,-0.04202784661733289
TBL@NYR,Brandon Hagel,f2,SOG,under,2.5,draftkings,100,2.6016904926375024,0.5288359824585425,0.5,-0.032988459744468845,232,-0.06597691948893769,2.977739595831197,2.8782914592342608,0.46701154025553115,0.028835982458542464
PHI@NJD,Nico Hischier,f2,G,under,0.5,fanduel,-280,0.3525400194053622,0.7029004395902234,0.7368421052631579,-0.033118292946938355,224,-0.04494625471370206,0.3732042458899428,0.35136931184942466,0.7037238123162195,-0.03394166567293444
MIN@NSH,Kirill Kaprizov,f2,G,over,0.5,fanduel,135,0.49990347140015257,0.3934107899061722,0.425531914893617,-0.03312894124532173,191,-0.07785301192650607,0.5079847127643868,0.4982434023611972,0.3924029736482953,-0.03212112498744485
CHI@UTA,Patrick Kane,f1,PTS,over,0.5,fanduel,-136,0.7588811859785001,0.5318100484254653,0.576271186440678,-0.03317081859811022,186,-0.057561126390838324,0.8077505632989486,0.783291535496553,0.5431003678425678,-0.044461138015212676
EDM@VAN,Connor McDavid,f1,SOG,under,3.5,fanduel,-114,3.3894849380314107,0.5686646424160671,0.5327102803738317,-0.03343461947022308,223,-0.06276323304059417,3.7591254433420787,3.7498409499312744,0.49927566090360864,0.035954362042235344
EDM@VAN,Marco Rossi,f2,A,over,0.5,draftkings,175,0.38366756504278204,0.31864210328248854,0.36363636363636365,-0.033470262265074435,212,-0.0920432212289547,0.4176408432739764,0.4007255098269692,0.3301661013712892,-0.044994260353875104
FLA@SJS,Macklin Celebrini,f1,SOG,over,3.5,fanduel,108,3.1361841765692087,0.3802510421222828,0.4807692307692308,-0.03362724938053685,149,-0.06994467871151666,3.580522857126505,3.4696102997454092,0.44714198138869393,-0.100518188646948
BUF@CBJ,Jack Quinn,f2,G,over,0.5,fanduel,270,0.2705428678271684,0.23703480736483534,0.2702702702702703,-0.03392122885079374,179,-0.12550854674793688,0.29105475693042016,0.2696444547048667,0.23634904141947655,-0.03323546290543494
TBL@NYR,Anthony Cirelli,f2,SOG,under,1.5,draftkings,-120,1.5132157828807058,0.5607591466462789,0.5454545454545454,-0.034141873197758965,227,-0.06259343419589147,1.6957745597662717,1.6740946227729774,0.5113126722567864,0.015304601191733491
TBL@NYR,Eeli Tolvanen,f3,A,over,0.5,draftkings,320,0.21838782337392904,0.1961863565100712,0.23809523809523808,-0.03414196374593853,238,-0.1433962477329418,0.2532618485653016,0.2280973942943583,0.20395327434929955,-0.04190888158516687
SEA@CGY,Zayne Parekh,d2,SOG,over,1.5,draftkings,-115,1.5498275751649973,0.4507671338498108,0.5348837209302325,-0.03424939327479759,38,-0.06403147438331724,1.712430511754708,1.7145988293022885,0.5006343276554349,-0.08411658708042169
CHI@UTA,MacKenzie Weegar,d1,A,over,0.5,draftkings,210,0.32564557178661024,0.2779389391035784,0.3225806451612903,-0.03426282353177579,239,-0.10621475294850491,0.3603389684675673,0.3401238459199257,0.2883178216295145,-0.044641706057711894
EDM@VAN,Leon Draisaitl,f1,G,over,1.5,draftkings,600,0.5605577908236464,0.10909232396815065,0.14285714285714285,-0.034360091617073305,218,-0.24052064131951312,0.6261364702769852,0.5586963021836792,0.10849705124006954,-0.0337648188889922
EDM@VAN,Drew O'Connor,f3,SOG,over,1.5,draftkings,-110,1.5153132280823534,0.4399054092868313,0.5238095238095238,-0.03443220680086728,242,-0.06573421298347393,1.678102105180021,1.6764150596686027,0.48937731700865655,-0.08390411452269253
SEA@CGY,Ryan Strome,f3,PTS,under,0.5,draftkings,-190,0.46204930411256334,0.6299912780152931,0.6551724137931034,-0.03447507312075837,210,-0.05261984844747325,0.49223279068937464,0.47691168997263433,0.620697340672345,-0.025181135777810337
TBL@NYR,Brandon Hagel,f2,PTS,under,0.5,draftkings,125,0.8640471653651915,0.4214529363254813,0.4444444444444444,-0.03454372993616028,232,-0.07772339235636061,0.8758617418785103,0.8918403083450791,0.40990071450828414,-0.02299150811896311
BUF@CBJ,Jack Quinn,f2,A,over,0.5,draftkings,185,0.36382835975027566,0.30498952372242905,0.3508771929824561,-0.03473569641914026,179,-0.09899673479454973,0.39959998865576585,0.38000424908001235,0.31614149656331586,-0.045887669260027075
MIN@NSH,Steven Stamkos,f1,SOG,over,2.5,draftkings,-130,2.590897358699766,0.46865609474534636,0.5652173913043478,-0.034796089374388495,239,-0.061562311970072,2.8322653520865964,2.8663508439615097,0.5304213019299593,-0.09656129655900142
EDM@VAN,Drew O'Connor,f3,SOG,under,1.5,draftkings,-120,1.5153132280823534,0.5600945907131687,0.5454545454545454,-0.034831862463202024,242,-0.06385841451587038,1.678102105180021,1.6764150596686027,0.5106226829913434,0.01464004525862328
BUF@CBJ,Jack Quinn,f2,PTS,under,0.5,draftkings,-130,0.6144102295583278,0.5409598433727544,0.5652173913043478,-0.03484372629961319,179,-0.06164659268393102,0.6337237600891448,0.6341734925408559,0.5303736650047346,-0.024257547931593404
FLA@SJS,Aaron Ekblad,d1,SOG,under,1.5,draftkings,-145,1.3792709831081753,0.60421836560959,0.5918367346938775,-0.03509161350147405,180,-0.05929272626111137,1.5532006419767814,1.525909366192638,0.5567451211924035,0.012381630915712427
BUF@CBJ,Valeri Nichushkin,f2,SOG,under,1.5,fanduel,142,1.9670009571298583,0.4296332792100953,0.4132231404958678,-0.03519323264518809,166,-0.08516762300135516,2.043830570241307,2.1761243588482944,0.3780299078506797,0.01641013871422753
TBL@NYR,Ilya Mikheyev,f1,A,over,0.5,draftkings,310,0.22412253567880208,0.20078280425259135,0.24390243902439024,-0.03519535153280279,231,-0.14430094128449145,0.26090395337038796,0.23408707317645247,0.20870708749158745,-0.04311963477179889
MIN@NSH,Kirill Kaprizov,f2,G,under,0.5,fanduel,-180,0.49990347140015257,0.6065892100938278,0.6428571428571429,-0.035260116505438144,191,-0.05484907011957041,0.5079847127643868,0.4982434023611972,0.6075970263517048,-0.03626793276331508
SEA@CGY,Jordan Eberle,f2,SOG,under,1.5,fanduel,146,1.99388117872971,0.42268900719805147,0.4065040650406504,-0.035366329523370266,197,-0.08700117062749091,2.1449323247065304,2.2058623743701724,0.37113773551728013,0.016184942157401072
SEA@CGY,Zayne Parekh,d2,SOG,under,1.5,draftkings,-115,1.5498275751649973,0.5492328661501892,0.5348837209302325,-0.03551804858566743,38,-0.06640330822537821,1.712430511754708,1.7145988293022885,0.4993656723445651,0.014349145219956672
EDM@VAN,Connor McDavid,f1,SOG,under,3.5,draftkings,-115,3.3894849380314107,0.5686646424160671,0.5348837209302325,-0.03560806002662387,223,-0.06657159048455763,3.7591254433420787,3.7498409499312744,0.49927566090360864,0.03378092148583456
EDM@VAN,Kasperi Kapanen,f2,G,over,1.5,draftkings,1900,0.18017093328598874,0.014406860126263944,0.05,-0.03568304208410068,178,-0.7136608416820137,,0.1795726254022086,0.014316957915899316,-0.03559313987373606
PHI@NJD,Nico Hischier,f2,PTS,under,0.5,draftkings,115,0.8190009612439845,0.4408718826641074,0.46511627906976744,-0.03570715162959576,224,-0.0767703760036309,0.8285518175661484,0.8453451374984123,0.4294091274401717,-0.024244396405660062
FLA@SJS,Luca Cagnoni,d3,PTS,under,0.5,draftkings,-180,0.4835909417107894,0.6165653615067519,0.6428571428571429,-0.03580843097110675,8,-0.05570200373283274,0.5079847127643868,0.4991462409184036,0.6070487118860362,-0.026291781350391008
EDM@VAN,Elias Pettersson,f1,A,over,0.5,draftkings,140,0.4587693303006764,0.36793897458803804,0.4166666666666667,-0.03596614327308045,221,-0.08631874385539307,,0.4791663161758698,0.38070052339358623,-0.04872769207862865
MIN@NSH,Quinn Hughes,d1,SOG,under,2.5,draftkings,-120,2.4279070827539346,0.5700039269665398,0.5454545454545454,-0.035978210044988135,220,-0.06596005174914488,2.659091192097316,2.686032116380071,0.5094763354095573,0.024549381511994373
FLA@SJS,Aleksander Barkov,f1,G,under,0.5,fanduel,-320,0.3214155828719495,0.7251218401470457,0.7619047619047619,-0.03600854964503164,138,-0.04726122140910405,0.33484754089421115,0.32034823269678653,0.7258962122597302,-0.036782921757716136
MIN@NSH,Joel Eriksson Ek,f1,PTS,over,0.5,fanduel,-125,0.7101317381393443,0.5084205665647881,0.5555555555555556,-0.036033476627723826,190,-0.06486025792990291,0.7029801014761843,0.7329740015293539,0.5195220789278318,-0.04713498899076751
PHI@NJD,Jamie Drysdale,d2,G,over,0.5,draftkings,750,0.08541331879336503,0.08186727554258993,0.11764705882352941,-0.03604023825396413,180,-0.30634202515869513,,0.08512968002277167,0.08160682056956528,-0.035779783280939476
TBL@NYR,Nikita Kucherov,f1,G,under,0.5,fanduel,-230,0.4156241577474767,0.6599282528013903,0.696969696969697,-0.03612998494963615,232,-0.05183867405817355,0.4261829806119048,0.41424396169845545,0.6608397120200609,-0.03704144416830668
SEA@CGY,Zayne Parekh,d2,PTS,under,0.5,draftkings,-180,0.48412078891343874,0.6162387626061046,0.6428571428571429,-0.03614032931456179,38,-0.056218290044873886,0.5166059866814905,0.4996931313099563,0.6067168135425811,-0.026618380251038354
BUF@CBJ,Jack Quinn,f2,G,under,0.5,fanduel,-400,0.2705428678271684,0.7629651926351646,0.8,-0.03634904141947659,179,-0.045436301774345766,0.29105475693042016,0.2696444547048667,0.7636509585805235,-0.03703480736483544
PHI@NJD,Porter Martone,f1,PTS,over,0.5,draftkings,115,0.5424987081115772,0.4187060477188402,0.46511627906976744,-0.0363545619832486,10,-0.07816230826398451,0.568259068548668,0.559948848295275,0.42876171708651883,-0.046410231350927256
CHI@UTA,Anton Frondell,f1,PTS,over,0.5,draftkings,100,0.6034360551441704,0.45307087489342257,0.5,-0.03641545246145994,13,-0.07283090492291988,0.6261364702769852,0.6228463202687053,0.46358454753854006,-0.04692912510657743
EDM@VAN,Connor McDavid,f1,G,over,1.5,draftkings,600,0.5536483889965943,0.10688723060326624,0.14285714285714285,-0.036554620226228296,223,-0.2558823415835981,0.6077183327815403,0.5518098449543484,0.10630252263091455,-0.03596991225387661
MIN@NSH,Filip Forsberg,f2,SOG,over,3.5,fanduel,136,2.865299372839909,0.32440746988434094,0.423728813559322,-0.036590770152453767,242,-0.08635421755979089,3.1807195535489763,3.1699261446866824,0.38713804340686825,-0.09932134367498108
FLA@SJS,Gustav Forsling,d1,PTS,over,0.5,draftkings,170,0.39345821207861226,0.32528048788629643,0.37037037037037035,-0.03660439565512669,236,-0.09883186826884205,0.42851697630325847,0.4061142808480641,0.33376597471524366,-0.04508988248407392
PHI@NJD,Porter Martone,f1,PTS,under,0.5,draftkings,-155,0.5424987081115772,0.5812939522811598,0.6078431372549019,-0.03660485434142069,10,-0.06022088940040182,0.568259068548668,0.559948848295275,0.5712382829134812,-0.026549184973742146
SEA@CGY,Matvei Gridin,f1,A,over,0.5,draftkings,175,0.3791015438146828,0.3155238951774509,0.36363636363636365,-0.03667234792437046,37,-0.10084895679201877,0.41347254233186365,0.3959564822853609,0.3269640157119932,-0.04811246845891276
MIN@NSH,Roman Josi,d1,A,under,0.5,draftkings,-130,0.6108527340139345,0.5428877328010302,0.5652173913043478,-0.0368753405630603,203,-0.0652409871500298,0.645107203972583,0.6380113816492058,0.5283420507412875,-0.022329658503317584
SEA@CGY,Simon Nemec,d1,SOG,over,1.5,draftkings,100,1.436784997649817,0.41468302435505844,0.5,-0.03691074590541393,153,-0.07382149181082787,1.596879568299651,1.5895380327499968,0.46308925409458607,-0.08531697564494156
MIN@NSH,Filip Forsberg,f2,SOG,over,2.5,draftkings,-170,2.865299372839909,0.5301947870767995,0.6296296296296297,-0.036962844489441316,242,-0.058705694189112645,3.1807195535489763,3.1699261446866824,0.5926667851401883,-0.0994348425528302
TBL@NYR,Oliver Bjorkstrand,f2,A,under,0.5,draftkings,-450,0.2364976791468249,0.7893877143528262,0.8181818181818182,-0.037050824998160814,240,-0.04528434166441875,0.2666286632539486,0.24701241825964282,0.7811309931836574,-0.028794103828992057
PHI@NJD,Nico Hischier,f2,G,over,0.5,fanduel,200,0.3525400194053622,0.2970995604097766,0.3333333333333333,-0.03705714564955276,224,-0.11117143694865828,0.3732042458899428,0.35136931184942466,0.29627618768378056,-0.03623377292355673
SEA@CGY,Matvei Gridin,f1,A,under,0.5,draftkings,-245,0.3791015438146828,0.6844761048225492,0.7101449275362319,-0.03710894324822511,37,-0.0522554506964803,0.41347254233186365,0.3959564822853609,0.6730359842880068,-0.02566882271368276
MIN@NSH,Filip Forsberg,f2,SOG,under,2.5,draftkings,125,2.865299372839909,0.46980521292320054,0.4444444444444444,-0.037111229584632754,242,-0.08350026656542375,3.1807195535489763,3.1699261446866824,0.40733321485981167,0.025360768478756124
FLA@SJS,Gustav Forsling,d1,A,under,0.5,draftkings,-300,0.3243464596539663,0.7229997087535392,0.75,-0.03735150532436449,236,-0.04980200709915261,0.3529643645421967,0.3387669749745851,0.7126484946756355,-0.02700029124646075
SEA@CGY,Ryan Strome,f3,PTS,over,0.5,draftkings,140,0.46204930411256334,0.3700087219847069,0.4166666666666667,-0.037364007339011795,210,-0.08967361761362835,0.49223279068937464,0.47691168997263433,0.3793026593276549,-0.04665794468195977
EDM@VAN,Marco Rossi,f2,SOG,under,1.5,draftkings,-120,1.5232874248005666,0.5575727064058502,0.5454545454545454,-0.03744895433484563,212,-0.0686564162805503,1.6957745597662717,1.6852370399822638,0.5080055911196998,0.012118160951304802
BUF@CBJ,Conor Garland,f2,A,over,0.5,draftkings,250,0.2732232432975928,0.23907710227065387,0.2857142857142857,-0.037449737988773046,230,-0.13107408296070566,0.3128723212803395,0.28537080911386703,0.24826454772551265,-0.046637183443631824
PHI@NJD,Trevor Zegras,f1,PTS,over,0.5,draftkings,-110,0.645469763762331,0.4755838674614671,0.5238095238095238,-0.037449807873514374,167,-0.07149508775852742,0.6641596436866928,0.6662320949781952,0.48635971593600946,-0.048225656348056756
BUF@CBJ,Denton Mateychuk,d1,SOG,over,1.5,draftkings,120,1.305299391806925,0.37097746002473114,0.45454545454545453,-0.03749246797651756,116,-0.08248342954833865,1.4681385428889817,1.4440734214210085,0.41705298656893697,-0.08356799452072339
SEA@CGY,Simon Nemec,d1,SOG,under,1.5,draftkings,-135,1.436784997649817,0.5853169756449416,0.574468085106383,-0.03755733920096915,153,-0.06537759046094627,1.596879568299651,1.5895380327499968,0.5369107459054139,0.010848890538558531
PHI@NJD,Owen Tippett,f1,G,under,0.5,fanduel,-450,0.2484969279069784,0.7799722569787799,0.8181818181818182,-0.03756565978762838,234,-0.04591358418487912,0.2666286632539486,0.24767172448292835,0.7806161583941899,-0.03820956120303831
FLA@SJS,Brady Tkachuk,f1,SOG,under,3.5,fanduel,-168,2.971896460497069,0.6535318070720942,0.6268656716417911,-0.03788944551129336,214,-0.060442686887063224,3.3602905351352215,3.287856193572632,0.5889762261304977,0.02666613543030316
BUF@CBJ,Rasmus Dahlin,d1,PTS,over,0.5,draftkings,-145,0.7819877980621663,0.5425043022162606,0.5918367346938775,-0.037968291400650056,227,-0.06415331995282247,0.8077505632989486,0.8071414002626704,0.5538684432932275,-0.04933243247761698
CHI@UTA,Anton Frondell,f1,PTS,under,0.5,draftkings,-135,0.6034360551441704,0.5469291251065774,0.574468085106383,-0.03805263264492309,13,-0.06623976793745867,0.6261364702769852,0.6228463202687053,0.5364154524614599,-0.0275389599998056
PHI@NJD,Matvei Michkov,f3,SOG,over,1.5,fanduel,-160,1.8008315825072296,0.5253769625212225,0.6153846153846154,-0.03848248612565064,159,-0.06253403995418227,2.011487583319138,1.9922885439748106,0.5769021292589648,-0.09000765286339296
CHI@UTA,Bowen Byram,d1,A,over,0.5,fanduel,180,0.367321849503184,0.30741329951644425,0.35714285714285715,-0.038510636948558996,234,-0.10782978345596517,0.39959998865576585,0.38365306015986833,0.31863222019429815,-0.0497295576264129
FLA@SJS,Macklin Celebrini,f1,PTS,under,1.5,draftkings,-225,1.1879942486900097,0.6669708129609451,0.6923076923076923,-0.039131301266547736,149,-0.056522990718346766,1.2427936595321816,1.2262075492326605,0.6531763910411446,-0.02533687934674722
TBL@NYR,Ilya Mikheyev,f1,PTS,under,0.5,draftkings,-205,0.4431236014394816,0.6420278466173328,0.6721311475409836,-0.03918960991618914,231,-0.05830649280213507,0.4669501917585635,0.45737721872594644,0.6329415376247944,-0.030103300923650766
FLA@SJS,Luca Cagnoni,d3,A,over,0.5,fanduel,168,0.38897842557468726,0.32225110810090973,0.373134328358209,-0.03926295606661856,8,-0.10522472225853774,0.4074068562910736,0.4062724923925409,0.3338713722915904,-0.050883220257299244
PHI@NJD,Luke Hughes,d1,PTS,under,0.5,draftkings,-140,0.5897237526515381,0.5544804373301202,0.5833333333333334,-0.039271810267945684,217,-0.06732310331647828,0.6190392084062237,0.6086929446506261,0.5440615230653877,-0.02885289600321317
EDM@VAN,Leon Draisaitl,f1,SOG,over,2.5,fanduel,-176,2.892084810898702,0.535942086493733,0.6376811594202898,-0.03928120543236746,218,-0.0616000721553035,3.133855812740454,3.19955929967366,0.5983999539879223,-0.10173907292655682
TBL@NYR,Brandon Hagel,f2,PTS,over,0.5,fanduel,-170,0.8640471653651915,0.5785470636745187,0.6296296296296297,-0.03953034413791379,232,-0.06278348774845133,0.8758617418785103,0.8918403083450791,0.5900992854917159,-0.05108256595511096
PHI@NJD,Jack Hughes,f1,A,under,0.5,draftkings,-115,0.6725808857378404,0.5103896191890478,0.5348837209302325,-0.039530394686376646,185,-0.07390465093539977,0.7029801014761843,0.7024839806490207,0.49535332624385586,-0.024494101741184715
TBL@NYR,Anthony Cirelli,f2,PTS,under,0.5,draftkings,-165,0.5226073847338405,0.5929724233248168,0.6226415094339622,-0.03955382158218612,227,-0.06352583466229889,0.5387158777478238,0.5394176959627579,0.5830876878517761,-0.029669086109145426
PHI@NJD,Jamie Drysdale,d2,G,over,0.5,fanduel,725,0.08541331879336503,0.08186727554258993,0.12121212121212122,-0.039605300642555935,180,-0.3267437303010865,,0.08512968002277167,0.08160682056956528,-0.03934484566953128
MIN@NSH,Steven Stamkos,f1,A,over,0.5,draftkings,170,0.3836781752164114,0.3186493325697246,0.37037037037037035,-0.04019684600505341,239,-0.10853148421364422,0.4239431875282588,0.4007365917312644,0.33017352436531694,-0.05172103780064574
MIN@NSH,Steven Stamkos,f1,SOG,under,2.5,fanduel,-104,2.590897358699766,0.5313439052546536,0.5098039215686274,-0.040225223498586704,239,-0.07890332301645853,2.8322653520865964,2.8663508439615097,0.4695786980700407,0.021539983686026165
MIN@NSH,Kirill Kaprizov,f2,PTS,over,0.5,draftkings,-230,1.0358432472114936,0.6450730364710282,0.696969696969697,-0.040265630750642045,191,-0.057772426729182036,1.0584214080848637,1.0691624230950603,0.656704066219055,-0.05189666049866881
MIN@NSH,Joel Eriksson Ek,f1,G,over,0.5,fanduel,210,0.33271473656749073,0.28302530835195433,0.3225806451612903,-0.04034793997432318,190,-0.12507861392040187,0.3577496350684979,0.3316098643980039,0.28223270518696714,-0.039555336809335984
SEA@CGY,Ryan Strome,f3,A,over,0.5,draftkings,240,0.2802472264439631,0.24440308517588635,0.29411764705882354,-0.040358344492026965,210,-0.13721837127289171,0.3244316146605224,0.29270708010417457,0.2537593025667966,-0.049714561882937186
MIN@NSH,Filip Forsberg,f2,A,over,0.5,fanduel,134,0.46851751240118306,0.37407048646036295,0.42735042735042733,-0.04037644266475504,242,-0.09448087583552678,0.5481373322033496,0.4893479046082307,0.3869739846856723,-0.05327994089006438
MIN@NSH,Roman Josi,d1,A,over,0.5,draftkings,-105,0.6108527340139345,0.4571122671989698,0.5121951219512195,-0.04053717269250695,203,-0.07914400382822784,0.645107203972583,0.6380113816492058,0.47165794925871257,-0.05508285475224972
PHI@NJD,Jack Hughes,f1,A,over,0.5,draftkings,-120,0.6725808857378404,0.4896103808109522,0.5454545454545454,-0.04080787169840128,185,-0.07481443144706901,0.7029801014761843,0.7024839806490207,0.5046466737561441,-0.05584416464359321
PHI@NJD,Dougie Hamilton,d2,A,under,0.5,draftkings,-250,0.37851664542644436,0.6848765708976117,0.7142857142857143,-0.04083844461358055,161,-0.05717382245901281,0.40546510810816355,0.3953455791854398,0.6734472696721338,-0.029409143388102632
BUF@CBJ,Tage Thompson,f1,SOG,over,3.5,fanduel,126,2.929104875264504,0.33762008581050895,0.4424778761061947,-0.04100541017959208,224,-0.09267222700587807,3.2299032203707148,3.2405151840826347,0.40147246592660263,-0.10485779029568576
FLA@SJS,Brady Tkachuk,f1,G,over,1.5,draftkings,1000,0.35504220958522653,0.049920491520525904,0.09090909090909091,-0.041281784091042786,214,-0.4540996250014706,0.4567272784507173,0.3538631928082397,0.049627306818048125,-0.04098859938856501
TBL@NYR,Brandon Hagel,f2,SOG,over,2.5,draftkings,-135,2.6016904926375024,0.47116401754145754,0.574468085106383,-0.041479625361914185,232,-0.0722052737781469,2.977739595831197,2.8782914592342608,0.5329884597444688,-0.1033040675649255
SEA@CGY,Zayne Parekh,d2,PTS,over,0.5,draftkings,130,0.48412078891343874,0.3837612373938954,0.43478260869565216,-0.04149942223823322,38,-0.09544867114793643,0.5166059866814905,0.4996931313099563,0.39328318645741894,-0.05102137130175677
TBL@NYR,Eeli Tolvanen,f3,PTS,over,0.5,draftkings,180,0.3673138257682664,0.30740774236205753,0.35714285714285715,-0.04160021833323324,238,-0.1164806113330531,0.40546510810816355,0.37912892809980653,0.3155426388096239,-0.049735114780799616
FLA@SJS,Sam Reinhart,f1,A,over,0.5,fanduel,106,0.5612086083140019,0.4294808871505428,0.4854368932038835,-0.04189684953012485,223,-0.08630751003205717,0.5842530923208828,0.5861600671425929,0.44354004367375865,-0.05595600605334072
PHI@NJD,Trevor Zegras,f1,PTS,under,0.5,draftkings,-125,0.645469763762331,0.5244161325385329,0.5555555555555556,-0.04191527149156504,167,-0.0754474886848171,0.6641596436866928,0.6662320949781952,0.5136402840639905,-0.03113942301702266
PHI@NJD,Dougie Hamilton,d2,PTS,under,0.5,draftkings,-175,0.5041289914350805,0.604031462945233,0.6363636363636364,-0.04204811645550388,161,-0.06607561157293462,0.520714455895238,0.5203449223482266,0.5943155199081325,-0.03233217341840333
MIN@NSH,Quinn Hughes,d1,PTS,over,0.5,draftkings,-215,0.989649676383458,0.6282931140838913,0.6825396825396826,-0.042600264280681754,220,-0.06241434069030116,1.008131697444469,1.0214829790760254,0.6399394182590008,-0.05424656845579123
MIN@NSH,Steven Stamkos,f1,SOG,under,2.5,draftkings,-105,2.590897358699766,0.5313439052546536,0.5121951219512195,-0.04261642388117881,239,-0.08320349424420626,2.8322653520865964,2.8663508439615097,0.4695786980700407,0.019148783303434058
CHI@UTA,Tyler Bertuzzi,f1,A,over,0.5,fanduel,190,0.3443988353411229,0.29135376148430414,0.3448275862068966,-0.04270565102418156,238,-0.12384638797012648,0.3529643645421967,0.35971088371907783,0.302121935182715,-0.05347382472259243
EDM@VAN,Marco Rossi,f2,SOG,over,1.5,draftkings,-115,1.5232874248005666,0.44242729359414984,0.5348837209302325,-0.04288931204993229,212,-0.08018436600639511,1.6957745597662717,1.6852370399822638,0.4919944088803002,-0.09245642733608267
BUF@CBJ,Zach Benson,f2,A,over,0.5,fanduel,182,0.357569990040324,0.3006262519671154,0.3546099290780142,-0.04295319608726417,207,-0.121128012966085,0.3732042458899428,0.3734676308688107,0.31165673299075003,-0.0539836771108988
CHI@UTA,Patrick Kane,f1,G,under,0.5,fanduel,-390,0.28471445624848246,0.752229017951503,0.7959183673469388,-0.04297780021617659,186,-0.05399774898955523,0.29936568916026735,0.28376898241042864,0.7529405671307622,-0.043689349395435784
CHI@UTA,Tyler Bertuzzi,f1,PTS,over,0.5,fanduel,-115,0.6557892456562652,0.4809677430645922,0.5348837209302325,-0.043082039989605025,238,-0.08054468345882682,0.645107203972583,0.6768835157375677,0.4918016809406275,-0.053915977865640285
BUF@CBJ,Jack Quinn,f2,SOG,under,2.5,draftkings,-135,2.342805377660176,0.5907283369648946,0.574468085106383,-0.043353428972013885,179,-0.07546708006239455,2.634171371613487,2.5918827501772834,0.5311146561343691,0.016260251858511543
FLA@SJS,Sam Reinhart,f1,A,under,0.5,draftkings,-150,0.5612086083140019,0.5705191128494572,0.6,-0.04354004367375863,223,-0.07256673945626435,0.5842530923208828,0.5861600671425929,0.5564599563262413,-0.029480887150542756
SEA@CGY,Ryan Winterton,f3,SOG,under,1.5,draftkings,-135,1.454747036230819,0.5794868218303755,0.574468085106383,-0.04365209867592568,86,-0.07598698658401881,1.596879568299651,1.6094097209405944,0.5308159864304574,0.005018736723992445
PHI@NJD,Jack Hughes,f1,PTS,over,1.5,fanduel,176,1.1125083123646493,0.30554804418723747,0.36231884057971014,-0.04370935008869292,185,-0.12063780624479248,1.2267066244384226,1.1482935146444295,0.3186094904910172,-0.05677079639247268
SEA@CGY,Bobby McMann,f2,SOG,under,2.5,draftkings,-105,2.5959070077040916,0.5301790065608059,0.5121951219512195,-0.04380915618419734,204,-0.08553216207390912,2.7738691856540143,2.871893098116536,0.4683859657670222,0.01798388460958633
EDM@VAN,Evan Bouchard,d1,SOG,under,2.5,draftkings,-115,2.5020866466441443,0.552231333832277,0.5348837209302325,-0.04382453541934983,242,-0.0819328270883497,2.776544046694867,2.7680981445256645,0.4910591855108827,0.01734761290204445
PHI@NJD,Dawson Mercer,f3,SOG,over,1.5,draftkings,-115,1.5203222274159987,0.4414903975012471,0.5348837209302325,-0.04386133658072888,242,-0.08200162925962362,1.6802673727639053,1.6819565950826503,0.4910223843495036,-0.09339332342898543
BUF@CBJ,Tage Thompson,f1,G,under,0.5,fanduel,-240,0.41404893082499283,0.6609686087353258,0.7058823529411765,-0.044004310381031364,224,-0.06233943970646105,0.42179200139558876,0.41267396575673676,0.6618780425601452,-0.0449137442058507
FLA@SJS,Luca Cagnoni,d3,A,under,0.5,draftkings,-245,0.38897842557468726,0.6777488918990903,0.7101449275362319,-0.0440162998278224,8,-0.061982136492239714,0.4074068562910736,0.4062724923925409,0.6661286277084095,-0.03239603563714166
PHI@NJD,Luke Hughes,d1,PTS,over,0.5,draftkings,100,0.5897237526515381,0.44551956266987985,0.5,-0.04406152306538769,217,-0.08812304613077537,0.6190392084062237,0.6086929446506261,0.4559384769346123,-0.054480437330120146
TBL@NYR,Brandon Hagel,f2,A,under,0.5,draftkings,-180,0.4914396831739725,0.611745040859784,0.6428571428571429,-0.044333469426711125,232,-0.06896317466377289,0.5079847127643868,0.513289200162476,0.5985236734304318,-0.03111210199735892
MIN@NSH,Quinn Hughes,d1,SOG,over,2.5,draftkings,-115,2.4279070827539346,0.42999607303346027,0.5348837209302325,-0.044360056339789844,220,-0.08293401837438974,2.659091192097316,2.686032116380071,0.49052366459044267,-0.10488764789677224
EDM@VAN,Brock Boeser,f2,A,under,0.5,draftkings,-230,0.4086234108918606,0.6645644529387136,0.696969696969697,-0.04436969910904753,228,-0.06366087263472042,0.4261829806119048,0.42679089810111254,0.6525999978606495,-0.03240524403098344
SEA@CGY,Matt Coronato,f1,SOG,under,2.5,draftkings,-125,2.4214359355777106,0.5715676453794305,0.5555555555555556,-0.044452639257866355,188,-0.08001475066415942,2.6360907485242606,2.678872983615631,0.5111029162976892,0.01601208982387492
SEA@CGY,Matt Coronato,f1,SOG,under,2.5,fanduel,-125,2.4214359355777106,0.5715676453794305,0.5555555555555556,-0.044452639257866355,188,-0.08001475066415942,2.6360907485242606,2.678872983615631,0.5111029162976892,0.01601208982387492
FLA@SJS,Aaron Ekblad,d1,SOG,over,1.5,draftkings,105,1.3792709831081753,0.39578163439041003,0.4878048780487805,-0.04454999924118397,180,-0.09132749844442711,1.5532006419767814,1.525909366192638,0.4432548788075965,-0.09202324365837045
TBL@NYR,John Carlson,d1,SOG,under,1.5,fanduel,134,1.9492181075579578,0.4342782623675133,0.42735042735042733,-0.04470067118695514,230,-0.10459957057747504,2.048672417876189,2.1564509103007077,0.3826497561634722,0.006927835017085993
EDM@VAN,Connor McDavid,f1,SOG,over,3.5,draftkings,-120,3.3894849380314107,0.431335357583933,0.5454545454545454,-0.04473020635815406,223,-0.08200537832328247,3.7591254433420787,3.7498409499312744,0.5007243390963914,-0.11411918787061243
PHI@NJD,Jack Hughes,f1,A,over,0.5,fanduel,-122,0.6725808857378404,0.4896103808109522,0.5495495495495496,-0.04490287579340546,185,-0.08170851168963944,0.7029801014761843,0.7024839806490207,0.5046466737561441,-0.05993916873859739
TBL@NYR,Nikita Kucherov,f1,A,over,0.5,fanduel,-174,0.8533755716152106,0.5740254054148578,0.635036496350365,-0.04515183779900811,232,-0.07110116986740356,0.786561625199371,0.8913168382405591,0.5898846585513569,-0.06101109093550716
BUF@CBJ,Valeri Nichushkin,f2,G,under,0.5,fanduel,-500,0.2392890314779843,0.7871873275722833,0.8333333333333334,-0.04552023762456836,166,-0.05462428514948203,0.24613306953890843,0.23849440544467107,0.787813095708765,-0.0461460057610501
SEA@CGY,Jordan Eberle,f2,SOG,under,1.5,draftkings,140,1.99388117872971,0.42268900719805147,0.4166666666666667,-0.04552893114938655,197,-0.10926943475852768,2.1449323247065304,2.2058623743701724,0.37113773551728013,0.006022340531384784
PHI@NJD,Jamie Drysdale,d2,SOG,over,1.5,draftkings,120,1.2824445269735623,0.3632090343456269,0.45454545454545453,-0.045738947685976195,180,-0.10062568490914758,1.459266536336189,1.418788721938891,0.40880650685947834,-0.09133642019982763
FLA@SJS,Michael Misa,f2,A,over,0.5,draftkings,240,0.27336590442655895,0.23918564864744166,0.29411764705882354,-0.045741096183126634,45,-0.1555197270226305,0.3225347287774313,0.2855198129881744,0.2483765508756969,-0.05493199841138188
EDM@VAN,Vasily Podkolzin,f1,G,over,0.5,fanduel,195,0.347841122431324,0.29378893160074304,0.3389830508474576,-0.046010337481146024,180,-0.13573049556938077,0.3815359621113813,0.3466860188746185,0.2929727133663116,-0.04519411924671457
SEA@CGY,Matvei Gridin,f1,A,over,0.5,fanduel,168,0.3791015438146828,0.3155238951774509,0.373134328358209,-0.046170312646215794,37,-0.12373643789185829,0.41347254233186365,0.3959564822853609,0.3269640157119932,-0.05761043318075809
TBL@NYR,Anthony Cirelli,f2,SOG,over,1.5,draftkings,-115,1.5132157828807058,0.4392408533537211,0.5348837209302325,-0.04619639318701896,227,-0.08636716987138326,1.6957745597662717,1.6740946227729774,0.48868732774321355,-0.09564286757651141
MIN@NSH,Ryan O'Reilly,f1,G,under,0.5,fanduel,-360,0.307140822154313,0.7355470122987686,0.782608695652174,-0.04631108177560683,238,-0.05917527115771981,0.31121256986197504,0.3061208753073155,0.7362976138765671,-0.047061683353405326
PHI@NJD,Travis Konecny,f2,G,under,0.5,fanduel,-470,0.25168434813670554,0.7774901155436447,0.8245614035087719,-0.04642119931507649,233,-0.05629805023317791,0.26481624771477774,0.2508485599939243,0.7781402041936955,-0.04707128796512727
PHI@NJD,Jesper Bratt,f1,PTS,over,0.5,fanduel,-172,0.8541944811523479,0.5743740972799085,0.6323529411764706,-0.04644345344275602,241,-0.07344546125831186,0.9205672886414152,0.8816707003900605,0.5859094877337145,-0.05797884389656205
MIN@NSH,Joel Eriksson Ek,f1,SOG,over,2.5,draftkings,-120,2.4615878188633045,0.4381008842527673,0.5454545454545454,-0.046516190501866506,190,-0.08527968258675522,2.7034884861306123,2.723293648971538,0.4989383549526789,-0.10735366120177814
PHI@NJD,Dawson Mercer,f3,SOG,under,1.5,draftkings,-125,1.5203222274159987,0.5585096024987529,0.5555555555555556,-0.04657793990505921,242,-0.08384029182910657,1.6802673727639053,1.6819565950826503,0.5089776156504964,0.0029540469431973415
EDM@VAN,Evan Bouchard,d1,SOG,over,2.5,fanduel,-125,2.5020866466441443,0.44776866616772304,0.5555555555555556,-0.04661474106643826,242,-0.08390653391958891,2.776544046694867,2.7680981445256645,0.5089408144891173,-0.10778688938783254
FLA@SJS,Darnell Nurse,d1,SOG,over,1.5,draftkings,-135,1.635383473126984,0.4770775481657319,0.574468085106383,-0.04672632636850327,235,-0.08133841997480196,1.834045672352235,1.809250676279467,0.5277417587378798,-0.09739053694065114
PHI@NJD,Jesper Bratt,f1,SOG,over,2.5,fanduel,138,1.9863725960785892,0.31955462716300914,0.42016806722689076,-0.04698389951585247,241,-0.11182168084772892,2.338505218938009,2.197555510284366,0.3731841677110383,-0.10061344006388162
MIN@NSH,Roman Josi,d1,PTS,under,0.5,draftkings,105,0.7937294083622569,0.45215537493495483,0.4878048780487805,-0.04704748935900893,203,-0.09644735318596831,0.786561625199371,0.8192606939427495,0.44075738868977155,-0.03564950311382564
BUF@CBJ,Denton Mateychuk,d1,A,under,0.5,draftkings,-360,0.2956833835056978,0.7440229606729392,0.782608695652174,-0.048302760720238536,116,-0.06172019425363817,0.30743867088785715,0.30882953212235087,0.7343059349319354,-0.03858573497923479
FLA@SJS,Sam Reinhart,f1,PTS,over,0.5,fanduel,-210,0.9608052607071548,0.6174153185118766,0.6774193548387096,-0.048360915510671676,223,-0.07138992289670576,0.9264147492236348,0.991710747186444,0.629058439328038,-0.06000403632683304
CHI@UTA,Patrick Kane,f1,A,under,0.5,draftkings,-180,0.4979524800828268,0.6077738155776574,0.6428571428571429,-0.048391025187702774,186,-0.07527492806975988,0.5079847127643868,0.5200915574621063,0.5944661176694401,-0.03508332727948549
BUF@CBJ,Zach Benson,f2,A,under,0.5,draftkings,-280,0.357569990040324,0.6993737480328845,0.7368421052631579,-0.04849883825390788,207,-0.0658198519160178,0.3732042458899428,0.3734676308688107,0.68834326700925,-0.03746835723027331
CHI@UTA,Patrick Kane,f1,PTS,over,0.5,draftkings,-145,0.7588811859785001,0.5318100484254653,0.5918367346938775,-0.048736366851309776,186,-0.08234765433497171,0.8077505632989486,0.783291535496553,0.5431003678425678,-0.06002668626841223
PHI@NJD,Nico Hischier,f2,SOG,under,2.5,fanduel,-148,2.278132951568214,0.6066942014846024,0.5967741935483871,-0.048870355514852526,224,-0.081890865997861,2.534233423997895,2.5203346193772416,0.5479038380335346,0.00992000793621528
PHI@NJD,Jesper Bratt,f1,G,under,0.5,fanduel,-400,0.2875548154240338,0.7500954488439496,0.8,-0.04918793838414537,241,-0.06148492298018171,0.29804485948732745,0.2865999093803711,0.7508120616158547,-0.049904551156050414
CHI@UTA,Anton Frondell,f1,SOG,over,2.5,fanduel,108,2.200481371326805,0.3739188332171149,0.4807692307692308,-0.04919965188702674,13,-0.10233527592501557,2.5910889681668756,2.434427444470241,0.43156957888220404,-0.1068503975521159
SEA@CGY,Bobby McMann,f2,PTS,under,0.5,draftkings,-140,0.60783607742065,0.5445279113434731,0.5833333333333334,-0.04934851723002098,204,-0.08459745810860742,0.6077183327815403,0.6273878746896637,0.5339848161033124,-0.038805421989860256
PHI@NJD,Luke Evangelista,f2,SOG,over,2.5,fanduel,140,1.9628223330087342,0.3135224526553561,0.4166666666666667,-0.05003675284104203,225,-0.12008820681850085,2.3385240089561554,2.1715014807030197,0.36662991382562465,-0.10314421401131058
MIN@NSH,Roman Josi,d1,PTS,over,0.5,fanduel,-156,0.7937294083622569,0.5478446250650452,0.609375,-0.050132388689771545,203,-0.08226853528577893,0.786561625199371,0.8192606939427495,0.5592426113102285,-0.061530374934954835
TBL@NYR,Victor Hedman,d2,A,over,0.5,draftkings,235,0.27333269697859663,0.23916038352496738,0.29850746268656714,-0.05015698146427683,187,-0.16802588790532735,0.328558339583376,0.28548512912973234,0.2483504812222903,-0.05934707916159976
PHI@NJD,Jamie Drysdale,d2,A,over,0.5,draftkings,215,0.2977245653700847,0.25749417659777946,0.31746031746031744,-0.050202428721653425,180,-0.15813765047320827,0.3529643645421967,0.3109614653838055,0.267257888738664,-0.05996614086253799
TBL@NYR,Alexis Lafrenière,f1,A,under,0.5,draftkings,-235,0.41096833350952955,0.6630079264024931,0.7014925373134329,-0.0504889175632639,243,-0.0719735633348656,0.4176408432739764,0.4292400764969079,0.651003619750169,-0.0384846109109398
BUF@CBJ,Tage Thompson,f1,SOG,under,2.5,draftkings,125,2.929104875264504,0.4561938756574452,0.4444444444444444,-0.05066665651600999,224,-0.1139999771610225,3.2299032203707148,3.2405151840826347,0.39377778792843443,0.01174943121300076
TBL@NYR,Oliver Bjorkstrand,f2,PTS,under,0.5,draftkings,-235,0.4162616260435068,0.659507703520233,0.7014925373134329,-0.050756502028505235,240,-0.07235501352999685,0.4304416294384584,0.4296511947538884,0.6507360352849276,-0.04198483379319984
MIN@NSH,Quinn Hughes,d1,G,over,0.5,fanduel,410,0.1573696293887088,0.1456118065409466,0.19607843137254902,-0.05091323606404208,220,-0.2596575039266146,0.20395611936196853,0.15684703960014748,0.14516519530850694,-0.050466624831602414
CHI@UTA,Nick Schmaltz,f1,A,under,0.5,draftkings,-175,0.5127364540405066,0.598854596519629,0.6363636363636364,-0.05100632536364591,239,-0.08015279700001499,0.520714455895238,0.5355328301712009,0.5853573109999904,-0.03750903984400733
EDM@VAN,Zeev Buium,d1,SOG,over,1.5,draftkings,130,1.2141528898098857,0.3397292493758138,0.43478260869565216,-0.051017331166280766,77,-0.11733986168244581,1.4177675648502577,1.3432366005233778,0.3837652775293714,-0.09505335931983838
PHI@NJD,Tyson Foerster,f2,G,under,0.5,fanduel,-470,0.25766618056176205,0.7728531824653218,0.8245614035087719,-0.05104664429598971,185,-0.0619076324440726,0.2591256218654068,0.256810528074416,0.7735147592127822,-0.05170822104345019
SEA@CGY,Kaapo Kakko,f1,PTS,under,0.5,draftkings,-160,0.5543836513723615,0.5744261989100969,0.6153846153846154,-0.05111104173076653,202,-0.08305544281249555,0.5531011069142318,0.5722160854175469,0.5642735736538489,-0.04095841647451848
MIN@NSH,Matt Boldy,f1,G,over,0.5,fanduel,170,0.3857299611702826,0.32004588509545373,0.37037037037037035,-0.0511960128967297,230,-0.13822923482117022,0.42179200139558876,0.38444903714680506,0.31917435747364065,-0.05032448527491662
BUF@CBJ,Noah Ostlund,f2,PTS,under,0.5,draftkings,-205,0.46182050939137254,0.6301354331844412,0.6721311475409836,-0.05128720928448549,64,-0.07630536015496625,0.4745354059437978,0.4766755357869907,0.6208439382564981,-0.04199571435654237
MIN@NSH,Steven Stamkos,f1,A,over,0.5,fanduel,162,0.3836781752164114,0.3186493325697246,0.3816793893129771,-0.051505864947660185,239,-0.13494536616286967,0.4239431875282588,0.4007365917312644,0.33017352436531694,-0.06303005674325252
BUF@CBJ,Noah Ostlund,f2,A,under,0.5,draftkings,-400,0.2773626042154759,0.7577796731834641,0.8,-0.05150758362216312,64,-0.06438447952770388,0.2843871765549284,0.28969420693351744,0.7484924163778369,-0.04222032681653598
SEA@CGY,Connor Zary,f3,SOG,under,1.5,draftkings,-110,1.6355123698776874,0.5228834864481001,0.5238095238095238,-0.05159125860966085,191,-0.09849240280026161,1.7632348313648551,1.8093932767992913,0.472218265199863,-0.000926037361423715
FLA@SJS,Dmitry Orlov,d3,SOG,under,1.5,draftkings,-160,1.3591678371239884,0.6109061251022204,0.6153846153846154,-0.05159421037728329,236,-0.08384059186308535,1.4681385428889817,1.5036689369202976,0.5637904050073321,-0.004478490282394998
PHI@NJD,Jack Hughes,f1,PTS,over,1.5,draftkings,170,1.1125083123646493,0.30554804418723747,0.37037037037037035,-0.05176087987935313,185,-0.13975437567425342,1.2267066244384226,1.1482935146444295,0.3186094904910172,-0.06482232618313288
TBL@NYR,Jake Guentzel,f2,SOG,under,2.5,fanduel,-110,2.580808190878054,0.5336943573443778,0.5238095238095238,-0.05182252511254637,226,-0.09893391157849762,2.746398896374335,2.8551890375690148,0.47198699869697747,0.00988483353485392
MIN@NSH,Quinn Hughes,d1,SOG,under,2.5,fanduel,-128,2.4279070827539346,0.5700039269665398,0.5614035087719298,-0.051927173362372514,220,-0.09249527755172604,2.659091192097316,2.686032116380071,0.5094763354095573,0.008600418194609993
PHI@NJD,Jack Hughes,f1,SOG,over,3.5,fanduel,-114,3.2933280052750926,0.4121242595105467,0.5327102803738317,-0.05199199865887855,185,-0.09759901502631585,3.7857865360899883,3.643461010010713,0.4807182817149532,-0.12058602086328502
CHI@UTA,Tyler Bertuzzi,f1,A,under,0.5,draftkings,-300,0.3443988353411229,0.7086462385156959,0.75,-0.05212193518271502,238,-0.0694959135769534,0.3529643645421967,0.35971088371907783,0.697878064817285,-0.04135376148430414
TBL@NYR,Mika Zibanejad,f1,SOG,under,2.5,fanduel,-128,2.4290795593400327,0.5697208264464401,0.5614035087719298,-0.05222154836049808,241,-0.09301963301713723,2.594298865860144,2.687329245824741,0.5091819604114317,0.008317317674510272
MIN@NSH,Quinn Hughes,d1,PTS,over,0.5,fanduel,-225,0.989649676383458,0.6282931140838913,0.6923076923076923,-0.05236827404869149,220,-0.0756430625147766,1.008131697444469,1.0214829790760254,0.6399394182590008,-0.06401457822380097
FLA@SJS,Michael Misa,f2,PTS,under,0.5,draftkings,-190,0.49063807915137375,0.6122356147420718,0.6551724137931034,-0.05252324320795798,45,-0.08016705542267266,0.49223279068937464,0.5064200582282544,0.6026491705851454,-0.04293679905103165
PHI@NJD,Matvei Michkov,f3,SOG,over,1.5,draftkings,-170,1.8008315825072296,0.5253769625212225,0.6296296296296297,-0.05272750037066487,159,-0.08374367705929131,2.011487583319138,1.9922885439748106,0.5769021292589648,-0.1042526671084072
EDM@VAN,Leon Draisaitl,f1,SOG,under,2.5,draftkings,120,2.892084810898702,0.464057913506267,0.45454545454545453,-0.05294540853337687,218,-0.11647989877342912,3.133855812740454,3.19955929967366,0.40160004601207766,0.009512458960812487
FLA@SJS,Aleksander Barkov,f1,PTS,under,0.5,draftkings,155,1.0475167094456022,0.3508078260980043,0.39215686274509803,-0.05297246612151635,138,-0.1350797886098667,0.998399399819944,1.0812113766425462,0.3391843966235817,-0.04134903664709372
PHI@NJD,Cam York,d2,A,over,0.5,draftkings,290,0.21773789496060147,0.1956637653791299,0.2564102564102564,-0.05299754143309626,220,-0.20669041158907542,0.2751605656537396,0.2274185699200522,0.20341271497716013,-0.060746491031126476
TBL@NYR,Anthony Cirelli,f2,A,over,0.5,draftkings,230,0.2754027773395342,0.24073375360974444,0.30303030303030304,-0.053056423533018426,227,-0.17508619765896083,0.33484754089421115,0.28764724572128475,0.2499738794972846,-0.062296549420558595
SEA@CGY,Zayne Parekh,d2,PTS,over,0.5,fanduel,124,0.48412078891343874,0.3837612373938954,0.44642857142857145,-0.05314538497115251,38,-0.11904566233538161,0.5166059866814905,0.4996931313099563,0.39328318645741894,-0.06266733403467606
CHI@UTA,Mikhail Sergachev,d1,SOG,over,2.5,fanduel,136,1.9762784723292417,0.3169698382660217,0.423728813559322,-0.053351269924524214,185,-0.1259089970218772,2.313564588438756,2.1863882210705183,0.3703775436347978,-0.1067589752933003
BUF@CBJ,Josh Norris,f1,A,under,0.5,draftkings,-295,0.3504773394926804,0.7043517945333413,0.7468354430379747,-0.05337400076171417,150,-0.07146688237585452,0.3542237312472745,0.36605963950938447,0.6934614422762605,-0.042483648504633376
CHI@UTA,Nate Schmidt,d2,PTS,over,0.5,draftkings,225,0.284226864787891,0.24740411216889302,0.3076923076923077,-0.053438939196029545,221,-0.173676552387096,0.33921572256696386,0.2933693725217556,0.25425336849627816,-0.06028819552341469
CHI@UTA,Dylan Guenther,f2,SOG,under,2.5,fanduel,130,2.989542230053773,0.44355522501657574,0.43478260869565216,-0.0535217109708524,190,-0.12309993523296048,3.2072068709353263,3.3073779883250847,0.38126089772479976,0.008772616320923576
EDM@VAN,Jake Walman,d3,A,over,0.5,draftkings,235,0.2689927598284865,0.23585121180354104,0.29850746268656714,-0.053571861133641485,182,-0.179465734797699,0.328558339583376,0.2809522374142157,0.24493560155292565,-0.0626562508830261
BUF@CBJ,Sean Monahan,f2,A,over,0.5,draftkings,220,0.28668529555396627,0.24925204461624395,0.3125,-0.05373957919508576,211,-0.17196665342427442,0.3483066942682159,0.29943138719049184,0.25876042080491424,-0.06324795538375605
TBL@NYR,Brayden Point,f1,SOG,under,2.5,fanduel,-164,2.204803373198191,0.6249964622273647,0.6212121212121212,-0.053934228159799535,218,-0.08682095264748213,2.3518674075621977,2.4392089436948448,0.5672778930523217,0.0037843410152434975
TBL@NYR,Mika Zibanejad,f1,A,under,0.5,draftkings,-165,0.5405473189885632,0.582429390457464,0.6226415094339622,-0.054042699262089156,241,-0.08679585033002202,0.5387158777478238,0.564580172324808,0.5685988101718731,-0.040212118976498235
CHI@UTA,Frank Nazar,f3,G,under,0.5,fanduel,-450,0.26996996132054774,0.7634024255931946,0.8181818181818182,-0.054094687325021096,119,-0.0661157289528036,0.2666286632539486,0.26907345069424426,0.7640871308567971,-0.05477939258862363
EDM@VAN,Jake DeBrusk,f1,A,over,0.5,draftkings,225,0.2798745859603013,0.24412146670813062,0.3076923076923077,-0.05422350462446668,240,-0.17622639002951668,0.33921572256696386,0.2923178719422052,0.25346880306784103,-0.06357084098417709
BUF@CBJ,Rasmus Dahlin,d1,A,over,0.5,fanduel,-104,0.5818757998779612,0.4411509063016479,0.5098039215686274,-0.054380815840111174,227,-0.1066700618402181,0.645107203972583,0.6077461266137285,0.45542310572851624,-0.06865301526697953
MIN@NSH,Joel Eriksson Ek,f1,PTS,under,0.5,draftkings,-115,0.7101317381393443,0.49157943343521193,0.5348837209302325,-0.05440579985806426,190,-0.10171519103898974,0.7029801014761843,0.7329740015293539,0.48047792107216825,-0.04330428749502058
MIN@NSH,Roman Josi,d1,A,over,0.5,fanduel,-111,0.6108527340139345,0.4571122671989698,0.5260663507109005,-0.05440840145218789,203,-0.10342497933704187,0.645107203972583,0.6380113816492058,0.47165794925871257,-0.06895408351193066
MIN@NSH,Joel Eriksson Ek,f1,SOG,under,2.5,fanduel,-125,2.4615878188633045,0.5618991157472327,0.5555555555555556,-0.05449391050823449,190,-0.09808903891482212,2.7034884861306123,2.723293648971538,0.5010616450473211,0.0063435601916771445
BUF@CBJ,Sean Monahan,f2,SOG,over,1.5,draftkings,-120,1.5199642829967903,0.4413772306160752,0.5454545454545454,-0.05454959047710689,211,-0.10000758254136266,1.747275023470453,1.6815605954940738,0.4909049549774385,-0.10407731483847021
FLA@SJS,Sam Reinhart,f1,PTS,under,0.5,draftkings,135,0.9608052607071548,0.3825846814881234,0.425531914893617,-0.05459035422165498,223,-0.1282873324208892,0.9264147492236348,0.991710747186444,0.37094156067196205,-0.04294723340549361
MIN@NSH,Blake Coleman,f1,G,under,0.5,fanduel,-440,0.2752524308019057,0.7593804080232267,0.8148148148148148,-0.05473997587525148,226,-0.06718087948326323,0.2735973325700419,0.2743383782609389,0.7600748389395633,-0.055434406791588065
PHI@NJD,Tyson Foerster,f2,SOG,under,1.5,draftkings,110,1.8071514000209534,0.4728470457852981,0.47619047619047616,-0.0548851130765019,185,-0.11525873746065396,1.8936780109764226,1.9992802583332812,0.42130536311397426,-0.0033434304051780384
BUF@CBJ,Jack Quinn,f2,SOG,over,2.5,fanduel,-110,2.342805377660176,0.4092716630351054,0.5238095238095238,-0.05492417994389304,179,-0.10485525262015938,2.634171371613487,2.5918827501772834,0.4688853438656308,-0.11453786077441841
PHI@NJD,Jesper Bratt,f1,A,over,0.5,fanduel,106,0.538963094222229,0.416647179210064,0.4854368932038835,-0.05497731975323933,241,-0.11325327869167301,0.645107203972583,0.5629255125750348,0.4304595734506442,-0.0687897139938195
MIN@NSH,Kirill Kaprizov,f2,SOG,under,3.5,draftkings,-145,3.212356559763762,0.6042330483262344,0.5918367346938775,-0.05538384587524425,191,-0.09357960165127477,3.419633043514402,3.553881015496897,0.5364528888186333,0.012396313632356826
BUF@CBJ,Rasmus Dahlin,d1,PTS,over,0.5,fanduel,-156,0.7819877980621663,0.5425043022162606,0.609375,-0.055506556706772514,227,-0.09108768280085744,0.8077505632989486,0.8071414002626704,0.5538684432932275,-0.06687069778373944
BUF@CBJ,Josh Norris,f1,G,under,0.5,fanduel,-490,0.2557826963776438,0.7743102109254354,0.8305084745762712,-0.05554028681817891,150,-0.06687503923005211,0.2520700006629038,0.2549332985253589,0.7749681877580923,-0.0561982636508358
PHI@NJD,Porter Martone,f1,A,over,0.5,fanduel,190,0.3269141185572549,0.27885432660190507,0.3448275862068966,-0.055567448063385705,10,-0.16114559938381856,0.3327923796628125,0.3414487925605135,0.28926013814351087,-0.06597325960499151
PHI@NJD,Owen Tippett,f1,A,over,0.5,draftkings,245,0.25531472649070924,0.22532735041413054,0.2898550724637681,-0.055783863474673956,234,-0.19245432898762516,0.3185312294717335,0.26666607568954687,0.23407120898909417,-0.06452772204963758
SEA@CGY,Kaapo Kakko,f1,A,under,0.5,draftkings,-295,0.35420400613556924,0.7017317951601507,0.7468354430379747,-0.05606795260981334,202,-0.0750740382402586,0.35902319611684624,0.36995199457531314,0.6907674904281613,-0.04510364787782395
MIN@NSH,Filip Forsberg,f2,PTS,under,0.5,draftkings,130,0.9414505475902883,0.39006162185234106,0.43478260869565216,-0.05635612886645208,242,-0.12961909639283975,0.9076823573375551,0.9717334658458112,0.3784264798292001,-0.044720986843311106
TBL@NYR,Victor Hedman,d2,PTS,over,0.5,draftkings,180,0.3461761023944322,0.29261209656650494,0.35714285714285715,-0.05669756095043621,187,-0.1587531706612214,0.40546510810816355,0.3573112837777334,0.30044529619242094,-0.06453076057635221
PHI@NJD,Porter Martone,f1,A,under,0.5,draftkings,-330,0.3269141185572549,0.721145673398095,0.7674418604651163,-0.056701998608627235,10,-0.07388442242942339,0.3327923796628125,0.3414487925605135,0.7107398618564891,-0.04629618706702132
PHI@NJD,Nico Hischier,f2,A,over,0.5,draftkings,135,0.4405206115336955,0.35629878444229207,0.425531914893617,-0.05674848670753141,224,-0.13335894376269886,0.504132776257893,0.4601062553370757,0.3687834281860856,-0.06923313045132495
BUF@CBJ,Rasmus Dahlin,d1,A,over,0.5,draftkings,-105,0.5818757998779612,0.4411509063016479,0.5121951219512195,-0.05677201622270328,227,-0.11084060310146826,0.645107203972583,0.6077461266137285,0.45542310572851624,-0.07104421564957164
CHI@UTA,Anton Frondell,f1,A,under,0.5,draftkings,-280,0.36915018872104527,0.6913215739499455,0.7368421052631579,-0.05677424259064512,13,-0.07705075780158976,0.36808501067676325,0.3855626877436658,0.6800678626725127,-0.04552053131321232
EDM@VAN,Marco Rossi,f2,PTS,under,0.5,draftkings,-130,0.6554258776056062,0.5192208909445502,0.5652173913043478,-0.05682843355030409,212,-0.10054261320438418,0.6337237600891448,0.6765084595053011,0.5083889577540437,-0.04599650035979763
PHI@NJD,Owen Tippett,f1,SOG,over,2.5,fanduel,100,2.2440754828550946,0.3848300526930044,0.5,-0.05685890543386535,234,-0.1137178108677307,2.683733967668421,2.482656301530628,0.44314109456613465,-0.11516994730699559
PHI@NJD,Jesper Bratt,f1,PTS,over,0.5,draftkings,-180,0.8541944811523479,0.5743740972799085,0.6428571428571429,-0.056947655123428365,241,-0.08858524130311074,0.9205672886414152,0.8816707003900605,0.5859094877337145,-0.06848304557723439
CHI@UTA,Tyler Bertuzzi,f1,PTS,under,0.5,draftkings,-130,0.6557892456562652,0.5190322569354078,0.5652173913043478,-0.057019072244975266,238,-0.1008798970488024,0.645107203972583,0.6768835157375677,0.5081983190593725,-0.046185134368940006
TBL@NYR,John Carlson,d1,PTS,over,0.5,draftkings,-135,0.7058108936221785,0.5062919328291197,0.574468085106383,-0.05709364141875528,230,-0.09938522765487035,0.7649729151312009,0.728514171718013,0.5173744436876277,-0.06817615227726337
TBL@NYR,Brandon Hagel,f2,G,over,0.5,fanduel,180,0.35742450571697987,0.30052449664889563,0.35714285714285715,-0.05744908035849022,232,-0.16085742500377265,0.40546510810816355,0.3562375778606023,0.2996937767843669,-0.05661836049396152
CHI@UTA,Logan Cooley,f2,SOG,under,1.5,fanduel,150,2.1105441807806886,0.3936178590707027,0.4,-0.057523361689927666,207,-0.1438084042248191,2.132743048381384,2.3349285040124994,0.34247663831007236,-0.006382140929297342
BUF@CBJ,Josh Doan,f1,G,over,0.5,fanduel,240,0.2708541973655652,0.23727230399429491,0.29411764705882354,-0.05753168480419368,140,-0.19560772833425855,0.32074293471266907,0.2699547503866148,0.23658596225462986,-0.056845343064528625
FLA@SJS,Brady Tkachuk,f1,A,under,0.5,draftkings,-170,0.5349690943376492,0.5856873909218311,0.6296296296296297,-0.05770836056566975,214,-0.09165445501606373,0.5250462798663206,0.5587539385723727,0.5719212690639599,-0.043942238707798564
FLA@SJS,Aaron Ekblad,d1,A,over,0.5,draftkings,195,0.3160995407283382,0.27101311732927713,0.3389830508474576,-0.057796512561359537,180,-0.17049971205601067,0.3815359621113813,0.3301533962098399,0.2811865382860981,-0.06796993351818048
CHI@UTA,Dylan Guenther,f2,SOG,under,3.5,draftkings,-180,2.989542230053773,0.6498875377552513,0.6428571428571429,-0.05780368586314255,190,-0.08991684467599947,3.2072068709353263,3.3073779883250847,0.5850534569940004,0.007030394898108416
SEA@CGY,Yegor Sharangovich,f3,SOG,over,1.5,draftkings,-140,1.6269577216981512,0.47452600779262444,0.5833333333333334,-0.05821039412749651,230,-0.09978924707570835,1.870207301057975,1.799929133827023,0.5251229392058369,-0.10880732554070893
BUF@CBJ,Zach Benson,f2,PTS,over,0.5,draftkings,105,0.5435509247090029,0.41931737318361034,0.4878048780487805,-0.05842309729245615,207,-0.11976734944953515,0.6077183327815403,0.5610349107375925,0.4293817807563243,-0.06848750486517013
EDM@VAN,Filip Hronek,d1,A,under,0.5,draftkings,-175,0.5254699162141759,0.5912774482132839,0.6363636363636364,-0.05873980033299575,221,-0.09230540052327907,0.520714455895238,0.5488324248889277,0.5776238360306406,-0.04508618815035248
EDM@VAN,Mattias Ekholm,d1,PTS,under,0.5,draftkings,-240,0.42186475785500877,0.6558227282685747,0.7058823529411765,-0.05889889893356559,226,-0.08344010682255121,0.42179200139558876,0.43543455821224314,0.6469834540076109,-0.05005962467260183
EDM@VAN,Leon Draisaitl,f1,A,over,0.5,draftkings,-185,0.8540998340927825,0.5743338111332886,0.6491228070175439,-0.05892802855410195,218,-0.09078101696172458,0.9264147492236348,0.8920733015880437,0.5901947784634419,-0.07478899588425525
TBL@NYR,J.T. Miller,f2,PTS,under,0.5,draftkings,-105,0.7674369359312949,0.4642013226054007,0.5121951219512195,-0.059312586924499255,218,-0.11580076494783187,0.7346038942382915,0.7921224917011241,0.45288253502672027,-0.04799379934581882
FLA@SJS,Michael Misa,f2,G,under,0.5,fanduel,-600,0.22679103227855865,0.7970873304111687,0.8571428571428571,-0.05945499587132619,45,-0.06936416184988059,0.22603790934075652,0.22603790934075652,0.7976878612715309,-0.06005552673168835
EDM@VAN,Mattias Ekholm,d1,A,under,0.5,draftkings,-300,0.3547628043377772,0.7013397782339608,0.75,-0.05963555320448499,226,-0.07951407093931329,0.3529643645421967,0.3705356370691612,0.690364446795515,-0.048660221766039236
BUF@CBJ,Tage Thompson,f1,PTS,over,0.5,draftkings,-185,0.862314300940203,0.5778161097352245,0.6491228070175439,-0.05975732769237019,224,-0.09205858590446214,0.9264147492236348,0.8900517041981645,0.5893654793251737,-0.07130669728231942
SEA@CGY,Mikael Backlund,f2,SOG,over,1.5,draftkings,-180,1.822639382605835,0.5314837185430183,0.6428571428571429,-0.05979603846718062,237,-0.09301605983783656,2.125173073571907,2.016414859132641,0.5830611043899623,-0.11137342431412456
TBL@NYR,J.T. Miller,f2,A,under,0.5,draftkings,-185,0.5065562252956175,0.6025671152016855,0.6491228070175439,-0.05997479142862283,218,-0.09239359760625676,0.504132776257893,0.5290778270896482,0.589148015588921,-0.04655569181585839
MIN@NSH,Matthew Wood,f2,A,over,0.5,draftkings,235,0.26086665044291135,0.22961635691654408,0.29850746268656714,-0.0600076661887359,73,-0.20102568173226532,0.33059143913295896,0.27246483940838945,0.23849979649783123,-0.06889110577002305
BUF@CBJ,Zach Werenski,d1,SOG,over,3.5,fanduel,104,3.058498029646877,0.3643214417014258,0.49019607843137253,-0.06001628688771993,222,-0.12243322525094869,3.576631215853466,3.3836648831710177,0.4301797915436526,-0.12587463672994675
PHI@NJD,Nico Hischier,f2,SOG,over,2.5,draftkings,-105,2.278132951568214,0.39330579851539765,0.5121951219512195,-0.060098959984754174,224,-0.11733606473213909,2.534233423997895,2.5203346193772416,0.45209616196646535,-0.11888932343582187
BUF@CBJ,Ryan McLeod,f3,PTS,under,0.5,draftkings,-190,0.5031779388889616,0.6046062018661392,0.6551724137931034,-0.060273200985350384,237,-0.09199593834606112,0.49223279068937464,0.5193632780237243,0.594899212807753,-0.0505662119269642
BUF@CBJ,Jack Quinn,f2,PTS,over,0.5,fanduel,-113,0.6144102295583278,0.4590401566272456,0.5305164319248826,-0.06089009692961722,179,-0.11477513846025189,0.6337237600891448,0.6341734925408559,0.4696263349952654,-0.071476275297637
TBL@NYR,Brayden Point,f1,G,under,0.5,fanduel,-300,0.37429313981566503,0.6877752679602314,0.75,-0.06136933380571097,218,-0.08182577840761462,0.3577496350684979,0.3730501949504072,0.688630666194289,-0.06222473203976864
SEA@CGY,Joel Farabee,f2,SOG,under,1.5,fanduel,126,1.9556205940779319,0.43260121827013187,0.4424778761061947,-0.061496984167662916,242,-0.1389831842189182,1.9873079652629175,2.1635340826920637,0.3809808919385318,-0.009876657836062841
FLA@SJS,Luca Cagnoni,d3,PTS,over,0.5,fanduel,120,0.4835909417107894,0.38343463849324816,0.45454545454545453,-0.06159416643149074,8,-0.1355071661492796,0.5079847127643868,0.4991462409184036,0.3929512881139638,-0.07111081605220637
EDM@VAN,Brock Boeser,f2,G,over,0.5,fanduel,230,0.27718779285142203,0.2420878467390402,0.30303030303030304,-0.06164042003533571,228,-0.20341338611660786,0.33484754089421115,0.2762673134004588,0.24138988299496733,-0.060942456291262825
SEA@CGY,Matty Beniers,f1,SOG,under,1.5,fanduel,125,1.9489445865670667,0.4343500247367309,0.4444444444444444,-0.061723253410962964,238,-0.1388773201746667,2.006299310339203,2.1561483096899776,0.38272119103348146,-0.01009441970771352
FLA@SJS,Aleksander Barkov,f1,A,under,0.5,draftkings,-115,0.7165740976466146,0.48842268138258593,0.5348837209302325,-0.061776456018350134,138,-0.11549511342561114,0.6931471805599455,0.7484331404877047,0.4731072649118824,-0.046461039547646577
TBL@NYR,John Carlson,d1,SOG,under,1.5,draftkings,125,1.9492181075579578,0.4342782623675133,0.4444444444444444,-0.06179468828097223,230,-0.1390380486321875,2.048672417876189,2.1564509103007077,0.3826497561634722,-0.010166182076931096
CHI@UTA,Clayton Keller,f1,G,under,0.5,fanduel,-270,0.40490954809289453,0.6670371429115453,0.7297297297297297,-0.061795075270668964,237,-0.0846821401857315,0.37623546979322614,0.4035649328965172,0.6679346544590608,-0.06269258681818446
EDM@VAN,Zeev Buium,d1,PTS,over,0.5,draftkings,145,0.4118769325413857,0.33759420836659065,0.40816326530612246,-0.06185103220117738,77,-0.15153502889288462,0.4808679978919112,0.4251254621762257,0.3463122331049451,-0.0705690569395318
BUF@CBJ,Valeri Nichushkin,f2,PTS,under,0.5,draftkings,-140,0.6313374911762925,0.5318799403322899,0.5833333333333334,-0.06214574122679706,166,-0.10653555638879497,0.6077183327815403,0.6516452404105718,0.5211875921065363,-0.05145339300104346
TBL@NYR,J.T. Miller,f2,G,under,0.5,fanduel,-440,0.28510000224305637,0.7519390549672549,0.8148148148148148,-0.06216352132165692,218,-0.07629159434930621,0.2735973325700419,0.2841532480918915,0.7526512934931578,-0.06287575984755989
CHI@UTA,Bowen Byram,d1,PTS,over,0.5,draftkings,130,0.4511396083352375,0.36309808084571343,0.43478260869565216,-0.06250888683059125,234,-0.14377043971035985,0.520714455895238,0.4656510703722112,0.3722737218650609,-0.07168452784993873
CHI@UTA,Bowen Byram,d1,PTS,over,0.5,fanduel,130,0.4511396083352375,0.36309808084571343,0.43478260869565216,-0.06250888683059125,234,-0.14377043971035985,0.520714455895238,0.4656510703722112,0.3722737218650609,-0.07168452784993873
TBL@NYR,Jake Guentzel,f2,SOG,under,2.5,draftkings,-115,2.580808190878054,0.5336943573443778,0.5348837209302325,-0.06289672223325504,226,-0.11758952417521595,2.746398896374335,2.8551890375690148,0.47198699869697747,-0.0011893635858547524
PHI@NJD,Luke Hughes,d1,A,under,0.5,draftkings,-195,0.4920853634623515,0.6113501766371282,0.6610169491525424,-0.06289677645898362,217,-0.09515153361743678,0.48878973536681025,0.513963587539259,0.5981201726935588,-0.04966677251541418
TBL@NYR,Nikita Kucherov,f1,PTS,under,1.5,draftkings,-210,1.2940662327386565,0.6289268389719849,0.6774193548387096,-0.06318791847644245,232,-0.09327740346522462,1.29458581804451,1.3356914695007593,0.6142314363622672,-0.04849251586672476
CHI@UTA,Mikhail Sergachev,d1,A,under,0.5,draftkings,-115,0.7195368465475848,0.4869777491627373,0.5348837209302325,-0.06323821100445759,185,-0.11822795970398592,0.6931471805599455,0.7515276138599799,0.4716455099257749,-0.047905971767495226
CHI@UTA,Anders Lee,f2,PTS,under,0.5,draftkings,-170,0.5510273804384934,0.5763573678153713,0.6296296296296297,-0.06339789299489373,241,-0.10069077122718417,0.5340824859302583,0.5687518558887278,0.5662317366347359,-0.05327226181425837
PHI@NJD,Luke Evangelista,f2,A,under,0.5,draftkings,-200,0.4839672498178141,0.6163333866124603,0.6666666666666666,-0.06345344345995851,225,-0.09518016518993777,0.4776275543566874,0.5054845407668852,0.6032132232067081,-0.05033328005420634
EDM@VAN,Connor McDavid,f1,G,over,0.5,fanduel,105,0.5536483889965943,0.4251512918096351,0.4878048780487805,-0.06371144306698129,223,-0.1306084582873116,0.6077183327815403,0.5518098449543484,0.4240934349817992,-0.06265358623914535
SEA@CGY,Mikael Backlund,f2,A,over,0.5,draftkings,265,0.2259308808126033,0.20222675880178906,0.273972602739726,-0.06377237558916926,237,-0.23276917090046778,0.2986362943828177,0.23597581773479118,0.21020022715055675,-0.07174584393793695
PHI@NJD,Timo Meier,f2,PTS,over,0.5,draftkings,100,0.5551826114007798,0.4260325613721407,0.5,-0.06380843187316143,222,-0.12761686374632286,0.6337237600891448,0.5730407449808924,0.43619156812683857,-0.07396743862785932
MIN@NSH,Quinn Hughes,d1,A,under,0.5,draftkings,110,0.8481996997695187,0.42818510020825795,0.47619047619047616,-0.0638520508101541,220,-0.13408930670132357,0.8153648132841949,0.8859108459880405,0.41233842538032206,-0.04800537598221821
EDM@VAN,Jake Walman,d3,PTS,over,0.5,draftkings,165,0.3643441451740973,0.3053479075629706,0.37735849056603776,-0.0639170719100754,182,-0.16938024056169976,0.4350714013009797,0.37606372406586847,0.31344141865596237,-0.07201058300306717
EDM@VAN,Jake DeBrusk,f1,A,over,0.5,fanduel,215,0.2798745859603013,0.24412146670813062,0.31746031746031744,-0.06399151439247641,240,-0.20157327033630068,0.33921572256696386,0.2923178719422052,0.25346880306784103,-0.07333885075218682
SEA@CGY,Chandler Stephenson,f2,A,over,0.5,draftkings,160,0.3699774133000473,0.3092500677773787,0.38461538461538464,-0.0640959202637097,230,-0.16664939268564516,0.4443271412001745,0.3864266909103787,0.32051946435167494,-0.07536531683800596
MIN@NSH,Matt Boldy,f1,SOG,over,3.5,fanduel,118,2.8984494187835854,0.33127419446745987,0.45871559633027525,-0.06411704437170301,230,-0.1397751567303126,3.526970687591097,3.206600566330196,0.39459855195857224,-0.12744140186281538
PHI@NJD,Tyson Foerster,f2,SOG,under,1.5,fanduel,106,1.8071514000209534,0.4728470457852981,0.4854368932038835,-0.06413153008990924,185,-0.13211095198521305,1.8936780109764226,1.9992802583332812,0.42130536311397426,-0.012589847418585376
TBL@NYR,Victor Hedman,d2,A,over,0.5,fanduel,220,0.27333269697859663,0.23916038352496738,0.3125,-0.06414951877770969,187,-0.205278460088671,0.328558339583376,0.28548512912973234,0.2483504812222903,-0.07333961647503262
SEA@CGY,Bobby McMann,f2,SOG,under,2.5,fanduel,-114,2.5959070077040916,0.5301790065608059,0.5327102803738317,-0.06432431460680954,204,-0.12074915198120384,2.7738691856540143,2.871893098116536,0.4683859657670222,-0.0025312738130258694
FLA@SJS,Seth Jones,d2,A,under,0.5,draftkings,-170,0.5461466487700198,0.5791772895154933,0.6296296296296297,-0.06434643814880847,179,-0.10219728411869577,0.5340824859302583,0.5704284495465568,0.5652831914808212,-0.05045234011413635
CHI@UTA,Mikhail Sergachev,d1,SOG,over,2.5,draftkings,130,1.9762784723292417,0.3169698382660217,0.43478260869565216,-0.06440506506085436,185,-0.14813164963996506,2.313564588438756,2.1863882210705183,0.3703775436347978,-0.11781277042963045
PHI@NJD,Nico Hischier,f2,PTS,over,0.5,fanduel,-174,0.8190009612439845,0.5591281173358926,0.635036496350365,-0.06444562379053664,224,-0.1014833386126841,0.8285518175661484,0.8453451374984123,0.5705908725598283,-0.07590837901447234
TBL@NYR,Jake Guentzel,f2,G,under,0.5,fanduel,-270,0.4089101112966539,0.6643739493510776,0.7297297297297297,-0.0644530140764582,226,-0.08832450077144272,0.37623546979322614,0.40755221111328827,0.6652767156532715,-0.06535578037865208
BUF@CBJ,Conor Garland,f2,PTS,over,0.5,draftkings,125,0.46282913511770063,0.3704998172057416,0.4444444444444444,-0.06464237739057888,230,-0.14544534912880247,0.5340824859302583,0.477716605204067,0.37980206705386554,-0.07394462723870282
EDM@VAN,Filip Hronek,d1,PTS,under,0.5,draftkings,-140,0.6363082689496938,0.5292426434853732,0.5833333333333334,-0.06481293414164468,221,-0.11110788709996233,0.6077183327815403,0.6567759093831058,0.5185203991916887,-0.05409068984796017
PHI@NJD,Trevor Zegras,f1,A,over,0.5,draftkings,155,0.3794928977360999,0.315791715175568,0.39215686274509803,-0.06491779736697367,167,-0.1655403832857829,0.4567272784507173,0.3963652358886663,0.32723906537812436,-0.07636514756953006
PHI@NJD,Luke Hughes,d1,SOG,over,1.5,draftkings,-185,1.8265764814241205,0.5325797057218072,0.6491228070175439,-0.06495771023180141,217,-0.10006998603277517,2.199431307839295,2.0207705340043836,0.5841650967857425,-0.11654310129573664
MIN@NSH,Matt Boldy,f1,PTS,over,0.5,draftkings,-210,0.9179992430928485,0.600682821017696,0.6774193548387096,-0.06511765403977565,230,-0.0961260607253831,1.003355870859443,0.9475278212092115,0.612301700798934,-0.07673653382101364
FLA@SJS,Brady Tkachuk,f1,SOG,over,3.5,draftkings,110,2.971896460497069,0.34646819292790576,0.47619047619047616,-0.06516670232097388,214,-0.1368500748740451,3.3602905351352215,3.287856193572632,0.4110237738695023,-0.1297222832625704
BUF@CBJ,Zach Werenski,d1,A,under,0.5,draftkings,-105,0.770957974849629,0.4625697258261168,0.5121951219512195,-0.06521222050455222,222,-0.12731909717555434,0.7436119744858549,0.805234936897352,0.4469829014466673,-0.04962539612510275
FLA@SJS,Matthew Tkachuk,f2,PTS,under,0.5,draftkings,140,1.0131628780724453,0.36306881921478507,0.4166666666666667,-0.06523940001709166,164,-0.15657456004102,0.9448446772232407,1.0457525119036961,0.351427266649575,-0.05359784745188162
TBL@NYR,Mika Zibanejad,f1,SOG,under,2.5,draftkings,-135,2.4290795593400327,0.5697208264464401,0.574468085106383,-0.06528612469495132,241,-0.11364621706158196,2.594298865860144,2.687329245824741,0.5091819604114317,-0.004747258659942966
MIN@NSH,Matthew Wood,f2,PTS,over,0.5,draftkings,115,0.4945848305386711,0.3901759649366433,0.46511627906976744,-0.06531542932710827,73,-0.1404281730532828,0.5629325405614245,0.5104937617427159,0.39980084974265917,-0.07494031413312413
MIN@NSH,Jared Spurgeon,d1,A,over,0.5,draftkings,230,0.2595541090494775,0.22860453261079183,0.30303030303030304,-0.0655751609789896,159,-0.2163980312306657,0.33484754089421115,0.2710939421343545,0.23745514205131343,-0.0744257704195112
EDM@VAN,Zeev Buium,d1,A,over,0.5,draftkings,185,0.3215431858948429,0.27497068168856464,0.3508771929824561,-0.06561531446185198,77,-0.18700364621627819,0.3977528396660086,0.33583906704422867,0.28526187852060414,-0.07590651129389148
CHI@UTA,Nate Schmidt,d2,A,over,0.5,draftkings,270,0.21921944709464572,0.19685454912210998,0.2702702702702703,-0.06562585161725423,221,-0.24281565098384061,0.2937093908227927,0.2289659921895993,0.20464441865301605,-0.0734157211481603
CHI@UTA,Patrick Kane,f1,SOG,under,2.5,fanduel,-152,2.3179175249348907,0.5968515827325639,0.6031746031746031,-0.06563322140274741,186,-0.1088129723256076,2.403390588863294,2.5643489239436916,0.5375413817718557,-0.006323020442039251
EDM@VAN,Brock Boeser,f2,PTS,over,0.5,draftkings,-130,0.6702048066780416,0.4883962128161256,0.5652173913043478,-0.0659100754214555,228,-0.11661013343795978,0.7436119744858549,0.6917627710629348,0.4993073158828923,-0.07682117848822217
EDM@VAN,Liam Ohgren,f2,A,over,0.5,draftkings,250,0.23762639415454126,0.2115027767573903,0.2857142857142857,-0.06592494778451913,98,-0.23073731724581692,0.3128723212803395,0.2481913161862008,0.21978933792976657,-0.0742115089568954
FLA@SJS,Macklin Celebrini,f1,G,over,0.5,fanduel,130,0.4617420210897302,0.3698151066146053,0.43478260869565216,-0.06593453306413638,149,-0.15164942604751364,0.5166059866814905,0.4602086778003771,0.3688480756315158,-0.06496750208104685
PHI@NJD,Trevor Zegras,f1,G,under,0.5,fanduel,-550,0.24902213379662846,0.7795627185110726,0.8461538461538461,-0.06594620356605585,167,-0.07793642239624787,0.23791002143004977,0.24819518627979578,0.7802076425877903,-0.06659112764277353
EDM@VAN,Jake Walman,d3,SOG,over,1.5,draftkings,-145,1.6281771676160368,0.4748958293621167,0.5918367346938775,-0.06633408849577827,182,-0.11208173573424607,1.9055394884277386,1.8012782261884628,0.5255026461980993,-0.11694090533176082
FLA@SJS,Sam Reinhart,f1,SOG,under,2.5,fanduel,-120,2.5512613681595595,0.5406113232086047,0.5454545454545454,-0.06636725773075736,223,-0.1216733058397218,2.673127557134939,2.82250091893276,0.47908728772378806,-0.004843222245940693
BUF@CBJ,Valeri Nichushkin,f2,A,under,0.5,draftkings,-265,0.3985212304402518,0.6713120281907443,0.726027397260274,-0.06650514907980898,166,-0.09160143175143498,0.3886249069689328,0.416239572472678,0.659522248180465,-0.054715369069529673
MIN@NSH,Ryan Hartman,f3,SOG,under,2.5,fanduel,-170,2.221023242262959,0.620931393452462,0.6296296296296297,-0.06666669445713858,216,-0.10588239707898484,2.2351866339417095,2.4571532421158655,0.5629629351724911,-0.008698236177167695
FLA@SJS,Dmitry Orlov,d3,PTS,under,0.5,draftkings,-195,0.5041037293262226,0.604046722246544,0.6610169491525424,-0.06668593244601073,236,-0.100883846520888,0.4808679978919112,0.5203188476524735,0.5943310167065317,-0.0569702269059984
PHI@NJD,Travis Konecny,f2,A,under,0.5,draftkings,-275,0.38843091409987646,0.6781200687969784,0.7333333333333333,-0.06682366839548748,233,-0.09112318417566478,0.37469344944141075,0.40570063843648596,0.6665096649378458,-0.05521326453635489
FLA@SJS,Matthew Tkachuk,f2,A,under,0.5,draftkings,-145,0.6170138719592226,0.5395532093679618,0.5918367346938775,-0.06688368269331857,164,-0.11301036041284862,0.6011536141365089,0.6444464451499856,0.524953052000559,-0.052283525325915736
BUF@CBJ,Mathieu Olivier,f3,SOG,under,1.5,draftkings,-150,1.4479627411814981,0.5816847131179786,0.6,-0.06688765600249191,193,-0.11147942667081989,1.523447606550137,1.60190414771709,0.5331123439975081,-0.01831528688202133
BUF@CBJ,Zach Werenski,d1,PTS,under,0.5,draftkings,140,1.0185290181153064,0.36112575911459377,0.4166666666666667,-0.06718048672523386,222,-0.1612331681405612,0.9502826749446371,1.051291260460814,0.34948617994143283,-0.055540907552072916
SEA@CGY,Matty Beniers,f1,PTS,over,0.5,fanduel,-104,0.5658400712041133,0.43211711574000783,0.5098039215686274,-0.06744429572912913,238,-0.13229458008406103,0.645107203972583,0.5840410151260563,0.4423596258394983,-0.07768680582861959
MIN@NSH,Matthew Wood,f2,PTS,over,0.5,fanduel,114,0.4945848305386711,0.3901759649366433,0.4672897196261682,-0.06748886988350905,73,-0.1444261815507094,0.5629325405614245,0.5104937617427159,0.39980084974265917,-0.07711375468952492
MIN@NSH,Filip Forsberg,f2,A,over,0.5,draftkings,120,0.46851751240118306,0.37407048646036295,0.45454545454545453,-0.06757146985978224,242,-0.14865723369152095,0.5481373322033496,0.4893479046082307,0.3869739846856723,-0.08047496808509158
MIN@NSH,Blake Coleman,f1,PTS,under,0.5,draftkings,-165,0.5703525438971675,0.5653261012970878,0.6226415094339622,-0.06759237412707775,226,-0.10855744935560974,0.5387158777478238,0.5886986370699595,0.5550491353068845,-0.05731540813687441
FLA@SJS,Luca Cagnoni,d3,SOG,under,1.5,draftkings,-150,1.4503166055626655,0.5809215618983914,0.6,-0.06768517321209588,8,-0.11280862202015984,1.523447606550137,1.604508265218262,0.5323148267879041,-0.019078438101608586
SEA@CGY,Joel Farabee,f2,A,over,0.5,draftkings,210,0.2811916715889689,0.2451163681323413,0.3225806451612903,-0.06808558731199993,242,-0.21106532066719974,0.3603389684675673,0.2936935154891773,0.2544950578492904,-0.07746427702894901
BUF@CBJ,Zach Benson,f2,G,over,0.5,fanduel,280,0.21769194157191463,0.19562680255422846,0.2631578947368421,-0.0681127893216468,207,-0.2588285994222579,0.282027014968436,0.21696903470507203,0.1950451054151953,-0.06753109218261363
BUF@CBJ,Noah Ostlund,f2,SOG,over,1.5,draftkings,115,1.2499556568217982,0.3520869082436223,0.46511627906976744,-0.0681497185211663,64,-0.1465218948205076,1.4951290307204679,1.3828457695613414,0.39696656054860113,-0.11302937082614511
PHI@NJD,Travis Konecny,f2,PTS,under,0.5,draftkings,-140,0.6426363628824449,0.5259041207079045,0.5833333333333334,-0.06818868863624106,233,-0.11689489480498472,0.6077183327815403,0.6633075542636674,0.5151446446970923,-0.05742921262542888
FLA@SJS,Brady Tkachuk,f1,PTS,over,0.5,draftkings,-190,0.8562091136307555,0.575230713873642,0.6551724137931034,-0.06840274615369069,214,-0.10440419149773839,0.9448446772232407,0.883750136007427,0.5867696676394127,-0.07994169991946143
SEA@CGY,Matty Beniers,f1,A,over,0.5,fanduel,190,0.30958959963522925,0.26625197510221543,0.3448275862068966,-0.06854518348587807,238,-0.1987810321090464,0.41347254233186365,0.3233540216961545,0.2762824027210185,-0.07857561110468114
PHI@NJD,Luke Evangelista,f2,PTS,over,0.5,draftkings,-135,0.6830070652564385,0.4949041497574239,0.574468085106383,-0.06858810795048764,225,-0.11939411383973775,0.7521613519970007,0.7049768300816288,0.5058799771558954,-0.07956393534895911
TBL@NYR,Adam Fox,d1,SOG,under,1.5,fanduel,-115,1.6547824714591808,0.5170812677809097,0.5348837209302325,-0.0686125316116386,198,-0.12827560257828086,1.6747483629591802,1.8307120958354328,0.4662711893185939,-0.017802453149322828
FLA@SJS,Sam Reinhart,f1,G,under,0.5,fanduel,-250,0.43914105704688333,0.6445898492761786,0.7142857142857143,-0.06875518004050452,223,-0.09625725205670632,0.40546510810816355,0.4376827665683318,0.6455305342452098,-0.06969586500953573
EDM@VAN,Vasily Podkolzin,f1,SOG,over,2.5,draftkings,105,2.1537379203389984,0.36214914990644026,0.4878048780487805,-0.0687719507001151,180,-0.14098249893523596,2.5374198013591753,2.382714423211918,0.4190329273486654,-0.12565572814234022
SEA@CGY,Jordan Eberle,f2,A,over,0.5,fanduel,164,0.35515636901805236,0.2989361900223828,0.3787878787878788,-0.06886860086067709,197,-0.1818131062721875,0.44693090250038936,0.3709466997221524,0.3099192779272017,-0.07985168876549598
CHI@UTA,Logan Cooley,f2,A,under,0.5,draftkings,-210,0.4755881085525149,0.6215194280697636,0.6774193548387096,-0.06890383452787974,207,-0.10171518430306059,0.4567272784507173,0.49673286102800807,0.6085155203108299,-0.05589992676894606
PHI@NJD,Owen Tippett,f1,A,over,0.5,fanduel,230,0.25531472649070924,0.22532735041413054,0.30303030303030304,-0.06895909404120887,234,-0.2275650103359893,0.3185312294717335,0.26666607568954687,0.23407120898909417,-0.0777029526161725
TBL@NYR,Brayden Point,f1,SOG,under,2.5,draftkings,-175,2.204803373198191,0.6249964622273647,0.6363636363636364,-0.06908574331131467,218,-0.10856331091778015,2.3518674075621977,2.4392089436948448,0.5672778930523217,-0.01136717413627164
PHI@NJD,Owen Tippett,f1,PTS,over,0.5,draftkings,115,0.48813674177621286,0.38623106055063106,0.46511627906976744,-0.06932337711943781,234,-0.14904526080679126,0.568259068548668,0.5038382622507216,0.3957929019503296,-0.07888521851913638
FLA@SJS,Matthew Tkachuk,f2,G,under,0.5,fanduel,-250,0.4404830199495391,0.6437254137609456,0.7142857142857143,-0.06961800420684006,164,-0.09746520588957608,0.40546510810816355,0.4390202731085225,0.6446677100788742,-0.0705603005247687
SEA@CGY,Matty Beniers,f1,PTS,over,0.5,draftkings,-105,0.5658400712041133,0.43211711574000783,0.5121951219512195,-0.06983549611172124,238,-0.1363454924085986,0.645107203972583,0.5840410151260563,0.4423596258394983,-0.0800780062112117
FLA@SJS,Alexander Wennberg,f3,A,under,0.5,draftkings,-240,0.4334422761841659,0.648273712367992,0.7058823529411765,-0.06998187914708398,233,-0.09914099545836896,0.40942550932426,0.4527132156326373,0.6359004737940925,-0.05760864057318449
FLA@SJS,Dmitry Orlov,d3,A,under,0.5,draftkings,-250,0.4213612347284069,0.6561530333303491,0.7142857142857143,-0.0703105049262791,236,-0.09843470689679079,0.39959998865576585,0.4400950484022123,0.6439752093594352,-0.05813268095536517
PHI@NJD,Jamie Drysdale,d2,PTS,over,0.5,draftkings,155,0.37576068769123405,0.3132333349056175,0.39215686274509803,-0.0706726760167618,180,-0.18021532384274264,0.45397294897201484,0.38784749375674477,0.32148418672833623,-0.07892352783948053
CHI@UTA,Mikhail Sergachev,d1,PTS,under,0.5,draftkings,110,0.8744910923960284,0.4170742179201993,0.47619047619047616,-0.0706847065924463,185,-0.14843788384413725,0.8077505632989486,0.9026201771727007,0.40550576959802986,-0.05911625827027689
EDM@VAN,Linus Karlsson,f3,SOG,under,1.5,draftkings,-145,1.484722855003048,0.5698370513720239,0.5918367346938775,-0.07108436912765559,103,-0.12010807197431461,1.5341791540118745,1.6425724447157017,0.520752365566222,-0.021999683321853647
EDM@VAN,Vasily Podkolzin,f1,SOG,over,2.5,fanduel,104,2.1537379203389984,0.36214914990644026,0.49019607843137253,-0.07116315108270715,180,-0.14517282820872257,2.5374198013591753,2.382714423211918,0.4190329273486654,-0.12804692852493227
SEA@CGY,Morgan Frost,f1,PTS,over,0.5,draftkings,-115,0.6034657186122474,0.4530870984674407,0.5348837209302325,-0.0712827498732036,231,-0.13326774976294586,0.6931471805599455,0.6228769378988265,0.4636009710570289,-0.08179662246279179
MIN@NSH,Matthew Wood,f2,SOG,over,1.5,draftkings,-140,1.5852908783370172,0.46178041406581966,0.5833333333333334,-0.07132434316088376,73,-0.12227030256151505,1.8478292439020327,1.7538324441097062,0.5120089901724496,-0.12155291926751371
EDM@VAN,Elias Pettersson,f1,SOG,over,1.5,fanduel,-170,1.7363411197002827,0.5069620092630202,0.6296296296296297,-0.07137751503217216,221,-0.11336428858050873,2.2283278549797423,1.9209417220432277,0.5582521145974575,-0.1226676203666095
PHI@NJD,Matvei Michkov,f3,A,under,0.5,draftkings,-340,0.34003832844733056,0.7117430422340958,0.7727272727272727,-0.07166355999173768,159,-0.09274107763636641,0.3225347287774313,0.3551565077245261,0.701063712735535,-0.060984230493176916
BUF@CBJ,Zach Benson,f2,SOG,over,1.5,fanduel,-170,1.7351596123618875,0.5066196932549482,0.6296296296296297,-0.07172529626141766,207,-0.11391664700342807,2.0706868607717004,1.9196346017340482,0.557904333368212,-0.1230099363746815
SEA@CGY,Matty Beniers,f1,SOG,under,1.5,draftkings,120,1.9489445865670667,0.4343500247367309,0.45454545454545453,-0.07182426351197307,238,-0.15801337972634077,2.006299310339203,2.1561483096899776,0.38272119103348146,-0.02019542980872363
EDM@VAN,Jake DeBrusk,f1,G,under,0.5,fanduel,-350,0.3493723675865372,0.7051305136304725,0.7777777777777778,-0.07182870509628747,240,-0.09235119226665534,0.32074293471266907,0.3482121791028035,0.7059490726814903,-0.07264726414730527
SEA@CGY,Matvei Gridin,f1,PTS,over,0.5,fanduel,-113,0.5946274738189001,0.4482319243593612,0.5305164319248826,-0.07183116908324017,37,-0.13539857535159427,0.6931471805599455,0.6137544000586651,0.45868526284164246,-0.08228450756552141
PHI@NJD,Timo Meier,f2,G,over,0.5,draftkings,220,0.2761592215358526,0.24130787898100764,0.3125,-0.07188820922288719,222,-0.23004226951323903,0.3603389684675673,0.27524215774309746,0.2406117907771128,-0.07119212101899236
EDM@VAN,Leon Draisaitl,f1,G,over,0.5,fanduel,100,0.5605577908236464,0.42910946248159276,0.5,-0.07195423349049196,218,-0.14390846698098392,0.6261364702769852,0.5586963021836792,0.42804576650950804,-0.07089053751840724
TBL@NYR,Pavel Dorofeyev,f2,G,under,0.5,fanduel,-290,0.39978475197003854,0.6704643466346449,0.7435897435897436,-0.0722346994674945,210,-0.09714321652525126,0.3603389684675673,0.3984571550899187,0.6713550441222491,-0.07312539695509868
PHI@NJD,Tyson Foerster,f2,PTS,over,0.5,draftkings,115,0.4834406757706562,0.3833419827582216,0.46511627906976744,-0.0722591511665856,185,-0.15535717500815904,0.5629325405614245,0.4989911414889349,0.39285712790318184,-0.08177429631154581
TBL@NYR,John Carlson,d1,A,over,0.5,draftkings,-105,0.5549662157472045,0.4259083438735491,0.5121951219512195,-0.07229501180447756,230,-0.1411474039992181,0.645107203972583,0.5796401364218633,0.43990011014674196,-0.08628677807767043
FLA@SJS,Macklin Celebrini,f1,A,under,0.5,draftkings,-120,0.7165608727986145,0.48842914074101873,0.5454545454545454,-0.07234074554841186,149,-0.13262470017208838,0.6731064296764996,0.7484193276600379,0.47311379990613356,-0.057025404713526684
TBL@NYR,Anthony Cirelli,f2,SOG,over,1.5,fanduel,-128,1.5132157828807058,0.4392408533537211,0.5614035087719298,-0.07271618102871624,227,-0.12952569745740083,1.6957745597662717,1.6740946227729774,0.48868732774321355,-0.1221626554182087
BUF@CBJ,Conor Garland,f2,SOG,over,1.5,fanduel,-148,1.6234597590120425,0.47346416556881504,0.5967741935483871,-0.07274173205139223,230,-0.12189155100503557,1.9414693501738767,1.7960592822237524,0.5240324614969949,-0.12331002797957208
EDM@VAN,Liam Ohgren,f2,PTS,over,0.5,draftkings,140,0.40827581871872154,0.335204509507802,0.4166666666666667,-0.07278867823709118,98,-0.17469282776901884,0.48878973536681025,0.4214085140850493,0.3438779884295755,-0.08146215715886468
SEA@CGY,Bobby McMann,f2,A,under,0.5,draftkings,-425,0.2926417900027829,0.7462894211545724,0.8095238095238095,-0.07288140498771423,204,-0.09002997086717635,0.2691286645560331,0.30565270869969313,0.7366424045360953,-0.06323438836923712
PHI@NJD,Noah Cates,f3,A,under,0.5,draftkings,-475,0.2715092704123043,0.7622282172654418,0.8260869565217391,-0.07300455983288268,217,-0.08837394085033168,0.2532618485653016,0.283580632615079,0.7530823966888565,-0.06385873925629737
SEA@CGY,Chandler Stephenson,f2,A,over,0.5,fanduel,154,0.3699774133000473,0.3092500677773787,0.3937007874015748,-0.07318132304989988,230,-0.18588056054674573,0.4443271412001745,0.3864266909103787,0.32051946435167494,-0.08445071962419615
SEA@CGY,Zayne Parekh,d2,A,over,0.5,draftkings,180,0.31956597319470753,0.2735357263739735,0.35714285714285715,-0.07335852375059781,38,-0.20540386650167386,0.40942550932426,0.33377394703021407,0.28378433339225934,-0.08360713076888365
PHI@NJD,Nico Hischier,f2,A,over,0.5,fanduel,126,0.4405206115336955,0.35629878444229207,0.4424778761061947,-0.0736944479201091,224,-0.1665494522994465,0.504132776257893,0.4601062553370757,0.3687834281860856,-0.08617909166390264
EDM@VAN,Filip Hronek,d1,SOG,over,1.5,draftkings,-165,1.7047038813015645,0.49773479760344597,0.6226415094339622,-0.07377780935142764,221,-0.11849163320077771,2.0424574121633494,1.8859409433823984,0.5488637000825346,-0.12490671183051627
SEA@CGY,Mikael Backlund,f2,PTS,over,0.5,draftkings,145,0.3942129957616896,0.3257895630197233,0.40816326530612246,-0.07387845495339918,237,-0.181002214635828,0.48426768499567263,0.40689334307942393,0.3342848103527233,-0.08237370228639918
MIN@NSH,Filip Forsberg,f2,G,under,0.5,fanduel,-270,0.42330613408791357,0.6548781219051707,0.7297297297297297,-0.0739303942647962,242,-0.10131202177027632,0.37623546979322614,0.42190042789181326,0.6557993354649335,-0.07485160782455902
EDM@VAN,Leon Draisaitl,f1,PTS,over,1.5,draftkings,-105,1.4417160021352209,0.4224815739133707,0.5121951219512195,-0.07401443008300063,218,-0.1445043634953822,1.6143604143317587,1.4880905758736818,0.4381806918682189,-0.08971354803784881
CHI@UTA,MacKenzie Weegar,d1,PTS,over,0.5,draftkings,145,0.3934287131811818,0.32526058411104597,0.40816326530612246,-0.0744175762373111,239,-0.18232306178141222,0.4808679978919112,0.40608383308220736,0.33374568906881136,-0.08290268119507649
SEA@CGY,Mikael Backlund,f2,SOG,over,1.5,fanduel,-192,1.822639382605835,0.5314837185430183,0.6575342465753424,-0.07447314218538015,237,-0.11326123707359903,2.125173073571907,2.016414859132641,0.5830611043899623,-0.12605052803232408
SEA@CGY,Morgan Frost,f1,SOG,over,2.5,fanduel,126,1.9676319790648535,0.31475486293241683,0.4424778761061947,-0.07450764200764814,231,-0.16838727093728478,2.3645927940259046,2.1768224684240587,0.36797023409854657,-0.12772301317377788
SEA@CGY,Jordan Eberle,f2,A,over,0.5,draftkings,160,0.35515636901805236,0.2989361900223828,0.38461538461538464,-0.07469610668818294,197,-0.19420987738927564,0.44693090250038936,0.3709466997221524,0.3099192779272017,-0.08567919459300183
PHI@NJD,Jack Hughes,f1,SOG,over,3.5,draftkings,-125,3.2933280052750926,0.4121242595105467,0.5555555555555556,-0.0748372738406024,185,-0.13470709291308436,3.7857865360899883,3.643461010010713,0.4807182817149532,-0.14343129604500887
CHI@UTA,Nick Schmaltz,f1,PTS,under,0.5,draftkings,125,0.9646434922340452,0.3811190474226809,0.4444444444444444,-0.07496953322329658,239,-0.16868144975241728,0.8886392005436446,0.9956724401653163,0.36947491122114784,-0.06332539702176354
CHI@UTA,Clayton Keller,f1,SOG,under,2.5,fanduel,104,2.8291684137194966,0.4776333054079436,0.49019607843137253,-0.07503182011030657,237,-0.15306491302502545,2.883647071912873,3.1299538915134013,0.41516425832106596,-0.012562773023428953
FLA@SJS,Will Smith,f1,A,under,0.5,draftkings,-205,0.49423931528294107,0.6100347749756129,0.6721311475409836,-0.07535506348847065,140,-0.11211363104382222,0.4596078381184652,0.5162133045341064,0.5967760840525129,-0.062096372565370705
CHI@UTA,Nick Schmaltz,f1,A,over,0.5,fanduel,104,0.5127364540405066,0.40114540348037103,0.49019607843137253,-0.07555338943136297,239,-0.15412891443998045,0.520714455895238,0.5355328301712009,0.41464268900000956,-0.0890506749510015
PHI@NJD,Matvei Michkov,f3,PTS,under,0.5,draftkings,-175,0.560501805281238,0.5709225000295168,0.6363636363636364,-0.07564219559416319,159,-0.11886630736225645,0.520714455895238,0.5785310372943798,0.5607214407694732,-0.06544113633411952
SEA@CGY,Jared McCann,f1,SOG,under,2.5,fanduel,-192,2.1507347554343936,0.6386093077942236,0.6575342465753424,-0.0757573389431927,211,-0.11521428630943886,2.162102062083884,2.3793919742426586,0.5817769076321497,-0.018924938781118783
PHI@NJD,Owen Tippett,f1,PTS,over,0.5,fanduel,112,0.48813674177621286,0.38623106055063106,0.4716981132075472,-0.07590521125721755,234,-0.1609190478653012,0.568259068548668,0.5038382622507216,0.3957929019503296,-0.08546705265691612
MIN@NSH,Ryan O'Reilly,f1,PTS,under,0.5,draftkings,105,0.8593680214963239,0.423429596179946,0.4878048780487805,-0.07591969650309871,238,-0.1556353778313524,0.7944689391622576,0.8870106540413836,0.41188518154568177,-0.06437528186883446
PHI@NJD,Tyson Foerster,f2,A,over,0.5,draftkings,260,0.21578910616274707,0.19409475559761194,0.2777777777777778,-0.07598811359777202,185,-0.2735572089519792,0.3022155870679488,0.22538313754129946,0.20178966418000577,-0.08368302218016585
SEA@CGY,Morgan Frost,f1,A,over,0.5,draftkings,185,0.3076905644174542,0.26485723785354154,0.3508771929824561,-0.07603168459230764,231,-0.21669030108807674,0.3977528396660086,0.32137055495265376,0.2748455083901485,-0.08601995512891458
EDM@VAN,Kasperi Kapanen,f2,SOG,over,1.5,fanduel,-138,1.5593962706598419,0.4537535407799336,0.5798319327731093,-0.07610927224646913,178,-0.1312609188018815,1.8936780109764226,1.7251848289039953,0.5037226605266402,-0.12607839199317572
SEA@CGY,Matvei Gridin,f1,PTS,over,0.5,draftkings,-115,0.5946274738189001,0.4482319243593612,0.5348837209302325,-0.07619845808859005,37,-0.14245798686127709,0.6931471805599455,0.6137544000586651,0.45868526284164246,-0.0866517965708713
TBL@NYR,J.T. Miller,f2,SOG,under,1.5,draftkings,120,1.966156413917323,0.4298529606560396,0.45454545454545453,-0.07629722895188445,218,-0.16785390369414577,1.9850815397285086,2.175190027296377,0.3782482255935701,-0.024692493889414913
TBL@NYR,Brandon Hagel,f2,SOG,over,2.5,fanduel,-156,2.6016904926375024,0.47116401754145754,0.609375,-0.07638654025553115,232,-0.12535227118856396,2.977739595831197,2.8782914592342608,0.5329884597444688,-0.13821098245854246
FLA@SJS,Sam Reinhart,f1,SOG,under,2.5,draftkings,-125,2.5512613681595595,0.5406113232086047,0.5555555555555556,-0.07646826783176752,223,-0.13764288209718156,2.673127557134939,2.82250091893276,0.47908728772378806,-0.014944232346950859
SEA@CGY,Morgan Frost,f1,SOG,over,2.5,draftkings,125,1.9676319790648535,0.31475486293241683,0.4444444444444444,-0.07647421034589785,231,-0.17206697327827014,2.3645927940259046,2.1768224684240587,0.36797023409854657,-0.12968958151202759
PHI@NJD,Travis Konecny,f2,PTS,over,0.5,fanduel,-128,0.6426363628824449,0.47409587929209557,0.5614035087719298,-0.0765481534690221,233,-0.13635139836669563,0.6077183327815403,0.6633075542636674,0.4848553553029077,-0.08730762947983423
PHI@NJD,Cam York,d2,PTS,over,0.5,draftkings,215,0.26697119291192045,0.23430487140531692,0.31746031746031744,-0.07660822371307249,220,-0.24131590469617836,0.3542237312472745,0.27555865067295143,0.24085209374724495,-0.08315544605500053
FLA@SJS,Macklin Celebrini,f1,SOG,over,3.5,draftkings,-110,3.1361841765692087,0.3802510421222828,0.5238095238095238,-0.0766675424208299,149,-0.14636530825794802,3.580522857126505,3.4696102997454092,0.44714198138869393,-0.14355848168724106
TBL@NYR,Victor Hedman,d2,SOG,over,1.5,draftkings,120,1.1980677243683089,0.3341450031436441,0.45454545454545453,-0.07676154379647915,187,-0.16887539635225413,1.459266536336189,1.3254413268573215,0.3777839107489754,-0.12040045140181044
PHI@NJD,Timo Meier,f2,SOG,over,2.5,fanduel,-154,2.586957358526773,0.4677389007164713,0.6062992125984252,-0.07681740988072328,222,-0.12669884486820593,3.0528349719831116,2.8619919592750342,0.529481802717702,-0.13856031188195395
PHI@NJD,Jack Hughes,f1,G,over,0.5,fanduel,140,0.4166102203952572,0.34072215707377,0.4166666666666667,-0.07685723228667712,185,-0.18445735748802505,0.49223279068937464,0.41522674984992675,0.33980943437998956,-0.07594450959289667
MIN@NSH,Jonathan Marchessault,f3,G,under,0.5,fanduel,-600,0.2490926091780894,0.7795077804670253,0.8571428571428571,-0.07699001546715434,218,-0.08982168471168006,0.22603790934075652,0.24826542762807738,0.7801528416757028,-0.0776350766758318
CHI@UTA,Bowen Byram,d1,SOG,over,1.5,fanduel,-104,1.3481782451234106,0.3854208124285104,0.5098039215686274,-0.07746982803419777,234,-0.1519600472978495,1.65145039969948,1.4915109769764667,0.43233409353442964,-0.12438310914011702
TBL@NYR,Nikita Kucherov,f1,A,under,0.5,draftkings,105,0.8533755716152106,0.4259745945851422,0.4878048780487805,-0.07768953660013733,232,-0.1592635500302816,0.786561625199371,0.8913168382405591,0.41011534144864314,-0.06183028346363828
BUF@CBJ,Charlie Coyle,f3,A,under,0.5,draftkings,-240,0.44533546383130906,0.6406093387193481,0.7058823529411765,-0.07783215145246658,243,-0.11026221455766094,0.41551544396166346,0.4651351770325743,0.6280502014887099,-0.06527301422182841
CHI@UTA,Andrew Peeke,d3,SOG,over,1.5,draftkings,125,1.1678337765876021,0.32359843386105414,0.4444444444444444,-0.07798411509830727,187,-0.17546425897119133,1.434052787796683,1.2919930308657708,0.36646032934613715,-0.12084601058339028
FLA@SJS,Seth Jones,d2,PTS,under,0.5,draftkings,-125,0.716136899705442,0.4886362654591654,0.5555555555555556,-0.07804658203527948,179,-0.14048384766350308,0.6641596436866928,0.739172326525313,0.4775089735202761,-0.0669192900963902
SEA@CGY,Chandler Stephenson,f2,PTS,over,0.5,draftkings,-110,0.5716013444660253,0.43537943762940523,0.5238095238095238,-0.07814367844797804,230,-0.14918338612795812,0.6641596436866928,0.58998760684966,0.4456658453615458,-0.0884300861801186
EDM@VAN,Jake DeBrusk,f1,PTS,over,0.5,draftkings,-115,0.5910966324218667,0.44628027534233106,0.5348837209302325,-0.07817483295845146,240,-0.14615294857449623,0.6834100052820871,0.6101099847923793,0.45670888797178105,-0.08860344558790145
BUF@CBJ,Denton Mateychuk,d1,PTS,under,0.5,draftkings,-240,0.4515342044547582,0.6366506497067079,0.7058823529411765,-0.07841168862496095,116,-0.11108322555202799,0.41551544396166346,0.46605835916269805,0.6274706643162156,-0.06923170323446859
BUF@CBJ,Kent Johnson,f1,G,over,0.5,fanduel,280,0.2049059963338511,0.18527610015471901,0.2631578947368421,-0.07843636013182603,182,-0.2980581685009389,0.282027014968436,0.20422554876772916,0.18472153460501606,-0.07788179458212308
TBL@NYR,Oliver Bjorkstrand,f2,SOG,under,1.5,fanduel,-135,1.560548386189927,0.5458876168011986,0.574468085106383,-0.0785616387039011,240,-0.13675544515123528,1.582700356260204,1.7264594325894371,0.49590644640248194,-0.02858046830518446
TBL@NYR,Brayden Point,f1,PTS,under,0.5,draftkings,100,0.8373159905185352,0.4328707949605667,0.5,-0.078632242048983,218,-0.157264484097966,0.7649729151312009,0.8642492922833666,0.421367757951017,-0.06712920503943332
TBL@NYR,Adam Fox,d1,A,under,0.5,draftkings,-130,0.6897094118948204,0.5017218422845249,0.5652173913043478,-0.07864716848065034,198,-0.13914499038884287,0.645107203972583,0.7203740448666593,0.48657022282369744,-0.0634955490198229
CHI@UTA,Anton Frondell,f1,G,under,0.5,fanduel,-470,0.29413728532485683,0.7451741829409413,0.8245614035087719,-0.0786590049375474,13,-0.09539496343489795,0.2591256218654068,0.2931605203522061,0.7459023985712245,-0.07938722056783065
TBL@NYR,Brayden Point,f1,A,under,0.5,draftkings,-215,0.48298402840521293,0.6169396768053855,0.6825396825396826,-0.07870667998479397,218,-0.11531443811725628,0.44693090250038936,0.504457605112855,0.6038330025548886,-0.06560000573429703
SEA@CGY,Jared McCann,f1,A,over,0.5,draftkings,145,0.382642130874019,0.3179430572624556,0.40816326530612246,-0.07871495723792787,211,-0.1928516452329233,0.4808679978919112,0.39965448462830344,0.3294483080681946,-0.09022020804366687
SEA@CGY,Joel Farabee,f2,A,over,0.5,fanduel,200,0.2811916715889689,0.2451163681323413,0.3333333333333333,-0.07883827548404293,242,-0.23651482645212885,0.3603389684675673,0.2936935154891773,0.2544950578492904,-0.08821696520099201
MIN@NSH,Kirill Kaprizov,f2,SOG,under,3.5,fanduel,-160,3.212356559763762,0.6042330483262344,0.6153846153846154,-0.07893172656598213,191,-0.128264055669721,3.419633043514402,3.553881015496897,0.5364528888186333,-0.011151567058381051
TBL@NYR,Ilya Mikheyev,f1,SOG,over,1.5,draftkings,-115,1.4157662999024163,0.40781614555337203,0.5348837209302325,-0.07898703667518514,231,-0.1476714163927374,1.712430511754708,1.5662847140398073,0.45589668425504737,-0.12706757537686048
TBL@NYR,Alexis Lafrenière,f1,SOG,under,2.5,fanduel,-198,2.1383071244112117,0.6417506886282804,0.6644295302013423,-0.07929592520196782,243,-0.11934437227366879,2.1183913621176194,2.3656430889183797,0.5851336049993745,-0.02267884157306188
EDM@VAN,Connor McDavid,f1,A,over,1.5,draftkings,170,1.0267369550295464,0.27407593737480784,0.37037037037037035,-0.0795223969808373,223,-0.21471047184826075,1.2226379386366921,1.0723859070977921,0.29084797338953305,-0.0962944329955625
CHI@UTA,Clayton Keller,f1,PTS,under,1.5,draftkings,-235,1.2733033080968512,0.6363100511788875,0.7014925373134329,-0.07971344354051901,237,-0.11363405781308034,1.2226379386366921,1.3142606797742902,0.6217790937729138,-0.06518248613454536
PHI@NJD,Evan Rodrigues,f3,SOG,under,1.5,draftkings,100,1.8113088280523009,0.4716815200109743,0.5,-0.07987040953276736,227,-0.15974081906553472,1.834045672352235,2.0038796869082294,0.42012959046723264,-0.028318479989025702
MIN@NSH,Matt Boldy,f1,PTS,over,0.5,fanduel,-225,0.9179992430928485,0.600682821017696,0.6923076923076923,-0.08000599150875831,230,-0.11556420995709538,1.003355870859443,0.9475278212092115,0.612301700798934,-0.0916248712899963
EDM@VAN,Evan Bouchard,d1,PTS,over,1.5,draftkings,140,1.1606025576289005,0.32308895662665804,0.4166666666666667,-0.08004050314013661,242,-0.19209720753632786,1.3504603885777007,1.197934770637631,0.3366261635265301,-0.09357771004000864
TBL@NYR,Mika Zibanejad,f1,PTS,under,0.5,draftkings,120,0.9524601837805491,0.38579073887797666,0.45454545454545453,-0.08039498615054436,241,-0.17686896953119757,0.8560506514967985,0.9830972405658398,0.3741504683949102,-0.06875471566747787
TBL@NYR,J.T. Miller,f2,SOG,under,1.5,fanduel,118,1.966156413917323,0.4298529606560396,0.45871559633027525,-0.08046737073670518,218,-0.17541886820601726,1.9850815397285086,2.175190027296377,0.3782482255935701,-0.028862635674235637
MIN@NSH,Blake Coleman,f1,A,under,0.5,draftkings,-425,0.3028474728675096,0.7387117613647278,0.8095238095238095,-0.08069189135323318,226,-0.09967821873046456,0.2751605656537396,0.31631213848142087,0.7288319181705764,-0.07081204815908171
PHI@NJD,Porter Martone,f1,PTS,over,0.5,fanduel,-104,0.5424987081115772,0.4187060477188402,0.5098039215686274,-0.08104220448210858,10,-0.15896740109952068,0.568259068548668,0.559948848295275,0.42876171708651883,-0.09109787384978724
TBL@NYR,Victor Hedman,d2,PTS,over,0.5,fanduel,162,0.3461761023944322,0.29261209656650494,0.3816793893129771,-0.08123409312055618,187,-0.2128333239758572,0.40546510810816355,0.3573112837777334,0.30044529619242094,-0.08906729274647218
FLA@SJS,Will Smith,f1,SOG,under,2.5,fanduel,-160,2.3312319717244296,0.5935724346916872,0.6153846153846154,-0.08128680168880564,140,-0.1320910527443092,2.3961426118120857,2.5790789076166956,0.5340978136958098,-0.02181218069292823
MIN@NSH,Ryan O'Reilly,f1,A,under,0.5,draftkings,-180,0.5524716462366328,0.5755255554052271,0.6428571428571429,-0.08129602193780439,238,-0.12646047856991793,0.5166059866814905,0.5770346577992146,0.5615611209193385,-0.06733158745191581
PHI@NJD,Jesper Bratt,f1,SOG,over,2.5,draftkings,120,1.9863725960785892,0.31955462716300914,0.45454545454545453,-0.08136128683441624,241,-0.17899483103571567,2.338505218938009,2.197555510284366,0.3731841677110383,-0.1349908273824454
BUF@CBJ,Sean Monahan,f2,PTS,over,0.5,draftkings,115,0.46902127625224077,0.3743857277123542,0.46511627906976744,-0.0813629694638372,211,-0.17493038434724995,0.568259068548668,0.48410792419694915,0.38375330960593024,-0.09073055135741326
PHI@NJD,Jesper Bratt,f1,A,over,0.5,draftkings,-105,0.538963094222229,0.416647179210064,0.5121951219512195,-0.08173554850057535,241,-0.1595789280249328,0.645107203972583,0.5629255125750348,0.4304595734506442,-0.09554794274115552
MIN@NSH,Blake Coleman,f1,SOG,under,2.5,draftkings,-160,2.333240542612951,0.593078419162459,0.6153846153846154,-0.08180520808502134,226,-0.13293346313815968,2.319743056291925,2.581301021450012,0.5335794072995941,-0.02230619622215646
PHI@NJD,Timo Meier,f2,G,over,0.5,fanduel,210,0.2761592215358526,0.24130787898100764,0.3225806451612903,-0.0819688543841775,222,-0.25410344859095024,0.3603389684675673,0.27524215774309746,0.2406117907771128,-0.08127276618028267
CHI@UTA,Vincent Trocheck,f1,G,under,0.5,fanduel,-380,0.3440993741585472,0.7088584823341159,0.7916666666666666,-0.08199772435425834,227,-0.10357607286853687,0.3007541540191337,0.3429566961215961,0.7096689423124083,-0.08280818433255077
BUF@CBJ,Zach Werenski,d1,SOG,over,3.5,draftkings,-105,3.058498029646877,0.3643214417014258,0.5121951219512195,-0.08201533040756692,222,-0.16012516889096395,3.576631215853466,3.3836648831710177,0.4301797915436526,-0.14787368024979375
PHI@NJD,Trevor Zegras,f1,PTS,over,0.5,fanduel,-132,0.645469763762331,0.4755838674614671,0.5689655172413793,-0.08260580130536987,167,-0.145185953809438,0.6641596436866928,0.6662320949781952,0.48635971593600946,-0.09338164977991226
PHI@NJD,Noah Cates,f3,PTS,under,0.5,draftkings,-250,0.4450861597927243,0.6407690651240374,0.7142857142857143,-0.08262502003448946,217,-0.11567502804828522,0.39959998865576585,0.45940290518967253,0.6316606942512248,-0.07351664916167688
PHI@NJD,Anthony Mantha,f1,G,under,0.5,fanduel,-420,0.322812623838754,0.7241095225196811,0.8076923076923077,-0.08280613120323554,168,-0.10252187672781543,0.2852982810965047,0.3217406343990373,0.7248861764890722,-0.08358278517262663
BUF@CBJ,Conor Garland,f2,SOG,over,1.5,draftkings,-155,1.6234597590120425,0.47346416556881504,0.6078431372549019,-0.08381067575790702,230,-0.13788207947268571,1.9414693501738767,1.7960592822237524,0.5240324614969949,-0.13437897168608687
MIN@NSH,Joel Eriksson Ek,f1,A,under,0.5,draftkings,-270,0.41849522277650136,0.6580362731710174,0.7297297297297297,-0.08382393403103883,190,-0.1148698355240162,0.3815359621113813,0.43710161292514904,0.6459057956986909,-0.07169345655871229
BUF@CBJ,Josh Norris,f1,PTS,under,0.5,draftkings,-160,0.6123623869031574,0.5420687790901377,0.6153846153846154,-0.08388870648397317,150,-0.1363191480364564,0.5531011069142318,0.632059778500422,0.5314959089006422,-0.07331583629447769
SEA@CGY,Joel Farabee,f2,SOG,under,1.5,draftkings,115,1.9556205940779319,0.43260121827013187,0.46511627906976744,-0.08413538713123564,242,-0.18089108233215667,1.9873079652629175,2.1635340826920637,0.3809808919385318,-0.032515060799635565
SEA@CGY,Joel Farabee,f2,PTS,over,0.5,draftkings,100,0.519824720112714,0.4053752354018955,0.5,-0.08476482361004078,242,-0.16952964722008157,0.6261364702769852,0.536545523501342,0.4152351763899592,-0.09462476459810448
BUF@CBJ,Zach Benson,f2,SOG,over,1.5,draftkings,-180,1.7351596123618875,0.5066196932549482,0.6428571428571429,-0.08495280948893091,207,-0.13214881476055917,2.0706868607717004,1.9196346017340482,0.557904333368212,-0.13623744960219475
FLA@SJS,Aaron Ekblad,d1,PTS,over,0.5,draftkings,145,0.37812963847302455,0.3148583258121169,0.40816326530612246,-0.08502203164490774,180,-0.20830397753002394,0.4776275543566874,0.3902926447628168,0.3231412336612147,-0.09330493949400553
TBL@NYR,Eeli Tolvanen,f3,SOG,under,1.5,draftkings,-130,1.6112902164534773,0.5302417187723517,0.5652173913043478,-0.08544110136682737,238,-0.1511650254951561,1.6100767305900432,1.7825959242616003,0.4797762899375204,-0.03497567253199607
PHI@NJD,Timo Meier,f2,SOG,over,2.5,draftkings,-160,2.586957358526773,0.4677389007164713,0.6153846153846154,-0.08590281266691346,222,-0.13959207058373435,3.0528349719831116,2.8619919592750342,0.529481802717702,-0.14764571466814413
BUF@CBJ,Kent Johnson,f1,A,over,0.5,fanduel,190,0.2867814257078488,0.24932421066399968,0.3448275862068966,-0.08599274562909182,182,-0.2493789623243663,0.4261829806119048,0.29953179131227375,0.25883484057780476,-0.0955033755428969
EDM@VAN,Filip Hronek,d1,SOG,over,1.5,fanduel,-174,1.7047038813015645,0.49773479760344597,0.635036496350365,-0.08617279626783036,221,-0.13569739182405471,2.0424574121633494,1.8859409433823984,0.5488637000825346,-0.137301698746919
FLA@SJS,Sam Bennett,f2,G,under,0.5,fanduel,-320,0.39342049356106673,0.6747449620134227,0.7619047619047619,-0.08627769475197966,221,-0.11323947436197335,0.33484754089421115,0.3921140309777563,0.6756270671527822,-0.08715979989133915
BUF@CBJ,Valeri Nichushkin,f2,SOG,under,1.5,draftkings,115,1.9670009571298583,0.4296332792100953,0.46511627906976744,-0.08708637121908774,166,-0.18723569812103869,2.043830570241307,2.1761243588482944,0.3780299078506797,-0.035482999859672126
SEA@CGY,Jared McCann,f1,A,over,0.5,fanduel,140,0.382642130874019,0.3179430572624556,0.4166666666666667,-0.0872183585984721,211,-0.20932406063633302,0.4808679978919112,0.39965448462830344,0.3294483080681946,-0.0987236094042111
SEA@CGY,Matty Beniers,f1,A,over,0.5,draftkings,175,0.30958959963522925,0.26625197510221543,0.36363636363636365,-0.08735396091534514,238,-0.24022339251719915,0.41347254233186365,0.3233540216961545,0.2762824027210185,-0.09738438853414821
TBL@NYR,Oliver Bjorkstrand,f2,SOG,under,1.5,draftkings,-140,1.560548386189927,0.5458876168011986,0.5833333333333334,-0.08742688693085143,240,-0.14987466331003096,1.582700356260204,1.7264594325894371,0.49590644640248194,-0.0374457165321348
EDM@VAN,Jonathan Lekkerimäki,f1,SOG,over,1.5,draftkings,120,1.1691389015016345,0.32405499974846264,0.45454545454545453,-0.08759419082646674,38,-0.1927072198182268,1.459266536336189,1.2934369112596622,0.3669512637189878,-0.1304904547969919
TBL@NYR,Adam Fox,d1,PTS,under,0.5,draftkings,100,0.8582307021573254,0.4239114448043261,0.5,-0.08763102145143054,198,-0.17526204290286107,0.7649729151312009,0.8858367514228264,0.41236897854856946,-0.07608855519567392
CHI@UTA,Clayton Keller,f1,A,under,0.5,draftkings,110,0.9055522283352961,0.4043185472836627,0.47619047619047616,-0.08782688235888336,237,-0.18443645295365507,0.8077505632989486,0.9458132806565125,0.3883635938315928,-0.07187192890681349
EDM@VAN,Marco Rossi,f2,SOG,over,1.5,fanduel,-138,1.5232874248005666,0.44242729359414984,0.5798319327731093,-0.08783752389280908,212,-0.1514879035252794,1.6957745597662717,1.6852370399822638,0.4919944088803002,-0.13740463917895945
MIN@NSH,Steven Stamkos,f1,PTS,under,0.5,draftkings,100,0.858826773647886,0.4236588385707223,0.5,-0.08788465131788747,239,-0.17576930263577495,0.7731898882334818,0.8864519962882065,0.4121153486821125,-0.07634116142927772
PHI@NJD,Luke Evangelista,f2,SOG,over,2.5,draftkings,120,1.9628223330087342,0.3135224526553561,0.45454545454545453,-0.08791554071982988,225,-0.19341418958362577,2.3385240089561554,2.1715014807030197,0.36662991382562465,-0.14102300189009842
EDM@VAN,Connor McDavid,f1,A,over,1.5,fanduel,164,1.0267369550295464,0.27407593737480784,0.3787878787878788,-0.08793990539834573,223,-0.23216135025163276,1.2226379386366921,1.0723859070977921,0.29084797338953305,-0.10471194141307094
SEA@CGY,Vince Dunn,d1,SOG,over,2.5,draftkings,120,1.9620783956911252,0.31333180886215645,0.45454545454545453,-0.08812293453120129,199,-0.19387045596864283,2.420163711225885,2.17067845104844,0.36642252001425324,-0.14121364568329808
FLA@SJS,Carter Verhaeghe,f2,G,under,0.5,fanduel,-400,0.3411687604054435,0.7109389197417024,0.8,-0.08825516832939961,232,-0.11031896041174949,0.29105475693042016,0.34003581428962326,0.7117448316706004,-0.08906108025829762
CHI@UTA,Logan Cooley,f2,G,under,0.5,fanduel,-280,0.43473622532148953,0.6474354216268774,0.7368421052631579,-0.08847133006468166,207,-0.12006823365921082,0.3732042458899428,0.4332925623164154,0.6483707751984762,-0.08940668363628046
FLA@SJS,Will Smith,f1,SOG,under,2.5,draftkings,-165,2.3312319717244296,0.5935724346916872,0.6226415094339622,-0.08854369573815246,140,-0.14220654164006308,2.3961426118120857,2.5790789076166956,0.5340978136958098,-0.029069074742275047
FLA@SJS,Carter Verhaeghe,f2,A,under,0.5,draftkings,-290,0.4053561840397175,0.6667392866672592,0.7435897435897436,-0.08875895163927505,232,-0.11936548668730096,0.3603389684675673,0.42337840962062445,0.6548307919504686,-0.07685045692248438
CHI@UTA,Tyler Bertuzzi,f1,G,under,0.5,fanduel,-360,0.3671474219731543,0.6927075172076275,0.782608695652174,-0.08905610363326355,238,-0.11379391019805896,0.31121256986197504,0.36592820645892143,0.6935525920189104,-0.08990117844454648
TBL@NYR,Mika Zibanejad,f1,G,under,0.5,fanduel,-310,0.40632952050559845,0.6660906407328906,0.7560975609756098,-0.08910753710520392,241,-0.11785190391333422,0.34593196030966256,0.4049801898943993,0.6669900238704058,-0.09000692024271917
TBL@NYR,Adam Fox,d1,SOG,under,1.5,draftkings,-125,1.6547824714591808,0.5170812677809097,0.5555555555555556,-0.08928436623696168,198,-0.16071185922653097,1.6747483629591802,1.8307120958354328,0.4662711893185939,-0.0384742877746459
TBL@NYR,Nikita Kucherov,f1,SOG,over,3.5,fanduel,116,2.803591442132961,0.3116208224496485,0.46296296296296297,-0.0897798628786381,232,-0.1939245038178583,3.4250081897295575,3.1016576821530126,0.37318310008432487,-0.15134214051331446
BUF@CBJ,Zach Benson,f2,PTS,over,0.5,fanduel,-108,0.5435509247090029,0.41931737318361034,0.5192307692307693,-0.08984898847444495,207,-0.1730424963211532,0.6077183327815403,0.5610349107375925,0.4293817807563243,-0.09991339604715893
TBL@NYR,Alexis Lafrenière,f1,PTS,under,0.5,draftkings,-120,0.7620524685130833,0.4667075407723694,0.5454545454545454,-0.09004803359489799,243,-0.16508806159064637,0.6731064296764996,0.7865648262460188,0.4554065118596474,-0.07874700468217599
MIN@NSH,Kirill Kaprizov,f2,PTS,over,0.5,fanduel,-295,1.0358432472114936,0.6450730364710282,0.7468354430379747,-0.0901313768189197,191,-0.1206843859100789,1.0584214080848637,1.0691624230950603,0.656704066219055,-0.10176240656694646
MIN@NSH,Maxim Shabanov,f2,A,over,0.5,fanduel,164,0.32603172658587254,0.27821771261927436,0.3787878787878788,-0.09018307701118039,44,-0.2380833233095162,0.4443271412001745,0.34052716924695564,0.2886048017766984,-0.10057016616860442
PHI@NJD,Travis Konecny,f2,A,over,0.5,fanduel,136,0.38843091409987646,0.32187993120302155,0.423728813559322,-0.09023847849716782,233,-0.212962809253316,0.37469344944141075,0.40570063843648596,0.3334903350621542,-0.10184888235630046
MIN@NSH,Jared Spurgeon,d1,PTS,over,0.5,draftkings,165,0.32783688692236523,0.2795194700820746,0.37735849056603776,-0.09028127239250794,159,-0.23924537184014605,0.4350714013009797,0.33838216481638334,0.2870772181735298,-0.09783902048396315
MIN@NSH,Matt Boldy,f1,A,over,0.5,fanduel,100,0.5044804936875116,0.39618081816370154,0.5,-0.09042668532551434,230,-0.1808533706510287,0.6374224587218453,0.5269098079952287,0.40957331467448566,-0.10381918183629846
TBL@NYR,John Carlson,d1,A,over,0.5,fanduel,-113,0.5549662157472045,0.4259083438735491,0.5305164319248826,-0.09061632177814066,230,-0.17080775698003503,0.645107203972583,0.5796401364218633,0.43990011014674196,-0.10460808805133354
FLA@SJS,Brady Tkachuk,f1,PTS,over,0.5,fanduel,-210,0.8562091136307555,0.575230713873642,0.6774193548387096,-0.09064968719929689,214,-0.13381620491324775,0.9448446772232407,0.883750136007427,0.5867696676394127,-0.10218864096506763
TBL@NYR,Alexis Lafrenière,f1,G,under,0.5,fanduel,-400,0.34467137153692123,0.7084531330809895,0.8,-0.09073552315887279,243,-0.11341940394859096,0.29804485948732745,0.3435267940229861,0.7092644768411273,-0.0915468669190106
FLA@SJS,Sam Bennett,f2,PTS,under,0.5,draftkings,-120,0.7638231630862611,0.4658818754789197,0.5454545454545454,-0.09087959769331433,221,-0.16661259577107623,0.6731064296764996,0.7883924773945071,0.4545749477612311,-0.07957266997562573
CHI@UTA,Bowen Byram,d1,SOG,over,1.5,draftkings,-110,1.3481782451234106,0.3854208124285104,0.5238095238095238,-0.0914754302750942,234,-0.1746349123433616,1.65145039969948,1.4915109769764667,0.43233409353442964,-0.13838871138101344
SEA@CGY,Morgan Frost,f1,PTS,over,0.5,fanduel,-125,0.6034657186122474,0.4530870984674407,0.5555555555555556,-0.09195458449852667,231,-0.16551825209734805,0.6931471805599455,0.6228769378988265,0.4636009710570289,-0.10246845708811486
CHI@UTA,Patrick Kane,f1,SOG,under,2.5,draftkings,-170,2.3179175249348907,0.5968515827325639,0.6296296296296297,-0.09208824785777392,186,-0.14625780542117028,2.403390588863294,2.5643489239436916,0.5375413817718557,-0.03277804689706576
CHI@UTA,Anton Frondell,f1,SOG,over,2.5,draftkings,-110,2.200481371326805,0.3739188332171149,0.5238095238095238,-0.0922399449273198,13,-0.17609444031579236,2.5910889681668756,2.434427444470241,0.43156957888220404,-0.14989069059240895
CHI@UTA,Logan Cooley,f2,SOG,under,1.5,draftkings,130,2.1105441807806886,0.3936178590707027,0.43478260869565216,-0.0923059703855798,207,-0.2123037318868336,2.132743048381384,2.3349285040124994,0.34247663831007236,-0.04116474962494948
TBL@NYR,Will Cuylle,f3,SOG,under,1.5,draftkings,-130,1.6337577941073644,0.5234140692678564,0.5652173913043478,-0.09245473779429536,242,-0.16357376686683023,1.6298197976866453,1.8074521617940318,0.4727626535100524,-0.0418033220364914
SEA@CGY,Jared McCann,f1,SOG,under,1.5,draftkings,135,2.1507347554343936,0.3840010973016179,0.425531914893617,-0.09246689555466109,211,-0.21729720455345358,2.162102062083884,2.3793919742426586,0.33306501933895594,-0.041530817591999114
FLA@SJS,Anton Lundell,f3,A,under,0.5,draftkings,-320,0.3842534715057813,0.6809588016498156,0.7619047619047619,-0.09248064674772594,219,-0.12138084885639033,0.33484754089421115,0.4013374658208779,0.6694241151570359,-0.08094596025494627
FLA@SJS,Gustav Forsling,d1,SOG,under,1.5,draftkings,-150,1.526174508899551,0.5566614766870093,0.6,-0.09293953033917635,236,-0.15489921723196054,1.523447606550137,1.6884310669150269,0.5070604696608236,-0.04333852331299071
EDM@VAN,Brock Boeser,f2,SOG,over,2.5,draftkings,115,1.9820488174169233,0.31844758523292344,0.46511627906976744,-0.09313381926059205,228,-0.2002377114102729,2.4685084864115976,2.1927720453684927,0.3719824598091754,-0.146668693836844
BUF@CBJ,Tage Thompson,f1,PTS,over,0.5,fanduel,-215,0.862314300940203,0.5778161097352245,0.6825396825396826,-0.09317420321450887,224,-0.1365110419189316,0.9264147492236348,0.8900517041981645,0.5893654793251737,-0.1047235728044581
FLA@SJS,Igor Chernyshov,f2,A,under,0.5,draftkings,-330,0.37781841301424873,0.6853549409050531,0.7674418604651163,-0.09350328274784947,28,-0.1218376108532584,0.3244316146605224,0.3946163032057942,0.6739385777172668,-0.0820869195600632
FLA@SJS,Mason Marchment,f1,A,under,0.5,draftkings,-250,0.45714964148551357,0.6330855971049902,0.7142857142857143,-0.09393768175026096,209,-0.13151275445036537,0.39959998865576585,0.4774746156378147,0.6203480325354533,-0.08120011718072406
FLA@SJS,Brady Tkachuk,f1,G,over,0.5,fanduel,155,0.35504220958522653,0.29885615240702357,0.39215686274509803,-0.09412785821226116,214,-0.24002603844126602,0.4567272784507173,0.3538631928082397,0.29802900453283687,-0.09330071033807447
EDM@VAN,Evan Bouchard,d1,A,over,0.5,draftkings,-230,0.883943142741968,0.5868494161802245,0.696969696969697,-0.09419825527496117,242,-0.1351540184379878,1.0584214080848637,0.9232434503391765,0.6027714416947358,-0.11012028078947256
FLA@SJS,Will Smith,f1,G,under,0.5,fanduel,-360,0.37463537369479843,0.6875399282352157,0.782608695652174,-0.09421287952927426,140,-0.12038312384296157,0.31121256986197504,0.37339129234640067,0.6883958161228997,-0.09506876741695824
FLA@SJS,Mason Marchment,f1,G,under,0.5,fanduel,-390,0.3557333076095914,0.7006594558654717,0.7959183673469388,-0.0944307251490395,209,-0.11864373159751118,0.29936568916026735,0.3545519958486751,0.7014876421978993,-0.09525891148146703
MIN@NSH,Matthew Wood,f2,A,over,0.5,fanduel,200,0.26086665044291135,0.22961635691654408,0.3333333333333333,-0.09483353683550208,73,-0.2845006105065062,0.33059143913295896,0.27246483940838945,0.23849979649783123,-0.10371697641678923
SEA@CGY,Zayne Parekh,d2,A,over,0.5,fanduel,164,0.31956597319470753,0.2735357263739735,0.3787878787878788,-0.09500354539561945,38,-0.2508093598444353,0.40942550932426,0.33377394703021407,0.28378433339225934,-0.10525215241390529
TBL@NYR,John Carlson,d1,PTS,over,0.5,fanduel,-158,0.7058108936221785,0.5062919328291197,0.6124031007751938,-0.09502865708756603,230,-0.15517337676324072,0.7649729151312009,0.728514171718013,0.5173744436876277,-0.10611116794607411
PHI@NJD,Luke Hughes,d1,SOG,over,2.5,fanduel,136,1.8265764814241205,0.2785745952045471,0.423728813559322,-0.09537581167167081,217,-0.22508691554514315,2.199431307839295,2.0207705340043836,0.3283530018876512,-0.14515421835477493
BUF@CBJ,Josh Norris,f1,SOG,under,1.5,draftkings,-120,1.7090142467387257,0.5010006113384704,0.5454545454545454,-0.09560663173543982,150,-0.17527882484830637,1.678102105180021,1.8907095690352456,0.4498479137191056,-0.04445393411607501
MIN@NSH,Roman Josi,d1,SOG,over,2.5,draftkings,-130,2.3448314030495276,0.4097689398870986,0.5652173913043478,-0.09581079491706967,203,-0.16951140639173867,2.894705968897174,2.5941241742017267,0.4694065963872781,-0.15544845141724917
MIN@NSH,Maxim Shabanov,f2,A,over,0.5,draftkings,160,0.32603172658587254,0.27821771261927436,0.38461538461538464,-0.09601058283868624,44,-0.24962751538058425,0.4443271412001745,0.34052716924695564,0.2886048017766984,-0.10639767199611028
TBL@NYR,Jake Guentzel,f2,A,under,0.5,draftkings,-180,0.5780917276819283,0.5609678252038736,0.6428571428571429,-0.09612365134461143,226,-0.14952567986939558,0.5079847127643868,0.6037938137310686,0.5467334915125315,-0.08188931765326934
MIN@NSH,Steven Stamkos,f1,G,under,0.5,fanduel,-310,0.4170699565151549,0.6589748187497055,0.7560975609756098,-0.09620943160862439,239,-0.1272447321275355,0.34593196030966256,0.41568495928769,0.6598881293669854,-0.09712274222590422
EDM@VAN,Kasperi Kapanen,f2,SOG,over,1.5,draftkings,-150,1.5593962706598419,0.4537535407799336,0.6,-0.09627733947335981,178,-0.16046223245559965,1.8936780109764226,1.7251848289039953,0.5037226605266402,-0.1462464592200664
TBL@NYR,Pavel Dorofeyev,f2,A,under,0.5,draftkings,-360,0.36062380233829877,0.6972412496624014,0.782608695652174,-0.09645746062934257,210,-0.12325119969304887,0.30743867088785715,0.37665721633685867,0.6861512350228314,-0.08536744598977253
SEA@CGY,Vince Dunn,d1,SOG,over,2.5,fanduel,116,1.9620783956911252,0.31333180886215645,0.46296296296296297,-0.09654044294870973,199,-0.20852735676921297,2.420163711225885,2.17067845104844,0.36642252001425324,-0.14963115410080652
BUF@CBJ,Ryan McLeod,f3,A,under,0.5,draftkings,-360,0.360770025483464,0.6971393043075035,0.782608695652174,-0.09656224456622564,237,-0.12338509027906608,0.30743867088785715,0.37680994059539297,0.6860464510859483,-0.08546939134467046
FLA@SJS,Jacob Trouba,d2,SOG,under,1.5,draftkings,-135,1.6186332377137866,0.5280034411834326,0.574468085106383,-0.09699274639091926,225,-0.16883922519900763,1.616499057306233,1.7907196251546678,0.47747533871546377,-0.046464643922950466
CHI@UTA,Clayton Keller,f1,SOG,under,2.5,draftkings,-105,2.8291684137194966,0.4776333054079436,0.5121951219512195,-0.09703086363015356,237,-0.18944120994458558,2.883647071912873,3.1299538915134013,0.41516425832106596,-0.03456181654327595
CHI@UTA,Anders Lee,f2,A,under,0.5,draftkings,-450,0.31345600259876283,0.730916536724308,0.8181818181818182,-0.09738091941749338,241,-0.11902112373249185,0.26090395337038796,0.3273923257904444,0.7208008987643248,-0.08726528145751022
MIN@NSH,Kirill Kaprizov,f2,A,over,0.5,draftkings,-105,0.5122548713560973,0.40085693602131695,0.5121951219512195,-0.09784693820233153,191,-0.19103449839502828,0.645107203972583,0.5350298362141479,0.414348183748888,-0.11133818592990258
CHI@UTA,John Marino,d2,PTS,under,0.5,draftkings,-230,0.49668240808550024,0.6085462224838922,0.696969696969697,-0.09806860142921225,190,-0.14070712378973926,0.4261829806119048,0.5126588104589526,0.5989010955404848,-0.08842347448580479
FLA@SJS,Will Smith,f1,PTS,under,0.5,draftkings,-105,0.8543535679450249,0.4255581966460611,0.5121951219512195,-0.09817259942762968,140,-0.19167031316822936,0.7436119744858549,0.8818349044056766,0.41402252252358984,-0.08663692530515843
PHI@NJD,Anthony Mantha,f1,A,under,0.5,draftkings,-320,0.3926924961127209,0.6752363534682131,0.7619047619047619,-0.09835517412122186,168,-0.12909116603410364,0.33921572256696386,0.41015169132800705,0.66354958778354,-0.08666840843654877
FLA@SJS,Matthew Tkachuk,f2,SOG,under,2.5,draftkings,-110,2.7832673834059003,0.48770175790385983,0.5238095238095238,-0.09853552704642976,164,-0.1881132789068204,2.7611045769381657,3.07917285360918,0.4252739967630941,-0.036107765905664
TBL@NYR,Pavel Dorofeyev,f2,SOG,under,2.5,fanduel,-114,2.7445204661212608,0.49630693546702975,0.5327102803738317,-0.09876252190250212,210,-0.1853963130450479,2.7280222443681392,3.0363065244252754,0.4339477584713296,-0.03640334490680197
FLA@SJS,Aleksander Barkov,f1,SOG,under,1.5,fanduel,150,2.2959541283368776,0.35091940813392863,0.4,-0.09903845179386872,138,-0.2475961294846718,2.227190029436651,2.540050469910542,0.3009615482061313,-0.04908059186607139
SEA@CGY,Joel Farabee,f2,PTS,over,0.5,fanduel,-106,0.519824720112714,0.4053752354018955,0.5145631067961165,-0.09932793040615728,242,-0.19303352512894723,0.6261364702769852,0.536545523501342,0.4152351763899592,-0.10918787139422098
MIN@NSH,Ryan Hartman,f3,SOG,under,1.5,draftkings,140,2.221023242262959,0.3676659941341227,0.4166666666666667,-0.09950716177992619,216,-0.23881718827182286,2.2351866339417095,2.4571532421158655,0.3171595048867405,-0.049000672532543976
EDM@VAN,Brock Boeser,f2,SOG,over,2.5,fanduel,112,1.9820488174169233,0.31844758523292344,0.4716981132075472,-0.0997156533983718,228,-0.2113971852045482,2.4685084864115976,2.1927720453684927,0.3719824598091754,-0.15325052797462374
SEA@CGY,Jared McCann,f1,PTS,over,0.5,draftkings,-145,0.6562395903611465,0.4812014338685077,0.5918367346938775,-0.09979888251882668,211,-0.16862569804905203,0.7944689391622576,0.6773483463354358,0.49203785217505086,-0.11063530082536982
BUF@CBJ,Josh Doan,f1,A,over,0.5,draftkings,185,0.27621758021006065,0.24135215395539553,0.3508771929824561,-0.10026529089254388,140,-0.2857560790437501,0.39959998865576585,0.28849827490761637,0.25061190208991224,-0.1095250390270606
PHI@NJD,Alex Bump,f3,SOG,over,1.5,draftkings,110,1.1922149958779087,0.33210840263125246,0.47619047619047616,-0.10059046052643411,18,-0.21123996710551163,1.523447606550137,1.318966360494179,0.37560001566404205,-0.1440820735592237
BUF@CBJ,Kent Johnson,f1,SOG,over,1.5,draftkings,-150,1.5456372407081707,0.4494559022232734,0.6,-0.10072257850586996,182,-0.16787096417644998,1.9447154786750995,1.7099629958268807,0.49927742149413,-0.15054409777672656
TBL@NYR,Pavel Dorofeyev,f2,SOG,under,2.5,draftkings,-115,2.7445204661212608,0.49630693546702975,0.5348837209302325,-0.1009359624589029,210,-0.18870636459707935,2.7280222443681392,3.0363065244252754,0.4339477584713296,-0.038576785463202756
BUF@CBJ,Tage Thompson,f1,A,over,0.5,draftkings,115,0.43296239638892314,0.3514151195199819,0.46511627906976744,-0.10133555583468407,224,-0.2178714450445708,0.568259068548668,0.45221200027557973,0.36378072323508337,-0.11370115954978555
MIN@NSH,Ross Colton,f3,SOG,under,1.5,draftkings,-120,1.7311939986269196,0.49453055177037186,0.5454545454545454,-0.102189978262893,214,-0.18734829348197046,1.6957745597662717,1.915247380357685,0.4432645671916524,-0.05092399368417355
PHI@NJD,Owen Tippett,f1,SOG,over,2.5,draftkings,-120,2.2440754828550946,0.3848300526930044,0.5454545454545454,-0.10231345088841076,234,-0.18757465996208644,2.683733967668421,2.482656301530628,0.44314109456613465,-0.160624492761541
CHI@UTA,Anders Lee,f2,SOG,under,1.5,fanduel,125,2.1123431390539618,0.3931830728026259,0.4444444444444444,-0.10239407280130042,241,-0.23038666380292594,2.0007305394612445,2.3369187200847548,0.342050371643144,-0.05126137164181854
FLA@SJS,Sam Bennett,f2,A,under,0.5,draftkings,-285,0.4306960138459184,0.6500564889147196,0.7402597402597403,-0.10253265541938739,221,-0.13850902574197943,0.36169908727958544,0.4498448538635361,0.6377270848403529,-0.09020325134502072
MIN@NSH,Matt Boldy,f1,A,over,0.5,draftkings,-105,0.5044804936875116,0.39618081816370154,0.5121951219512195,-0.10262180727673387,230,-0.2003568618260042,0.6374224587218453,0.5269098079952287,0.40957331467448566,-0.11601430378751798
TBL@NYR,Nikita Kucherov,f1,SOG,over,3.5,draftkings,110,2.803591442132961,0.3116208224496485,0.47619047619047616,-0.1030073761061513,232,-0.2163154898229177,3.4250081897295575,3.1016576821530126,0.37318310008432487,-0.16456965374082766
CHI@UTA,Frank Nazar,f3,SOG,under,1.5,fanduel,108,1.9686364858379926,0.4292081078915252,0.4807692307692308,-0.10316180549008241,119,-0.21457655541937137,1.8587538131559047,2.177933770200366,0.37760742527914837,-0.05156112287770559
EDM@VAN,Connor McDavid,f1,PTS,over,1.5,draftkings,-140,1.5633213761230798,0.46313979593813526,0.5833333333333334,-0.10387982603024543,223,-0.17807970176613497,1.804368139690549,1.6136075367306888,0.47945350730308794,-0.12019353739519811
BUF@CBJ,Kent Johnson,f1,SOG,over,1.5,fanduel,-152,1.5456372407081707,0.4494559022232734,0.6031746031746031,-0.10389718168047313,182,-0.1722505906807844,1.9447154786750995,1.7099629958268807,0.49927742149413,-0.15371870095132972
SEA@CGY,Brandon Montour,d2,A,over,0.5,draftkings,180,0.27947852719680305,0.24382203509853792,0.35714285714285715,-0.10398293374362794,208,-0.2911522144821582,0.4074068562910736,0.29190420431849934,0.2531599233992292,-0.11332082204431923
CHI@UTA,Frank Nazar,f3,A,under,0.5,draftkings,-450,0.32233794322520043,0.724453324863809,0.8181818181818182,-0.10403674921896122,119,-0.12715602682317484,0.2666286632539486,0.3366691594612427,0.714145068962857,-0.09372849331800925
EDM@VAN,Vasily Podkolzin,f1,A,over,0.5,draftkings,145,0.3467623408360043,0.29302667301640145,0.40816326530612246,-0.10432068173504805,180,-0.25558567025086776,0.4776275543566874,0.3621794711909158,0.3038425835710744,-0.11513659228972101
SEA@CGY,Simon Nemec,d1,A,over,0.5,draftkings,215,0.22929501807301,0.20490606817870063,0.31746031746031744,-0.104489834671568,153,-0.3291429792154392,0.3555248575554951,0.23948952528172457,0.21297048278874944,-0.11255424928161681
CHI@UTA,Tyler Bertuzzi,f1,SOG,under,1.5,draftkings,115,2.0374852350545587,0.41162084375215935,0.46511627906976744,-0.10492738088184833,238,-0.22559386889597388,1.916483897734161,2.254102233516734,0.3601888981879191,-0.05349543531760809
MIN@NSH,Ryan O'Reilly,f1,SOG,under,1.5,draftkings,125,2.1241463305912687,0.3903404762969721,0.4444444444444444,-0.10517921154536802,238,-0.23665322597707805,1.9658912490287155,2.349976778101139,0.3392652328990764,-0.054103968147472314
SEA@CGY,Jordan Eberle,f2,PTS,over,0.5,fanduel,-128,0.5896879389786103,0.4454997043332543,0.5614035087719298,-0.1054851438044428,197,-0.18789541240166374,0.7436119744858549,0.6086559789867281,0.455918364967487,-0.11590380443867548
SEA@CGY,Simon Nemec,d1,PTS,over,0.5,draftkings,155,0.32687681548877645,0.27882742515371717,0.39215686274509803,-0.10578646792262625,153,-0.269755493202697,0.4567272784507173,0.3373912115007698,0.2863703948224718,-0.11332943759138087
FLA@SJS,Aleksander Barkov,f1,SOG,under,2.5,draftkings,-185,2.2959541283368776,0.6022772437027675,0.6491228070175439,-0.10587409369512812,138,-0.16310333353033246,2.227190029436651,2.540050469910542,0.5432487133224158,-0.046845563314776406
SEA@CGY,Morgan Frost,f1,A,over,0.5,fanduel,162,0.3076905644174542,0.26485723785354154,0.3816793893129771,-0.10683388092282864,231,-0.27990476801781106,0.3977528396660086,0.32137055495265376,0.2748455083901485,-0.11682215145943559
FLA@SJS,Matthew Tkachuk,f2,SOG,under,2.5,fanduel,-114,2.7832673834059003,0.48770175790385983,0.5327102803738317,-0.10743628361073765,164,-0.2016786376552444,2.7611045769381657,3.07917285360918,0.4252739967630941,-0.04500852246997189
CHI@UTA,Frank Nazar,f3,PTS,under,0.5,draftkings,-205,0.5544536930158435,0.5743859665640527,0.6721311475409836,-0.1078983663557952,119,-0.16053171579764647,0.4669501917585635,0.5722883800368963,0.5642327811851884,-0.09774518097693086
PHI@NJD,Porter Martone,f1,SOG,over,2.5,fanduel,126,1.8486097748771706,0.2842246899900018,0.4424778761061947,-0.10790105757326546,10,-0.2438563901155799,2.4298434254190306,2.045146316036944,0.33457681853292925,-0.15825318611619293
BUF@CBJ,Konsta Helenius,f3,SOG,over,1.5,draftkings,-105,1.2698880980991323,0.3589212703289253,0.5121951219512195,-0.10794845635484024,9,-0.21075651002611662,1.6298197976866453,1.4048973455088238,0.4042466655963793,-0.15327385162229423
TBL@NYR,Jake Guentzel,f2,PTS,under,0.5,draftkings,115,0.9983931264744454,0.3684710521007295,0.46511627906976744,-0.10829051530608319,226,-0.2328246079080789,0.8428925669192869,1.030507673025285,0.35682576376368424,-0.09664522696903793
TBL@NYR,Alexis Lafrenière,f1,SOG,under,1.5,draftkings,125,2.1383071244112117,0.38695315869542346,0.4444444444444444,-0.10849406852179844,243,-0.24411165417404646,2.1183913621176194,2.3656430889183797,0.335950375922646,-0.05749128574902096
SEA@CGY,Jordan Eberle,f2,PTS,over,0.5,draftkings,-130,0.5896879389786103,0.4454997043332543,0.5652173913043478,-0.10929902633686078,197,-0.1933752004421383,0.7436119744858549,0.6086559789867281,0.455918364967487,-0.11971768697109347
SEA@CGY,Adam Larsson,d1,SOG,over,1.5,draftkings,-125,1.3874255953177328,0.3984827027997774,0.5555555555555556,-0.10945926609830348,242,-0.19702667897694626,1.7632348313648551,1.5349309430260691,0.4460962894572521,-0.1570728527557782
TBL@NYR,Pavel Dorofeyev,f2,PTS,under,0.5,draftkings,-125,0.7835853131795746,0.4567654249566292,0.5555555555555556,-0.11015901953622265,210,-0.19828623516520072,0.6641596436866928,0.8087903014245569,0.44539653601933293,-0.09879013059892638
FLA@SJS,Seth Jones,d2,SOG,under,1.5,draftkings,-110,1.835578107103769,0.4649219528403139,0.5238095238095238,-0.11048965106904507,179,-0.2109347884045406,1.7333595041821845,2.0307291752748484,0.41331987274047877,-0.058887570969209935
MIN@NSH,Maxim Shabanov,f2,SOG,over,1.5,draftkings,-150,1.513640958211068,0.43937560740291887,0.6,-0.11117274939858746,44,-0.18528791566431246,1.9181990362086143,1.6745650009849598,0.4888272506014125,-0.1606243925970811
CHI@UTA,MacKenzie Weegar,d1,SOG,over,1.5,draftkings,-175,1.6269814179578481,0.47453319590410825,0.6363636363636364,-0.1112333164738003,239,-0.1747952116016862,2.039102657422228,1.7999553493749885,0.525130319889836,-0.1618304404595281
EDM@VAN,Leon Draisaitl,f1,A,over,0.5,fanduel,-235,0.8540998340927825,0.5743338111332886,0.7014925373134329,-0.11129775884999094,218,-0.15865850729679554,0.9264147492236348,0.8920733015880437,0.5901947784634419,-0.12715872618014423
BUF@CBJ,Kent Johnson,f1,A,over,0.5,draftkings,170,0.2867814257078488,0.24932421066399968,0.37037037037037035,-0.11153552979256559,182,-0.3011459304399271,0.4261829806119048,0.29953179131227375,0.25883484057780476,-0.12104615970637067
BUF@CBJ,Josh Doan,f1,A,over,0.5,fanduel,176,0.27621758021006065,0.24135215395539553,0.36231884057971014,-0.1117069384897979,140,-0.3083111502318422,0.39959998865576585,0.28849827490761637,0.25061190208991224,-0.12096668662431462
FLA@SJS,Tyler Toffoli,f2,SOG,under,1.5,fanduel,106,1.9845773642150453,0.42508208936432357,0.4854368932038835,-0.11192600187456969,233,-0.2305675638616136,1.851601329048233,2.195569416798301,0.3735108913293138,-0.060354803839559934
CHI@UTA,Anders Lee,f2,SOG,under,1.5,draftkings,120,2.1123431390539618,0.3931830728026259,0.45454545454545453,-0.11249508290231053,241,-0.24748918238508322,2.0007305394612445,2.3369187200847548,0.342050371643144,-0.06136238174282865
CHI@UTA,Dylan Guenther,f2,G,under,0.5,fanduel,-220,0.555508893882918,0.5737801936563556,0.6875,-0.11266036429823512,190,-0.16386962079743295,0.4443271412001745,0.5536641715147846,0.5748396357017649,-0.11371980634364443
BUF@CBJ,Josh Doan,f1,PTS,over,0.5,draftkings,-115,0.5310051981574712,0.41198639768215894,0.5348837209302325,-0.11293908147051085,140,-0.21114697840138985,0.6931471805599455,0.5480856354148708,0.42194463945972166,-0.12289732324807356
FLA@SJS,Carter Verhaeghe,f2,PTS,under,0.5,draftkings,-135,0.7495931799738332,0.472558760008593,0.574468085106383,-0.11316719982586287,232,-0.19699475525242793,0.6261364702769852,0.7737047693208754,0.46130088528052016,-0.10190932509779005
PHI@NJD,Anthony Mantha,f1,SOG,under,1.5,draftkings,-115,1.8057763246899745,0.47323303289841034,0.5348837209302325,-0.11318887379597731,168,-0.21161398144465327,1.712430511754708,1.9977589906835893,0.4216948471342552,-0.061650688031822165
SEA@CGY,Matvei Gridin,f1,SOG,over,2.5,fanduel,104,1.9981989785319036,0.32258143394694166,0.49019607843137253,-0.11372890229438681,37,-0.23200696068054916,2.6309751032807354,2.210639224778977,0.3764671761369857,-0.16761464448443086
MIN@NSH,Roman Josi,d1,SOG,over,2.5,fanduel,-140,2.3448314030495276,0.4097689398870986,0.5833333333333334,-0.11392673694605526,203,-0.19530297762180904,2.894705968897174,2.5941241742017267,0.4694065963872781,-0.17356439344623475
PHI@NJD,Trevor Zegras,f1,A,over,0.5,fanduel,126,0.3794928977360999,0.315791715175568,0.4424778761061947,-0.11523881072807035,167,-0.26043971224543894,0.4567272784507173,0.3963652358886663,0.32723906537812436,-0.12668616093062673
EDM@VAN,Isaac Howard,f4,SOG,over,1.5,draftkings,-145,1.475483922782416,0.4271995265926823,0.5918367346938775,-0.1156764110606775,30,-0.19545324627493788,1.9055394884277386,1.632351267454862,0.47616032363320004,-0.16463720810119525
CHI@UTA,Logan Cooley,f2,PTS,under,0.5,draftkings,100,0.9272719973033238,0.3956315234275166,0.5,-0.11599466950675164,207,-0.23198933901350327,0.7649729151312009,0.9570988449979224,0.38400533049324836,-0.10436847657248338
BUF@CBJ,Josh Doan,f1,SOG,over,2.5,draftkings,130,1.7908020572154768,0.26941005268224627,0.43478260869565216,-0.11655424045906149,140,-0.2680747530558414,2.363294408662375,1.981192721059241,0.3182283682365907,-0.1653725560134059
PHI@NJD,Travis Konecny,f2,SOG,under,1.5,fanduel,104,1.9851476066581821,0.4249350954405553,0.49019607843137253,-0.11683101694899217,233,-0.23833527457594406,1.8498560416280811,2.196200285058157,0.37336506148238036,-0.06526098299081723
BUF@CBJ,Tage Thompson,f1,A,over,0.5,fanduel,108,0.43296239638892314,0.3514151195199819,0.4807692307692308,-0.11698850753414741,224,-0.24333609567102665,0.568259068548668,0.45221200027557973,0.36378072323508337,-0.1293541112492489
FLA@SJS,Seth Jones,d2,SOG,under,1.5,fanduel,-113,1.835578107103769,0.4649219528403139,0.5305164319248826,-0.11719655918440386,179,-0.22091032837414182,1.7333595041821845,2.0307291752748484,0.41331987274047877,-0.06559447908456872
CHI@UTA,Vincent Trocheck,f1,A,under,0.5,draftkings,-210,0.5549463267367857,0.5741030743549294,0.6774193548387096,-0.11730782975263787,227,-0.17316870106341786,0.4567272784507173,0.5796193631416432,0.5601115250860718,-0.10331628048378028
FLA@SJS,Anton Lundell,f3,PTS,under,0.5,draftkings,-175,0.6354634298363621,0.5296899572985293,0.6363636363636364,-0.11739088271310538,219,-0.1844713871205942,0.520714455895238,0.6559038949774832,0.518972753650531,-0.10667367906510705
SEA@CGY,Yegor Sharangovich,f3,PTS,over,0.5,draftkings,125,0.38230379136419307,0.31771225140760834,0.4444444444444444,-0.11839329223814088,230,-0.266384907535817,0.5340824859302583,0.3946010644310485,0.32605115220630354,-0.12673219303683608
CHI@UTA,Barrett Hayton,f3,SOG,under,1.5,draftkings,-150,1.6063647749836543,0.5317467707341348,0.6,-0.11867558334144779,178,-0.19779263890241294,1.5423649318239825,1.7771468302376692,0.4813244166585522,-0.06825322926586519
MIN@NSH,Maxim Shabanov,f2,PTS,over,0.5,draftkings,-110,0.5023762952655055,0.3949089251057135,0.5238095238095238,-0.11920117746524422,44,-0.2275658842518299,0.6641596436866928,0.5185358485441962,0.4046083463442796,-0.12890059870381032
SEA@CGY,Brandon Montour,d2,A,over,0.5,fanduel,168,0.27947852719680305,0.24382203509853792,0.373134328358209,-0.11997440495897976,208,-0.32153140529006574,0.4074068562910736,0.29190420431849934,0.2531599233992292,-0.12931229325967106
PHI@NJD,Dougie Hamilton,d2,SOG,over,2.5,fanduel,114,1.892239209496556,0.29541896383560007,0.4672897196261682,-0.12042258797612482,161,-0.25770433826890715,2.4729337169356462,2.0934142515932943,0.3468671316500434,-0.17187075579056815
FLA@SJS,Anton Lundell,f3,SOG,under,1.5,fanduel,104,2.000080838296577,0.42110051275597327,0.49019607843137253,-0.12063246156872526,219,-0.24609022160019955,1.8429642558531822,2.2127211560861264,0.36956361686264727,-0.06909556567539926
MIN@NSH,Maxim Shabanov,f2,PTS,over,0.5,fanduel,-111,0.5023762952655055,0.3949089251057135,0.5260663507109005,-0.12145800436662085,44,-0.23087962992213518,0.6641596436866928,0.5185358485441962,0.4046083463442796,-0.13115742560518695
CHI@UTA,Vincent Trocheck,f1,SOG,under,1.5,fanduel,112,2.0787006420104355,0.4013815781174517,0.4716981132075472,-0.1215979364922487,227,-0.25778762536356725,1.8498822369404062,2.299699491978367,0.3501001767152985,-0.0703165350900955
FLA@SJS,Mason Marchment,f1,PTS,under,0.5,draftkings,-130,0.7875799095060405,0.45494447087766066,0.5652173913043478,-0.12165348351136085,209,-0.21523308621240766,0.6337237600891448,0.8129133888696777,0.44356390779298693,-0.11027292042668713
CHI@UTA,John Marino,d2,A,under,0.5,draftkings,-310,0.43567048735127767,0.6468308297632986,0.7560975609756098,-0.12167528356470281,190,-0.16092537503718762,0.34142274178106913,0.45504049356097465,0.634422277410907,-0.10926673121231112
CHI@UTA,Vincent Trocheck,f1,PTS,under,0.5,draftkings,-120,0.8327331779125409,0.4348591132616506,0.5454545454545454,-0.12208890194384192,227,-0.2238296535637102,0.6931471805599455,0.8595190678564508,0.4233656435107035,-0.1105954321928948
SEA@CGY,Brandon Montour,d2,SOG,over,2.5,fanduel,-132,2.25733123224522,0.38813422758824695,0.5689655172413793,-0.12232990020919093,208,-0.2150040670343356,2.962497696638235,2.4973213473396196,0.4466356170321884,-0.1808312896531324
CHI@UTA,Frank Nazar,f3,SOG,under,1.5,draftkings,100,1.9686364858379926,0.4292081078915252,0.5,-0.12239257472085163,119,-0.24478514944170326,1.8587538131559047,2.177933770200366,0.37760742527914837,-0.07079189210847481
EDM@VAN,Vasily Podkolzin,f1,PTS,over,0.5,draftkings,-160,0.657967609551447,0.48209715361334077,0.6153846153846154,-0.12244156786327237,180,-0.19896754777781755,0.8560506514967985,0.6791319493947113,0.49294304752134305,-0.13328746177127465
SEA@CGY,Matt Coronato,f1,A,over,0.5,draftkings,125,0.3708377303355829,0.30984407615696297,0.4444444444444444,-0.12331469559164465,188,-0.2774580650812005,0.5296941080703739,0.3873252578315606,0.32112974885279977,-0.13460036828748145
SEA@CGY,Jared McCann,f1,PTS,over,0.5,fanduel,-160,0.6562395903611465,0.4812014338685077,0.6153846153846154,-0.12334676320956456,211,-0.2004384902155424,0.7944689391622576,0.6773483463354358,0.49203785217505086,-0.1341831815161077
BUF@CBJ,Josh Doan,f1,PTS,over,0.5,fanduel,-120,0.5310051981574712,0.41198639768215894,0.5454545454545454,-0.12350990599482375,140,-0.22643482765717693,0.6931471805599455,0.5480856354148708,0.42194463945972166,-0.13346814777238647
MIN@NSH,Blake Coleman,f1,SOG,under,2.5,fanduel,-192,2.333240542612951,0.593078419162459,0.6575342465753424,-0.12395483927574835,226,-0.18851465139853396,2.319743056291925,2.581301021450012,0.5335794072995941,-0.06445582741288347
EDM@VAN,Jake DeBrusk,f1,SOG,over,2.5,draftkings,-125,2.1967213022762637,0.3729746512396167,0.5555555555555556,-0.12498958830713242,240,-0.22498125895283838,2.8848316047913203,2.4302676204385465,0.43056596724842316,-0.18258090431593887
CHI@UTA,Tyler Bertuzzi,f1,SOG,under,1.5,fanduel,106,2.0374852350545587,0.41162084375215935,0.4854368932038835,-0.1252479950159644,238,-0.25801086973288667,1.916483897734161,2.254102233516734,0.3601888981879191,-0.07381604945172415
SEA@CGY,Matt Coronato,f1,A,over,0.5,fanduel,124,0.3708377303355829,0.30984407615696297,0.44642857142857145,-0.12529882257577168,188,-0.2806693625697285,0.5296941080703739,0.3873252578315606,0.32112974885279977,-0.13658449527160849
PHI@NJD,Trevor Zegras,f1,SOG,under,1.5,fanduel,-110,1.893516215907534,0.44909098269925474,0.5238095238095238,-0.12637568414091094,167,-0.24126266972355725,1.743953057960241,2.0948270240412494,0.3974338396686129,-0.0747185411102691
PHI@NJD,Trevor Zegras,f1,SOG,under,1.5,draftkings,-110,1.893516215907534,0.44909098269925474,0.5238095238095238,-0.12637568414091094,167,-0.24126266972355725,1.743953057960241,2.0948270240412494,0.3974338396686129,-0.0747185411102691
FLA@SJS,Tyler Toffoli,f2,SOG,under,1.5,draftkings,100,1.9845773642150453,0.42508208936432357,0.5,-0.1264891086706862,233,-0.2529782173413724,1.851601329048233,2.195569416798301,0.3735108913293138,-0.07491791063567643
BUF@CBJ,Kent Johnson,f1,PTS,over,0.5,fanduel,-104,0.4683002985544448,0.37393451113561305,0.5098039215686274,-0.12650937422138925,182,-0.24815300328041734,0.6641596436866928,0.4833637553620911,0.38329454734723817,-0.13586941043301437
PHI@NJD,Travis Konecny,f2,SOG,under,1.5,draftkings,100,1.9851476066581821,0.4249350954405553,0.5,-0.12663493851761964,233,-0.2532698770352393,1.8498560416280811,2.196200285058157,0.37336506148238036,-0.0750649045594447
EDM@VAN,Colton Dach,f2,SOG,over,1.5,draftkings,105,1.1532579474344056,0.31849187188686257,0.4878048780487805,-0.12684002390939308,87,-0.26002204901425585,1.5532006419767814,1.2758675598761864,0.3609648541393874,-0.1693130061619179
MIN@NSH,Kirill Kaprizov,f2,A,over,0.5,fanduel,-118,0.5122548713560973,0.40085693602131695,0.5412844036697247,-0.12693621992083676,191,-0.2345092876503594,0.645107203972583,0.5350298362141479,0.414348183748888,-0.1404274676484078
SEA@CGY,Brandon Montour,d2,PTS,over,0.5,draftkings,110,0.4154123746803419,0.33993197076852444,0.47619047619047616,-0.1274971763152976,208,-0.267744070262125,0.5842530923208828,0.4287746261729738,0.34869329987517855,-0.13625850542195173
FLA@SJS,Mason Marchment,f1,SOG,under,1.5,draftkings,105,2.039634649010378,0.4110815233203622,0.4878048780487805,-0.12814833819118054,209,-0.2627040932919201,1.8514622830608118,2.2564801642694126,0.35965653985759993,-0.07672335472841829
PHI@NJD,Arseny Gritsyuk,f3,SOG,under,1.5,draftkings,100,1.992958375119617,0.42292587113886093,0.5,-0.1286274655398032,66,-0.2572549310796064,1.8195138911295754,2.204841462099094,0.3713725344601968,-0.07707412886113907
FLA@SJS,Tyler Toffoli,f2,A,under,0.5,draftkings,-425,0.3685562541766139,0.6917322956728611,0.8095238095238095,-0.1290339419895521,233,-0.1593948695165055,0.27827971977339067,0.3849423467380492,0.6804898675342574,-0.11779151385094844
MIN@NSH,Matt Boldy,f1,SOG,over,3.5,draftkings,-110,2.8984494187835854,0.33127419446745987,0.5238095238095238,-0.1292109718509516,230,-0.246675491715453,3.526970687591097,3.206600566330196,0.39459855195857224,-0.19253532934206397
FLA@SJS,Alexander Wennberg,f3,PTS,under,0.5,draftkings,-150,0.7299679779975747,0.48192442202813135,0.6,-0.12925950296640432,233,-0.21543250494400723,0.5842530923208828,0.7534482985130078,0.47074049703359566,-0.11807557797186863
PHI@NJD,Dougie Hamilton,d2,SOG,over,2.5,draftkings,110,1.892239209496556,0.29541896383560007,0.47619047619047616,-0.12932334454043276,161,-0.2715790235349088,2.4729337169356462,2.0934142515932943,0.3468671316500434,-0.1807715123548761
BUF@CBJ,Charlie Coyle,f3,PTS,under,0.5,draftkings,-140,0.7664702148707189,0.46465029277980685,0.5833333333333334,-0.1299986789597719,243,-0.22285487821675187,0.6077183327815403,0.7911246748650682,0.45333465437356146,-0.11868304055352652
FLA@SJS,Anton Lundell,f3,SOG,under,1.5,draftkings,100,2.000080838296577,0.42110051275597327,0.5,-0.13043638313735273,219,-0.26087276627470546,1.8429642558531822,2.2127211560861264,0.36956361686264727,-0.07889948724402673
PHI@NJD,Porter Martone,f1,SOG,over,2.5,draftkings,115,1.8486097748771706,0.2842246899900018,0.46511627906976744,-0.13053946053683818,10,-0.2806598401542021,2.4298434254190306,2.045146316036944,0.33457681853292925,-0.18089158907976566
BUF@CBJ,Josh Doan,f1,SOG,over,2.5,fanduel,122,1.7908020572154768,0.26941005268224627,0.45045045045045046,-0.13222208221385978,140,-0.29353302251476876,2.363294408662375,1.981192721059241,0.3182283682365907,-0.1810403977682042
SEA@CGY,Matt Coronato,f1,PTS,over,0.5,draftkings,-150,0.6097072157153932,0.45649002303900005,0.6,-0.13295451271517106,188,-0.22159085452528515,0.8153648132841949,0.629319200455931,0.4670454872848289,-0.14350997696099993
FLA@SJS,Sam Bennett,f2,SOG,under,2.5,fanduel,-144,2.6437450242271376,0.5191294405208273,0.5901639344262295,-0.13306394932599663,221,-0.22546946969127213,2.4955311360854417,2.924817054588162,0.45709998510023286,-0.07103449390540217
MIN@NSH,Jonathan Marchessault,f3,A,under,0.5,draftkings,-360,0.4143713483071942,0.660755535251837,0.782608695652174,-0.13391483966957873,218,-0.1711134062444617,0.31121256986197504,0.43279439008500287,0.6486938559825952,-0.121853160400337
FLA@SJS,Sam Bennett,f2,SOG,under,2.5,draftkings,-145,2.6437450242271376,0.5191294405208273,0.5918367346938775,-0.13473674959364468,221,-0.22765864586512374,2.4955311360854417,2.924817054588162,0.45709998510023286,-0.07270729417305022
MIN@NSH,Ryan O'Reilly,f1,SOG,under,1.5,fanduel,110,2.1241463305912687,0.3903404762969721,0.47619047619047616,-0.13692524329139977,238,-0.28754301091193957,1.9658912490287155,2.349976778101139,0.3392652328990764,-0.08584999989350406
FLA@SJS,Tyler Toffoli,f2,PTS,under,0.5,draftkings,-200,0.6160914841826397,0.5400511162494079,0.6666666666666666,-0.13721257913197227,233,-0.2058188686979584,0.4700036292453683,0.6359088267941881,0.5294540875346944,-0.1266155504172587
CHI@UTA,Dylan Guenther,f2,A,under,0.5,draftkings,-220,0.5724951847159299,0.5641161072707468,0.6875,-0.13756129214391422,190,-0.20008915220932977,0.4443271412001745,0.5979484472272094,0.5499387078560858,-0.12338389272925321
EDM@VAN,Kasperi Kapanen,f2,PTS,over,0.5,draftkings,-105,0.4540873742187047,0.36497275418758124,0.5121951219512195,-0.13801439248579644,178,-0.26945667104369786,0.645107203972583,0.4686936547817433,0.3741807294654231,-0.14722236776363828
FLA@SJS,Mason Marchment,f1,SOG,under,1.5,fanduel,100,2.039634649010378,0.4110815233203622,0.5,-0.14034346014240007,209,-0.28068692028480013,1.8514622830608118,2.2564801642694126,0.35965653985759993,-0.08891847667963781
BUF@CBJ,Kent Johnson,f1,PTS,over,0.5,draftkings,-110,0.4683002985544448,0.37393451113561305,0.5238095238095238,-0.14051497646228567,182,-0.2682558641552726,0.6641596436866928,0.4833637553620911,0.38329454734723817,-0.1498750126739108
SEA@CGY,Brandon Montour,d2,PTS,over,0.5,fanduel,104,0.4154123746803419,0.33993197076852444,0.49019607843137253,-0.14150277855619398,208,-0.2886656682546357,0.5842530923208828,0.4287746261729738,0.34869329987517855,-0.1502641076628481
MIN@NSH,Jonathan Marchessault,f3,PTS,under,0.5,draftkings,-185,0.6572545266939823,0.5182722857330274,0.6491228070175439,-0.14169251308022113,218,-0.21828306069115144,0.504132776257893,0.6783959293474631,0.5074302939373228,-0.13085052128451646
CHI@UTA,Nick Schmaltz,f1,G,under,0.5,fanduel,-310,0.4902028167572638,0.6125021558849637,0.7560975609756098,-0.14259752822642113,239,-0.18859673088010542,0.34593196030966256,0.4885749614502618,0.6135000327491886,-0.14359540509064606
CHI@UTA,Nick Schmaltz,f1,SOG,under,2.5,draftkings,-160,2.5806051907863012,0.533741710071203,0.6153846153846154,-0.14334907534388797,239,-0.23294224743381797,2.3795429899007274,2.8549644553475826,0.47203554004072745,-0.08164290531341245
EDM@VAN,Evan Bouchard,d1,A,over,0.5,fanduel,-295,0.883943142741968,0.5868494161802245,0.7468354430379747,-0.14406400134323882,242,-0.1928992560358621,1.0584214080848637,0.9232434503391765,0.6027714416947358,-0.1599860268577502
SEA@CGY,Vince Dunn,d1,A,over,0.5,draftkings,115,0.36807936926847384,0.3079377489657466,0.46511627906976744,-0.14594517440184063,199,-0.3137821249639573,0.568259068548668,0.38444425942143723,0.3191711046679268,-0.15717853010402083
MIN@NSH,Jonathan Marchessault,f3,SOG,under,1.5,fanduel,122,2.2941722075431628,0.3513097634055007,0.45045045045045046,-0.14911260307749724,218,-0.3310299788320439,1.9789672299752739,2.538079102672165,0.3013378473729532,-0.09914068704494977
BUF@CBJ,Rasmus Dahlin,d1,SOG,over,2.5,draftkings,-130,2.1377425354378183,0.35810649471985456,0.5652173913043478,-0.15050369850364348,227,-0.26627577427567695,2.8629514886515257,2.365018475181775,0.4147136928007043,-0.20711089658449322
PHI@NJD,Brett Pesce,d1,SOG,over,1.5,draftkings,100,1.1229482608774737,0.30783100132328584,0.5,-0.15053465321753878,175,-0.30106930643507757,1.596879568299651,1.2423354728751521,0.3494653467824612,-0.19216899867671416
EDM@VAN,Elias Pettersson,f1,SOG,over,2.5,draftkings,120,1.7363411197002827,0.25549359847168396,0.45454545454545453,-0.15176193550117006,221,-0.33387625810257415,2.2283278549797423,1.9209417220432277,0.30278351904428447,-0.19905185607377057
EDM@VAN,Jake DeBrusk,f1,SOG,over,2.5,fanduel,-140,2.1967213022762637,0.3729746512396167,0.5833333333333334,-0.1527673660849102,240,-0.2618869132884175,2.8848316047913203,2.4302676204385465,0.43056596724842316,-0.21035868209371666
SEA@CGY,Vince Dunn,d1,PTS,over,0.5,draftkings,-120,0.4814890095088563,0.38213729692093756,0.5454545454545454,-0.1538217055919881,199,-0.2820064602519782,0.7029801014761843,0.4969766974742096,0.3916328398625573,-0.16331724853360785
SEA@CGY,Matt Coronato,f1,PTS,over,0.5,fanduel,-164,0.6097072157153932,0.45649002303900005,0.6212121212121212,-0.1541666339272923,188,-0.24817067900490952,0.8153648132841949,0.629319200455931,0.4670454872848289,-0.16472209817312117
BUF@CBJ,Rasmus Dahlin,d1,SOG,over,2.5,fanduel,-132,2.1377425354378183,0.35810649471985456,0.5689655172413793,-0.15425182444067503,227,-0.27110926719876216,2.8629514886515257,2.365018475181775,0.4147136928007043,-0.21085902252152477
CHI@UTA,Nick Schmaltz,f1,SOG,under,2.5,fanduel,-168,2.5806051907863012,0.533741710071203,0.6268656716417911,-0.15483013160106363,239,-0.2469909242207443,2.3795429899007274,2.8549644553475826,0.47203554004072745,-0.09312396157058811
CHI@UTA,Dylan Guenther,f2,PTS,under,0.5,draftkings,120,1.1690249795690082,0.3106697029497518,0.45454545454545453,-0.15534098963661908,190,-0.341750177200562,0.8560506514967985,1.206628110169511,0.29920446490883545,-0.1438757515957027
BUF@CBJ,Charlie Coyle,f3,SOG,under,1.5,draftkings,-120,1.9267763709533217,0.4401981593566292,0.5454545454545454,-0.1569057116652952,243,-0.2876604713863746,1.6957745597662717,2.1316232611309456,0.3885488337892502,-0.10525638609791621
PHI@NJD,Anthony Mantha,f1,PTS,under,0.5,draftkings,-145,0.807426090456037,0.4460045655050596,0.5918367346938775,-0.15726660613848453,168,-0.26572633450985317,0.5903376866938638,0.8333979467125777,0.434570128555393,-0.14583216918881792
EDM@VAN,Zeev Buium,d1,SOG,over,1.5,fanduel,-118,1.2141528898098857,0.3397292493758138,0.5412844036697247,-0.15751912614035335,77,-0.2910099110050596,1.4177675648502577,1.3432366005233778,0.3837652775293714,-0.20155515429391097
SEA@CGY,Matvei Gridin,f1,SOG,over,2.5,draftkings,-115,1.9981989785319036,0.32258143394694166,0.5348837209302325,-0.1584165447932468,37,-0.2961700620047658,2.6309751032807354,2.210639224778977,0.3764671761369857,-0.21230228698329084
FLA@SJS,Igor Chernyshov,f2,PTS,under,0.5,draftkings,-175,0.7174572464112129,0.4879915219119215,0.6363636363636364,-0.15950497709646605,28,-0.25065067829444665,0.520714455895238,0.7405351438116811,0.4768586592671703,-0.14837211445171483
SEA@CGY,Brandon Montour,d2,SOG,over,2.5,draftkings,-155,2.25733123224522,0.38813422758824695,0.6078431372549019,-0.1612075202227135,208,-0.2652123719793029,2.962497696638235,2.4973213473396196,0.4466356170321884,-0.21970890966665496
CHI@UTA,Vincent Trocheck,f1,SOG,under,1.5,draftkings,-105,2.0787006420104355,0.4013815781174517,0.5121951219512195,-0.16209494523592105,227,-0.31647108355584586,1.8498822369404062,2.299699491978367,0.3501001767152985,-0.11081354383376785
EDM@VAN,Vasily Podkolzin,f1,A,over,0.5,fanduel,114,0.3467623408360043,0.29302667301640145,0.4672897196261682,-0.1634471360550938,180,-0.3497768711579008,0.4776275543566874,0.3621794711909158,0.3038425835710744,-0.17426304660976677
MIN@NSH,Jonathan Marchessault,f3,SOG,under,1.5,draftkings,115,2.2941722075431628,0.3513097634055007,0.46511627906976744,-0.16377843169681422,218,-0.35212362814815057,1.9789672299752739,2.538079102672165,0.3013378473729532,-0.11380651566426675
FLA@SJS,Carter Verhaeghe,f2,SOG,under,2.5,draftkings,-180,2.567051264421147,0.5369087030652697,0.6428571428571429,-0.16757303590774175,232,-0.26066916696759823,2.2689190666700876,2.839969531621523,0.47528410694940115,-0.10594843979187318
EDM@VAN,Mattias Ekholm,d1,SOG,over,1.5,draftkings,-165,1.388374650513181,0.39879661463869004,0.6226415094339622,-0.17621514938319927,226,-0.28301220961544127,1.9966673331296392,1.5359808978424208,0.44642636005076297,-0.2238448947952722
FLA@SJS,Carter Verhaeghe,f2,SOG,under,2.5,fanduel,-196,2.567051264421147,0.5369087030652697,0.6621621621621622,-0.18687805521276102,232,-0.28222400174988393,2.2689190666700876,2.839969531621523,0.47528410694940115,-0.12525345909689245
