game,player,team,role,pp,market,side,line,book,odds,alt,model_mean,mkt_mean,model_p,mkt_p,toi,hist_min,note,mkt_src,cal,implied,blend_p,edge,ev,gap,fair_blend,ceiling,decision,run_ts_utc,snapshot
MIN@NSH,Bobby Brink,MIN,f3,PP2,G,over,1.5,fanduel,5000,False,0.2143389021928362,0.35073295513899416,0.019937650012665033,0.048851978505129484,15.153740735033805,1558.0683333333334,,sgo_fair@1.5,1.0754488373749054,0.0196078431372549,0.037286247108143704,0.017678403970888802,0.9015986025153289,-0.02891432849246445,2582.0,8039.0,lean,2026-10-01T00:09:59+00:00,sgo_slate_alt_20261001T000957Z.json
EDM@VAN,Max Sasson,VAN,f3,-,G,over,1.5,fanduel,8000,False,0.1507428115142477,0.26922763110116493,0.010281930409309272,0.030349013657055866,13.045361538626693,924.8866666666667,,sgo_fair@1.5,1.0754488373749054,0.012345679012345678,0.022322180357957227,0.009976501345611549,0.8080966089945354,-0.020067083247746594,4380.0,,pass,2026-10-01T00:09:59+00:00,sgo_slate_alt_20261001T000957Z.json
MIN@NSH,Roman Josi,NSH,d1,PP1,G,over,1.5,fanduel,5000,False,0.2096358393564667,0.33274291906799136,0.019131116442942128,0.04448398576512454,24.30784753675279,2288.6891666666666,,sgo_fair@1.5,1.0754488373749054,0.0196078431372549,0.03434283803625157,0.01473499489899667,0.7514847398488302,-0.02535286932218241,2812.0,10603.0,lean,2026-10-01T00:09:59+00:00,sgo_slate_alt_20261001T000957Z.json
EDM@VAN,Trent Frederic,EDM,f4,PP2,G,over,1.5,fanduel,10000,False,0.13859710401074163,0.23164745413521964,0.008761601433947715,0.02302555836979046,11.08124020392019,1184.3825,,sgo_fair@1.5,1.0754488373749054,0.009900990099009901,0.01731997559545336,0.0074189854964434605,0.7493175351407895,-0.014263956935842745,5674.0,,pass,2026-10-01T00:09:59+00:00,sgo_slate_alt_20261001T000957Z.json
MIN@NSH,Yakov Trenin,MIN,f3,-,G,over,1.5,fanduel,10000,False,0.13664419664020389,0.23164745413521964,0.00852739629115177,0.02302555836979046,12.4874484175463,1517.1625,,sgo_fair@1.5,1.0754488373749054,0.009900990099009901,0.017226293538334984,0.007325303439325083,0.7398556473718334,-0.01449816207863869,5705.0,,pass,2026-10-01T00:09:59+00:00,sgo_slate_alt_20261001T000957Z.json
EDM@VAN,Filip Hronek,VAN,d1,PP1,G,over,1.5,fanduel,6500,False,0.10493280740593063,0.312876655811305,0.005135052371553559,0.03984063745019606,25.164197974708635,2731.4975,,sgo_fair@1.5,1.0754488373749054,0.015151515151515152,0.02595840341873906,0.010806888267223907,0.7132546256367778,-0.0347055850786425,3752.0,104240.0,lean,2026-10-01T00:09:59+00:00,sgo_slate_alt_20261001T000957Z.json
EDM@VAN,Drew O'Connor,VAN,f3,-,G,over,1.5,fanduel,5000,False,0.22861326976113522,0.312876655811305,0.022470842921907493,0.03984063745019606,15.16351411572506,1760.6491666666668,,sgo_fair@1.5,1.0754488373749054,0.0196078431372549,0.03289271963888063,0.013284876501625728,0.6775287015829121,-0.017369794528288567,2940.0,12570.0,lean,2026-10-01T00:09:59+00:00,sgo_slate_alt_20261001T000957Z.json
EDM@VAN,Max Jones,EDM,f3,-,G,over,1.5,fanduel,10000,False,0.13128440114125964,0.21783637953717372,0.007899410093913824,0.02054653790836243,10.569903017241153,297.32166666666666,,sgo_fair@1.5,1.0754488373749054,0.009900990099009901,0.015487686782582987,0.005586696683573086,0.5642563650408816,-0.012647127814448607,6357.0,,pass,2026-10-01T00:09:59+00:00,sgo_slate_alt_20261001T000957Z.json
EDM@VAN,Evan Bouchard,EDM,d1,PP1,G,over,1.5,fanduel,4000,False,0.19763427528953764,0.3567747778729942,0.017137554107597437,0.0503524672708963,24.08588546330676,2914.8791666666666,,sgo_fair@1.5,1.0754488373749054,0.024390243902439025,0.037066502005576756,0.01267625810313773,0.519726582228647,-0.033214913163298866,2598.0,8187.0,lean,2026-10-01T00:09:59+00:00,sgo_slate_alt_20261001T000957Z.json
EDM@VAN,Linus Karlsson,VAN,f3,PP2,G,over,1.5,fanduel,3500,False,0.258414080751134,0.3567747778729942,0.02815778567846924,0.0503524672708963,14.189738798523065,1115.3933333333334,,sgo_fair@1.5,1.0754488373749054,0.027777777777777776,0.04147459463392548,0.013696816856147702,0.4930854068213173,-0.022194681592427063,2311.0,5970.0,lean,2026-10-01T00:09:59+00:00,sgo_slate_alt_20261001T000957Z.json
MIN@NSH,Mavrik Bourque,NSH,f3,PP2,G,over,1.5,fanduel,4000,False,0.23185521019161626,0.33274291906799136,0.023063746430255293,0.04448398576512454,15.718415233919028,1686.57,,sgo_fair@1.5,1.0754488373749054,0.024390243902439025,0.03591589003117684,0.011525646128737813,0.47255149127825025,-0.021420239334869244,2684.0,9061.0,lean,2026-10-01T00:09:59+00:00,sgo_slate_alt_20261001T000957Z.json
EDM@VAN,Paul Cotter,VAN,f4,-,G,over,1.5,fanduel,10000,False,0.13565705270598616,0.20621205635796858,0.008410103745224452,0.01855287569573284,10.66671105759213,1320.3325,,sgo_fair@1.5,1.0754488373749054,0.009900990099009901,0.014495766915529484,0.004594776816519583,0.4640724584684779,-0.010142771950508387,6799.0,,pass,2026-10-01T00:09:59+00:00,sgo_slate_alt_20261001T000957Z.json
EDM@VAN,Mathieu Joseph,EDM,f3,-,G,over,1.5,fanduel,10000,False,0.10598335071709303,0.21783637953717372,0.00523475201328057,0.02054653790836243,11.140735465971089,947.8191666666667,,sgo_fair@1.5,1.0754488373749054,0.009900990099009901,0.014421823550329685,0.004520833451319784,0.45660417858329816,-0.01531178589508186,6834.0,,pass,2026-10-01T00:09:59+00:00,sgo_slate_alt_20261001T000957Z.json
MIN@NSH,Alexander Kerfoot,NSH,not in DF lineup,-,G,over,1.5,fanduel,5500,False,0.18744721961694882,0.28176260297786865,0.015519718760085682,0.03297065611605602,16.71329495812499,990.7233333333334,,sgo_fair@1.5,1.0754488373749054,0.017857142857142856,0.025990281173667883,0.008133138316525027,0.4554557457254014,-0.017450937355970336,3748.0,100881.0,pass,2026-10-01T00:09:59+00:00,sgo_slate_alt_20261001T000957Z.json
MIN@NSH,Ross Colton,NSH,f3,PP2,G,over,1.5,fanduel,4500,False,0.19882328858591755,0.312876655811305,0.017330868204492766,0.03984063745019606,11.137098847679272,1309.65,,sgo_fair@1.5,1.0754488373749054,0.021739130434782608,0.03083672975191474,0.009097599317132131,0.41848956858807806,-0.022509769245703293,3143.0,17033.0,pass,2026-10-01T00:09:59+00:00,sgo_slate_alt_20261001T000957Z.json
EDM@VAN,Colton Dach,EDM,f3,-,G,over,1.5,fanduel,8000,False,0.1266219269516974,0.23164745413521964,0.007370917278085823,0.02302555836979046,11.269994630819475,851.4066666666666,,sgo_fair@1.5,1.0754488373749054,0.012345679012345678,0.016763701933108607,0.004418022920762928,0.3578598565817972,-0.015654641091704637,5865.0,,pass,2026-10-01T00:09:59+00:00,sgo_slate_alt_20261001T000957Z.json
EDM@VAN,Jake Walman,EDM,d2,PP2,G,over,1.5,fanduel,8000,False,0.10376298449147776,0.23958840742850626,0.005025079477219232,0.024503798088703743,18.25966211760122,1676.26,,sgo_fair@1.5,1.0754488373749054,0.012345679012345678,0.01671231064410994,0.004366631631764262,0.35369716217290526,-0.01947871861148451,5884.0,,pass,2026-10-01T00:09:59+00:00,sgo_slate_alt_20261001T000957Z.json
MIN@NSH,Nils Hoglander,NSH,f2,-,G,over,1.5,fanduel,6500,False,0.13467100922787476,0.25819249642480563,0.008293676140023437,0.028113578858588607,13.302614816623779,830.8333333333334,,sgo_fair@1.5,1.0754488373749054,0.015151515151515152,0.02018561777116254,0.005034102619647388,0.33225077289672766,-0.01981990271856517,4854.0,,pass,2026-10-01T00:09:59+00:00,sgo_slate_alt_20261001T000957Z.json
CHI@UTA,Dylan Guenther,UTA,f2,PP1,PTS,over,2.5,fanduel,1100,True,1.145640749579653,1.146193220620832,0.10894363260179692,0.10905895679038813,18.667151628483552,1909.7266666666667,,sgo_fair@1.0,1.088912284783392,0.08333333333333333,0.10901282711495164,0.02567949378161831,0.30815392537941966,-0.00011532418859121207,817.0,1090.0,lean,2026-10-01T00:09:59+00:00,sgo_slate_alt_20261001T000957Z.json
CHI@UTA,Dylan Guenther,UTA,f2,PP1,PTS,over,1.5,fanduel,310,True,1.145640749579653,1.146193220620832,0.3176431544640855,0.31784443289946357,18.667151628483552,1909.7266666666667,,sgo_fair@1.0,1.088912284783392,0.24390243902439024,0.3177639215253123,0.07386148250092206,0.30283207825378033,-0.00020127843537809387,215.0,242.0,BET,2026-10-01T00:09:59+00:00,sgo_slate_alt_20261001T000957Z.json
CHI@UTA,Clayton Keller,UTA,f1,PP1,PTS,over,2.5,fanduel,900,True,1.3504784803989895,1.146193220620832,0.15466574569563601,0.10905895679038813,20.237852932226836,2261.8883333333333,,sgo_fair@1.0,1.088912284783392,0.1,0.1273016723524873,0.02730167235248729,0.27301672352487305,0.045606788905247886,686.0,878.0,lean,2026-10-01T00:09:59+00:00,sgo_slate_alt_20261001T000957Z.json
TBL@NYR,Jansen Harkins,TBL,f2,-,G,over,1.5,fanduel,7500,False,0.09681493125544434,0.23958840742850626,0.004394783163822713,0.024503798088703743,10.305248377561535,726.8583333333333,,sgo_fair@1.5,1.0754488373749054,0.013157894736842105,0.01646019211875133,0.0033022973819092256,0.25097460102510105,-0.020109014924881027,5975.0,,pass,2026-10-01T00:09:59+00:00,sgo_slate_alt_20261001T000957Z.json
CHI@UTA,Clayton Keller,UTA,f1,PP1,PTS,over,1.5,fanduel,255,True,1.3504784803989895,1.146193220620832,0.3909528329601092,0.31784443289946357,20.237852932226836,2261.8883333333333,,sgo_fair@1.0,1.088912284783392,0.28169014084507044,0.3470877929237218,0.06539765207865139,0.23216166487921241,0.07310840006064562,188.0,210.0,BET,2026-10-01T00:09:59+00:00,sgo_slate_alt_20261001T000957Z.json
FLA@SJS,Brady Tkachuk,FLA,f1,PP1,SOG,over,5.5,fanduel,600,True,4.161611620695293,3.210426051568009,0.2513583700428484,0.1200598159105649,18.336324644557457,1625.061666666667,,"fanduel@3.5,sgo_fair@3.0",1.0339203361349867,0.14285714285714285,0.17257923756347832,0.029722094706335467,0.20805466294434827,0.13129855413228347,479.0,578.0,data-check,2026-10-01T00:09:59+00:00,sgo_slate_alt_20261001T000957Z.json
EDM@VAN,Zeev Buium,VAN,d1,PP1,G,over,1.5,fanduel,7000,False,0.08092040099766584,0.24838253354240947,0.0031026763718736403,0.02618486514794445,21.700184785009142,1510.5833333333333,,sgo_fair@1.5,1.0754488373749054,0.014084507042253521,0.016951989637516124,0.0028674825952626024,0.20359126426364482,-0.02308218877607081,5799.0,,pass,2026-10-01T00:09:59+00:00,sgo_slate_alt_20261001T000957Z.json
MIN@NSH,Jared Spurgeon,MIN,d1,PP2,G,over,1.5,fanduel,10000,False,0.0763811572351035,0.20126340619392497,0.002772671898727472,0.01773049645390071,20.831361751758838,2155.145,,sgo_fair@1.5,1.0754488373749054,0.009900990099009901,0.011747366631831414,0.0018463765328215129,0.1864840298149728,-0.014957824555173239,8413.0,,pass,2026-10-01T00:09:59+00:00,sgo_slate_alt_20261001T000957Z.json
EDM@VAN,Jake DeBrusk,VAN,f1,PP1,G,over,2.5,fanduel,20000,True,0.4102421079080179,0.3164955397004365,0.008486854855625798,0.004175345057789679,17.062746647599628,1995.9550000000002,,"fanduel@0.5,sgo_fair@0.5",1.0754488373749054,0.004975124378109453,0.005899948976924127,0.0009248245988146744,0.18588974436174954,0.004311509797836119,16849.0,,pass,2026-10-01T00:09:59+00:00,sgo_slate_alt_20261001T000957Z.json
CHI@UTA,Mikhail Sergachev,UTA,d1,PP1,SOG,over,2.5,fanduel,225,True,2.278508782488616,2.0719698795520674,0.39453382883306765,0.3417739906204887,25.18845048145616,2765.366666666667,,"fanduel@1.5,sgo_fair@2.0",1.0339203361349867,0.3076923076923077,0.36287792590552026,0.05518561821321255,0.17935325919294076,0.05275983821257896,176.0,196.0,BET,2026-10-01T00:09:59+00:00,sgo_slate_alt_20261001T000957Z.json
PHI@NJD,Jesper Bratt,NJD,f1,PP1,PTS,over,1.5,fanduel,300,True,0.9884033542661168,1.146193220620832,0.2599750462820383,0.31784443289946357,18.40471199059038,2229.26,,sgo_fair@1.0,1.088912284783392,0.25,0.29469667825249346,0.04469667825249346,0.17878671300997384,-0.057869386617425245,239.0,271.0,BET,2026-10-01T00:09:59+00:00,sgo_slate_alt_20261001T000957Z.json
EDM@VAN,Elias Pettersson,VAN,f1,PP1,SOG,under,1.5,fanduel,134,False,1.2346806210620158,2.059136057093141,0.6524534660626304,0.4025683612496246,15.731030584118317,3186.044166666667,,"fanduel@1.5,sgo_fair@1.5",1.0339203361349867,0.42735042735042733,0.502522403174827,0.07517197582439966,0.17590242342909512,0.24988510481300585,-101.0,109.0,data-check,2026-10-01T00:09:59+00:00,sgo_slate_alt_20261001T000957Z.json
EDM@VAN,Ryan Shea,EDM,d3,PP2,G,over,1.5,fanduel,10000,False,0.04865035438648547,0.20621205635796858,0.0011457369387969745,0.01855287569573284,18.076339032424507,1827.1425000000002,,sgo_fair@1.5,1.0754488373749054,0.009900990099009901,0.011590020192958492,0.0016890300939485913,0.17059203948880763,-0.017407138756935864,8528.0,,pass,2026-10-01T00:09:59+00:00,sgo_slate_alt_20261001T000957Z.json
FLA@SJS,Brady Tkachuk,FLA,f1,PP1,SOG,over,4.5,fanduel,290,True,4.161611620695293,3.210426051568009,0.39965085053398763,0.23014248775686966,18.336324644557457,1625.061666666667,,"fanduel@3.5,sgo_fair@3.0",1.0339203361349867,0.2564102564102564,0.29794583286771686,0.04153557645746048,0.1619887481840958,0.16950836277711798,236.0,266.0,data-check,2026-10-01T00:09:59+00:00,sgo_slate_alt_20261001T000957Z.json
SEA@CGY,Joel Farabee,CGY,f2,PP1,SOG,over,2.5,fanduel,240,True,2.065954191956899,2.0719698795520674,0.34022095503905814,0.3417739906204887,16.937812126139406,1930.8091666666667,,"fanduel@1.5,sgo_fair@2.0",1.0339203361349867,0.29411764705882354,0.34115277638791647,0.04703512932909293,0.15991943971891587,-0.0015530355814305508,193.0,216.0,BET,2026-10-01T00:09:59+00:00,sgo_slate_alt_20261001T000957Z.json
SEA@CGY,Morgan Frost,CGY,f1,PP1,SOG,over,2.5,fanduel,235,True,2.1228785573333115,2.056520518714166,0.3548872156136871,0.3377842024153833,17.094019848734597,1845.4491666666668,,"fanduel@1.5,sgo_fair@2.0",1.0339203361349867,0.29850746268656714,0.34462540769470484,0.046117945008137706,0.15449511577726116,0.017103013198303763,190.0,213.0,BET,2026-10-01T00:09:59+00:00,sgo_slate_alt_20261001T000957Z.json
EDM@VAN,Jake DeBrusk,VAN,f1,PP1,G,over,1.5,fanduel,2200,True,0.4102421079080179,0.3164955397004365,0.06431903552021884,0.04067198859881785,17.062746647599628,1995.9550000000002,,"fanduel@0.5,sgo_fair@0.5",1.0754488373749054,0.043478260869565216,0.050130807367378245,0.006652546497813029,0.15300856944969965,0.023647046921400988,1895.0,3879.0,pass,2026-10-01T00:09:59+00:00,sgo_slate_alt_20261001T000957Z.json
PHI@NJD,Jesper Bratt,NJD,f1,PP1,PTS,over,2.5,fanduel,1060,True,0.9884033542661168,1.146193220620832,0.0781807292738808,0.10905895679038813,18.40471199059038,2229.26,,sgo_fair@1.0,1.088912284783392,0.08620689655172414,0.0967076657837852,0.010500769232061058,0.12180892309190838,-0.03087822751650733,934.0,1295.0,lean,2026-10-01T00:09:59+00:00,sgo_slate_alt_20261001T000957Z.json
CHI@UTA,Tyler Bertuzzi,CHI,f1,PP1,SOG,over,2.5,fanduel,240,True,1.971405294310862,2.056520518714166,0.31574112313693103,0.3377842024153833,17.963110816503743,2048.971666666667,,"fanduel@1.5,sgo_fair@2.0",1.0339203361349867,0.29411764705882354,0.3289669707040024,0.03484932364517884,0.11848770039360801,-0.022043079278452282,204.0,229.0,BET,2026-10-01T00:09:59+00:00,sgo_slate_alt_20261001T000957Z.json
CHI@UTA,Nick Schmaltz,UTA,f1,PP1,PTS,over,1.5,fanduel,340,True,1.1052769474729542,0.8754687373539001,0.30290245100450025,0.21855469276920841,20.83611851350571,2303.2216666666664,,sgo_fair@0.5,1.088912284783392,0.22727272727272727,0.25229379606332514,0.025021068790597872,0.1100927026786307,0.08434775823529184,296.0,340.0,BET,2026-10-01T00:09:59+00:00,sgo_slate_alt_20261001T000957Z.json
CHI@UTA,Logan Cooley,UTA,f2,PP1,PTS,over,1.5,fanduel,390,True,1.0579909253353157,0.7884573603642702,0.28556317028144595,0.18706483619805905,19.23056871640399,1538.5200000000002,,sgo_fair@0.5,1.088912284783392,0.20408163265306123,0.22646416983141382,0.02238253717835259,0.1096744321739278,0.0984983340833869,342.0,396.0,lean,2026-10-01T00:09:59+00:00,sgo_slate_alt_20261001T000957Z.json
FLA@SJS,Brady Tkachuk,FLA,f1,PP1,SOG,over,3.5,fanduel,136,False,4.161611620695293,3.210426051568009,0.5789160531008047,0.39642569286642176,18.336324644557457,1625.061666666667,,"fanduel@3.5,sgo_fair@3.0",1.0339203361349867,0.423728813559322,0.4694218369601749,0.045693023400852906,0.10783553522601297,0.18249036023438298,113.0,125.0,data-check,2026-10-01T00:09:59+00:00,sgo_slate_alt_20261001T000957Z.json
PHI@NJD,Trevor Zegras,PHI,f1,PP1,SOG,over,2.5,fanduel,235,True,1.9559859291172108,2.0776260929604278,0.31174005295843304,0.34323360184834395,18.20542805617276,1953.2883333333334,,"fanduel@1.5,sgo_fair@2.0",1.0339203361349867,0.29850746268656714,0.33063618229237957,0.03212871960581243,0.10763121067947168,-0.031493548889910905,202.0,227.0,BET,2026-10-01T00:09:59+00:00,sgo_slate_alt_20261001T000957Z.json
FLA@SJS,Seth Jones,FLA,d2,PP1,SOG,over,2.5,fanduel,235,True,1.9874931640173112,2.056520518714166,0.31991381132755836,0.3377842024153833,23.942526863278125,1959.8708333333334,,"fanduel@1.5,sgo_fair@2.0",1.0339203361349867,0.29850746268656714,0.3306360459802533,0.032128583293686175,0.10763075403384859,-0.017870391087824955,202.0,227.0,BET,2026-10-01T00:09:59+00:00,sgo_slate_alt_20261001T000957Z.json
CHI@UTA,Nick Schmaltz,UTA,f1,PP1,SOG,over,3.5,fanduel,305,True,2.9878343027800813,2.362818149464866,0.3499108042105982,0.2198316989035035,20.83611851350571,2303.2216666666664,,"fanduel@2.5,sgo_fair@2.5",1.0339203361349867,0.24691358024691357,0.27186334102634135,0.024949760779427788,0.10104653115668238,0.13007910530709474,268.0,305.0,data-check,2026-10-01T00:09:59+00:00,sgo_slate_alt_20261001T000957Z.json
PHI@NJD,Nico Hischier,NJD,f2,PP1,PTS,over,1.5,fanduel,300,True,0.8510568686352166,1.146193220620832,0.20966637482439227,0.31784443289946357,19.034673215391617,2386.8616666666667,,sgo_fair@1.0,1.088912284783392,0.25,0.27457320966943505,0.024573209669435048,0.09829283867774019,-0.1081780580750713,264.0,301.0,lean,2026-10-01T00:09:59+00:00,sgo_slate_alt_20261001T000957Z.json
CHI@UTA,Dylan Guenther,UTA,f2,PP1,PTS,over,0.5,fanduel,-164,False,1.145640749579653,1.146193220620832,0.6819799187400811,0.6821555671007066,18.667151628483552,1909.7266666666667,,sgo_fair@1.0,1.088912284783392,0.6212121212121212,0.6820853077564564,0.060873186544335156,0.09799098321771038,-0.00017564836062544664,-215.0,-192.0,BET,2026-10-01T00:09:59+00:00,sgo_slate_alt_20261001T000957Z.json
CHI@UTA,Clayton Keller,UTA,f1,PP1,SOG,over,4.5,fanduel,390,True,3.2604012510125333,3.114668750989253,0.2387469833281871,0.21387127138454842,20.237852932226836,2261.8883333333333,,"fanduel@2.5,sgo_fair@3.0",1.0339203361349867,0.20408163265306123,0.2238215561620039,0.01973992350894266,0.09672562519381911,0.02487571194363869,347.0,403.0,lean,2026-10-01T00:09:59+00:00,sgo_slate_alt_20261001T000957Z.json
CHI@UTA,Anders Lee,UTA,f2,PP2,SOG,over,3.5,fanduel,375,True,2.7454447177484838,2.1827925754033437,0.2988677398754222,0.18441725665172634,16.123686897909316,1911.8274999999999,,"fanduel@1.5,fanduel@2.5,sgo_fair@2.5",1.0339203361349867,0.21052631578947367,0.23019744994120467,0.019671134151730996,0.09343788722072222,0.11445048322369586,334.0,387.0,lean,2026-10-01T00:09:59+00:00,sgo_slate_alt_20261001T000957Z.json
MIN@NSH,Ryan O'Reilly,NSH,f1,PP1,SOG,over,2.5,fanduel,205,True,2.1916647378788703,2.0886814525819055,0.37250372700319584,0.34608467413290606,20.11476088894485,2327.0208333333335,,"fanduel@1.5,sgo_fair@2.0",1.0339203361349867,0.32786885245901637,0.35665229528102194,0.028783442822005567,0.08778950060711677,0.026419052870289783,180.0,202.0,BET,2026-10-01T00:09:59+00:00,sgo_slate_alt_20261001T000957Z.json
CHI@UTA,Dylan Guenther,UTA,f2,PP1,SOG,over,5.5,fanduel,700,True,3.6044769999295903,3.1471695845829313,0.17027562198662657,0.112713122360323,18.667151628483552,1909.7266666666667,,"fanduel@2.5,sgo_fair@2.5",1.0339203361349867,0.125,0.13573812221084444,0.010738122210844442,0.08590497768675553,0.05756249962630357,637.0,803.0,lean,2026-10-01T00:09:59+00:00,sgo_slate_alt_20261001T000957Z.json
CHI@UTA,Mikhail Sergachev,UTA,d1,PP1,SOG,over,1.5,fanduel,-135,False,2.278508782488616,2.0719698795520674,0.6495513498941541,0.6006491870434205,25.18845048145616,2765.366666666667,,"fanduel@1.5,sgo_fair@2.0",1.0339203361349867,0.574468085106383,0.620210052183714,0.045741967077330914,0.07962490565313174,0.048902162850733566,-163.0,-147.0,BET,2026-10-01T00:09:59+00:00,sgo_slate_alt_20261001T000957Z.json
CHI@UTA,Anders Lee,UTA,f2,PP2,SOG,over,2.5,fanduel,154,False,2.7454447177484838,2.1827925754033437,0.5069453811738702,0.3702390465075012,16.123686897909316,1911.8274999999999,,"fanduel@1.5,fanduel@2.5,sgo_fair@2.5",1.0339203361349867,0.3937007874015748,0.4249215803740488,0.031220792972473987,0.07930081415008394,0.136706334666369,135.0,150.0,data-check,2026-10-01T00:09:59+00:00,sgo_slate_alt_20261001T000957Z.json
CHI@UTA,Nick Schmaltz,UTA,f1,PP1,SOG,over,4.5,fanduel,680,True,2.9878343027800813,2.362818149464866,0.19282604883398094,0.10116542753846551,20.83611851350571,2303.2216666666664,,"fanduel@2.5,sgo_fair@2.5",1.0339203361349867,0.1282051282051282,0.13782967605667168,0.009624547851543486,0.075071473242039,0.09166062129551543,626.0,786.0,pass,2026-10-01T00:09:59+00:00,sgo_slate_alt_20261001T000957Z.json
SEA@CGY,Morgan Frost,CGY,f1,PP1,SOG,over,1.5,fanduel,-128,False,2.1228785573333115,2.056520518714166,0.6132042645858685,0.5967733006289864,17.094019848734597,1845.4491666666668,,"fanduel@1.5,sgo_fair@2.0",1.0339203361349867,0.5614035087719298,0.6033456862117392,0.041942177439809436,0.07470950356466055,0.01643096395688215,-152.0,-137.0,BET,2026-10-01T00:09:59+00:00,sgo_slate_alt_20261001T000957Z.json
FLA@SJS,Carter Verhaeghe,FLA,f2,PP2,SOG,over,3.5,fanduel,360,True,2.756198950935808,2.196560209029023,0.3011287705984904,0.18706666660547702,18.096277014470513,2026.48,,"fanduel@2.5,sgo_fair@2.0",1.0339203361349867,0.21739130434782608,0.23269150820268236,0.015300203854856281,0.07038093773233878,0.11406210399301339,330.0,381.0,lean,2026-10-01T00:09:59+00:00,sgo_slate_alt_20261001T000957Z.json
CHI@UTA,Clayton Keller,UTA,f1,PP1,PTS,over,0.5,fanduel,-194,False,1.3504784803989895,1.146193220620832,0.7408837510665038,0.6821555671007066,20.237852932226836,2261.8883333333333,,sgo_fair@1.0,1.088912284783392,0.6598639455782312,0.7056468406870254,0.045782895108794186,0.06938232557724477,0.058728183965797265,-240.0,-213.0,BET,2026-10-01T00:09:59+00:00,sgo_slate_alt_20261001T000957Z.json
CHI@UTA,Clayton Keller,UTA,f1,PP1,SOG,over,3.5,fanduel,175,True,3.2604012510125333,3.114668750989253,0.4067534884736024,0.3765025400214981,20.237852932226836,2261.8883333333333,,"fanduel@2.5,sgo_fair@3.0",1.0339203361349867,0.36363636363636365,0.3886029194023398,0.024966555765976173,0.06865802835643442,0.030250948452104298,157.0,175.0,lean,2026-10-01T00:09:59+00:00,sgo_slate_alt_20261001T000957Z.json
CHI@UTA,Nick Schmaltz,UTA,f1,PP1,SOG,over,2.5,fanduel,125,False,2.9878343027800813,2.362818149464866,0.5601085208696399,0.41564607253992986,20.83611851350571,2303.2216666666664,,"fanduel@2.5,sgo_fair@2.5",1.0339203361349867,0.4444444444444444,0.4734310518718139,0.02898660742736947,0.06521986671158131,0.14446244832971006,111.0,123.0,data-check,2026-10-01T00:09:59+00:00,sgo_slate_alt_20261001T000957Z.json
EDM@VAN,Zach Hyman,EDM,f1,PP1,G,over,1.5,fanduel,1200,True,0.5495656689573178,0.416826761395336,0.1055899954431831,0.06611975420590946,18.54167821769699,1799.874166666667,,"fanduel@0.5,sgo_fair@0.5",1.0754488373749054,0.07692307692307693,0.08190785070081891,0.00498477377774198,0.06480205911064574,0.039470241237273634,1121.0,1657.0,pass,2026-10-01T00:09:59+00:00,sgo_slate_alt_20261001T000957Z.json
BUF@CBJ,Kent Johnson,CBJ,f1,PP1,SOG,under,1.5,fanduel,146,False,1.67650112369811,2.1475474210873546,0.5082930835735509,0.380830936483352,13.607374230517582,1535.4758333333334,,"fanduel@1.5,sgo_fair@1.5",1.0339203361349867,0.4065040650406504,0.4318157953194315,0.025311730278781086,0.062266856485801325,0.12746214709019887,132.0,146.0,data-check,2026-10-01T00:09:59+00:00,sgo_slate_alt_20261001T000957Z.json
FLA@SJS,Carter Verhaeghe,FLA,f2,PP2,SOG,over,2.5,fanduel,148,False,2.756198950935808,2.196560209029023,0.5093868648693515,0.37375229728151854,18.096277014470513,2026.48,,"fanduel@2.5,sgo_fair@2.0",1.0339203361349867,0.4032258064516129,0.42800612431665175,0.02478031786503887,0.06145518830529628,0.13563456758783293,134.0,148.0,data-check,2026-10-01T00:09:59+00:00,sgo_slate_alt_20261001T000957Z.json
PHI@NJD,Jesper Bratt,NJD,f1,PP1,PTS,over,0.5,fanduel,-166,False,0.9884033542661168,1.146193220620832,0.6278295587611844,0.6821555671007066,18.40471199059038,2229.26,,sgo_fair@1.0,1.088912284783392,0.6240601503759399,0.6604251637648977,0.03636501338895781,0.05827164796061912,-0.05432600833952217,-194.0,-174.0,BET,2026-10-01T00:09:59+00:00,sgo_slate_alt_20261001T000957Z.json
BUF@CBJ,Zach Benson,BUF,f2,PP1,SOG,over,3.5,fanduel,490,True,2.106962366844294,2.187282496495688,0.17002705244230684,0.1852800985363717,17.654666812253005,1532.8558333333335,,sgo_fair@2.0,1.0339203361349867,0.1694915254237288,0.17917888009874577,0.009687354675016968,0.05715539258260005,-0.01525304609406486,458.0,549.0,pass,2026-10-01T00:09:59+00:00,sgo_slate_alt_20261001T000957Z.json
CHI@UTA,Dylan Guenther,UTA,f2,PP1,SOG,over,4.5,fanduel,320,True,3.6044769999295903,3.1471695845829313,0.29950028899831455,0.21935995627607635,18.667151628483552,1909.7266666666667,,"fanduel@2.5,sgo_fair@2.5",1.0339203361349867,0.23809523809523808,0.2514160893649716,0.013320851269733536,0.05594757533288086,0.0801403327222382,298.0,342.0,lean,2026-10-01T00:09:59+00:00,sgo_slate_alt_20261001T000957Z.json
FLA@SJS,Anton Lundell,FLA,f3,PP2,SOG,over,2.5,fanduel,270,True,2.089000549422603,1.6963633578438795,0.34616692946768324,0.24457001318354,17.03977502922192,1838.8941666666665,,"fanduel@1.5,sgo_fair@1.5",1.0339203361349867,0.2702702702702703,0.28520877969719727,0.014938509426926982,0.05527248487962999,0.10159691628414325,251.0,284.0,lean,2026-10-01T00:09:59+00:00,sgo_slate_alt_20261001T000957Z.json
TBL@NYR,Brandon Hagel,TBL,f2,PP1,SOG,over,4.5,fanduel,365,True,3.2625361680446177,3.1422770479028137,0.23911613586962444,0.21853140192022366,21.22918902363336,2168.3941666666665,,"fanduel@2.5,sgo_fair@3.0",1.0339203361349867,0.21505376344086022,0.22676529549998398,0.011711532059123758,0.05445862407492563,0.020584733949400774,341.0,396.0,lean,2026-10-01T00:09:59+00:00,sgo_slate_alt_20261001T000957Z.json
FLA@SJS,Mason Marchment,SJS,f1,PP2,SOG,over,2.5,fanduel,220,True,1.9423803052302877,2.0776260929604278,0.30820854468757614,0.34323360184834395,17.422308663932426,1609.2633333333333,,"fanduel@1.5,sgo_fair@2.0",1.0339203361349867,0.3125,0.3292235789840368,0.016723578984036813,0.05351545274891789,-0.035025057160767814,204.0,229.0,lean,2026-10-01T00:09:59+00:00,sgo_slate_alt_20261001T000957Z.json
FLA@SJS,Seth Jones,FLA,d2,PP1,SOG,over,1.5,fanduel,-128,False,1.9874931640173112,2.056520518714166,0.5790796076040439,0.5967733006289864,23.942526863278125,1959.8708333333334,,"fanduel@1.5,sgo_fair@2.0",1.0339203361349867,0.5614035087719298,0.5896958234190093,0.028292314647079486,0.050395685465110196,-0.017693693024942503,-144.0,-130.0,BET,2026-10-01T00:09:59+00:00,sgo_slate_alt_20261001T000957Z.json
PHI@NJD,Dawson Mercer,NJD,f3,-,G,over,1.5,fanduel,5500,False,0.2542206888266472,0.17077156106330021,0.027325975697304643,0.013023032510217842,17.297371106424876,2154.5191666666665,,sgo_fair@0.5,1.0754488373749054,0.017857142857142856,0.018744209785052562,0.0008870669279097063,0.049675747962943495,0.014302943187086801,5235.0,,pass,2026-10-01T00:09:59+00:00,sgo_slate_alt_20261001T000957Z.json
CHI@UTA,Tyler Bertuzzi,CHI,f1,PP1,SOG,over,1.5,fanduel,-128,False,1.971405294310862,2.056520518714166,0.5748671526351403,0.5967733006289864,17.963110816503743,2048.971666666667,,"fanduel@1.5,sgo_fair@2.0",1.0339203361349867,0.5614035087719298,0.588010841431448,0.0266073326595182,0.04739431129976679,-0.021906147993846048,-143.0,-129.0,lean,2026-10-01T00:09:59+00:00,sgo_slate_alt_20261001T000957Z.json
SEA@CGY,Joel Farabee,CGY,f2,PP1,SOG,over,1.5,fanduel,-135,False,2.065954191956899,2.0719698795520674,0.5991436414730327,0.6006491870434205,16.937812126139406,1930.8091666666667,,"fanduel@1.5,sgo_fair@2.0",1.0339203361349867,0.574468085106383,0.6000469688152654,0.025578883708882394,0.04452620497472126,-0.001505545570387845,-150.0,-135.0,lean,2026-10-01T00:09:59+00:00,sgo_slate_alt_20261001T000957Z.json
FLA@SJS,Aleksander Barkov,FLA,f1,PP1,SOG,over,3.5,fanduel,450,True,2.4539919916634667,2.0366138447825475,0.23830572607284886,0.15700964573511633,20.354723500204337,631.3108333333333,,"fanduel@1.5,sgo_fair@1.5",1.0339203361349867,0.18181818181818182,0.18952807787020934,0.007709896052027515,0.04240442828615132,0.08129608033773253,428.0,508.0,pass,2026-10-01T00:09:59+00:00,sgo_slate_alt_20261001T000957Z.json
FLA@SJS,Aleksander Barkov,FLA,f1,PP1,SOG,over,2.5,fanduel,178,True,2.4539919916634667,2.0366138447825475,0.43811962925888376,0.33263734205424017,20.354723500204337,631.3108333333333,,"fanduel@1.5,sgo_fair@1.5",1.0339203361349867,0.3597122302158273,0.3748302569360976,0.015118026720270294,0.042028114282351536,0.10548228720464359,167.0,186.0,lean,2026-10-01T00:09:59+00:00,sgo_slate_alt_20261001T000957Z.json
MIN@NSH,Ryan O'Reilly,NSH,f1,PP1,SOG,over,1.5,fanduel,-144,False,2.1916647378788703,2.0886814525819055,0.6296440855649992,0.6048071929839661,20.11476088894485,2327.0208333333335,,"fanduel@1.5,sgo_fair@2.0",1.0339203361349867,0.5901639344262295,0.6147419500163793,0.024578015590149827,0.04164608197219821,0.024836892581033054,-160.0,-144.0,lean,2026-10-01T00:09:59+00:00,sgo_slate_alt_20261001T000957Z.json
EDM@VAN,Jake DeBrusk,VAN,f1,PP1,G,over,0.5,fanduel,250,False,0.4102421079080179,0.3164955397004365,0.33651040538862537,0.2713017382349251,17.062746647599628,1995.9550000000002,,"fanduel@0.5,sgo_fair@0.5",1.0754488373749054,0.2857142857142857,0.2973852050964052,0.011670919382119505,0.04084821783741832,0.06520866715370027,236.0,267.0,lean,2026-10-01T00:09:59+00:00,sgo_slate_alt_20261001T000957Z.json
TBL@NYR,Brandon Hagel,TBL,f2,PP1,SOG,over,3.5,fanduel,165,True,3.2625361680446177,3.1422770479028137,0.4071934811826706,0.3822628644328248,21.22918902363336,2168.3941666666665,,"fanduel@2.5,sgo_fair@3.0",1.0339203361349867,0.37735849056603776,0.3922351111327631,0.01487662056672534,0.03942304450182221,0.024930616749845813,155.0,172.0,lean,2026-10-01T00:09:59+00:00,sgo_slate_alt_20261001T000957Z.json
BUF@CBJ,Valeri Nichushkin,CBJ,f2,PP2,SOG,over,2.5,fanduel,225,True,2.09744734701025,1.9136645409718416,0.3483435318582153,0.3007531789491984,15.486949849826448,1658.1675,,sgo_fair@1.5,1.0339203361349867,0.3076923076923077,0.31978932011280514,0.012097012420497433,0.03931529036661674,0.04759035290901692,213.0,239.0,lean,2026-10-01T00:09:59+00:00,sgo_slate_alt_20261001T000957Z.json
BUF@CBJ,Zach Benson,BUF,f2,PP1,SOG,over,2.5,fanduel,185,True,2.106962366844294,2.187282496495688,0.3507935550432621,0.3713854283412125,17.654666812253005,1532.8558333333335,,sgo_fair@2.0,1.0339203361349867,0.3508771929824561,0.36314867902203235,0.01227148603957623,0.03497373521279212,-0.020591873297950425,175.0,196.0,lean,2026-10-01T00:09:59+00:00,sgo_slate_alt_20261001T000957Z.json
CHI@UTA,Logan Cooley,UTA,f2,PP1,PTS,over,0.5,fanduel,-132,False,1.0579909253353157,0.7884573603642702,0.6528474343966564,0.5454545454545455,19.23056871640399,1538.5200000000002,,sgo_fair@0.5,1.088912284783392,0.5689655172413793,0.5884117010313898,0.019446183790010507,0.034178141206685275,0.10739288894211085,-143.0,-129.0,lean,2026-10-01T00:09:59+00:00,sgo_slate_alt_20261001T000957Z.json
PHI@NJD,Nico Hischier,NJD,f2,PP1,PTS,over,0.5,fanduel,-162,False,0.8510568686352166,1.146193220620832,0.5730365508660357,0.6821555671007066,19.034673215391617,2386.8616666666667,,sgo_fair@1.0,1.088912284783392,0.6183206106870229,0.6385079606068382,0.0201873499198153,0.032648677030812534,-0.10911901623467091,-177.0,-159.0,lean,2026-10-01T00:09:59+00:00,sgo_slate_alt_20261001T000957Z.json
CHI@UTA,Logan Cooley,UTA,f2,PP1,SOG,over,2.5,fanduel,165,True,2.489569692600529,2.1061559911134107,0.44677779951694635,0.3505859990980707,19.23056871640399,1538.5200000000002,,"fanduel@1.5,sgo_fair@1.5",1.0339203361349867,0.37735849056603776,0.38906271926562097,0.011704228699583208,0.031016206053895434,0.09619180041887565,157.0,175.0,lean,2026-10-01T00:09:59+00:00,sgo_slate_alt_20261001T000957Z.json
CHI@UTA,Logan Cooley,UTA,f2,PP1,SOG,over,3.5,fanduel,415,True,2.489569692600529,2.1061559911134107,0.24559194915094276,0.16987595727377786,19.23056871640399,1538.5200000000002,,"fanduel@1.5,sgo_fair@1.5",1.0339203361349867,0.1941747572815534,0.20016235402464383,0.005987596743090434,0.030836123226915868,0.0757159918771649,400.0,471.0,pass,2026-10-01T00:09:59+00:00,sgo_slate_alt_20261001T000957Z.json
CHI@UTA,Clayton Keller,UTA,f1,PP1,A,over,0.5,fanduel,108,False,0.8052583772065751,0.6099482367049713,0.553027575847964,0.45662100456621,20.237852932226836,2261.8883333333333,,sgo_fair@0.5,0.9471386184492271,0.4807692307692308,0.49518363307891167,0.014414402309680885,0.0299819568041364,0.096406571281754,102.0,113.0,lean,2026-10-01T00:09:59+00:00,sgo_slate_alt_20261001T000957Z.json
CHI@UTA,Nick Schmaltz,UTA,f1,PP1,G,over,0.5,fanduel,230,False,0.43375754861998245,0.335171369854125,0.3519306382496308,0.28478449052765736,20.83611851350571,2303.2216666666664,,"fanduel@0.5,sgo_fair@0.5",1.0754488373749054,0.30303030303030304,0.31164294961644673,0.00861264658614369,0.028421733734274257,0.06714614772197341,221.0,249.0,pass,2026-10-01T00:09:59+00:00,sgo_slate_alt_20261001T000957Z.json
EDM@VAN,Zach Hyman,EDM,f1,PP1,G,over,0.5,fanduel,175,False,0.5495656689573178,0.416826761395336,0.42279954798001324,0.340864902301552,18.54167821769699,1799.874166666667,,"fanduel@0.5,sgo_fair@0.5",1.0754488373749054,0.36363636363636365,0.3736387605729365,0.010002396936572844,0.027506591575575445,0.08193464567846126,168.0,187.0,lean,2026-10-01T00:09:59+00:00,sgo_slate_alt_20261001T000957Z.json
CHI@UTA,Tyler Bertuzzi,CHI,f1,PP1,G,over,0.5,fanduel,270,False,0.3818172168653176,0.28880630061132745,0.3173801868077163,0.25084269733886433,17.963110816503743,2048.971666666667,,"fanduel@0.5,sgo_fair@0.5",1.0754488373749054,0.2702702702702703,0.2774576931264051,0.0071874228561348286,0.026593464567699066,0.06653748946885196,260.0,296.0,pass,2026-10-01T00:09:59+00:00,sgo_slate_alt_20261001T000957Z.json
SEA@CGY,Matvei Gridin,CGY,f1,PP1,SOG,over,3.5,fanduel,460,True,2.3062947292521727,2.0854745994937516,0.2085446640329347,0.16601533597664814,17.12642833728254,561.0833333333334,,"fanduel@1.5,sgo_fair@1.5",1.0339203361349867,0.17857142857142858,0.18302706719916276,0.004455638627734182,0.02495157631531142,0.042529328056286564,446.0,533.0,pass,2026-10-01T00:09:59+00:00,sgo_slate_alt_20261001T000957Z.json
CHI@UTA,Clayton Keller,UTA,f1,PP1,SOG,over,2.5,fanduel,-140,False,3.2604012510125333,3.114668750989253,0.6149990853257722,0.5863105914558306,20.237852932226836,2261.8883333333333,,"fanduel@2.5,sgo_fair@3.0",1.0339203361349867,0.5833333333333334,0.5977859890038073,0.014452655670473935,0.024775981149383952,0.028688493869941545,-149.0,-134.0,lean,2026-10-01T00:09:59+00:00,sgo_slate_alt_20261001T000957Z.json
CHI@UTA,Bowen Byram,CHI,d1,PP1,SOG,under,1.5,fanduel,-120,False,1.3166224634587984,1.6634352464632995,0.6241969062294914,0.5122351694236474,22.651848045054024,2694.625,,"fanduel@1.5,sgo_fair@1.5",1.0339203361349867,0.5454545454545454,0.557019864145985,0.011565318691439619,0.021203084267639394,0.11196173680584398,-126.0,-114.0,lean,2026-10-01T00:09:59+00:00,sgo_slate_alt_20261001T000957Z.json
TBL@NYR,Jake Guentzel,TBL,f2,PP1,G,over,0.5,fanduel,210,False,0.4674539477999684,0.3556132234767708,0.3734044158451291,0.2992564009993414,19.785716260203337,2359.6541666666667,,"fanduel@0.5,sgo_fair@0.5",1.0754488373749054,0.3225806451612903,0.32891560693765654,0.006334961776366221,0.01963838150673536,0.0741480148457877,204.0,229.0,pass,2026-10-01T00:09:59+00:00,sgo_slate_alt_20261001T000957Z.json
FLA@SJS,Anton Lundell,FLA,f3,PP2,SOG,over,1.5,fanduel,-113,False,2.089000549422603,1.6963633578438795,0.6048862387578933,0.4976584553323988,17.03977502922192,1838.8941666666665,,"fanduel@1.5,sgo_fair@1.5",1.0339203361349867,0.5305164319248826,0.5405495687025965,0.010033136777713891,0.01891201888188543,0.1072277834254945,-118.0,-106.0,pass,2026-10-01T00:09:59+00:00,sgo_slate_alt_20261001T000957Z.json
CHI@UTA,Nick Schmaltz,UTA,f1,PP1,PTS,over,0.5,fanduel,-154,False,1.1052769474729542,0.8754687373539001,0.668880833074122,0.5833333333333334,20.83611851350571,2303.2216666666664,,sgo_fair@0.5,1.088912284783392,0.6062992125984252,0.6175523332296489,0.011253120631223634,0.01856034182032995,0.08554749974078868,-161.0,-145.0,pass,2026-10-01T00:09:59+00:00,sgo_slate_alt_20261001T000957Z.json
CHI@UTA,Dylan Guenther,UTA,f2,PP1,SOG,over,3.5,fanduel,142,True,3.6044769999295903,3.1471695845829313,0.4760522633920947,0.38328238799490133,18.667151628483552,1909.7266666666667,,"fanduel@2.5,sgo_fair@2.5",1.0339203361349867,0.4132231404958678,0.4203903381537787,0.0071671976579109065,0.0173446183321444,0.09276987539719339,138.0,153.0,pass,2026-10-01T00:09:59+00:00,sgo_slate_alt_20261001T000957Z.json
PHI@NJD,Trevor Zegras,PHI,f1,PP1,SOG,over,1.5,fanduel,-138,False,1.9559859291172108,2.0776260929604278,0.5707981990832038,0.6020605239154385,18.20542805617276,1953.2883333333334,,"fanduel@1.5,sgo_fair@2.0",1.0339203361349867,0.5798319327731093,0.5895555939825446,0.009723661209435353,0.016769792520620497,-0.03126232483223468,-144.0,-130.0,pass,2026-10-01T00:09:59+00:00,sgo_slate_alt_20261001T000957Z.json
FLA@SJS,Macklin Celebrini,SJS,f1,PP1,SOG,under,3.5,fanduel,-108,False,3.2464269922189892,3.825720911258074,0.5961290217872635,0.48152970481633606,19.39619168781531,2371.225,,"fanduel@3.5,sgo_fair@3.5",1.0339203361349867,0.5192307692307693,0.5273694316047071,0.008138662373937788,0.015674460868324802,0.1145993169709274,-112.0,-101.0,pass,2026-10-01T00:09:59+00:00,sgo_slate_alt_20261001T000957Z.json
PHI@NJD,Travis Konecny,PHI,f2,PP2,SOG,over,2.5,fanduel,245,True,1.928183311816454,1.8624558779234497,0.30452282199092445,0.28746017587661454,17.84048622674409,2230.1783333333337,,sgo_fair@1.5,1.0339203361349867,0.2898550724637681,0.29428523432233855,0.004430161858570425,0.015284058412068147,0.01706264611430991,240.0,271.0,pass,2026-10-01T00:09:59+00:00,sgo_slate_alt_20261001T000957Z.json
PHI@NJD,Nico Hischier,NJD,f2,PP1,PTS,over,2.5,fanduel,1060,True,0.8510568686352166,1.146193220620832,0.055042032735678086,0.10905895679038813,19.034673215391617,2386.8616666666667,,sgo_fair@1.0,1.088912284783392,0.08620689655172414,0.08745218716850411,0.0012452906167799704,0.014445371154647724,-0.05401692405471004,1043.0,1501.0,pass,2026-10-01T00:09:59+00:00,sgo_slate_alt_20261001T000957Z.json
FLA@SJS,Mason Marchment,SJS,f1,PP2,SOG,over,1.5,fanduel,-138,False,1.9423803052302877,2.0776260929604278,0.5671822094599108,0.6020605239154385,17.422308663932426,1609.2633333333333,,"fanduel@1.5,sgo_fair@2.0",1.0339203361349867,0.5798319327731093,0.5881091981332275,0.008277265360118191,0.014275283737015476,-0.03487831445552769,-143.0,-129.0,pass,2026-10-01T00:09:59+00:00,sgo_slate_alt_20261001T000957Z.json
MIN@NSH,Jonathan Marchessault,NSH,f3,PP2,SOG,over,2.5,fanduel,182,True,2.3057709554738555,2.0322372534115876,0.4013926500433013,0.331504952678942,16.198145979345142,1666.84,,"fanduel@1.5,sgo_fair@1.5",1.0339203361349867,0.3546099290780142,0.3594600316246857,0.004850102546671509,0.013677289181613705,0.06988769736435935,178.0,199.0,pass,2026-10-01T00:09:59+00:00,sgo_slate_alt_20261001T000957Z.json
FLA@SJS,Sam Bennett,FLA,f2,PP2,SOG,over,3.5,fanduel,275,True,2.8258569748622735,2.4617321848445335,0.3157928233579647,0.23988751685245474,17.718155050618147,2021.4766666666667,,"fanduel@2.5,sgo_fair@2.5",1.0339203361349867,0.26666666666666666,0.27024963945465874,0.003582972787992078,0.013436147954970279,0.07590530650550997,270.0,308.0,pass,2026-10-01T00:09:59+00:00,sgo_slate_alt_20261001T000957Z.json
EDM@VAN,Evan Bouchard,EDM,d1,PP1,SOG,over,3.5,fanduel,188,True,2.8585320557896177,3.0877496577394368,0.3226780855544628,0.37087500804232687,24.08588546330676,2914.8791666666666,,"fanduel@2.5,sgo_fair@3.0",1.0339203361349867,0.3472222222222222,0.35159623904718124,0.004374016824959026,0.01259716845588188,-0.04819692248786406,184.0,206.0,pass,2026-10-01T00:09:59+00:00,sgo_slate_alt_20261001T000957Z.json
TBL@NYR,Alexis Lafrenière,NYR,f1,PP1,SOG,under,1.5,fanduel,148,True,1.8220657375484792,2.195693090253882,0.46584128053077556,0.3694116694066165,18.323826239617773,0.0,no NHL data: 85% of positional prior,"fanduel@1.5,fanduel@2.5,sgo_fair@2.5",1.0339203361349867,0.4032258064516129,0.4079835138562802,0.0047577074046673,0.011799114363574725,0.09642961112415904,145.0,161.0,pass,2026-10-01T00:09:59+00:00,sgo_slate_alt_20261001T000957Z.json
SEA@CGY,Matvei Gridin,CGY,f1,PP1,SOG,over,2.5,fanduel,175,True,2.3062947292521727,2.0854745994937516,0.40152413607849124,0.34525791017023705,17.12642833728254,561.0833333333334,,"fanduel@1.5,sgo_fair@1.5",1.0339203361349867,0.36363636363636365,0.36776440053353876,0.004128036897175114,0.011352101467231535,0.0562662259082542,172.0,192.0,pass,2026-10-01T00:09:59+00:00,sgo_slate_alt_20261001T000957Z.json
TBL@NYR,Anthony Cirelli,TBL,f3,PP2,SOG,over,2.5,fanduel,245,True,1.935100675831344,1.8474565130731613,0.30631872824749357,0.28356917958329225,17.834008846162977,1902.255,,sgo_fair@1.5,1.0339203361349867,0.2898550724637681,0.2926689990489728,0.0028139265852046846,0.009708046718956309,0.022749548664201313,242.0,274.0,pass,2026-10-01T00:09:59+00:00,sgo_slate_alt_20261001T000957Z.json
FLA@SJS,Brady Tkachuk,FLA,f1,PP1,SOG,over,2.5,fanduel,-196,True,4.161611620695293,3.210426051568009,0.7591551470191891,0.6053331509524716,18.336324644557457,1625.061666666667,,"fanduel@3.5,sgo_fair@3.0",1.0339203361349867,0.6621621621621622,0.6668619493791587,0.004699787216996487,0.007097637837913062,0.15382199606671743,-200.0,-179.0,data-check,2026-10-01T00:09:59+00:00,sgo_slate_alt_20261001T000957Z.json
CHI@UTA,Clayton Keller,UTA,f1,PP1,A,over,1.5,fanduel,560,True,0.8052583772065751,0.6099482367049713,0.19309928691920686,0.12518794443885112,20.237852932226836,2261.8883333333333,,sgo_fair@0.5,0.9471386184492271,0.15151515151515152,0.15235248143099342,0.0008373299158419001,0.0055263774445564184,0.06791134248035574,556.0,685.0,pass,2026-10-01T00:09:59+00:00,sgo_slate_alt_20261001T000957Z.json
FLA@SJS,Sam Bennett,FLA,f2,PP2,SOG,over,2.5,fanduel,112,False,2.8258569748622735,2.4617321848445335,0.5250189317185883,0.4400088220183806,17.718155050618147,2021.4766666666667,,"fanduel@2.5,sgo_fair@2.5",1.0339203361349867,0.4716981132075472,0.47401286589846364,0.002314752690916466,0.00490727570474303,0.08501010970020767,111.0,123.0,pass,2026-10-01T00:09:59+00:00,sgo_slate_alt_20261001T000957Z.json
TBL@NYR,Alexis Lafrenière,NYR,f1,PP1,SOG,under,2.5,fanduel,-196,False,1.8220657375484792,2.195693090253882,0.7230125950646964,0.6264688036887699,18.323826239617773,0.0,no NHL data: 85% of positional prior,"fanduel@1.5,fanduel@2.5,sgo_fair@2.5",1.0339203361349867,0.6621621621621622,0.6650863202391405,0.0029241580769783226,0.004416075463191671,0.0965437913759265,-199.0,-178.0,pass,2026-10-01T00:09:59+00:00,sgo_slate_alt_20261001T000957Z.json
TBL@NYR,Brandon Hagel,TBL,f2,PP1,G,over,0.5,fanduel,180,False,0.5063523332662148,0.404358607162586,0.39731001364054547,0.33259525777093213,21.22918902363336,2168.3941666666665,,"fanduel@0.5,sgo_fair@0.5",1.0754488373749054,0.35714285714285715,0.3584811601187775,0.001338302975920358,0.0037472483325768913,0.06471475586961334,179.0,200.0,pass,2026-10-01T00:09:59+00:00,sgo_slate_alt_20261001T000957Z.json
CHI@UTA,Anders Lee,UTA,f2,PP2,SOG,over,1.5,fanduel,-205,True,2.7454447177484838,2.1827925754033437,0.7413131825666945,0.6275572537141771,16.123686897909316,1911.8274999999999,,"fanduel@1.5,fanduel@2.5,sgo_fair@2.5",1.0339203361349867,0.6721311475409836,0.6730596252551841,0.0009284777142005707,0.001381393672347242,0.1137559288525174,-206.0,-184.0,pass,2026-10-01T00:09:59+00:00,sgo_slate_alt_20261001T000957Z.json
EDM@VAN,Evan Bouchard,EDM,d1,PP1,SOG,over,4.5,fanduel,415,True,2.8585320557896177,3.0877496577394368,0.17207272757953662,0.20935338624400968,24.08588546330676,2914.8791666666666,,"fanduel@2.5,sgo_fair@3.0",1.0339203361349867,0.1941747572815534,0.19444112277822045,0.0002663654966670592,0.0013717823078354119,-0.037280658664473054,414.0,490.0,pass,2026-10-01T00:09:59+00:00,sgo_slate_alt_20261001T000957Z.json
EDM@VAN,Marco Rossi,VAN,f2,PP2,SOG,under,1.5,fanduel,112,False,1.4216740678972448,2.093247241396577,0.5888832644727973,0.39406302541329374,16.373413710856763,1562.0341666666668,,"fanduel@1.5,sgo_fair@2.0",1.0339203361349867,0.4716981132075472,0.4719911210370952,0.00029300782954799764,0.0006211765986419149,0.19482023905950352,112.0,124.0,data-check,2026-10-01T00:09:59+00:00,sgo_slate_alt_20261001T000957Z.json
FLA@SJS,Aleksander Barkov,FLA,f1,PP1,SOG,over,1.5,fanduel,-170,False,2.4539919916634667,2.0366138447825475,0.6869700415262797,0.5917338402160595,20.354723500204337,631.3108333333333,,"fanduel@1.5,sgo_fair@1.5",1.0339203361349867,0.6296296296296297,0.6298283207401476,0.00019869111051795674,0.0003155682343520816,0.09523620131022026,-170.0,-153.0,pass,2026-10-01T00:09:59+00:00,sgo_slate_alt_20261001T000957Z.json
PHI@NJD,Jack Hughes,NJD,f1,PP1,PTS,over,1.5,fanduel,196,False,1.2802167073700776,1.146193220620832,0.36615207663553906,0.31784443289946357,20.883487378393436,1883.3825000000002,,sgo_fair@1.0,1.088912284783392,0.33783783783783783,0.33716749039389377,-0.0006703474439440638,-0.00198422843407442,0.04830764373607549,197.0,220.0,pass,2026-10-01T00:09:59+00:00,sgo_slate_alt_20261001T000957Z.json
CHI@UTA,Tyler Bertuzzi,CHI,f1,PP1,G,over,1.5,fanduel,2200,True,0.3818172168653176,0.28880630061132745,0.05674418955751564,0.034481348181341256,17.963110816503743,2048.971666666667,,"fanduel@0.5,sgo_fair@0.5",1.0754488373749054,0.043478260869565216,0.04338648473181101,-9.177613775420562e-05,-0.00211085116834675,0.022262841376174382,2205.0,5339.0,pass,2026-10-01T00:09:59+00:00,sgo_slate_alt_20261001T000957Z.json
CHI@UTA,Nick Schmaltz,UTA,f1,PP1,SOG,over,1.5,fanduel,-250,True,2.9878343027800813,2.362818149464866,0.7797693279867428,0.6679897721579822,20.83611851350571,2303.2216666666664,,"fanduel@2.5,sgo_fair@2.5",1.0339203361349867,0.7142857142857143,0.7127015944894864,-0.0015841197962278564,-0.0022177677147190433,0.11177955582876065,-248.0,-220.0,pass,2026-10-01T00:09:59+00:00,sgo_slate_alt_20261001T000957Z.json
BUF@CBJ,Zach Benson,BUF,f2,PP1,SOG,over,1.5,fanduel,-165,False,2.106962366844294,2.187282496495688,0.6093146584979309,0.6286145716590277,17.654666812253005,1532.8558333333335,,sgo_fair@2.0,1.0339203361349867,0.6226415094339622,0.6208946063945889,-0.0017469030393733043,-0.002805632154145088,-0.019299913161096804,-164.0,-147.0,pass,2026-10-01T00:09:59+00:00,sgo_slate_alt_20261001T000957Z.json
TBL@NYR,Brandon Hagel,TBL,f2,PP1,SOG,over,2.5,fanduel,-152,False,3.2625361680446177,3.1422770479028137,0.6154079998328934,0.5918625393125624,21.22918902363336,2168.3941666666665,,"fanduel@2.5,sgo_fair@3.0",1.0339203361349867,0.6031746031746031,0.6012807235206947,-0.0018938796539084146,-0.003139853110427082,0.02354546052033102,-151.0,-136.0,pass,2026-10-01T00:09:59+00:00,sgo_slate_alt_20261001T000957Z.json
CHI@UTA,Nick Schmaltz,UTA,f1,PP1,G,over,1.5,fanduel,1700,True,0.43375754861998245,0.335171369854125,0.07082566056107419,0.04506472847689636,20.83611851350571,2303.2216666666664,,"fanduel@0.5,sgo_fair@0.5",1.0754488373749054,0.05555555555555555,0.05536910131056749,-0.00018645424498806018,-0.0033561764097851388,0.025760932084177825,1706.0,3193.0,pass,2026-10-01T00:09:59+00:00,sgo_slate_alt_20261001T000957Z.json
CHI@UTA,Mikhail Sergachev,UTA,d1,PP1,SOG,over,0.5,fanduel,-700,True,2.278508782488616,2.0719698795520674,0.885721265321076,0.8620673051585923,25.18845048145616,2765.366666666667,,"fanduel@1.5,sgo_fair@2.0",1.0339203361349867,0.875,0.8715288892235858,-0.0034711107764141547,-0.003966983744473351,0.023653960162483667,-678.0,-552.0,pass,2026-10-01T00:09:59+00:00,sgo_slate_alt_20261001T000957Z.json
TBL@NYR,Jake Guentzel,TBL,f2,PP1,G,over,1.5,fanduel,1500,True,0.4674539477999684,0.3556132234767708,0.0804998363579075,0.05006271092800366,19.785716260203337,2359.6541666666667,,"fanduel@0.5,sgo_fair@0.5",1.0754488373749054,0.0625,0.0622375610999652,-0.0002624389000348004,-0.004199022400556807,0.030437125429903837,1507.0,2585.0,pass,2026-10-01T00:09:59+00:00,sgo_slate_alt_20261001T000957Z.json
FLA@SJS,Matthew Tkachuk,FLA,f2,PP1,G,over,0.5,fanduel,195,False,0.4584233159536768,0.38180172783577376,0.3677202345636554,0.3173696136073785,17.381914833785785,1013.015,,"fanduel@0.5,sgo_fair@0.5",1.0754488373749054,0.3389830508474576,0.3375098619898892,-0.0014731888575684193,-0.004345907129826854,0.050350620956276904,196.0,220.0,pass,2026-10-01T00:09:59+00:00,sgo_slate_alt_20261001T000957Z.json
PHI@NJD,Jack Hughes,NJD,f1,PP1,SOG,under,3.5,fanduel,112,False,3.6691284989552138,4.046120029657774,0.5113571805891783,0.44129435518690285,20.883487378393436,1883.3825000000002,,"fanduel@3.5,sgo_fair@3.5",1.0339203361349867,0.4716981132075472,0.46931948534781304,-0.0023786278597341393,-0.005042691062636329,0.07006282540227549,113.0,125.0,pass,2026-10-01T00:09:59+00:00,sgo_slate_alt_20261001T000957Z.json
CHI@UTA,Dylan Guenther,UTA,f2,PP1,SOG,over,2.5,fanduel,-170,False,3.6044769999295903,3.1471695845829313,0.6766730220436523,0.5928407243284393,18.667151628483552,1909.7266666666667,,"fanduel@2.5,sgo_fair@2.5",1.0339203361349867,0.6296296296296297,0.6263736434145244,-0.0032559862151052554,-0.005171272223990608,0.08383229771521306,-168.0,-151.0,pass,2026-10-01T00:09:59+00:00,sgo_slate_alt_20261001T000957Z.json
FLA@SJS,Seth Jones,FLA,d2,PP1,SOG,over,0.5,fanduel,-620,True,1.9874931640173112,2.056520518714166,0.8509662951733258,0.8601036096376979,23.942526863278125,1959.8708333333334,,"fanduel@1.5,sgo_fair@2.0",1.0339203361349867,0.8611111111111112,0.8564486838519492,-0.004662427259161994,-0.005414431655800911,-0.00913731446437216,-597.0,-493.0,pass,2026-10-01T00:09:59+00:00,sgo_slate_alt_20261001T000957Z.json
BUF@CBJ,Tage Thompson,BUF,f1,PP1,SOG,over,4.5,fanduel,330,True,3.450838505240929,3.0539086031235834,0.2721066342058769,0.20371173605473344,19.217381242661318,2200.2008333333333,,"fanduel@2.5,sgo_fair@2.5",1.0339203361349867,0.23255813953488372,0.23106969531519084,-0.0014884442196928804,-0.006400310144679455,0.06839489815114344,333.0,385.0,pass,2026-10-01T00:09:59+00:00,sgo_slate_alt_20261001T000957Z.json
EDM@VAN,Evan Bouchard,EDM,d1,PP1,SOG,over,2.5,fanduel,-130,False,2.8585320557896177,3.0877496577394368,0.5322410787265721,0.5808448351218098,24.08588546330676,2914.8791666666666,,"fanduel@2.5,sgo_fair@3.0",1.0339203361349867,0.5652173913043478,0.5614033325637148,-0.0038140587406330084,-0.006747950079581622,-0.04860375639523773,-128.0,-116.0,pass,2026-10-01T00:09:59+00:00,sgo_slate_alt_20261001T000957Z.json
CHI@UTA,Logan Cooley,UTA,f2,PP1,SOG,over,1.5,fanduel,-184,False,2.489569692600529,2.1061559911134107,0.694112273579123,0.6091167347587704,19.23056871640399,1538.5200000000002,,"fanduel@1.5,sgo_fair@1.5",1.0339203361349867,0.647887323943662,0.6431149502869113,-0.00477237365675065,-0.007366054991941207,0.0849955388203526,-180.0,-162.0,pass,2026-10-01T00:09:59+00:00,sgo_slate_alt_20261001T000957Z.json
TBL@NYR,J.T. Miller,NYR,f2,PP1,SOG,over,2.5,fanduel,198,True,1.9480764015269305,2.0977711323298287,0.30968713776399376,0.34842693590544166,17.338376745483124,1975.7875,,"fanduel@1.5,sgo_fair@2.0",1.0339203361349867,0.33557046979865773,0.3329310166488625,-0.0026394531497952456,-0.007865570386389797,-0.0387397981414479,200.0,225.0,pass,2026-10-01T00:09:59+00:00,sgo_slate_alt_20261001T000957Z.json
BUF@CBJ,Tage Thompson,BUF,f1,PP1,SOG,over,2.5,fanduel,-156,False,3.450838505240929,3.0539086031235834,0.6501823225261454,0.5739004874543192,19.217381242661318,2200.2008333333333,,"fanduel@2.5,sgo_fair@2.5",1.0339203361349867,0.609375,0.6044132214830497,-0.004961778516950344,-0.00814240577140568,0.07628183507182618,-153.0,-138.0,pass,2026-10-01T00:09:59+00:00,sgo_slate_alt_20261001T000957Z.json
MIN@NSH,Jonathan Marchessault,NSH,f3,PP2,SOG,over,3.5,fanduel,460,True,2.3057709554738555,2.0322372534115876,0.20844073412162237,0.15621115686371967,16.198145979345142,1666.84,,"fanduel@1.5,sgo_fair@1.5",1.0339203361349867,0.17857142857142858,0.17710298776688077,-0.0014684408045478048,-0.008223268505467729,0.0522295772579027,465.0,557.0,pass,2026-10-01T00:09:59+00:00,sgo_slate_alt_20261001T000957Z.json
PHI@NJD,Tyson Foerster,PHI,f2,PP1,SOG,over,2.5,fanduel,195,True,1.9483394960006504,2.118508586293774,0.3097554285922286,0.3537638461871327,17.605628457469237,1116.2733333333333,,"fanduel@1.5,sgo_fair@2.0",1.0339203361349867,0.3389830508474576,0.336160479149171,-0.002822571698286591,-0.008326586509945444,-0.04400841759490409,197.0,221.0,pass,2026-10-01T00:09:59+00:00,sgo_slate_alt_20261001T000957Z.json
BUF@CBJ,Valeri Nichushkin,CBJ,f2,PP2,SOG,over,1.5,fanduel,-140,False,2.09744734701025,1.9136645409718416,0.6069739108822472,0.559471365638784,15.486949849826448,1658.1675,,sgo_fair@1.5,1.0339203361349867,0.5833333333333334,0.5784723837361693,-0.004860949597164099,-0.008333056452281218,0.0475025452434632,-137.0,-124.0,pass,2026-10-01T00:09:59+00:00,sgo_slate_alt_20261001T000957Z.json
TBL@NYR,J.T. Miller,NYR,f2,PP1,SOG,over,1.5,fanduel,-148,False,1.9480764015269305,2.0977711323298287,0.5686989986387717,0.6070537542986322,17.338376745483124,1975.7875,,"fanduel@1.5,sgo_fair@2.0",1.0339203361349867,0.5967741935483871,0.591711852034688,-0.005062341513699109,-0.008482842536468693,-0.03835475565986046,-145.0,-131.0,pass,2026-10-01T00:09:59+00:00,sgo_slate_alt_20261001T000957Z.json
BUF@CBJ,Tage Thompson,BUF,f1,PP1,SOG,over,3.5,fanduel,150,True,3.450838505240929,3.0539086031235834,0.44554716496785196,0.36378668659761915,19.217381242661318,2200.2008333333333,,"fanduel@2.5,sgo_fair@2.5",1.0339203361349867,0.4,0.39649087794571225,-0.003509122054287772,-0.00877280513571943,0.08176047837023281,152.0,169.0,pass,2026-10-01T00:09:59+00:00,sgo_slate_alt_20261001T000957Z.json
SEA@CGY,Joel Farabee,CGY,f2,PP1,SOG,over,0.5,fanduel,-670,True,2.065954191956899,2.0719698795520674,0.8613061260276581,0.8620673051585923,16.937812126139406,1930.8091666666667,,"fanduel@1.5,sgo_fair@2.0",1.0339203361349867,0.8701298701298701,0.8617628335062186,-0.008367036623651458,-0.009615848060017362,-0.0007611791309342086,-623.0,-513.0,pass,2026-10-01T00:09:59+00:00,sgo_slate_alt_20261001T000957Z.json
FLA@SJS,Carter Verhaeghe,FLA,f2,PP2,SOG,over,1.5,fanduel,-215,True,2.756198950935808,2.196560209029023,0.7431433032767978,0.6307913163565069,18.096277014470513,2026.48,,"fanduel@2.5,sgo_fair@2.0",1.0339203361349867,0.6825396825396826,0.6757321111246233,-0.006807571415059277,-0.00997388370113339,0.11235198692029091,-208.0,-186.0,pass,2026-10-01T00:09:59+00:00,sgo_slate_alt_20261001T000957Z.json
FLA@SJS,Sam Bennett,FLA,f2,PP2,G,over,0.5,fanduel,240,False,0.38151749363272885,0.31958703602869093,0.3171755591263741,0.2735510276092195,17.718155050618147,2021.4766666666667,,"fanduel@0.5,sgo_fair@0.5",1.0754488373749054,0.29411764705882354,0.29100084021608136,-0.0031168068427421813,-0.010597143265323461,0.04362453151715456,244.0,276.0,pass,2026-10-01T00:09:59+00:00,sgo_slate_alt_20261001T000957Z.json
CHI@UTA,Logan Cooley,UTA,f2,PP1,G,over,0.5,fanduel,210,False,0.4219712063477633,0.3599134327260352,0.3442470793568394,0.30226327537708,19.23056871640399,1538.5200000000002,,"fanduel@0.5,sgo_fair@0.5",1.0754488373749054,0.3225806451612903,0.3190567969689837,-0.003523848192306611,-0.0109239293961505,0.041983803979759426,213.0,240.0,pass,2026-10-01T00:09:59+00:00,sgo_slate_alt_20261001T000957Z.json
MIN@NSH,Steven Stamkos,NSH,f1,PP1,G,over,0.5,fanduel,210,False,0.4205937563535012,0.35992544204771953,0.34334319011186215,0.3022716546715419,18.34647335976343,2126.0425,,"fanduel@0.5,sgo_fair@0.5",1.0754488373749054,0.3225806451612903,0.31870026884767,-0.003880376313620315,-0.012029166572222971,0.04107153544032027,214.0,240.0,pass,2026-10-01T00:09:59+00:00,sgo_slate_alt_20261001T000957Z.json
SEA@CGY,Jordan Eberle,SEA,f2,PP1,SOG,over,1.5,fanduel,-160,False,2.0698825232308073,2.118508586293774,0.6001273117797838,0.6121395493805779,17.136518088982847,1785.4891666666667,,"fanduel@1.5,sgo_fair@2.0",1.0339203361349867,0.6153846153846154,0.6073346543402602,-0.00804996104435518,-0.01308118669707714,-0.012012237600794062,-155.0,-139.0,pass,2026-10-01T00:09:59+00:00,sgo_slate_alt_20261001T000957Z.json
SEA@CGY,Morgan Frost,CGY,f1,PP1,SOG,over,0.5,fanduel,-700,True,2.1228785573333115,2.056520518714166,0.8683367242370357,0.8601036096376979,17.094019848734597,1845.4491666666668,,"fanduel@1.5,sgo_fair@2.0",1.0339203361349867,0.875,0.8633968554774331,-0.011603144522566944,-0.01326073659721938,0.008233114599337732,-632.0,-519.0,pass,2026-10-01T00:09:59+00:00,sgo_slate_alt_20261001T000957Z.json
PHI@NJD,Porter Martone,PHI,f1,PP1,G,over,0.5,fanduel,270,False,0.3452604460248289,0.287449727659089,0.29196407569000055,0.24982572115987464,17.174337859550526,153.36666666666667,,"fanduel@0.5,sgo_fair@0.5",1.0754488373749054,0.2702702702702703,0.266681062971925,-0.003589207298345276,-0.013280067003877405,0.042138354530125904,275.0,314.0,pass,2026-10-01T00:09:59+00:00,sgo_slate_alt_20261001T000957Z.json
FLA@SJS,Sam Reinhart,FLA,f1,PP1,G,over,0.5,fanduel,180,False,0.48523328985918157,0.4010935077440568,0.3844464223949483,0.3304125535010629,19.766180361811095,2112.1575000000003,,"fanduel@0.5,sgo_fair@0.5",1.0754488373749054,0.35714285714285715,0.3520261010586171,-0.0051167560842400595,-0.014326917035872189,0.054033868893885395,184.0,206.0,pass,2026-10-01T00:09:59+00:00,sgo_slate_alt_20261001T000957Z.json
MIN@NSH,Ryan O'Reilly,NSH,f1,PP1,G,over,0.5,fanduel,260,False,0.3430297345642458,0.3046372843393894,0.2903828889090761,0.26260921092186273,20.11476088894485,2327.0208333333335,,"fanduel@0.5,sgo_fair@0.5",1.0754488373749054,0.2777777777777778,0.2737186821167481,-0.004059095661029688,-0.014612744379706832,0.027773677987213363,265.0,302.0,pass,2026-10-01T00:09:59+00:00,sgo_slate_alt_20261001T000957Z.json
MIN@NSH,Roman Josi,NSH,d1,PP1,SOG,over,3.5,fanduel,178,True,2.8713889935020815,3.101391145360394,0.3253876663705894,0.3737280995206398,24.30784753675279,2288.6891666666666,,"fanduel@2.5,sgo_fair@3.0",1.0339203361349867,0.3597122302158273,0.35439192626061966,-0.005320303955207661,-0.014790444995477214,-0.04834043315005038,182.0,204.0,pass,2026-10-01T00:09:59+00:00,sgo_slate_alt_20261001T000957Z.json
MIN@NSH,Ryan O'Reilly,NSH,f1,PP1,SOG,over,0.5,fanduel,-750,True,2.1916647378788703,2.0886814525819055,0.8763384754843797,0.8641590381059627,20.11476088894485,2327.0208333333335,,"fanduel@1.5,sgo_fair@2.0",1.0339203361349867,0.8823529411764706,0.8690308130573295,-0.013322128119141019,-0.015098411868359918,0.01217943737841698,-664.0,-541.0,pass,2026-10-01T00:09:59+00:00,sgo_slate_alt_20261001T000957Z.json
MIN@NSH,Matt Boldy,MIN,f1,PP1,G,over,0.5,fanduel,170,False,0.49175112700057916,0.4288910849417152,0.38844545369093325,0.3487691458349987,21.075739809162464,2311.885,,"fanduel@0.5,sgo_fair@0.5",1.0754488373749054,0.37037037037037035,0.36463966897737254,-0.005730701392997806,-0.015472893761094064,0.03967630785593457,174.0,194.0,pass,2026-10-01T00:09:59+00:00,sgo_slate_alt_20261001T000957Z.json
FLA@SJS,Matthew Tkachuk,FLA,f2,PP1,SOG,over,3.5,fanduel,230,True,2.8724979867177525,2.656155237124986,0.3256213868303493,0.28014372677868116,17.381914833785785,1013.015,,"fanduel@2.5,sgo_fair@2.5",1.0339203361349867,0.30303030303030304,0.29833479079934844,-0.004695512230954602,-0.01549519036215019,0.045477660051668145,235.0,266.0,pass,2026-10-01T00:09:59+00:00,sgo_slate_alt_20261001T000957Z.json
PHI@NJD,Trevor Zegras,PHI,f1,PP1,SOG,over,0.5,fanduel,-670,True,1.9559859291172108,2.0776260929604278,0.8465903222007909,0.8627790176972858,18.20542805617276,1953.2883333333334,,"fanduel@1.5,sgo_fair@2.0",1.0339203361349867,0.8701298701298701,0.8563035394986879,-0.013826330631182215,-0.015889962068672214,-0.01618869549649493,-596.0,-493.0,pass,2026-10-01T00:09:59+00:00,sgo_slate_alt_20261001T000957Z.json
SEA@CGY,Jordan Eberle,SEA,f2,PP1,SOG,over,2.5,fanduel,182,True,2.0698825232308073,2.118508586293774,0.34123518578913276,0.3537638461871327,17.136518088982847,1785.4891666666667,,"fanduel@1.5,sgo_fair@2.0",1.0339203361349867,0.3546099290780142,0.3487523820279327,-0.005857547050081513,-0.01651828268122968,-0.012528660397999936,187.0,209.0,pass,2026-10-01T00:09:59+00:00,sgo_slate_alt_20261001T000957Z.json
FLA@SJS,Matthew Tkachuk,FLA,f2,PP1,SOG,over,2.5,fanduel,-106,False,2.8724979867177525,2.656155237124986,0.5353060907778187,0.4863924009530095,17.381914833785785,1013.015,,"fanduel@2.5,sgo_fair@2.5",1.0339203361349867,0.5145631067961165,0.5059578768829331,-0.008605229913183354,-0.016723371340714777,0.04891368982480915,-102.0,108.0,pass,2026-10-01T00:09:59+00:00,sgo_slate_alt_20261001T000957Z.json
CHI@UTA,Tyler Bertuzzi,CHI,f1,PP1,SOG,over,0.5,fanduel,-670,True,1.971405294310862,2.056520518714166,0.8487484213390719,0.8601036096376979,17.963110816503743,2048.971666666667,,"fanduel@1.5,sgo_fair@2.0",1.0339203361349867,0.8701298701298701,0.8555615343182476,-0.014568335811622535,-0.016742714290969296,-0.011355188298626029,-592.0,-490.0,pass,2026-10-01T00:09:59+00:00,sgo_slate_alt_20261001T000957Z.json
CHI@UTA,Nick Schmaltz,UTA,f1,PP1,PTS,over,2.5,fanduel,1200,True,1.1052769474729542,0.8754687373539001,0.10064871651699912,0.0588785448350351,20.83611851350571,2303.2216666666664,,sgo_fair@0.5,1.088912284783392,0.07692307692307693,0.0755866135078207,-0.0013364634152562282,-0.01737402439833091,0.04177017168196402,1223.0,1877.0,pass,2026-10-01T00:09:59+00:00,sgo_slate_alt_20261001T000957Z.json
MIN@NSH,Roman Josi,NSH,d1,PP1,SOG,over,2.5,fanduel,-135,False,2.8713889935020815,3.101391145360394,0.5350631885404838,0.5836211112858924,24.30784753675279,2288.6891666666666,,"fanduel@2.5,sgo_fair@3.0",1.0339203361349867,0.574468085106383,0.564197942187729,-0.010270142918654024,-0.017877656191730984,-0.0485579227454086,-129.0,-117.0,pass,2026-10-01T00:09:59+00:00,sgo_slate_alt_20261001T000957Z.json
PHI@NJD,Porter Martone,PHI,f1,PP1,PTS,over,0.5,fanduel,-106,False,0.7503876398887702,0.6737290947028436,0.5278165198915288,0.49019607843137253,17.174337859550526,153.36666666666667,,sgo_fair@0.5,1.088912284783392,0.5145631067961165,0.505244255015435,-0.00931885178068148,-0.01811022138509799,0.03762044146015625,-102.0,108.0,pass,2026-10-01T00:09:59+00:00,sgo_slate_alt_20261001T000957Z.json
PHI@NJD,Owen Tippett,PHI,f1,PP2,SOG,over,2.5,fanduel,128,False,2.5474313551395276,2.341919608589667,0.4607154884306649,0.41044064833154537,17.390145884502914,1918.3983333333333,,"fanduel@2.5,sgo_fair@2.5",1.0339203361349867,0.43859649122807015,0.4305505843711932,-0.00804590685687695,-0.018344667633679368,0.05027484009911953,132.0,147.0,pass,2026-10-01T00:09:59+00:00,sgo_slate_alt_20261001T000957Z.json
MIN@NSH,Quinn Hughes,MIN,d1,PP1,SOG,over,3.5,fanduel,230,True,2.8423066645425767,2.6679574205629906,0.3192588242758497,0.28261263138949966,27.76691338944863,2839.8958333333335,,"fanduel@2.5,sgo_fair@2.5",1.0339203361349867,0.30303030303030304,0.2972711085440397,-0.00575919448626333,-0.019005341804669063,0.036646192886350015,236.0,267.0,pass,2026-10-01T00:09:59+00:00,sgo_slate_alt_20261001T000957Z.json
CHI@UTA,Logan Cooley,UTA,f2,PP1,G,over,1.5,fanduel,1600,True,0.4219712063477633,0.3599134327260352,0.0675382283669759,0.05113845567902442,19.23056871640399,1538.5200000000002,,"fanduel@0.5,sgo_fair@0.5",1.0754488373749054,0.058823529411764705,0.057698364754205006,-0.001125164657559699,-0.019127799178514926,0.01639977268795148,1633.0,2958.0,pass,2026-10-01T00:09:59+00:00,sgo_slate_alt_20261001T000957Z.json
PHI@NJD,Dougie Hamilton,NJD,d1,PP2,SOG,over,2.5,fanduel,118,False,2.605830642530958,2.4348213025663448,0.4745933303585896,0.4334275396428891,21.117492077135786,2230.4283333333337,,"fanduel@2.5,sgo_fair@2.5",1.0339203361349867,0.45871559633027525,0.4498938559291693,-0.008821740401105949,-0.01923139407441099,0.04116579071570048,122.0,135.0,pass,2026-10-01T00:09:59+00:00,sgo_slate_alt_20261001T000957Z.json
EDM@VAN,Leon Draisaitl,EDM,f2,PP1,G,under,0.5,fanduel,-135,False,0.4972319995405812,0.6285638678438992,0.6082118625690854,0.533357222710204,19.783724438571554,2111.1133333333332,,"fanduel@0.5,sgo_fair@0.5",1.0754488373749054,0.574468085106383,0.5632990786537566,-0.011169006452626418,-0.019442344565682945,0.07485463985888141,-129.0,-117.0,pass,2026-10-01T00:09:59+00:00,sgo_slate_alt_20261001T000957Z.json
MIN@NSH,Jonathan Marchessault,NSH,f3,PP2,SOG,over,1.5,fanduel,-170,False,2.3057709554738555,2.0322372534115876,0.6556082621040584,0.5906190299760743,16.198145979345142,1666.84,,"fanduel@1.5,sgo_fair@1.5",1.0339203361349867,0.6296296296296297,0.616614722827268,-0.013014906802361614,-0.020670734333162466,0.06498923212798413,-161.0,-145.0,pass,2026-10-01T00:09:59+00:00,sgo_slate_alt_20261001T000957Z.json
BUF@CBJ,Zach Werenski,CBJ,d1,PP1,SOG,over,4.5,fanduel,225,True,3.733883593502363,3.534772334645364,0.32276393897792716,0.2870322719967128,26.120375996915733,2970.9316666666664,,"fanduel@3.5,sgo_fair@3.5",1.0339203361349867,0.3076923076923077,0.3013249387891985,-0.006367368903109183,-0.02069394893510479,0.03573166698121438,232.0,262.0,pass,2026-10-01T00:09:59+00:00,sgo_slate_alt_20261001T000957Z.json
TBL@NYR,Nikita Kucherov,TBL,f1,PP1,G,over,1.5,fanduel,1200,True,0.49191367798092117,0.4201029539588546,0.08776170481188277,0.06702192902202674,20.190939287675228,2289.2191666666668,,"fanduel@0.5,sgo_fair@0.5",1.0754488373749054,0.07692307692307693,0.07531783933796915,-0.0016052375851077771,-0.020868088606400992,0.02073977578985603,1228.0,1887.0,pass,2026-10-01T00:09:59+00:00,sgo_slate_alt_20261001T000957Z.json
CHI@UTA,Dylan Guenther,UTA,f2,PP1,G,over,0.5,fanduel,170,False,0.49332862787564896,0.42276088628719943,0.3894094209933536,0.34476470987538055,18.667151628483552,1909.7266666666667,,"fanduel@0.5,sgo_fair@0.5",1.0754488373749054,0.37037037037037035,0.3626225943225698,-0.007747776047800525,-0.020918995329061385,0.04464471111797308,176.0,196.0,pass,2026-10-01T00:09:59+00:00,sgo_slate_alt_20261001T000957Z.json
FLA@SJS,Will Smith,SJS,f1,PP1,SOG,under,2.5,fanduel,-146,False,2.2407173421386437,2.472347202811251,0.6150206692529092,0.5574052903410315,17.42348445821675,1782.5283333333332,,"fanduel@2.5,sgo_fair@2.5",1.0339203361349867,0.5934959349593496,0.5804514419057826,-0.01304449305356703,-0.02197907733683202,0.057615378911877735,-138.0,-125.0,pass,2026-10-01T00:09:59+00:00,sgo_slate_alt_20261001T000957Z.json
CHI@UTA,Nick Schmaltz,UTA,f1,PP1,A,over,0.5,fanduel,138,False,0.5653805797583173,0.5055485666651468,0.4318561184540584,0.39682539682539675,20.83611851350571,2303.2216666666664,,sgo_fair@0.5,0.9471386184492271,0.42016806722689076,0.4108376854768614,-0.00933038175002937,-0.022206308565069888,0.035030721628661665,143.0,159.0,pass,2026-10-01T00:09:59+00:00,sgo_slate_alt_20261001T000957Z.json
FLA@SJS,Mason Marchment,SJS,f1,PP2,SOG,over,0.5,fanduel,-700,True,1.9423803052302877,2.0776260929604278,0.8446593508711604,0.8627790176972858,17.422308663932426,1609.2633333333333,,"fanduel@1.5,sgo_fair@2.0",1.0339203361349867,0.875,0.8555311509668357,-0.01946884903316426,-0.0222501131807592,-0.018119666826125425,-592.0,-490.0,pass,2026-10-01T00:09:59+00:00,sgo_slate_alt_20261001T000957Z.json
SEA@CGY,Matt Coronato,CGY,f1,PP1,SOG,over,2.5,fanduel,106,False,2.7134434237986147,2.5348875601864163,0.4996366195231312,0.4577094543962805,17.373857393773008,1941.2683333333334,,"fanduel@2.5,sgo_fair@2.5",1.0339203361349867,0.4854368932038835,0.4744803204470208,-0.010956572756862681,-0.02257053987913704,0.041927165126850685,111.0,122.0,pass,2026-10-01T00:09:59+00:00,sgo_slate_alt_20261001T000957Z.json
CHI@UTA,Frank Nazar,CHI,f3,PP2,SOG,over,1.5,fanduel,-140,False,1.7741120201753298,2.0823091582902173,0.520473537769461,0.6032259315692208,16.08366611946304,1587.1658333333332,,"fanduel@1.5,sgo_fair@2.0",1.0339203361349867,0.5833333333333334,0.5701249740493168,-0.013208359284016535,-0.022642901629742473,-0.08275239379975974,-133.0,-120.0,pass,2026-10-01T00:09:59+00:00,sgo_slate_alt_20261001T000957Z.json
FLA@SJS,Anton Lundell,FLA,f3,PP2,SOG,over,0.5,fanduel,-560,True,2.089000549422603,1.6963633578438795,0.8641986543638522,0.8049956641715355,17.03977502922192,1838.8941666666665,,"fanduel@1.5,sgo_fair@1.5",1.0339203361349867,0.8484848484848485,0.8286768602484622,-0.019807988236386298,-0.023345128992883768,0.059202990192316785,-484.0,-409.0,pass,2026-10-01T00:09:59+00:00,sgo_slate_alt_20261001T000957Z.json
PHI@NJD,Luke Evangelista,NJD,f2,PP1,SOG,under,2.5,fanduel,-168,False,2.1133309661969535,2.346426225126613,0.647567727038871,0.588435224988484,15.486589438141582,1770.8866666666665,,"fanduel@2.5,sgo_fair@2.5",1.0339203361349867,0.6268656716417911,0.6120882258086389,-0.014777445833152214,-0.023573544543361802,0.059132502050387004,-158.0,-142.0,pass,2026-10-01T00:09:59+00:00,sgo_slate_alt_20261001T000957Z.json
FLA@SJS,Aleksander Barkov,FLA,f1,PP1,SOG,over,0.5,fanduel,-870,True,2.4539919916634667,2.0366138447825475,0.9024813055423746,0.8575302008884057,20.354723500204337,631.3108333333333,,"fanduel@1.5,sgo_fair@1.5",1.0339203361349867,0.8969072164948454,0.8755106427499932,-0.021396573744852154,-0.023855950037363738,0.0449511046539689,-703.0,-569.0,pass,2026-10-01T00:09:59+00:00,sgo_slate_alt_20261001T000957Z.json
FLA@SJS,Sam Reinhart,FLA,f1,PP1,SOG,over,3.5,fanduel,255,True,2.7110359460092397,2.5779388484066743,0.29164084121101,0.2638433526356762,19.766180361811095,2112.1575000000003,,"fanduel@2.5,sgo_fair@2.5",1.0339203361349867,0.28169014084507044,0.27496234806580977,-0.006727792779260666,-0.023883664366375346,0.027797488575333817,264.0,300.0,pass,2026-10-01T00:09:59+00:00,sgo_slate_alt_20261001T000957Z.json
TBL@NYR,Pavel Dorofeyev,NYR,f2,PP1,SOG,over,2.5,fanduel,-110,False,2.9027062230941,2.6748208835778766,0.5418904907195857,0.49072989662452704,16.81961555651354,2069.2158333333336,,"fanduel@2.5,sgo_fair@2.5",1.0339203361349867,0.5238095238095238,0.5111941342625506,-0.012615389546973277,-0.024083925498767034,0.05116059409505869,-105.0,106.0,pass,2026-10-01T00:09:59+00:00,sgo_slate_alt_20261001T000957Z.json
TBL@NYR,Nikita Kucherov,TBL,f1,PP1,G,over,0.5,fanduel,170,False,0.49191367798092117,0.4201029539588546,0.3885448544029079,0.3430208222741259,20.190939287675228,2289.2191666666668,,"fanduel@0.5,sgo_fair@0.5",1.0754488373749054,0.37037037037037035,0.3612304351256387,-0.009139935244731667,-0.024677825160775546,0.04552403212878203,177.0,197.0,pass,2026-10-01T00:09:59+00:00,sgo_slate_alt_20261001T000957Z.json
MIN@NSH,Filip Forsberg,NSH,f2,PP1,SOG,over,4.5,fanduel,320,True,3.276477323052111,3.1862313158077247,0.24152976314848934,0.22600334545312373,18.093543374480483,2236.0841666666665,,"fanduel@2.5,sgo_fair@2.5",1.0339203361349867,0.23809523809523808,0.23221391253127,-0.005881325563968087,-0.024701567368666022,0.015526417695365613,331.0,383.0,pass,2026-10-01T00:09:59+00:00,sgo_slate_alt_20261001T000957Z.json
EDM@VAN,Brock Boeser,VAN,f2,PP1,SOG,under,2.5,fanduel,-160,False,2.1627106415591935,2.3939398252676685,0.6348956074210315,0.5766384251159721,18.268851947691445,2056.795,,"fanduel@2.5,sgo_fair@2.5",1.0339203361349867,0.6153846153846154,0.5999412980379958,-0.015443317346619634,-0.025095390688256836,0.058257182305059385,-150.0,-135.0,pass,2026-10-01T00:09:59+00:00,sgo_slate_alt_20261001T000957Z.json
PHI@NJD,Nico Hischier,NJD,f2,PP1,SOG,under,2.5,fanduel,-122,False,2.434830016367877,2.6493766281398368,0.5665703234666647,0.5151880563280122,19.034673215391617,2386.8616666666667,,"fanduel@2.5,sgo_fair@2.5",1.0339203361349867,0.5495495495495496,0.5357409631834732,-0.013808586366076403,-0.025127099780893003,0.05138226713865246,-115.0,-104.0,pass,2026-10-01T00:09:59+00:00,sgo_slate_alt_20261001T000957Z.json
TBL@NYR,John Carlson,TBL,d1,PP1,SOG,over,2.5,fanduel,158,True,2.279397469456022,2.1682310857017844,0.39475786827544834,0.3665170484491601,23.336530975397352,2482.088333333333,,"fanduel@1.5,sgo_fair@1.5",1.0339203361349867,0.3875968992248062,0.3778133763796754,-0.009783522845130843,-0.02524148894043754,0.028240819826288233,165.0,183.0,pass,2026-10-01T00:09:59+00:00,sgo_slate_alt_20261001T000957Z.json
FLA@SJS,Brady Tkachuk,FLA,f1,PP1,SOG,over,1.5,fanduel,-660,True,4.161611620695293,3.210426051568009,0.9006799704528415,0.8103030699809141,18.336324644557457,1625.061666666667,,"fanduel@3.5,sgo_fair@3.0",1.0339203361349867,0.868421052631579,0.8464538301696851,-0.021967222461893865,-0.025295589501574622,0.09037690047192748,-551.0,-460.0,pass,2026-10-01T00:09:59+00:00,sgo_slate_alt_20261001T000957Z.json
TBL@NYR,Anthony Cirelli,TBL,f3,PP2,SOG,over,1.5,fanduel,-130,False,1.935100675831344,1.8474565130731613,0.565237607723448,0.5412844036697342,17.834008846162977,1902.255,,sgo_fair@1.5,1.0339203361349867,0.5652173913043478,0.5508656852912197,-0.014351706013128074,-0.025391479869380507,0.023953204053713817,-123.0,-111.0,pass,2026-10-01T00:09:59+00:00,sgo_slate_alt_20261001T000957Z.json
PHI@NJD,Nico Hischier,NJD,f2,PP1,G,over,0.5,fanduel,220,False,0.3946572147295233,0.34193494898247545,0.32608899357285204,0.28960558491430993,19.034673215391617,2386.8616666666667,,"fanduel@0.5,sgo_fair@0.5",1.0754488373749054,0.3125,0.30419894837772676,-0.008301051622273237,-0.026563365191274335,0.036483408658542105,229.0,258.0,pass,2026-10-01T00:09:59+00:00,sgo_slate_alt_20261001T000957Z.json
CHI@UTA,Nick Schmaltz,UTA,f1,PP1,SOG,over,0.5,fanduel,-1500,True,2.9878343027800813,2.362818149464866,0.9393925616147799,0.8941203604725043,20.83611851350571,2303.2216666666664,,"fanduel@2.5,sgo_fair@2.5",1.0339203361349867,0.9375,0.9122292409294146,-0.025270759070585402,-0.02695547634195783,0.04527220114227559,-1039.0,-787.0,pass,2026-10-01T00:09:59+00:00,sgo_slate_alt_20261001T000957Z.json
PHI@NJD,Timo Meier,NJD,f2,PP2,SOG,under,3.5,fanduel,-164,False,3.053357840576966,3.3092692125873775,0.6363287911523134,0.5832016749027289,17.43850901718873,2068.695,,"fanduel@3.5,sgo_fair@3.5",1.0339203361349867,0.6212121212121212,0.6044525214025627,-0.016759599809558545,-0.026978867986118593,0.05312711624958455,-153.0,-138.0,pass,2026-10-01T00:09:59+00:00,sgo_slate_alt_20261001T000957Z.json
CHI@UTA,Patrick Kane,CHI,f1,PP1,SOG,over,2.5,fanduel,118,False,2.5743867806709275,2.4297028074420486,0.4671453394142221,0.43217168118923655,18.591130609932456,1789.7158333333334,,"fanduel@2.5,sgo_fair@2.5",1.0339203361349867,0.45871559633027525,0.4461611444792307,-0.012554451851044535,-0.027368705035277108,0.03497365822498555,124.0,137.0,pass,2026-10-01T00:09:59+00:00,sgo_slate_alt_20261001T000957Z.json
MIN@NSH,Filip Forsberg,NSH,f2,PP1,G,over,0.5,fanduel,200,False,0.41711985280540637,0.37514766394221016,0.34105806082882784,0.3128122015606941,18.093543374480483,2236.0841666666665,,"fanduel@0.5,sgo_fair@0.5",1.0754488373749054,0.3333333333333333,0.3241105452679476,-0.009222788065385734,-0.027668364196157258,0.02824585926813372,209.0,234.0,pass,2026-10-01T00:09:59+00:00,sgo_slate_alt_20261001T000957Z.json
BUF@CBJ,Josh Norris,BUF,f1,PP2,G,over,0.5,fanduel,340,False,0.2635632925073061,0.24033820762635671,0.23169100730223813,0.21363813749125804,17.365948593963743,1158.9466666666667,,"fanduel@0.5,sgo_fair@0.5",1.0754488373749054,0.22727272727272727,0.2208592854156501,-0.006413441857077179,-0.028219144171139576,0.018052869810980088,353.0,411.0,pass,2026-10-01T00:09:59+00:00,sgo_slate_alt_20261001T000957Z.json
TBL@NYR,J.T. Miller,NYR,f2,PP1,SOG,over,0.5,fanduel,-750,True,1.9480764015269305,2.0977711323298287,0.8454708391462434,0.8652828196715264,17.338376745483124,1975.7875,,"fanduel@1.5,sgo_fair@2.0",1.0339203361349867,0.8823529411764706,0.8573580274614132,-0.024994913715057354,-0.028327568877065,-0.01981198052528299,-601.0,-497.0,pass,2026-10-01T00:09:59+00:00,sgo_slate_alt_20261001T000957Z.json
PHI@NJD,Travis Konecny,PHI,f2,PP2,SOG,over,1.5,fanduel,-132,False,1.928183311816454,1.8624558779234497,0.5633833927177262,0.5454545454545563,17.84048622674409,2230.1783333333337,,sgo_fair@1.5,1.0339203361349867,0.5689655172413793,0.5526260843598243,-0.016339432881555038,-0.028717791125157266,0.0179288472631699,-124.0,-112.0,pass,2026-10-01T00:09:59+00:00,sgo_slate_alt_20261001T000957Z.json
BUF@CBJ,Josh Norris,BUF,f1,PP2,SOG,over,2.5,fanduel,265,True,1.7829727775425919,1.7777810810073336,0.26687050173561166,0.26552885518769104,17.365948593963743,1158.9466666666667,,sgo_fair@1.5,1.0339203361349867,0.273972602739726,0.2660655138068593,-0.007907088932866735,-0.02886087460496367,0.0013416465479206274,276.0,315.0,pass,2026-10-01T00:09:59+00:00,sgo_slate_alt_20261001T000957Z.json
FLA@SJS,Carter Verhaeghe,FLA,f2,PP2,SOG,over,0.5,fanduel,-1200,True,2.756198950935808,2.196560209029023,0.9255934519830549,0.8768882301936949,18.096277014470513,2026.48,,"fanduel@2.5,sgo_fair@2.0",1.0339203361349867,0.9230769230769231,0.8963703189094389,-0.02670660416748427,-0.0289321545147746,0.04870522178935999,-865.0,-677.0,pass,2026-10-01T00:09:59+00:00,sgo_slate_alt_20261001T000957Z.json
BUF@CBJ,Tage Thompson,BUF,f1,PP1,SOG,over,1.5,fanduel,-500,True,3.450838505240929,3.0539086031235834,0.8387383993533711,0.7892859606432031,19.217381242661318,2200.2008333333333,,"fanduel@2.5,sgo_fair@2.5",1.0339203361349867,0.8333333333333334,0.8090669361272703,-0.02426639720606305,-0.02911967664727566,0.04945243871016802,-424.0,-363.0,pass,2026-10-01T00:09:59+00:00,sgo_slate_alt_20261001T000957Z.json
PHI@NJD,Matvei Michkov,PHI,f3,PP1,SOG,over,1.5,fanduel,-144,False,1.790342884608038,2.0886814525819055,0.5251387661777028,0.6048071929839661,13.205777809079692,1802.7041666666667,,"fanduel@1.5,sgo_fair@2.0",1.0339203361349867,0.5901639344262295,0.5729398222614608,-0.017224112164768712,-0.02918530116808038,-0.07966842680626329,-134.0,-121.0,pass,2026-10-01T00:09:59+00:00,sgo_slate_alt_20261001T000957Z.json
BUF@CBJ,Tage Thompson,BUF,f1,PP1,SOG,over,5.5,fanduel,700,True,3.450838505240929,3.0539086031235834,0.14984306487038515,0.10228129676571358,19.217381242661318,2200.2008333333333,,"fanduel@2.5,sgo_fair@2.5",1.0339203361349867,0.125,0.12130600400758221,-0.0036939959924177923,-0.02955196793934234,0.04756176810467157,724.0,938.0,pass,2026-10-01T00:09:59+00:00,sgo_slate_alt_20261001T000957Z.json
FLA@SJS,Sam Bennett,FLA,f2,PP2,SOG,over,1.5,fanduel,-280,True,2.8258569748622735,2.4617321848445335,0.7547117404261299,0.6885363666019761,17.718155050618147,2021.4766666666667,,"fanduel@2.5,sgo_fair@2.5",1.0339203361349867,0.7368421052631579,0.7150065161316377,-0.021835589131520172,-0.02963401382134878,0.06617537382415373,-251.0,-223.0,pass,2026-10-01T00:09:59+00:00,sgo_slate_alt_20261001T000957Z.json
MIN@NSH,Kirill Kaprizov,MIN,f2,PP1,G,over,0.5,fanduel,140,False,0.549370675235488,0.4976653732997299,0.422686986541602,0.3920516633854136,21.14032768555998,2141.9675,,"fanduel@0.5,sgo_fair@0.5",1.0754488373749054,0.4166666666666667,0.4043057926478889,-0.012360874018777779,-0.02966609764506667,0.030635323156188388,147.0,164.0,pass,2026-10-01T00:09:59+00:00,sgo_slate_alt_20261001T000957Z.json
TBL@NYR,Pavel Dorofeyev,NYR,f2,PP1,SOG,over,3.5,fanduel,220,True,2.9027062230941,2.6748208835778766,0.3319874128765161,0.2840493618811466,16.81961555651354,2069.2158333333336,,"fanduel@2.5,sgo_fair@2.5",1.0339203361349867,0.3125,0.3032245822792944,-0.009275417720705614,-0.029681336706257944,0.04793805099536952,230.0,259.0,pass,2026-10-01T00:09:59+00:00,sgo_slate_alt_20261001T000957Z.json
CHI@UTA,Patrick Kane,CHI,f1,PP1,PTS,over,0.5,fanduel,-138,False,0.8514434986536538,0.8109302162163293,0.5732015958445186,0.5555555555555557,18.591130609932456,1789.7158333333334,,sgo_fair@0.5,1.088912284783392,0.5798319327731093,0.5626139716711409,-0.017217961101968382,-0.02969474450919174,0.017646040288962883,-129.0,-116.0,pass,2026-10-01T00:09:59+00:00,sgo_slate_alt_20261001T000957Z.json
MIN@NSH,Joel Eriksson Ek,MIN,f1,PP1,G,over,0.5,fanduel,210,False,0.39627532108105135,0.36167015429661054,0.32717857148850954,0.30348792852955575,20.472082233759373,1744.6958333333334,,"fanduel@0.5,sgo_fair@0.5",1.0754488373749054,0.3225806451612903,0.3129641857131373,-0.009616459448153036,-0.0298110242892744,0.02369064295895379,220.0,247.0,pass,2026-10-01T00:09:59+00:00,sgo_slate_alt_20261001T000957Z.json
CHI@UTA,Vincent Trocheck,UTA,f1,PP2,SOG,over,1.5,fanduel,-140,False,2.0418671653805784,1.870715974600827,0.5930687059306885,0.5477385532349592,19.050271205113418,2155.485833333333,,"fanduel@1.5,sgo_fair@1.5",1.0339203361349867,0.5833333333333334,0.565870614313251,-0.01746271902008234,-0.029936089748712424,0.045330152695729264,-130.0,-118.0,pass,2026-10-01T00:09:59+00:00,sgo_slate_alt_20261001T000957Z.json
CHI@UTA,Anders Lee,UTA,f2,PP2,SOG,over,0.5,fanduel,-1200,True,2.7454447177484838,2.1827925754033437,0.9248779904434983,0.8753355961577358,16.123686897909316,1911.8274999999999,,"fanduel@1.5,fanduel@2.5,sgo_fair@2.5",1.0339203361349867,0.9230769230769231,0.8951525538720408,-0.027924369204882282,-0.030251399971955806,0.04954239428576246,-854.0,-670.0,pass,2026-10-01T00:09:59+00:00,sgo_slate_alt_20261001T000957Z.json
CHI@UTA,Clayton Keller,UTA,f1,PP1,SOG,over,1.5,fanduel,-490,True,3.2604012510125333,3.114668750989253,0.8165831435891611,0.7976939908689566,20.237852932226836,2261.8883333333333,,"fanduel@2.5,sgo_fair@3.0",1.0339203361349867,0.8305084745762712,0.8052496519570385,-0.025258822619232735,-0.030413684378259864,0.018889152720204416,-413.0,-355.0,pass,2026-10-01T00:09:59+00:00,sgo_slate_alt_20261001T000957Z.json
TBL@NYR,Brandon Hagel,TBL,f2,PP1,SOG,over,1.5,fanduel,-500,True,3.2625361680446177,3.1422770479028137,0.8168469574884308,0.8014086937681997,21.22918902363336,2168.3941666666665,,"fanduel@2.5,sgo_fair@3.0",1.0339203361349867,0.8333333333333334,0.8075839992562921,-0.025749334077041275,-0.030899200892449574,0.01543826372023116,-420.0,-360.0,pass,2026-10-01T00:09:59+00:00,sgo_slate_alt_20261001T000957Z.json
PHI@NJD,Tyson Foerster,PHI,f2,PP1,SOG,over,0.5,fanduel,-780,True,1.9483394960006504,2.118508586293774,0.8455082134192993,0.8678104348012544,17.605628457469237,1116.2733333333333,,"fanduel@1.5,sgo_fair@2.0",1.0339203361349867,0.8863636363636364,0.8588895462484724,-0.027474090115163996,-0.030996409360697808,-0.022302221381955145,-609.0,-502.0,pass,2026-10-01T00:09:59+00:00,sgo_slate_alt_20261001T000957Z.json
EDM@VAN,Evan Bouchard,EDM,d1,PP1,SOG,over,1.5,fanduel,-415,True,2.8585320557896177,3.0877496577394368,0.7599706297387017,0.7940087764114968,24.08588546330676,2914.8791666666666,,"fanduel@2.5,sgo_fair@3.0",1.0339203361349867,0.8058252427184466,0.7803935177423788,-0.025431724976067827,-0.03155985147632523,-0.034038146672795144,-355.0,-309.0,pass,2026-10-01T00:09:59+00:00,sgo_slate_alt_20261001T000957Z.json
BUF@CBJ,Rasmus Dahlin,BUF,d1,PP1,SOG,under,2.5,fanduel,116,False,2.677459398565971,3.1422770479028137,0.5086586919497358,0.4081374606874376,23.862363349290565,2658.44,,"fanduel@2.5,sgo_fair@3.0",1.0339203361349867,0.46296296296296297,0.44834595319235687,-0.014617009770606093,-0.03157274110450914,0.10052123126229817,123.0,136.0,pass,2026-10-01T00:09:59+00:00,sgo_slate_alt_20261001T000957Z.json
TBL@NYR,Brandon Hagel,TBL,f2,PP1,G,over,1.5,fanduel,1200,True,0.5063523332662148,0.404358607162586,0.09213653281125266,0.06272440578948145,21.22918902363336,2168.3941666666665,,"fanduel@0.5,sgo_fair@0.5",1.0754488373749054,0.07692307692307693,0.07448925659818993,-0.0024338203248869955,-0.03163966422353093,0.029412127021771206,1242.0,1921.0,pass,2026-10-01T00:09:59+00:00,sgo_slate_alt_20261001T000957Z.json
CHI@UTA,Vincent Trocheck,UTA,f1,PP2,SOG,over,2.5,fanduel,215,True,2.0418671653805784,1.870715974600827,0.3339961960273589,0.28960362716224597,19.050271205113418,2155.485833333333,,"fanduel@1.5,sgo_fair@1.5",1.0339203361349867,0.31746031746031744,0.30736065470829116,-0.010099662752026284,-0.03181393766888285,0.04439256886511295,225.0,254.0,pass,2026-10-01T00:09:59+00:00,sgo_slate_alt_20261001T000957Z.json
SEA@CGY,Matvei Gridin,CGY,f1,PP1,SOG,over,1.5,fanduel,-182,False,2.3062947292521727,2.0854745994937516,0.6557237394541077,0.6040120752995936,17.12642833728254,561.0833333333334,,"fanduel@1.5,sgo_fair@1.5",1.0339203361349867,0.6453900709219859,0.6246967409613993,-0.020693329960586593,-0.032063291477392286,0.051711664154514114,-166.0,-150.0,pass,2026-10-01T00:09:59+00:00,sgo_slate_alt_20261001T000957Z.json
SEA@CGY,Jared McCann,SEA,f1,PP1,SOG,over,2.5,fanduel,136,False,2.4144620365671794,2.2894716411614273,0.4284246684928251,0.3972954542214289,16.343716667313814,1489.6441666666665,,"fanduel@2.5,sgo_fair@2.5",1.0339203361349867,0.423728813559322,0.4097471399299874,-0.013981673629334612,-0.032996749765229594,0.0311292142713962,144.0,160.0,pass,2026-10-01T00:09:59+00:00,sgo_slate_alt_20261001T000957Z.json
PHI@NJD,Tyson Foerster,PHI,f2,PP1,SOG,over,1.5,fanduel,-160,False,1.9483394960006504,2.118508586293774,0.568768955040149,0.6121395493805779,17.605628457469237,1116.2733333333333,,"fanduel@1.5,sgo_fair@2.0",1.0339203361349867,0.6153846153846154,0.5947913116444064,-0.020593303740209068,-0.03346411857783971,-0.04337059434042889,-147.0,-132.0,pass,2026-10-01T00:09:59+00:00,sgo_slate_alt_20261001T000957Z.json
MIN@NSH,Jonathan Marchessault,NSH,f3,PP2,SOG,over,0.5,fanduel,-900,True,2.3057709554738555,2.0322372534115876,0.8885108368035778,0.8569578182332092,16.198145979345142,1666.84,,"fanduel@1.5,sgo_fair@1.5",1.0339203361349867,0.9,0.8695790256613567,-0.030420974338643325,-0.03380108259849257,0.03155301857036863,-667.0,-543.0,pass,2026-10-01T00:09:59+00:00,sgo_slate_alt_20261001T000957Z.json
SEA@CGY,Matvei Gridin,CGY,f1,PP1,SOG,over,0.5,fanduel,-950,True,2.3062947292521727,2.0854745994937516,0.8885637293166283,0.8637602322096781,17.12642833728254,561.0833333333334,,"fanduel@1.5,sgo_fair@1.5",1.0339203361349867,0.9047619047619048,0.8736816310524582,-0.03108027370944655,-0.03435188146833579,0.02480349710695018,-692.0,-561.0,pass,2026-10-01T00:09:59+00:00,sgo_slate_alt_20261001T000957Z.json
MIN@NSH,Filip Forsberg,NSH,f2,PP1,SOG,over,3.5,fanduel,142,True,3.276477323052111,3.1862313158077247,0.4100641166075022,0.3914073134849456,18.093543374480483,2236.0841666666665,,"fanduel@2.5,sgo_fair@2.5",1.0339203361349867,0.4132231404958678,0.39887003473396826,-0.01435310576189952,-0.03473451594379684,0.018656803122556576,151.0,167.0,pass,2026-10-01T00:09:59+00:00,sgo_slate_alt_20261001T000957Z.json
BUF@CBJ,Zach Werenski,CBJ,d1,PP1,SOG,over,3.5,fanduel,102,False,3.733883593502363,3.534772334645364,0.5010953588927444,0.46231004337554454,26.120375996915733,2970.9316666666664,,"fanduel@3.5,sgo_fair@3.5",1.0339203361349867,0.49504950495049505,0.47782416958242446,-0.017225335368070582,-0.03479517744350258,0.038785315517199825,109.0,121.0,pass,2026-10-01T00:09:59+00:00,sgo_slate_alt_20261001T000957Z.json
PHI@NJD,Luke Hughes,NJD,d2,PP1,SOG,under,2.5,fanduel,-182,False,2.0934062161453415,2.2884746897692465,0.6526976140958186,0.602955492470587,22.43042660874675,2240.764166666667,,"fanduel@2.5,sgo_fair@2.5",1.0339203361349867,0.6453900709219859,0.6228523411206797,-0.022537729801306194,-0.03492109782400177,0.04974212162523162,-165.0,-149.0,pass,2026-10-01T00:09:59+00:00,sgo_slate_alt_20261001T000957Z.json
CHI@UTA,Dylan Guenther,UTA,f2,PP1,SOG,over,1.5,fanduel,-580,True,3.6044769999295903,3.1471695845829313,0.8547098242155404,0.8020602065139617,18.667151628483552,1909.7266666666667,,"fanduel@2.5,sgo_fair@2.5",1.0339203361349867,0.8529411764705882,0.8231200535945932,-0.029821122875995032,-0.034962695785649256,0.05264961770157872,-465.0,-395.0,pass,2026-10-01T00:09:59+00:00,sgo_slate_alt_20261001T000957Z.json
BUF@CBJ,Josh Doan,BUF,f1,PP1,SOG,over,2.5,fanduel,150,False,2.3231126614842603,2.1930379331338075,0.4057400835506346,0.3728540297911914,16.928142229241978,1611.3025,,"fanduel@2.5,sgo_fair@2.0",1.0339203361349867,0.4,0.38600845129496875,-0.013991548705031276,-0.03497887176257808,0.0328860537594432,159.0,177.0,pass,2026-10-01T00:09:59+00:00,sgo_slate_alt_20261001T000957Z.json
SEA@CGY,Jordan Eberle,SEA,f2,PP1,SOG,over,0.5,fanduel,-870,True,2.0698825232308073,2.118508586293774,0.8618036828337179,0.8678104348012544,17.136518088982847,1785.4891666666667,,"fanduel@1.5,sgo_fair@2.0",1.0339203361349867,0.8969072164948454,0.8654077340142399,-0.03149948248060552,-0.03512011265078996,-0.006006751967536528,-643.0,-527.0,pass,2026-10-01T00:09:59+00:00,sgo_slate_alt_20261001T000957Z.json
FLA@SJS,Sam Bennett,FLA,f2,PP2,SOG,over,0.5,fanduel,-1800,True,2.8258569748622735,2.4617321848445335,0.9300585498791236,0.9031585852003551,17.718155050618147,2021.4766666666667,,"fanduel@2.5,sgo_fair@2.5",1.0339203361349867,0.9473684210526315,0.9139185710718625,-0.03344984998076905,-0.035308174979700735,0.02689996467876854,-1062.0,-800.0,pass,2026-10-01T00:09:59+00:00,sgo_slate_alt_20261001T000957Z.json
MIN@NSH,Quinn Hughes,MIN,d1,PP1,SOG,over,2.5,fanduel,-110,False,2.8423066645425767,2.6679574205629906,0.5286637195381096,0.48913745274258236,27.76691338944863,2839.8958333333335,,"fanduel@2.5,sgo_fair@2.5",1.0339203361349867,0.5238095238095238,0.5049479594607933,-0.018861564348730542,-0.0360084410293946,0.03952626679552729,-102.0,108.0,pass,2026-10-01T00:09:59+00:00,sgo_slate_alt_20261001T000957Z.json
SEA@CGY,Jared McCann,SEA,f1,PP1,SOG,over,1.5,fanduel,-220,True,2.4144620365671794,2.2894716411614273,0.6788614702015131,0.6519979543081871,16.343716667313814,1489.6441666666665,,"fanduel@2.5,sgo_fair@2.5",1.0339203361349867,0.6875,0.6627433606655175,-0.024756639334482466,-0.03600965721379268,0.02686351589332603,-197.0,-176.0,pass,2026-10-01T00:09:59+00:00,sgo_slate_alt_20261001T000957Z.json
BUF@CBJ,Zach Benson,BUF,f2,PP1,SOG,over,0.5,fanduel,-950,True,2.106962366844294,2.187282496495688,0.8664092821698997,0.8758441796380724,17.654666812253005,1532.8558333333335,,sgo_fair@2.0,1.0339203361349867,0.9047619047619048,0.8720702206508033,-0.03269168411110146,-0.03613291401753327,-0.00943489746817272,-682.0,-554.0,pass,2026-10-01T00:09:59+00:00,sgo_slate_alt_20261001T000957Z.json
BUF@CBJ,Valeri Nichushkin,CBJ,f2,PP2,SOG,over,0.5,fanduel,-750,True,2.09744734701025,1.9136645409718416,0.8652429565494089,0.8405000353219056,15.486949849826448,1658.1675,,sgo_fair@1.5,1.0339203361349867,0.8823529411764706,0.8503972038129068,-0.03195573736356372,-0.036216502345372215,0.024742921227503212,-568.0,-473.0,pass,2026-10-01T00:09:59+00:00,sgo_slate_alt_20261001T000957Z.json
EDM@VAN,Vasily Podkolzin,EDM,f2,PP1,G,under,0.5,fanduel,-320,False,0.2630593180445822,0.3405981350182013,0.7686962983974559,0.7113447153056998,16.202147733885372,1766.9241666666667,,"fanduel@0.5,sgo_fair@0.5",1.0754488373749054,0.7619047619047619,0.7342853485424022,-0.027619413362359624,-0.036250480038097055,0.05735158309175614,-276.0,-244.0,pass,2026-10-01T00:09:59+00:00,sgo_slate_alt_20261001T000957Z.json
FLA@SJS,Aleksander Barkov,FLA,f1,PP1,G,over,1.5,fanduel,2000,True,0.3561246805222109,0.3265432347953142,0.05019022183086931,0.04301422097683872,20.354723500204337,631.3108333333333,,"fanduel@0.5,sgo_fair@0.5",1.0754488373749054,0.047619047619047616,0.04588462131845096,-0.001734426300596656,-0.03642295231252979,0.007176000854030591,2079.0,4688.0,pass,2026-10-01T00:09:59+00:00,sgo_slate_alt_20261001T000957Z.json
FLA@SJS,Macklin Celebrini,SJS,f1,PP1,G,under,0.5,fanduel,-175,False,0.45692757555243224,0.5123535535096525,0.6332261994597503,0.5990839421680239,19.39619168781531,2371.225,,"fanduel@0.5,sgo_fair@0.5",1.0754488373749054,0.6363636363636364,0.6127408450847145,-0.023622791278921862,-0.03712152915259148,0.034142257291726485,-158.0,-143.0,pass,2026-10-01T00:09:59+00:00,sgo_slate_alt_20261001T000957Z.json
MIN@NSH,Kirill Kaprizov,MIN,f2,PP1,SOG,over,4.5,fanduel,260,True,3.4659035491824945,3.396618668885932,0.2747773719824814,0.26252863484895145,21.14032768555998,2141.9675,,"fanduel@3.5,sgo_fair@3.5",1.0339203361349867,0.2777777777777778,0.2674281297023634,-0.010349648075414386,-0.037258733071491745,0.012248737133529974,274.0,312.0,pass,2026-10-01T00:09:59+00:00,sgo_slate_alt_20261001T000957Z.json
CHI@UTA,Clayton Keller,UTA,f1,PP1,G,over,0.5,fanduel,200,False,0.41369167312995864,0.36955126871352584,0.3387952129572806,0.30895564570439116,20.237852932226836,2261.8883333333333,,"fanduel@0.5,sgo_fair@0.5",1.0754488373749054,0.3333333333333333,0.32089147260554696,-0.012441860727786358,-0.03732558218335913,0.029839567252889443,212.0,238.0,pass,2026-10-01T00:09:59+00:00,sgo_slate_alt_20261001T000957Z.json
FLA@SJS,Sam Reinhart,FLA,f1,PP1,SOG,over,0.5,fanduel,-2000,True,2.7110359460092397,2.5779388484066743,0.9225401381068198,0.9127565171686609,19.766180361811095,2112.1575000000003,,"fanduel@2.5,sgo_fair@2.5",1.0339203361349867,0.9523809523809523,0.9166699655439244,-0.03571098683702789,-0.03749653617887927,0.009783620938158877,-1100.0,-823.0,pass,2026-10-01T00:09:59+00:00,sgo_slate_alt_20261001T000957Z.json
BUF@CBJ,Josh Doan,BUF,f1,PP1,G,over,0.5,fanduel,250,False,0.3373779842543059,0.3111559839716327,0.2863609554053717,0.267400406837729,16.928142229241978,1611.3025,,"fanduel@0.5,sgo_fair@0.5",1.0754488373749054,0.2857142857142857,0.27498462626478604,-0.010729659449499662,-0.03755380807324893,0.018960548567642732,264.0,300.0,pass,2026-10-01T00:09:59+00:00,sgo_slate_alt_20261001T000957Z.json
TBL@NYR,Anthony Cirelli,TBL,f3,PP2,SOG,over,0.5,fanduel,-660,True,1.935100675831344,1.8474565130731613,0.8436157790125995,0.8304604813523456,17.834008846162977,1902.255,,sgo_fair@1.5,1.0339203361349867,0.868421052631579,0.8357226004164472,-0.03269845221513179,-0.037652763156818314,0.013155297660253917,-509.0,-428.0,pass,2026-10-01T00:09:59+00:00,sgo_slate_alt_20261001T000957Z.json
EDM@VAN,Connor McDavid,EDM,f1,PP1,SOG,under,3.5,fanduel,-120,False,3.4703017494226645,3.689619494817673,0.5505457489495272,0.507399236863028,21.633797863857367,2572.545,,"fanduel@3.5,sgo_fair@3.5",1.0339203361349867,0.5454545454545454,0.5246578416976277,-0.020796703756917667,-0.038127290221015686,0.04314651208649922,-110.0,100.0,pass,2026-10-01T00:09:59+00:00,sgo_slate_alt_20261001T000957Z.json
PHI@NJD,Travis Konecny,PHI,f2,PP2,SOG,over,0.5,fanduel,-670,True,1.928183311816454,1.8624558779234497,0.8426173501570802,0.832791378191978,17.84048622674409,2230.1783333333337,,sgo_fair@1.5,1.0339203361349867,0.8701298701298701,0.8367217669780189,-0.033408103151851165,-0.038394387204366276,0.009825971965102154,-512.0,-431.0,pass,2026-10-01T00:09:59+00:00,sgo_slate_alt_20261001T000957Z.json
PHI@NJD,Jack Hughes,NJD,f1,PP1,PTS,over,0.5,fanduel,-265,True,1.2802167073700776,1.146193220620832,0.7220229457508366,0.6821555671007066,20.883487378393436,1883.3825000000002,,sgo_fair@1.0,1.088912284783392,0.726027397260274,0.6981025185607586,-0.027924878699515432,-0.03846256877480436,0.039867378650130014,-231.0,-206.0,pass,2026-10-01T00:09:59+00:00,sgo_slate_alt_20261001T000957Z.json
FLA@SJS,Aleksander Barkov,FLA,f1,PP1,G,over,0.5,fanduel,235,False,0.3561246805222109,0.3265432347953142,0.2996147096125543,0.27858681577700384,20.354723500204337,631.3108333333333,,"fanduel@0.5,sgo_fair@0.5",1.0754488373749054,0.29850746268656714,0.286997973311224,-0.01150948937534313,-0.038556789407399594,0.021027893835550482,248.0,282.0,pass,2026-10-01T00:09:59+00:00,sgo_slate_alt_20261001T000957Z.json
PHI@NJD,Matvei Michkov,PHI,f3,PP1,SOG,over,2.5,fanduel,205,True,1.790342884608038,2.0886814525819055,0.2687759413948174,0.34608467413290606,13.205777809079692,1802.7041666666667,,"fanduel@1.5,sgo_fair@2.0",1.0339203361349867,0.32786885245901637,0.3151611810376706,-0.012707671421345768,-0.03875839783510471,-0.07730873273808864,217.0,245.0,pass,2026-10-01T00:09:59+00:00,sgo_slate_alt_20261001T000957Z.json
FLA@SJS,Sam Reinhart,FLA,f1,PP1,SOG,over,2.5,fanduel,100,False,2.7110359460092397,2.5779388484066743,0.49908415492966873,0.4679895621134433,19.766180361811095,2112.1575000000003,,"fanduel@2.5,sgo_fair@2.5",1.0339203361349867,0.5,0.48042739923993344,-0.01957260076006656,-0.03914520152013312,0.031094592816225453,108.0,120.0,pass,2026-10-01T00:09:59+00:00,sgo_slate_alt_20261001T000957Z.json
SEA@CGY,Jordan Eberle,SEA,f2,PP1,SOG,over,3.5,fanduel,470,True,2.0698825232308073,2.118508586293774,0.16312361904612122,0.1721951327741904,17.136518088982847,1785.4891666666667,,"fanduel@1.5,sgo_fair@2.0",1.0339203361349867,0.17543859649122806,0.16856652728296273,-0.00687206920826533,-0.03917079448711236,-0.009071513728069192,493.0,597.0,pass,2026-10-01T00:09:59+00:00,sgo_slate_alt_20261001T000957Z.json
MIN@NSH,Joel Eriksson Ek,MIN,f1,PP1,SOG,over,2.5,fanduel,-152,False,3.165330776112405,3.024969876424065,0.5964567597463177,0.5678978030602291,20.472082233759373,1744.6958333333334,,"fanduel@2.5,sgo_fair@2.5",1.0339203361349867,0.6031746031746031,0.5793213857346645,-0.023853217439938623,-0.039546123650424536,0.028558956686088655,-138.0,-124.0,pass,2026-10-01T00:09:59+00:00,sgo_slate_alt_20261001T000957Z.json
SEA@CGY,Matt Coronato,CGY,f1,PP1,SOG,over,0.5,fanduel,-2000,True,2.7134434237986147,2.5348875601864163,0.9227061582043602,0.9093222006474737,17.373857393773008,1941.2683333333334,,"fanduel@2.5,sgo_fair@2.5",1.0339203361349867,0.9523809523809523,0.9146757836702283,-0.037705168710724046,-0.039590427146260265,0.013383957556886483,-1072.0,-806.0,pass,2026-10-01T00:09:59+00:00,sgo_slate_alt_20261001T000957Z.json
SEA@CGY,Jared McCann,SEA,f1,PP1,SOG,over,0.5,fanduel,-1300,True,2.4144620365671794,2.2894716411614273,0.8989443419359383,0.8868516952329005,16.343716667313814,1489.6441666666665,,"fanduel@2.5,sgo_fair@2.5",1.0339203361349867,0.9285714285714286,0.8916887539141156,-0.036882674657312986,-0.03971980347710635,0.01209264670303778,-823.0,-650.0,pass,2026-10-01T00:09:59+00:00,sgo_slate_alt_20261001T000957Z.json
CHI@UTA,Anton Frondell,CHI,f1,PP1,SOG,under,2.5,fanduel,-138,False,2.3958742845082224,2.529069238317817,0.5761603194163545,0.5436878185213763,17.627307836143608,229.98333333333332,,"fanduel@2.5,sgo_fair@2.5",1.0339203361349867,0.5798319327731093,0.5566768188793676,-0.023155113893741697,-0.03993418193268483,0.03247250089497822,-126.0,-114.0,pass,2026-10-01T00:09:59+00:00,sgo_slate_alt_20261001T000957Z.json
CHI@UTA,Logan Cooley,UTA,f2,PP1,PTS,over,2.5,fanduel,1400,True,1.0579909253353157,0.7884573603642702,0.09127146105527002,0.045777334127015235,19.23056871640399,1538.5200000000002,,sgo_fair@0.5,1.088912284783392,0.06666666666666667,0.06397498489831716,-0.0026916817683495103,-0.04037522652524261,0.04549412692825479,1463.0,2466.0,pass,2026-10-01T00:09:59+00:00,sgo_slate_alt_20261001T000957Z.json
PHI@NJD,Owen Tippett,PHI,f1,PP2,SOG,over,0.5,fanduel,-1500,True,2.5474313551395276,2.341919608589667,0.9103371991918118,0.8921004144938547,17.390145884502914,1918.3983333333333,,"fanduel@2.5,sgo_fair@2.5",1.0339203361349867,0.9375,0.8993951283730376,-0.03810487162696241,-0.0406451964020933,0.018236784697957087,-894.0,-696.0,pass,2026-10-01T00:09:59+00:00,sgo_slate_alt_20261001T000957Z.json
PHI@NJD,Dougie Hamilton,NJD,d1,PP2,SOG,over,1.5,fanduel,-265,True,2.605830642530958,2.4348213025663448,0.7164473519479677,0.6830605375394333,21.117492077135786,2230.4283333333337,,"fanduel@2.5,sgo_fair@2.5",1.0339203361349867,0.726027397260274,0.6964152633028471,-0.0296121339574269,-0.04078652413004091,0.033386814408534415,-229.0,-204.0,pass,2026-10-01T00:09:59+00:00,sgo_slate_alt_20261001T000957Z.json
TBL@NYR,Alexis Lafrenière,NYR,f1,PP1,G,under,0.5,fanduel,-400,False,0.22409402336960388,0.2933847911160561,0.799239983600076,0.7457351332276037,18.323826239617773,0.0,no NHL data: 85% of positional prior,"fanduel@0.5,sgo_fair@0.5",1.0754488373749054,0.8,0.7671370733765925,-0.03286292662340751,-0.04107865827925927,0.05350485037247232,-329.0,-288.0,pass,2026-10-01T00:09:59+00:00,sgo_slate_alt_20261001T000957Z.json
BUF@CBJ,Tage Thompson,BUF,f1,PP1,G,over,0.5,fanduel,170,False,0.46110221835625353,0.42396556075064523,0.3694117835873922,0.34555357983579055,19.217381242661318,2200.2008333333333,,"fanduel@0.5,sgo_fair@0.5",1.0754488373749054,0.37037037037037035,0.3550968613364312,-0.015273509033939148,-0.04123847439163564,0.023858203751601637,182.0,203.0,pass,2026-10-01T00:09:59+00:00,sgo_slate_alt_20261001T000957Z.json
BUF@CBJ,Josh Norris,BUF,f1,PP2,SOG,over,0.5,fanduel,-590,True,1.7829727775425919,1.7777810810073336,0.8200461811620319,0.8191791319630781,17.365948593963743,1158.9466666666667,,sgo_fair@1.5,1.0339203361349867,0.855072463768116,0.8195259516426596,-0.03554651212545634,-0.04157134468909296,0.000867049198953751,-454.0,-387.0,pass,2026-10-01T00:09:59+00:00,sgo_slate_alt_20261001T000957Z.json
PHI@NJD,Trevor Zegras,PHI,f1,PP1,G,over,0.5,fanduel,340,False,0.25780169922207563,0.23764798637558193,0.2272515464660625,0.2115198019799177,18.20542805617276,1953.2883333333334,,"fanduel@0.5,sgo_fair@0.5",1.0754488373749054,0.22727272727272727,0.21781249977437564,-0.009460227498351625,-0.04162500099274713,0.015731744486144783,359.0,419.0,pass,2026-10-01T00:09:59+00:00,sgo_slate_alt_20261001T000957Z.json
CHI@UTA,Frank Nazar,CHI,f3,PP2,SOG,over,0.5,fanduel,-750,True,1.7741120201753298,2.0823091582902173,0.8185637414162146,0.8633653762592175,16.08366611946304,1587.1658333333332,,"fanduel@1.5,sgo_fair@2.0",1.0339203361349867,0.8823529411764706,0.8454447223220163,-0.03690821885445428,-0.041829314701714915,-0.044801634843002924,-547.0,-457.0,pass,2026-10-01T00:09:59+00:00,sgo_slate_alt_20261001T000957Z.json
SEA@CGY,Matty Beniers,SEA,f1,PP2,SOG,over,0.5,fanduel,-800,True,1.8324595926792473,2.112661517158598,0.8280959964244163,0.8671028128989008,18.137546517651973,2270.2633333333333,,"fanduel@1.5,sgo_fair@2.0",1.0339203361349867,0.8888888888888888,0.851500086309107,-0.03738880257978183,-0.0420624029022546,-0.03900681647448445,-573.0,-476.0,pass,2026-10-01T00:09:59+00:00,sgo_slate_alt_20261001T000957Z.json
SEA@CGY,Matt Coronato,CGY,f1,PP1,SOG,over,3.5,fanduel,255,True,2.7134434237986147,2.5348875601864163,0.2921460775588578,0.2549265956194849,17.373857393773008,1941.2683333333334,,"fanduel@2.5,sgo_fair@2.5",1.0339203361349867,0.28169014084507044,0.2698143883952341,-0.011875752449836352,-0.042158921196919,0.03721948193937291,271.0,308.0,pass,2026-10-01T00:09:59+00:00,sgo_slate_alt_20261001T000957Z.json
FLA@SJS,Sam Reinhart,FLA,f1,PP1,SOG,over,1.5,fanduel,-305,True,2.7110359460092397,2.5779388484066743,0.7353769446739806,0.7112270342478858,19.766180361811095,2112.1575000000003,,"fanduel@2.5,sgo_fair@2.5",1.0339203361349867,0.7530864197530864,0.7208869984183237,-0.03219942133476272,-0.04275660865763575,0.024149910426094823,-258.0,-229.0,pass,2026-10-01T00:09:59+00:00,sgo_slate_alt_20261001T000957Z.json
BUF@CBJ,Josh Norris,BUF,f1,PP2,SOG,over,1.5,fanduel,-120,False,1.7829727775425919,1.7777810810073336,0.5230245848820299,0.5215311004784731,17.365948593963743,1158.9466666666667,,sgo_fair@1.5,1.0339203361349867,0.5454545454545454,0.5221284942398958,-0.02332605121464959,-0.04276442722685758,0.0014934844035567885,-109.0,101.0,pass,2026-10-01T00:09:59+00:00,sgo_slate_alt_20261001T000957Z.json
FLA@SJS,Brady Tkachuk,FLA,f1,PP1,G,over,0.5,fanduel,150,False,0.514884709945396,0.4616479970043424,0.40243051553450226,0.36975585127070854,18.336324644557457,1625.061666666667,,"fanduel@0.5,sgo_fair@0.5",1.0754488373749054,0.4,0.382825716976226,-0.017174283023773995,-0.04293570755943499,0.03267466426379373,161.0,179.0,pass,2026-10-01T00:09:59+00:00,sgo_slate_alt_20261001T000957Z.json
PHI@NJD,Dougie Hamilton,NJD,d1,PP2,SOG,over,0.5,fanduel,-1800,True,2.605830642530958,2.4348213025663448,0.9149087319910681,0.900782439870078,21.117492077135786,2230.4283333333337,,"fanduel@2.5,sgo_fair@2.5",1.0339203361349867,0.9473684210526315,0.906432956718474,-0.04093546433415751,-0.04320965679716626,0.014126292120990147,-969.0,-743.0,pass,2026-10-01T00:09:59+00:00,sgo_slate_alt_20261001T000957Z.json
TBL@NYR,Oliver Bjorkstrand,NYR,f2,PP2,SOG,over,0.5,fanduel,-750,True,1.7261556450338593,2.103868945226967,0.8103159732943825,0.8660312605123359,13.857458332410221,1643.9725,,"fanduel@1.5,sgo_fair@2.0",1.0339203361349867,0.8823529411764706,0.8437451456251546,-0.03860779555131599,-0.04375550162482489,-0.05571528721795338,-540.0,-452.0,pass,2026-10-01T00:09:59+00:00,sgo_slate_alt_20261001T000957Z.json
PHI@NJD,Jesper Bratt,NJD,f1,PP1,A,over,0.5,fanduel,112,False,0.6069543187763919,0.5949874160873152,0.45499173471666315,0.44843049327332957,18.40471199059038,2229.26,,sgo_fair@0.5,0.9471386184492271,0.4716981132075472,0.451054989850663,-0.020643123356884174,-0.0437634215165944,0.0065612414433335875,122.0,135.0,pass,2026-10-01T00:09:59+00:00,sgo_slate_alt_20261001T000957Z.json
MIN@NSH,Quinn Hughes,MIN,d1,PP1,G,under,0.5,fanduel,-600,False,0.16434354901495485,0.22263197906889895,0.8484504874756851,0.8004093624965666,27.76691338944863,2839.8958333333335,,"fanduel@0.5,sgo_fair@0.5",1.0754488373749054,0.8571428571428571,0.819625812488214,-0.03751704465464312,-0.04376988543041693,0.0480411249791185,-454.0,-387.0,pass,2026-10-01T00:09:59+00:00,sgo_slate_alt_20261001T000957Z.json
CHI@UTA,Vincent Trocheck,UTA,f1,PP2,SOG,over,0.5,fanduel,-750,True,2.0418671653805784,1.870715974600827,0.8582140854217947,0.8340606725663803,19.050271205113418,2155.485833333333,,"fanduel@1.5,sgo_fair@1.5",1.0339203361349867,0.8823529411764706,0.8437220377085459,-0.03863090346792464,-0.04378169059698134,0.02415341285541439,-540.0,-452.0,pass,2026-10-01T00:09:59+00:00,sgo_slate_alt_20261001T000957Z.json
MIN@NSH,Ryan O'Reilly,NSH,f1,PP1,G,over,1.5,fanduel,2200,True,0.3430297345642458,0.3046372843393894,0.046963119649309513,0.03797248344021958,20.11476088894485,2327.0208333333335,,"fanduel@0.5,sgo_fair@0.5",1.0754488373749054,0.043478260869565216,0.041568737923855556,-0.0019095229457096602,-0.04391902775132217,0.008990636209089936,2306.0,5935.0,pass,2026-10-01T00:09:59+00:00,sgo_slate_alt_20261001T000957Z.json
MIN@NSH,Matt Boldy,MIN,f1,PP1,SOG,over,3.5,fanduel,106,False,3.602040100347599,3.504609262191528,0.4755747069455604,0.45631216899580324,21.075739809162464,2311.885,,"fanduel@3.5,sgo_fair@3.5",1.0339203361349867,0.4854368932038835,0.4640171841757061,-0.021419709028177414,-0.04412460059804546,0.019262537949757186,116.0,128.0,pass,2026-10-01T00:09:59+00:00,sgo_slate_alt_20261001T000957Z.json
EDM@VAN,Leon Draisaitl,EDM,f2,PP1,SOG,over,3.5,fanduel,162,True,2.9343753157645995,3.1422770479028137,0.3386591728917415,0.3822628644328248,19.783724438571554,2111.1133333333332,,"fanduel@2.5,sgo_fair@3.0",1.0339203361349867,0.3816793893129771,0.3648213878163915,-0.016858001496585617,-0.044167963921054265,-0.04360369154108329,174.0,194.0,pass,2026-10-01T00:09:59+00:00,sgo_slate_alt_20261001T000957Z.json
PHI@NJD,Jack Hughes,NJD,f1,PP1,A,over,0.5,fanduel,-113,False,0.7064503533534454,0.7080357930536963,0.5066075383378157,0.5073891625615765,20.883487378393436,1883.3825000000002,,sgo_fair@0.5,0.9471386184492271,0.5305164319248826,0.5070765128720722,-0.0234399190528104,-0.044183210249987726,-0.000781624223760824,-103.0,107.0,pass,2026-10-01T00:09:59+00:00,sgo_slate_alt_20261001T000957Z.json
TBL@NYR,Jake Guentzel,TBL,f2,PP1,SOG,over,2.5,fanduel,-114,False,2.826448269226042,2.7078062814011807,0.5251502581890717,0.4983424438817416,19.785716260203337,2359.6541666666667,,"fanduel@2.5,sgo_fair@2.5",1.0339203361349867,0.5327102803738317,0.5090655696046736,-0.023644710769158084,-0.04438568512806873,0.02680781430733009,-104.0,107.0,pass,2026-10-01T00:09:59+00:00,sgo_slate_alt_20261001T000957Z.json
PHI@NJD,Matvei Michkov,PHI,f3,PP1,SOG,over,0.5,fanduel,-780,True,1.790342884608038,2.0886814525819055,0.8212695854313512,0.8641590381059627,13.205777809079692,1802.7041666666667,,"fanduel@1.5,sgo_fair@2.0",1.0339203361349867,0.8863636363636364,0.8470032570361181,-0.039360379327518236,-0.04440658180540524,-0.04288945267461153,-554.0,-462.0,pass,2026-10-01T00:09:59+00:00,sgo_slate_alt_20261001T000957Z.json
CHI@UTA,Logan Cooley,UTA,f2,PP1,SOG,over,0.5,fanduel,-1200,True,2.489569692600529,2.1061559911134107,0.9055540615402231,0.8663108491492733,19.23056871640399,1538.5200000000002,,"fanduel@1.5,sgo_fair@1.5",1.0339203361349867,0.9230769230769231,0.8820081341056532,-0.041068788971269976,-0.044491188052209196,0.039243212390949855,-748.0,-599.0,pass,2026-10-01T00:09:59+00:00,sgo_slate_alt_20261001T000957Z.json
MIN@NSH,Kirill Kaprizov,MIN,f2,PP1,SOG,over,1.5,fanduel,-700,True,3.4659035491824945,3.396618668885932,0.8403766441590604,0.8327070698705603,21.14032768555998,2141.9675,,"fanduel@3.5,sgo_fair@3.5",1.0339203361349867,0.875,0.8357748995859604,-0.03922510041403959,-0.04482868618747382,0.007669574288500125,-509.0,-428.0,pass,2026-10-01T00:09:59+00:00,sgo_slate_alt_20261001T000957Z.json
TBL@NYR,John Carlson,TBL,d1,PP1,SOG,over,1.5,fanduel,-198,False,2.279397469456022,2.1682310857017844,0.6497502303135478,0.6241107238821484,23.336530975397352,2482.088333333333,,"fanduel@1.5,sgo_fair@1.5",1.0339203361349867,0.6644295302013423,0.6343665264547081,-0.030063003746634176,-0.04524633897220687,0.02563950643139945,-173.0,-156.0,pass,2026-10-01T00:09:59+00:00,sgo_slate_alt_20261001T000957Z.json
TBL@NYR,Brayden Point,TBL,f1,PP1,SOG,over,0.5,fanduel,-1450,True,2.331904871359198,2.3652603033427613,0.891118207552576,0.894353814430699,18.437465313914522,1825.2050000000002,,"fanduel@2.5,sgo_fair@2.5",1.0339203361349867,0.9354838709677419,0.8930595716794498,-0.042424299288292056,-0.04535011303231229,-0.003235606878122965,-835.0,-658.0,pass,2026-10-01T00:09:59+00:00,sgo_slate_alt_20261001T000957Z.json
MIN@NSH,Matt Boldy,MIN,f1,PP1,SOG,over,1.5,fanduel,-800,True,3.602040100347599,3.504609262191528,0.8544688976616908,0.8445123355433668,21.075739809162464,2311.885,,"fanduel@3.5,sgo_fair@3.5",1.0339203361349867,0.8888888888888888,0.8484949603906964,-0.040393928498192455,-0.04544316956046657,0.009956562118323964,-560.0,-467.0,pass,2026-10-01T00:09:59+00:00,sgo_slate_alt_20261001T000957Z.json
SEA@CGY,Matty Beniers,SEA,f1,PP2,SOG,over,1.5,fanduel,-156,False,1.8324595926792473,2.112661517158598,0.5370857586337062,0.6107111371702135,18.137546517651973,2270.2633333333333,,"fanduel@1.5,sgo_fair@2.0",1.0339203361349867,0.609375,0.5812609857556106,-0.028114014244389418,-0.04613581824720314,-0.0736253785365073,-139.0,-125.0,pass,2026-10-01T00:09:59+00:00,sgo_slate_alt_20261001T000957Z.json
BUF@CBJ,Zach Werenski,CBJ,d1,PP1,SOG,over,1.5,fanduel,-870,True,3.733883593502363,3.534772334645364,0.8669610836859275,0.8476632248885232,26.120375996915733,2970.9316666666664,,"fanduel@3.5,sgo_fair@3.5",1.0339203361349867,0.8969072164948454,0.8553823684074849,-0.041524848087360455,-0.04629781913188458,0.01929785879740431,-591.0,-490.0,pass,2026-10-01T00:09:59+00:00,sgo_slate_alt_20261001T000957Z.json
CHI@UTA,Tyler Bertuzzi,CHI,f1,PP1,PTS,over,0.5,fanduel,-108,False,0.6836245535783501,0.6832948841169335,0.495215944271752,0.4950495049504952,17.963110816503743,2048.971666666667,,sgo_fair@0.5,1.088912284783392,0.5192307692307693,0.4951160806789979,-0.024114688551771346,-0.0464431038774854,0.00016643932125676164,102.0,113.0,pass,2026-10-01T00:09:59+00:00,sgo_slate_alt_20261001T000957Z.json
SEA@CGY,Matty Beniers,SEA,f1,PP2,SOG,over,2.5,fanduel,195,True,1.8324595926792473,2.112661517158598,0.2796808413812994,0.3522600593346106,18.137546517651973,2270.2633333333333,,"fanduel@1.5,sgo_fair@2.0",1.0339203361349867,0.3389830508474576,0.32322837215328615,-0.015754678694171464,-0.04647630214780585,-0.07257921795331118,209.0,235.0,pass,2026-10-01T00:09:59+00:00,sgo_slate_alt_20261001T000957Z.json
TBL@NYR,Brayden Point,TBL,f1,PP1,G,over,0.5,fanduel,220,False,0.37155677359400907,0.34193494898247545,0.3103401497507051,0.28960558491430993,18.437465313914522,1825.2050000000002,,"fanduel@0.5,sgo_fair@0.5",1.0754488373749054,0.3125,0.297899410848868,-0.014600589151131993,-0.04672188528362231,0.020734564836395186,236.0,266.0,pass,2026-10-01T00:09:59+00:00,sgo_slate_alt_20261001T000957Z.json
MIN@NSH,Joel Eriksson Ek,MIN,f1,PP1,SOG,over,3.5,fanduel,158,True,3.165330776112405,3.024969876424065,0.387063324537427,0.35771462980694824,20.472082233759373,1744.6958333333334,,"fanduel@2.5,sgo_fair@2.5",1.0339203361349867,0.3875968992248062,0.3694541076991397,-0.018142791525666502,-0.04680840213621951,0.02934869473047874,171.0,190.0,pass,2026-10-01T00:09:59+00:00,sgo_slate_alt_20261001T000957Z.json
CHI@UTA,Frank Nazar,CHI,f3,PP2,SOG,over,2.5,fanduel,205,True,1.7741120201753298,2.0823091582902173,0.2645810004593396,0.3444416182368055,16.08366611946304,1587.1658333333332,,"fanduel@1.5,sgo_fair@2.0",1.0339203361349867,0.32786885245901637,0.31249737112581916,-0.015371481333197212,-0.046883018066251614,-0.07986061777746595,220.0,248.0,pass,2026-10-01T00:09:59+00:00,sgo_slate_alt_20261001T000957Z.json
SEA@CGY,Bobby McMann,SEA,f2,PP1,G,over,0.5,fanduel,260,False,0.3117800644735523,0.3046372843393894,0.26785746532405663,0.26260921092186273,16.598452352257077,1725.3875,,"fanduel@0.5,sgo_fair@0.5",1.0754488373749054,0.2777777777777778,0.2647085126827403,-0.013069265095037474,-0.047049354342134864,0.005248254402193897,278.0,317.0,pass,2026-10-01T00:09:59+00:00,sgo_slate_alt_20261001T000957Z.json
PHI@NJD,Owen Tippett,PHI,f1,PP2,SOG,over,3.5,fanduel,310,True,2.5474313551395276,2.341919608589667,0.25752004279211393,0.21564245131926651,17.390145884502914,1918.3983333333333,,"fanduel@2.5,sgo_fair@2.5",1.0339203361349867,0.24390243902439024,0.23239348790840547,-0.011508951115984767,-0.04718669957553767,0.04187759147284742,330.0,382.0,pass,2026-10-01T00:09:59+00:00,sgo_slate_alt_20261001T000957Z.json
EDM@VAN,Leon Draisaitl,EDM,f2,PP1,SOG,over,2.5,fanduel,-152,False,2.9343753157645995,3.1422770479028137,0.5487263788251632,0.5918625393125624,19.783724438571554,2111.1133333333332,,"fanduel@2.5,sgo_fair@3.0",1.0339203361349867,0.6031746031746031,0.5746080751176027,-0.02856652805700044,-0.0473602965155534,-0.04313616048739921,-135.0,-122.0,pass,2026-10-01T00:09:59+00:00,sgo_slate_alt_20261001T000957Z.json
PHI@NJD,Porter Martone,PHI,f1,PP1,SOG,over,2.5,fanduel,116,False,2.5134062386079172,2.434497695737821,0.45254150714425206,0.4333481787017213,17.174337859550526,153.36666666666667,,"fanduel@2.5,sgo_fair@2.5",1.0339203361349867,0.46296296296296297,0.4410255100787336,-0.02193745288422938,-0.04738489822993541,0.019193328442530744,127.0,140.0,pass,2026-10-01T00:09:59+00:00,sgo_slate_alt_20261001T000957Z.json
EDM@VAN,Connor McDavid,EDM,f1,PP1,G,under,0.5,fanduel,-140,False,0.5526302479380347,0.6117797364761964,0.5754342833110857,0.5423847077247563,21.633797863857367,2572.545,,"fanduel@0.5,sgo_fair@0.5",1.0754488373749054,0.5833333333333334,0.5556045379592881,-0.027728795374045268,-0.047535077784077506,0.03304957558632937,-125.0,-113.0,pass,2026-10-01T00:09:59+00:00,sgo_slate_alt_20261001T000957Z.json
MIN@NSH,Matt Boldy,MIN,f1,PP1,SOG,over,4.5,fanduel,230,True,3.602040100347599,3.504609262191528,0.2990634904227052,0.28165615260064814,21.075739809162464,2311.885,,"fanduel@3.5,sgo_fair@3.5",1.0339203361349867,0.30303030303030304,0.288619087729471,-0.014411215300832059,-0.047557010492745855,0.017407337822057056,246.0,279.0,pass,2026-10-01T00:09:59+00:00,sgo_slate_alt_20261001T000957Z.json
MIN@NSH,Roman Josi,NSH,d1,PP1,SOG,over,1.5,fanduel,-460,True,2.8713889935020815,3.101391145360394,0.7620110723552886,0.7958841520867828,24.30784753675279,2288.6891666666666,,"fanduel@2.5,sgo_fair@3.0",1.0339203361349867,0.8214285714285714,0.7823349201941852,-0.03909365123438624,-0.04759227106794839,-0.033873079731494116,-359.0,-312.0,pass,2026-10-01T00:09:59+00:00,sgo_slate_alt_20261001T000957Z.json
SEA@CGY,Jared McCann,SEA,f1,PP1,G,under,0.5,fanduel,-290,False,0.32377434610276196,0.3599134327260352,0.723413465030935,0.69773672462292,16.343716667313814,1489.6441666666665,,"fanduel@0.5,sgo_fair@0.5",1.0754488373749054,0.7435897435897436,0.708007420786126,-0.035582322803617616,-0.047852089287623634,0.02567674040801493,-242.0,-215.0,pass,2026-10-01T00:09:59+00:00,sgo_slate_alt_20261001T000957Z.json
TBL@NYR,Pavel Dorofeyev,NYR,f2,PP1,G,over,0.5,fanduel,200,False,0.4000660172897745,0.36955126871352584,0.3297242052163914,0.30895564570439116,16.81961555651354,2069.2158333333336,,"fanduel@0.5,sgo_fair@0.5",1.0754488373749054,0.3333333333333333,0.31726306950919125,-0.01607026382414206,-0.04821079147242624,0.02076855951200024,215.0,242.0,pass,2026-10-01T00:09:59+00:00,sgo_slate_alt_20261001T000957Z.json
SEA@CGY,Matty Beniers,SEA,f1,PP2,G,under,0.5,fanduel,-420,False,0.23979177250489897,0.27883860660339826,0.7867916756704004,0.7566620136133329,18.137546517651973,2270.2633333333333,,"fanduel@0.5,sgo_fair@0.5",1.0754488373749054,0.8076923076923077,0.7687138784361599,-0.038978429256147806,-0.048259007650468644,0.030129662057067574,-332.0,-290.0,pass,2026-10-01T00:09:59+00:00,sgo_slate_alt_20261001T000957Z.json
TBL@NYR,John Carlson,TBL,d1,PP1,SOG,over,0.5,fanduel,-1200,True,2.279397469456022,2.1682310857017844,0.8858133399097798,0.8736711509669814,23.336530975397352,2482.088333333333,,"fanduel@1.5,sgo_fair@1.5",1.0339203361349867,0.9230769230769231,0.8785280265441009,-0.044548896532822235,-0.04826130457722411,0.012142188942798393,-723.0,-583.0,pass,2026-10-01T00:09:59+00:00,sgo_slate_alt_20261001T000957Z.json
MIN@NSH,Steven Stamkos,NSH,f1,PP1,SOG,under,2.5,fanduel,-108,False,2.709992993613625,2.761740020331649,0.5011552934554404,0.4893580769584297,18.34647335976343,2126.0425,,"fanduel@2.5,sgo_fair@2.5",1.0339203361349867,0.5192307692307693,0.49407696355723396,-0.025153805673535312,-0.048444366482364165,0.01179721649701071,102.0,113.0,pass,2026-10-01T00:09:59+00:00,sgo_slate_alt_20261001T000957Z.json
MIN@NSH,Joel Eriksson Ek,MIN,f1,PP1,SOG,over,1.5,fanduel,-500,True,3.165330776112405,3.024969876424065,0.804460945726253,0.7851665428713663,20.472082233759373,1744.6958333333334,,"fanduel@2.5,sgo_fair@2.5",1.0339203361349867,0.8333333333333334,0.792884304013321,-0.040449029320012375,-0.048538835184014806,0.019294402854886705,-383.0,-331.0,pass,2026-10-01T00:09:59+00:00,sgo_slate_alt_20261001T000957Z.json
TBL@NYR,Mika Zibanejad,NYR,f1,PP1,SOG,over,0.5,fanduel,-2200,True,2.550475092439673,2.5356397051498294,0.9105816928199191,0.9093833985978871,19.469888763773874,2403.5491666666667,,"fanduel@2.5,sgo_fair@2.5",1.0339203361349867,0.9565217391304348,0.9098627162866999,-0.04665902284373491,-0.04877988751845019,0.0011982942220319925,-1009.0,-769.0,pass,2026-10-01T00:09:59+00:00,sgo_slate_alt_20261001T000957Z.json
FLA@SJS,Will Smith,SJS,f1,PP1,SOG,over,0.5,fanduel,-1600,True,2.2407173421386437,2.472347202811251,0.881733104632142,0.9040794337347385,17.42348445821675,1782.5283333333332,,"fanduel@2.5,sgo_fair@2.5",1.0339203361349867,0.9411764705882353,0.8951409020937,-0.04603556849453527,-0.0489127915254437,-0.022346329102596485,-854.0,-670.0,pass,2026-10-01T00:09:59+00:00,sgo_slate_alt_20261001T000957Z.json
MIN@NSH,Kirill Kaprizov,MIN,f2,PP1,SOG,over,3.5,fanduel,116,False,3.4659035491824945,3.396618668885932,0.44857237555043117,0.43460282023285124,21.14032768555998,2141.9675,,"fanduel@3.5,sgo_fair@3.5",1.0339203361349867,0.46296296296296297,0.4401906423598832,-0.022772320603079765,-0.04918821250265226,0.01396955531757993,127.0,141.0,pass,2026-10-01T00:09:59+00:00,sgo_slate_alt_20261001T000957Z.json
EDM@VAN,Zach Hyman,EDM,f1,PP1,SOG,under,2.5,fanduel,-102,False,2.751587171347884,2.8379122221493347,0.49165921620059694,0.47230819808727975,18.54167821769699,1799.874166666667,,"fanduel@2.5,sgo_fair@2.5",1.0339203361349867,0.504950495049505,0.4800486053326066,-0.02490188971689833,-0.04931550708640642,0.019351018113317187,108.0,120.0,pass,2026-10-01T00:09:59+00:00,sgo_slate_alt_20261001T000957Z.json
CHI@UTA,Patrick Kane,CHI,f1,PP1,SOG,over,0.5,fanduel,-2000,True,2.5743867806709275,2.4297028074420486,0.9124783731670446,0.9003236386078652,18.591130609932456,1789.7158333333334,,"fanduel@2.5,sgo_fair@2.5",1.0339203361349867,0.9523809523809523,0.905185532431537,-0.04719541994941534,-0.049555190946886096,0.01215473455917937,-955.0,-735.0,pass,2026-10-01T00:09:59+00:00,sgo_slate_alt_20261001T000957Z.json
EDM@VAN,Jake DeBrusk,VAN,f1,PP1,SOG,under,2.5,fanduel,106,False,2.5834237831638682,3.108657898771741,0.5307082501162574,0.41490539417447536,17.062746647599628,1995.9550000000002,,"fanduel@2.5,sgo_fair@3.0",1.0339203361349867,0.4854368932038835,0.46122653655118817,-0.02421035665269533,-0.04987333470455235,0.11580285594178208,117.0,129.0,pass,2026-10-01T00:09:59+00:00,sgo_slate_alt_20261001T000957Z.json
FLA@SJS,Sam Bennett,FLA,f2,PP2,G,over,1.5,fanduel,1900,True,0.38151749363272885,0.31958703602869093,0.056666089853098914,0.04138735369676174,17.718155050618147,2021.4766666666667,,"fanduel@0.5,sgo_fair@0.5",1.0754488373749054,0.05,0.047498848159296614,-0.002501151840703389,-0.05002303681406772,0.015278736156337173,2005.0,4345.0,pass,2026-10-01T00:09:59+00:00,sgo_slate_alt_20261001T000957Z.json
BUF@CBJ,Josh Doan,BUF,f1,PP1,SOG,over,0.5,fanduel,-1300,True,2.3231126614842603,2.1930379331338075,0.8902481992361047,0.8764929418230214,16.928142229241978,1611.3025,,"fanduel@2.5,sgo_fair@2.0",1.0339203361349867,0.9285714285714286,0.8819950447882547,-0.04657638378317386,-0.05015918253572571,0.013755257413083255,-747.0,-599.0,pass,2026-10-01T00:09:59+00:00,sgo_slate_alt_20261001T000957Z.json
SEA@CGY,Brandon Montour,SEA,d2,PP2,SOG,under,2.5,fanduel,110,False,2.6607343302502007,3.1228396629490707,0.5125415462238779,0.4120405839054444,21.69337024996997,2281.2966666666666,,"fanduel@2.5,sgo_fair@3.0",1.0339203361349867,0.47619047619047616,0.45224096883281784,-0.02394950735765833,-0.050293965451082556,0.10050096231843353,121.0,134.0,pass,2026-10-01T00:09:59+00:00,sgo_slate_alt_20261001T000957Z.json
EDM@VAN,Filip Hronek,VAN,d1,PP1,SOG,over,2.5,fanduel,205,True,1.7238026269891173,2.108284757943686,0.2516141876966382,0.3511338983230422,25.164197974708635,2731.4975,,"fanduel@1.5,sgo_fair@2.0",1.0339203361349867,0.32786885245901637,0.3113260140724806,-0.016542838386535752,-0.05045565707893418,-0.09951971062640402,221.0,249.0,pass,2026-10-01T00:09:59+00:00,sgo_slate_alt_20261001T000957Z.json
CHI@UTA,Anton Frondell,CHI,f1,PP1,SOG,over,0.5,fanduel,-2000,True,2.3958742845082224,2.529069238317817,0.8972350989954109,0.9088473336448392,17.627307836143608,229.98333333333332,,"fanduel@2.5,sgo_fair@2.5",1.0339203361349867,0.9523809523809523,0.9042024397850679,-0.04817851259588446,-0.05058743822567868,-0.011612234649428288,-944.0,-728.0,pass,2026-10-01T00:09:59+00:00,sgo_slate_alt_20261001T000957Z.json
EDM@VAN,Filip Hronek,VAN,d1,PP1,SOG,over,0.5,fanduel,-800,True,1.7238026269891173,2.108284757943686,0.8099013411466289,0.8665705404706822,25.164197974708635,2731.4975,,"fanduel@1.5,sgo_fair@2.0",1.0339203361349867,0.8888888888888888,0.8439028607410608,-0.04498602814782804,-0.05060928166630663,-0.05666919932405323,-541.0,-452.0,pass,2026-10-01T00:09:59+00:00,sgo_slate_alt_20261001T000957Z.json
FLA@SJS,Carter Verhaeghe,FLA,f2,PP2,G,over,0.5,fanduel,260,False,0.3255489979807266,0.2933847911160561,0.27786920355158756,0.25426486677239635,18.096277014470513,2026.48,,"fanduel@0.5,sgo_fair@0.5",1.0754488373749054,0.2777777777777778,0.2637066014840728,-0.014071176293704968,-0.05065623465733782,0.023604336779191215,279.0,319.0,pass,2026-10-01T00:09:59+00:00,sgo_slate_alt_20261001T000957Z.json
MIN@NSH,Filip Forsberg,NSH,f2,PP1,SOG,over,1.5,fanduel,-590,True,3.276477323052111,3.1862313158077247,0.8185607890308331,0.8071895803320221,18.093543374480483,2236.0841666666665,,"fanduel@2.5,sgo_fair@2.5",1.0339203361349867,0.855072463768116,0.8117380638115466,-0.0433343999565694,-0.05067921350853033,0.01137120869881092,-431.0,-369.0,pass,2026-10-01T00:09:59+00:00,sgo_slate_alt_20261001T000957Z.json
BUF@CBJ,Zach Werenski,CBJ,d1,PP1,SOG,over,2.5,fanduel,-250,True,3.733883593502363,3.534772334645364,0.6976952498936019,0.6648623648823984,26.120375996915733,2970.9316666666664,,"fanduel@3.5,sgo_fair@3.5",1.0339203361349867,0.7142857142857143,0.6779955188868798,-0.03629019539883449,-0.05080627355836831,0.032832885011203516,-211.0,-188.0,pass,2026-10-01T00:09:59+00:00,sgo_slate_alt_20261001T000957Z.json
MIN@NSH,Filip Forsberg,NSH,f2,PP1,SOG,over,2.5,fanduel,-178,False,3.276477323052111,3.1862313158077247,0.6180701575633845,0.6005889222728685,18.093543374480483,2236.0841666666665,,"fanduel@2.5,sgo_fair@2.5",1.0339203361349867,0.6402877697841727,0.6075814163890749,-0.032706353395097754,-0.05108070923504027,0.01748123529051593,-155.0,-140.0,pass,2026-10-01T00:09:59+00:00,sgo_slate_alt_20261001T000957Z.json
FLA@SJS,Matthew Tkachuk,FLA,f2,PP1,SOG,over,1.5,fanduel,-355,True,2.8724979867177525,2.656155237124986,0.7621863168594261,0.7256507134318552,17.381914833785785,1013.015,,"fanduel@2.5,sgo_fair@2.5",1.0339203361349867,0.7802197802197802,0.7402649548028836,-0.039954825416896655,-0.051209705816022466,0.036535603427570895,-285.0,-251.0,pass,2026-10-01T00:09:59+00:00,sgo_slate_alt_20261001T000957Z.json
PHI@NJD,Porter Martone,PHI,f1,PP1,SOG,over,0.5,fanduel,-2000,True,2.5134062386079172,2.434497695737821,0.9075560264111454,0.9007534985132472,17.174337859550526,153.36666666666667,,"fanduel@2.5,sgo_fair@2.5",1.0339203361349867,0.9523809523809523,0.9034745096724064,-0.04890644270854594,-0.0513517648439733,0.006802527897898258,-936.0,-723.0,pass,2026-10-01T00:09:59+00:00,sgo_slate_alt_20261001T000957Z.json
BUF@CBJ,Conor Garland,CBJ,f2,PP2,SOG,over,2.5,fanduel,205,True,1.7200768206721466,2.108284757943686,0.2506564154975612,0.3511338983230422,14.237061225356408,1900.5741666666668,,"fanduel@1.5,sgo_fair@2.0",1.0339203361349867,0.32786885245901637,0.3109429051928498,-0.016925947266166586,-0.05162413916180819,-0.10047748282548102,222.0,250.0,pass,2026-10-01T00:09:59+00:00,sgo_slate_alt_20261001T000957Z.json
SEA@CGY,Bobby McMann,SEA,f2,PP1,SOG,under,2.5,fanduel,-120,False,2.6286891384033098,2.648577228438589,0.5200285490950793,0.5153746227290579,16.598452352257077,1725.3875,,"fanduel@2.5,sgo_fair@2.5",1.0339203361349867,0.5454545454545454,0.5172361932754664,-0.028218352179078976,-0.051733645661644734,0.004653926366021466,-107.0,103.0,pass,2026-10-01T00:09:59+00:00,sgo_slate_alt_20261001T000957Z.json
TBL@NYR,Oliver Bjorkstrand,NYR,f2,PP2,SOG,over,2.5,fanduel,205,True,1.7261556450338593,2.103868945226967,0.2522192620392274,0.3499972489771539,13.857458332410221,1643.9725,,"fanduel@1.5,sgo_fair@2.0",1.0339203361349867,0.32786885245901637,0.3108860542019833,-0.016982798257033083,-0.051797534683950985,-0.0977779869379265,222.0,250.0,pass,2026-10-01T00:09:59+00:00,sgo_slate_alt_20261001T000957Z.json
TBL@NYR,Nikita Kucherov,TBL,f1,PP1,SOG,under,3.5,fanduel,-160,False,3.2443309770453563,3.3531966511209585,0.5965617427821759,0.5742225385716495,20.190939287675228,2289.2191666666668,,"fanduel@3.5,sgo_fair@3.5",1.0339203361349867,0.6153846153846154,0.5831582202558601,-0.03222639512875536,-0.05236789208422743,0.022339204210526376,-140.0,-126.0,pass,2026-10-01T00:09:59+00:00,sgo_slate_alt_20261001T000957Z.json
FLA@SJS,Tyler Toffoli,SJS,f2,PP2,SOG,over,0.5,fanduel,-1100,True,2.1281284630830726,2.1195323012071605,0.8689660929975563,0.8679339208843844,14.140730602670734,1777.0583333333334,,"fanduel@1.5,sgo_fair@1.5",1.0339203361349867,0.9166666666666666,0.8683467897296531,-0.04831987693701356,-0.052712593022196774,0.0010321721131719697,-660.0,-538.0,pass,2026-10-01T00:09:59+00:00,sgo_slate_alt_20261001T000957Z.json
SEA@CGY,Matt Coronato,CGY,f1,PP1,SOG,over,1.5,fanduel,-310,True,2.7134434237986147,2.5348875601864163,0.7357963099235812,0.7029994041444073,17.373857393773008,1941.2683333333334,,"fanduel@2.5,sgo_fair@2.5",1.0339203361349867,0.7560975609756098,0.716118166456077,-0.03997939451953281,-0.0528759733968015,0.032796905779173935,-252.0,-224.0,pass,2026-10-01T00:09:59+00:00,sgo_slate_alt_20261001T000957Z.json
FLA@SJS,Michael Misa,SJS,f2,PP2,G,under,0.5,fanduel,-500,False,0.23704443078349688,0.23649694715790784,0.7889562332952711,0.7893882921760957,13.758025580843334,576.4833333333333,,"fanduel@0.5,sgo_fair@0.5",1.0754488373749054,0.8333333333333334,0.7892154686237658,-0.04411786470956758,-0.05294143765148107,-0.0004320588808246484,-374.0,-324.0,pass,2026-10-01T00:09:59+00:00,sgo_slate_alt_20261001T000957Z.json
PHI@NJD,Owen Tippett,PHI,f1,PP2,SOG,over,1.5,fanduel,-255,True,2.5474313551395276,2.341919608589667,0.7054181441921319,0.6634996653965342,17.390145884502914,1918.3983333333333,,"fanduel@2.5,sgo_fair@2.5",1.0339203361349867,0.7183098591549296,0.6802670569147733,-0.038042802240156326,-0.05296154821668819,0.041918478795597736,-213.0,-190.0,pass,2026-10-01T00:09:59+00:00,sgo_slate_alt_20261001T000957Z.json
SEA@CGY,Jared McCann,SEA,f1,PP1,SOG,over,3.5,fanduel,340,True,2.4144620365671794,2.2894716411614273,0.2302587329919768,0.20521291779691544,16.343716667313814,1489.6441666666665,,"fanduel@2.5,sgo_fair@2.5",1.0339203361349867,0.22727272727272727,0.21523124387494,-0.012041483397787267,-0.05298252695026395,0.025045815195061355,365.0,426.0,pass,2026-10-01T00:09:59+00:00,sgo_slate_alt_20261001T000957Z.json
FLA@SJS,Sam Bennett,FLA,f2,PP2,SOG,over,4.5,fanduel,600,True,2.8258569748622735,2.4617321848445335,0.16695442671225852,0.11404055044261582,17.718155050618147,2021.4766666666667,,"fanduel@2.5,sgo_fair@2.5",1.0339203361349867,0.14285714285714285,0.13520610095047292,-0.007651041906669931,-0.05355729334668957,0.052913876269642696,640.0,807.0,pass,2026-10-01T00:09:59+00:00,sgo_slate_alt_20261001T000957Z.json
SEA@CGY,Matt Coronato,CGY,f1,PP1,G,under,0.5,fanduel,-320,False,0.31615594531319324,0.3344172390225196,0.7289457656278469,0.7157550789667021,17.373857393773008,1941.2683333333334,,"fanduel@0.5,sgo_fair@0.5",1.0754488373749054,0.7619047619047619,0.72103135363116,-0.04087340827360186,-0.053646348359102536,0.013190686661144757,-258.0,-229.0,pass,2026-10-01T00:09:59+00:00,sgo_slate_alt_20261001T000957Z.json
CHI@UTA,Patrick Kane,CHI,f1,PP1,A,over,0.5,fanduel,140,False,0.5015071638899132,0.5003816646049075,0.39438279286153094,0.39370078740157494,18.591130609932456,1789.7158333333334,,sgo_fair@0.5,0.9471386184492271,0.4166666666666667,0.39397358958555734,-0.022693077081109347,-0.05446338499466241,0.0006820054599560033,154.0,171.0,pass,2026-10-01T00:09:59+00:00,sgo_slate_alt_20261001T000957Z.json
TBL@NYR,Pavel Dorofeyev,NYR,f2,PP1,SOG,over,1.5,fanduel,-370,True,2.9027062230941,2.6748208835778766,0.7669139655884043,0.728994711076935,16.81961555651354,2069.2158333333336,,"fanduel@2.5,sgo_fair@2.5",1.0339203361349867,0.7872340425531915,0.7441624128815227,-0.043071629671668776,-0.054712610664011674,0.03791925451146927,-291.0,-256.0,pass,2026-10-01T00:09:59+00:00,sgo_slate_alt_20261001T000957Z.json
TBL@NYR,Nikita Kucherov,TBL,f1,PP1,SOG,over,1.5,fanduel,-670,True,3.2443309770453563,3.3531966511209585,0.814585647254951,0.827720926993513,20.190939287675228,2289.2191666666668,,"fanduel@3.5,sgo_fair@3.5",1.0339203361349867,0.8701298701298701,0.8224668150980882,-0.04766305503178192,-0.05477694384249565,-0.013135279738561989,-463.0,-394.0,pass,2026-10-01T00:09:59+00:00,sgo_slate_alt_20261001T000957Z.json
BUF@CBJ,Jack Quinn,BUF,f2,PP1,SOG,over,0.5,fanduel,-1800,True,2.3701838685470307,2.379620453522557,0.8948228411915595,0.8957157137560614,16.29889067695263,1778.7808333333335,,"fanduel@2.5,sgo_fair@2.5",1.0339203361349867,0.9473684210526315,0.8953585647302607,-0.05200985632237087,-0.05489929278472483,-0.0008928725645018787,-856.0,-671.0,pass,2026-10-01T00:09:59+00:00,sgo_slate_alt_20261001T000957Z.json
MIN@NSH,Quinn Hughes,MIN,d1,PP1,SOG,over,1.5,fanduel,-360,True,2.8423066645425767,2.6679574205629906,0.7573724341932832,0.7277694426028594,27.76691338944863,2839.8958333333335,,"fanduel@2.5,sgo_fair@2.5",1.0339203361349867,0.782608695652174,0.7396106392390289,-0.042998056413145025,-0.054941960972352044,0.02960299159042379,-284.0,-250.0,pass,2026-10-01T00:09:59+00:00,sgo_slate_alt_20261001T000957Z.json
BUF@CBJ,Jack Quinn,BUF,f2,PP1,G,under,0.5,fanduel,-400,False,0.25864388550082423,0.294529047801944,0.7720979293591641,0.7448823088335657,16.29889067695263,1778.7808333333335,,"fanduel@0.5,sgo_fair@0.5",1.0754488373749054,0.8,0.7557685570438051,-0.044231442956194966,-0.05528930369524365,0.02721562052559845,-309.0,-271.0,pass,2026-10-01T00:09:59+00:00,sgo_slate_alt_20261001T000957Z.json
PHI@NJD,Porter Martone,PHI,f1,PP1,PTS,over,1.5,fanduel,500,True,0.7503876398887702,0.6737290947028436,0.1734958726584668,0.1467263438769816,17.174337859550526,153.36666666666667,,sgo_fair@0.5,1.088912284783392,0.16666666666666666,0.15743415538957567,-0.009232511277090988,-0.05539506766254598,0.026769528781485197,535.0,655.0,pass,2026-10-01T00:09:59+00:00,sgo_slate_alt_20261001T000957Z.json
BUF@CBJ,Jack Quinn,BUF,f2,PP1,SOG,under,2.5,fanduel,-160,False,2.3701838685470307,2.379620453522557,0.5825238797436028,0.5801828977876049,16.29889067695263,1778.7808333333335,,"fanduel@2.5,sgo_fair@2.5",1.0339203361349867,0.6153846153846154,0.581119290570004,-0.03426532481461142,-0.05568115282374353,0.002340981955997856,-139.0,-125.0,pass,2026-10-01T00:09:59+00:00,sgo_slate_alt_20261001T000957Z.json
PHI@NJD,Dougie Hamilton,NJD,d1,PP2,SOG,over,3.5,fanduel,280,True,2.605830642530958,2.4348213025663448,0.26964255386397457,0.23439649945285856,21.117492077135786,2230.4283333333337,,"fanduel@2.5,sgo_fair@2.5",1.0339203361349867,0.2631578947368421,0.248494921217305,-0.014662973519537104,-0.05571929937424114,0.035246054411116,302.0,347.0,pass,2026-10-01T00:09:59+00:00,sgo_slate_alt_20261001T000957Z.json
PHI@NJD,Owen Tippett,PHI,f1,PP2,G,over,0.5,fanduel,290,False,0.28981311971843327,0.26875316806450833,0.25159658364815746,0.2356681061130035,17.390145884502914,1918.3983333333333,,"fanduel@0.5,sgo_fair@0.5",1.0754488373749054,0.2564102564102564,0.2420394971270651,-0.014370759283191287,-0.05604596120444616,0.015928477535153945,313.0,361.0,pass,2026-10-01T00:09:59+00:00,sgo_slate_alt_20261001T000957Z.json
SEA@CGY,Brandon Montour,SEA,d2,PP2,SOG,over,3.5,fanduel,178,True,2.6607343302502007,3.1228396629490707,0.2811013757936448,0.3782085992257092,21.69337024996997,2281.2966666666666,,"fanduel@2.5,sgo_fair@3.0",1.0339203361349867,0.3597122302158273,0.33936570985288345,-0.020346520362943876,-0.05656332660898389,-0.0971072234320644,195.0,218.0,pass,2026-10-01T00:09:59+00:00,sgo_slate_alt_20261001T000957Z.json
PHI@NJD,Luke Evangelista,NJD,f2,PP1,SOG,over,0.5,fanduel,-1450,True,2.1133309661969535,2.346426225126613,0.8671840309955676,0.8925393811353254,15.486589438141582,1770.8866666666665,,"fanduel@2.5,sgo_fair@2.5",1.0339203361349867,0.9354838709677419,0.8823972410794223,-0.05308662988831958,-0.056747776777169356,-0.02535535013975776,-750.0,-601.0,pass,2026-10-01T00:09:59+00:00,sgo_slate_alt_20261001T000957Z.json
TBL@NYR,Adam Fox,NYR,d1,PP1,SOG,over,1.5,fanduel,-118,False,1.7452008555306344,1.735607354250873,0.5120797748396576,0.5092708509712995,22.653446368177953,2092.1875,,"fanduel@1.5,sgo_fair@1.5",1.0339203361349867,0.5412844036697247,0.5103944205186428,-0.030889983151081934,-0.05706793497403284,0.002808923868358071,-104.0,106.0,pass,2026-10-01T00:09:59+00:00,sgo_slate_alt_20261001T000957Z.json
BUF@CBJ,Conor Garland,CBJ,f2,PP2,SOG,over,0.5,fanduel,-850,True,1.7200768206721466,2.108284757943686,0.8092428677159844,0.8665705404706822,14.237061225356408,1900.5741666666668,,"fanduel@1.5,sgo_fair@2.0",1.0339203361349867,0.8947368421052632,0.8436394713688031,-0.051097370736460035,-0.05710882611722001,-0.057327672754697745,-540.0,-451.0,pass,2026-10-01T00:09:59+00:00,sgo_slate_alt_20261001T000957Z.json
TBL@NYR,Brayden Point,TBL,f1,PP1,SOG,under,2.5,fanduel,-165,False,2.331904871359198,2.3652603033427613,0.5920605448077921,0.5837468931453931,18.437465313914522,1825.2050000000002,,"fanduel@2.5,sgo_fair@2.5",1.0339203361349867,0.6226415094339622,0.5870723538103527,-0.035569155623609516,-0.05712621963791842,0.008313651662399058,-142.0,-128.0,pass,2026-10-01T00:09:59+00:00,sgo_slate_alt_20261001T000957Z.json
SEA@CGY,Joel Farabee,CGY,f2,PP1,G,under,0.5,fanduel,-380,False,0.2711913930374409,0.30693224985539785,0.7624705508843397,0.7357004430302279,16.937812126139406,1930.8091666666667,,"fanduel@0.5,sgo_fair@0.5",1.0754488373749054,0.7916666666666666,0.7464084861718726,-0.04525818049479402,-0.05716822799342414,0.026770107854111824,-294.0,-259.0,pass,2026-10-01T00:09:59+00:00,sgo_slate_alt_20261001T000957Z.json
PHI@NJD,Jack Hughes,NJD,f1,PP1,G,under,0.5,fanduel,-210,False,0.4427951327112387,0.4521870066027491,0.6422387673261398,0.6362351784200881,20.883487378393436,1883.3825000000002,,"fanduel@0.5,sgo_fair@0.5",1.0754488373749054,0.6774193548387096,0.6386366139825088,-0.038782740856200815,-0.05725071269248694,0.006003588906051682,-177.0,-159.0,pass,2026-10-01T00:09:59+00:00,sgo_slate_alt_20261001T000957Z.json
BUF@CBJ,Conor Garland,CBJ,f2,PP2,SOG,under,1.5,fanduel,118,False,1.7200768206721466,2.108284757943686,0.49530128378924776,0.3903609424939808,14.237061225356408,1900.5741666666668,,"fanduel@1.5,sgo_fair@2.0",1.0339203361349867,0.45871559633027525,0.4323370790120876,-0.026378517318187633,-0.05750516775364911,0.10494034129526697,131.0,145.0,pass,2026-10-01T00:09:59+00:00,sgo_slate_alt_20261001T000957Z.json
PHI@NJD,Travis Konecny,PHI,f2,PP2,G,under,0.5,fanduel,-450,False,0.2535202656095008,0.2644033006363974,0.7760640173554496,0.767663877887018,17.84048622674409,2230.1783333333337,,"fanduel@0.5,sgo_fair@0.5",1.0754488373749054,0.8181818181818182,0.7710239336743906,-0.04715788450742764,-0.05763741439796699,0.008400139468431655,-337.0,-294.0,pass,2026-10-01T00:09:59+00:00,sgo_slate_alt_20261001T000957Z.json
SEA@CGY,Jordan Eberle,SEA,f2,PP1,G,under,0.5,fanduel,-320,False,0.32676854320292986,0.3344172390225196,0.7212506620767165,0.7157550789667021,17.136518088982847,1785.4891666666667,,"fanduel@0.5,sgo_fair@0.5",1.0754488373749054,0.7619047619047619,0.7179533122107079,-0.04395144969405396,-0.05768627772344592,0.005495583110014413,-255.0,-226.0,pass,2026-10-01T00:09:59+00:00,sgo_slate_alt_20261001T000957Z.json
PHI@NJD,Trevor Zegras,PHI,f1,PP1,PTS,over,0.5,fanduel,-130,False,0.7327838145818083,0.7793248768009975,0.5194306896084075,0.5412844036697247,18.20542805617276,1953.2883333333334,,sgo_fair@0.5,1.088912284783392,0.5652173913043478,0.5325429180451978,-0.03267447325914996,-0.05780868345849621,-0.021853714061317198,-114.0,-103.0,pass,2026-10-01T00:09:59+00:00,sgo_slate_alt_20261001T000957Z.json
EDM@VAN,Leon Draisaitl,EDM,f2,PP1,SOG,over,4.5,fanduel,360,True,2.9343753157645995,3.1422770479028137,0.18415316399388162,0.21853140192022366,19.783724438571554,2111.1133333333332,,"fanduel@2.5,sgo_fair@3.0",1.0339203361349867,0.21739130434782608,0.20478010674968683,-0.012611197598139251,-0.05801150895144069,-0.03437823792634204,388.0,456.0,pass,2026-10-01T00:09:59+00:00,sgo_slate_alt_20261001T000957Z.json
PHI@NJD,Timo Meier,NJD,f2,PP2,G,over,0.5,fanduel,220,False,0.35868335920345806,0.34193494898247545,0.30140447982384155,0.28960558491430993,17.43850901718873,2068.695,,"fanduel@0.5,sgo_fair@0.5",1.0754488373749054,0.3125,0.29432514287812256,-0.01817485712187744,-0.05815954279000779,0.011798894909531621,240.0,271.0,pass,2026-10-01T00:09:59+00:00,sgo_slate_alt_20261001T000957Z.json
CHI@UTA,Patrick Kane,CHI,f1,PP1,G,under,0.5,fanduel,-360,False,0.2852286143719797,0.31857005801204924,0.7518423527032503,0.7271881308161426,18.591130609932456,1789.7158333333334,,"fanduel@0.5,sgo_fair@0.5",1.0754488373749054,0.782608695652174,0.7370498195709857,-0.04555887608118825,-0.058214119437073886,0.02465422188710764,-280.0,-247.0,pass,2026-10-01T00:09:59+00:00,sgo_slate_alt_20261001T000957Z.json
SEA@CGY,Morgan Frost,CGY,f1,PP1,G,under,0.5,fanduel,-360,False,0.2914448504517623,0.31446103291311694,0.7471832192837169,0.7301823124682573,17.094019848734597,1845.4491666666668,,"fanduel@0.5,sgo_fair@0.5",1.0754488373749054,0.782608695652174,0.736982675194441,-0.045626020457732896,-0.05829991502932541,0.017000906815459627,-280.0,-247.0,pass,2026-10-01T00:09:59+00:00,sgo_slate_alt_20261001T000957Z.json
EDM@VAN,Filip Hronek,VAN,d1,PP1,SOG,under,1.5,fanduel,118,False,1.7238026269891173,2.108284757943686,0.49420161965053966,0.3903609424939808,25.164197974708635,2731.4975,,"fanduel@1.5,sgo_fair@2.0",1.0339203361349867,0.45871559633027525,0.43189721335660436,-0.026818382973670896,-0.058464074882602635,0.10384067715655887,132.0,146.0,pass,2026-10-01T00:09:59+00:00,sgo_slate_alt_20261001T000957Z.json
EDM@VAN,Leon Draisaitl,EDM,f2,PP1,SOG,over,1.5,fanduel,-520,True,2.9343753157645995,3.1422770479028137,0.7717761441966389,0.8014086937681997,19.783724438571554,2111.1133333333332,,"fanduel@2.5,sgo_fair@3.0",1.0339203361349867,0.8387096774193549,0.7895556739395754,-0.049154003479779496,-0.05860669645666017,-0.029632549571560807,-375.0,-325.0,pass,2026-10-01T00:09:59+00:00,sgo_slate_alt_20261001T000957Z.json
TBL@NYR,Oliver Bjorkstrand,NYR,f2,PP2,SOG,over,1.5,fanduel,-152,False,1.7261556450338593,2.103868945226967,0.5064919590050361,0.6085549303547659,13.857458332410221,1643.9725,,"fanduel@1.5,sgo_fair@2.0",1.0339203361349867,0.6031746031746031,0.567729741814874,-0.03544486135972913,-0.058763849096393095,-0.10206297134972986,-131.0,-119.0,pass,2026-10-01T00:09:59+00:00,sgo_slate_alt_20261001T000957Z.json
PHI@NJD,Anthony Mantha,NJD,f1,PP2,G,over,0.5,fanduel,300,False,0.27411589033220213,0.2644033006363974,0.23975603477025478,0.23233612211298207,15.374747258923755,1311.4966666666667,,"fanduel@0.5,sgo_fair@0.5",1.0754488373749054,0.25,0.23530408717589116,-0.014695912824108842,-0.05878365129643537,0.007419912657272709,325.0,376.0,pass,2026-10-01T00:09:59+00:00,sgo_slate_alt_20261001T000957Z.json
TBL@NYR,Mika Zibanejad,NYR,f1,PP1,SOG,under,2.5,fanduel,-135,False,2.550475092439673,2.5356397051498294,0.5385564206375664,0.5421100536669563,19.469888763773874,2403.5491666666667,,"fanduel@2.5,sgo_fair@2.5",1.0339203361349867,0.574468085106383,0.5406886004552003,-0.033779484651182745,-0.058801325133540305,-0.0035536330293899354,-118.0,-106.0,pass,2026-10-01T00:09:59+00:00,sgo_slate_alt_20261001T000957Z.json
EDM@VAN,Zach Hyman,EDM,f1,PP1,SOG,over,1.5,fanduel,-395,True,2.751587171347884,2.8379122221493347,0.7423599469885807,0.7566642731870391,18.54167821769699,1799.874166666667,,"fanduel@2.5,sgo_fair@2.5",1.0339203361349867,0.797979797979798,0.7509425427076557,-0.04703725527214231,-0.05894542116382384,-0.01430432619845845,-302.0,-265.0,pass,2026-10-01T00:09:59+00:00,sgo_slate_alt_20261001T000957Z.json
BUF@CBJ,Rasmus Dahlin,BUF,d1,PP1,SOG,over,1.5,fanduel,-460,True,2.677459398565971,3.1422770479028137,0.7294644013284816,0.8014086937681997,23.862363349290565,2658.44,,"fanduel@2.5,sgo_fair@3.0",1.0339203361349867,0.8214285714285714,0.7726309767923125,-0.04879759463625888,-0.059405767383271635,-0.07194429243971812,-340.0,-296.0,pass,2026-10-01T00:09:59+00:00,sgo_slate_alt_20261001T000957Z.json
PHI@NJD,Travis Konecny,PHI,f2,PP2,PTS,over,0.5,fanduel,-130,False,0.7274490774981806,0.7793248768009975,0.5168601281486231,0.5412844036697247,17.84048622674409,2230.1783333333337,,sgo_fair@0.5,1.088912284783392,0.5652173913043478,0.5315146934612841,-0.03370269784306368,-0.0596278500300359,-0.0244242755211016,-113.0,-103.0,pass,2026-10-01T00:09:59+00:00,sgo_slate_alt_20261001T000957Z.json
EDM@VAN,Brock Boeser,VAN,f2,PP1,G,under,0.5,fanduel,-310,False,0.3308336089896838,0.3483350237358474,0.7183246818669156,0.7058623559531605,18.268851947691445,2056.795,,"fanduel@0.5,sgo_fair@0.5",1.0754488373749054,0.7560975609756098,0.7108472863186626,-0.0452502746569472,-0.05984713744951087,0.012462325913755068,-246.0,-218.0,pass,2026-10-01T00:09:59+00:00,sgo_slate_alt_20261001T000957Z.json
FLA@SJS,Mason Marchment,SJS,f1,PP2,G,over,0.5,fanduel,260,False,0.3137481970232608,0.29496932435959056,0.26929700181359173,0.25544557320053624,17.422308663932426,1609.2633333333333,,"fanduel@0.5,sgo_fair@0.5",1.0754488373749054,0.2777777777777778,0.2609861446457584,-0.016791633132019368,-0.06044987927526968,0.013851428613055494,283.0,324.0,pass,2026-10-01T00:09:59+00:00,sgo_slate_alt_20261001T000957Z.json
FLA@SJS,Tyler Toffoli,SJS,f2,PP2,SOG,over,1.5,fanduel,-188,False,2.1281284630830726,2.1195323012071605,0.6144801508398868,0.6123891893820678,14.140730602670734,1777.0583333333334,,"fanduel@1.5,sgo_fair@1.5",1.0339203361349867,0.6527777777777778,0.6132255739651954,-0.0395522038125824,-0.060590610095870856,0.0020909614578190627,-159.0,-143.0,pass,2026-10-01T00:09:59+00:00,sgo_slate_alt_20261001T000957Z.json
MIN@NSH,Kirill Kaprizov,MIN,f2,PP1,SOG,over,2.5,fanduel,-220,True,3.4659035491824945,3.396618668885932,0.6528542698741117,0.6404311026467573,21.14032768555998,2141.9675,,"fanduel@3.5,sgo_fair@3.5",1.0339203361349867,0.6875,0.6454003695376991,-0.04209963046230092,-0.061235826126983084,0.01242316722735437,-182.0,-163.0,pass,2026-10-01T00:09:59+00:00,sgo_slate_alt_20261001T000957Z.json
PHI@NJD,Jack Hughes,NJD,f1,PP1,SOG,over,1.5,fanduel,-1500,True,3.6691284989552138,4.046120029657774,0.8609619146456697,0.8925096931319657,20.883487378393436,1883.3825000000002,,"fanduel@3.5,sgo_fair@3.5",1.0339203361349867,0.9375,0.8798905817374474,-0.057609418262552614,-0.06145004614672278,-0.031547778486295974,-733.0,-589.0,pass,2026-10-01T00:09:59+00:00,sgo_slate_alt_20261001T000957Z.json
PHI@NJD,Luke Hughes,NJD,d2,PP1,SOG,over,0.5,fanduel,-1450,True,2.0934062161453415,2.2884746897692465,0.8647443907972334,0.8867493797605128,22.43042660874675,2240.764166666667,,"fanduel@2.5,sgo_fair@2.5",1.0339203361349867,0.9354838709677419,0.8779473841752011,-0.05753648679254075,-0.06150452036444021,-0.022004988963279404,-719.0,-580.0,pass,2026-10-01T00:09:59+00:00,sgo_slate_alt_20261001T000957Z.json
CHI@UTA,Vincent Trocheck,UTA,f1,PP2,G,under,0.5,fanduel,-390,False,0.28178861321193904,0.2984851360449741,0.7544331448778927,0.7419413099504073,19.050271205113418,2155.485833333333,,"fanduel@0.5,sgo_fair@0.5",1.0754488373749054,0.7959183673469388,0.7469380439214015,-0.048980323425537264,-0.06153938071413656,0.012491834927485401,-295.0,-260.0,pass,2026-10-01T00:09:59+00:00,sgo_slate_alt_20261001T000957Z.json
TBL@NYR,Jake Guentzel,TBL,f2,PP1,SOG,over,1.5,fanduel,-380,True,2.826448269226042,2.7078062814011807,0.7548078468082396,0.7348134040430999,19.785716260203337,2359.6541666666667,,"fanduel@2.5,sgo_fair@2.5",1.0339203361349867,0.7916666666666666,0.7428111811491558,-0.048855485517510844,-0.061712192232645346,0.01999444276513973,-289.0,-254.0,pass,2026-10-01T00:09:59+00:00,sgo_slate_alt_20261001T000957Z.json
MIN@NSH,Matt Boldy,MIN,f1,PP1,SOG,over,2.5,fanduel,-245,True,3.602040100347599,3.504609262191528,0.6762659084236945,0.6596447116064008,21.075739809162464,2311.885,,"fanduel@3.5,sgo_fair@3.5",1.0339203361349867,0.7101449275362319,0.6662931903333182,-0.04385173720291369,-0.06175040544900079,0.016621196817293682,-200.0,-179.0,pass,2026-10-01T00:09:59+00:00,sgo_slate_alt_20261001T000957Z.json
BUF@CBJ,Zach Benson,BUF,f2,PP1,G,under,0.5,fanduel,-420,False,0.2779876605570674,0.2778129259261888,0.7573061661929018,0.7574385053680952,17.654666812253005,1532.8558333333335,,"fanduel@0.5,sgo_fair@0.5",1.0754488373749054,0.8076923076923077,0.7573855696980178,-0.05030673799428986,-0.06228453275483503,-0.00013233917519339666,-312.0,-274.0,pass,2026-10-01T00:09:59+00:00,sgo_slate_alt_20261001T000957Z.json
FLA@SJS,Will Smith,SJS,f1,PP1,G,under,0.5,fanduel,-340,False,0.32259104824162715,0.32234411098386795,0.7242699852961799,0.7244488566243148,17.42348445821675,1782.5283333333332,,"fanduel@0.5,sgo_fair@0.5",1.0754488373749054,0.7727272727272727,0.7243773080930609,-0.04834996463421182,-0.06257054246780347,-0.0001788713281348775,-263.0,-233.0,pass,2026-10-01T00:09:59+00:00,sgo_slate_alt_20261001T000957Z.json
TBL@NYR,Brayden Point,TBL,f1,PP1,SOG,over,1.5,fanduel,-245,True,2.331904871359198,2.3652603033427613,0.6613292906083983,0.6685110474257715,18.437465313914522,1825.2050000000002,,"fanduel@2.5,sgo_fair@2.5",1.0339203361349867,0.7101449275362319,0.6656383446988222,-0.044506582837409714,-0.06267253501594428,-0.007181756817373208,-199.0,-178.0,pass,2026-10-01T00:09:59+00:00,sgo_slate_alt_20261001T000957Z.json
SEA@CGY,Brandon Montour,SEA,d2,PP2,SOG,over,1.5,fanduel,-460,True,2.6607343302502007,3.1228396629490707,0.726474527630941,0.79880018954562,21.69337024996997,2281.2966666666666,,"fanduel@2.5,sgo_fair@3.0",1.0339203361349867,0.8214285714285714,0.7698699247797485,-0.051558646648822926,-0.06276704809421918,-0.07232566191467904,-335.0,-292.0,pass,2026-10-01T00:09:59+00:00,sgo_slate_alt_20261001T000957Z.json
FLA@SJS,Will Smith,SJS,f1,PP1,G,over,0.5,fanduel,240,False,0.32259104824162715,0.32234411098386795,0.2757300147038201,0.27555114337568526,17.42348445821675,1782.5283333333332,,"fanduel@0.5,sgo_fair@0.5",1.0754488373749054,0.29411764705882354,0.2756226919069392,-0.018494955151884318,-0.06288284751640671,0.00017887132813482198,263.0,299.0,pass,2026-10-01T00:09:59+00:00,sgo_slate_alt_20261001T000957Z.json
FLA@SJS,Brady Tkachuk,FLA,f1,PP1,G,over,1.5,fanduel,1000,True,0.514884709945396,0.4616479970043424,0.09475112485326459,0.07880490238612411,18.336324644557457,1625.061666666667,,"fanduel@0.5,sgo_fair@0.5",1.0754488373749054,0.09090909090909091,0.08518339137298031,-0.005725699536110601,-0.06298269489721653,0.015946222467140475,1074.0,1562.0,pass,2026-10-01T00:09:59+00:00,sgo_slate_alt_20261001T000957Z.json
EDM@VAN,Filip Hronek,VAN,d1,PP1,SOG,over,1.5,fanduel,-154,False,1.7238026269891173,2.108284757943686,0.5057983803494603,0.6096390575060192,25.164197974708635,2731.4975,,"fanduel@1.5,sgo_fair@2.0",1.0339203361349867,0.6062992125984252,0.5681027866433956,-0.03819642595502959,-0.06299929995180198,-0.10384067715655887,-132.0,-119.0,pass,2026-10-01T00:09:59+00:00,sgo_slate_alt_20261001T000957Z.json
TBL@NYR,Mika Zibanejad,NYR,f1,PP1,SOG,over,2.5,fanduel,104,False,2.550475092439673,2.5356397051498294,0.4614435793624337,0.45788994633304375,19.469888763773874,2403.5491666666667,,"fanduel@2.5,sgo_fair@2.5",1.0339203361349867,0.49019607843137253,0.4593113995447997,-0.030884678886572814,-0.06300474492860852,0.0035536330293899354,118.0,130.0,pass,2026-10-01T00:09:59+00:00,sgo_slate_alt_20261001T000957Z.json
EDM@VAN,Brock Boeser,VAN,f2,PP1,SOG,over,0.5,fanduel,-1800,True,2.1627106415591935,2.3939398252676685,0.8730340825249066,0.8970554876677317,18.268851947691445,2056.795,,"fanduel@2.5,sgo_fair@2.5",1.0339203361349867,0.9473684210526315,0.8874469256106017,-0.05992149544202985,-0.06325046741103157,-0.024021405142825136,-788.0,-627.0,pass,2026-10-01T00:09:59+00:00,sgo_slate_alt_20261001T000957Z.json
BUF@CBJ,Conor Garland,CBJ,f2,PP2,SOG,over,1.5,fanduel,-154,False,1.7200768206721466,2.108284757943686,0.5046987162107522,0.6096390575060192,14.237061225356408,1900.5741666666668,,"fanduel@1.5,sgo_fair@2.0",1.0339203361349867,0.6062992125984252,0.5676629209879124,-0.03863629161051285,-0.06372479265630038,-0.10494034129526697,-131.0,-119.0,pass,2026-10-01T00:09:59+00:00,sgo_slate_alt_20261001T000957Z.json
FLA@SJS,Tyler Toffoli,SJS,f2,PP2,SOG,under,1.5,fanduel,142,False,2.1281284630830726,2.1195323012071605,0.38551984916011317,0.38761081061793223,14.140730602670734,1777.0583333333334,,"fanduel@1.5,sgo_fair@1.5",1.0339203361349867,0.4132231404958678,0.3867744260348046,-0.026448714461063172,-0.06400588899577286,-0.0020909614578190627,159.0,176.0,pass,2026-10-01T00:09:59+00:00,sgo_slate_alt_20261001T000957Z.json
TBL@NYR,Adam Fox,NYR,d1,PP1,SOG,over,0.5,fanduel,-660,True,1.7452008555306344,1.735607354250873,0.8136374020025244,0.8119719876528251,22.653446368177953,2092.1875,,"fanduel@1.5,sgo_fair@1.5",1.0339203361349867,0.868421052631579,0.8126381533927047,-0.05578289923887425,-0.06423485366900661,0.0016654143496993568,-434.0,-371.0,pass,2026-10-01T00:09:59+00:00,sgo_slate_alt_20261001T000957Z.json
PHI@NJD,Porter Martone,PHI,f1,PP1,SOG,over,1.5,fanduel,-280,True,2.5134062386079172,2.434497695737821,0.6988159535348737,0.6829941750387872,17.174337859550526,153.36666666666667,,"fanduel@2.5,sgo_fair@2.5",1.0339203361349867,0.7368421052631579,0.6893228864372218,-0.047519218825936016,-0.06449036840662747,0.015821778496086458,-222.0,-198.0,pass,2026-10-01T00:09:59+00:00,sgo_slate_alt_20261001T000957Z.json
TBL@NYR,Mika Zibanejad,NYR,f1,PP1,SOG,over,1.5,fanduel,-305,True,2.550475092439673,2.5356397051498294,0.7060023776936137,0.7031449357209468,19.469888763773874,2403.5491666666667,,"fanduel@2.5,sgo_fair@2.5",1.0339203361349867,0.7530864197530864,0.7042879125100137,-0.048798507243072775,-0.06479801781457206,0.0028574419726669076,-238.0,-212.0,pass,2026-10-01T00:09:59+00:00,sgo_slate_alt_20261001T000957Z.json
TBL@NYR,Mika Zibanejad,NYR,f1,PP1,G,under,0.5,fanduel,-300,False,0.35379175335388935,0.3556132234767708,0.7020211456833799,0.7007435990006585,19.469888763773874,2403.5491666666667,,"fanduel@0.5,sgo_fair@0.5",1.0754488373749054,0.75,0.7012546176737471,-0.04874538232625292,-0.06499384310167056,0.0012775466827213977,-235.0,-209.0,pass,2026-10-01T00:09:59+00:00,sgo_slate_alt_20261001T000957Z.json
TBL@NYR,Adam Fox,NYR,d1,PP1,SOG,under,1.5,fanduel,-110,False,1.7452008555306344,1.735607354250873,0.4879202251603424,0.49072914902870046,22.653446368177953,2092.1875,,"fanduel@1.5,sgo_fair@1.5",1.0339203361349867,0.5238095238095238,0.4896055794813572,-0.03420394432816665,-0.06529843917195444,-0.002808923868358071,104.0,115.0,pass,2026-10-01T00:09:59+00:00,sgo_slate_alt_20261001T000957Z.json
PHI@NJD,Anthony Mantha,NJD,f1,PP2,G,under,0.5,fanduel,-450,False,0.27411589033220213,0.2644033006363974,0.7602439652297452,0.767663877887018,15.374747258923755,1311.4966666666667,,"fanduel@0.5,sgo_fair@0.5",1.0754488373749054,0.8181818181818182,0.7646959128241089,-0.05348590535770936,-0.06537166210386691,-0.007419912657272709,-325.0,-284.0,pass,2026-10-01T00:09:59+00:00,sgo_slate_alt_20261001T000957Z.json
TBL@NYR,Alexis Lafrenière,NYR,f1,PP1,SOG,over,0.5,fanduel,-1100,True,1.8220657375484792,2.195693090253882,0.8264370531118874,0.8767910403853956,18.323826239617773,0.0,no NHL data: 85% of positional prior,"fanduel@1.5,fanduel@2.5,sgo_fair@2.5",1.0339203361349867,0.9166666666666666,0.8566494454759923,-0.06001722119067432,-0.06547333220800844,-0.05035398727350815,-598.0,-494.0,pass,2026-10-01T00:09:59+00:00,sgo_slate_alt_20261001T000957Z.json
TBL@NYR,J.T. Miller,NYR,f2,PP1,G,under,0.5,fanduel,-420,False,0.28148933517827596,0.28148933517827596,0.7546589639356781,0.7546589639356781,17.338376745483124,1975.7875,,"fanduel@0.5,sgo_fair@0.5",1.0754488373749054,0.8076923076923077,0.7546589639356781,-0.0530333437566296,-0.0656603303653509,0.0,-308.0,-270.0,pass,2026-10-01T00:09:59+00:00,sgo_slate_alt_20261001T000957Z.json
BUF@CBJ,Jack Quinn,BUF,f2,PP1,SOG,over,3.5,fanduel,320,True,2.3701838685470307,2.379620453522557,0.22131249430164787,0.22321279037129962,16.29889067695263,1778.7808333333335,,"fanduel@2.5,sgo_fair@2.5",1.0339203361349867,0.23809523809523808,0.22245267194343893,-0.015642566151799153,-0.06569877783755651,-0.0019002960696517524,350.0,406.0,pass,2026-10-01T00:09:59+00:00,sgo_slate_alt_20261001T000957Z.json
PHI@NJD,Tyson Foerster,PHI,f2,PP1,G,under,0.5,fanduel,-450,False,0.26876554614768017,0.26875316806450833,0.764322432981797,0.7643318938869965,17.605628457469237,1116.2733333333333,,"fanduel@0.5,sgo_fair@0.5",1.0754488373749054,0.8181818181818182,0.7643281095249168,-0.05385370865690142,-0.06582119946954601,-9.460905199487613e-06,-324.0,-284.0,pass,2026-10-01T00:09:59+00:00,sgo_slate_alt_20261001T000957Z.json
MIN@NSH,Roman Josi,NSH,d1,PP1,SOG,over,4.5,fanduel,375,True,2.8713889935020815,3.101391145360394,0.1741012428889617,0.21163959919069694,24.30784753675279,2288.6891666666666,,"fanduel@2.5,sgo_fair@3.0",1.0339203361349867,0.21052631578947367,0.19662425667000283,-0.013902059119470844,-0.0660347808174866,-0.03753835630173524,409.0,483.0,pass,2026-10-01T00:09:59+00:00,sgo_slate_alt_20261001T000957Z.json
EDM@VAN,Jake DeBrusk,VAN,f1,PP1,SOG,over,3.5,fanduel,182,True,2.5834237831638682,3.108657898771741,0.2649824673240125,0.3752468536283808,17.062746647599628,1995.9550000000002,,"fanduel@2.5,sgo_fair@3.0",1.0339203361349867,0.3546099290780142,0.3311410991066335,-0.023468829971380722,-0.06618210051929352,-0.1102643863043683,202.0,227.0,pass,2026-10-01T00:09:59+00:00,sgo_slate_alt_20261001T000957Z.json
TBL@NYR,Oliver Bjorkstrand,NYR,f2,PP2,SOG,under,1.5,fanduel,116,False,1.7261556450338593,2.103868945226967,0.4935080409949639,0.39144506964523407,13.857458332410221,1643.9725,,"fanduel@1.5,sgo_fair@2.0",1.0339203361349867,0.46296296296296297,0.432270258185126,-0.030692704777836977,-0.06629624232012776,0.10206297134972986,131.0,146.0,pass,2026-10-01T00:09:59+00:00,sgo_slate_alt_20261001T000957Z.json
BUF@CBJ,Josh Doan,BUF,f1,PP1,SOG,over,1.5,fanduel,-220,True,2.3231126614842603,2.1930379331338075,0.6594138411587778,0.6299661914141883,16.928142229241978,1611.3025,,"fanduel@2.5,sgo_fair@2.0",1.0339203361349867,0.6875,0.6417452513120241,-0.04575474868797591,-0.06655236172796497,0.029447649744589466,-179.0,-161.0,pass,2026-10-01T00:09:59+00:00,sgo_slate_alt_20261001T000957Z.json
PHI@NJD,Timo Meier,NJD,f2,PP2,G,under,0.5,fanduel,-310,False,0.35868335920345806,0.34193494898247545,0.6985955201761584,0.71039441508569,17.43850901718873,2068.695,,"fanduel@0.5,sgo_fair@0.5",1.0754488373749054,0.7560975609756098,0.7056748571218774,-0.050422703853732376,-0.06668809219364613,-0.011798894909531565,-240.0,-213.0,pass,2026-10-01T00:09:59+00:00,sgo_slate_alt_20261001T000957Z.json
TBL@NYR,Brayden Point,TBL,f1,PP1,SOG,over,2.5,fanduel,126,False,2.331904871359198,2.3652603033427613,0.40793945519220787,0.416253106854607,18.437465313914522,1825.2050000000002,,"fanduel@2.5,sgo_fair@2.5",1.0339203361349867,0.4424778761061947,0.41292764618964733,-0.029550229916547377,-0.06678351961139706,-0.008313651662399113,142.0,158.0,pass,2026-10-01T00:09:59+00:00,sgo_slate_alt_20261001T000957Z.json
PHI@NJD,Owen Tippett,PHI,f1,PP2,PTS,over,0.5,fanduel,106,False,0.5760121346041711,0.6216882165778005,0.4378643761378506,0.4629629629629631,17.390145884502914,1918.3983333333333,,sgo_fair@0.5,1.088912284783392,0.4854368932038835,0.4529235282329181,-0.03251336497096541,-0.06697753184018873,-0.025098586825112457,121.0,134.0,pass,2026-10-01T00:09:59+00:00,sgo_slate_alt_20261001T000957Z.json
TBL@NYR,Jake Guentzel,TBL,f2,PP1,SOG,over,3.5,fanduel,210,True,2.826448269226042,2.7078062814011807,0.3159173982219917,0.2909631647395135,19.785716260203337,2359.6541666666667,,"fanduel@2.5,sgo_fair@2.5",1.0339203361349867,0.3225806451612903,0.30094485813250477,-0.021635787028785547,-0.06707093978923517,0.024954233482478216,232.0,262.0,pass,2026-10-01T00:09:59+00:00,sgo_slate_alt_20261001T000957Z.json
MIN@NSH,Steven Stamkos,NSH,f1,PP1,SOG,over,1.5,fanduel,-385,True,2.709992993613625,2.761740020331649,0.7351950809194436,0.7440816132973136,18.34647335976343,2126.0425,,"fanduel@2.5,sgo_fair@2.5",1.0339203361349867,0.7938144329896907,0.7405270003461656,-0.05328743264352509,-0.06712832423924586,-0.00888653237786996,-285.0,-252.0,pass,2026-10-01T00:09:59+00:00,sgo_slate_alt_20261001T000957Z.json
EDM@VAN,Jake DeBrusk,VAN,f1,PP1,SOG,over,1.5,fanduel,-450,True,2.5834237831638682,3.108657898771741,0.7122604093853884,0.7968765545948643,17.062746647599628,1995.9550000000002,,"fanduel@2.5,sgo_fair@3.0",1.0339203361349867,0.8181818181818182,0.7630300965110739,-0.055151721670744336,-0.06740765981979846,-0.08461614520947591,-322.0,-282.0,pass,2026-10-01T00:09:59+00:00,sgo_slate_alt_20261001T000957Z.json
CHI@UTA,Patrick Kane,CHI,f1,PP1,SOG,over,1.5,fanduel,-290,True,2.5743867806709275,2.4297028074420486,0.7105560331538188,0.6820094413112131,18.591130609932456,1789.7158333333334,,"fanduel@2.5,sgo_fair@2.5",1.0339203361349867,0.7435897435897436,0.6934280780482553,-0.050161665541488265,-0.06745879159027723,0.028546591842605662,-226.0,-202.0,pass,2026-10-01T00:09:59+00:00,sgo_slate_alt_20261001T000957Z.json
TBL@NYR,Pavel Dorofeyev,NYR,f2,PP1,SOG,over,4.5,fanduel,490,True,2.9027062230941,2.6748208835778766,0.17907581956093044,0.14403587640642956,16.81961555651354,2069.2158333333336,,"fanduel@2.5,sgo_fair@2.5",1.0339203361349867,0.1694915254237288,0.1580518536682299,-0.011439671755498898,-0.06749406335744346,0.035039943154500874,533.0,652.0,pass,2026-10-01T00:09:59+00:00,sgo_slate_alt_20261001T000957Z.json
TBL@NYR,John Carlson,TBL,d1,PP1,SOG,over,3.5,fanduel,390,True,2.279397469456022,2.1682310857017844,0.20322418139906093,0.18162696440593779,23.336530975397352,2482.088333333333,,"fanduel@1.5,sgo_fair@1.5",1.0339203361349867,0.20408163265306123,0.19026585120318706,-0.013815781449874165,-0.06769732910438331,0.02159721699312314,426.0,505.0,pass,2026-10-01T00:09:59+00:00,sgo_slate_alt_20261001T000957Z.json
CHI@UTA,Clayton Keller,UTA,f1,PP1,G,over,1.5,fanduel,1500,True,0.41369167312995864,0.36955126871352584,0.0652602983240401,0.053579327837129785,20.237852932226836,2261.8883333333333,,"fanduel@0.5,sgo_fair@0.5",1.0754488373749054,0.0625,0.058251716031893906,-0.004248283968106094,-0.0679725434896975,0.01168097048691031,1617.0,2907.0,pass,2026-10-01T00:09:59+00:00,sgo_slate_alt_20261001T000957Z.json
EDM@VAN,Connor McDavid,EDM,f1,PP1,SOG,over,1.5,fanduel,-1100,True,3.4703017494226645,3.689619494817673,0.8408518882222895,0.8628882543245714,21.633797863857367,2572.545,,"fanduel@3.5,sgo_fair@3.5",1.0339203361349867,0.9166666666666666,0.8540737078836587,-0.06259295878300797,-0.06828322776328155,-0.02203636610228188,-585.0,-485.0,pass,2026-10-01T00:09:59+00:00,sgo_slate_alt_20261001T000957Z.json
PHI@NJD,Jesper Bratt,NJD,f1,PP1,G,under,0.5,fanduel,-390,False,0.2996470382275731,0.29908354790019614,0.7410797473456782,0.7414974562915451,18.40471199059038,2229.26,,"fanduel@0.5,sgo_fair@0.5",1.0754488373749054,0.7959183673469388,0.7413303727131983,-0.05458799463374042,-0.06858491633469954,-0.00041770894586690144,-287.0,-253.0,pass,2026-10-01T00:09:59+00:00,sgo_slate_alt_20261001T000957Z.json
PHI@NJD,Jesper Bratt,NJD,f1,PP1,G,over,0.5,fanduel,260,False,0.2996470382275731,0.29908354790019614,0.25892025265432184,0.25850254370845493,18.40471199059038,2229.26,,"fanduel@0.5,sgo_fair@0.5",1.0754488373749054,0.2777777777777778,0.2586696272868017,-0.019108150490976084,-0.06878934176751383,0.00041770894586690144,287.0,328.0,pass,2026-10-01T00:09:59+00:00,sgo_slate_alt_20261001T000957Z.json
SEA@CGY,Jordan Eberle,SEA,f2,PP1,G,over,0.5,fanduel,230,False,0.32676854320292986,0.3344172390225196,0.2787493379232835,0.2842449210332979,17.136518088982847,1785.4891666666667,,"fanduel@0.5,sgo_fair@0.5",1.0754488373749054,0.30303030303030304,0.28204668778929215,-0.02098361524101089,-0.06924593029533599,-0.005495583110014413,255.0,289.0,pass,2026-10-01T00:09:59+00:00,sgo_slate_alt_20261001T000957Z.json
BUF@CBJ,Jack Quinn,BUF,f2,PP1,SOG,over,2.5,fanduel,122,False,2.3701838685470307,2.379620453522557,0.41747612025639724,0.41981710221239515,16.29889067695263,1778.7808333333335,,"fanduel@2.5,sgo_fair@2.5",1.0339203361349867,0.45045045045045046,0.418880709429996,-0.031569741020454456,-0.07008482506540903,-0.0023409819559979117,139.0,154.0,pass,2026-10-01T00:09:59+00:00,sgo_slate_alt_20261001T000957Z.json
SEA@CGY,Bobby McMann,SEA,f2,PP1,SOG,over,2.5,fanduel,-108,False,2.6286891384033098,2.648577228438589,0.47997145090492066,0.4846253772709422,16.598452352257077,1725.3875,,"fanduel@2.5,sgo_fair@2.5",1.0339203361349867,0.5192307692307693,0.48276380672453356,-0.03646696250623571,-0.0702326685305279,-0.004653926366021521,107.0,118.0,pass,2026-10-01T00:09:59+00:00,sgo_slate_alt_20261001T000957Z.json
EDM@VAN,Jake DeBrusk,VAN,f1,PP1,SOG,over,2.5,fanduel,-138,False,2.5834237831638682,3.108657898771741,0.46929174988374256,0.5850946058255246,17.062746647599628,1995.9550000000002,,"fanduel@2.5,sgo_fair@3.0",1.0339203361349867,0.5798319327731093,0.5387734634488118,-0.041058469324297464,-0.07081098332741143,-0.11580285594178208,-117.0,-106.0,pass,2026-10-01T00:09:59+00:00,sgo_slate_alt_20261001T000957Z.json
BUF@CBJ,Jack Quinn,BUF,f2,PP1,SOG,over,1.5,fanduel,-260,True,2.3701838685470307,2.379620453522557,0.6695598029211621,0.6715617538742604,16.29889067695263,1778.7808333333335,,"fanduel@2.5,sgo_fair@2.5",1.0339203361349867,0.7222222222222222,0.6707609734930211,-0.0514612487292011,-0.07125403670197084,-0.002001950953098297,-204.0,-182.0,pass,2026-10-01T00:09:59+00:00,sgo_slate_alt_20261001T000957Z.json
TBL@NYR,Brayden Point,TBL,f1,PP1,G,under,0.5,fanduel,-310,False,0.37155677359400907,0.34193494898247545,0.6896598502492949,0.71039441508569,18.437465313914522,1825.2050000000002,,"fanduel@0.5,sgo_fair@0.5",1.0754488373749054,0.7560975609756098,0.702100589151132,-0.05399697182447771,-0.07141534983237374,-0.02073456483639513,-236.0,-210.0,pass,2026-10-01T00:09:59+00:00,sgo_slate_alt_20261001T000957Z.json
FLA@SJS,Mason Marchment,SJS,f1,PP2,G,under,0.5,fanduel,-390,False,0.3137481970232608,0.29496932435959056,0.7307029981864083,0.7445544267994637,17.422308663932426,1609.2633333333333,,"fanduel@0.5,sgo_fair@0.5",1.0754488373749054,0.7959183673469388,0.7390138553542416,-0.05690451199269719,-0.07149541250364522,-0.013851428613055439,-283.0,-250.0,pass,2026-10-01T00:09:59+00:00,sgo_slate_alt_20261001T000957Z.json
FLA@SJS,Sam Reinhart,FLA,f1,PP1,G,over,1.5,fanduel,1200,True,0.48523328985918157,0.4010935077440568,0.08575933484906027,0.061845375843418086,19.766180361811095,2112.1575000000003,,"fanduel@0.5,sgo_fair@0.5",1.0754488373749054,0.07692307692307693,0.07141095944567497,-0.005512117477401962,-0.07165752720622542,0.023913959005642187,1300.0,2055.0,pass,2026-10-01T00:09:59+00:00,sgo_slate_alt_20261001T000957Z.json
SEA@CGY,Brandon Montour,SEA,d2,PP2,SOG,over,2.5,fanduel,-144,False,2.6607343302502007,3.1228396629490707,0.48745845377612207,0.5879594160945556,21.69337024996997,2281.2966666666666,,"fanduel@2.5,sgo_fair@3.0",1.0339203361349867,0.5901639344262295,0.5477590311671822,-0.04240490325904733,-0.07185275274449687,-0.10050096231843353,-121.0,-110.0,pass,2026-10-01T00:09:59+00:00,sgo_slate_alt_20261001T000957Z.json
MIN@NSH,Kirill Kaprizov,MIN,f2,PP1,SOG,under,3.5,fanduel,-152,False,3.4659035491824945,3.396618668885932,0.5514276244495688,0.5653971797671488,21.14032768555998,2141.9675,,"fanduel@3.5,sgo_fair@3.5",1.0339203361349867,0.6031746031746031,0.5598093576401169,-0.043365245534486285,-0.0718950123334905,-0.01396955531757993,-127.0,-115.0,pass,2026-10-01T00:09:59+00:00,sgo_slate_alt_20261001T000957Z.json
BUF@CBJ,Zach Werenski,CBJ,d1,PP1,SOG,over,5.5,fanduel,440,True,3.733883593502363,3.534772334645364,0.18822481512889463,0.16088072143944915,26.120375996915733,2970.9316666666664,,"fanduel@3.5,sgo_fair@3.5",1.0339203361349867,0.18518518518518517,0.17181835891522734,-0.013366826269957832,-0.07218086185777228,0.027344093689445487,482.0,581.0,pass,2026-10-01T00:09:59+00:00,sgo_slate_alt_20261001T000957Z.json
MIN@NSH,Steven Stamkos,NSH,f1,PP1,SOG,over,2.5,fanduel,-120,False,2.709992993613625,2.761740020331649,0.4988447065445596,0.5106419230415703,18.34647335976343,2126.0425,,"fanduel@2.5,sgo_fair@2.5",1.0339203361349867,0.5454545454545454,0.505923036442766,-0.039531509011779375,-0.07247443318826219,-0.01179721649701071,-102.0,108.0,pass,2026-10-01T00:09:59+00:00,sgo_slate_alt_20261001T000957Z.json
FLA@SJS,Michael Misa,SJS,f2,PP2,G,over,0.5,fanduel,340,False,0.23704443078349688,0.23649694715790784,0.21104376670472894,0.2106117078239042,13.758025580843334,576.4833333333333,,"fanduel@0.5,sgo_fair@0.5",1.0754488373749054,0.22727272727272727,0.2107845313762341,-0.01648819589649317,-0.07254806194456986,0.00043205888082473165,374.0,438.0,pass,2026-10-01T00:09:59+00:00,sgo_slate_alt_20261001T000957Z.json
CHI@UTA,Bowen Byram,CHI,d1,PP1,PTS,over,0.5,fanduel,130,False,0.4950627376672371,0.5302168130806418,0.39046733456081517,0.4115226337448562,22.651848045054024,2694.625,,sgo_fair@0.5,1.088912284783392,0.43478260869565216,0.4031005140712398,-0.03168209462441235,-0.0728688176361485,-0.021055299184041032,148.0,164.0,pass,2026-10-01T00:09:59+00:00,sgo_slate_alt_20261001T000957Z.json
EDM@VAN,Zach Hyman,EDM,f1,PP1,SOG,over,3.5,fanduel,198,True,2.751587171347884,2.8379122221493347,0.3001590434883657,0.31833283687153546,18.54167821769699,1799.874166666667,,"fanduel@2.5,sgo_fair@2.5",1.0339203361349867,0.33557046979865773,0.31106331951826754,-0.02450715028039019,-0.07303130783556278,-0.018173793383169767,221.0,250.0,pass,2026-10-01T00:09:59+00:00,sgo_slate_alt_20261001T000957Z.json
FLA@SJS,Matthew Tkachuk,FLA,f2,PP1,SOG,over,4.5,fanduel,500,True,2.8724979867177525,2.656155237124986,0.17427659433928822,0.14129371445548045,17.381914833785785,1013.015,,"fanduel@2.5,sgo_fair@2.5",1.0339203361349867,0.16666666666666666,0.15448686640900355,-0.012179800257663104,-0.07307880154597868,0.03298287988380777,547.0,672.0,pass,2026-10-01T00:09:59+00:00,sgo_slate_alt_20261001T000957Z.json
PHI@NJD,Porter Martone,PHI,f1,PP1,SOG,under,2.5,fanduel,-152,False,2.5134062386079172,2.434497695737821,0.547458492855748,0.5666518212982787,17.174337859550526,153.36666666666667,,"fanduel@2.5,sgo_fair@2.5",1.0339203361349867,0.6031746031746031,0.5589744899212664,-0.044200113253336726,-0.07327913513053197,-0.019193328442530744,-127.0,-115.0,pass,2026-10-01T00:09:59+00:00,sgo_slate_alt_20261001T000957Z.json
TBL@NYR,Pavel Dorofeyev,NYR,f2,PP1,G,under,0.5,fanduel,-280,False,0.4000660172897745,0.36955126871352584,0.6702757947836087,0.6910443542956088,16.81961555651354,2069.2158333333336,,"fanduel@0.5,sgo_fair@0.5",1.0754488373749054,0.7368421052631579,0.6827369304908087,-0.05410517477234911,-0.07342845147675947,-0.020768559512000184,-215.0,-192.0,pass,2026-10-01T00:09:59+00:00,sgo_slate_alt_20261001T000957Z.json
BUF@CBJ,Josh Doan,BUF,f1,PP1,G,under,0.5,fanduel,-360,False,0.3373779842543059,0.3111559839716327,0.7136390445946283,0.7325995931622711,16.928142229241978,1611.3025,,"fanduel@0.5,sgo_fair@0.5",1.0754488373749054,0.782608695652174,0.725015373735214,-0.05759332191695998,-0.07359146689389329,-0.018960548567642732,-264.0,-233.0,pass,2026-10-01T00:09:59+00:00,sgo_slate_alt_20261001T000957Z.json
PHI@NJD,Owen Tippett,PHI,f1,PP2,G,under,0.5,fanduel,-450,False,0.28981311971843327,0.26875316806450833,0.7484034163518425,0.7643318938869965,17.390145884502914,1918.3983333333333,,"fanduel@0.5,sgo_fair@0.5",1.0754488373749054,0.8181818181818182,0.7579605028729349,-0.060221315308883305,-0.07360382982196834,-0.01592847753515403,-313.0,-274.0,pass,2026-10-01T00:09:59+00:00,sgo_slate_alt_20261001T000957Z.json
EDM@VAN,Zach Hyman,EDM,f1,PP1,SOG,over,2.5,fanduel,-128,False,2.751587171347884,2.8379122221493347,0.5083407837994031,0.5276918019127202,18.54167821769699,1799.874166666667,,"fanduel@2.5,sgo_fair@2.5",1.0339203361349867,0.5614035087719298,0.5199513946673934,-0.04145211410453642,-0.0738365782487056,-0.019351018113317187,-108.0,102.0,pass,2026-10-01T00:09:59+00:00,sgo_slate_alt_20261001T000957Z.json
TBL@NYR,Mika Zibanejad,NYR,f1,PP1,G,over,0.5,fanduel,210,False,0.35379175335388935,0.3556132234767708,0.2979788543166201,0.2992564009993414,19.469888763773874,2403.5491666666667,,"fanduel@0.5,sgo_fair@0.5",1.0754488373749054,0.3225806451612903,0.2987453823262529,-0.023835262835037396,-0.07388931478861593,-0.0012775466827213422,235.0,265.0,pass,2026-10-01T00:09:59+00:00,sgo_slate_alt_20261001T000957Z.json
MIN@NSH,Filip Forsberg,NSH,f2,PP1,SOG,under,2.5,fanduel,136,False,3.276477323052111,3.1862313158077247,0.38192984243661554,0.39941107772713147,18.093543374480483,2236.0841666666665,,"fanduel@2.5,sgo_fair@2.5",1.0339203361349867,0.423728813559322,0.3924185836109251,-0.03131022994839694,-0.07389214267821664,-0.01748123529051593,155.0,172.0,pass,2026-10-01T00:09:59+00:00,sgo_slate_alt_20261001T000957Z.json
TBL@NYR,Nikita Kucherov,TBL,f1,PP1,SOG,over,3.5,fanduel,122,False,3.2443309770453563,3.3531966511209585,0.40343825721782417,0.4257774614283505,20.190939287675228,2289.2191666666668,,"fanduel@3.5,sgo_fair@3.5",1.0339203361349867,0.45045045045045046,0.41684177974413994,-0.03360867070631052,-0.07461124896800941,-0.02233920421052632,140.0,155.0,pass,2026-10-01T00:09:59+00:00,sgo_slate_alt_20261001T000957Z.json
BUF@CBJ,Tage Thompson,BUF,f1,PP1,G,under,0.5,fanduel,-230,False,0.46110221835625353,0.42396556075064523,0.6305882164126078,0.6544464201642095,19.217381242661318,2200.2008333333333,,"fanduel@0.5,sgo_fair@0.5",1.0754488373749054,0.696969696969697,0.6449031386635689,-0.05206655830612816,-0.07470419235227077,-0.023858203751601748,-182.0,-163.0,pass,2026-10-01T00:09:59+00:00,sgo_slate_alt_20261001T000957Z.json
EDM@VAN,Brock Boeser,VAN,f2,PP1,G,over,0.5,fanduel,220,False,0.3308336089896838,0.3483350237358474,0.2816753181330845,0.29413764404683956,18.268851947691445,2056.795,,"fanduel@0.5,sgo_fair@0.5",1.0754488373749054,0.3125,0.28915271368133755,-0.023347286318662452,-0.07471131621971983,-0.012462325913755068,246.0,279.0,pass,2026-10-01T00:09:59+00:00,sgo_slate_alt_20261001T000957Z.json
PHI@NJD,Trevor Zegras,PHI,f1,PP1,G,under,0.5,fanduel,-550,False,0.25780169922207563,0.23764798637558193,0.7727484535339375,0.7884801980200823,18.20542805617276,1953.2883333333334,,"fanduel@0.5,sgo_fair@0.5",1.0754488373749054,0.8461538461538461,0.7821875002256244,-0.0639663459282217,-0.07559659064244384,-0.015731744486144783,-359.0,-312.0,pass,2026-10-01T00:09:59+00:00,sgo_slate_alt_20261001T000957Z.json
MIN@NSH,Matt Boldy,MIN,f1,PP1,SOG,under,3.5,fanduel,-138,False,3.602040100347599,3.504609262191528,0.5244252930544395,0.5436878310041968,21.075739809162464,2311.885,,"fanduel@3.5,sgo_fair@3.5",1.0339203361349867,0.5798319327731093,0.5359828158242939,-0.043849116948815436,-0.07562383937549311,-0.019262537949757297,-116.0,-104.0,pass,2026-10-01T00:09:59+00:00,sgo_slate_alt_20261001T000957Z.json
BUF@CBJ,Josh Doan,BUF,f1,PP1,SOG,under,2.5,fanduel,-198,False,2.3231126614842603,2.1930379331338075,0.5942599164493654,0.6271459702088086,16.928142229241978,1611.3025,,"fanduel@2.5,sgo_fair@2.0",1.0339203361349867,0.6644295302013423,0.6139915487050313,-0.05043798149631107,-0.0759117095247509,-0.0328860537594432,-159.0,-143.0,pass,2026-10-01T00:09:59+00:00,sgo_slate_alt_20261001T000957Z.json
MIN@NSH,Matt Boldy,MIN,f1,PP1,SOG,over,5.5,fanduel,470,True,3.602040100347599,3.504609262191528,0.16994381785037724,0.15687863472841992,21.075739809162464,2311.885,,"fanduel@3.5,sgo_fair@3.5",1.0339203361349867,0.17543859649122806,0.16210470797720283,-0.013333888514025227,-0.07600316452994382,0.013065183121957313,517.0,629.0,pass,2026-10-01T00:09:59+00:00,sgo_slate_alt_20261001T000957Z.json
MIN@NSH,Joel Eriksson Ek,MIN,f1,PP1,G,under,0.5,fanduel,-290,False,0.39627532108105135,0.36167015429661054,0.6728214285114904,0.6965120714704442,20.472082233759373,1744.6958333333334,,"fanduel@0.5,sgo_fair@0.5",1.0754488373749054,0.7435897435897436,0.6870358142868627,-0.056553929302880945,-0.07605528423490882,-0.023690642958953845,-220.0,-196.0,pass,2026-10-01T00:09:59+00:00,sgo_slate_alt_20261001T000957Z.json
SEA@CGY,Bobby McMann,SEA,f2,PP1,G,under,0.5,fanduel,-390,False,0.3117800644735523,0.3046372843393894,0.7321425346759434,0.7373907890781373,16.598452352257077,1725.3875,,"fanduel@0.5,sgo_fair@0.5",1.0754488373749054,0.7959183673469388,0.7352914873172598,-0.060626880029678976,-0.07617223388344285,-0.005248254402193897,-278.0,-245.0,pass,2026-10-01T00:09:59+00:00,sgo_slate_alt_20261001T000957Z.json
SEA@CGY,Bobby McMann,SEA,f2,PP1,SOG,over,1.5,fanduel,-360,True,2.6286891384033098,2.648577228438589,0.7206618545357433,0.7242824137016619,16.598452352257077,1725.3875,,"fanduel@2.5,sgo_fair@2.5",1.0339203361349867,0.782608695652174,0.7228341900352945,-0.05977450561687947,-0.07637853495490154,-0.0036205591659186354,-261.0,-231.0,pass,2026-10-01T00:09:59+00:00,sgo_slate_alt_20261001T000957Z.json
BUF@CBJ,Kent Johnson,CBJ,f1,PP1,SOG,over,0.5,fanduel,-1050,True,1.67650112369811,2.1475474210873546,0.8013622097917026,0.8712668869900102,13.607374230517582,1535.4758333333334,,"fanduel@1.5,sgo_fair@1.5",1.0339203361349867,0.9130434782608695,0.8433050161106872,-0.06973846215018231,-0.07638022045019965,-0.06990467719830762,-538.0,-450.0,pass,2026-10-01T00:09:59+00:00,sgo_slate_alt_20261001T000957Z.json
EDM@VAN,Marco Rossi,VAN,f2,PP2,SOG,over,0.5,fanduel,-780,True,1.4216740678972448,2.093247241396577,0.7479301516907193,0.8647247382708008,16.373413710856763,1562.0341666666668,,"fanduel@1.5,sgo_fair@2.0",1.0339203361349867,0.8863636363636364,0.818006903638768,-0.06835673272486831,-0.07712041640754375,-0.11679458658008146,-449.0,-383.0,pass,2026-10-01T00:09:59+00:00,sgo_slate_alt_20261001T000957Z.json
TBL@NYR,Mika Zibanejad,NYR,f1,PP1,SOG,over,3.5,fanduel,260,True,2.550475092439673,2.5356397051498294,0.2581499302098033,0.25508199042001417,19.469888763773874,2403.5491666666667,,"fanduel@2.5,sgo_fair@2.5",1.0339203361349867,0.2777777777777778,0.2563091663359298,-0.021468611441847973,-0.07728700119065268,0.0030679397897891425,290.0,332.0,pass,2026-10-01T00:09:59+00:00,sgo_slate_alt_20261001T000957Z.json
FLA@SJS,Aleksander Barkov,FLA,f1,PP1,G,under,0.5,fanduel,-340,False,0.3561246805222109,0.3265432347953142,0.7003852903874457,0.7214131842229962,20.354723500204337,631.3108333333333,,"fanduel@0.5,sgo_fair@0.5",1.0754488373749054,0.7727272727272727,0.713002026688776,-0.059725246038496715,-0.07729149487334863,-0.021027893835550482,-248.0,-221.0,pass,2026-10-01T00:09:59+00:00,sgo_slate_alt_20261001T000957Z.json
BUF@CBJ,Zach Benson,BUF,f2,PP1,G,over,0.5,fanduel,280,False,0.2779876605570674,0.2778129259261888,0.24269383380709822,0.24256149463190485,17.654666812253005,1532.8558333333335,,"fanduel@0.5,sgo_fair@0.5",1.0754488373749054,0.2631578947368421,0.2426144303019822,-0.02054346443485988,-0.07806516485246762,0.0001323391751933689,312.0,360.0,pass,2026-10-01T00:09:59+00:00,sgo_slate_alt_20261001T000957Z.json
SEA@CGY,Jared McCann,SEA,f1,PP1,SOG,under,2.5,fanduel,-178,False,2.4144620365671794,2.2894716411614273,0.5715753315071749,0.6027045457785711,16.343716667313814,1489.6441666666665,,"fanduel@2.5,sgo_fair@2.5",1.0339203361349867,0.6402877697841727,0.5902528600700127,-0.050034909714160025,-0.07814440955357571,-0.031129214271396255,-144.0,-130.0,pass,2026-10-01T00:09:59+00:00,sgo_slate_alt_20261001T000957Z.json
MIN@NSH,Quinn Hughes,MIN,d1,PP1,SOG,over,4.5,fanduel,500,True,2.8423066645425767,2.6679574205629906,0.16952442872790965,0.1430251489100835,27.76691338944863,2839.8958333333335,,"fanduel@2.5,sgo_fair@2.5",1.0339203361349867,0.16666666666666666,0.15362486083721397,-0.01304180582945269,-0.07825083497671614,0.026499279817826155,551.0,677.0,pass,2026-10-01T00:09:59+00:00,sgo_slate_alt_20261001T000957Z.json
CHI@UTA,Clayton Keller,UTA,f1,PP1,G,under,0.5,fanduel,-280,False,0.41369167312995864,0.36955126871352584,0.6612047870427193,0.6910443542956088,20.237852932226836,2261.8883333333333,,"fanduel@0.5,sgo_fair@0.5",1.0754488373749054,0.7368421052631579,0.679108527394453,-0.05773357786870481,-0.07835271282181366,-0.0298395672528895,-212.0,-189.0,pass,2026-10-01T00:09:59+00:00,sgo_slate_alt_20261001T000957Z.json
TBL@NYR,Jake Guentzel,TBL,f2,PP1,SOG,under,2.5,fanduel,-114,False,2.826448269226042,2.7078062814011807,0.4748497418109283,0.5016575561182584,19.785716260203337,2359.6541666666667,,"fanduel@2.5,sgo_fair@2.5",1.0339203361349867,0.5327102803738317,0.49093443039532636,-0.041775849978505364,-0.07842133241579086,-0.026807814307330036,104.0,115.0,pass,2026-10-01T00:09:59+00:00,sgo_slate_alt_20261001T000957Z.json
PHI@NJD,Jack Hughes,NJD,f1,PP1,G,over,0.5,fanduel,155,False,0.4427951327112387,0.4521870066027491,0.3577612326738602,0.3637648215799118,20.883487378393436,1883.3825000000002,,"fanduel@0.5,sgo_fair@0.5",1.0754488373749054,0.39215686274509803,0.36136338601749113,-0.030793476727606905,-0.07852336565539764,-0.006003588906051627,177.0,197.0,pass,2026-10-01T00:09:59+00:00,sgo_slate_alt_20261001T000957Z.json
SEA@CGY,Matty Beniers,SEA,f1,PP2,SOG,under,1.5,fanduel,120,False,1.8324595926792473,2.112661517158598,0.4629142413662938,0.3892888628297865,18.137546517651973,2270.2633333333333,,"fanduel@1.5,sgo_fair@2.0",1.0339203361349867,0.45454545454545453,0.4187390142443894,-0.03580644030106511,-0.07877416866234321,0.0736253785365073,139.0,154.0,pass,2026-10-01T00:09:59+00:00,sgo_slate_alt_20261001T000957Z.json
MIN@NSH,Matt Boldy,MIN,f1,PP1,G,over,1.5,fanduel,1100,True,0.49175112700057916,0.4288910849417152,0.08771281632112178,0.06946203824465141,21.075739809162464,2311.885,,"fanduel@0.5,sgo_fair@0.5",1.0754488373749054,0.08333333333333333,0.07676234947523956,-0.006570983858093765,-0.0788518062971253,0.018250778076470367,1203.0,1832.0,pass,2026-10-01T00:09:59+00:00,sgo_slate_alt_20261001T000957Z.json
BUF@CBJ,Josh Norris,BUF,f1,PP2,G,under,0.5,fanduel,-550,False,0.2635632925073061,0.24033820762635671,0.7683089926977619,0.786361862508742,17.365948593963743,1158.9466666666667,,"fanduel@0.5,sgo_fair@0.5",1.0754488373749054,0.8461538461538461,0.7791407145843499,-0.06701313156949629,-0.0791973373094047,-0.018052869810980088,-353.0,-307.0,pass,2026-10-01T00:09:59+00:00,sgo_slate_alt_20261001T000957Z.json
MIN@NSH,Steven Stamkos,NSH,f1,PP1,G,over,1.5,fanduel,1500,True,0.4205937563535012,0.35992544204771953,0.06715743580590325,0.0511414715499728,18.34647335976343,2126.0425,,"fanduel@0.5,sgo_fair@0.5",1.0754488373749054,0.0625,0.05754785725234498,-0.004952142747655021,-0.07923428396248033,0.01601596425593045,1638.0,2972.0,pass,2026-10-01T00:09:59+00:00,sgo_slate_alt_20261001T000957Z.json
SEA@CGY,Matt Coronato,CGY,f1,PP1,G,over,0.5,fanduel,230,False,0.31615594531319324,0.3344172390225196,0.2710542343721531,0.2842449210332979,17.373857393773008,1941.2683333333334,,"fanduel@0.5,sgo_fair@0.5",1.0754488373749054,0.30303030303030304,0.27896864636884,-0.024061656661463038,-0.07940346698282807,-0.013190686661144813,258.0,294.0,pass,2026-10-01T00:09:59+00:00,sgo_slate_alt_20261001T000957Z.json
SEA@CGY,Morgan Frost,CGY,f1,PP1,G,over,0.5,fanduel,250,False,0.2914448504517623,0.31446103291311694,0.2528167807162831,0.26981768753174273,17.094019848734597,1845.4491666666668,,"fanduel@0.5,sgo_fair@0.5",1.0754488373749054,0.2857142857142857,0.2630173248055589,-0.022696960908726804,-0.0794393631805439,-0.017000906815459627,280.0,320.0,pass,2026-10-01T00:09:59+00:00,sgo_slate_alt_20261001T000957Z.json
FLA@SJS,Carter Verhaeghe,FLA,f2,PP2,G,under,0.5,fanduel,-400,False,0.3255489979807266,0.2933847911160561,0.7221307964484125,0.7457351332276037,18.096277014470513,2026.48,,"fanduel@0.5,sgo_fair@0.5",1.0754488373749054,0.8,0.7362933985159272,-0.06370660148407281,-0.07963325185509096,-0.02360433677919116,-279.0,-246.0,pass,2026-10-01T00:09:59+00:00,sgo_slate_alt_20261001T000957Z.json
CHI@UTA,Patrick Kane,CHI,f1,PP1,G,over,0.5,fanduel,250,False,0.2852286143719797,0.31857005801204924,0.24815764729674974,0.27281186918385736,18.591130609932456,1789.7158333333334,,"fanduel@0.5,sgo_fair@0.5",1.0754488373749054,0.2857142857142857,0.2629501804290143,-0.022764105285271397,-0.07967436849845,-0.024654221887107614,280.0,320.0,pass,2026-10-01T00:09:59+00:00,sgo_slate_alt_20261001T000957Z.json
TBL@NYR,Adam Fox,NYR,d1,PP1,SOG,over,2.5,fanduel,260,True,1.7452008555306344,1.735607354250873,0.2571220509355016,0.25465124411143,22.653446368177953,2092.1875,,"fanduel@1.5,sgo_fair@1.5",1.0339203361349867,0.2777777777777778,0.2556395668410586,-0.022138210936719194,-0.07969755937218903,0.0024708068240716363,291.0,334.0,pass,2026-10-01T00:09:59+00:00,sgo_slate_alt_20261001T000957Z.json
PHI@NJD,Nico Hischier,NJD,f2,PP1,G,under,0.5,fanduel,-310,False,0.3946572147295233,0.34193494898247545,0.673911006427148,0.71039441508569,19.034673215391617,2386.8616666666667,,"fanduel@0.5,sgo_fair@0.5",1.0754488373749054,0.7560975609756098,0.6958010516222732,-0.060296509353336525,-0.0797469962415096,-0.03648340865854205,-229.0,-204.0,pass,2026-10-01T00:09:59+00:00,sgo_slate_alt_20261001T000957Z.json
TBL@NYR,J.T. Miller,NYR,f2,PP1,G,over,0.5,fanduel,275,False,0.28148933517827596,0.28148933517827596,0.24534103606432187,0.24534103606432187,17.338376745483124,1975.7875,,"fanduel@0.5,sgo_fair@0.5",1.0754488373749054,0.26666666666666666,0.24534103606432184,-0.021325630602344825,-0.07997111475879315,0.0,308.0,354.0,pass,2026-10-01T00:09:59+00:00,sgo_slate_alt_20261001T000957Z.json
BUF@CBJ,Rasmus Dahlin,BUF,d1,PP1,SOG,over,3.5,fanduel,168,True,2.677459398565971,3.1422770479028137,0.2846018636678016,0.3822628644328248,23.862363349290565,2658.44,,"fanduel@2.5,sgo_fair@3.0",1.0339203361349867,0.373134328358209,0.34319846412681554,-0.02993586423139344,-0.08022811614013448,-0.09766100076502321,191.0,214.0,pass,2026-10-01T00:09:59+00:00,sgo_slate_alt_20261001T000957Z.json
CHI@UTA,Patrick Kane,CHI,f1,PP1,SOG,over,3.5,fanduel,275,True,2.5743867806709275,2.4297028074420486,0.26310601062003425,0.23335486066438552,18.591130609932456,1789.7158333333334,,"fanduel@2.5,sgo_fair@2.5",1.0339203361349867,0.26666666666666666,0.24525532064664501,-0.02141134602002165,-0.0802925475750812,0.02975114995564873,308.0,354.0,pass,2026-10-01T00:09:59+00:00,sgo_slate_alt_20261001T000957Z.json
FLA@SJS,Sam Reinhart,FLA,f1,PP1,SOG,under,2.5,fanduel,-130,False,2.7110359460092397,2.5779388484066743,0.5009158450703313,0.5320104378865567,19.766180361811095,2112.1575000000003,,"fanduel@2.5,sgo_fair@2.5",1.0339203361349867,0.5652173913043478,0.5195726007600665,-0.04564479054428128,-0.08075616788603623,-0.031094592816225397,-108.0,102.0,pass,2026-10-01T00:09:59+00:00,sgo_slate_alt_20261001T000957Z.json
PHI@NJD,Tyson Foerster,PHI,f2,PP1,G,over,0.5,fanduel,290,False,0.26876554614768017,0.26875316806450833,0.23567756701820292,0.2356681061130035,17.605628457469237,1116.2733333333333,,"fanduel@0.5,sgo_fair@0.5",1.0754488373749054,0.2564102564102564,0.23567189047508327,-0.020738365935173114,-0.08087962714717523,9.460905199404346e-06,324.0,375.0,pass,2026-10-01T00:09:59+00:00,sgo_slate_alt_20261001T000957Z.json
EDM@VAN,Leon Draisaitl,EDM,f2,PP1,SOG,under,2.5,fanduel,116,False,2.9343753157645995,3.1422770479028137,0.4512736211748368,0.4081374606874376,19.783724438571554,2111.1133333333332,,"fanduel@2.5,sgo_fair@3.0",1.0339203361349867,0.46296296296296297,0.4253919248823973,-0.037571038080565666,-0.08115344225402177,0.04313616048739921,135.0,150.0,pass,2026-10-01T00:09:59+00:00,sgo_slate_alt_20261001T000957Z.json
BUF@CBJ,Zach Werenski,CBJ,d1,PP1,SOG,under,3.5,fanduel,-132,False,3.733883593502363,3.534772334645364,0.49890464110725563,0.5376899566244555,26.120375996915733,2970.9316666666664,,"fanduel@3.5,sgo_fair@3.5",1.0339203361349867,0.5689655172413793,0.5221758304175755,-0.0467896868238038,-0.08223641926607939,-0.03878531551719988,-109.0,101.0,pass,2026-10-01T00:09:59+00:00,sgo_slate_alt_20261001T000957Z.json
CHI@UTA,Anton Frondell,CHI,f1,PP1,SOG,over,1.5,fanduel,-305,True,2.3958742845082224,2.529069238317817,0.6749850574911723,0.7018714630124261,17.627307836143608,229.98333333333332,,"fanduel@2.5,sgo_fair@2.5",1.0339203361349867,0.7530864197530864,0.6911169008039246,-0.061969518949161806,-0.08228739401446084,-0.026886405521253764,-224.0,-200.0,pass,2026-10-01T00:09:59+00:00,sgo_slate_alt_20261001T000957Z.json
FLA@SJS,Sam Bennett,FLA,f2,PP2,G,under,0.5,fanduel,-340,False,0.38151749363272885,0.31958703602869093,0.6828244408736259,0.7264489723907805,17.718155050618147,2021.4766666666667,,"fanduel@0.5,sgo_fair@0.5",1.0754488373749054,0.7727272727272727,0.7089991597839187,-0.06372811294335401,-0.08247167557375223,-0.04362453151715462,-244.0,-216.0,pass,2026-10-01T00:09:59+00:00,sgo_slate_alt_20261001T000957Z.json
MIN@NSH,Filip Forsberg,NSH,f2,PP1,G,under,0.5,fanduel,-280,False,0.41711985280540637,0.37514766394221016,0.6589419391711722,0.6871877984393059,18.093543374480483,2236.0841666666665,,"fanduel@0.5,sgo_fair@0.5",1.0754488373749054,0.7368421052631579,0.6758894547320524,-0.060952650531105435,-0.08272145429221456,-0.02824585926813372,-209.0,-186.0,pass,2026-10-01T00:09:59+00:00,sgo_slate_alt_20261001T000957Z.json
PHI@NJD,Timo Meier,NJD,f2,PP2,SOG,over,1.5,fanduel,-750,True,3.053357840576966,3.3092692125873775,0.7892082589975212,0.8225317554584651,17.43850901718873,2068.695,,"fanduel@3.5,sgo_fair@3.5",1.0339203361349867,0.8823529411764706,0.8092023568740876,-0.07315058430238297,-0.08290399554270078,-0.0333234964609439,-424.0,-363.0,pass,2026-10-01T00:09:59+00:00,sgo_slate_alt_20261001T000957Z.json
MIN@NSH,Joel Eriksson Ek,MIN,f1,PP1,SOG,over,4.5,fanduel,340,True,3.165330776112405,3.024969876424065,0.2224425367929586,0.1989223914393328,20.472082233759373,1744.6958333333334,,"fanduel@2.5,sgo_fair@2.5",1.0339203361349867,0.22727272727272727,0.20833044958078312,-0.018942277691944148,-0.0833460218445542,0.023520145353625815,380.0,445.0,pass,2026-10-01T00:09:59+00:00,sgo_slate_alt_20261001T000957Z.json
FLA@SJS,Macklin Celebrini,SJS,f1,PP1,SOG,over,1.5,fanduel,-1300,True,3.2464269922189892,3.825720911258074,0.8148473493350122,0.8750378045465946,19.39619168781531,2371.225,,"fanduel@3.5,sgo_fair@3.5",1.0339203361349867,0.9285714285714286,0.8509616224619616,-0.077609806109467,-0.08357979119481063,-0.060190455211582394,-571.0,-475.0,pass,2026-10-01T00:09:59+00:00,sgo_slate_alt_20261001T000957Z.json
PHI@NJD,Travis Konecny,PHI,f2,PP2,G,over,0.5,fanduel,300,False,0.2535202656095008,0.2644033006363974,0.22393598264455045,0.23233612211298207,17.84048622674409,2230.1783333333337,,"fanduel@0.5,sgo_fair@0.5",1.0754488373749054,0.25,0.2289760663256094,-0.021023933674390594,-0.08409573469756237,-0.008400139468431628,337.0,390.0,pass,2026-10-01T00:09:59+00:00,sgo_slate_alt_20261001T000957Z.json
CHI@UTA,Logan Cooley,UTA,f2,PP1,G,under,0.5,fanduel,-290,False,0.4219712063477633,0.3599134327260352,0.6557529206431606,0.69773672462292,19.23056871640399,1538.5200000000002,,"fanduel@0.5,sgo_fair@0.5",1.0754488373749054,0.7435897435897436,0.6809432030310163,-0.06264654055872731,-0.08424879592380563,-0.041983803979759426,-213.0,-191.0,pass,2026-10-01T00:09:59+00:00,sgo_slate_alt_20261001T000957Z.json
CHI@UTA,Bowen Byram,CHI,d1,PP1,SOG,over,0.5,fanduel,-520,True,1.3166224634587984,1.6634352464632995,0.7217106999502488,0.7989335115419551,22.651848045054024,2694.625,,"fanduel@1.5,sgo_fair@1.5",1.0339203361349867,0.8387096774193549,0.7680443869052727,-0.07066529051408221,-0.08425476945909804,-0.0772228115917063,-331.0,-289.0,pass,2026-10-01T00:09:59+00:00,sgo_slate_alt_20261001T000957Z.json
FLA@SJS,Tyler Toffoli,SJS,f2,PP2,SOG,over,2.5,fanduel,158,True,2.1281284630830726,2.1195323012071605,0.35623617579520944,0.3540270490182792,14.140730602670734,1777.0583333333334,,"fanduel@1.5,sgo_fair@1.5",1.0339203361349867,0.3875968992248062,0.3549106997290513,-0.03268619949575491,-0.08433039469904757,0.002209126776930248,182.0,203.0,pass,2026-10-01T00:09:59+00:00,sgo_slate_alt_20261001T000957Z.json
EDM@VAN,Connor McDavid,EDM,f1,PP1,SOG,over,3.5,fanduel,-108,False,3.4703017494226645,3.689619494817673,0.44945425105047276,0.492600763136972,21.633797863857367,2572.545,,"fanduel@3.5,sgo_fair@3.5",1.0339203361349867,0.5192307692307693,0.47534215830237225,-0.04388861092839702,-0.08452621363987556,-0.04314651208649922,110.0,122.0,pass,2026-10-01T00:09:59+00:00,sgo_slate_alt_20261001T000957Z.json
MIN@NSH,Quinn Hughes,MIN,d1,PP1,SOG,under,2.5,fanduel,-118,False,2.8423066645425767,2.6679574205629906,0.47133628046189036,0.5108625472574176,27.76691338944863,2839.8958333333335,,"fanduel@2.5,sgo_fair@2.5",1.0339203361349867,0.5412844036697247,0.4950520405392067,-0.04623236313051804,-0.08541233188519437,-0.03952626679552729,102.0,113.0,pass,2026-10-01T00:09:59+00:00,sgo_slate_alt_20261001T000957Z.json
BUF@CBJ,Rasmus Dahlin,BUF,d1,PP1,SOG,over,2.5,fanduel,-152,False,2.677459398565971,3.1422770479028137,0.49134130805026416,0.5918625393125624,23.862363349290565,2658.44,,"fanduel@2.5,sgo_fair@3.0",1.0339203361349867,0.6031746031746031,0.5516540468076431,-0.05152055636696007,-0.0854156592399602,-0.10052123126229823,-123.0,-111.0,pass,2026-10-01T00:09:59+00:00,sgo_slate_alt_20261001T000957Z.json
CHI@UTA,Dylan Guenther,UTA,f2,PP1,G,under,0.5,fanduel,-230,False,0.49332862787564896,0.42276088628719943,0.6105905790066464,0.6552352901246195,18.667151628483552,1909.7266666666667,,"fanduel@0.5,sgo_fair@0.5",1.0754488373749054,0.696969696969697,0.6373774056774302,-0.05959229129226684,-0.0855019831584698,-0.04464471111797308,-176.0,-158.0,pass,2026-10-01T00:09:59+00:00,sgo_slate_alt_20261001T000957Z.json
TBL@NYR,Brayden Point,TBL,f1,PP1,SOG,over,3.5,fanduel,320,True,2.331904871359198,2.3652603033427613,0.21364149148800185,0.22032242313042005,18.437465313914522,1825.2050000000002,,"fanduel@2.5,sgo_fair@2.5",1.0339203361349867,0.23809523809523808,0.21765005047345276,-0.02044518762178532,-0.08586978801149836,-0.006680931642418203,359.0,419.0,pass,2026-10-01T00:09:59+00:00,sgo_slate_alt_20261001T000957Z.json
TBL@NYR,John Carlson,TBL,d1,PP1,SOG,under,1.5,fanduel,150,False,2.279397469456022,2.1682310857017844,0.35024976968645216,0.3758892761178516,23.336530975397352,2482.088333333333,,"fanduel@1.5,sgo_fair@1.5",1.0339203361349867,0.4,0.36563347354529185,-0.03436652645470817,-0.08591631613677042,-0.02563950643139945,173.0,194.0,pass,2026-10-01T00:09:59+00:00,sgo_slate_alt_20261001T000957Z.json
CHI@UTA,Patrick Kane,CHI,f1,PP1,SOG,under,2.5,fanduel,-154,False,2.5743867806709275,2.4297028074420486,0.5328546605857779,0.5678283188107635,18.591130609932456,1789.7158333333334,,"fanduel@2.5,sgo_fair@2.5",1.0339203361349867,0.6062992125984252,0.5538388555207693,-0.05246035707765595,-0.08652552401119873,-0.03497365822498555,-124.0,-112.0,pass,2026-10-01T00:09:59+00:00,sgo_slate_alt_20261001T000957Z.json
CHI@UTA,Anton Frondell,CHI,f1,PP1,SOG,over,2.5,fanduel,106,False,2.3958742845082224,2.529069238317817,0.4238396805836455,0.4563121814786238,17.627307836143608,229.98333333333332,,"fanduel@2.5,sgo_fair@2.5",1.0339203361349867,0.4854368932038835,0.4433231811206325,-0.04211371208325099,-0.08675424689149702,-0.03247250089497827,126.0,139.0,pass,2026-10-01T00:09:59+00:00,sgo_slate_alt_20261001T000957Z.json
FLA@SJS,Matthew Tkachuk,FLA,f2,PP1,G,over,1.5,fanduel,1300,True,0.4584233159536768,0.38180172783577376,0.07786844788191317,0.05674015260947381,17.381914833785785,1013.015,,"fanduel@0.5,sgo_fair@0.5",1.0754488373749054,0.07142857142857142,0.06519147071844955,-0.006237100710121873,-0.08731940994170628,0.021128295272439368,1434.0,2388.0,pass,2026-10-01T00:09:59+00:00,sgo_slate_alt_20261001T000957Z.json
MIN@NSH,Ryan O'Reilly,NSH,f1,PP1,G,under,0.5,fanduel,-390,False,0.3430297345642458,0.3046372843393894,0.709617111090924,0.7373907890781373,20.11476088894485,2327.0208333333335,,"fanduel@0.5,sgo_fair@0.5",1.0754488373749054,0.7959183673469388,0.7262813178832519,-0.06963704946368687,-0.0874927031723246,-0.027773677987213308,-265.0,-235.0,pass,2026-10-01T00:09:59+00:00,sgo_slate_alt_20261001T000957Z.json
MIN@NSH,Matt Boldy,MIN,f1,PP1,G,under,0.5,fanduel,-230,False,0.49175112700057916,0.4288910849417152,0.6115545463090668,0.6512308541650014,21.075739809162464,2311.885,,"fanduel@0.5,sgo_fair@0.5",1.0754488373749054,0.696969696969697,0.6353603310226276,-0.06160936594706945,-0.08839604679362134,-0.03967630785593457,-174.0,-157.0,pass,2026-10-01T00:09:59+00:00,sgo_slate_alt_20261001T000957Z.json
MIN@NSH,Filip Forsberg,NSH,f2,PP1,SOG,over,5.5,fanduel,650,True,3.276477323052111,3.1862313158077247,0.127956249101586,0.11722449072058044,18.093543374480483,2236.0841666666665,,"fanduel@2.5,sgo_fair@2.5",1.0339203361349867,0.13333333333333333,0.12151719407298267,-0.011816139260350661,-0.08862104445262997,0.010731758381005568,723.0,936.0,pass,2026-10-01T00:09:59+00:00,sgo_slate_alt_20261001T000957Z.json
CHI@UTA,Dylan Guenther,UTA,f2,PP1,G,over,1.5,fanduel,1100,True,0.49332862787564896,0.42276088628719943,0.08818760845820689,0.06775685789564605,18.667151628483552,1909.7266666666667,,"fanduel@0.5,sgo_fair@0.5",1.0754488373749054,0.08333333333333333,0.07592915812067039,-0.007404175212662942,-0.08885010255195536,0.020430750562560843,1217.0,1864.0,pass,2026-10-01T00:09:59+00:00,sgo_slate_alt_20261001T000957Z.json
MIN@NSH,Kirill Kaprizov,MIN,f2,PP1,G,over,1.5,fanduel,850,True,0.549370675235488,0.4976653732997299,0.10552814651572727,0.08949682749716571,21.14032768555998,2141.9675,,"fanduel@0.5,sgo_fair@0.5",1.0754488373749054,0.10526315789473684,0.09590935510459034,-0.009353802790146498,-0.08886112650639177,0.016031319018561557,943.0,1310.0,pass,2026-10-01T00:09:59+00:00,sgo_slate_alt_20261001T000957Z.json
FLA@SJS,Brady Tkachuk,FLA,f1,PP1,G,under,0.5,fanduel,-210,False,0.514884709945396,0.4616479970043424,0.5975694844654977,0.6302441487292915,18.336324644557457,1625.061666666667,,"fanduel@0.5,sgo_fair@0.5",1.0754488373749054,0.6774193548387096,0.617174283023774,-0.06024507181493566,-0.08893320125061932,-0.03267466426379373,-161.0,-145.0,pass,2026-10-01T00:09:59+00:00,sgo_slate_alt_20261001T000957Z.json
CHI@UTA,Vincent Trocheck,UTA,f1,PP2,G,over,0.5,fanduel,260,False,0.28178861321193904,0.2984851360449741,0.24556685512210735,0.25805869004959264,19.050271205113418,2155.485833333333,,"fanduel@0.5,sgo_fair@0.5",1.0754488373749054,0.2777777777777778,0.25306195607859855,-0.02471582169917924,-0.0889769581170452,-0.01249183492748529,295.0,338.0,pass,2026-10-01T00:09:59+00:00,sgo_slate_alt_20261001T000957Z.json
EDM@VAN,Connor McDavid,EDM,f1,PP1,G,over,0.5,fanduel,105,False,0.5526302479380347,0.6117797364761964,0.42456571668891435,0.4576152922752437,21.633797863857367,2572.545,,"fanduel@0.5,sgo_fair@0.5",1.0754488373749054,0.4878048780487805,0.444395462040712,-0.04340941600806847,-0.0889893028165405,-0.03304957558632937,125.0,138.0,pass,2026-10-01T00:09:59+00:00,sgo_slate_alt_20261001T000957Z.json
PHI@NJD,Luke Evangelista,NJD,f2,PP1,SOG,over,1.5,fanduel,-240,True,2.1133309661969535,2.346426225126613,0.6108749017791839,0.6644723750502983,15.486589438141582,1770.8866666666665,,"fanduel@2.5,sgo_fair@2.5",1.0339203361349867,0.7058823529411765,0.6430333857418526,-0.06284896719932387,-0.08903603686570871,-0.053597473271114415,-180.0,-162.0,pass,2026-10-01T00:09:59+00:00,sgo_slate_alt_20261001T000957Z.json
FLA@SJS,Will Smith,SJS,f1,PP1,SOG,over,1.5,fanduel,-280,True,2.2407173421386437,2.472347202811251,0.641003714541701,0.6906731403948068,17.42348445821675,1782.5283333333332,,"fanduel@2.5,sgo_fair@2.5",1.0339203361349867,0.7368421052631579,0.6708053700535646,-0.0660367352095933,-0.08962128349873377,-0.04966942585310574,-204.0,-182.0,pass,2026-10-01T00:09:59+00:00,sgo_slate_alt_20261001T000957Z.json
FLA@SJS,Sam Reinhart,FLA,f1,PP1,SOG,over,4.5,fanduel,560,True,2.7110359460092397,2.5779388484066743,0.14941482687003527,0.13003513474431053,19.766180361811095,2112.1575000000003,,"fanduel@2.5,sgo_fair@2.5",1.0339203361349867,0.15151515151515152,0.1377870115946004,-0.013728139920551108,-0.09060572347563733,0.01937969212572474,626.0,787.0,pass,2026-10-01T00:09:59+00:00,sgo_slate_alt_20261001T000957Z.json
MIN@NSH,Kirill Kaprizov,MIN,f2,PP1,G,under,0.5,fanduel,-190,False,0.549370675235488,0.4976653732997299,0.577313013458398,0.6079483366145864,21.14032768555998,2141.9675,,"fanduel@0.5,sgo_fair@0.5",1.0754488373749054,0.6551724137931034,0.595694207352111,-0.05947820644099244,-0.0907825256204623,-0.030635323156188332,-147.0,-133.0,pass,2026-10-01T00:09:59+00:00,sgo_slate_alt_20261001T000957Z.json
PHI@NJD,Luke Hughes,NJD,d2,PP1,SOG,over,1.5,fanduel,-230,True,2.0934062161453415,2.2884746897692465,0.6059762639603636,0.6517760727098361,22.43042660874675,2240.764166666667,,"fanduel@2.5,sgo_fair@2.5",1.0339203361349867,0.696969696969697,0.6334561492100471,-0.0635135477596499,-0.09112813374210638,-0.045799808749472426,-173.0,-155.0,pass,2026-10-01T00:09:59+00:00,sgo_slate_alt_20261001T000957Z.json
PHI@NJD,Porter Martone,PHI,f1,PP1,G,over,1.5,fanduel,2200,True,0.3452604460248289,0.287449727659089,0.04750727666112824,0.03418832901042705,17.174337859550526,153.36666666666667,,"fanduel@0.5,sgo_fair@0.5",1.0754488373749054,0.043478260869565216,0.039515908070707526,-0.003962352798857691,-0.09113411437372687,0.013318947650701185,2431.0,6789.0,pass,2026-10-01T00:09:59+00:00,sgo_slate_alt_20261001T000957Z.json
MIN@NSH,Steven Stamkos,NSH,f1,PP1,SOG,over,3.5,fanduel,205,True,2.709992993613625,2.761740020331649,0.2914219865598172,0.3022941291772983,18.34647335976343,2126.0425,,"fanduel@2.5,sgo_fair@2.5",1.0339203361349867,0.32786885245901637,0.29794527213030586,-0.02992358032871051,-0.0912669200025672,-0.010872142617481095,236.0,266.0,pass,2026-10-01T00:09:59+00:00,sgo_slate_alt_20261001T000957Z.json
MIN@NSH,Joel Eriksson Ek,MIN,f1,PP1,SOG,under,2.5,fanduel,116,False,3.165330776112405,3.024969876424065,0.40354324025368227,0.4321021969397709,20.472082233759373,1744.6958333333334,,"fanduel@2.5,sgo_fair@2.5",1.0339203361349867,0.46296296296296297,0.4206786142653355,-0.04228434869762748,-0.0913341931868753,-0.028558956686088655,138.0,153.0,pass,2026-10-01T00:09:59+00:00,sgo_slate_alt_20261001T000957Z.json
PHI@NJD,Jack Hughes,NJD,f1,PP1,SOG,over,2.5,fanduel,-385,True,3.6691284989552138,4.046120029657774,0.6873216046619521,0.7437325795673235,20.883487378393436,1883.3825000000002,,"fanduel@3.5,sgo_fair@3.5",1.0339203361349867,0.7938144329896907,0.7211681896051749,-0.07264624338451575,-0.09151539751036397,-0.05641097490537139,-259.0,-229.0,pass,2026-10-01T00:09:59+00:00,sgo_slate_alt_20261001T000957Z.json
PHI@NJD,Owen Tippett,PHI,f1,PP2,SOG,under,2.5,fanduel,-168,False,2.5474313551395276,2.341919608589667,0.5392845115693351,0.5895593516684546,17.390145884502914,1918.3983333333333,,"fanduel@2.5,sgo_fair@2.5",1.0339203361349867,0.6268656716417911,0.5694494156288068,-0.05741625601298428,-0.09159259887785576,-0.05027484009911953,-132.0,-120.0,pass,2026-10-01T00:09:59+00:00,sgo_slate_alt_20261001T000957Z.json
TBL@NYR,Pavel Dorofeyev,NYR,f2,PP1,G,over,1.5,fanduel,1500,True,0.4000660172897745,0.36955126871352584,0.06156963751157512,0.053579327837129785,16.81961555651354,2069.2158333333336,,"fanduel@0.5,sgo_fair@0.5",1.0754488373749054,0.0625,0.05677545170690792,-0.005724548293092081,-0.0915927726894733,0.007990309674445334,1661.0,3047.0,pass,2026-10-01T00:09:59+00:00,sgo_slate_alt_20261001T000957Z.json
MIN@NSH,Steven Stamkos,NSH,f1,PP1,G,under,0.5,fanduel,-300,False,0.4205937563535012,0.35992544204771953,0.6566568098881378,0.6977283453284582,18.34647335976343,2126.0425,,"fanduel@0.5,sgo_fair@0.5",1.0754488373749054,0.75,0.6812997311523301,-0.06870026884766989,-0.09160035846355985,-0.041071535440320384,-214.0,-191.0,pass,2026-10-01T00:09:59+00:00,sgo_slate_alt_20261001T000957Z.json
TBL@NYR,Nikita Kucherov,TBL,f1,PP1,SOG,over,2.5,fanduel,-220,True,3.2443309770453563,3.3531966511209585,0.6119104934755162,0.6324693765062528,20.190939287675228,2289.2191666666668,,"fanduel@3.5,sgo_fair@3.5",1.0339203361349867,0.6875,0.6242458232939582,-0.06325417670604183,-0.09200607520878812,-0.020558883030736608,-166.0,-150.0,pass,2026-10-01T00:09:59+00:00,sgo_slate_alt_20261001T000957Z.json
PHI@NJD,Porter Martone,PHI,f1,PP1,G,under,0.5,fanduel,-420,False,0.3452604460248289,0.287449727659089,0.7080359243099994,0.7501742788401253,17.174337859550526,153.36666666666667,,"fanduel@0.5,sgo_fair@0.5",1.0754488373749054,0.8076923076923077,0.7333189370280749,-0.07437337066423277,-0.09208131606047865,-0.04213835453012593,-275.0,-243.0,pass,2026-10-01T00:09:59+00:00,sgo_slate_alt_20261001T000957Z.json
FLA@SJS,Matthew Tkachuk,FLA,f2,PP1,G,under,0.5,fanduel,-270,False,0.4584233159536768,0.38180172783577376,0.6322797654363446,0.6826303863926215,17.381914833785785,1013.015,,"fanduel@0.5,sgo_fair@0.5",1.0754488373749054,0.7297297297297297,0.6624901380101107,-0.06723959171961902,-0.09214314420836689,-0.05035062095627696,-196.0,-176.0,pass,2026-10-01T00:09:59+00:00,sgo_slate_alt_20261001T000957Z.json
PHI@NJD,Dougie Hamilton,NJD,d1,PP2,SOG,under,2.5,fanduel,-154,False,2.605830642530958,2.4348213025663448,0.5254066696414104,0.566572460357111,21.117492077135786,2230.4283333333337,,"fanduel@2.5,sgo_fair@2.5",1.0339203361349867,0.6062992125984252,0.5501061440708307,-0.056193068527594536,-0.09268207406499351,-0.04116579071570059,-122.0,-111.0,pass,2026-10-01T00:09:59+00:00,sgo_slate_alt_20261001T000957Z.json
PHI@NJD,Nico Hischier,NJD,f2,PP1,SOG,over,1.5,fanduel,-355,True,2.434830016367877,2.6493766281398368,0.6830623243210581,0.7244270469031828,19.034673215391617,2386.8616666666667,,"fanduel@2.5,sgo_fair@2.5",1.0339203361349867,0.7802197802197802,0.7078811578703329,-0.07233862234944732,-0.09271569906760146,-0.04136472258212476,-242.0,-215.0,pass,2026-10-01T00:09:59+00:00,sgo_slate_alt_20261001T000957Z.json
FLA@SJS,Sam Reinhart,FLA,f1,PP1,G,under,0.5,fanduel,-250,False,0.48523328985918157,0.4010935077440568,0.6155535776050517,0.6695874464989371,19.766180361811095,2112.1575000000003,,"fanduel@0.5,sgo_fair@0.5",1.0754488373749054,0.7142857142857143,0.6479738989413829,-0.06631181534433139,-0.092836541482064,-0.054033868893885395,-184.0,-165.0,pass,2026-10-01T00:09:59+00:00,sgo_slate_alt_20261001T000957Z.json
SEA@CGY,Matt Coronato,CGY,f1,PP1,SOG,under,2.5,fanduel,-138,False,2.7134434237986147,2.5348875601864163,0.5003633804768688,0.5422905456037195,17.373857393773008,1941.2683333333334,,"fanduel@2.5,sgo_fair@2.5",1.0339203361349867,0.5798319327731093,0.5255196795529792,-0.05431225322013011,-0.09366895845210832,-0.041927165126850685,-111.0,-100.0,pass,2026-10-01T00:09:59+00:00,sgo_slate_alt_20261001T000957Z.json
SEA@CGY,Jared McCann,SEA,f1,PP1,G,over,0.5,fanduel,210,False,0.32377434610276196,0.3599134327260352,0.2765865349690651,0.30226327537708,16.343716667313814,1489.6441666666665,,"fanduel@0.5,sgo_fair@0.5",1.0754488373749054,0.3225806451612903,0.291992579213874,-0.03058806594741631,-0.09482300443699054,-0.025676740408014875,242.0,275.0,pass,2026-10-01T00:09:59+00:00,sgo_slate_alt_20261001T000957Z.json
TBL@NYR,Nikita Kucherov,TBL,f1,PP1,G,under,0.5,fanduel,-240,False,0.49191367798092117,0.4201029539588546,0.611455145597092,0.6569791777258741,20.190939287675228,2289.2191666666668,,"fanduel@0.5,sgo_fair@0.5",1.0754488373749054,0.7058823529411765,0.6387695648743612,-0.06711278806681531,-0.09507644976132157,-0.04552403212878209,-177.0,-159.0,pass,2026-10-01T00:09:59+00:00,sgo_slate_alt_20261001T000957Z.json
CHI@UTA,Patrick Kane,CHI,f1,PP1,PTS,over,1.5,fanduel,350,True,0.8514434986536538,0.8109302162163293,0.20980686939057963,0.19514212612607637,18.591130609932456,1789.7158333333334,,sgo_fair@0.5,1.088912284783392,0.2222222222222222,0.20100802343187768,-0.02121419879034453,-0.09546389455655047,0.01466474326450326,397.0,468.0,pass,2026-10-01T00:09:59+00:00,sgo_slate_alt_20261001T000957Z.json
BUF@CBJ,Josh Doan,BUF,f1,PP1,SOG,over,3.5,fanduel,360,True,2.3231126614842603,2.1930379331338075,0.21188839800755596,0.18638782284480465,16.928142229241978,1611.3025,,"fanduel@2.5,sgo_fair@2.0",1.0339203361349867,0.21739130434782608,0.19658805290990516,-0.020803251437920917,-0.09569495661443628,0.02550057516275131,409.0,483.0,pass,2026-10-01T00:09:59+00:00,sgo_slate_alt_20261001T000957Z.json
CHI@UTA,Nick Schmaltz,UTA,f1,PP1,G,under,0.5,fanduel,-320,False,0.43375754861998245,0.335171369854125,0.6480693617503692,0.7152155094723427,20.83611851350571,2303.2216666666664,,"fanduel@0.5,sgo_fair@0.5",1.0754488373749054,0.7619047619047619,0.6883570503835533,-0.07354771152120854,-0.0965313713715863,-0.06714614772197347,-221.0,-197.0,pass,2026-10-01T00:09:59+00:00,sgo_slate_alt_20261001T000957Z.json
CHI@UTA,Tyler Bertuzzi,CHI,f1,PP1,G,under,0.5,fanduel,-400,False,0.3818172168653176,0.28880630061132745,0.6826198131922837,0.7491573026611357,17.963110816503743,2048.971666666667,,"fanduel@0.5,sgo_fair@0.5",1.0754488373749054,0.8,0.7225423068735949,-0.07745769312640516,-0.09682211640800642,-0.06653748946885196,-260.0,-231.0,pass,2026-10-01T00:09:59+00:00,sgo_slate_alt_20261001T000957Z.json
TBL@NYR,Pavel Dorofeyev,NYR,f2,PP1,SOG,under,2.5,fanduel,-118,False,2.9027062230941,2.6748208835778766,0.4581095092804143,0.509270103375473,16.81961555651354,2069.2158333333336,,"fanduel@2.5,sgo_fair@2.5",1.0339203361349867,0.5412844036697247,0.48880586573744944,-0.052478537932275304,-0.09695187516301718,-0.05116059409505869,105.0,116.0,pass,2026-10-01T00:09:59+00:00,sgo_slate_alt_20261001T000957Z.json
CHI@UTA,Vincent Trocheck,UTA,f1,PP2,SOG,under,1.5,fanduel,108,False,2.0418671653805784,1.870715974600827,0.4069312940693115,0.45226144676504076,19.050271205113418,2155.485833333333,,"fanduel@1.5,sgo_fair@1.5",1.0339203361349867,0.4807692307692308,0.434129385686749,-0.04663984508248176,-0.09701087777156203,-0.045330152695729264,130.0,144.0,pass,2026-10-01T00:09:59+00:00,sgo_slate_alt_20261001T000957Z.json
PHI@NJD,Porter Martone,PHI,f1,PP1,SOG,over,3.5,fanduel,275,True,2.5134062386079172,2.434497695737821,0.25049477966296235,0.2343306171180578,17.174337859550526,153.36666666666667,,"fanduel@2.5,sgo_fair@2.5",1.0339203361349867,0.26666666666666666,0.24079628213601964,-0.025870384530647023,-0.0970139419899263,0.016164162544904548,315.0,363.0,pass,2026-10-01T00:09:59+00:00,sgo_slate_alt_20261001T000957Z.json
PHI@NJD,Jack Hughes,NJD,f1,PP1,A,over,1.5,fanduel,470,True,0.7064503533534454,0.7080357930536963,0.15805025945463944,0.15860305760901688,20.883487378393436,1883.3825000000002,,sgo_fair@0.5,0.9471386184492271,0.17543859649122806,0.15838193834726588,-0.017056658143962178,-0.09722295142058446,-0.0005527981543774485,531.0,650.0,pass,2026-10-01T00:09:59+00:00,sgo_slate_alt_20261001T000957Z.json
PHI@NJD,Nico Hischier,NJD,f2,PP1,SOG,over,2.5,fanduel,-106,False,2.434830016367877,2.6493766281398368,0.4334296765333353,0.4848119436719878,19.034673215391617,2386.8616666666667,,"fanduel@2.5,sgo_fair@2.5",1.0339203361349867,0.5145631067961165,0.4642590368165268,-0.050304069979589694,-0.09776073977165545,-0.051382267138652515,115.0,128.0,pass,2026-10-01T00:09:59+00:00,sgo_slate_alt_20261001T000957Z.json
EDM@VAN,Zeev Buium,VAN,d1,PP1,SOG,over,0.5,fanduel,-560,True,1.1910821557046092,1.7617865910128045,0.6865948604249068,0.8164803933824885,21.700184785009142,1510.5833333333333,,sgo_fair@1.5,1.0339203361349867,0.8484848484848485,0.7645261801994558,-0.08395866828539267,-0.09895128762206984,-0.12988553295758165,-325.0,-284.0,data-check,2026-10-01T00:09:59+00:00,sgo_slate_alt_20261001T000957Z.json
EDM@VAN,Zach Hyman,EDM,f1,PP1,G,over,2.5,fanduel,7000,True,0.5495656689573178,0.416826761395336,0.018426255473405824,0.008859189061015153,18.54167821769699,1799.874166666667,,"fanduel@0.5,sgo_fair@0.5",1.0754488373749054,0.014084507042253521,0.012686015625971422,-0.001398491416282099,-0.09929289055602897,0.009567066412390671,7783.0,,pass,2026-10-01T00:09:59+00:00,sgo_slate_alt_20261001T000957Z.json
BUF@CBJ,Josh Norris,BUF,f1,PP2,G,over,1.5,fanduel,3300,True,0.2635632925073061,0.24033820762635671,0.02919295952384423,0.024645336910183453,17.365948593963743,1158.9466666666667,,"fanduel@0.5,sgo_fair@0.5",1.0754488373749054,0.029411764705882353,0.026464385955647762,-0.0029473787502345902,-0.10021087750797608,0.004547622613660776,3679.0,68188.0,pass,2026-10-01T00:09:59+00:00,sgo_slate_alt_20261001T000957Z.json
PHI@NJD,Tyson Foerster,PHI,f2,PP1,SOG,under,1.5,fanduel,122,False,1.9483394960006504,2.118508586293774,0.431231044959851,0.3878604506194221,17.605628457469237,1116.2733333333333,,"fanduel@1.5,sgo_fair@2.0",1.0339203361349867,0.45045045045045046,0.40520868835559365,-0.04524176209485681,-0.10043671185058223,0.04337059434042889,147.0,163.0,pass,2026-10-01T00:09:59+00:00,sgo_slate_alt_20261001T000957Z.json
EDM@VAN,Zach Hyman,EDM,f1,PP1,SOG,over,4.5,fanduel,450,True,2.751587171347884,2.8379122221493347,0.15552701596756638,0.16883652418453068,18.54167821769699,1799.874166666667,,"fanduel@2.5,sgo_fair@2.5",1.0339203361349867,0.18181818181818182,0.16351272089774496,-0.01830546092043686,-0.10068003506240275,-0.013309508216964305,512.0,622.0,pass,2026-10-01T00:09:59+00:00,sgo_slate_alt_20261001T000957Z.json
FLA@SJS,Matthew Tkachuk,FLA,f2,PP1,SOG,under,2.5,fanduel,-122,False,2.8724979867177525,2.656155237124986,0.46469390922218134,0.5136075990469905,17.381914833785785,1013.015,,"fanduel@2.5,sgo_fair@2.5",1.0339203361349867,0.5495495495495496,0.4940421231170668,-0.0555074264324828,-0.1010053169509112,-0.04891368982480915,102.0,113.0,pass,2026-10-01T00:09:59+00:00,sgo_slate_alt_20261001T000957Z.json
TBL@NYR,Brandon Hagel,TBL,f2,PP1,G,under,0.5,fanduel,-250,False,0.5063523332662148,0.404358607162586,0.6026899863594546,0.6674047422290679,21.22918902363336,2168.3941666666665,,"fanduel@0.5,sgo_fair@0.5",1.0754488373749054,0.7142857142857143,0.6415188398812226,-0.0727668744044917,-0.10187362416628842,-0.06471475586961328,-179.0,-161.0,pass,2026-10-01T00:09:59+00:00,sgo_slate_alt_20261001T000957Z.json
TBL@NYR,Mika Zibanejad,NYR,f1,PP1,G,over,1.5,fanduel,1700,True,0.35379175335388935,0.3556132234767708,0.049609562293791064,0.05006271092800366,19.469888763773874,2403.5491666666667,,"fanduel@0.5,sgo_fair@0.5",1.0754488373749054,0.05555555555555555,0.04988145147431862,-0.005674104081236933,-0.10213387346226488,-0.00045314863421259954,1905.0,3919.0,pass,2026-10-01T00:09:59+00:00,sgo_slate_alt_20261001T000957Z.json
EDM@VAN,Jake DeBrusk,VAN,f1,PP1,G,under,0.5,fanduel,-360,False,0.4102421079080179,0.3164955397004365,0.6634895946113746,0.7286982617650749,17.062746647599628,1995.9550000000002,,"fanduel@0.5,sgo_fair@0.5",1.0754488373749054,0.782608695652174,0.7026147949035948,-0.07999390074857915,-0.10221442873429565,-0.06520866715370033,-236.0,-210.0,pass,2026-10-01T00:09:59+00:00,sgo_slate_alt_20261001T000957Z.json
PHI@NJD,Luke Hughes,NJD,d2,PP1,SOG,over,2.5,fanduel,138,False,2.0934062161453415,2.2884746897692465,0.3473023859041814,0.397044507529413,22.43042660874675,2240.764166666667,,"fanduel@2.5,sgo_fair@2.5",1.0339203361349867,0.42016806722689076,0.37714765887932034,-0.04302040834757043,-0.10238857186721761,-0.04974212162523162,165.0,184.0,pass,2026-10-01T00:09:59+00:00,sgo_slate_alt_20261001T000957Z.json
EDM@VAN,Connor McDavid,EDM,f1,PP1,SOG,over,2.5,fanduel,-305,True,3.4703017494226645,3.689619494817673,0.6536312732662786,0.6906356754249554,21.633797863857367,2572.545,,"fanduel@3.5,sgo_fair@3.5",1.0339203361349867,0.7530864197530864,0.6758339145614847,-0.07725250519160176,-0.10258119541835642,-0.03700440215867684,-208.0,-186.0,pass,2026-10-01T00:09:59+00:00,sgo_slate_alt_20261001T000957Z.json
PHI@NJD,Owen Tippett,PHI,f1,PP2,G,over,1.5,fanduel,2700,True,0.28981311971843327,0.26875316806450833,0.034699454747296535,0.030251488178127544,17.390145884502914,1918.3983333333333,,"fanduel@0.5,sgo_fair@0.5",1.0754488373749054,0.03571428571428571,0.03203067480579514,-0.0036836109084905713,-0.10314110543773602,0.004447966569168991,3022.0,14123.0,pass,2026-10-01T00:09:59+00:00,sgo_slate_alt_20261001T000957Z.json
PHI@NJD,Matvei Michkov,PHI,f3,PP1,SOG,under,1.5,fanduel,110,False,1.790342884608038,2.0886814525819055,0.47486123382229717,0.3951928070160339,13.205777809079692,1802.7041666666667,,"fanduel@1.5,sgo_fair@2.0",1.0339203361349867,0.47619047619047616,0.4270601777385392,-0.04913029845193695,-0.1031736267490676,0.07966842680626329,134.0,149.0,pass,2026-10-01T00:09:59+00:00,sgo_slate_alt_20261001T000957Z.json
EDM@VAN,Brock Boeser,VAN,f2,PP1,SOG,over,1.5,fanduel,-270,True,2.1627106415591935,2.3939398252676685,0.622797100010952,0.6745792792956024,18.268851947691445,2056.795,,"fanduel@2.5,sgo_fair@2.5",1.0339203361349867,0.7297297297297297,0.6538664075817422,-0.07586332214798752,-0.10396084886946444,-0.05178217928465034,-189.0,-169.0,pass,2026-10-01T00:09:59+00:00,sgo_slate_alt_20261001T000957Z.json
BUF@CBJ,Zach Werenski,CBJ,d1,PP1,SOG,over,6.5,fanduel,900,True,3.733883593502363,3.534772334645364,0.10041518292985367,0.08233343637668121,26.120375996915733,2970.9316666666664,,"fanduel@3.5,sgo_fair@3.5",1.0339203361349867,0.1,0.08956613499795019,-0.01043386500204982,-0.10433865002049814,0.018081746553172462,1016.0,1449.0,pass,2026-10-01T00:09:59+00:00,sgo_slate_alt_20261001T000957Z.json
TBL@NYR,Jake Guentzel,TBL,f2,PP1,G,under,0.5,fanduel,-300,False,0.4674539477999684,0.3556132234767708,0.6265955841548709,0.7007435990006585,19.785716260203337,2359.6541666666667,,"fanduel@0.5,sgo_fair@0.5",1.0754488373749054,0.75,0.6710843930623435,-0.07891560693765654,-0.10522080925020871,-0.07414801484578759,-204.0,-183.0,pass,2026-10-01T00:09:59+00:00,sgo_slate_alt_20261001T000957Z.json
CHI@UTA,Nick Schmaltz,UTA,f1,PP1,A,over,1.5,fanduel,800,True,0.5653805797583173,0.5055485666651468,0.11063860131947319,0.09189134074165733,20.83611851350571,2303.2216666666664,,sgo_fair@0.5,0.9471386184492271,0.1111111111111111,0.09939024497278368,-0.01172086613832743,-0.10548779524494689,0.018747260577815852,906.0,1244.0,pass,2026-10-01T00:09:59+00:00,sgo_slate_alt_20261001T000957Z.json
PHI@NJD,Jack Hughes,NJD,f1,PP1,SOG,over,3.5,fanduel,-146,False,3.6691284989552138,4.046120029657774,0.4886428194108217,0.5587056448130971,20.883487378393436,1883.3825000000002,,"fanduel@3.5,sgo_fair@3.5",1.0339203361349867,0.5934959349593496,0.530680514652187,-0.06281542030716258,-0.10583968079152051,-0.07006282540227543,-113.0,-102.0,pass,2026-10-01T00:09:59+00:00,sgo_slate_alt_20261001T000957Z.json
CHI@UTA,Frank Nazar,CHI,f3,PP2,SOG,under,1.5,fanduel,108,False,1.7741120201753298,2.0823091582902173,0.47952646223053896,0.3967740684307792,16.08366611946304,1587.1658333333332,,"fanduel@1.5,sgo_fair@2.0",1.0339203361349867,0.4807692307692308,0.4298750259506831,-0.05089420481854767,-0.10585994602257909,0.08275239379975974,133.0,147.0,pass,2026-10-01T00:09:59+00:00,sgo_slate_alt_20261001T000957Z.json
TBL@NYR,Alexis Lafrenière,NYR,f1,PP1,SOG,over,1.5,fanduel,-196,True,1.8220657375484792,2.195693090253882,0.5341587194692244,0.6305883305933835,18.323826239617773,0.0,no NHL data: 85% of positional prior,"fanduel@1.5,fanduel@2.5,sgo_fair@2.5",1.0339203361349867,0.6621621621621622,0.5920164861437198,-0.07014567601844235,-0.10593428623193335,-0.09642961112415904,-145.0,-131.0,pass,2026-10-01T00:09:59+00:00,sgo_slate_alt_20261001T000957Z.json
SEA@CGY,Matvei Gridin,CGY,f1,PP1,SOG,under,1.5,fanduel,138,False,2.3062947292521727,2.0854745994937516,0.34427626054589233,0.39598792470040645,17.12642833728254,561.0833333333334,,"fanduel@1.5,sgo_fair@1.5",1.0339203361349867,0.42016806722689076,0.3753032590386008,-0.04486480818828997,-0.10677824348813014,-0.051711664154514114,166.0,185.0,pass,2026-10-01T00:09:59+00:00,sgo_slate_alt_20261001T000957Z.json
MIN@NSH,Filip Forsberg,NSH,f2,PP1,G,over,1.5,fanduel,1400,True,0.41711985280540637,0.37514766394221016,0.06620029615443963,0.05501530428659807,18.093543374480483,2236.0841666666665,,"fanduel@0.5,sgo_fair@0.5",1.0754488373749054,0.06666666666666667,0.05948930103373469,-0.007177365632931976,-0.10766048449397969,0.01118499186784156,1581.0,2799.0,pass,2026-10-01T00:09:59+00:00,sgo_slate_alt_20261001T000957Z.json
SEA@CGY,Matty Beniers,SEA,f1,PP2,SOG,over,3.5,fanduel,490,True,1.8324595926792473,2.112661517158598,0.12135771445026201,0.1710961336456417,18.137546517651973,2270.2633333333333,,"fanduel@1.5,sgo_fair@2.0",1.0339203361349867,0.1694915254237288,0.15120076596748983,-0.01829075945623898,-0.10791548079181001,-0.04973841919537968,561.0,692.0,pass,2026-10-01T00:09:59+00:00,sgo_slate_alt_20261001T000957Z.json
FLA@SJS,Macklin Celebrini,SJS,f1,PP1,G,over,0.5,fanduel,130,False,0.45692757555243224,0.5123535535096525,0.3667738005402497,0.4009160578319762,19.39619168781531,2371.225,,"fanduel@0.5,sgo_fair@0.5",1.0754488373749054,0.43478260869565216,0.3872591549152856,-0.04752345378036654,-0.1093039436948432,-0.034142257291726485,158.0,176.0,pass,2026-10-01T00:09:59+00:00,sgo_slate_alt_20261001T000957Z.json
TBL@NYR,Nikita Kucherov,TBL,f1,PP1,SOG,over,4.5,fanduel,260,True,3.2443309770453563,3.3531966511209585,0.2359722885497809,0.2549006568500428,20.190939287675228,2289.2191666666668,,"fanduel@3.5,sgo_fair@3.5",1.0339203361349867,0.2777777777777778,0.24732930952993804,-0.030448468247839755,-0.1096144856922231,-0.018928368300261927,304.0,350.0,pass,2026-10-01T00:09:59+00:00,sgo_slate_alt_20261001T000957Z.json
TBL@NYR,Jake Guentzel,TBL,f2,PP1,SOG,over,4.5,fanduel,470,True,2.826448269226042,2.7078062814011807,0.16704656836155576,0.14893203770267296,19.785716260203337,2359.6541666666667,,"fanduel@2.5,sgo_fair@2.5",1.0339203361349867,0.17543859649122806,0.15617784996622608,-0.01926074652500198,-0.10978625519251128,0.0181145306588828,540.0,662.0,pass,2026-10-01T00:09:59+00:00,sgo_slate_alt_20261001T000957Z.json
PHI@NJD,Timo Meier,NJD,f2,PP2,SOG,over,3.5,fanduel,125,False,3.053357840576966,3.3092692125873775,0.3636712088476865,0.4167983250972711,17.43850901718873,2068.695,,"fanduel@3.5,sgo_fair@3.5",1.0339203361349867,0.4444444444444444,0.3955474785974373,-0.048896965847007146,-0.11001817315576612,-0.053127116249584605,153.0,170.0,pass,2026-10-01T00:09:59+00:00,sgo_slate_alt_20261001T000957Z.json
EDM@VAN,Marco Rossi,VAN,f2,PP2,SOG,over,1.5,fanduel,-146,False,1.4216740678972448,2.093247241396577,0.4111167355272028,0.6059369745867063,16.373413710856763,1562.0341666666668,,"fanduel@1.5,sgo_fair@2.0",1.0339203361349867,0.5934959349593496,0.5280088789629048,-0.06548705599644478,-0.1103412039392151,-0.19482023905950346,-112.0,-101.0,data-check,2026-10-01T00:09:59+00:00,sgo_slate_alt_20261001T000957Z.json
FLA@SJS,Will Smith,SJS,f1,PP1,SOG,over,2.5,fanduel,112,False,2.2407173421386437,2.472347202811251,0.3849793307470908,0.4425947096589685,17.42348445821675,1782.5283333333332,,"fanduel@2.5,sgo_fair@2.5",1.0339203361349867,0.4716981132075472,0.4195485580942174,-0.05214955511332975,-0.11055705684025896,-0.057615378911877735,138.0,153.0,pass,2026-10-01T00:09:59+00:00,sgo_slate_alt_20261001T000957Z.json
MIN@NSH,Roman Josi,NSH,d1,PP1,SOG,under,2.5,fanduel,104,False,2.8713889935020815,3.101391145360394,0.46493681145951615,0.41637888871410755,24.30784753675279,2288.6891666666666,,"fanduel@2.5,sgo_fair@3.0",1.0339203361349867,0.49019607843137253,0.435802057812271,-0.054394020619101535,-0.11096380206296719,0.0485579227454086,129.0,143.0,pass,2026-10-01T00:09:59+00:00,sgo_slate_alt_20261001T000957Z.json
EDM@VAN,Brock Boeser,VAN,f2,PP1,SOG,over,2.5,fanduel,122,False,2.1627106415591935,2.3939398252676685,0.36510439257896854,0.4233615748840279,18.268851947691445,2056.795,,"fanduel@2.5,sgo_fair@2.5",1.0339203361349867,0.45045045045045046,0.4000587019620042,-0.05039174848844624,-0.11186968164435074,-0.058257182305059385,150.0,167.0,pass,2026-10-01T00:09:59+00:00,sgo_slate_alt_20261001T000957Z.json
SEA@CGY,Joel Farabee,CGY,f2,PP1,G,over,0.5,fanduel,250,False,0.2711913930374409,0.30693224985539785,0.2375294491156603,0.2642995569697721,16.937812126139406,1930.8091666666667,,"fanduel@0.5,sgo_fair@0.5",1.0754488373749054,0.2857142857142857,0.2535915138281274,-0.03212277188615831,-0.11242970160155408,-0.026770107854111796,294.0,337.0,pass,2026-10-01T00:09:59+00:00,sgo_slate_alt_20261001T000957Z.json
EDM@VAN,Elias Pettersson,VAN,f1,PP1,SOG,over,0.5,fanduel,-870,True,1.2346806210620158,2.059136057093141,0.6992874918126872,0.860438101679823,15.731030584118317,3186.044166666667,,"fanduel@1.5,sgo_fair@1.5",1.0339203361349867,0.8969072164948454,0.7959778577329686,-0.10092935876187681,-0.11253043448163269,-0.1611506098671358,-390.0,-337.0,data-check,2026-10-01T00:09:59+00:00,sgo_slate_alt_20261001T000957Z.json
EDM@VAN,Zach Hyman,EDM,f1,PP1,G,under,0.5,fanduel,-240,False,0.5495656689573178,0.416826761395336,0.5772004520199867,0.659135097698448,18.54167821769699,1799.874166666667,,"fanduel@0.5,sgo_fair@0.5",1.0754488373749054,0.7058823529411765,0.6263612394270635,-0.07952111351411306,-0.11265491081166001,-0.08193464567846132,-168.0,-151.0,pass,2026-10-01T00:09:59+00:00,sgo_slate_alt_20261001T000957Z.json
SEA@CGY,Matt Coronato,CGY,f1,PP1,SOG,over,4.5,fanduel,560,True,2.7134434237986147,2.5348875601864163,0.14977510023513707,0.12400437727314989,17.373857393773008,1941.2683333333334,,"fanduel@2.5,sgo_fair@2.5",1.0339203361349867,0.15151515151515152,0.13431266645794476,-0.017202485057206757,-0.1135364013775646,0.02577072296198718,645.0,815.0,pass,2026-10-01T00:09:59+00:00,sgo_slate_alt_20261001T000957Z.json
FLA@SJS,Sam Bennett,FLA,f2,PP2,SOG,under,2.5,fanduel,-146,False,2.8258569748622735,2.4617321848445335,0.47498106828141173,0.5599911779816193,17.718155050618147,2021.4766666666667,,"fanduel@2.5,sgo_fair@2.5",1.0339203361349867,0.5934959349593496,0.5259871341015363,-0.0675088008578133,-0.11374770555494562,-0.08501010970020761,-111.0,-100.0,pass,2026-10-01T00:09:59+00:00,sgo_slate_alt_20261001T000957Z.json
EDM@VAN,Connor McDavid,EDM,f1,PP1,G,over,1.5,fanduel,650,True,0.5526302479380347,0.6117797364761964,0.10656332603066385,0.1257953187146737,21.633797863857367,2572.545,,"fanduel@0.5,sgo_fair@0.5",1.0754488373749054,0.13333333333333333,0.11810252164106975,-0.015230811692263577,-0.11423108769197687,-0.019231992684009852,747.0,974.0,pass,2026-10-01T00:09:59+00:00,sgo_slate_alt_20261001T000957Z.json
PHI@NJD,Timo Meier,NJD,f2,PP2,SOG,over,2.5,fanduel,-215,True,3.053357840576966,3.3092692125873775,0.5737867966831425,0.6242767177772501,17.43850901718873,2068.695,,"fanduel@3.5,sgo_fair@3.5",1.0339203361349867,0.6825396825396826,0.6040807493396071,-0.07845893320007546,-0.11495146026987801,-0.05048992109410766,-153.0,-138.0,pass,2026-10-01T00:09:59+00:00,sgo_slate_alt_20261001T000957Z.json
PHI@NJD,Luke Evangelista,NJD,f2,PP1,SOG,over,2.5,fanduel,128,False,2.1133309661969535,2.346426225126613,0.352432272961129,0.411564775011516,15.486589438141582,1770.8866666666665,,"fanduel@2.5,sgo_fair@2.5",1.0339203361349867,0.43859649122807015,0.3879117741913612,-0.05068471703670896,-0.11556115484369633,-0.059132502050387004,158.0,176.0,pass,2026-10-01T00:09:59+00:00,sgo_slate_alt_20261001T000957Z.json
SEA@CGY,Brandon Montour,SEA,d2,PP2,SOG,over,4.5,fanduel,375,True,2.6607343302502007,3.1228396629490707,0.14196449661414043,0.21524772419815852,21.69337024996997,2281.2966666666666,,"fanduel@2.5,sgo_fair@3.0",1.0339203361349867,0.21052631578947367,0.18593443316455127,-0.0245918826249224,-0.11681144246838149,-0.07328322758401809,438.0,521.0,pass,2026-10-01T00:09:59+00:00,sgo_slate_alt_20261001T000957Z.json
FLA@SJS,Carter Verhaeghe,FLA,f2,PP2,G,over,1.5,fanduel,2200,True,0.3255489979807266,0.2933847911160561,0.04278024635678292,0.035477520482511675,18.096277014470513,2026.48,,"fanduel@0.5,sgo_fair@0.5",1.0754488373749054,0.043478260869565216,0.038398610832220174,-0.005079650037345042,-0.11683195085893594,0.007302725874271242,2504.0,7363.0,pass,2026-10-01T00:09:59+00:00,sgo_slate_alt_20261001T000957Z.json
MIN@NSH,Joel Eriksson Ek,MIN,f1,PP1,G,over,1.5,fanduel,1500,True,0.39627532108105135,0.36167015429661054,0.060556043874907026,0.05158030017138834,20.472082233759373,1744.6958333333334,,"fanduel@0.5,sgo_fair@0.5",1.0754488373749054,0.0625,0.05517059765279581,-0.007329402347204188,-0.117270437555267,0.008975743703518689,1713.0,3214.0,pass,2026-10-01T00:09:59+00:00,sgo_slate_alt_20261001T000957Z.json
EDM@VAN,Jake DeBrusk,VAN,f1,PP1,SOG,over,4.5,fanduel,390,True,2.5834237831638682,3.108657898771741,0.13081211294100892,0.21286020086711652,17.062746647599628,1995.9550000000002,,"fanduel@2.5,sgo_fair@3.0",1.0339203361349867,0.20408163265306123,0.18004096569667347,-0.024040666956387763,-0.11779926808629992,-0.0820480879261076,455.0,545.0,pass,2026-10-01T00:09:59+00:00,sgo_slate_alt_20261001T000957Z.json
MIN@NSH,Jonathan Marchessault,NSH,f3,PP2,SOG,under,1.5,fanduel,130,False,2.3057709554738555,2.0322372534115876,0.3443917378959416,0.4093809700239257,16.198145979345142,1666.84,,"fanduel@1.5,sgo_fair@1.5",1.0339203361349867,0.43478260869565216,0.3833852771727321,-0.05139733152292009,-0.11821386250271626,-0.06498923212798413,161.0,179.0,pass,2026-10-01T00:09:59+00:00,sgo_slate_alt_20261001T000957Z.json
PHI@NJD,Jack Hughes,NJD,f1,PP1,PTS,over,2.5,fanduel,630,True,1.2802167073700776,1.146193220620832,0.13835616048168214,0.10905895679038813,20.883487378393436,1883.3825000000002,,sgo_fair@1.0,1.088912284783392,0.136986301369863,0.12077783826690573,-0.016208463102957274,-0.11832178065158816,0.029297203691294016,728.0,944.0,pass,2026-10-01T00:09:59+00:00,sgo_slate_alt_20261001T000957Z.json
BUF@CBJ,Josh Doan,BUF,f1,PP1,G,over,1.5,fanduel,2000,True,0.3373779842543059,0.3111559839716327,0.04559485305486709,0.0394476595701048,16.928142229241978,1611.3025,,"fanduel@0.5,sgo_fair@0.5",1.0754488373749054,0.047619047619047616,0.041906536964009714,-0.005712510655037903,-0.11996272375579597,0.006147193484762288,2286.0,5815.0,pass,2026-10-01T00:09:59+00:00,sgo_slate_alt_20261001T000957Z.json
BUF@CBJ,Jack Quinn,BUF,f2,PP1,G,over,0.5,fanduel,260,False,0.25864388550082423,0.294529047801944,0.22790207064083584,0.25511769116643435,16.29889067695263,1778.7808333333335,,"fanduel@0.5,sgo_fair@0.5",1.0754488373749054,0.2777777777777778,0.24423144295619495,-0.03354633482158284,-0.12076680535769813,-0.027215620525598505,309.0,356.0,pass,2026-10-01T00:09:59+00:00,sgo_slate_alt_20261001T000957Z.json
SEA@CGY,Matty Beniers,SEA,f1,PP2,G,over,0.5,fanduel,280,False,0.23979177250489897,0.27883860660339826,0.21320832432959955,0.24333798638666712,18.137546517651973,2270.2633333333333,,"fanduel@0.5,sgo_fair@0.5",1.0754488373749054,0.2631578947368421,0.2312861215638401,-0.031871773173001994,-0.12111273805740763,-0.030129662057067574,332.0,385.0,pass,2026-10-01T00:09:59+00:00,sgo_slate_alt_20261001T000957Z.json
MIN@NSH,Kirill Kaprizov,MIN,f2,PP1,SOG,over,5.5,fanduel,500,True,3.4659035491824945,3.396618668885932,0.15180123972989834,0.1428814382614051,21.14032768555998,2141.9675,,"fanduel@3.5,sgo_fair@3.5",1.0339203361349867,0.16666666666666666,0.1464493588488024,-0.020217307817864266,-0.12130384690718565,0.00891980146849325,583.0,723.0,pass,2026-10-01T00:09:59+00:00,sgo_slate_alt_20261001T000957Z.json
CHI@UTA,Patrick Kane,CHI,f1,PP1,G,over,1.5,fanduel,2200,True,0.2852286143719797,0.31857005801204924,0.033710694809032354,0.04115150416408515,18.591130609932456,1789.7158333333334,,"fanduel@0.5,sgo_fair@0.5",1.0754488373749054,0.043478260869565216,0.038175180422064026,-0.0053030804475011906,-0.12197085029252741,-0.007440809355052792,2520.0,7490.0,pass,2026-10-01T00:09:59+00:00,sgo_slate_alt_20261001T000957Z.json
EDM@VAN,Evan Bouchard,EDM,d1,PP1,SOG,under,2.5,fanduel,100,False,2.8585320557896177,3.0877496577394368,0.4677589212734279,0.41915516487819016,24.08588546330676,2914.8791666666666,,"fanduel@2.5,sgo_fair@3.0",1.0339203361349867,0.5,0.4385966674362852,-0.061403332563714774,-0.12280666512742955,0.04860375639523773,128.0,142.0,pass,2026-10-01T00:09:59+00:00,sgo_slate_alt_20261001T000957Z.json
EDM@VAN,Vasily Podkolzin,EDM,f2,PP1,G,over,0.5,fanduel,230,False,0.2630593180445822,0.3405981350182013,0.2313037016025441,0.2886552846943002,16.202147733885372,1766.9241666666667,,"fanduel@0.5,sgo_fair@0.5",1.0754488373749054,0.30303030303030304,0.26571465145759776,-0.03731565157270528,-0.1231416501899274,-0.057351583091756086,276.0,315.0,pass,2026-10-01T00:09:59+00:00,sgo_slate_alt_20261001T000957Z.json
EDM@VAN,Leon Draisaitl,EDM,f2,PP1,SOG,over,5.5,fanduel,750,True,2.9343753157645995,3.1422770479028137,0.08963644828128423,0.11215389439881175,19.783724438571554,2111.1133333333332,,"fanduel@2.5,sgo_fair@3.0",1.0339203361349867,0.11764705882352941,0.10314691595180074,-0.014500142871728669,-0.12325121440969367,-0.022517446117527526,869.0,1180.0,pass,2026-10-01T00:09:59+00:00,sgo_slate_alt_20261001T000957Z.json
FLA@SJS,Macklin Celebrini,SJS,f1,PP1,SOG,over,2.5,fanduel,-330,True,3.2464269922189892,3.825720911258074,0.6123143885088589,0.7119130463348167,19.39619168781531,2371.225,,"fanduel@3.5,sgo_fair@3.5",1.0339203361349867,0.7674418604651163,0.6720735832044336,-0.09536827726068275,-0.12426775521846545,-0.09959865782595778,-205.0,-183.0,pass,2026-10-01T00:09:59+00:00,sgo_slate_alt_20261001T000957Z.json
PHI@NJD,Dougie Hamilton,NJD,d1,PP2,SOG,over,4.5,fanduel,630,True,2.605830642530958,2.4348213025663448,0.13400609284184037,0.11046826567505214,21.117492077135786,2230.4283333333337,,"fanduel@2.5,sgo_fair@2.5",1.0339203361349867,0.136986301369863,0.11988339654176743,-0.01710290482809558,-0.12485120524509785,0.023537827166788233,734.0,954.0,pass,2026-10-01T00:09:59+00:00,sgo_slate_alt_20261001T000957Z.json
TBL@NYR,Mika Zibanejad,NYR,f1,PP1,SOG,over,4.5,fanduel,600,True,2.550475092439673,2.5356397051498294,0.1261739311216484,0.1241086960708911,19.469888763773874,2403.5491666666667,,"fanduel@2.5,sgo_fair@2.5",1.0339203361349867,0.14285714285714285,0.12493479009119403,-0.01792235276594882,-0.1254564693616418,0.0020652350507572997,700.0,901.0,pass,2026-10-01T00:09:59+00:00,sgo_slate_alt_20261001T000957Z.json
PHI@NJD,Travis Konecny,PHI,f2,PP2,A,over,0.5,fanduel,134,False,0.3959343867700461,0.5189557498492411,0.32694914447080164,0.40485829959514164,17.84048622674409,2230.1783333333337,,sgo_fair@0.5,0.9471386184492271,0.42735042735042733,0.37369463754540566,-0.05365578980502167,-0.12555454814375078,-0.07790915512433999,168.0,187.0,pass,2026-10-01T00:09:59+00:00,sgo_slate_alt_20261001T000957Z.json
CHI@UTA,Anton Frondell,CHI,f1,PP1,SOG,over,3.5,fanduel,260,True,2.3958742845082224,2.529069238317817,0.22649406878344883,0.25372501114713064,17.627307836143608,229.98333333333332,,"fanduel@2.5,sgo_fair@2.5",1.0339203361349867,0.2777777777777778,0.2428326342016579,-0.034945143576119886,-0.12580251687403154,-0.027230942363681815,312.0,359.0,pass,2026-10-01T00:09:59+00:00,sgo_slate_alt_20261001T000957Z.json
TBL@NYR,J.T. Miller,NYR,f2,PP1,SOG,under,1.5,fanduel,114,False,1.9480764015269305,2.0977711323298287,0.4313010013612283,0.3929462457013678,17.338376745483124,1975.7875,,"fanduel@1.5,sgo_fair@2.0",1.0339203361349867,0.4672897196261682,0.408288147965312,-0.059001571660856234,-0.1262633633542325,0.03835475565986046,145.0,161.0,pass,2026-10-01T00:09:59+00:00,sgo_slate_alt_20261001T000957Z.json
PHI@NJD,Trevor Zegras,PHI,f1,PP1,G,over,1.5,fanduel,3300,True,0.25780169922207563,0.23764798637558193,0.028035682073782264,0.024139070623425008,18.20542805617276,1953.2883333333334,,"fanduel@0.5,sgo_fair@0.5",1.0754488373749054,0.029411764705882353,0.025697715203567912,-0.0037140495023144406,-0.12627768307869103,0.003896611450357256,3791.0,143225.0,pass,2026-10-01T00:09:59+00:00,sgo_slate_alt_20261001T000957Z.json
EDM@VAN,Leon Draisaitl,EDM,f2,PP1,G,over,0.5,fanduel,100,False,0.4972319995405812,0.6285638678438992,0.39178813743091456,0.466642777289796,19.783724438571554,2111.1133333333332,,"fanduel@0.5,sgo_fair@0.5",1.0754488373749054,0.5,0.4367009213462434,-0.06329907865375661,-0.12659815730751323,-0.07485463985888141,129.0,143.0,pass,2026-10-01T00:09:59+00:00,sgo_slate_alt_20261001T000957Z.json
EDM@VAN,Connor McDavid,EDM,f1,PP1,SOG,over,4.5,fanduel,192,True,3.4703017494226645,3.689619494817673,0.2755578112140195,0.3147939430935422,21.633797863857367,2572.545,,"fanduel@3.5,sgo_fair@3.5",1.0339203361349867,0.3424657534246575,0.2990994903417331,-0.043366263082924406,-0.12662948820213937,-0.039236131879522684,234.0,265.0,pass,2026-10-01T00:09:59+00:00,sgo_slate_alt_20261001T000957Z.json
MIN@NSH,Matt Boldy,MIN,f1,PP1,SOG,over,6.5,fanduel,950,True,3.602040100347599,3.504609262191528,0.0882319083775952,0.07975953175441924,21.075739809162464,2311.885,,"fanduel@3.5,sgo_fair@3.5",1.0339203361349867,0.09523809523809523,0.08314848240368963,-0.0120896128344056,-0.1269409347612589,0.008472376623175959,1103.0,1620.0,pass,2026-10-01T00:09:59+00:00,sgo_slate_alt_20261001T000957Z.json
PHI@NJD,Nico Hischier,NJD,f2,PP1,A,over,0.5,fanduel,128,False,0.4075475168627815,0.536037043112488,0.334720161363839,0.41493775933610033,19.034673215391617,2386.8616666666667,,sgo_fair@0.5,0.9471386184492271,0.43859649122807015,0.3828507201471958,-0.05574577108087436,-0.12710035806439346,-0.08021759797226136,161.0,179.0,pass,2026-10-01T00:09:59+00:00,sgo_slate_alt_20261001T000957Z.json
SEA@CGY,Bobby McMann,SEA,f2,PP1,SOG,over,3.5,fanduel,215,True,2.6286891384033098,2.648577228438589,0.2744068094729728,0.2785596295320274,16.598452352257077,1725.3875,,"fanduel@2.5,sgo_fair@2.5",1.0339203361349867,0.31746031746031744,0.27689850150840556,-0.040561815951911884,-0.1277697202485225,-0.004152820059054596,261.0,297.0,pass,2026-10-01T00:09:59+00:00,sgo_slate_alt_20261001T000957Z.json
SEA@CGY,Jordan Eberle,SEA,f2,PP1,SOG,under,1.5,fanduel,122,False,2.0698825232308073,2.118508586293774,0.39987268822021615,0.3878604506194221,17.136518088982847,1785.4891666666667,,"fanduel@1.5,sgo_fair@2.0",1.0339203361349867,0.45045045045045046,0.3926653456597397,-0.05778510479071075,-0.12828293263537793,0.012012237600794062,155.0,172.0,pass,2026-10-01T00:09:59+00:00,sgo_slate_alt_20261001T000957Z.json
CHI@UTA,Tyler Bertuzzi,CHI,f1,PP1,PTS,over,1.5,fanduel,480,True,0.6836245535783501,0.6832948841169335,0.1501331695210592,0.15001941495085522,17.963110816503743,2048.971666666667,,sgo_fair@0.5,1.088912284783392,0.1724137931034483,0.1500649167789368,-0.02234887632451149,-0.1296234826821666,0.00011375457020398883,566.0,700.0,pass,2026-10-01T00:09:59+00:00,sgo_slate_alt_20261001T000957Z.json
BUF@CBJ,Tage Thompson,BUF,f1,PP1,SOG,under,2.5,fanduel,120,False,3.450838505240929,3.0539086031235834,0.3498176774738546,0.4260995125456808,19.217381242661318,2200.2008333333333,,"fanduel@2.5,sgo_fair@2.5",1.0339203361349867,0.45454545454545453,0.39558677851695034,-0.05895867602850419,-0.12970908726270913,-0.07628183507182618,153.0,170.0,pass,2026-10-01T00:09:59+00:00,sgo_slate_alt_20261001T000957Z.json
PHI@NJD,Trevor Zegras,PHI,f1,PP1,PTS,over,1.5,fanduel,390,True,0.7327838145818083,0.7793248768009975,0.1672772771687074,0.18379592807293682,18.20542805617276,1953.2883333333334,,sgo_fair@0.5,1.088912284783392,0.20408163265306123,0.17718846771124505,-0.026893164941816178,-0.13177650821489917,-0.01651865090422941,464.0,557.0,pass,2026-10-01T00:09:59+00:00,sgo_slate_alt_20261001T000957Z.json
BUF@CBJ,Tage Thompson,BUF,f1,PP1,G,over,1.5,fanduel,1100,True,0.46110221835625353,0.42396556075064523,0.07864615813022556,0.06809083632961915,19.217381242661318,2200.2008333333333,,"fanduel@0.5,sgo_fair@0.5",1.0754488373749054,0.08333333333333333,0.0723129650498617,-0.011020368283471624,-0.13224441940165954,0.010555321800606407,1283.0,2014.0,pass,2026-10-01T00:09:59+00:00,sgo_slate_alt_20261001T000957Z.json
FLA@SJS,Macklin Celebrini,SJS,f1,PP1,SOG,over,3.5,fanduel,-120,False,3.2464269922189892,3.825720911258074,0.4038709782127365,0.5184702951836639,19.39619168781531,2371.225,,"fanduel@3.5,sgo_fair@3.5",1.0339203361349867,0.5454545454545454,0.47263056839529294,-0.07282397705925248,-0.1335106246086295,-0.11459931697092746,112.0,123.0,pass,2026-10-01T00:09:59+00:00,sgo_slate_alt_20261001T000957Z.json
MIN@NSH,Quinn Hughes,MIN,d1,PP1,G,over,0.5,fanduel,380,False,0.16434354901495485,0.22263197906889895,0.15154951252431487,0.19959063750343342,27.76691338944863,2839.8958333333335,,"fanduel@0.5,sgo_fair@0.5",1.0754488373749054,0.20833333333333334,0.180374187511786,-0.02795914582154735,-0.1342038999434273,-0.048041124979118555,454.0,544.0,pass,2026-10-01T00:09:59+00:00,sgo_slate_alt_20261001T000957Z.json
BUF@CBJ,Kent Johnson,CBJ,f1,PP1,SOG,over,1.5,fanduel,-192,False,1.67650112369811,2.1475474210873546,0.4917069164264492,0.619169063516648,13.607374230517582,1535.4758333333334,,"fanduel@1.5,sgo_fair@1.5",1.0339203361349867,0.6575342465753424,0.5681842046805685,-0.08935004189477391,-0.13588652204830198,-0.12746214709019882,-132.0,-119.0,data-check,2026-10-01T00:09:59+00:00,sgo_slate_alt_20261001T000957Z.json
FLA@SJS,Carter Verhaeghe,FLA,f2,PP2,SOG,under,2.5,fanduel,-196,False,2.756198950935808,2.196560209029023,0.4906131351306485,0.6262477027184814,18.096277014470513,2026.48,,"fanduel@2.5,sgo_fair@2.0",1.0339203361349867,0.6621621621621622,0.5719938756833483,-0.09016828647881392,-0.13617251427412713,-0.13563456758783288,-134.0,-121.0,data-check,2026-10-01T00:09:59+00:00,sgo_slate_alt_20261001T000957Z.json
MIN@NSH,Steven Stamkos,NSH,f1,PP1,SOG,over,4.5,fanduel,460,True,2.709992993613625,2.761740020331649,0.1492588547185993,0.1570716852784494,18.34647335976343,2126.0425,,"fanduel@2.5,sgo_fair@2.5",1.0339203361349867,0.17857142857142858,0.15394655305450936,-0.02462487551691922,-0.1378993028947476,-0.007812830559850104,550.0,676.0,pass,2026-10-01T00:09:59+00:00,sgo_slate_alt_20261001T000957Z.json
PHI@NJD,Owen Tippett,PHI,f1,PP2,PTS,over,1.5,fanduel,600,True,0.5760121346041711,0.6216882165778005,0.11406743549996652,0.12909336517118133,17.390145884502914,1918.3983333333333,,sgo_fair@0.5,1.088912284783392,0.14285714285714285,0.12308299330269541,-0.019774149554447437,-0.13841904688113216,-0.015025929671214813,712.0,920.0,pass,2026-10-01T00:09:59+00:00,sgo_slate_alt_20261001T000957Z.json
TBL@NYR,Brandon Hagel,TBL,f2,PP1,SOG,under,2.5,fanduel,116,False,3.2625361680446177,3.1422770479028137,0.3845920001671066,0.4081374606874376,21.22918902363336,2168.3941666666665,,"fanduel@2.5,sgo_fair@3.0",1.0339203361349867,0.46296296296296297,0.39871927647930516,-0.0642436864836578,-0.13876636280470078,-0.02354546052033102,151.0,168.0,pass,2026-10-01T00:09:59+00:00,sgo_slate_alt_20261001T000957Z.json
CHI@UTA,Dylan Guenther,UTA,f2,PP1,SOG,under,2.5,fanduel,130,False,3.6044769999295903,3.1471695845829313,0.3233269779563477,0.40715927567156074,18.667151628483552,1909.7266666666667,,"fanduel@2.5,sgo_fair@2.5",1.0339203361349867,0.43478260869565216,0.3736263565854755,-0.06115625211017667,-0.14065937985340637,-0.08383229771521306,168.0,187.0,pass,2026-10-01T00:09:59+00:00,sgo_slate_alt_20261001T000957Z.json
CHI@UTA,Patrick Kane,CHI,f1,PP1,SOG,over,4.5,fanduel,630,True,2.5743867806709275,2.4297028074420486,0.12953299059963483,0.10979460509709436,18.591130609932456,1789.7158333333334,,"fanduel@2.5,sgo_fair@2.5",1.0339203361349867,0.136986301369863,0.11768995929811055,-0.01929634207175246,-0.14086329712379297,0.019738385502540465,750.0,979.0,pass,2026-10-01T00:09:59+00:00,sgo_slate_alt_20261001T000957Z.json
FLA@SJS,Anton Lundell,FLA,f3,PP2,SOG,under,1.5,fanduel,-115,False,2.089000549422603,1.6963633578438795,0.39511376124210673,0.5023415446676012,17.03977502922192,1838.8941666666665,,"fanduel@1.5,sgo_fair@1.5",1.0339203361349867,0.5348837209302325,0.45945043129740337,-0.07543328963282914,-0.14102745453094157,-0.10722778342549444,118.0,130.0,pass,2026-10-01T00:09:59+00:00,sgo_slate_alt_20261001T000957Z.json
PHI@NJD,Trevor Zegras,PHI,f1,PP1,A,over,0.5,fanduel,126,False,0.38893539230980045,0.5419896188008211,0.3222219417257603,0.4184100418410054,18.20542805617276,1953.2883333333334,,sgo_fair@0.5,0.9471386184492271,0.4424778761061947,0.37993480179490735,-0.06254307431128736,-0.14134734794350945,-0.09618810011524509,163.0,182.0,pass,2026-10-01T00:09:59+00:00,sgo_slate_alt_20261001T000957Z.json
CHI@UTA,Logan Cooley,UTA,f2,PP1,SOG,under,1.5,fanduel,140,False,2.489569692600529,2.1061559911134107,0.305887726420877,0.3908832652412296,19.23056871640399,1538.5200000000002,,"fanduel@1.5,sgo_fair@1.5",1.0339203361349867,0.4166666666666667,0.35688504971308854,-0.05978161695357814,-0.14347588068858752,-0.0849955388203526,180.0,201.0,pass,2026-10-01T00:09:59+00:00,sgo_slate_alt_20261001T000957Z.json
CHI@UTA,Anders Lee,UTA,f2,PP2,SOG,under,2.5,fanduel,-205,False,2.7454447177484838,2.1827925754033437,0.4930546188261298,0.6297609534924988,16.123686897909316,1911.8274999999999,,"fanduel@1.5,fanduel@2.5,sgo_fair@2.5",1.0339203361349867,0.6721311475409836,0.5750784196259512,-0.09705272791503239,-0.14439552201992634,-0.13670633466636906,-135.0,-122.0,data-check,2026-10-01T00:09:59+00:00,sgo_slate_alt_20261001T000957Z.json
CHI@UTA,Bowen Byram,CHI,d1,PP1,SOG,over,1.5,fanduel,-108,False,1.3166224634587984,1.6634352464632995,0.3758030937705086,0.48776483057635256,22.651848045054024,2694.625,,"fanduel@1.5,sgo_fair@1.5",1.0339203361349867,0.5192307692307693,0.44298013585401497,-0.0762506333767543,-0.14685307168856376,-0.11196173680584398,126.0,139.0,pass,2026-10-01T00:09:59+00:00,sgo_slate_alt_20261001T000957Z.json
PHI@NJD,Jesper Bratt,NJD,f1,PP1,A,over,1.5,fanduel,600,True,0.6069543187763919,0.5949874160873152,0.12419661433411264,0.12025357767347304,18.40471199059038,2229.26,,sgo_fair@0.5,0.9471386184492271,0.14285714285714285,0.12183079233772888,-0.02102635051941397,-0.14718445363589783,0.003943036660639596,721.0,933.0,pass,2026-10-01T00:09:59+00:00,sgo_slate_alt_20261001T000957Z.json
FLA@SJS,Aleksander Barkov,FLA,f1,PP1,SOG,under,1.5,fanduel,130,False,2.4539919916634667,2.0366138447825475,0.3130299584737203,0.40826615978394054,20.354723500204337,631.3108333333333,,"fanduel@1.5,sgo_fair@1.5",1.0339203361349867,0.43478260869565216,0.3701716792598524,-0.06461092943579977,-0.14860513770233952,-0.09523620131022026,170.0,190.0,pass,2026-10-01T00:09:59+00:00,sgo_slate_alt_20261001T000957Z.json
EDM@VAN,Marco Rossi,VAN,f2,PP2,SOG,over,2.5,fanduel,205,True,1.4216740678972448,2.093247241396577,0.17596718158068675,0.34726142099146873,16.373413710856763,1562.0341666666668,,"fanduel@1.5,sgo_fair@2.0",1.0339203361349867,0.32786885245901637,0.27874372522715596,-0.04912512723186041,-0.14983163805717437,-0.17129423941078198,259.0,294.0,data-check,2026-10-01T00:09:59+00:00,sgo_slate_alt_20261001T000957Z.json
BUF@CBJ,Rasmus Dahlin,BUF,d1,PP1,SOG,over,4.5,fanduel,350,True,2.677459398565971,3.1422770479028137,0.1444251735887635,0.21853140192022366,23.862363349290565,2658.44,,"fanduel@2.5,sgo_fair@3.0",1.0339203361349867,0.2222222222222222,0.18888891058763957,-0.03333331163458264,-0.149999902355622,-0.07410622833146016,429.0,510.0,pass,2026-10-01T00:09:59+00:00,sgo_slate_alt_20261001T000957Z.json
FLA@SJS,Will Smith,SJS,f1,PP1,SOG,over,3.5,fanduel,280,True,2.2407173421386437,2.472347202811251,0.1956349190007434,0.24205991487949524,17.42348445821675,1782.5283333333332,,"fanduel@2.5,sgo_fair@2.5",1.0339203361349867,0.2631578947368421,0.2234899165279945,-0.0396679782088476,-0.15073831719362096,-0.046424995878751846,347.0,404.0,pass,2026-10-01T00:09:59+00:00,sgo_slate_alt_20261001T000957Z.json
FLA@SJS,Mason Marchment,SJS,f1,PP2,SOG,under,1.5,fanduel,106,False,1.9423803052302877,2.0776260929604278,0.4328177905400892,0.3979394760845615,17.422308663932426,1609.2633333333333,,"fanduel@1.5,sgo_fair@2.0",1.0339203361349867,0.4854368932038835,0.41189080186677257,-0.07354609133711093,-0.15150494815444848,0.03487831445552769,143.0,158.0,pass,2026-10-01T00:09:59+00:00,sgo_slate_alt_20261001T000957Z.json
PHI@NJD,Nico Hischier,NJD,f2,PP1,SOG,over,3.5,fanduel,225,True,2.434830016367877,2.6493766281398368,0.23439827352445147,0.278726691262365,19.034673215391617,2386.8616666666667,,"fanduel@2.5,sgo_fair@2.5",1.0339203361349867,0.3076923076923077,0.26099532416719956,-0.04669698352510815,-0.15176519645660147,-0.04432841773791352,283.0,324.0,pass,2026-10-01T00:09:59+00:00,sgo_slate_alt_20261001T000957Z.json
FLA@SJS,Tyler Toffoli,SJS,f2,PP2,SOG,over,3.5,fanduel,390,True,2.1281284630830726,2.1195323012071605,0.1740079916273991,0.17238777214362327,14.140730602670734,1777.0583333333334,,"fanduel@1.5,sgo_fair@1.5",1.0339203361349867,0.20408163265306123,0.1730358599371336,-0.031045772715927622,-0.1521242863080453,0.001620219483775831,478.0,576.0,pass,2026-10-01T00:09:59+00:00,sgo_slate_alt_20261001T000957Z.json
CHI@UTA,Nick Schmaltz,UTA,f1,PP1,SOG,under,2.5,fanduel,-164,False,2.9878343027800813,2.362818149464866,0.4398914791303601,0.5843539274600702,20.83611851350571,2303.2216666666664,,"fanduel@2.5,sgo_fair@2.5",1.0339203361349867,0.6212121212121212,0.5265689481281861,-0.0946431730839351,-0.15235242496438328,-0.1444624483297101,-111.0,-101.0,data-check,2026-10-01T00:09:59+00:00,sgo_slate_alt_20261001T000957Z.json
PHI@NJD,Tyson Foerster,PHI,f2,PP1,G,over,1.5,fanduel,2700,True,0.26876554614768017,0.26875316806450833,0.030254030884926446,0.030251488178127544,17.605628457469237,1116.2733333333333,,"fanduel@0.5,sgo_fair@0.5",1.0754488373749054,0.03571428571428571,0.030252505260847107,-0.0054617804534386055,-0.152929852696281,2.542706798901867e-06,3206.0,18939.0,pass,2026-10-01T00:09:59+00:00,sgo_slate_alt_20261001T000957Z.json
PHI@NJD,Jesper Bratt,NJD,f1,PP1,G,over,1.5,fanduel,2200,True,0.2996470382275731,0.29908354790019614,0.03685790127175125,0.036732853721809,18.40471199059038,2229.26,,"fanduel@0.5,sgo_fair@0.5",1.0754488373749054,0.043478260869565216,0.0367828727417859,-0.006695388127779318,-0.15399392693892433,0.0001250475499422546,2619.0,8387.0,pass,2026-10-01T00:09:59+00:00,sgo_slate_alt_20261001T000957Z.json
PHI@NJD,Trevor Zegras,PHI,f1,PP1,SOG,under,1.5,fanduel,106,False,1.9559859291172108,2.0776260929604278,0.42920180091679616,0.3979394760845615,18.20542805617276,1953.2883333333334,,"fanduel@1.5,sgo_fair@2.0",1.0339203361349867,0.4854368932038835,0.41044440601745535,-0.07499248718642815,-0.15448452360404197,0.03126232483223468,144.0,159.0,pass,2026-10-01T00:09:59+00:00,sgo_slate_alt_20261001T000957Z.json
PHI@NJD,Anthony Mantha,NJD,f1,PP2,G,over,1.5,fanduel,2700,True,0.27411589033220213,0.2644033006363974,0.03136108337161954,0.02936325902031825,15.374747258923755,1311.4966666666667,,"fanduel@0.5,sgo_fair@0.5",1.0754488373749054,0.03571428571428571,0.030162388760838765,-0.005551896953446947,-0.15545311469651457,0.001997824351301289,3215.0,19271.0,pass,2026-10-01T00:09:59+00:00,sgo_slate_alt_20261001T000957Z.json
PHI@NJD,Jack Hughes,NJD,f1,PP1,SOG,over,4.5,fanduel,140,True,3.6691284989552138,4.046120029657774,0.31110819467118245,0.37899888795452913,20.883487378393436,1883.3825000000002,,"fanduel@3.5,sgo_fair@3.5",1.0339203361349867,0.4166666666666667,0.35184261064119043,-0.06482405602547625,-0.15557773446114298,-0.06789069328334668,184.0,206.0,pass,2026-10-01T00:09:59+00:00,sgo_slate_alt_20261001T000957Z.json
TBL@NYR,Brayden Point,TBL,f1,PP1,G,over,1.5,fanduel,1600,True,0.37155677359400907,0.34193494898247545,0.05409236091474978,0.046696906834549086,18.437465313914522,1825.2050000000002,,"fanduel@0.5,sgo_fair@0.5",1.0754488373749054,0.058823529411764705,0.04965508846662936,-0.009168440945135345,-0.15586349606730088,0.007395454080200696,1914.0,3956.0,pass,2026-10-01T00:09:59+00:00,sgo_slate_alt_20261001T000957Z.json
MIN@NSH,Joel Eriksson Ek,MIN,f1,PP1,SOG,over,5.5,fanduel,700,True,3.165330776112405,3.024969876424065,0.11480037229935011,0.09914394686118479,20.472082233759373,1744.6958333333334,,"fanduel@2.5,sgo_fair@2.5",1.0339203361349867,0.125,0.10540651703645092,-0.019593482963549083,-0.15674786370839267,0.015656425438165325,849.0,1144.0,pass,2026-10-01T00:09:59+00:00,sgo_slate_alt_20261001T000957Z.json
FLA@SJS,Will Smith,SJS,f1,PP1,G,over,1.5,fanduel,1900,True,0.32259104824162715,0.32234411098386795,0.04208700093717765,0.042029320733840754,17.42348445821675,1782.5283333333332,,"fanduel@0.5,sgo_fair@0.5",1.0754488373749054,0.05,0.04205239281517551,-0.007947607184824491,-0.1589521436964898,5.768020333689339e-05,2278.0,5764.0,pass,2026-10-01T00:09:59+00:00,sgo_slate_alt_20261001T000957Z.json
SEA@CGY,Jordan Eberle,SEA,f2,PP1,G,over,1.5,fanduel,1800,True,0.32676854320292986,0.3344172390225196,0.04306730979232625,0.0448840837089078,17.136518088982847,1785.4891666666667,,"fanduel@0.5,sgo_fair@0.5",1.0754488373749054,0.05263157894736842,0.04415737414227518,-0.008474204805093241,-0.16100989129677168,-0.0018167739165815475,2165.0,5120.0,pass,2026-10-01T00:09:59+00:00,sgo_slate_alt_20261001T000957Z.json
PHI@NJD,Timo Meier,NJD,f2,PP2,SOG,over,4.5,fanduel,265,True,3.053357840576966,3.3092692125873775,0.2036202786603971,0.24722710494328262,17.43850901718873,2068.695,,"fanduel@3.5,sgo_fair@3.5",1.0339203361349867,0.273972602739726,0.22978437443012845,-0.044188228309597566,-0.16128703333003114,-0.04360682628288551,335.0,388.0,pass,2026-10-01T00:09:59+00:00,sgo_slate_alt_20261001T000957Z.json
TBL@NYR,Alexis Lafrenière,NYR,f1,PP1,G,over,0.5,fanduel,260,False,0.22409402336960388,0.2933847911160561,0.20076001639992402,0.25426486677239635,18.323826239617773,0.0,no NHL data: 85% of positional prior,"fanduel@0.5,sgo_fair@0.5",1.0754488373749054,0.2777777777777778,0.2328629266234074,-0.04491485115437038,-0.16169346415573327,-0.05350485037247232,329.0,381.0,pass,2026-10-01T00:09:59+00:00,sgo_slate_alt_20261001T000957Z.json
PHI@NJD,Porter Martone,PHI,f1,PP1,SOG,over,4.5,fanduel,630,True,2.5134062386079172,2.434497695737821,0.12104094583248572,0.11042561964943107,17.174337859550526,153.36666666666667,,"fanduel@2.5,sgo_fair@2.5",1.0339203361349867,0.136986301369863,0.11467175012265293,-0.022314551247210074,-0.16289622410463367,0.01061532618305465,772.0,1015.0,pass,2026-10-01T00:09:59+00:00,sgo_slate_alt_20261001T000957Z.json
CHI@UTA,Clayton Keller,UTA,f1,PP1,SOG,under,2.5,fanduel,108,False,3.2604012510125333,3.114668750989253,0.3850009146742278,0.41368940854416936,20.237852932226836,2261.8883333333333,,"fanduel@2.5,sgo_fair@3.0",1.0339203361349867,0.4807692307692308,0.4022140109961927,-0.07855521977303809,-0.16339485712791912,-0.028688493869941545,149.0,165.0,pass,2026-10-01T00:09:59+00:00,sgo_slate_alt_20261001T000957Z.json
BUF@CBJ,Zach Benson,BUF,f2,PP1,G,over,1.5,fanduel,2500,True,0.2779876605570674,0.2778129259261888,0.03217206434169199,0.032135287246435044,17.654666812253005,1532.8558333333335,,"fanduel@0.5,sgo_fair@0.5",1.0754488373749054,0.038461538461538464,0.03214999808453782,-0.006311540377000643,-0.16410004980201665,3.677709525694295e-05,3010.0,13886.0,pass,2026-10-01T00:09:59+00:00,sgo_slate_alt_20261001T000957Z.json
SEA@CGY,Bobby McMann,SEA,f2,PP1,SOG,over,4.5,fanduel,500,True,2.6286891384033098,2.648577228438589,0.1372969512300861,0.1401864051410453,16.598452352257077,1725.3875,,"fanduel@2.5,sgo_fair@2.5",1.0339203361349867,0.16666666666666666,0.13903062357666163,-0.02763604309000503,-0.16581625854003024,-0.002889453910959211,619.0,777.0,pass,2026-10-01T00:09:59+00:00,sgo_slate_alt_20261001T000957Z.json
PHI@NJD,Luke Evangelista,NJD,f2,PP1,SOG,over,3.5,fanduel,320,True,2.1133309661969535,2.346426225126613,0.1712218503766615,0.21654428302304224,15.486589438141582,1770.8866666666665,,"fanduel@2.5,sgo_fair@2.5",1.0339203361349867,0.23809523809523808,0.19841530996448992,-0.039679928130748165,-0.16665569814914227,-0.04532243264638075,404.0,477.0,pass,2026-10-01T00:09:59+00:00,sgo_slate_alt_20261001T000957Z.json
PHI@NJD,Nico Hischier,NJD,f2,PP1,G,over,1.5,fanduel,1500,True,0.3946572147295233,0.34193494898247545,0.0601251528007438,0.046696906834549086,19.034673215391617,2386.8616666666667,,"fanduel@0.5,sgo_fair@0.5",1.0754488373749054,0.0625,0.05206820522102697,-0.010431794778973033,-0.16690871646356853,0.013428245966194713,1821.0,3594.0,pass,2026-10-01T00:09:59+00:00,sgo_slate_alt_20261001T000957Z.json
EDM@VAN,Brock Boeser,VAN,f2,PP1,SOG,over,3.5,fanduel,300,True,2.1627106415591935,2.3939398252676685,0.1805723832058083,0.22610301430912172,18.268851947691445,2056.795,,"fanduel@2.5,sgo_fair@2.5",1.0339203361349867,0.25,0.20789076186779634,-0.04210923813220366,-0.16843695252881463,-0.04553063110331343,381.0,447.0,pass,2026-10-01T00:09:59+00:00,sgo_slate_alt_20261001T000957Z.json
TBL@NYR,Alexis Lafrenière,NYR,f1,PP1,SOG,over,2.5,fanduel,148,False,1.8220657375484792,2.195693090253882,0.27698740493530355,0.3735311963112301,18.323826239617773,0.0,no NHL data: 85% of positional prior,"fanduel@1.5,fanduel@2.5,sgo_fair@2.5",1.0339203361349867,0.4032258064516129,0.3349136797608595,-0.06831212669075337,-0.16941407419306842,-0.09654379137592656,199.0,223.0,pass,2026-10-01T00:09:59+00:00,sgo_slate_alt_20261001T000957Z.json
CHI@UTA,Anders Lee,UTA,f2,PP2,SOG,under,1.5,fanduel,154,True,2.7454447177484838,2.1827925754033437,0.25868681743330546,0.37244274628582286,16.123686897909316,1911.8274999999999,,"fanduel@1.5,fanduel@2.5,sgo_fair@2.5",1.0339203361349867,0.3937007874015748,0.3269403747448159,-0.06676041265675892,-0.1695714481481676,-0.1137559288525174,206.0,231.0,pass,2026-10-01T00:09:59+00:00,sgo_slate_alt_20261001T000957Z.json
PHI@NJD,Travis Konecny,PHI,f2,PP2,PTS,over,1.5,fanduel,370,True,0.7274490774981806,0.7793248768009975,0.16540047406774996,0.18379592807293682,17.84048622674409,2230.1783333333337,,sgo_fair@0.5,1.088912284783392,0.2127659574468085,0.17643774647086208,-0.036328210975946434,-0.17074259158694816,-0.018395454005186856,467.0,560.0,pass,2026-10-01T00:09:59+00:00,sgo_slate_alt_20261001T000957Z.json
FLA@SJS,Brady Tkachuk,FLA,f1,PP1,SOG,under,3.5,fanduel,-178,False,4.161611620695293,3.210426051568009,0.42108394689919526,0.6035743071335782,18.336324644557457,1625.061666666667,,"fanduel@3.5,sgo_fair@3.0",1.0339203361349867,0.6402877697841727,0.530578163039825,-0.10970960674434771,-0.17134421727488014,-0.18249036023438292,-113.0,-102.0,data-check,2026-10-01T00:09:59+00:00,sgo_slate_alt_20261001T000957Z.json
BUF@CBJ,Kent Johnson,CBJ,f1,PP1,SOG,over,2.5,fanduel,165,True,1.67650112369811,2.1475474210873546,0.23948580423033133,0.3612198455021144,13.607374230517582,1535.4758333333334,,"fanduel@1.5,sgo_fair@1.5",1.0339203361349867,0.37735849056603776,0.31252622899340116,-0.0648322615726366,-0.17180549316748694,-0.12173404127178306,220.0,248.0,data-check,2026-10-01T00:09:59+00:00,sgo_slate_alt_20261001T000957Z.json
TBL@NYR,Brandon Hagel,TBL,f2,PP1,G,over,2.5,fanduel,7500,True,0.5063523332662148,0.404358607162586,0.014873880776810205,0.008162104878981582,21.22918902363336,2168.3941666666665,,"fanduel@0.5,sgo_fair@0.5",1.0754488373749054,0.013157894736842105,0.010846815238113032,-0.0023110794987290725,-0.1756420419034096,0.006711775897828624,9119.0,,pass,2026-10-01T00:09:59+00:00,sgo_slate_alt_20261001T000957Z.json
PHI@NJD,Timo Meier,NJD,f2,PP2,G,over,1.5,fanduel,1600,True,0.35868335920345806,0.34193494898247545,0.050829891922569766,0.046696906834549086,17.43850901718873,2068.695,,"fanduel@0.5,sgo_fair@0.5",1.0754488373749054,0.058823529411764705,0.048350100869757356,-0.010473428542007349,-0.17804828521412497,0.00413298508802068,1968.0,4183.0,pass,2026-10-01T00:09:59+00:00,sgo_slate_alt_20261001T000957Z.json
FLA@SJS,Macklin Celebrini,SJS,f1,PP1,SOG,over,4.5,fanduel,175,True,3.2464269922189892,3.825720911258074,0.2363337773462553,0.3393207680204656,19.39619168781531,2371.225,,"fanduel@3.5,sgo_fair@3.5",1.0339203361349867,0.36363636363636365,0.2981259717507815,-0.06551039188558216,-0.1801535776853509,-0.10298699067421033,235.0,266.0,pass,2026-10-01T00:09:59+00:00,sgo_slate_alt_20261001T000957Z.json
EDM@VAN,Zeev Buium,VAN,d1,PP1,SOG,over,1.5,fanduel,-118,False,1.1910821557046092,1.7617865910128045,0.33229367315642094,0.5169082125603897,21.700184785009142,1510.5833333333333,,sgo_fair@1.5,1.0339203361349867,0.5412844036697247,0.4430623967988022,-0.09822200687092253,-0.18146099574458574,-0.1846145394039687,126.0,139.0,data-check,2026-10-01T00:09:59+00:00,sgo_slate_alt_20261001T000957Z.json
PHI@NJD,Luke Hughes,NJD,d2,PP1,SOG,over,3.5,fanduel,330,True,2.0934062161453415,2.2884746897692465,0.16749260387730006,0.20501589350525024,22.43042660874675,2240.764166666667,,"fanduel@2.5,sgo_fair@2.5",1.0339203361349867,0.23255813953488372,0.19000657765407014,-0.042551561880813576,-0.1829717160874984,-0.03752328962795018,426.0,506.0,pass,2026-10-01T00:09:59+00:00,sgo_slate_alt_20261001T000957Z.json
SEA@CGY,Joel Farabee,CGY,f2,PP1,SOG,under,1.5,fanduel,104,False,2.065954191956899,2.0719698795520674,0.4008563585269673,0.3993508129565795,16.937812126139406,1930.8091666666667,,"fanduel@1.5,sgo_fair@2.0",1.0339203361349867,0.49019607843137253,0.3999530311847346,-0.09024304724663795,-0.18409581638314143,0.001505545570387845,150.0,167.0,pass,2026-10-01T00:09:59+00:00,sgo_slate_alt_20261001T000957Z.json
CHI@UTA,Tyler Bertuzzi,CHI,f1,PP1,SOG,under,1.5,fanduel,-102,False,1.971405294310862,2.056520518714166,0.4251328473648597,0.40322669937101363,17.963110816503743,2048.971666666667,,"fanduel@1.5,sgo_fair@2.0",1.0339203361349867,0.504950495049505,0.411989158568552,-0.09296133648095295,-0.18409990165835777,0.021906147993846048,143.0,158.0,pass,2026-10-01T00:09:59+00:00,sgo_slate_alt_20261001T000957Z.json
FLA@SJS,Michael Misa,SJS,f2,PP2,G,over,1.5,fanduel,3300,True,0.23704443078349688,0.23649694715790784,0.024026085470159685,0.023923786602062937,13.758025580843334,576.4833333333333,,"fanduel@0.5,sgo_fair@0.5",1.0754488373749054,0.029411764705882353,0.023964706149301636,-0.005447058556580717,-0.1851999909237444,0.00010229886809674793,4073.0,,pass,2026-10-01T00:09:59+00:00,sgo_slate_alt_20261001T000957Z.json
CHI@UTA,Patrick Kane,CHI,f1,PP1,A,over,1.5,fanduel,800,True,0.5015071638899132,0.5003816646049075,0.09066142490658732,0.09031977815293016,18.591130609932456,1789.7158333333334,,sgo_fair@0.5,0.9471386184492271,0.1111111111111111,0.09045643685439303,-0.020654674256718075,-0.1858920683104628,0.00034164675365716546,1006.0,1428.0,pass,2026-10-01T00:09:59+00:00,sgo_slate_alt_20261001T000957Z.json
SEA@CGY,Joel Farabee,CGY,f2,PP1,G,over,1.5,fanduel,2200,True,0.2711913930374409,0.30693224985539785,0.030753998271311304,0.03848936477089131,16.937812126139406,1930.8091666666667,,"fanduel@0.5,sgo_fair@0.5",1.0754488373749054,0.043478260869565216,0.035395218171059305,-0.008083042698505911,-0.18590998206563603,-0.007735366499580003,2725.0,9520.0,pass,2026-10-01T00:09:59+00:00,sgo_slate_alt_20261001T000957Z.json
FLA@SJS,Seth Jones,FLA,d2,PP1,SOG,under,1.5,fanduel,-102,False,1.9874931640173112,2.056520518714166,0.42092039239595613,0.40322669937101363,23.942526863278125,1959.8708333333334,,"fanduel@1.5,sgo_fair@2.0",1.0339203361349867,0.504950495049505,0.4103041765809906,-0.09464631846851435,-0.1874368267709794,0.017693693024942503,144.0,160.0,pass,2026-10-01T00:09:59+00:00,sgo_slate_alt_20261001T000957Z.json
CHI@UTA,Anton Frondell,CHI,f1,PP1,SOG,over,4.5,fanduel,600,True,2.3958742845082224,2.529069238317817,0.10538953933705293,0.12319867435501945,17.627307836143608,229.98333333333332,,"fanduel@2.5,sgo_fair@2.5",1.0339203361349867,0.14285714285714285,0.11607502034783285,-0.026782122509310002,-0.18747485756517013,-0.01780913501796652,762.0,998.0,pass,2026-10-01T00:09:59+00:00,sgo_slate_alt_20261001T000957Z.json
SEA@CGY,Bobby McMann,SEA,f2,PP1,G,over,1.5,fanduel,2000,True,0.3117800644735523,0.3046372843393894,0.039590018658960946,0.03797248344021958,16.598452352257077,1725.3875,,"fanduel@0.5,sgo_fair@0.5",1.0754488373749054,0.047619047619047616,0.03861949752771612,-0.008999550091331493,-0.18899055191796144,0.0016175352187413686,2489.0,7242.0,pass,2026-10-01T00:09:59+00:00,sgo_slate_alt_20261001T000957Z.json
SEA@CGY,Jared McCann,SEA,f1,PP1,G,over,1.5,fanduel,1600,True,0.32377434610276196,0.3599134327260352,0.04236381336674097,0.05113845567902442,16.343716667313814,1489.6441666666665,,"fanduel@0.5,sgo_fair@0.5",1.0754488373749054,0.058823529411764705,0.04762859875411104,-0.011194930657653666,-0.1903138211801123,-0.008774642312283448,2000.0,4319.0,pass,2026-10-01T00:09:59+00:00,sgo_slate_alt_20261001T000957Z.json
MIN@NSH,Ryan O'Reilly,NSH,f1,PP1,SOG,under,1.5,fanduel,110,False,2.1916647378788703,2.0886814525819055,0.3703559144350008,0.3951928070160339,20.11476088894485,2327.0208333333335,,"fanduel@1.5,sgo_fair@2.0",1.0339203361349867,0.47619047619047616,0.3852580499836207,-0.09093242620685549,-0.19095809503439654,-0.024836892581033054,160.0,178.0,pass,2026-10-01T00:09:59+00:00,sgo_slate_alt_20261001T000957Z.json
CHI@UTA,Bowen Byram,CHI,d1,PP1,SOG,over,2.5,fanduel,300,True,1.3166224634587984,1.6634352464632995,0.15115123825319246,0.23614876951501204,22.651848045054024,2694.625,,"fanduel@1.5,sgo_fair@1.5",1.0339203361349867,0.25,0.2021497570102842,-0.0478502429897158,-0.1914009719588632,-0.08499753126181958,395.0,464.0,pass,2026-10-01T00:09:59+00:00,sgo_slate_alt_20261001T000957Z.json
CHI@UTA,Vincent Trocheck,UTA,f1,PP2,G,over,1.5,fanduel,2200,True,0.28178861321193904,0.2984851360449741,0.032976185465844195,0.03660023721165892,19.050271205113418,2155.485833333333,,"fanduel@0.5,sgo_fair@0.5",1.0754488373749054,0.043478260869565216,0.03515061651333303,-0.008327644356232185,-0.19153582019334026,-0.0036240517458147256,2745.0,9752.0,pass,2026-10-01T00:09:59+00:00,sgo_slate_alt_20261001T000957Z.json
PHI@NJD,Alex Bump,PHI,f3,PP2,G,over,1.5,fanduel,6000,False,0.19463530876461257,0.15559264114415983,0.01665411196870883,0.010919266801684771,13.377963352908207,214.9,,sgo_fair@0.5,1.0754488373749054,0.01639344262295082,0.013213204868494395,-0.003180237754456425,-0.19399450302184185,0.00573484516702406,7468.0,,pass,2026-10-01T00:09:59+00:00,sgo_slate_alt_20261001T000957Z.json
EDM@VAN,Leon Draisaitl,EDM,f2,PP1,G,over,1.5,fanduel,600,True,0.4972319995405812,0.6285638678438992,0.08936573686138692,0.13139369844059004,19.783724438571554,2111.1133333333332,,"fanduel@0.5,sgo_fair@0.5",1.0754488373749054,0.14285714285714285,0.1145825138089088,-0.02827462904823405,-0.19792240333763844,-0.04202796157920312,773.0,1016.0,pass,2026-10-01T00:09:59+00:00,sgo_slate_alt_20261001T000957Z.json
BUF@CBJ,Jack Quinn,BUF,f2,PP1,SOG,over,4.5,fanduel,680,True,2.3701838685470307,2.379620453522557,0.10209970397175061,0.10330250100869028,16.29889067695263,1778.7808333333335,,"fanduel@2.5,sgo_fair@2.5",1.0339203361349867,0.1282051282051282,0.10282138219391442,-0.02538374601121378,-0.19799321888746757,-0.0012027970369396651,873.0,1185.0,pass,2026-10-01T00:09:59+00:00,sgo_slate_alt_20261001T000957Z.json
SEA@CGY,Morgan Frost,CGY,f1,PP1,G,over,1.5,fanduel,2000,True,0.2914448504517623,0.31446103291311694,0.03505407911207389,0.04020380333808623,17.094019848734597,1845.4491666666668,,"fanduel@0.5,sgo_fair@0.5",1.0754488373749054,0.047619047619047616,0.03814391364768129,-0.009475133971366324,-0.19897781339869292,-0.005149724226012342,2522.0,7508.0,pass,2026-10-01T00:09:59+00:00,sgo_slate_alt_20261001T000957Z.json
EDM@VAN,Connor McDavid,EDM,f1,PP1,SOG,over,5.5,fanduel,370,True,3.4703017494226645,3.689619494817673,0.15237484749229085,0.1820143900716363,21.633797863857367,2572.545,,"fanduel@3.5,sgo_fair@3.5",1.0339203361349867,0.2127659574468085,0.17015857303989812,-0.04260738440691039,-0.2002547067124788,-0.02963954257934545,488.0,589.0,pass,2026-10-01T00:09:59+00:00,sgo_slate_alt_20261001T000957Z.json
PHI@NJD,Travis Konecny,PHI,f2,PP2,G,over,1.5,fanduel,2700,True,0.2535202656095008,0.2644033006363974,0.027188026834620595,0.02936325902031825,17.84048622674409,2230.1783333333337,,"fanduel@0.5,sgo_fair@0.5",1.0754488373749054,0.03571428571428571,0.028493166146039188,-0.007221119568246524,-0.20219134791090276,-0.0021752321856976543,3410.0,28527.0,pass,2026-10-01T00:09:59+00:00,sgo_slate_alt_20261001T000957Z.json
TBL@NYR,Nikita Kucherov,TBL,f1,PP1,SOG,over,5.5,fanduel,500,True,3.2443309770453563,3.3531966511209585,0.12408492526730633,0.13740579588208712,20.190939287675228,2289.2191666666668,,"fanduel@3.5,sgo_fair@3.5",1.0339203361349867,0.16666666666666666,0.1320774476361748,-0.03458921903049186,-0.20753531418295124,-0.013320870614780794,657.0,834.0,pass,2026-10-01T00:09:59+00:00,sgo_slate_alt_20261001T000957Z.json
EDM@VAN,Brock Boeser,VAN,f2,PP1,G,over,1.5,fanduel,1600,True,0.3308336089896838,0.3483350237358474,0.04402937120468636,0.04826106353165426,18.268851947691445,2056.795,,"fanduel@0.5,sgo_fair@0.5",1.0754488373749054,0.058823529411764705,0.0465683866008671,-0.012255142810897603,-0.2083374277852592,-0.004231692326967899,2047.0,4536.0,pass,2026-10-01T00:09:59+00:00,sgo_slate_alt_20261001T000957Z.json
FLA@SJS,Mason Marchment,SJS,f1,PP2,G,over,1.5,fanduel,2000,True,0.3137481970232608,0.29496932435959056,0.0400402535731152,0.0358248569785562,17.422308663932426,1609.2633333333333,,"fanduel@0.5,sgo_fair@0.5",1.0754488373749054,0.047619047619047616,0.0375110156163798,-0.010108032002667813,-0.21226867205602418,0.0042153965945590025,2566.0,7893.0,pass,2026-10-01T00:09:59+00:00,sgo_slate_alt_20261001T000957Z.json
PHI@NJD,Jack Hughes,NJD,f1,PP1,G,over,1.5,fanduel,950,True,0.4427951327112387,0.4521870066027491,0.0733810324633796,0.07606754075476622,20.883487378393436,1883.3825000000002,,"fanduel@0.5,sgo_fair@0.5",1.0754488373749054,0.09523809523809523,0.07499293743821157,-0.02024515779988366,-0.21257415689877845,-0.0026865082913866273,1233.0,1900.0,pass,2026-10-01T00:09:59+00:00,sgo_slate_alt_20261001T000957Z.json
FLA@SJS,Macklin Celebrini,SJS,f1,PP1,G,over,1.5,fanduel,800,True,0.45692757555243224,0.5123535535096525,0.07743528844482508,0.09397327121161807,19.39619168781531,2371.225,,"fanduel@0.5,sgo_fair@0.5",1.0754488373749054,0.1111111111111111,0.08735807810490087,-0.023753033006210234,-0.2137772970558922,-0.016537982766792983,1045.0,1504.0,pass,2026-10-01T00:09:59+00:00,sgo_slate_alt_20261001T000957Z.json
SEA@CGY,Morgan Frost,CGY,f1,PP1,SOG,under,1.5,fanduel,-102,False,2.1228785573333115,2.056520518714166,0.3867957354141315,0.40322669937101363,17.094019848734597,1845.4491666666668,,"fanduel@1.5,sgo_fair@2.0",1.0339203361349867,0.504950495049505,0.39665431378826077,-0.10829618126124418,-0.21446890798795415,-0.01643096395688215,152.0,169.0,pass,2026-10-01T00:09:59+00:00,sgo_slate_alt_20261001T000957Z.json
PHI@NJD,Timo Meier,NJD,f2,PP2,SOG,over,5.5,fanduel,550,True,3.053357840576966,3.3092692125873775,0.10222114014884413,0.13195942599992946,17.43850901718873,2068.695,,"fanduel@3.5,sgo_fair@3.5",1.0339203361349867,0.15384615384615385,0.12006411165949533,-0.03378204218665852,-0.21958327421328028,-0.02973828585108533,733.0,952.0,pass,2026-10-01T00:09:59+00:00,sgo_slate_alt_20261001T000957Z.json
EDM@VAN,Elias Pettersson,VAN,f1,PP1,SOG,over,1.5,fanduel,-176,False,1.2346806210620158,2.059136057093141,0.3475465339373695,0.5974316387503754,15.731030584118317,3186.044166666667,,"fanduel@1.5,sgo_fair@1.5",1.0339203361349867,0.6376811594202898,0.497477596825173,-0.1402035625951168,-0.21986467770597862,-0.2498851048130059,101.0,112.0,data-check,2026-10-01T00:09:59+00:00,sgo_slate_alt_20261001T000957Z.json
SEA@CGY,Matt Coronato,CGY,f1,PP1,G,over,1.5,fanduel,1700,True,0.31615594531319324,0.3344172390225196,0.040593696758031775,0.0448840837089078,17.373857393773008,1941.2683333333334,,"fanduel@0.5,sgo_fair@0.5",1.0754488373749054,0.05555555555555555,0.04316792892855739,-0.01238762662699816,-0.222977279285967,-0.004290386950876024,2217.0,5404.0,pass,2026-10-01T00:09:59+00:00,sgo_slate_alt_20261001T000957Z.json
CHI@UTA,Mikhail Sergachev,UTA,d1,PP1,SOG,under,1.5,fanduel,104,False,2.278508782488616,2.0719698795520674,0.3504486501058459,0.3993508129565795,25.18845048145616,2765.366666666667,,"fanduel@1.5,sgo_fair@2.0",1.0339203361349867,0.49019607843137253,0.37978994781628606,-0.11040613061508647,-0.22522850645477643,-0.048902162850733566,163.0,182.0,pass,2026-10-01T00:09:59+00:00,sgo_slate_alt_20261001T000957Z.json
FLA@SJS,Sam Reinhart,FLA,f1,PP1,G,over,2.5,fanduel,7500,True,0.48523328985918157,0.4010935077440568,0.01329287578488588,0.007985100167605107,19.766180361811095,2112.1575000000003,,"fanduel@0.5,sgo_fair@0.5",1.0754488373749054,0.013157894736842105,0.010108210414517416,-0.003049684322324688,-0.23177600849667634,0.005307775617280772,9793.0,,pass,2026-10-01T00:09:59+00:00,sgo_slate_alt_20261001T000957Z.json
FLA@SJS,Macklin Celebrini,SJS,f1,PP1,SOG,over,5.5,fanduel,350,True,3.2464269922189892,3.825720911258074,0.12433572426507095,0.20132841978581761,19.39619168781531,2371.225,,"fanduel@3.5,sgo_fair@3.5",1.0339203361349867,0.2222222222222222,0.17053134157751895,-0.05169088064470326,-0.23260896290116473,-0.07699269552074667,486.0,587.0,pass,2026-10-01T00:09:59+00:00,sgo_slate_alt_20261001T000957Z.json
PHI@NJD,Jack Hughes,NJD,f1,PP1,SOG,over,5.5,fanduel,260,True,3.6691284989552138,4.046120029657774,0.17916385324499157,0.2338311893573273,20.883487378393436,1883.3825000000002,,"fanduel@3.5,sgo_fair@3.5",1.0339203361349867,0.2777777777777778,0.211964254912393,-0.06581352286538478,-0.2369286823153851,-0.054667336112335735,372.0,435.0,pass,2026-10-01T00:09:59+00:00,sgo_slate_alt_20261001T000957Z.json
FLA@SJS,Will Smith,SJS,f1,PP1,SOG,over,4.5,fanduel,630,True,2.2407173421386437,2.472347202811251,0.08627598166249659,0.11546359042028351,17.42348445821675,1782.5283333333332,,"fanduel@2.5,sgo_fair@2.5",1.0339203361349867,0.136986301369863,0.10378854691716874,-0.03319775445269427,-0.2423436075046682,-0.02918760875778692,863.0,1169.0,pass,2026-10-01T00:09:59+00:00,sgo_slate_alt_20261001T000957Z.json
PHI@NJD,Nico Hischier,NJD,f2,PP1,SOG,over,4.5,fanduel,490,True,2.434830016367877,2.6493766281398368,0.1104694141127382,0.140303050624783,19.034673215391617,2386.8616666666667,,"fanduel@2.5,sgo_fair@2.5",1.0339203361349867,0.1694915254237288,0.12836959601996506,-0.041121929403763746,-0.24261938348220613,-0.029833636512044792,679.0,867.0,pass,2026-10-01T00:09:59+00:00,sgo_slate_alt_20261001T000957Z.json
TBL@NYR,J.T. Miller,NYR,f2,PP1,G,over,1.5,fanduel,2200,True,0.28148933517827596,0.28148933517827596,0.03291258601974127,0.03291258601974127,17.338376745483124,1975.7875,,"fanduel@0.5,sgo_fair@0.5",1.0754488373749054,0.043478260869565216,0.03291258601974127,-0.010565674849823944,-0.2430105215459507,0.0,2938.0,12538.0,pass,2026-10-01T00:09:59+00:00,sgo_slate_alt_20261001T000957Z.json
BUF@CBJ,Jack Quinn,BUF,f2,PP1,G,over,1.5,fanduel,2200,True,0.25864388550082423,0.294529047801944,0.02820366220424067,0.03572821402117065,16.29889067695263,1778.7808333333335,,"fanduel@0.5,sgo_fair@0.5",1.0754488373749054,0.043478260869565216,0.03271839329439866,-0.01075986757516656,-0.24747695422883087,-0.007524551816929979,2956.0,12856.0,pass,2026-10-01T00:09:59+00:00,sgo_slate_alt_20261001T000957Z.json
EDM@VAN,Connor McDavid,EDM,f1,PP1,SOG,over,6.5,fanduel,750,True,3.4703017494226645,3.689619494817673,0.07688588750971351,0.09623423538428057,21.633797863857367,2572.545,,"fanduel@3.5,sgo_fair@3.5",1.0339203361349867,0.11764705882352941,0.08849489623445374,-0.029152162589075672,-0.24779338200714318,-0.01934834787456706,1030.0,1475.0,pass,2026-10-01T00:09:59+00:00,sgo_slate_alt_20261001T000957Z.json
EDM@VAN,Vasily Podkolzin,EDM,f2,PP1,G,over,1.5,fanduel,1800,True,0.2630593180445822,0.3405981350182013,0.029090977562714608,0.046372601306125326,16.202147733885372,1766.9241666666667,,"fanduel@0.5,sgo_fair@0.5",1.0754488373749054,0.05263157894736842,0.03945995180876104,-0.01317162713860738,-0.25026091563354025,-0.017281623743410718,2434.0,6816.0,pass,2026-10-01T00:09:59+00:00,sgo_slate_alt_20261001T000957Z.json
TBL@NYR,Alexis Lafrenière,NYR,f1,PP1,SOG,over,3.5,fanduel,365,True,1.8220657375484792,2.195693090253882,0.11963717737391795,0.1868994829459482,18.323826239617773,0.0,no NHL data: 85% of positional prior,"fanduel@1.5,fanduel@2.5,sgo_fair@2.5",1.0339203361349867,0.21505376344086022,0.15999456071713608,-0.05505920272372414,-0.25602529266531715,-0.06726230557203024,525.0,641.0,pass,2026-10-01T00:09:59+00:00,sgo_slate_alt_20261001T000957Z.json
CHI@UTA,Bowen Byram,CHI,d1,PP1,PTS,over,1.5,fanduel,680,True,0.4950627376672371,0.5302168130806418,0.0887104245108841,0.09950204003896447,22.651848045054024,2694.625,,sgo_fair@0.5,1.088912284783392,0.1282051282051282,0.09518539382773232,-0.033019734377395873,-0.25755392814368794,-0.010791615528080375,951.0,1325.0,pass,2026-10-01T00:09:59+00:00,sgo_slate_alt_20261001T000957Z.json
EDM@VAN,Zeev Buium,VAN,d1,PP1,SOG,over,2.5,fanduel,260,True,1.1910821557046092,1.7617865910128045,0.12301479632274769,0.26139886843761145,21.700184785009142,1510.5833333333333,,sgo_fair@1.5,1.0339203361349867,0.2777777777777778,0.20604523959166596,-0.07173253818611183,-0.25823713747000254,-0.13838407211486375,385.0,452.0,data-check,2026-10-01T00:09:59+00:00,sgo_slate_alt_20261001T000957Z.json
BUF@CBJ,Kent Johnson,CBJ,f1,PP1,SOG,over,3.5,fanduel,410,True,1.67650112369811,2.1475474210873546,0.09662821634833965,0.1776851043897013,13.607374230517582,1535.4758333333334,,"fanduel@1.5,sgo_fair@1.5",1.0339203361349867,0.19607843137254902,0.14526234917315664,-0.050816082199392376,-0.2591620192169012,-0.08105688804136166,588.0,732.0,pass,2026-10-01T00:09:59+00:00,sgo_slate_alt_20261001T000957Z.json
FLA@SJS,Brady Tkachuk,FLA,f1,PP1,G,over,2.5,fanduel,5500,True,0.514884709945396,0.4616479970043424,0.01554141793972198,0.01164644099658352,18.336324644557457,1625.061666666667,,"fanduel@0.5,sgo_fair@0.5",1.0754488373749054,0.017857142857142856,0.013204431773838905,-0.004652711083303951,-0.26055182066502125,0.003894976943138461,7473.0,,pass,2026-10-01T00:09:59+00:00,sgo_slate_alt_20261001T000957Z.json
CHI@UTA,Clayton Keller,UTA,f1,PP1,G,over,2.5,fanduel,10000,True,0.41369167312995864,0.36955126871352584,0.008680740076997229,0.006392006703512234,20.237852932226836,2261.8883333333333,,"fanduel@0.5,sgo_fair@0.5",1.0754488373749054,0.009900990099009901,0.007307500052906232,-0.002593490046103669,-0.26194249465647057,0.002288733373484995,13585.0,,pass,2026-10-01T00:09:59+00:00,sgo_slate_alt_20261001T000957Z.json
MIN@NSH,Kirill Kaprizov,MIN,f2,PP1,G,over,2.5,fanduel,4500,True,0.549370675235488,0.4976653732997299,0.018409263464767834,0.014211294824183976,21.14032768555998,2141.9675,,"fanduel@0.5,sgo_fair@0.5",1.0754488373749054,0.021739130434782608,0.01589048228041752,-0.005848648154365088,-0.26903781510079405,0.004197968640583858,6193.0,,pass,2026-10-01T00:09:59+00:00,sgo_slate_alt_20261001T000957Z.json
CHI@UTA,Logan Cooley,UTA,f2,PP1,G,over,2.5,fanduel,10000,True,0.4219712063477633,0.3599134327260352,0.009156644537327792,0.0059468577289075175,19.23056871640399,1538.5200000000002,,"fanduel@0.5,sgo_fair@0.5",1.0754488373749054,0.009900990099009901,0.007230772452275627,-0.0026702176467342737,-0.26969198232016167,0.0032097868084202744,13730.0,,pass,2026-10-01T00:09:59+00:00,sgo_slate_alt_20261001T000957Z.json
MIN@NSH,Steven Stamkos,NSH,f1,PP1,G,over,2.5,fanduel,10000,True,0.4205937563535012,0.35992544204771953,0.009076433878469065,0.005947400464195036,18.34647335976343,2126.0425,,"fanduel@0.5,sgo_fair@0.5",1.0754488373749054,0.009900990099009901,0.007199013829904647,-0.0027019762691052537,-0.2728996031796306,0.003129033414274029,13791.0,,pass,2026-10-01T00:09:59+00:00,sgo_slate_alt_20261001T000957Z.json
MIN@NSH,Quinn Hughes,MIN,d1,PP1,G,over,1.5,fanduel,4000,True,0.16434354901495485,0.22263197906889895,0.012112148249092262,0.021393917065546938,27.76691338944863,2839.8958333333335,,"fanduel@0.5,sgo_fair@0.5",1.0754488373749054,0.024390243902439025,0.01768120953896507,-0.006709034363473955,-0.27507040890243206,-0.009281768816454676,5556.0,,pass,2026-10-01T00:09:59+00:00,sgo_slate_alt_20261001T000957Z.json
BUF@CBJ,Tage Thompson,BUF,f1,PP1,G,over,2.5,fanduel,7000,True,0.46110221835625353,0.42396556075064523,0.011609820670203976,0.009273512510615974,19.217381242661318,2200.2008333333333,,"fanduel@0.5,sgo_fair@0.5",1.0754488373749054,0.014084507042253521,0.010208035774451174,-0.0038764712678023474,-0.27522946001396664,0.0023363081595880013,9696.0,,pass,2026-10-01T00:09:59+00:00,sgo_slate_alt_20261001T000957Z.json
EDM@VAN,Brock Boeser,VAN,f2,PP1,SOG,over,4.5,fanduel,670,True,2.1627106415591935,2.3939398252676685,0.07737423123830772,0.10514013843152457,18.268851947691445,2056.795,,"fanduel@2.5,sgo_fair@2.5",1.0339203361349867,0.12987012987012986,0.09403377555423784,-0.03583635431589202,-0.2759399282323687,-0.02776590719321685,963.0,1349.0,pass,2026-10-01T00:09:59+00:00,sgo_slate_alt_20261001T000957Z.json
TBL@NYR,Nikita Kucherov,TBL,f1,PP1,G,over,2.5,fanduel,6500,True,0.49191367798092117,0.4201029539588546,0.013782032116879332,0.009047953849736052,20.190939287675228,2289.2191666666668,,"fanduel@0.5,sgo_fair@0.5",1.0754488373749054,0.015151515151515152,0.010941585156593363,-0.0042099299949217885,-0.277855379664838,0.004734078267143281,9039.0,,pass,2026-10-01T00:09:59+00:00,sgo_slate_alt_20261001T000957Z.json
FLA@SJS,Macklin Celebrini,SJS,f1,PP1,SOG,over,6.5,fanduel,700,True,3.2464269922189892,3.825720911258074,0.05956443726720794,0.10937514949356338,19.39619168781531,2371.225,,"fanduel@3.5,sgo_fair@3.5",1.0339203361349867,0.125,0.0894508646030212,-0.03554913539697881,-0.28439308317583045,-0.049810712226355434,1018.0,1452.0,pass,2026-10-01T00:09:59+00:00,sgo_slate_alt_20261001T000957Z.json
CHI@UTA,Tyler Bertuzzi,CHI,f1,PP1,G,over,2.5,fanduel,15000,True,0.3818172168653176,0.28880630061132745,0.006986534015021571,0.0032380877586112573,17.963110816503743,2048.971666666667,,"fanduel@0.5,sgo_fair@0.5",1.0754488373749054,0.006622516556291391,0.004737466261175383,-0.0018850502951160081,-0.2846425945625173,0.0037484462564103135,21008.0,,pass,2026-10-01T00:09:59+00:00,sgo_slate_alt_20261001T000957Z.json
EDM@VAN,Elias Pettersson,VAN,f1,PP1,SOG,over,2.5,fanduel,178,True,1.2346806210620158,2.059136057093141,0.1325751335265336,0.33845996241130305,15.731030584118317,3186.044166666667,,"fanduel@1.5,sgo_fair@1.5",1.0339203361349867,0.3597122302158273,0.25610603085739525,-0.10360619935843207,-0.2880252342164411,-0.20588482888476944,290.0,333.0,data-check,2026-10-01T00:09:59+00:00,sgo_slate_alt_20261001T000957Z.json
TBL@NYR,Pavel Dorofeyev,NYR,f2,PP1,G,over,2.5,fanduel,10000,True,0.4000660172897745,0.36955126871352584,0.007929872551711563,0.006392006703512234,16.81961555651354,2069.2158333333336,,"fanduel@0.5,sgo_fair@0.5",1.0754488373749054,0.009900990099009901,0.007007153042791966,-0.0028938370562179355,-0.2922775426780114,0.0015378658481993287,14171.0,,pass,2026-10-01T00:09:59+00:00,sgo_slate_alt_20261001T000957Z.json
PHI@NJD,Jack Hughes,NJD,f1,PP1,SOG,over,6.5,fanduel,500,True,3.6691284989552138,4.046120029657774,0.09432958689598071,0.1323820394052423,20.883487378393436,1883.3825000000002,,"fanduel@3.5,sgo_fair@3.5",1.0339203361349867,0.16666666666666666,0.11716105840153766,-0.049505608265128995,-0.29703364959077405,-0.03805245250926158,754.0,985.0,pass,2026-10-01T00:09:59+00:00,sgo_slate_alt_20261001T000957Z.json
PHI@NJD,Travis Konecny,PHI,f2,PP2,A,over,1.5,fanduel,750,True,0.3959343867700461,0.5189557498492411,0.06046516672179356,0.09600609219498621,17.84048622674409,2230.1783333333337,,sgo_fair@0.5,0.9471386184492271,0.11764705882352941,0.08178972200570915,-0.03585733681782026,-0.30478736295147224,-0.035540925473192646,1123.0,1661.0,pass,2026-10-01T00:09:59+00:00,sgo_slate_alt_20261001T000957Z.json
CHI@UTA,Nick Schmaltz,UTA,f1,PP1,G,over,2.5,fanduel,10000,True,0.43375754861998245,0.335171369854125,0.009859957547542575,0.004891127963067118,20.83611851350571,2303.2216666666664,,"fanduel@0.5,sgo_fair@0.5",1.0754488373749054,0.009900990099009901,0.006878659796857301,-0.0030223303021526,-0.30525536051741253,0.004968829584475457,14438.0,,pass,2026-10-01T00:09:59+00:00,sgo_slate_alt_20261001T000957Z.json
TBL@NYR,Alexis Lafrenière,NYR,f1,PP1,G,over,1.5,fanduel,2200,True,0.22409402336960388,0.2933847911160561,0.021655112837126782,0.035477520482511675,18.323826239617773,0.0,no NHL data: 85% of positional prior,"fanduel@0.5,sgo_fair@0.5",1.0754488373749054,0.043478260869565216,0.029948557424357716,-0.0135297034452075,-0.31118317923977257,-0.013822407645384893,3239.0,20108.0,pass,2026-10-01T00:09:59+00:00,sgo_slate_alt_20261001T000957Z.json
EDM@VAN,Connor McDavid,EDM,f1,PP1,G,over,2.5,fanduel,3000,True,0.5526302479380347,0.6117797364761964,0.018694456033485456,0.024294950723461686,21.633797863857367,2572.545,,"fanduel@0.5,sgo_fair@0.5",1.0754488373749054,0.03225806451612903,0.022054752847471194,-0.010203311668657837,-0.31630266172839294,-0.00560049468997623,4434.0,,pass,2026-10-01T00:09:59+00:00,sgo_slate_alt_20261001T000957Z.json
SEA@CGY,Bobby McMann,SEA,f2,PP1,G,over,2.5,fanduel,17500,True,0.3117800644735523,0.3046372843393894,0.00400539903973261,0.0037561221287719325,16.598452352257077,1725.3875,,"fanduel@0.5,sgo_fair@0.5",1.0754488373749054,0.005681818181818182,0.0038558328931562035,-0.0018259852886619785,-0.3213734108045082,0.00024927691096067765,25835.0,,pass,2026-10-01T00:09:59+00:00,sgo_slate_alt_20261001T000957Z.json
CHI@UTA,Dylan Guenther,UTA,f2,PP1,G,over,2.5,fanduel,6000,True,0.49332862787564896,0.42276088628719943,0.01388693672611694,0.009202815389913093,18.667151628483552,1909.7266666666667,,"fanduel@0.5,sgo_fair@0.5",1.0754488373749054,0.01639344262295082,0.011076463924394632,-0.005316978698556189,-0.3243357006119274,0.004684121336203847,8928.0,,pass,2026-10-01T00:09:59+00:00,sgo_slate_alt_20261001T000957Z.json
SEA@CGY,Matty Beniers,SEA,f1,PP2,G,over,1.5,fanduel,2200,True,0.23979177250489897,0.27883860660339826,0.02454215382849471,0.03235140484100377,18.137546517651973,2270.2633333333333,,"fanduel@0.5,sgo_fair@0.5",1.0754488373749054,0.043478260869565216,0.029227704436000146,-0.01425055643356507,-0.3277627979719966,-0.007809251012509056,3321.0,23553.0,pass,2026-10-01T00:09:59+00:00,sgo_slate_alt_20261001T000957Z.json
TBL@NYR,Jake Guentzel,TBL,f2,PP1,G,over,2.5,fanduel,8000,True,0.4674539477999684,0.3556132234767708,0.012040135352911764,0.005754425229833754,19.785716260203337,2359.6541666666667,,"fanduel@0.5,sgo_fair@0.5",1.0754488373749054,0.012345679012345678,0.008268709279064958,-0.004076969733280721,-0.3302345483957384,0.00628571012307801,11994.0,,pass,2026-10-01T00:09:59+00:00,sgo_slate_alt_20261001T000957Z.json
CHI@UTA,Patrick Kane,CHI,f1,PP1,PTS,over,2.5,fanduel,1200,True,0.8514434986536538,0.8109302162163293,0.055101830748465065,0.04900705599881802,18.591130609932456,1789.7158333333334,,sgo_fair@0.5,1.088912284783392,0.07692307692307693,0.05144496589867684,-0.02547811102440009,-0.3312154433172011,0.006094774749647043,1844.0,3681.0,pass,2026-10-01T00:09:59+00:00,sgo_slate_alt_20261001T000957Z.json
PHI@NJD,Trevor Zegras,PHI,f1,PP1,A,over,1.5,fanduel,680,True,0.38893539230980045,0.5419896188008211,0.058610066731894,0.1031943221200265,18.20542805617276,1953.2883333333334,,sgo_fair@0.5,0.9471386184492271,0.1282051282051282,0.0853606199647735,-0.0428445082403547,-0.3341871642747668,-0.044584255388132495,1072.0,1557.0,pass,2026-10-01T00:09:59+00:00,sgo_slate_alt_20261001T000957Z.json
BUF@CBJ,Josh Doan,BUF,f1,PP1,G,over,2.5,fanduel,15000,True,0.3373779842543059,0.3111559839716327,0.004980261910977561,0.00398322888255753,16.928142229241978,1611.3025,,"fanduel@0.5,sgo_fair@0.5",1.0754488373749054,0.006622516556291391,0.004382042093925542,-0.002240474462365849,-0.3383116438172432,0.0009970330284200316,22720.0,,pass,2026-10-01T00:09:59+00:00,sgo_slate_alt_20261001T000957Z.json
CHI@UTA,Clayton Keller,UTA,f1,PP1,A,over,2.5,fanduel,1800,True,0.8052583772065751,0.6099482367049713,0.048181651992451606,0.024109439133643454,20.237852932226836,2261.8883333333333,,sgo_fair@0.5,0.9471386184492271,0.05263157894736842,0.03373832427716672,-0.018893254670201698,-0.3589718387338323,0.024072212858808152,2864.0,11344.0,pass,2026-10-01T00:09:59+00:00,sgo_slate_alt_20261001T000957Z.json
FLA@SJS,Aleksander Barkov,FLA,f1,PP1,G,over,2.5,fanduel,12500,True,0.3561246805222109,0.3265432347953142,0.00577711381803499,0.004551902409252851,20.354723500204337,631.3108333333333,,"fanduel@0.5,sgo_fair@0.5",1.0754488373749054,0.007936507936507936,0.0050419869727657066,-0.0028945209637422295,-0.36470964143152096,0.0012252114087821387,19733.0,,pass,2026-10-01T00:09:59+00:00,sgo_slate_alt_20261001T000957Z.json
PHI@NJD,Jack Hughes,NJD,f1,PP1,A,over,2.5,fanduel,1700,True,0.7064503533534454,0.7080357930536963,0.034931053039171746,0.035126534395919236,20.883487378393436,1883.3825000000002,,sgo_fair@0.5,0.9471386184492271,0.05555555555555555,0.03504834185322024,-0.02050721370233531,-0.36912984664203563,-0.00019548135674749,2753.0,9852.0,pass,2026-10-01T00:09:59+00:00,sgo_slate_alt_20261001T000957Z.json
PHI@NJD,Jack Hughes,NJD,f1,PP1,SOG,over,7.5,fanduel,950,True,3.6691284989552138,4.046120029657774,0.045859623735530944,0.06938100565685155,20.883487378393436,1883.3825000000002,,"fanduel@3.5,sgo_fair@3.5",1.0339203361349867,0.09523809523809523,0.05997245288832331,-0.03526564234977192,-0.37028924467260516,-0.02352138192132061,1567.0,2759.0,pass,2026-10-01T00:09:59+00:00,sgo_slate_alt_20261001T000957Z.json
PHI@NJD,Nico Hischier,NJD,f2,PP1,A,over,1.5,fanduel,630,True,0.4075475168627815,0.536037043112488,0.06358701510879969,0.10132272581385673,19.034673215391617,2386.8616666666667,,sgo_fair@0.5,0.9471386184492271,0.136986301369863,0.08622844153183391,-0.05075785983802909,-0.3705323768176124,-0.037735710705057046,1060.0,1533.0,pass,2026-10-01T00:09:59+00:00,sgo_slate_alt_20261001T000957Z.json
PHI@NJD,Jesper Bratt,NJD,f1,PP1,G,over,2.5,fanduel,17500,True,0.2996470382275731,0.29908354790019614,0.0035877383249322907,0.003569020872842676,18.40471199059038,2229.26,,"fanduel@0.5,sgo_fair@0.5",1.0754488373749054,0.005681818181818182,0.0035765078536785216,-0.0021053103281396604,-0.37053461775258023,1.8717452089614568e-05,27860.0,,pass,2026-10-01T00:09:59+00:00,sgo_slate_alt_20261001T000957Z.json
FLA@SJS,Matthew Tkachuk,FLA,f2,PP1,G,over,2.5,fanduel,7000,True,0.4584233159536768,0.38180172783577376,0.011431039289042178,0.006985763342520623,17.381914833785785,1013.015,,"fanduel@0.5,sgo_fair@0.5",1.0754488373749054,0.014084507042253521,0.008763873721129245,-0.0053206333211242764,-0.37776496579982366,0.004445275946521555,11310.0,,pass,2026-10-01T00:09:59+00:00,sgo_slate_alt_20261001T000957Z.json
PHI@NJD,Nico Hischier,NJD,f2,PP1,G,over,2.5,fanduel,10000,True,0.3946572147295233,0.34193494898247545,0.007642878491800512,0.005167423611247268,19.034673215391617,2386.8616666666667,,"fanduel@0.5,sgo_fair@0.5",1.0754488373749054,0.009900990099009901,0.006157605563468565,-0.003743384535541336,-0.3780818380896749,0.0024754548805532442,16140.0,,pass,2026-10-01T00:09:59+00:00,sgo_slate_alt_20261001T000957Z.json
MIN@NSH,Filip Forsberg,NSH,f2,PP1,G,over,2.5,fanduel,8000,True,0.41711985280540637,0.37514766394221016,0.008875980982737711,0.006659352394634551,18.093543374480483,2236.0841666666665,,"fanduel@0.5,sgo_fair@0.5",1.0754488373749054,0.012345679012345678,0.007546003829875815,-0.004799675182469864,-0.388773689780059,0.00221662858810316,13152.0,,pass,2026-10-01T00:09:59+00:00,sgo_slate_alt_20261001T000957Z.json
PHI@NJD,Porter Martone,PHI,f1,PP1,G,over,2.5,fanduel,15000,True,0.3452604460248289,0.287449727659089,0.0053066449278730094,0.0031958741871896124,17.174337859550526,153.36666666666667,,"fanduel@0.5,sgo_fair@0.5",1.0754488373749054,0.006622516556291391,0.004040182483462971,-0.00258233407282842,-0.38993244499709145,0.002110770740683397,24651.0,,pass,2026-10-01T00:09:59+00:00,sgo_slate_alt_20261001T000957Z.json
TBL@NYR,J.T. Miller,NYR,f2,PP1,G,over,2.5,fanduel,20000,True,0.28148933517827596,0.28148933517827596,0.003014414431740967,0.003014414431740967,17.338376745483124,1975.7875,,"fanduel@0.5,sgo_fair@0.5",1.0754488373749054,0.004975124378109453,0.003014414431740967,-0.0019607099463684855,-0.3941026992200656,0.0,33074.0,,pass,2026-10-01T00:09:59+00:00,sgo_slate_alt_20261001T000957Z.json
PHI@NJD,Jack Hughes,NJD,f1,PP1,G,over,2.5,fanduel,5500,True,0.4427951327112387,0.4521870066027491,0.010419948217055415,0.01102105464272965,20.883487378393436,1883.3825000000002,,"fanduel@0.5,sgo_fair@0.5",1.0754488373749054,0.017857142857142856,0.010780612072459957,-0.0070765307846828995,-0.3962857239422424,-0.0006011064256742343,9176.0,,pass,2026-10-01T00:09:59+00:00,sgo_slate_alt_20261001T000957Z.json
EDM@VAN,Elias Pettersson,VAN,f1,PP1,SOG,over,3.5,fanduel,430,True,1.2346806210620158,2.059136057093141,0.04121486281504215,0.16114023140591466,15.731030584118317,3186.044166666667,,"fanduel@1.5,sgo_fair@1.5",1.0339203361349867,0.18867924528301888,0.11317008396956565,-0.07550916131345323,-0.4001985549613021,-0.11992536859087251,784.0,1034.0,pass,2026-10-01T00:09:59+00:00,sgo_slate_alt_20261001T000957Z.json
EDM@VAN,Leon Draisaitl,EDM,f2,PP1,G,over,2.5,fanduel,2700,True,0.4972319995405812,0.6285638678438992,0.014178689390862526,0.026030969594309502,19.783724438571554,2111.1133333333332,,"fanduel@0.5,sgo_fair@0.5",1.0754488373749054,0.03571428571428571,0.02129005751293071,-0.014424228201355003,-0.4038783896379401,-0.011852280203446976,4597.0,,pass,2026-10-01T00:09:59+00:00,sgo_slate_alt_20261001T000957Z.json
PHI@NJD,Anthony Mantha,NJD,f1,PP2,G,over,2.5,fanduel,22500,True,0.27411589033220213,0.2644033006363974,0.0027988995499330805,0.002529911549658284,15.374747258923755,1311.4966666666667,,"fanduel@0.5,sgo_fair@0.5",1.0754488373749054,0.004424778761061947,0.002637506749768203,-0.001787272011293744,-0.4039234745523862,0.00026898800027479663,37815.0,,pass,2026-10-01T00:09:59+00:00,sgo_slate_alt_20261001T000957Z.json
PHI@NJD,Trevor Zegras,PHI,f1,PP1,PTS,over,2.5,fanduel,1300,True,0.7327838145818083,0.7793248768009975,0.038251116725925224,0.04449609697181523,18.20542805617276,1953.2883333333334,,sgo_fair@0.5,1.088912284783392,0.07142857142857142,0.04199810487345923,-0.029430466555112195,-0.4120265317715708,-0.006244980245890007,2281.0,5783.0,pass,2026-10-01T00:09:59+00:00,sgo_slate_alt_20261001T000957Z.json
BUF@CBJ,Zach Benson,BUF,f2,PP1,G,over,2.5,fanduel,20000,True,0.2779876605570674,0.2778129259261888,0.002910837246680691,0.002905727063780882,17.654666812253005,1532.8558333333335,,"fanduel@0.5,sgo_fair@0.5",1.0754488373749054,0.004975124378109453,0.002907771136940806,-0.0020673532411686468,-0.41553800147489806,5.110182899809024e-06,34291.0,,pass,2026-10-01T00:09:59+00:00,sgo_slate_alt_20261001T000957Z.json
PHI@NJD,Travis Konecny,PHI,f2,PP2,PTS,over,2.5,fanduel,1300,True,0.7274490774981806,0.7793248768009975,0.03756597349826957,0.04449609697181523,17.84048622674409,2230.1783333333337,,sgo_fair@0.5,1.088912284783392,0.07142857142857142,0.041724047582396964,-0.02970452384617446,-0.4158633338464425,-0.006930123473545664,2297.0,5879.0,pass,2026-10-01T00:09:59+00:00,sgo_slate_alt_20261001T000957Z.json
PHI@NJD,Owen Tippett,PHI,f1,PP2,G,over,2.5,fanduel,20000,True,0.28981311971843327,0.26875316806450833,0.0032696379549317024,0.002648304756580236,17.390145884502914,1918.3983333333333,,"fanduel@0.5,sgo_fair@0.5",1.0754488373749054,0.004975124378109453,0.0028968380359208224,-0.0020782863421886302,-0.41773555477991464,0.0006213331983514663,34420.0,,pass,2026-10-01T00:09:59+00:00,sgo_slate_alt_20261001T000957Z.json
FLA@SJS,Carter Verhaeghe,FLA,f2,PP2,G,over,2.5,fanduel,15000,True,0.3255489979807266,0.2933847911160561,0.004513759131231612,0.0033830805374646575,18.096277014470513,2026.48,,"fanduel@0.5,sgo_fair@0.5",1.0754488373749054,0.006622516556291391,0.0038353519749714394,-0.0027871645813199513,-0.4208618517793127,0.0011306785937669549,25973.0,,pass,2026-10-01T00:09:59+00:00,sgo_slate_alt_20261001T000957Z.json
CHI@UTA,Tyler Bertuzzi,CHI,f1,PP1,PTS,over,2.5,fanduel,1700,True,0.6836245535783501,0.6832948841169335,0.03217964060279894,0.032140767269275713,17.963110816503743,2048.971666666667,,sgo_fair@0.5,1.088912284783392,0.05555555555555555,0.032156316602685,-0.02339923895287055,-0.4211863011516699,3.8873333523224696e-05,3010.0,13874.0,pass,2026-10-01T00:09:59+00:00,sgo_slate_alt_20261001T000957Z.json
TBL@NYR,Mika Zibanejad,NYR,f1,PP1,G,over,2.5,fanduel,10000,True,0.35379175335388935,0.3556132234767708,0.005674058641780608,0.005754425229833754,19.469888763773874,2403.5491666666667,,"fanduel@0.5,sgo_fair@0.5",1.0754488373749054,0.009900990099009901,0.0057222785946124954,-0.004178711504397406,-0.42204986194413796,-8.036658805314623e-05,17376.0,,pass,2026-10-01T00:09:59+00:00,sgo_slate_alt_20261001T000957Z.json
BUF@CBJ,Kent Johnson,CBJ,f1,PP1,G,over,1.5,fanduel,2200,True,0.193037777510088,0.27193371548364176,0.016399016673895813,0.030907645345796757,13.607374230517582,1535.4758333333334,,sgo_fair@0.5,1.0754488373749054,0.043478260869565216,0.025104193877036378,-0.01837406699252884,-0.4226035408281633,-0.014508628671900944,3883.0,959649.0,pass,2026-10-01T00:09:59+00:00,sgo_slate_alt_20261001T000957Z.json
TBL@NYR,Brayden Point,TBL,f1,PP1,G,over,2.5,fanduel,10000,True,0.37155677359400907,0.34193494898247545,0.006487060084506502,0.005167423611247268,18.437465313914522,1825.2050000000002,,"fanduel@0.5,sgo_fair@0.5",1.0754488373749054,0.009900990099009901,0.005695278200550961,-0.00420571189845894,-0.4247769017443529,0.0013196364732592338,17458.0,,pass,2026-10-01T00:09:59+00:00,sgo_slate_alt_20261001T000957Z.json
MIN@NSH,Matt Boldy,MIN,f1,PP1,G,over,2.5,fanduel,5000,True,0.49175112700057916,0.4288910849417152,0.013770009644891177,0.009565874041473224,21.075739809162464,2311.885,,"fanduel@0.5,sgo_fair@0.5",1.0754488373749054,0.0196078431372549,0.011247528282840405,-0.008360314854414496,-0.4263760575751393,0.004204135603417952,8791.0,,pass,2026-10-01T00:09:59+00:00,sgo_slate_alt_20261001T000957Z.json
FLA@SJS,Macklin Celebrini,SJS,f1,PP1,G,over,2.5,fanduel,4000,True,0.45692757555243224,0.5123535535096525,0.011331916021969882,0.015341657487070288,19.39619168781531,2371.225,,"fanduel@0.5,sgo_fair@0.5",1.0754488373749054,0.024390243902439025,0.013737760901030127,-0.010652483001408898,-0.43675180305776484,-0.004009741465100407,7179.0,,pass,2026-10-01T00:09:59+00:00,sgo_slate_alt_20261001T000957Z.json
PHI@NJD,Porter Martone,PHI,f1,PP1,PTS,over,2.5,fanduel,1500,True,0.7503876398887702,0.6737290947028436,0.040556955537927396,0.031023567217403705,17.174337859550526,153.36666666666667,,sgo_fair@0.5,1.088912284783392,0.0625,0.034836922545613186,-0.027663077454386814,-0.442609239270189,0.009533388320523691,2771.0,10066.0,pass,2026-10-01T00:09:59+00:00,sgo_slate_alt_20261001T000957Z.json
FLA@SJS,Mason Marchment,SJS,f1,PP2,G,over,2.5,fanduel,15000,True,0.3137481970232608,0.29496932435959056,0.004075807865182628,0.0034341698388728127,17.422308663932426,1609.2633333333333,,"fanduel@0.5,sgo_fair@0.5",1.0754488373749054,0.006622516556291391,0.003690825049396739,-0.002931691506894652,-0.4426854175410925,0.0006416380263098149,26994.0,,pass,2026-10-01T00:09:59+00:00,sgo_slate_alt_20261001T000957Z.json
PHI@NJD,Timo Meier,NJD,f2,PP2,G,over,2.5,fanduel,10000,True,0.35868335920345806,0.34193494898247545,0.005891424462844634,0.005167423611247268,17.43850901718873,2068.695,,"fanduel@0.5,sgo_fair@0.5",1.0754488373749054,0.009900990099009901,0.005457023951886214,-0.004443966147123687,-0.4488405808594924,0.0007240008515973662,18225.0,,pass,2026-10-01T00:09:59+00:00,sgo_slate_alt_20261001T000957Z.json
MIN@NSH,Ryan O'Reilly,NSH,f1,PP1,G,over,2.5,fanduel,12500,True,0.3430297345642458,0.3046372843393894,0.005213010230875679,0.0037561221287719325,20.11476088894485,2327.0208333333335,,"fanduel@0.5,sgo_fair@0.5",1.0754488373749054,0.007936507936507936,0.0043388773696134315,-0.0035976305668945045,-0.4533014514287076,0.0014568881021037468,22947.0,,pass,2026-10-01T00:09:59+00:00,sgo_slate_alt_20261001T000957Z.json
MIN@NSH,Joel Eriksson Ek,MIN,f1,PP1,G,over,2.5,fanduel,8000,True,0.39627532108105135,0.36167015429661054,0.007728080006146124,0.006026564762992483,20.472082233759373,1744.6958333333334,,"fanduel@0.5,sgo_fair@0.5",1.0754488373749054,0.012345679012345678,0.006707170860253939,-0.005638508152091739,-0.45671916031943094,0.0017015152431536411,14809.0,,pass,2026-10-01T00:09:59+00:00,sgo_slate_alt_20261001T000957Z.json
BUF@CBJ,Josh Norris,BUF,f1,PP2,G,over,2.5,fanduel,25000,True,0.2635632925073061,0.24033820762635671,0.0025074334244565752,0.0019342414372129713,17.365948593963743,1158.9466666666667,,"fanduel@0.5,sgo_fair@0.5",1.0754488373749054,0.00398406374501992,0.002163518232110413,-0.0018205455129095072,-0.4569569237402863,0.000573191987243604,46121.0,,pass,2026-10-01T00:09:59+00:00,sgo_slate_alt_20261001T000957Z.json
FLA@SJS,Sam Bennett,FLA,f2,PP2,G,over,2.5,fanduel,10000,True,0.38151749363272885,0.31958703602869093,0.006971629960732723,0.004289103487154785,17.718155050618147,2021.4766666666667,,"fanduel@0.5,sgo_fair@0.5",1.0754488373749054,0.009900990099009901,0.005362114076585961,-0.00453887602242394,-0.45842647826481797,0.0026825264735779383,18549.0,,pass,2026-10-01T00:09:59+00:00,sgo_slate_alt_20261001T000957Z.json
SEA@CGY,Jared McCann,SEA,f1,PP1,G,over,2.5,fanduel,10000,True,0.32377434610276196,0.3599134327260352,0.004446159102140077,0.0059468577289075175,16.343716667313814,1489.6441666666665,,"fanduel@0.5,sgo_fair@0.5",1.0754488373749054,0.009900990099009901,0.005346578278200541,-0.00455441182080936,-0.4599955939017454,-0.0015006986267674409,18604.0,,pass,2026-10-01T00:09:59+00:00,sgo_slate_alt_20261001T000957Z.json
BUF@CBJ,Jack Quinn,BUF,f2,PP1,G,over,2.5,fanduel,17500,True,0.25864388550082423,0.294529047801944,0.0023782760610548885,0.003419927120490224,16.29889067695263,1778.7808333333335,,"fanduel@0.5,sgo_fair@0.5",1.0754488373749054,0.005681818181818182,0.0030032666967160894,-0.0026785514851020925,-0.47142506137796825,-0.0010416510594353353,33197.0,,pass,2026-10-01T00:09:59+00:00,sgo_slate_alt_20261001T000957Z.json
EDM@VAN,Brock Boeser,VAN,f2,PP1,G,over,2.5,fanduel,10000,True,0.3308336089896838,0.3483350237358474,0.004718738062639974,0.005437351276731224,18.268851947691445,2056.795,,"fanduel@0.5,sgo_fair@0.5",1.0754488373749054,0.009900990099009901,0.005149905991094723,-0.004751084107915178,-0.4798594948994329,-0.0007186132140912498,19318.0,,pass,2026-10-01T00:09:59+00:00,sgo_slate_alt_20261001T000957Z.json
EDM@VAN,Vasily Podkolzin,EDM,f2,PP1,G,over,2.5,fanduel,12500,True,0.2630593180445822,0.3405981350182013,0.002494006919787194,0.005112086251516502,16.202147733885372,1766.9241666666667,,"fanduel@0.5,sgo_fair@0.5",1.0754488373749054,0.007936507936507936,0.004064854518824779,-0.0038716534176831572,-0.48782833062807784,-0.0026180793317293082,24501.0,,pass,2026-10-01T00:09:59+00:00,sgo_slate_alt_20261001T000957Z.json
SEA@CGY,Joel Farabee,CGY,f2,PP1,G,over,2.5,fanduel,15000,True,0.2711913930374409,0.30693224985539785,0.0027161369910993585,0.0038351496049501637,16.937812126139406,1930.8091666666667,,"fanduel@0.5,sgo_fair@0.5",1.0754488373749054,0.006622516556291391,0.0033875445594098415,-0.003234971996881549,-0.48848077152911396,-0.0011190126138508052,29420.0,,pass,2026-10-01T00:09:59+00:00,sgo_slate_alt_20261001T000957Z.json
SEA@CGY,Matty Beniers,SEA,f1,PP2,G,over,2.5,fanduel,20000,True,0.23979177250489897,0.27883860660339826,0.0019218561104089923,0.002935802635900254,18.137546517651973,2270.2633333333333,,"fanduel@0.5,sgo_fair@0.5",1.0754488373749054,0.004975124378109453,0.002530224025703749,-0.0024449003524057034,-0.4914249708335464,-0.0010139465254912616,39422.0,,pass,2026-10-01T00:09:59+00:00,sgo_slate_alt_20261001T000957Z.json
CHI@UTA,Vincent Trocheck,UTA,f1,PP2,G,over,2.5,fanduel,15000,True,0.28178861321193904,0.2984851360449741,0.0030233704737262714,0.0035492089998388505,19.050271205113418,2155.485833333333,,"fanduel@0.5,sgo_fair@0.5",1.0754488373749054,0.006622516556291391,0.003338873589393819,-0.003283642966897572,-0.4958300880015334,-0.0005258385261125791,29850.0,,pass,2026-10-01T00:09:59+00:00,sgo_slate_alt_20261001T000957Z.json
PHI@NJD,Travis Konecny,PHI,f2,PP2,G,over,2.5,fanduel,20000,True,0.2535202656095008,0.2644033006363974,0.0022482298270907236,0.002529911549658284,17.84048622674409,2230.1783333333337,,"fanduel@0.5,sgo_fair@0.5",1.0754488373749054,0.004975124378109453,0.0024172388606312598,-0.002557885517478193,-0.5141349890131168,-0.00028168172256756024,41270.0,,pass,2026-10-01T00:09:59+00:00,sgo_slate_alt_20261001T000957Z.json
CHI@UTA,Patrick Kane,CHI,f1,PP1,G,over,2.5,fanduel,12500,True,0.2852286143719797,0.31857005801204924,0.003127491251849645,0.004251476202364504,18.591130609932456,1789.7158333333334,,"fanduel@0.5,sgo_fair@0.5",1.0754488373749054,0.007936507936507936,0.00380188222215856,-0.004134625714349376,-0.5209628400080214,-0.0011239849505148593,26203.0,,pass,2026-10-01T00:09:59+00:00,sgo_slate_alt_20261001T000957Z.json
SEA@CGY,Jordan Eberle,SEA,f2,PP1,G,over,2.5,fanduel,10000,True,0.32676854320292986,0.3344172390225196,0.004560573296593814,0.004860888534837327,17.136518088982847,1785.4891666666667,,"fanduel@0.5,sgo_fair@0.5",1.0754488373749054,0.009900990099009901,0.004740762439539922,-0.005160227659469979,-0.5211829936064679,-0.00030031523824351324,20994.0,,pass,2026-10-01T00:09:59+00:00,sgo_slate_alt_20261001T000957Z.json
SEA@CGY,Morgan Frost,CGY,f1,PP1,G,over,2.5,fanduel,12500,True,0.2914448504517623,0.31446103291311694,0.003321170110568631,0.004101493740721193,17.094019848734597,1845.4491666666668,,"fanduel@0.5,sgo_fair@0.5",1.0754488373749054,0.007936507936507936,0.003789364288660168,-0.0041471436478477675,-0.5225400996288188,-0.0007803236301525619,26290.0,,pass,2026-10-01T00:09:59+00:00,sgo_slate_alt_20261001T000957Z.json
FLA@SJS,Will Smith,SJS,f1,PP1,G,over,2.5,fanduel,10000,True,0.32259104824162715,0.32234411098386795,0.004401428574520577,0.004392128576431852,17.42348445821675,1782.5283333333332,,"fanduel@0.5,sgo_fair@0.5",1.0754488373749054,0.009900990099009901,0.004395848575667342,-0.005505141523342559,-0.5560192938575985,9.299998088724455e-06,22649.0,,pass,2026-10-01T00:09:59+00:00,sgo_slate_alt_20261001T000957Z.json
PHI@NJD,Jesper Bratt,NJD,f1,PP1,A,over,2.5,fanduel,1800,True,0.6069543187763919,0.5949874160873152,0.02380785086093982,0.02262301015734125,18.40471199059038,2229.26,,sgo_fair@0.5,0.9471386184492271,0.05263157894736842,0.02309694643878068,-0.02953463250858774,-0.5611580176631671,0.0011848407035985713,4230.0,,pass,2026-10-01T00:09:59+00:00,sgo_slate_alt_20261001T000957Z.json
PHI@NJD,Owen Tippett,PHI,f1,PP2,PTS,over,2.5,fanduel,1700,True,0.5760121346041711,0.6216882165778005,0.020811952022402696,0.025311967760821178,17.390145884502914,1918.3983333333333,,sgo_fair@0.5,1.088912284783392,0.05555555555555555,0.023511961465453785,-0.03204359409010177,-0.5767846936218319,-0.004500015738418482,4153.0,,pass,2026-10-01T00:09:59+00:00,sgo_slate_alt_20261001T000957Z.json
FLA@SJS,Michael Misa,SJS,f2,PP2,G,over,2.5,fanduel,22500,True,0.23704443078349688,0.23649694715790784,0.0018603355728107089,0.0018482248819522119,13.758025580843334,576.4833333333333,,"fanduel@0.5,sgo_fair@0.5",1.0754488373749054,0.004424778761061947,0.0018530691582956107,-0.002571709602766336,-0.581206370225192,1.2110690858497001e-05,53865.0,,pass,2026-10-01T00:09:59+00:00,sgo_slate_alt_20261001T000957Z.json
CHI@UTA,Bowen Byram,CHI,d1,PP1,PTS,over,2.5,fanduel,2500,True,0.4950627376672371,0.5302168130806418,0.01401612351122157,0.016782757633830556,22.651848045054024,2694.625,,sgo_fair@0.5,1.088912284783392,0.038461538461538464,0.01567610398478696,-0.022785434476751503,-0.5924212963955391,-0.002766634122608986,6279.0,,pass,2026-10-01T00:09:59+00:00,sgo_slate_alt_20261001T000957Z.json
TBL@NYR,Alexis Lafrenière,NYR,f1,PP1,G,over,2.5,fanduel,15000,True,0.22409402336960388,0.2933847911160561,0.001586943614820715,0.0033830805374646575,18.323826239617773,0.0,no NHL data: 85% of positional prior,"fanduel@0.5,sgo_fair@0.5",1.0754488373749054,0.006622516556291391,0.0026646257684070805,-0.00395789078788431,-0.5976415089705309,-0.0017961369226439426,37429.0,,pass,2026-10-01T00:09:59+00:00,sgo_slate_alt_20261001T000957Z.json
PHI@NJD,Tyson Foerster,PHI,f2,PP1,G,over,2.5,fanduel,15000,True,0.26876554614768017,0.26875316806450833,0.0026486464447025705,0.002648304756580236,17.605628457469237,1116.2733333333333,,"fanduel@0.5,sgo_fair@0.5",1.0754488373749054,0.006622516556291391,0.00264844143182917,-0.003974075124462221,-0.6000853437937953,3.4168812233434376e-07,37658.0,,pass,2026-10-01T00:09:59+00:00,sgo_slate_alt_20261001T000957Z.json
SEA@CGY,Matt Coronato,CGY,f1,PP1,G,over,2.5,fanduel,8000,True,0.31615594531319324,0.3344172390225196,0.004162962194642146,0.004860888534837327,17.373857393773008,1941.2683333333334,,"fanduel@0.5,sgo_fair@0.5",1.0754488373749054,0.012345679012345678,0.004581717998759255,-0.007763961013586423,-0.6288808421005003,-0.0006979263401951808,21726.0,,pass,2026-10-01T00:09:59+00:00,sgo_slate_alt_20261001T000957Z.json
PHI@NJD,Nico Hischier,NJD,f2,PP1,A,over,2.5,fanduel,2500,True,0.4075475168627815,0.536037043112488,0.008337194861082373,0.01726808819141308,19.034673215391617,2386.8616666666667,,sgo_fair@0.5,0.9471386184492271,0.038461538461538464,0.013695730859280799,-0.024765807602257665,-0.6439109976586992,-0.008930893330330708,7202.0,,pass,2026-10-01T00:09:59+00:00,sgo_slate_alt_20261001T000957Z.json
PHI@NJD,Trevor Zegras,PHI,f1,PP1,A,over,2.5,fanduel,2500,True,0.38893539230980045,0.5419896188008211,0.0073460727227632775,0.017772498234226584,18.20542805617276,1953.2883333333334,,sgo_fair@0.5,0.9471386184492271,0.038461538461538464,0.013601928029641261,-0.024859610431897203,-0.6463498712293272,-0.010426425511463305,7252.0,,pass,2026-10-01T00:09:59+00:00,sgo_slate_alt_20261001T000957Z.json
BUF@CBJ,Kent Johnson,CBJ,f1,PP1,G,over,2.5,fanduel,15000,True,0.193037777510088,0.27193371548364176,0.0010380205222782297,0.0027369993965631455,13.607374230517582,1535.4758333333334,,sgo_fair@0.5,1.0754488373749054,0.006622516556291391,0.002057407846849179,-0.004565108709442212,-0.6893314151257739,-0.0016989788742849158,48505.0,,pass,2026-10-01T00:09:59+00:00,sgo_slate_alt_20261001T000957Z.json
PHI@NJD,Travis Konecny,PHI,f2,PP2,A,over,2.5,fanduel,2200,True,0.3959343867700461,0.5189557498492411,0.007710081564745515,0.015865777753015724,17.84048622674409,2230.1783333333337,,sgo_fair@0.5,0.9471386184492271,0.043478260869565216,0.012603499277707639,-0.030874761591857577,-0.7101195166127243,-0.008155696188270209,7834.0,,pass,2026-10-01T00:09:59+00:00,sgo_slate_alt_20261001T000957Z.json
TBL@NYR,Adam Fox,NYR,d1,PP1,G,over,1.5,fanduel,7000,False,0.14956689052963212,,0.01012997863470237,,22.653446368177953,2092.1875,,,1.0754488373749054,0.014084507042253521,,,,,,,no-market,2026-10-01T00:09:59+00:00,sgo_slate_alt_20261001T000957Z.json
FLA@SJS,Alexander Wennberg,SJS,f3,PP1,G,over,1.5,fanduel,4000,False,0.22475775763302996,,0.021774127427353004,,17.948458987967644,2289.883333333333,,,1.0754488373749054,0.024390243902439025,,,,,,,no-market,2026-10-01T00:09:59+00:00,sgo_slate_alt_20261001T000957Z.json
FLA@SJS,Alexander Wennberg,SJS,f3,PP1,G,over,2.5,fanduel,25000,True,0.22475775763302996,,0.001600298600067467,,17.948458987967644,2289.883333333333,,,1.0754488373749054,0.00398406374501992,,,,,,,no-market,2026-10-01T00:09:59+00:00,sgo_slate_alt_20261001T000957Z.json
PHI@NJD,Amadeus Lombardi,NJD,f4,-,G,over,1.5,fanduel,10000,False,0.1409991769873541,,0.009053594569559825,,12.75,0.0,no NHL data: 85% of positional prior,,1.0754488373749054,0.009900990099009901,,,,,,,no-market,2026-10-01T00:09:59+00:00,sgo_slate_alt_20261001T000957Z.json
CHI@UTA,Anders Lee,UTA,f2,PP2,G,over,1.5,fanduel,2700,False,0.3673510129849799,,0.05301849119459029,,16.123686897909316,1911.8274999999999,,,1.0754488373749054,0.03571428571428571,,,,,,,no-market,2026-10-01T00:09:59+00:00,sgo_slate_alt_20261001T000957Z.json
CHI@UTA,Anders Lee,UTA,f2,PP2,G,over,2.5,fanduel,20000,True,0.3673510129849799,,0.006288686059215846,,16.123686897909316,1911.8274999999999,,,1.0754488373749054,0.004975124378109453,,,,,,,no-market,2026-10-01T00:09:59+00:00,sgo_slate_alt_20261001T000957Z.json
TBL@NYR,Anthony Cirelli,TBL,f3,PP2,G,over,1.5,fanduel,2700,False,0.3209338998486777,,0.04170049437982243,,17.834008846162977,1902.255,,,1.0754488373749054,0.03571428571428571,,,,,,,no-market,2026-10-01T00:09:59+00:00,sgo_slate_alt_20261001T000957Z.json
TBL@NYR,Anthony Cirelli,TBL,f3,PP2,G,over,2.5,fanduel,20000,True,0.3209338998486777,,0.004339246828234618,,17.834008846162977,1902.255,,,1.0754488373749054,0.004975124378109453,,,,,,,no-market,2026-10-01T00:09:59+00:00,sgo_slate_alt_20261001T000957Z.json
CHI@UTA,Anton Frondell,CHI,f1,PP1,G,over,1.5,fanduel,2700,False,0.27433479364015073,,0.03140671493547896,,17.627307836143608,229.98333333333332,,,1.0754488373749054,0.03571428571428571,,,,,,,no-market,2026-10-01T00:09:59+00:00,sgo_slate_alt_20261001T000957Z.json
CHI@UTA,Anton Frondell,CHI,f1,PP1,G,over,2.5,fanduel,17500,True,0.27433479364015073,,0.0028051562157765685,,17.627307836143608,229.98333333333332,,,1.0754488373749054,0.005681818181818182,,,,,,,no-market,2026-10-01T00:09:59+00:00,sgo_slate_alt_20261001T000957Z.json
FLA@SJS,Anton Lundell,FLA,f3,PP2,G,over,1.5,fanduel,4000,False,0.2651168309119655,,0.02950822997189212,,17.03977502922192,1838.8941666666665,,,1.0754488373749054,0.024390243902439025,,,,,,,no-market,2026-10-01T00:09:59+00:00,sgo_slate_alt_20261001T000957Z.json
FLA@SJS,Anton Lundell,FLA,f3,PP2,G,over,2.5,fanduel,25000,True,0.2651168309119655,,0.002549102817535568,,17.03977502922192,1838.8941666666665,,,1.0754488373749054,0.00398406374501992,,,,,,,no-market,2026-10-01T00:09:59+00:00,sgo_slate_alt_20261001T000957Z.json
PHI@NJD,Arseny Gritsyuk,NJD,f3,PP2,G,over,1.5,fanduel,4000,False,0.19576324494626454,,0.01683524120285227,,14.879750036999246,1001.5,,,1.0754488373749054,0.024390243902439025,,,,,,,no-market,2026-10-01T00:09:59+00:00,sgo_slate_alt_20261001T000957Z.json
CHI@UTA,Barrett Hayton,UTA,f3,PP2,G,over,1.5,fanduel,3000,False,0.2493010125860847,,0.0263630709429384,,13.505015867539473,1607.3758333333333,,,1.0754488373749054,0.03225806451612903,,,,,,,no-market,2026-10-01T00:09:59+00:00,sgo_slate_alt_20261001T000957Z.json
SEA@CGY,Berkly Catton,SEA,f3,PP2,G,over,1.5,fanduel,5000,False,0.16293780325106239,,0.011916836034326708,,13.477894435400485,853.75,,,1.0754488373749054,0.0196078431372549,,,,,,,no-market,2026-10-01T00:09:59+00:00,sgo_slate_alt_20261001T000957Z.json
MIN@NSH,Blake Coleman,MIN,f1,PP2,G,over,1.5,fanduel,2700,False,0.3024437442362515,,0.037480969559257,,18.236817501192117,1848.2508333333333,,,1.0754488373749054,0.03571428571428571,,,,,,,no-market,2026-10-01T00:09:59+00:00,sgo_slate_alt_20261001T000957Z.json
MIN@NSH,Blake Coleman,MIN,f1,PP2,G,over,2.5,fanduel,20000,True,0.3024437442362515,,0.0036815247145710298,,18.236817501192117,1848.2508333333333,,,1.0754488373749054,0.004975124378109453,,,,,,,no-market,2026-10-01T00:09:59+00:00,sgo_slate_alt_20261001T000957Z.json
CHI@UTA,Bowen Byram,CHI,d1,PP1,A,over,0.5,fanduel,180,False,0.3285303507360243,,0.2800189240613727,,22.651848045054024,2694.625,,,0.9471386184492271,0.35714285714285715,,,,,,,no-market,2026-10-01T00:09:59+00:00,sgo_slate_alt_20261001T000957Z.json
CHI@UTA,Bowen Byram,CHI,d1,PP1,A,over,1.5,fanduel,1060,True,0.3285303507360243,,0.04348328865995528,,22.651848045054024,2694.625,,,0.9471386184492271,0.08620689655172414,,,,,,,no-market,2026-10-01T00:09:59+00:00,sgo_slate_alt_20261001T000957Z.json
CHI@UTA,Bowen Byram,CHI,d1,PP1,G,over,1.5,fanduel,10000,False,0.13393762353288619,,0.008207557998984413,,22.651848045054024,2694.625,,,1.0754488373749054,0.009900990099009901,,,,,,,no-market,2026-10-01T00:09:59+00:00,sgo_slate_alt_20261001T000957Z.json
SEA@CGY,Brandon Montour,SEA,d2,PP2,G,over,1.5,fanduel,4000,False,0.14931178938353085,,0.010097148198337794,,21.69337024996997,2281.2966666666666,,,1.0754488373749054,0.024390243902439025,,,,,,,no-market,2026-10-01T00:09:59+00:00,sgo_slate_alt_20261001T000957Z.json
SEA@CGY,Chandler Stephenson,SEA,f2,PP1,G,over,1.5,fanduel,3000,False,0.1517165926133026,,0.010408526414761662,,17.78244030777044,2235.313333333333,,,1.0754488373749054,0.03225806451612903,,,,,,,no-market,2026-10-01T00:09:59+00:00,sgo_slate_alt_20261001T000957Z.json
SEA@CGY,Chandler Stephenson,SEA,f2,PP1,G,over,2.5,fanduel,25000,True,0.1517165926133026,,0.0005196605490702487,,17.78244030777044,2235.313333333333,,,1.0754488373749054,0.00398406374501992,,,,,,,no-market,2026-10-01T00:09:59+00:00,sgo_slate_alt_20261001T000957Z.json
TBL@NYR,Charle-Edouard D'Astous,TBL,d2,-,G,over,1.5,fanduel,10000,False,0.061521010332557094,,0.0018165633557599586,,17.96353286868124,1312.65,,,1.0754488373749054,0.009900990099009901,,,,,,,no-market,2026-10-01T00:09:59+00:00,sgo_slate_alt_20261001T000957Z.json
BUF@CBJ,Charlie Coyle,CBJ,f3,PP1,G,over,1.5,fanduel,3000,False,0.2877187151736902,,0.034246352110446195,,17.566078630186286,2118.6025,,,1.0754488373749054,0.03225806451612903,,,,,,,no-market,2026-10-01T00:09:59+00:00,sgo_slate_alt_20261001T000957Z.json
BUF@CBJ,Charlie Coyle,CBJ,f3,PP1,G,over,2.5,fanduel,22500,True,0.2877187151736902,,0.003204217451644529,,17.566078630186286,2118.6025,,,1.0754488373749054,0.004424778761061947,,,,,,,no-market,2026-10-01T00:09:59+00:00,sgo_slate_alt_20261001T000957Z.json
PHI@NJD,Christian Dvorak,PHI,f2,-,G,over,1.5,fanduel,7500,False,0.20237179689048515,,0.017913307925064237,,17.122025726564676,2039.2425,,,1.0754488373749054,0.013157894736842105,,,,,,,no-market,2026-10-01T00:09:59+00:00,sgo_slate_alt_20261001T000957Z.json
BUF@CBJ,Cole Sillinger,CBJ,f3,-,G,over,1.5,fanduel,4500,False,0.16665537001379482,,0.012436393937592221,,14.545131887241839,1735.2350000000001,,,1.0754488373749054,0.021739130434782608,,,,,,,no-market,2026-10-01T00:09:59+00:00,sgo_slate_alt_20261001T000957Z.json
BUF@CBJ,Cole Sillinger,CBJ,f3,-,G,over,2.5,fanduel,30000,True,0.16665537001379482,,0.0006811642011349033,,14.545131887241839,1735.2350000000001,,,1.0754488373749054,0.0033222591362126247,,,,,,,no-market,2026-10-01T00:09:59+00:00,sgo_slate_alt_20261001T000957Z.json
FLA@SJS,Collin Graf,SJS,f3,-,G,over,1.5,fanduel,5500,False,0.2265541552803853,,0.022097607612850147,,15.630008902238139,1567.3816666666667,,,1.0754488373749054,0.017857142857142856,,,,,,,no-market,2026-10-01T00:09:59+00:00,sgo_slate_alt_20261001T000957Z.json
FLA@SJS,Collin Graf,SJS,f3,-,G,over,2.5,fanduel,40000,True,0.2265541552803853,,0.00163679636464913,,15.630008902238139,1567.3816666666667,,,1.0754488373749054,0.0024937655860349127,,,,,,,no-market,2026-10-01T00:09:59+00:00,sgo_slate_alt_20261001T000957Z.json
SEA@CGY,Connor Zary,CGY,f3,PP2,G,over,1.5,fanduel,3000,False,0.21111206386073633,,0.01938275651040273,,13.714661547118277,1453.9,,,1.0754488373749054,0.03225806451612903,,,,,,,no-market,2026-10-01T00:09:59+00:00,sgo_slate_alt_20261001T000957Z.json
SEA@CGY,Connor Zary,CGY,f3,PP2,G,over,2.5,fanduel,22500,True,0.21111206386073633,,0.0013396504111818687,,13.714661547118277,1453.9,,,1.0754488373749054,0.004424778761061947,,,,,,,no-market,2026-10-01T00:09:59+00:00,sgo_slate_alt_20261001T000957Z.json
BUF@CBJ,Conor Garland,CBJ,f2,PP2,G,over,1.5,fanduel,3300,False,0.1940683546779811,,0.016563386223094223,,14.237061225356408,1900.5741666666668,,,1.0754488373749054,0.029411764705882353,,,,,,,no-market,2026-10-01T00:09:59+00:00,sgo_slate_alt_20261001T000957Z.json
BUF@CBJ,Conor Garland,CBJ,f2,PP2,G,over,2.5,fanduel,30000,True,0.1940683546779811,,0.0010539276676954433,,14.237061225356408,1900.5741666666668,,,1.0754488373749054,0.0033222591362126247,,,,,,,no-market,2026-10-01T00:09:59+00:00,sgo_slate_alt_20261001T000957Z.json
TBL@NYR,Conor Geekie,TBL,f3,PP2,G,over,1.5,fanduel,6500,False,0.1256947330246791,,0.007267808316710995,,10.429719941728571,426.9125,,,1.0754488373749054,0.015151515151515152,,,,,,,no-market,2026-10-01T00:09:59+00:00,sgo_slate_alt_20261001T000957Z.json
CHI@UTA,Daniil But,UTA,f4,PP2,G,over,1.5,fanduel,3500,False,0.19436829283196486,,0.01661135669096667,,11.58548083590822,361.6166666666667,,,1.0754488373749054,0.027777777777777776,,,,,,,no-market,2026-10-01T00:09:59+00:00,sgo_slate_alt_20261001T000957Z.json
MIN@NSH,Danila Yurov,MIN,f2,PP2,G,over,1.5,fanduel,3500,False,0.18423243261328584,,0.015023606502113589,,13.656308596265104,970.7166666666667,,,1.0754488373749054,0.027777777777777776,,,,,,,no-market,2026-10-01T00:09:59+00:00,sgo_slate_alt_20261001T000957Z.json
BUF@CBJ,Denton Mateychuk,CBJ,d1,PP2,G,over,1.5,fanduel,10000,False,0.07921924841136706,,0.002976946923893914,,19.66705114148534,1804.1291666666666,,,1.0754488373749054,0.009900990099009901,,,,,,,no-market,2026-10-01T00:09:59+00:00,sgo_slate_alt_20261001T000957Z.json
BUF@CBJ,Dmitri Voronkov,CBJ,f4,-,G,over,1.5,fanduel,4000,False,0.20178452749096903,,0.01781634733067313,,10.184363920446891,1429.6691666666666,,,1.0754488373749054,0.024390243902439025,,,,,,,no-market,2026-10-01T00:09:59+00:00,sgo_slate_alt_20261001T000957Z.json
BUF@CBJ,Dmitri Voronkov,CBJ,f4,-,G,over,2.5,fanduel,40000,True,0.20178452749096903,,0.0011779373306968638,,10.184363920446891,1429.6691666666666,,,1.0754488373749054,0.0024937655860349127,,,,,,,no-market,2026-10-01T00:09:59+00:00,sgo_slate_alt_20261001T000957Z.json
PHI@NJD,Dougie Hamilton,NJD,d1,PP2,G,over,1.5,fanduel,7500,False,0.15810963055317337,,0.011256746868360855,,21.117492077135786,2230.4283333333337,,,1.0754488373749054,0.013157894736842105,,,,,,,no-market,2026-10-01T00:09:59+00:00,sgo_slate_alt_20261001T000957Z.json
CHI@UTA,Dylan Guenther,UTA,f2,PP1,A,over,0.5,fanduel,162,False,0.4831680886265326,,0.38317386679831705,,18.667151628483552,1909.7266666666667,,,0.9471386184492271,0.3816793893129771,,,,,,,no-market,2026-10-01T00:09:59+00:00,sgo_slate_alt_20261001T000957Z.json
CHI@UTA,Dylan Guenther,UTA,f2,PP1,A,over,1.5,fanduel,900,True,0.4831680886265326,,0.08514316300436482,,18.667151628483552,1909.7266666666667,,,0.9471386184492271,0.1,,,,,,,no-market,2026-10-01T00:09:59+00:00,sgo_slate_alt_20261001T000957Z.json
TBL@NYR,Eeli Tolvanen,NYR,f3,PP2,G,over,1.5,fanduel,5500,False,0.18495831432874818,,0.015135014872871978,,14.302708054664771,1787.1791666666666,,,1.0754488373749054,0.017857142857142856,,,,,,,no-market,2026-10-01T00:09:59+00:00,sgo_slate_alt_20261001T000957Z.json
FLA@SJS,Eetu Luostarinen,FLA,f3,-,G,over,1.5,fanduel,6000,False,0.16735495367305783,,0.01253525836012118,,15.026662330911233,1774.2633333333333,,,1.0754488373749054,0.01639344262295082,,,,,,,no-market,2026-10-01T00:09:59+00:00,sgo_slate_alt_20261001T000957Z.json
EDM@VAN,Elias Pettersson,VAN,f1,PP1,G,over,1.5,fanduel,2700,False,0.14325889118919533,,0.009332212624835932,,15.731030584118317,3186.044166666667,,,1.0754488373749054,0.03571428571428571,,,,,,,no-market,2026-10-01T00:09:59+00:00,sgo_slate_alt_20261001T000957Z.json
EDM@VAN,Elias Pettersson,VAN,f1,PP1,G,over,2.5,fanduel,22500,True,0.14325889118919533,,0.00044027046016354,,15.731030584118317,3186.044166666667,,,1.0754488373749054,0.004424778761061947,,,,,,,no-market,2026-10-01T00:09:59+00:00,sgo_slate_alt_20261001T000957Z.json
PHI@NJD,Evan Rodrigues,NJD,f3,PP2,G,over,1.5,fanduel,5000,False,0.18739795083773672,,0.01551206284460158,,14.46883704865958,1734.1183333333333,,,1.0754488373749054,0.0196078431372549,,,,,,,no-market,2026-10-01T00:09:59+00:00,sgo_slate_alt_20261001T000957Z.json
CHI@UTA,Frank Nazar,CHI,f3,PP2,G,over,1.5,fanduel,3300,False,0.2361438818160195,,0.02385791114239128,,16.08366611946304,1587.1658333333332,,,1.0754488373749054,0.029411764705882353,,,,,,,no-market,2026-10-01T00:09:59+00:00,sgo_slate_alt_20261001T000957Z.json
CHI@UTA,Frank Nazar,CHI,f3,PP2,G,over,2.5,fanduel,20000,True,0.2361438818160195,,0.0018404410228794604,,16.08366611946304,1587.1658333333332,,,1.0754488373749054,0.004975124378109453,,,,,,,no-market,2026-10-01T00:09:59+00:00,sgo_slate_alt_20261001T000957Z.json
TBL@NYR,Gabe Perreault,NYR,not in DF lineup,-,G,over,1.5,fanduel,3300,False,0.22780965527539512,,0.022324869381567834,,16.037026291061796,832.1491666666666,,,1.0754488373749054,0.029411764705882353,,,,,,,no-market,2026-10-01T00:09:59+00:00,sgo_slate_alt_20261001T000957Z.json
TBL@NYR,Gage Goncalves,TBL,f3,PP2,G,over,1.5,fanduel,6500,False,0.15023696422331198,,0.010216441197689777,,14.269206838278956,1314.0275,,,1.0754488373749054,0.015151515151515152,,,,,,,no-market,2026-10-01T00:09:59+00:00,sgo_slate_alt_20261001T000957Z.json
FLA@SJS,Igor Chernyshov,SJS,f2,PP1,G,over,1.5,fanduel,3500,False,0.31488617502651084,,0.040301467092141864,,15.241397817484017,421.6166666666667,,,1.0754488373749054,0.027777777777777776,,,,,,,no-market,2026-10-01T00:09:59+00:00,sgo_slate_alt_20261001T000957Z.json
FLA@SJS,Igor Chernyshov,SJS,f2,PP1,G,over,2.5,fanduel,40000,True,0.31488617502651084,,0.004116859845056018,,15.241397817484017,421.6166666666667,,,1.0754488373749054,0.0024937655860349127,,,,,,,no-market,2026-10-01T00:09:59+00:00,sgo_slate_alt_20261001T000957Z.json
TBL@NYR,Ilya Mikheyev,TBL,f1,-,G,over,1.5,fanduel,4000,False,0.21585515419383666,,0.020200670755229508,,17.221134744777288,1889.4341666666667,,,1.0754488373749054,0.024390243902439025,,,,,,,no-market,2026-10-01T00:09:59+00:00,sgo_slate_alt_20261001T000957Z.json
EDM@VAN,Isaac Howard,EDM,f4,PP2,G,over,1.5,fanduel,3500,False,0.15524755065785933,,0.010873353127977327,,11.060862466320666,310.1166666666667,,,1.0754488373749054,0.027777777777777776,,,,,,,no-market,2026-10-01T00:09:59+00:00,sgo_slate_alt_20261001T000957Z.json
EDM@VAN,Isaac Howard,EDM,f4,PP2,G,over,2.5,fanduel,25000,True,0.15524755065785933,,0.0005553331643415606,,11.060862466320666,310.1166666666667,,,1.0754488373749054,0.00398406374501992,,,,,,,no-market,2026-10-01T00:09:59+00:00,sgo_slate_alt_20261001T000957Z.json
CHI@UTA,Jack McBain,UTA,f3,-,G,over,1.5,fanduel,6500,False,0.17328389300300095,,0.013386917016690168,,12.251377881488,1539.3425,,,1.0754488373749054,0.015151515151515152,,,,,,,no-market,2026-10-01T00:09:59+00:00,sgo_slate_alt_20261001T000957Z.json
PHI@NJD,Jamie Drysdale,PHI,d2,PP1,G,over,1.5,fanduel,8000,False,0.07508417036989232,,0.0026816118749506384,,21.539897705781755,2308.5825,,,1.0754488373749054,0.012345679012345678,,,,,,,no-market,2026-10-01T00:09:59+00:00,sgo_slate_alt_20261001T000957Z.json
BUF@CBJ,Jiri Kulich,BUF,f4,-,G,over,1.5,fanduel,4500,False,0.20579015741062306,,0.01848214420298938,,14.593042088139889,609.0841666666668,,,1.0754488373749054,0.021739130434782608,,,,,,,no-market,2026-10-01T00:09:59+00:00,sgo_slate_alt_20261001T000957Z.json
BUF@CBJ,Jiri Kulich,BUF,f4,-,G,over,2.5,fanduel,40000,True,0.20579015741062306,,0.0012457795574181293,,14.593042088139889,609.0841666666668,,,1.0754488373749054,0.0024937655860349127,,,,,,,no-market,2026-10-01T00:09:59+00:00,sgo_slate_alt_20261001T000957Z.json
TBL@NYR,John Carlson,TBL,d1,PP1,G,over,1.5,fanduel,7000,False,0.15369307670454313,,0.010667601940388608,,23.336530975397352,2482.088333333333,,,1.0754488373749054,0.014084507042253521,,,,,,,no-market,2026-10-01T00:09:59+00:00,sgo_slate_alt_20261001T000957Z.json
EDM@VAN,Jonathan Lekkerimäki,VAN,f1,PP2,G,over,1.5,fanduel,3500,False,0.16936702265881032,,0.012821521405935636,,13.68088350855549,0.0,no NHL data: 85% of positional prior,,1.0754488373749054,0.027777777777777776,,,,,,,no-market,2026-10-01T00:09:59+00:00,sgo_slate_alt_20261001T000957Z.json
MIN@NSH,Jonathan Marchessault,NSH,f3,PP2,G,over,1.5,fanduel,3500,False,0.24520833433006034,,0.025572813446461798,,16.198145979345142,1666.84,,,1.0754488373749054,0.027777777777777776,,,,,,,no-market,2026-10-01T00:09:59+00:00,sgo_slate_alt_20261001T000957Z.json
MIN@NSH,Jonathan Marchessault,NSH,f3,PP2,G,over,2.5,fanduel,20000,True,0.24520833433006034,,0.002046827552362394,,16.198145979345142,1666.84,,,1.0754488373749054,0.004975124378109453,,,,,,,no-market,2026-10-01T00:09:59+00:00,sgo_slate_alt_20261001T000957Z.json
SEA@CGY,Kaapo Kakko,SEA,f1,PP2,G,over,1.5,fanduel,3500,False,0.19051767388088103,,0.016000058403733464,,15.244340031176307,1481.8908333333336,,,1.0754488373749054,0.027777777777777776,,,,,,,no-market,2026-10-01T00:09:59+00:00,sgo_slate_alt_20261001T000957Z.json
EDM@VAN,Kasperi Kapanen,EDM,f2,PP2,G,over,1.5,fanduel,3500,False,0.1863114696197167,,0.01534364965688299,,16.438604307397554,975.5108333333334,,,1.0754488373749054,0.027777777777777776,,,,,,,no-market,2026-10-01T00:09:59+00:00,sgo_slate_alt_20261001T000957Z.json
EDM@VAN,Kasperi Kapanen,EDM,f2,PP2,G,over,2.5,fanduel,25000,True,0.1863114696197167,,0.0009379238517038727,,16.438604307397554,975.5108333333334,,,1.0754488373749054,0.00398406374501992,,,,,,,no-market,2026-10-01T00:09:59+00:00,sgo_slate_alt_20261001T000957Z.json
FLA@SJS,Kiefer Sherwood,SJS,f4,-,G,over,1.5,fanduel,8000,False,0.2372295178452024,,0.024060710332167463,,14.696869935552854,1765.7408333333333,,,1.0754488373749054,0.012345679012345678,,,,,,,no-market,2026-10-01T00:09:59+00:00,sgo_slate_alt_20261001T000957Z.json
BUF@CBJ,Konsta Helenius,BUF,f3,PP2,G,over,1.5,fanduel,3500,False,0.1558250611845021,,0.01095023838204237,,13.008623738545026,107.18333333333334,,,1.0754488373749054,0.027777777777777776,,,,,,,no-market,2026-10-01T00:09:59+00:00,sgo_slate_alt_20261001T000957Z.json
BUF@CBJ,Konsta Helenius,BUF,f3,PP2,G,over,2.5,fanduel,25000,True,0.1558250611845021,,0.0005613123943410784,,13.008623738545026,107.18333333333334,,,1.0754488373749054,0.00398406374501992,,,,,,,no-market,2026-10-01T00:09:59+00:00,sgo_slate_alt_20261001T000957Z.json
CHI@UTA,Lawson Crouse,UTA,f3,-,G,over,1.5,fanduel,2700,False,0.291905687986949,,0.03515448853476157,,18.113021516790802,1844.7949999999998,,,1.0754488373749054,0.03571428571428571,,,,,,,no-market,2026-10-01T00:09:59+00:00,sgo_slate_alt_20261001T000957Z.json
CHI@UTA,Lawson Crouse,UTA,f3,-,G,over,2.5,fanduel,22500,True,0.291905687986949,,0.0033358135854236275,,18.113021516790802,1844.7949999999998,,,1.0754488373749054,0.004424778761061947,,,,,,,no-market,2026-10-01T00:09:59+00:00,sgo_slate_alt_20261001T000957Z.json
EDM@VAN,Liam Ohgren,VAN,f2,PP2,G,over,1.5,fanduel,4000,False,0.16492950338817958,,0.012193973847448402,,16.3538651111541,1046.19,,,1.0754488373749054,0.024390243902439025,,,,,,,no-market,2026-10-01T00:09:59+00:00,sgo_slate_alt_20261001T000957Z.json
CHI@UTA,Logan Cooley,UTA,f2,PP1,A,over,0.5,fanduel,176,False,0.4761862641775005,,0.37885222610757485,,19.23056871640399,1538.5200000000002,,,0.9471386184492271,0.36231884057971014,,,,,,,no-market,2026-10-01T00:09:59+00:00,sgo_slate_alt_20261001T000957Z.json
CHI@UTA,Logan Cooley,UTA,f2,PP1,A,over,1.5,fanduel,1060,True,0.4761862641775005,,0.08307018815557023,,19.23056871640399,1538.5200000000002,,,0.9471386184492271,0.08620689655172414,,,,,,,no-market,2026-10-01T00:09:59+00:00,sgo_slate_alt_20261001T000957Z.json
FLA@SJS,Luca Cagnoni,SJS,d3,PP1,G,over,1.5,fanduel,10000,False,0.08541931408446998,,0.003446982624282827,,17.17390350877193,101.73250000000002,,,1.0754488373749054,0.009900990099009901,,,,,,,no-market,2026-10-01T00:09:59+00:00,sgo_slate_alt_20261001T000957Z.json
PHI@NJD,Luke Evangelista,NJD,f2,PP1,G,over,1.5,fanduel,2200,False,0.22464374643765186,,0.021753664595925794,,15.486589438141582,1770.8866666666665,,,1.0754488373749054,0.043478260869565216,,,,,,,no-market,2026-10-01T00:09:59+00:00,sgo_slate_alt_20261001T000957Z.json
PHI@NJD,Luke Evangelista,NJD,f2,PP1,G,over,2.5,fanduel,15000,True,0.22464374643765186,,0.0015979995932239952,,15.486589438141582,1770.8866666666665,,,1.0754488373749054,0.006622516556291391,,,,,,,no-market,2026-10-01T00:09:59+00:00,sgo_slate_alt_20261001T000957Z.json
PHI@NJD,Luke Hughes,NJD,d2,PP1,G,over,1.5,fanduel,6000,False,0.13597819236061642,,0.008448180961459044,,22.43042660874675,2240.764166666667,,,1.0754488373749054,0.01639344262295082,,,,,,,no-market,2026-10-01T00:09:59+00:00,sgo_slate_alt_20261001T000957Z.json
CHI@UTA,MacKenzie Weegar,UTA,d1,-,G,over,1.5,fanduel,10000,False,0.09270749582357446,,0.0040407524435588805,,21.915797061782396,2655.3091666666664,,,1.0754488373749054,0.009900990099009901,,,,,,,no-market,2026-10-01T00:09:59+00:00,sgo_slate_alt_20261001T000957Z.json
EDM@VAN,Marco Rossi,VAN,f2,PP2,G,over,1.5,fanduel,3000,False,0.2307176412933382,,0.022854970101290114,,16.373413710856763,1562.0341666666668,,,1.0754488373749054,0.03225806451612903,,,,,,,no-market,2026-10-01T00:09:59+00:00,sgo_slate_alt_20261001T000957Z.json
EDM@VAN,Marco Rossi,VAN,f2,PP2,G,over,2.5,fanduel,20000,True,0.2307176412933382,,0.0017233783366317737,,16.373413710856763,1562.0341666666668,,,1.0754488373749054,0.004975124378109453,,,,,,,no-market,2026-10-01T00:09:59+00:00,sgo_slate_alt_20261001T000957Z.json
BUF@CBJ,Mathieu Olivier,CBJ,f3,-,G,over,1.5,fanduel,4500,False,0.19782559093957475,,0.01716859612172811,,12.814575940507916,1401.4758333333334,,,1.0754488373749054,0.021739130434782608,,,,,,,no-market,2026-10-01T00:09:59+00:00,sgo_slate_alt_20261001T000957Z.json
MIN@NSH,Matthew Wood,NSH,f2,PP1,G,over,1.5,fanduel,3000,False,0.23768255630818969,,0.024145548721851484,,13.716024339641613,906.0675,,,1.0754488373749054,0.03225806451612903,,,,,,,no-market,2026-10-01T00:09:59+00:00,sgo_slate_alt_20261001T000957Z.json
MIN@NSH,Matthew Wood,NSH,f2,PP1,G,over,2.5,fanduel,15000,True,0.23768255630818969,,0.0018745136867090373,,13.716024339641613,906.0675,,,1.0754488373749054,0.006622516556291391,,,,,,,no-market,2026-10-01T00:09:59+00:00,sgo_slate_alt_20261001T000957Z.json
SEA@CGY,Matvei Gridin,CGY,f1,PP1,G,over,1.5,fanduel,2200,False,0.24443464984563326,,0.025424531346695117,,17.12642833728254,561.0833333333334,,,1.0754488373749054,0.043478260869565216,,,,,,,no-market,2026-10-01T00:09:59+00:00,sgo_slate_alt_20261001T000957Z.json
SEA@CGY,Matvei Gridin,CGY,f1,PP1,G,over,2.5,fanduel,15000,True,0.24443464984563326,,0.0020286762184971033,,17.12642833728254,561.0833333333334,,,1.0754488373749054,0.006622516556291391,,,,,,,no-market,2026-10-01T00:09:59+00:00,sgo_slate_alt_20261001T000957Z.json
PHI@NJD,Matvei Michkov,PHI,f3,PP1,G,over,1.5,fanduel,3300,False,0.21089290190053317,,0.01934530964061951,,13.205777809079692,1802.7041666666667,,,1.0754488373749054,0.029411764705882353,,,,,,,no-market,2026-10-01T00:09:59+00:00,sgo_slate_alt_20261001T000957Z.json
MIN@NSH,Maxim Shabanov,MIN,f2,PP1,G,over,1.5,fanduel,3000,False,0.1708840376206374,,0.013039229376181039,,13.308322445715804,0.0,no NHL data: 85% of positional prior,,1.0754488373749054,0.03225806451612903,,,,,,,no-market,2026-10-01T00:09:59+00:00,sgo_slate_alt_20261001T000957Z.json
MIN@NSH,Maxim Shabanov,MIN,f2,PP1,G,over,2.5,fanduel,25000,True,0.1708840376206374,,0.0007320365925520572,,13.308322445715804,0.0,no NHL data: 85% of positional prior,,1.0754488373749054,0.00398406374501992,,,,,,,no-market,2026-10-01T00:09:59+00:00,sgo_slate_alt_20261001T000957Z.json
SEA@CGY,Maxim Tsyplakov,CGY,f4,PP2,G,over,1.5,fanduel,5500,False,0.12282983274290357,,0.006953410028779423,,9.820681044823877,965.5266666666668,,,1.0754488373749054,0.017857142857142856,,,,,,,no-market,2026-10-01T00:09:59+00:00,sgo_slate_alt_20261001T000957Z.json
SEA@CGY,Mikael Backlund,CGY,f2,-,G,over,1.5,fanduel,4000,False,0.2293170293081648,,0.022599003752435173,,17.402614291886472,2112.5833333333335,,,1.0754488373749054,0.024390243902439025,,,,,,,no-market,2026-10-01T00:09:59+00:00,sgo_slate_alt_20261001T000957Z.json
CHI@UTA,Mikhail Sergachev,UTA,d1,PP1,G,over,1.5,fanduel,7000,False,0.13590465562548745,,0.008439454914466874,,25.18845048145616,2765.366666666667,,,1.0754488373749054,0.014084507042253521,,,,,,,no-market,2026-10-01T00:09:59+00:00,sgo_slate_alt_20261001T000957Z.json
CHI@UTA,Nick Lardis,CHI,f2,PP2,G,over,1.5,fanduel,4500,False,0.2231381741105341,,0.021484199046957676,,14.241778008118418,531.25,,,1.0754488373749054,0.021739130434782608,,,,,,,no-market,2026-10-01T00:09:59+00:00,sgo_slate_alt_20261001T000957Z.json
PHI@NJD,Noah Cates,PHI,f3,PP2,G,over,1.5,fanduel,5000,False,0.2107059752380549,,0.01931339487470289,,15.747206747185924,1889.2450000000001,,,1.0754488373749054,0.0196078431372549,,,,,,,no-market,2026-10-01T00:09:59+00:00,sgo_slate_alt_20261001T000957Z.json
TBL@NYR,Noah Laba,NYR,f3,-,G,over,1.5,fanduel,10000,False,0.14953183111702034,,0.01012546381164486,,13.352587669399393,1009.7833333333333,,,1.0754488373749054,0.009900990099009901,,,,,,,no-market,2026-10-01T00:09:59+00:00,sgo_slate_alt_20261001T000957Z.json
BUF@CBJ,Noah Ostlund,BUF,f2,PP2,G,over,1.5,fanduel,3500,False,0.13008284960159583,,0.007761623162844043,,13.994298872678858,876.1166666666667,,,1.0754488373749054,0.027777777777777776,,,,,,,no-market,2026-10-01T00:09:59+00:00,sgo_slate_alt_20261001T000957Z.json
BUF@CBJ,Noah Ostlund,BUF,f2,PP2,G,over,2.5,fanduel,30000,True,0.13008284960159583,,0.00033287177114659606,,13.994298872678858,876.1166666666667,,,1.0754488373749054,0.0033222591362126247,,,,,,,no-market,2026-10-01T00:09:59+00:00,sgo_slate_alt_20261001T000957Z.json
TBL@NYR,Oliver Bjorkstrand,NYR,f2,PP2,G,over,1.5,fanduel,3300,False,0.19415990348478643,,0.016578021708788786,,13.857458332410221,1643.9725,,,1.0754488373749054,0.029411764705882353,,,,,,,no-market,2026-10-01T00:09:59+00:00,sgo_slate_alt_20261001T000957Z.json
TBL@NYR,Oliver Bjorkstrand,NYR,f2,PP2,G,over,2.5,fanduel,20000,True,0.19415990348478643,,0.0010553481449963045,,13.857458332410221,1643.9725,,,1.0754488373749054,0.004975124378109453,,,,,,,no-market,2026-10-01T00:09:59+00:00,sgo_slate_alt_20261001T000957Z.json
CHI@UTA,Oliver Moore,CHI,f3,PP2,G,over,1.5,fanduel,7000,False,0.13193691562025073,,0.00797469767128965,,12.129206886477778,712.8733333333333,,,1.0754488373749054,0.014084507042253521,,,,,,,no-market,2026-10-01T00:09:59+00:00,sgo_slate_alt_20261001T000957Z.json
BUF@CBJ,Owen Power,BUF,d2,PP2,G,over,1.5,fanduel,8000,False,0.08079044301818317,,0.003092984737360386,,21.703843227607848,2511.5016666666666,,,1.0754488373749054,0.012345679012345678,,,,,,,no-market,2026-10-01T00:09:59+00:00,sgo_slate_alt_20261001T000957Z.json
PHI@NJD,Owen Tippett,PHI,f1,PP2,A,over,0.5,fanduel,215,False,0.2421376115906663,,0.21505184784458203,,17.390145884502914,1918.3983333333333,,,0.9471386184492271,0.31746031746031744,,,,,,,no-market,2026-10-01T00:09:59+00:00,sgo_slate_alt_20261001T000957Z.json
PHI@NJD,Owen Tippett,PHI,f1,PP2,A,over,1.5,fanduel,1200,True,0.2421376115906663,,0.0249863770591622,,17.390145884502914,1918.3983333333333,,,0.9471386184492271,0.07692307692307693,,,,,,,no-market,2026-10-01T00:09:59+00:00,sgo_slate_alt_20261001T000957Z.json
BUF@CBJ,Peyton Krebs,BUF,f3,-,G,over,1.5,fanduel,8000,False,0.13652824943009909,,0.008513581365476572,,13.617316220069219,1636.4341666666667,,,1.0754488373749054,0.012345679012345678,,,,,,,no-market,2026-10-01T00:09:59+00:00,sgo_slate_alt_20261001T000957Z.json
TBL@NYR,Pontus Holmberg,TBL,f4,PP2,G,over,1.5,fanduel,7500,False,0.15478413949157357,,0.01081183260564757,,11.631043538098641,1321.8816666666667,,,1.0754488373749054,0.013157894736842105,,,,,,,no-market,2026-10-01T00:09:59+00:00,sgo_slate_alt_20261001T000957Z.json
PHI@NJD,Porter Martone,PHI,f1,PP1,A,over,0.5,fanduel,190,False,0.38239898981949,,0.3177772010557402,,17.174337859550526,153.36666666666667,,,0.9471386184492271,0.3448275862068966,,,,,,,no-market,2026-10-01T00:09:59+00:00,sgo_slate_alt_20261001T000957Z.json
PHI@NJD,Porter Martone,PHI,f1,PP1,A,over,1.5,fanduel,1060,True,0.38239898981949,,0.05689589190763014,,17.174337859550526,153.36666666666667,,,0.9471386184492271,0.08620689655172414,,,,,,,no-market,2026-10-01T00:09:59+00:00,sgo_slate_alt_20261001T000957Z.json
BUF@CBJ,Rasmus Dahlin,BUF,d1,PP1,G,over,1.5,fanduel,3500,False,0.1904162749982815,,0.015984094683999688,,23.862363349290565,2658.44,,,1.0754488373749054,0.027777777777777776,,,,,,,no-market,2026-10-01T00:09:59+00:00,sgo_slate_alt_20261001T000957Z.json
CHI@UTA,Ryan Donato,CHI,f3,PP2,G,over,1.5,fanduel,5500,False,0.21477023279198415,,0.020012323793403376,,14.528244722828024,1793.0633333333333,,,1.0754488373749054,0.017857142857142856,,,,,,,no-market,2026-10-01T00:09:59+00:00,sgo_slate_alt_20261001T000957Z.json
CHI@UTA,Ryan Greene,CHI,f4,-,G,over,1.5,fanduel,10000,False,0.15186861245772926,,0.010428352099511625,,14.749825538670308,1367.53,,,1.0754488373749054,0.009900990099009901,,,,,,,no-market,2026-10-01T00:09:59+00:00,sgo_slate_alt_20261001T000957Z.json
MIN@NSH,Ryan Hartman,MIN,f3,PP2,G,over,1.5,fanduel,3000,False,0.303961390591864,,0.03782077006632552,,17.369297866400593,1737.4350000000002,,,1.0754488373749054,0.03225806451612903,,,,,,,no-market,2026-10-01T00:09:59+00:00,sgo_slate_alt_20261001T000957Z.json
MIN@NSH,Ryan Hartman,MIN,f3,PP2,G,over,2.5,fanduel,22500,True,0.303961390591864,,0.0037330389825893794,,17.369297866400593,1737.4350000000002,,,1.0754488373749054,0.004424778761061947,,,,,,,no-market,2026-10-01T00:09:59+00:00,sgo_slate_alt_20261001T000957Z.json
BUF@CBJ,Ryan McLeod,BUF,f4,PP2,G,over,1.5,fanduel,4500,False,0.16122221130791686,,0.011680378918062121,,15.223648179440469,2024.7258333333334,,,1.0754488373749054,0.021739130434782608,,,,,,,no-market,2026-10-01T00:09:59+00:00,sgo_slate_alt_20261001T000957Z.json
BUF@CBJ,Ryan McLeod,BUF,f4,PP2,G,over,2.5,fanduel,35000,True,0.16122221130791686,,0.0006191893648412416,,15.223648179440469,2024.7258333333334,,,1.0754488373749054,0.002849002849002849,,,,,,,no-market,2026-10-01T00:09:59+00:00,sgo_slate_alt_20261001T000957Z.json
SEA@CGY,Ryan Strome,CGY,f3,PP2,G,over,1.5,fanduel,4500,False,0.1886910349497332,,0.015713537498109695,,14.309170716183214,1306.8425,,,1.0754488373749054,0.021739130434782608,,,,,,,no-market,2026-10-01T00:09:59+00:00,sgo_slate_alt_20261001T000957Z.json
SEA@CGY,Ryan Winterton,SEA,f3,-,G,over,1.5,fanduel,10000,False,0.13731686635096027,,0.008607743486055182,,13.476465575958343,873.0833333333334,,,1.0754488373749054,0.009900990099009901,,,,,,,no-market,2026-10-01T00:09:59+00:00,sgo_slate_alt_20261001T000957Z.json
SEA@CGY,Samuel Honzek,CGY,f2,-,G,over,1.5,fanduel,4500,False,0.1798102210997077,,0.014352629871318884,,13.148134593922517,250.035,,,1.0754488373749054,0.021739130434782608,,,,,,,no-market,2026-10-01T00:09:59+00:00,sgo_slate_alt_20261001T000957Z.json
BUF@CBJ,Sam Carrick,BUF,f3,-,G,over,1.5,fanduel,10000,False,0.11391533945541374,,0.006016028529162537,,10.990804462203478,1193.8808333333334,,,1.0754488373749054,0.009900990099009901,,,,,,,no-market,2026-10-01T00:09:59+00:00,sgo_slate_alt_20261001T000957Z.json
FLA@SJS,Sandis Vilmanis,FLA,f3,-,G,over,1.5,fanduel,10000,False,0.13466219291573367,,0.008292638463729981,,11.398373241740613,208.93333333333334,,,1.0754488373749054,0.009900990099009901,,,,,,,no-market,2026-10-01T00:09:59+00:00,sgo_slate_alt_20261001T000957Z.json
PHI@NJD,Sean Couturier,PHI,f4,-,G,over,1.5,fanduel,10000,False,0.16524983183692282,,0.012238808917371948,,16.02046782295036,1913.6066666666666,,,1.0754488373749054,0.009900990099009901,,,,,,,no-market,2026-10-01T00:09:59+00:00,sgo_slate_alt_20261001T000957Z.json
TBL@NYR,Sean Durzi,NYR,d2,PP2,G,over,1.5,fanduel,10000,False,0.08650767055704069,,0.003532834792421074,,18.669931032995507,1457.6616666666666,,,1.0754488373749054,0.009900990099009901,,,,,,,no-market,2026-10-01T00:09:59+00:00,sgo_slate_alt_20261001T000957Z.json
BUF@CBJ,Sean Monahan,CBJ,f2,PP2,G,over,1.5,fanduel,3300,False,0.23805074963341205,,0.02421458943676098,,16.07820884634787,1797.7933333333335,,,1.0754488373749054,0.029411764705882353,,,,,,,no-market,2026-10-01T00:09:59+00:00,sgo_slate_alt_20261001T000957Z.json
BUF@CBJ,Sean Monahan,CBJ,f2,PP2,G,over,2.5,fanduel,22500,True,0.23805074963341205,,0.0018827249298456752,,16.07820884634787,1797.7933333333335,,,1.0754488373749054,0.004424778761061947,,,,,,,no-market,2026-10-01T00:09:59+00:00,sgo_slate_alt_20261001T000957Z.json
FLA@SJS,Seth Jones,FLA,d2,PP1,G,over,1.5,fanduel,8000,False,0.14000104575782155,,0.008931738925114596,,23.942526863278125,1959.8708333333334,,,1.0754488373749054,0.012345679012345678,,,,,,,no-market,2026-10-01T00:09:59+00:00,sgo_slate_alt_20261001T000957Z.json
SEA@CGY,Shane Wright,SEA,f3,PP2,G,over,1.5,fanduel,3500,False,0.18899018228079043,,0.015760307573948848,,12.906907363056954,1521.4391666666668,,,1.0754488373749054,0.027777777777777776,,,,,,,no-market,2026-10-01T00:09:59+00:00,sgo_slate_alt_20261001T000957Z.json
SEA@CGY,Simon Nemec,CGY,d1,PP2,G,over,1.5,fanduel,10000,False,0.11411963580562647,,0.006036811847841191,,20.718617554018913,1519.4841666666666,,,1.0754488373749054,0.009900990099009901,,,,,,,no-market,2026-10-01T00:09:59+00:00,sgo_slate_alt_20261001T000957Z.json
PHI@NJD,Stefan Noesen,NJD,not in DF lineup,-,G,over,1.5,fanduel,10000,False,0.20043974421019828,,0.017595166036028502,,11.786843224869854,1005.9191666666667,,,1.0754488373749054,0.009900990099009901,,,,,,,no-market,2026-10-01T00:09:59+00:00,sgo_slate_alt_20261001T000957Z.json
CHI@UTA,Teuvo Teravainen,CHI,f2,-,G,over,1.5,fanduel,8000,False,0.1410447380972971,,0.009059174592392971,,16.652910024421608,1943.3891666666668,,,1.0754488373749054,0.012345679012345678,,,,,,,no-market,2026-10-01T00:09:59+00:00,sgo_slate_alt_20261001T000957Z.json
CHI@UTA,Tyler Bertuzzi,CHI,f1,PP1,A,over,0.5,fanduel,190,False,0.2802488019787445,,0.24440427564416847,,17.963110816503743,2048.971666666667,,,0.9471386184492271,0.3448275862068966,,,,,,,no-market,2026-10-01T00:09:59+00:00,sgo_slate_alt_20261001T000957Z.json
CHI@UTA,Tyler Bertuzzi,CHI,f1,PP1,A,over,1.5,fanduel,1060,True,0.2802488019787445,,0.03264947911318506,,17.963110816503743,2048.971666666667,,,0.9471386184492271,0.08620689655172414,,,,,,,no-market,2026-10-01T00:09:59+00:00,sgo_slate_alt_20261001T000957Z.json
FLA@SJS,Tyler Toffoli,SJS,f2,PP2,G,over,1.5,fanduel,3500,False,0.2897759407914528,,0.03469139111213312,,14.140730602670734,1777.0583333333334,,,1.0754488373749054,0.027777777777777776,,,,,,,no-market,2026-10-01T00:09:59+00:00,sgo_slate_alt_20261001T000957Z.json
FLA@SJS,Tyler Toffoli,SJS,f2,PP2,G,over,2.5,fanduel,35000,True,0.2897759407914528,,0.003268469556248397,,14.140730602670734,1777.0583333333334,,,1.0754488373749054,0.002849002849002849,,,,,,,no-market,2026-10-01T00:09:59+00:00,sgo_slate_alt_20261001T000957Z.json
BUF@CBJ,Valeri Nichushkin,CBJ,f2,PP2,G,over,1.5,fanduel,3000,False,0.2922929051837945,,0.03523894405068104,,15.486949849826448,1658.1675,,,1.0754488373749054,0.03225806451612903,,,,,,,no-market,2026-10-01T00:09:59+00:00,sgo_slate_alt_20261001T000957Z.json
BUF@CBJ,Valeri Nichushkin,CBJ,f2,PP2,G,over,2.5,fanduel,35000,True,0.2922929051837945,,0.0033481482850987398,,15.486949849826448,1658.1675,,,1.0754488373749054,0.002849002849002849,,,,,,,no-market,2026-10-01T00:09:59+00:00,sgo_slate_alt_20261001T000957Z.json
TBL@NYR,Victor Hedman,TBL,d2,PP2,G,over,1.5,fanduel,7000,False,0.09396950622487847,,0.004148049244010936,,17.689906075050473,1443.1016666666667,,,1.0754488373749054,0.014084507042253521,,,,,,,no-market,2026-10-01T00:09:59+00:00,sgo_slate_alt_20261001T000957Z.json
SEA@CGY,Vince Dunn,SEA,d1,PP1,G,over,1.5,fanduel,4500,False,0.12089480905848332,,0.006744658073287184,,20.879076773204453,2370.6549999999997,,,1.0754488373749054,0.021739130434782608,,,,,,,no-market,2026-10-01T00:09:59+00:00,sgo_slate_alt_20261001T000957Z.json
TBL@NYR,Will Cuylle,NYR,f3,PP2,G,over,1.5,fanduel,3300,False,0.23386459200302437,,0.0234344500706112,,14.565831365537724,1953.6908333333336,,,1.0754488373749054,0.029411764705882353,,,,,,,no-market,2026-10-01T00:09:59+00:00,sgo_slate_alt_20261001T000957Z.json
TBL@NYR,Will Cuylle,NYR,f3,PP2,G,over,2.5,fanduel,25000,True,0.23386459200302437,,0.0017906831514712623,,14.565831365537724,1953.6908333333336,,,1.0754488373749054,0.00398406374501992,,,,,,,no-market,2026-10-01T00:09:59+00:00,sgo_slate_alt_20261001T000957Z.json
SEA@CGY,Yegor Sharangovich,CGY,f3,PP2,G,over,1.5,fanduel,3300,False,0.2214499804149329,,0.021183723826698562,,14.590031155003285,1798.6558333333335,,,1.0754488373749054,0.029411764705882353,,,,,,,no-market,2026-10-01T00:09:59+00:00,sgo_slate_alt_20261001T000957Z.json
SEA@CGY,Yegor Sharangovich,CGY,f3,PP2,G,over,2.5,fanduel,22500,True,0.2214499804149329,,0.0015344369989942796,,14.590031155003285,1798.6558333333335,,,1.0754488373749054,0.004424778761061947,,,,,,,no-market,2026-10-01T00:09:59+00:00,sgo_slate_alt_20261001T000957Z.json
BUF@CBJ,Zach Werenski,CBJ,d1,PP1,G,over,1.5,fanduel,3300,False,0.24704979445523492,,0.025927163324959594,,26.120375996915733,2970.9316666666664,,,1.0754488373749054,0.029411764705882353,,,,,,,no-market,2026-10-01T00:09:59+00:00,sgo_slate_alt_20261001T000957Z.json
BUF@CBJ,Zach Werenski,CBJ,d1,PP1,G,over,2.5,fanduel,22500,True,0.24704979445523492,,0.002090435607742339,,26.120375996915733,2970.9316666666664,,,1.0754488373749054,0.004424778761061947,,,,,,,no-market,2026-10-01T00:09:59+00:00,sgo_slate_alt_20261001T000957Z.json
SEA@CGY,Zayne Parekh,CGY,d2,PP1,G,over,1.5,fanduel,10000,False,0.14132294674083534,,0.009093281334234446,,19.873255269661556,643.5324999999999,,,1.0754488373749054,0.009900990099009901,,,,,,,no-market,2026-10-01T00:09:59+00:00,sgo_slate_alt_20261001T000957Z.json
