game,market,side,line,book,odds,implied,sim_p,push,ev,tail
TBL@NYR,TBL puck line,-1.5,-1.5,draftkings,170,0.37037037037037035,0.35117340087890625,0.0,-0.0518318176269531,False
TBL@NYR,TBL puck line,-3.5,-3.5,draftkings,625,0.13793103448275862,0.09139251708984375,0.0,-0.3374042510986328,True
TBL@NYR,TBL puck line,-2.5,-2.5,draftkings,265,0.273972602739726,0.22702789306640625,0.0,-0.17134819030761717,True
TBL@NYR,TBL puck line,+1.5,1.5,draftkings,-410,0.803921568627451,0.7789840698242188,0.0,-0.031019815584508392,True
TBL@NYR,TBL puck line,+2.5,2.5,draftkings,-875,0.8974358974358974,0.8710479736328125,0.0,-0.0294036865234375,True
TBL@NYR,TBL puck line,+3.5,3.5,draftkings,-3500,0.9722222222222223,0.9571456909179688,0.0,-0.015507289341517905,True
TBL@NYR,TBL puck line,-1.5,-1.5,fanduel,164,0.37878787878787884,0.35117340087890625,0.0,-0.07290222167968763,False
TBL@NYR,TBL puck line,-5.5,-5.5,fanduel,5000,0.0196078431372549,0.011199951171875,0.0,-0.428802490234375,True
TBL@NYR,TBL puck line,-4.5,-4.5,fanduel,1800,0.05263157894736842,0.0351715087890625,0.0,-0.3317413330078125,True
TBL@NYR,TBL puck line,-3.5,-3.5,fanduel,790,0.11235955056179775,0.09139251708984375,0.0,-0.18660659790039058,True
TBL@NYR,TBL puck line,-2.5,-2.5,fanduel,280,0.2631578947368421,0.22702789306640625,0.0,-0.13729400634765632,True
TBL@NYR,TBL puck line,+1.5,1.5,fanduel,-430,0.8113207547169812,0.7789840698242188,0.0,-0.03985684417014901,True
TBL@NYR,TBL puck line,+2.5,2.5,fanduel,-850,0.8947368421052632,0.8710479736328125,0.0,-0.026475794175091938,True
TBL@NYR,TBL puck line,+3.5,3.5,fanduel,-3500,0.9722222222222223,0.9571456909179688,0.0,-0.015507289341517905,True
TBL@NYR,TBL puck line,+4.5,4.5,fanduel,-8000,0.9876543209876544,0.98614501953125,0.0,-0.0015281677246093972,True
TBL@NYR,TBL puck line,+5.5,5.5,fanduel,-50000,0.998003992015968,0.9961166381835938,0.0,-0.0018911285400390332,True
TBL@NYR,NYR puck line,+1.5,1.5,draftkings,-205,0.6721311475409836,0.6488265991210938,0.0,-0.03467262081983613,False
TBL@NYR,NYR puck line,-3.5,-3.5,draftkings,1100,0.08333333333333333,0.04285430908203125,0.0,-0.485748291015625,True
TBL@NYR,NYR puck line,-2.5,-2.5,draftkings,490,0.1694915254237288,0.1289520263671875,0.0,-0.23918304443359373,True
TBL@NYR,NYR puck line,-1.5,-1.5,draftkings,275,0.26666666666666666,0.22101593017578125,0.0,-0.1711902618408203,True
TBL@NYR,NYR puck line,+2.5,2.5,draftkings,-385,0.7938144329896907,0.7729721069335938,0.0,-0.026255917239498716,True
TBL@NYR,NYR puck line,+3.5,3.5,draftkings,-1200,0.9230769230769231,0.9086074829101562,0.0,-0.015675226847330803,True
TBL@NYR,NYR puck line,+1.5,1.5,fanduel,-205,0.6721311475409836,0.6488265991210938,0.0,-0.03467262081983613,False
TBL@NYR,NYR puck line,-4.5,-4.5,fanduel,4000,0.024390243902439025,0.01385498046875,0.0,-0.43194580078125,True
TBL@NYR,NYR puck line,-3.5,-3.5,fanduel,1460,0.06410256410256411,0.04285430908203125,0.0,-0.3314727783203125,True
TBL@NYR,NYR puck line,-2.5,-2.5,fanduel,510,0.1639344262295082,0.1289520263671875,0.0,-0.21339263916015627,True
TBL@NYR,NYR puck line,-1.5,-1.5,fanduel,290,0.25641025641025644,0.22101593017578125,0.0,-0.1380378723144532,True
TBL@NYR,NYR puck line,+2.5,2.5,fanduel,-400,0.8,0.7729721069335938,0.0,-0.03378486633300781,True
TBL@NYR,NYR puck line,+3.5,3.5,fanduel,-1450,0.935483870967742,0.9086074829101562,0.0,-0.028729932061557162,True
TBL@NYR,NYR puck line,+4.5,4.5,fanduel,-4500,0.9782608695652175,0.9648284912109375,0.0,-0.013730875651041696,True
TBL@NYR,NYR puck line,+5.5,5.5,fanduel,-20000,0.9950248756218907,0.988800048828125,0.0,-0.006255950927734455,True
TBL@NYR,NYR puck line,+6.5,6.5,fanduel,-50000,0.998003992015968,0.9970932006835938,0.0,-0.0009126129150390794,True
TBL@NYR,Game total,over,5.5,draftkings,-125,0.5555555555555556,0.502777099609375,0.0,-0.095001220703125,False
TBL@NYR,Game total,over,3.5,draftkings,-700,0.875,0.83612060546875,0.0,-0.04443359375,True
TBL@NYR,Game total,over,4.5,draftkings,-370,0.7872340425531915,0.7464141845703125,0.0,-0.05185225203230581,False
TBL@NYR,Game total,over,6.5,draftkings,125,0.4444444444444444,0.3889007568359375,0.0,-0.12497329711914062,False
TBL@NYR,Game total,over,7.5,draftkings,285,0.2597402597402597,0.193145751953125,0.0,-0.2563888549804687,True
TBL@NYR,Game total,over,8.5,draftkings,430,0.18867924528301888,0.12804412841796875,0.0,-0.32136611938476567,True
TBL@NYR,Game total,over,9.5,draftkings,1000,0.09090909090909091,0.04782867431640625,0.0,-0.47388458251953125,True
TBL@NYR,Game total,over,5.5,fanduel,-128,0.5614035087719298,0.502777099609375,0.0,-0.10442829132080078,False
TBL@NYR,Game total,over,2.5,fanduel,-4500,0.9782608695652175,0.9649658203125,0.0,-0.01359049479166674,True
TBL@NYR,Game total,over,3.0,fanduel,-5000,0.9803921568627451,0.83612060546875,0.12884521484375,-0.018311767578125027,True
TBL@NYR,Game total,over,3.5,fanduel,-800,0.8888888888888888,0.83612060546875,0.0,-0.05936431884765625,True
TBL@NYR,Game total,over,4.0,fanduel,-650,0.8666666666666667,0.7464141845703125,0.0897064208984375,-0.049046443058894273,False
TBL@NYR,Game total,over,4.5,fanduel,-410,0.803921568627451,0.7464141845703125,0.0,-0.0715335752905869,False
TBL@NYR,Game total,over,5.0,fanduel,-265,0.726027397260274,0.502777099609375,0.2436370849609375,-0.06385860802992338,False
TBL@NYR,Game total,over,6.0,fanduel,102,0.49504950495049505,0.3889007568359375,0.1138763427734375,-0.10054412841796878,False
TBL@NYR,Game total,over,6.5,fanduel,124,0.4464285714285714,0.3889007568359375,0.0,-0.12886230468749993,False
TBL@NYR,Game total,over,7.0,fanduel,235,0.29850746268656714,0.193145751953125,0.1957550048828125,-0.1572067260742187,True
TBL@NYR,Game total,over,7.5,fanduel,300,0.25,0.193145751953125,0.0,-0.2274169921875,True
TBL@NYR,Game total,over,8.0,fanduel,440,0.18518518518518517,0.12804412841796875,0.06510162353515625,-0.2434600830078124,True
TBL@NYR,Game total,over,8.5,fanduel,470,0.17543859649122806,0.12804412841796875,0.0,-0.2701484680175781,True
TBL@NYR,Game total,over,9.5,fanduel,1120,0.0819672131147541,0.04782867431640625,0.0,-0.41649017333984384,True
TBL@NYR,Game total,over,10.5,fanduel,1700,0.05555555555555555,0.02745819091796875,0.0,-0.5057525634765625,True
TBL@NYR,Game total,over,11.5,fanduel,4300,0.022727272727272728,0.0080718994140625,0.0,-0.64483642578125,True
TBL@NYR,Game total,under,5.5,draftkings,105,0.48780487804878053,0.497222900390625,0.0,0.019306945800781072,False
TBL@NYR,Game total,under,3.5,draftkings,420,0.1923076923076923,0.16387939453125,0.0,-0.1478271484375,True
TBL@NYR,Game total,under,4.5,draftkings,255,0.28169014084507044,0.2535858154296875,0.0,-0.09977035522460942,False
TBL@NYR,Game total,under,6.5,draftkings,-165,0.6226415094339623,0.6110992431640625,0.0,-0.018537579160748163,False
TBL@NYR,Game total,under,7.5,draftkings,-425,0.8095238095238095,0.806854248046875,0.0,-0.003297693589154327,True
TBL@NYR,Game total,under,8.5,draftkings,-725,0.8787878787878788,0.8719558715820312,0.0,-0.00777435302734375,True
TBL@NYR,Game total,under,9.5,draftkings,-2800,0.9655172413793103,0.9521713256835938,0.0,-0.013822555541992076,True
TBL@NYR,Game total,under,5.5,fanduel,104,0.49019607843137253,0.497222900390625,0.0,0.014334716796875036,False
TBL@NYR,Game total,under,2.5,fanduel,1800,0.05263157894736842,0.0350341796875,0.0,-0.3343505859375,True
TBL@NYR,Game total,under,3.0,fanduel,1500,0.0625,0.0350341796875,0.12884521484375,-0.31060791015625,True
TBL@NYR,Game total,under,3.5,fanduel,490,0.1694915254237288,0.16387939453125,0.0,-0.03311157226562489,True
TBL@NYR,Game total,under,4.0,fanduel,440,0.18518518518518517,0.16387939453125,0.0897064208984375,-0.02534484863281239,True
TBL@NYR,Game total,under,4.5,fanduel,290,0.25641025641025644,0.2535858154296875,0.0,-0.011015319824218772,False
TBL@NYR,Game total,under,5.0,fanduel,210,0.3225806451612903,0.2535858154296875,0.2436370849609375,0.02975311279296866,False
TBL@NYR,Game total,under,6.0,fanduel,-124,0.5535714285714286,0.497222900390625,0.1138763427734375,0.012085453156502002,False
TBL@NYR,Game total,under,6.5,fanduel,-158,0.6124031007751938,0.6110992431640625,0.0,-0.002129083947290278,False
TBL@NYR,Game total,under,7.0,fanduel,-300,0.75,0.6110992431640625,0.1957550048828125,0.010553995768229019,False
TBL@NYR,Game total,under,7.5,fanduel,-430,0.8113207547169812,0.806854248046875,0.0,-0.005505229151526181,True
TBL@NYR,Game total,under,8.0,fanduel,-650,0.8666666666666667,0.806854248046875,0.06510162353515625,-0.00391270564152657,True
TBL@NYR,Game total,under,8.5,fanduel,-750,0.8823529411764706,0.8719558715820312,0.0,-0.011783345540364643,True
TBL@NYR,Game total,under,9.5,fanduel,-2400,0.96,0.9521713256835938,0.0,-0.008154869079589733,True
TBL@NYR,Game total,under,10.5,fanduel,-4500,0.9782608695652175,0.9725418090820312,0.0,-0.005846150716145915,True
TBL@NYR,Game total,under,11.5,fanduel,-8000,0.9876543209876544,0.9919281005859375,0.0,0.00432720184326163,True
TBL@NYR,TBL team total,over,3.5,draftkings,120,0.45454545454545453,0.4069061279296875,0.0,-0.10480651855468748,False
TBL@NYR,TBL team total,over,0.5,draftkings,-4500,0.9782608695652175,0.9576492309570312,0.0,-0.02106967502170143,True
TBL@NYR,TBL team total,over,1.5,draftkings,-600,0.8571428571428571,0.82904052734375,0.0,-0.03278605143229163,True
TBL@NYR,TBL team total,over,2.5,draftkings,-200,0.6666666666666666,0.6323699951171875,0.0,-0.05144500732421875,False
TBL@NYR,TBL team total,over,4.5,draftkings,275,0.26666666666666666,0.20751953125,0.0,-0.2218017578125,True
TBL@NYR,TBL team total,over,5.5,draftkings,650,0.13333333333333333,0.0815277099609375,0.0,-0.38854217529296875,True
TBL@NYR,TBL team total,over,3.5,fanduel,120,0.45454545454545453,0.4069061279296875,0.0,-0.10480651855468748,False
TBL@NYR,TBL team total,over,0.5,fanduel,-3500,0.9722222222222223,0.9576492309570312,0.0,-0.014989362444196574,True
TBL@NYR,TBL team total,over,1.5,fanduel,-700,0.875,0.82904052734375,0.0,-0.052525111607142905,True
TBL@NYR,TBL team total,over,2.5,fanduel,-210,0.6774193548387096,0.6323699951171875,0.0,-0.06650143577938983,False
TBL@NYR,TBL team total,over,4.5,fanduel,290,0.25641025641025644,0.20751953125,0.0,-0.190673828125,True
TBL@NYR,TBL team total,over,5.5,fanduel,760,0.11627906976744186,0.0815277099609375,0.0,-0.29886169433593757,True
TBL@NYR,TBL team total,over,6.5,fanduel,1900,0.05,0.02574920654296875,0.0,-0.485015869140625,True
TBL@NYR,TBL team total,over,7.5,fanduel,6000,0.01639344262295082,0.0065155029296875,0.0,-0.6025543212890625,True
TBL@NYR,TBL team total,under,3.5,draftkings,-160,0.6153846153846154,0.5930938720703125,0.0,-0.03622245788574219,False
TBL@NYR,TBL team total,under,0.5,draftkings,1200,0.07692307692307693,0.04235076904296875,0.0,-0.44944000244140625,True
TBL@NYR,TBL team total,under,1.5,draftkings,370,0.2127659574468085,0.17095947265625,0.0,-0.19649047851562496,True
TBL@NYR,TBL team total,under,2.5,draftkings,150,0.4,0.3676300048828125,0.0,-0.08092498779296875,False
TBL@NYR,TBL team total,under,4.5,draftkings,-410,0.803921568627451,0.79248046875,0.0,-0.014231612042682973,True
TBL@NYR,TBL team total,under,5.5,draftkings,-1300,0.9285714285714286,0.9184722900390625,0.0,-0.010875995342548128,True
TBL@NYR,TBL team total,under,3.5,fanduel,-154,0.6062992125984252,0.5930938720703125,0.0,-0.021780236974939138,False
TBL@NYR,TBL team total,under,0.5,fanduel,1550,0.06060606060606061,0.04235076904296875,0.0,-0.3012123107910156,True
TBL@NYR,TBL team total,under,1.5,fanduel,440,0.18518518518518517,0.17095947265625,0.0,-0.07681884765624991,True
TBL@NYR,TBL team total,under,4.5,fanduel,-430,0.8113207547169812,0.79248046875,0.0,-0.02322174781976749,True
TBL@NYR,TBL team total,under,5.5,fanduel,-1450,0.935483870967742,0.9184722900390625,0.0,-0.01818479340651946,True
TBL@NYR,TBL team total,under,6.5,fanduel,-5000,0.9803921568627451,0.9742507934570312,0.0,-0.006264190673828107,True
TBL@NYR,NYR team total,over,2.5,draftkings,-135,0.574468085106383,0.5145416259765625,0.0,-0.10431642885561343,False
TBL@NYR,NYR team total,over,0.5,draftkings,-2200,0.9565217391304348,0.9272079467773438,0.0,-0.030646237460049797,True
TBL@NYR,NYR team total,over,1.5,draftkings,-385,0.7938144329896907,0.7460784912109375,0.0,-0.06013488769531239,False
TBL@NYR,NYR team total,over,3.5,draftkings,190,0.3448275862068966,0.29729461669921875,0.0,-0.1378456115722656,False
TBL@NYR,NYR team total,over,4.5,draftkings,430,0.18867924528301888,0.13652801513671875,0.0,-0.2764015197753906,True
TBL@NYR,NYR team total,over,5.5,draftkings,1000,0.09090909090909091,0.04764556884765625,0.0,-0.47589874267578125,True
TBL@NYR,NYR team total,over,2.5,fanduel,-130,0.5652173913043479,0.5145416259765625,0.0,-0.08965712327223563,False
TBL@NYR,NYR team total,over,0.5,fanduel,-2000,0.9523809523809523,0.9272079467773438,0.0,-0.02643165588378904,True
TBL@NYR,NYR team total,over,1.5,fanduel,-380,0.7916666666666667,0.7460784912109375,0.0,-0.057585063733552655,False
TBL@NYR,NYR team total,over,3.5,fanduel,188,0.3472222222222222,0.29729461669921875,0.0,-0.14379150390625006,False
TBL@NYR,NYR team total,over,4.5,fanduel,450,0.18181818181818182,0.13652801513671875,0.0,-0.24909591674804688,True
TBL@NYR,NYR team total,over,5.5,fanduel,1180,0.078125,0.04764556884765625,0.0,-0.39013671875,True
TBL@NYR,NYR team total,over,6.5,fanduel,3200,0.030303030303030304,0.0126495361328125,0.0,-0.5825653076171875,True
TBL@NYR,NYR team total,under,2.5,draftkings,-105,0.5121951219512195,0.4854583740234375,0.0,-0.0522003173828125,False
TBL@NYR,NYR team total,under,0.5,draftkings,900,0.1,0.07279205322265625,0.0,-0.2720794677734375,True
TBL@NYR,NYR team total,under,1.5,draftkings,265,0.273972602739726,0.2539215087890625,0.0,-0.07318649291992185,False
TBL@NYR,NYR team total,under,3.5,draftkings,-260,0.7222222222222222,0.7027053833007812,0.0,-0.0270233154296875,False
TBL@NYR,NYR team total,under,4.5,draftkings,-725,0.8787878787878788,0.8634719848632812,0.0,-0.017428431017645463,True
TBL@NYR,NYR team total,under,5.5,draftkings,-2800,0.9655172413793103,0.9523544311523438,0.0,-0.013632910592215275,True
TBL@NYR,NYR team total,under,2.5,fanduel,102,0.49504950495049505,0.4854583740234375,0.0,-0.019374084472656206,False
TBL@NYR,NYR team total,under,0.5,fanduel,1060,0.08620689655172414,0.07279205322265625,0.0,-0.15561218261718757,True
TBL@NYR,NYR team total,under,1.5,fanduel,270,0.27027027027027023,0.2539215087890625,0.0,-0.06049041748046868,False
TBL@NYR,NYR team total,under,3.5,fanduel,-250,0.7142857142857143,0.7027053833007812,0.0,-0.01621246337890636,False
TBL@NYR,NYR team total,under,4.5,fanduel,-750,0.8823529411764706,0.8634719848632812,0.0,-0.021398417154947946,True
TBL@NYR,NYR team total,under,5.5,fanduel,-2400,0.96,0.9523544311523438,0.0,-0.007964134216308483,True
TBL@NYR,NYR team total,under,6.5,fanduel,-8000,0.9876543209876544,0.9873504638671875,0.0,-0.00030765533447274507,True
SEA@CGY,CGY puck line,-1.5,-1.5,draftkings,225,0.3076923076923077,0.2878875732421875,0.0,-0.06436538696289062,False
SEA@CGY,CGY puck line,-3.5,-3.5,draftkings,900,0.1,0.06571197509765625,0.0,-0.3428802490234375,True
SEA@CGY,CGY puck line,-2.5,-2.5,draftkings,360,0.2173913043478261,0.17736053466796875,0.0,-0.18414154052734377,True
SEA@CGY,CGY puck line,+1.5,1.5,draftkings,-270,0.7297297297297298,0.7188873291015625,0.0,-0.01485810456452552,False
SEA@CGY,CGY puck line,+2.5,2.5,draftkings,-505,0.8347107438016529,0.8266067504882812,0.0,-0.009708744464534402,True
SEA@CGY,CGY puck line,+3.5,3.5,draftkings,-1600,0.9411764705882353,0.9363479614257812,0.0,-0.005130290985107422,True
SEA@CGY,CGY puck line,+1.5,1.5,fanduel,-290,0.7435897435897436,0.7188873291015625,0.0,-0.033220488449622776,False
SEA@CGY,CGY puck line,-4.5,-4.5,fanduel,2600,0.037037037037037035,0.02294158935546875,0.0,-0.38057708740234375,True
SEA@CGY,CGY puck line,-3.5,-3.5,fanduel,1080,0.0847457627118644,0.06571197509765625,0.0,-0.22459869384765618,True
SEA@CGY,CGY puck line,-2.5,-2.5,fanduel,370,0.2127659574468085,0.17736053466796875,0.0,-0.1664054870605468,True
SEA@CGY,CGY puck line,-1.5,-1.5,fanduel,235,0.29850746268656714,0.2878875732421875,0.0,-0.03557662963867181,False
SEA@CGY,CGY puck line,+2.5,2.5,fanduel,-600,0.8571428571428571,0.8266067504882812,0.0,-0.035625457763671764,True
SEA@CGY,CGY puck line,+3.5,3.5,fanduel,-2000,0.9523809523809523,0.9363479614257812,0.0,-0.0168346405029296,True
SEA@CGY,CGY puck line,+4.5,4.5,fanduel,-8000,0.9876543209876544,0.9779281616210938,0.0,-0.009847736358642667,True
SEA@CGY,CGY puck line,+5.5,5.5,fanduel,-20000,0.9950248756218907,0.99346923828125,0.0,-0.0015634155273438477,True
SEA@CGY,CGY puck line,+6.5,6.5,fanduel,-50000,0.998003992015968,0.9983444213867188,0.0,0.00034111022949212533,True
SEA@CGY,Game total,under,5.5,draftkings,105,0.48780487804878053,0.49886322021484375,0.0,0.02266960144042951,False
SEA@CGY,Game total,under,3.5,draftkings,440,0.18518518518518517,0.16455841064453125,0.0,-0.1113845825195312,True
SEA@CGY,Game total,under,4.5,draftkings,270,0.27027027027027023,0.2548675537109375,0.0,-0.05699005126953116,False
SEA@CGY,Game total,under,6.5,draftkings,-155,0.607843137254902,0.612701416015625,0.0,0.007992652154737767,False
SEA@CGY,Game total,under,7.5,draftkings,-410,0.803921568627451,0.8052139282226562,0.0,0.0016075692525723273,True
SEA@CGY,Game total,under,8.5,draftkings,-675,0.8709677419354839,0.869384765625,0.0,-0.0018174913194444198,True
SEA@CGY,Game total,under,9.5,draftkings,-2200,0.9565217391304348,0.9508209228515625,0.0,-0.005959944291548336,True
SEA@CGY,Game total,under,5.5,fanduel,102,0.49504950495049505,0.49886322021484375,0.0,0.007703704833984304,False
SEA@CGY,Game total,under,2.5,fanduel,1750,0.05405405405405406,0.03610992431640625,0.0,-0.3319664001464844,True
SEA@CGY,Game total,under,3.0,fanduel,1400,0.06666666666666667,0.03610992431640625,0.128448486328125,-0.32990264892578125,True
SEA@CGY,Game total,under,3.5,fanduel,460,0.17857142857142858,0.16455841064453125,0.0,-0.07847290039062504,True
SEA@CGY,Game total,under,4.0,fanduel,420,0.1923076923076923,0.16455841064453125,0.09030914306640625,-0.05398712158203123,True
SEA@CGY,Game total,under,4.5,fanduel,270,0.27027027027027023,0.2548675537109375,0.0,-0.05699005126953116,False
SEA@CGY,Game total,under,5.0,fanduel,198,0.33557046979865773,0.2548675537109375,0.24399566650390625,0.0035009765625000355,False
SEA@CGY,Game total,under,6.0,fanduel,-122,0.5495495495495495,0.49886322021484375,0.11383819580078125,0.021605694880250992,False
SEA@CGY,Game total,under,6.5,fanduel,-156,0.609375,0.612701416015625,0.0,0.005458733974359031,False
SEA@CGY,Game total,under,7.0,fanduel,-300,0.75,0.612701416015625,0.19251251220703125,0.009447733561197769,False
SEA@CGY,Game total,under,7.5,fanduel,-450,0.8181818181818181,0.8052139282226562,0.0,-0.01584964328342009,True
SEA@CGY,Game total,under,8.0,fanduel,-650,0.8666666666666667,0.8052139282226562,0.06417083740234375,-0.006736168494591466,True
SEA@CGY,Game total,under,8.5,fanduel,-750,0.8823529411764706,0.869384765625,0.0,-0.014697265625000067,True
SEA@CGY,Game total,under,9.5,fanduel,-2400,0.96,0.9508209228515625,0.0,-0.009561538696288951,True
SEA@CGY,Game total,under,10.5,fanduel,-4500,0.9782608695652175,0.9714889526367188,0.0,-0.006922403971354241,True
SEA@CGY,SEA puck line,+1.5,1.5,draftkings,-278,0.7354497354497355,0.7121124267578125,0.0,-0.03173202404872977,False
SEA@CGY,SEA puck line,-3.5,-3.5,draftkings,750,0.11764705882352941,0.06365203857421875,0.0,-0.4589576721191406,True
SEA@CGY,SEA puck line,-2.5,-2.5,draftkings,330,0.23255813953488372,0.17339324951171875,0.0,-0.25440902709960944,True
SEA@CGY,SEA puck line,-1.5,-1.5,draftkings,195,0.3389830508474576,0.2811126708984375,0.0,-0.1707176208496093,False
SEA@CGY,SEA puck line,+2.5,2.5,draftkings,-575,0.851851851851852,0.8226394653320312,0.0,-0.03429280156674597,True
SEA@CGY,SEA puck line,+3.5,3.5,draftkings,-2200,0.9565217391304348,0.9342880249023438,0.0,-0.02324433760209521,True
SEA@CGY,SEA puck line,-1.5,-1.5,fanduel,225,0.3076923076923077,0.2811126708984375,0.0,-0.08638381958007812,False
SEA@CGY,SEA puck line,-4.5,-4.5,fanduel,2700,0.03571428571428571,0.02207183837890625,0.0,-0.381988525390625,True
SEA@CGY,SEA puck line,-3.5,-3.5,fanduel,1080,0.0847457627118644,0.06365203857421875,0.0,-0.24890594482421868,True
SEA@CGY,SEA puck line,-2.5,-2.5,fanduel,370,0.2127659574468085,0.17339324951171875,0.0,-0.1850517272949218,True
SEA@CGY,SEA puck line,+1.5,1.5,fanduel,-330,0.7674418604651163,0.7121124267578125,0.0,-0.07209592877012316,False
SEA@CGY,SEA puck line,+2.5,2.5,fanduel,-600,0.8571428571428571,0.8226394653320312,0.0,-0.040253957112630134,True
SEA@CGY,SEA puck line,+3.5,3.5,fanduel,-2000,0.9523809523809523,0.9342880249023438,0.0,-0.018997573852538974,True
SEA@CGY,SEA puck line,+4.5,4.5,fanduel,-6000,0.9836065573770493,0.9770584106445312,0.0,-0.006657282511393303,True
SEA@CGY,SEA puck line,+5.5,5.5,fanduel,-20000,0.9950248756218907,0.993072509765625,0.0,-0.0019621276855469327,True
SEA@CGY,SEA puck line,+6.5,6.5,fanduel,-50000,0.998003992015968,0.9984054565429688,0.0,0.0004022674560546502,True
SEA@CGY,Game total,over,5.5,draftkings,-125,0.5555555555555556,0.5011367797851562,0.0,-0.09795379638671875,False
SEA@CGY,Game total,over,3.5,draftkings,-750,0.8823529411764706,0.8354415893554688,0.0,-0.053166198730468794,True
SEA@CGY,Game total,over,4.5,draftkings,-400,0.8,0.7451324462890625,0.0,-0.06858444213867188,False
SEA@CGY,Game total,over,6.5,draftkings,115,0.46511627906976744,0.387298583984375,0.0,-0.16730804443359382,False
SEA@CGY,Game total,over,7.5,draftkings,275,0.26666666666666666,0.19478607177734375,0.0,-0.26955223083496094,True
SEA@CGY,Game total,over,8.5,draftkings,410,0.19607843137254904,0.130615234375,0.0,-0.3338623046875,True
SEA@CGY,Game total,over,9.5,draftkings,900,0.1,0.0491790771484375,0.0,-0.508209228515625,True
SEA@CGY,Game total,over,5.5,fanduel,-124,0.5535714285714286,0.5011367797851562,0.0,-0.09472065587197587,False
SEA@CGY,Game total,over,2.5,fanduel,-4500,0.9782608695652175,0.9638900756835938,0.0,-0.014690144856770893,True
SEA@CGY,Game total,over,3.0,fanduel,-4500,0.9782608695652175,0.8354415893554688,0.128448486328125,-0.017544555664062544,True
SEA@CGY,Game total,over,3.5,fanduel,-750,0.8823529411764706,0.8354415893554688,0.0,-0.053166198730468794,True
SEA@CGY,Game total,over,4.0,fanduel,-600,0.8571428571428571,0.7451324462890625,0.09030914306640625,-0.04036966959635413,False
SEA@CGY,Game total,over,4.5,fanduel,-380,0.7916666666666667,0.7451324462890625,0.0,-0.0587800678453948,False
SEA@CGY,Game total,over,5.0,fanduel,-250,0.7142857142857143,0.5011367797851562,0.24399566650390625,-0.054412841796875,False
SEA@CGY,Game total,over,6.0,fanduel,102,0.49504950495049505,0.387298583984375,0.11383819580078125,-0.10381866455078126,False
SEA@CGY,Game total,over,6.5,fanduel,122,0.4504504504504505,0.387298583984375,0.0,-0.1401971435546876,False
SEA@CGY,Game total,over,7.0,fanduel,235,0.29850746268656714,0.19478607177734375,0.19251251220703125,-0.15495414733886714,True
SEA@CGY,Game total,over,7.5,fanduel,300,0.25,0.19478607177734375,0.0,-0.220855712890625,True
SEA@CGY,Game total,over,8.0,fanduel,440,0.18518518518518517,0.130615234375,0.06417083740234375,-0.23050689697265625,True
SEA@CGY,Game total,over,8.5,fanduel,470,0.17543859649122806,0.130615234375,0.0,-0.2554931640625,True
SEA@CGY,Game total,over,9.5,fanduel,1160,0.07936507936507936,0.0491790771484375,0.0,-0.38034362792968757,True
SEA@CGY,Game total,over,10.5,fanduel,1750,0.05405405405405406,0.02851104736328125,0.0,-0.4725456237792969,True
SEA@CGY,Game total,over,11.5,fanduel,5000,0.0196078431372549,0.00778961181640625,0.0,-0.6027297973632812,True
SEA@CGY,SEA team total,over,2.5,draftkings,-175,0.6363636363636364,0.57000732421875,0.0,-0.1042742047991072,False
SEA@CGY,SEA team total,over,0.5,draftkings,-3500,0.9722222222222223,0.942169189453125,0.0,-0.030911690848214435,True
SEA@CGY,SEA team total,over,1.5,draftkings,-525,0.84,0.7862091064453125,0.0,-0.0640367780412947,True
SEA@CGY,SEA team total,over,3.5,draftkings,140,0.4166666666666667,0.3484954833984375,0.0,-0.16361083984375002,False
SEA@CGY,SEA team total,over,4.5,draftkings,320,0.23809523809523808,0.16884613037109375,0.0,-0.29084625244140627,True
SEA@CGY,SEA team total,over,5.5,draftkings,750,0.11764705882352941,0.06287384033203125,0.0,-0.4655723571777344,True
SEA@CGY,SEA team total,over,2.5,fanduel,-164,0.6212121212121212,0.57000732421875,0.0,-0.08242723418445119,False
SEA@CGY,SEA team total,over,0.5,fanduel,-3000,0.9677419354838709,0.942169189453125,0.0,-0.026425170898437433,True
SEA@CGY,SEA team total,over,1.5,fanduel,-550,0.8461538461538461,0.7862091064453125,0.0,-0.07084378329190333,True
SEA@CGY,SEA team total,over,3.5,fanduel,150,0.4,0.3484954833984375,0.0,-0.12876129150390625,False
SEA@CGY,SEA team total,over,4.5,fanduel,360,0.2173913043478261,0.16884613037109375,0.0,-0.22330780029296882,True
SEA@CGY,SEA team total,over,5.5,fanduel,920,0.09803921568627452,0.06287384033203125,0.0,-0.35868682861328127,True
SEA@CGY,SEA team total,over,6.5,fanduel,2500,0.038461538461538464,0.01796722412109375,0.0,-0.5328521728515625,True
SEA@CGY,SEA team total,under,2.5,draftkings,135,0.425531914893617,0.42999267578125,0.0,0.0104827880859375,False
SEA@CGY,SEA team total,under,0.5,draftkings,1100,0.08333333333333333,0.057830810546875,0.0,-0.3060302734375,True
SEA@CGY,SEA team total,under,1.5,draftkings,340,0.22727272727272727,0.2137908935546875,0.0,-0.05932006835937498,True
SEA@CGY,SEA team total,under,3.5,draftkings,-180,0.6428571428571428,0.6515045166015625,0.0,0.013451470269097321,False
SEA@CGY,SEA team total,under,4.5,draftkings,-485,0.8290598290598291,0.8311538696289062,0.0,0.0025258015111548904,True
SEA@CGY,SEA team total,under,5.5,draftkings,-1600,0.9411764705882353,0.9371261596679688,0.0,-0.004303455352783203,True
SEA@CGY,SEA team total,under,2.5,fanduel,128,0.43859649122807015,0.42999267578125,0.0,-0.019616699218749867,False
SEA@CGY,SEA team total,under,0.5,fanduel,1300,0.07142857142857142,0.057830810546875,0.0,-0.19036865234375,True
SEA@CGY,SEA team total,under,1.5,fanduel,340,0.22727272727272727,0.2137908935546875,0.0,-0.05932006835937498,True
SEA@CGY,SEA team total,under,3.5,fanduel,-196,0.6621621621621622,0.6515045166015625,0.0,-0.01609521982621176,False
SEA@CGY,SEA team total,under,4.5,fanduel,-550,0.8461538461538461,0.8311538696289062,0.0,-0.017727244984019785,True
SEA@CGY,SEA team total,under,5.5,fanduel,-1800,0.9473684210526315,0.9371261596679688,0.0,-0.010811275906032924,True
SEA@CGY,SEA team total,under,6.5,fanduel,-6000,0.9836065573770493,0.9820327758789062,0.0,-0.001600011189778705,True
SEA@CGY,CGY team total,over,2.5,draftkings,-155,0.607843137254902,0.5769805908203125,0.0,-0.05077386671496986,False
SEA@CGY,CGY team total,over,0.5,draftkings,-2800,0.9655172413793103,0.9437026977539062,0.0,-0.0225936344691684,True
SEA@CGY,CGY team total,over,1.5,draftkings,-450,0.8181818181818181,0.7919769287109375,0.0,-0.03202819824218739,True
SEA@CGY,CGY team total,over,3.5,draftkings,150,0.4,0.3547210693359375,0.0,-0.11319732666015625,False
SEA@CGY,CGY team total,over,4.5,draftkings,340,0.22727272727272727,0.17333221435546875,0.0,-0.23733825683593746,True
SEA@CGY,CGY team total,over,5.5,draftkings,800,0.1111111111111111,0.065765380859375,0.0,-0.408111572265625,True
SEA@CGY,CGY team total,over,2.5,fanduel,-160,0.6153846153846154,0.5769805908203125,0.0,-0.06240653991699219,False
SEA@CGY,CGY team total,over,0.5,fanduel,-3000,0.9677419354838709,0.9437026977539062,0.0,-0.02484054565429683,True
SEA@CGY,CGY team total,over,1.5,fanduel,-480,0.8275862068965518,0.7919769287109375,0.0,-0.0430278778076173,True
SEA@CGY,CGY team total,over,3.5,fanduel,156,0.390625,0.3547210693359375,0.0,-0.0919140625,False
SEA@CGY,CGY team total,over,4.5,fanduel,370,0.2127659574468085,0.17333221435546875,0.0,-0.18533859252929685,True
SEA@CGY,CGY team total,over,5.5,fanduel,960,0.09433962264150944,0.065765380859375,0.0,-0.302886962890625,True
SEA@CGY,CGY team total,over,6.5,fanduel,2600,0.037037037037037035,0.01923370361328125,0.0,-0.48069000244140625,True
SEA@CGY,CGY team total,under,2.5,draftkings,115,0.46511627906976744,0.4230194091796875,0.0,-0.09050827026367192,False
SEA@CGY,CGY team total,under,0.5,draftkings,1000,0.09090909090909091,0.05629730224609375,0.0,-0.38072967529296875,True
SEA@CGY,CGY team total,under,1.5,draftkings,300,0.25,0.2080230712890625,0.0,-0.16790771484375,True
SEA@CGY,CGY team total,under,3.5,draftkings,-200,0.6666666666666666,0.6452789306640625,0.0,-0.03208160400390625,False
SEA@CGY,CGY team total,under,4.5,draftkings,-525,0.84,0.8266677856445312,0.0,-0.01587168375651038,True
SEA@CGY,CGY team total,under,5.5,draftkings,-1800,0.9473684210526315,0.934234619140625,0.0,-0.01386345757378471,True
SEA@CGY,CGY team total,under,2.5,fanduel,126,0.4424778761061947,0.4230194091796875,0.0,-0.04397613525390631,False
SEA@CGY,CGY team total,under,0.5,fanduel,1280,0.07246376811594203,0.05629730224609375,0.0,-0.22309722900390616,True
SEA@CGY,CGY team total,under,1.5,fanduel,330,0.23255813953488372,0.2080230712890625,0.0,-0.10550079345703134,True
SEA@CGY,CGY team total,under,3.5,fanduel,-200,0.6666666666666666,0.6452789306640625,0.0,-0.03208160400390625,False
SEA@CGY,CGY team total,under,4.5,fanduel,-600,0.8571428571428571,0.8266677856445312,0.0,-0.035554250081380134,True
SEA@CGY,CGY team total,under,5.5,fanduel,-1800,0.9473684210526315,0.934234619140625,0.0,-0.01386345757378471,True
SEA@CGY,CGY team total,under,6.5,fanduel,-6000,0.9836065573770493,0.9807662963867188,0.0,-0.0028875986735026338,True
PHI@NJD,PHI puck line,+1.5,1.5,draftkings,-175,0.6363636363636364,0.6190414428710938,0.0,-0.02722058977399555,False
PHI@NJD,PHI puck line,-3.5,-3.5,draftkings,1200,0.07692307692307693,0.03597259521484375,0.0,-0.5323562622070312,True
PHI@NJD,PHI puck line,-2.5,-2.5,draftkings,540,0.15625,0.11408233642578125,0.0,-0.2698730468749999,True
PHI@NJD,PHI puck line,-1.5,-1.5,draftkings,310,0.24390243902439027,0.1993408203125,0.0,-0.1827026367187501,True
PHI@NJD,PHI puck line,+2.5,2.5,draftkings,-335,0.7701149425287357,0.7490386962890625,0.0,-0.02736766302763527,False
PHI@NJD,PHI puck line,+3.5,3.5,draftkings,-1000,0.9090909090909091,0.8969192504882812,0.0,-0.01338882446289058,True
PHI@NJD,PHI puck line,+1.5,1.5,fanduel,-176,0.6376811594202898,0.6190414428710938,0.0,-0.029230464588511973,False
PHI@NJD,PHI puck line,-4.5,-4.5,fanduel,5500,0.017857142857142856,0.01094818115234375,0.0,-0.38690185546875,True
PHI@NJD,PHI puck line,-3.5,-3.5,fanduel,1700,0.05555555555555555,0.03597259521484375,0.0,-0.3524932861328125,True
PHI@NJD,PHI puck line,-2.5,-2.5,fanduel,630,0.136986301369863,0.11408233642578125,0.0,-0.16719894409179692,True
PHI@NJD,PHI puck line,-1.5,-1.5,fanduel,380,0.20833333333333334,0.1993408203125,0.0,-0.043164062500000044,True
PHI@NJD,PHI puck line,+2.5,2.5,fanduel,-310,0.7560975609756098,0.7490386962890625,0.0,-0.009335917811239991,False
PHI@NJD,PHI puck line,+3.5,3.5,fanduel,-1100,0.9166666666666667,0.8969192504882812,0.0,-0.02154263583096594,True
PHI@NJD,PHI puck line,+4.5,4.5,fanduel,-3500,0.9722222222222223,0.9598312377929688,0.0,-0.012745012555803625,True
PHI@NJD,PHI puck line,+5.5,5.5,fanduel,-8000,0.9876543209876544,0.987060546875,0.0,-0.0006011962890625222,True
PHI@NJD,PHI puck line,+6.5,6.5,fanduel,-50000,0.998003992015968,0.9966201782226562,0.0,-0.001386581420898425,True
PHI@NJD,NJD puck line,-1.5,-1.5,draftkings,145,0.4081632653061224,0.38095855712890625,0.0,-0.06665153503417964,False
PHI@NJD,NJD puck line,-3.5,-3.5,draftkings,550,0.15384615384615385,0.10308074951171875,0.0,-0.3299751281738281,True
PHI@NJD,NJD puck line,-2.5,-2.5,draftkings,235,0.29850746268656714,0.2509613037109375,0.0,-0.1592796325683593,False
PHI@NJD,NJD puck line,+1.5,1.5,draftkings,-475,0.8260869565217391,0.8006591796875,0.0,-0.030780993009868474,True
PHI@NJD,NJD puck line,+2.5,2.5,draftkings,-975,0.9069767441860465,0.8859176635742188,0.0,-0.023218986315604928,True
PHI@NJD,NJD puck line,+3.5,3.5,draftkings,-4500,0.9782608695652175,0.9640274047851562,0.0,-0.014549763997395937,True
PHI@NJD,NJD puck line,-1.5,-1.5,fanduel,142,0.4132231404958678,0.38095855712890625,0.0,-0.07808029174804687,False
PHI@NJD,NJD puck line,-5.5,-5.5,fanduel,3800,0.02564102564102564,0.012939453125,0.0,-0.495361328125,True
PHI@NJD,NJD puck line,-4.5,-4.5,fanduel,1460,0.06410256410256411,0.04016876220703125,0.0,-0.3733673095703125,True
PHI@NJD,NJD puck line,-3.5,-3.5,fanduel,600,0.14285714285714285,0.10308074951171875,0.0,-0.27843475341796875,True
PHI@NJD,NJD puck line,-2.5,-2.5,fanduel,220,0.3125,0.2509613037109375,0.0,-0.19692382812499998,False
PHI@NJD,NJD puck line,+1.5,1.5,fanduel,-600,0.8571428571428571,0.8006591796875,0.0,-0.06589762369791663,True
PHI@NJD,NJD puck line,+2.5,2.5,fanduel,-1250,0.9259259259259258,0.8859176635742188,0.0,-0.04320892333984372,True
PHI@NJD,NJD puck line,+3.5,3.5,fanduel,-4500,0.9782608695652175,0.9640274047851562,0.0,-0.014549763997395937,True
PHI@NJD,NJD puck line,+4.5,4.5,fanduel,-20000,0.9950248756218907,0.9890518188476562,0.0,-0.0060029220581055975,True
PHI@NJD,NJD puck line,+5.5,5.5,fanduel,-50000,0.998003992015968,0.997222900390625,0.0,-0.0007826538085937695,True
PHI@NJD,Game total,over,5.5,draftkings,-120,0.5454545454545454,0.4927215576171875,0.0,-0.09667714436848951,False
PHI@NJD,Game total,over,3.5,draftkings,-700,0.875,0.8310394287109375,0.0,-0.05024065290178581,True
PHI@NJD,Game total,over,4.5,draftkings,-360,0.782608695652174,0.7397003173828125,0.0,-0.05482737223307299,False
PHI@NJD,Game total,over,6.5,draftkings,130,0.4347826086956522,0.37781524658203125,0.0,-0.1310249328613282,False
PHI@NJD,Game total,over,7.5,draftkings,290,0.25641025641025644,0.18695068359375,0.0,-0.27089233398437507,True
PHI@NJD,Game total,over,8.5,draftkings,440,0.18518518518518517,0.12169647216796875,0.0,-0.3428390502929687,True
PHI@NJD,Game total,over,9.5,draftkings,1000,0.09090909090909091,0.04538726806640625,0.0,-0.5007400512695312,True
PHI@NJD,Game total,over,5.5,fanduel,-120,0.5454545454545454,0.4927215576171875,0.0,-0.09667714436848951,False
PHI@NJD,Game total,over,2.5,fanduel,-4500,0.9782608695652175,0.96282958984375,0.0,-0.01577419704861116,True
PHI@NJD,Game total,over,3.0,fanduel,-5000,0.9803921568627451,0.8310394287109375,0.1317901611328125,-0.02054962158203122,True
PHI@NJD,Game total,over,3.5,fanduel,-750,0.8823529411764706,0.8310394287109375,0.0,-0.05815531412760422,True
PHI@NJD,Game total,over,4.0,fanduel,-590,0.855072463768116,0.7397003173828125,0.091339111328125,-0.04358763613943328,False
PHI@NJD,Game total,over,4.5,fanduel,-370,0.7872340425531915,0.7397003173828125,0.0,-0.060380677919130155,False
PHI@NJD,Game total,over,5.0,fanduel,-240,0.7058823529411764,0.4927215576171875,0.246978759765625,-0.054999033610026005,False
PHI@NJD,Game total,over,6.0,fanduel,110,0.47619047619047616,0.37781524658203125,0.11490631103515625,-0.09168167114257808,False
PHI@NJD,Game total,over,6.5,fanduel,132,0.43103448275862066,0.37781524658203125,0.0,-0.12346862792968738,False
PHI@NJD,Game total,over,7.0,fanduel,245,0.2898550724637681,0.18695068359375,0.19086456298828125,-0.16415557861328123,True
PHI@NJD,Game total,over,7.5,fanduel,320,0.23809523809523808,0.18695068359375,0.0,-0.21480712890624998,True
PHI@NJD,Game total,over,8.0,fanduel,470,0.17543859649122806,0.12169647216796875,0.06525421142578125,-0.2410758972167969,True
PHI@NJD,Game total,over,8.5,fanduel,510,0.1639344262295082,0.12169647216796875,0.0,-0.2576515197753907,True
PHI@NJD,Game total,over,9.5,fanduel,1260,0.07352941176470588,0.04538726806640625,0.0,-0.38273315429687504,True
PHI@NJD,Game total,over,10.5,fanduel,2000,0.047619047619047616,0.025787353515625,0.0,-0.458465576171875,True
PHI@NJD,Game total,over,11.5,fanduel,5500,0.017857142857142856,0.0072021484375,0.0,-0.5966796875,True
PHI@NJD,Game total,under,5.5,draftkings,100,0.5,0.5072784423828125,0.0,0.014556884765625,False
PHI@NJD,Game total,under,3.5,draftkings,420,0.1923076923076923,0.1689605712890625,0.0,-0.12140502929687502,True
PHI@NJD,Game total,under,4.5,draftkings,250,0.2857142857142857,0.2602996826171875,0.0,-0.08895111083984375,False
PHI@NJD,Game total,under,6.5,draftkings,-170,0.6296296296296295,0.6221847534179688,0.0,-0.01182421515969656,False
PHI@NJD,Game total,under,7.5,draftkings,-430,0.8113207547169812,0.81304931640625,0.0,0.0021305527797965684,True
PHI@NJD,Game total,under,8.5,draftkings,-750,0.8823529411764706,0.8783035278320312,0.0,-0.0045893351236979685,True
PHI@NJD,Game total,under,9.5,draftkings,-2800,0.9655172413793103,0.9546127319335938,0.0,-0.011293956211634981,True
PHI@NJD,Game total,under,5.5,fanduel,-102,0.504950495049505,0.5072784423828125,0.0,0.00461024864047177,False
PHI@NJD,Game total,under,2.5,fanduel,1800,0.05263157894736842,0.03717041015625,0.0,-0.29376220703125,True
PHI@NJD,Game total,under,3.0,fanduel,1500,0.0625,0.03717041015625,0.1317901611328125,-0.2734832763671875,True
PHI@NJD,Game total,under,3.5,fanduel,460,0.17857142857142858,0.1689605712890625,0.0,-0.05382080078125007,True
PHI@NJD,Game total,under,4.0,fanduel,410,0.19607843137254904,0.1689605712890625,0.091339111328125,-0.04696197509765632,True
PHI@NJD,Game total,under,4.5,fanduel,260,0.2777777777777778,0.2602996826171875,0.0,-0.06292114257812498,False
PHI@NJD,Game total,under,5.0,fanduel,190,0.3448275862068966,0.2602996826171875,0.246978759765625,0.0018478393554688388,False
PHI@NJD,Game total,under,6.0,fanduel,-132,0.5689655172413793,0.5072784423828125,0.11490631103515625,0.006486603707978267,False
PHI@NJD,Game total,under,6.5,fanduel,-168,0.626865671641791,0.6221847534179688,0.0,-0.007467179071335539,False
PHI@NJD,Game total,under,7.0,fanduel,-320,0.7619047619047619,0.6221847534179688,0.19086456298828125,0.007482051849365234,False
PHI@NJD,Game total,under,7.5,fanduel,-460,0.8214285714285714,0.81304931640625,0.0,-0.010200832201086918,True
PHI@NJD,Game total,under,8.0,fanduel,-700,0.875,0.81304931640625,0.06525421142578125,-0.00554656982421875,True
PHI@NJD,Game total,under,8.5,fanduel,-850,0.8947368421052632,0.8783035278320312,0.0,-0.018366645364200296,True
PHI@NJD,Game total,under,9.5,fanduel,-3000,0.9677419354838709,0.9546127319335938,0.0,-0.01356684366861971,True
PHI@NJD,Game total,under,10.5,fanduel,-5000,0.9803921568627451,0.974212646484375,0.0,-0.006303100585937527,True
PHI@NJD,PHI team total,over,2.5,draftkings,-120,0.5454545454545454,0.479034423828125,0.0,-0.12177022298177076,False
PHI@NJD,PHI team total,over,0.5,draftkings,-2000,0.9523809523809523,0.9172439575195312,0.0,-0.03689384460449219,True
PHI@NJD,PHI team total,over,1.5,draftkings,-325,0.7647058823529411,0.7191085815429688,0.0,-0.05962723952073312,False
PHI@NJD,PHI team total,over,3.5,draftkings,210,0.3225806451612903,0.26709747314453125,0.0,-0.17199783325195306,False
PHI@NJD,PHI team total,over,4.5,draftkings,490,0.1694915254237288,0.11992645263671875,0.0,-0.29243392944335933,True
PHI@NJD,PHI team total,over,5.5,draftkings,1200,0.07692307692307693,0.040863037109375,0.0,-0.468780517578125,True
PHI@NJD,PHI team total,over,2.5,fanduel,-106,0.5145631067961165,0.479034423828125,0.0,-0.06904630840949288,False
PHI@NJD,PHI team total,over,0.5,fanduel,-1600,0.9411764705882353,0.9172439575195312,0.0,-0.025428295135498047,True
PHI@NJD,PHI team total,over,1.5,fanduel,-300,0.75,0.7191085815429688,0.0,-0.04118855794270837,False
PHI@NJD,PHI team total,over,3.5,fanduel,235,0.29850746268656714,0.26709747314453125,0.0,-0.10522346496582025,False
PHI@NJD,PHI team total,over,4.5,fanduel,560,0.15151515151515152,0.11992645263671875,0.0,-0.2084854125976563,True
PHI@NJD,PHI team total,over,5.5,fanduel,1480,0.06329113924050632,0.040863037109375,0.0,-0.354364013671875,True
PHI@NJD,PHI team total,over,6.5,fanduel,5000,0.0196078431372549,0.01080322265625,0.0,-0.44903564453125,True
PHI@NJD,PHI team total,under,2.5,draftkings,-120,0.5454545454545454,0.520965576171875,0.0,-0.04489644368489576,False
PHI@NJD,PHI team total,under,0.5,draftkings,850,0.10526315789473684,0.08275604248046875,0.0,-0.21381759643554688,True
PHI@NJD,PHI team total,under,1.5,draftkings,230,0.30303030303030304,0.28089141845703125,0.0,-0.07305831909179694,False
PHI@NJD,PHI team total,under,3.5,draftkings,-290,0.7435897435897436,0.7329025268554688,0.0,-0.0143724638840248,False
PHI@NJD,PHI team total,under,4.5,draftkings,-875,0.8974358974358974,0.8800735473632812,0.0,-0.01934661865234366,True
PHI@NJD,PHI team total,under,5.5,draftkings,-4500,0.9782608695652175,0.959136962890625,0.0,-0.0195488823784723,True
PHI@NJD,PHI team total,under,2.5,fanduel,-120,0.5454545454545454,0.520965576171875,0.0,-0.04489644368489576,False
PHI@NJD,PHI team total,under,0.5,fanduel,860,0.10416666666666667,0.08275604248046875,0.0,-0.20554199218750002,True
PHI@NJD,PHI team total,under,1.5,fanduel,220,0.3125,0.28089141845703125,0.0,-0.10114746093749993,False
PHI@NJD,PHI team total,under,3.5,fanduel,-320,0.7619047619047619,0.7329025268554688,0.0,-0.038065433502197266,False
PHI@NJD,PHI team total,under,4.5,fanduel,-950,0.9047619047619049,0.8800735473632812,0.0,-0.02728713186163667,True
PHI@NJD,PHI team total,under,5.5,fanduel,-3500,0.9722222222222223,0.959136962890625,0.0,-0.01345912388392867,True
PHI@NJD,NJD team total,over,3.5,draftkings,110,0.47619047619047616,0.4253082275390625,0.0,-0.1068527221679687,False
PHI@NJD,NJD team total,over,0.5,draftkings,-6000,0.9836065573770493,0.961395263671875,0.0,-0.022581481933593772,True
PHI@NJD,NJD team total,over,1.5,draftkings,-630,0.8630136986301371,0.8419265747070312,0.0,-0.024434286450582987,True
PHI@NJD,NJD team total,over,2.5,draftkings,-210,0.6774193548387096,0.6521682739257812,0.0,-0.037275405157179975,False
PHI@NJD,NJD team total,over,4.5,draftkings,255,0.28169014084507044,0.2190399169921875,0.0,-0.22240829467773438,True
PHI@NJD,NJD team total,over,5.5,draftkings,600,0.14285714285714285,0.0871429443359375,0.0,-0.3899993896484375,True
PHI@NJD,NJD team total,over,3.5,fanduel,108,0.4807692307692307,0.4253082275390625,0.0,-0.11535888671874994,False
PHI@NJD,NJD team total,over,0.5,fanduel,-4500,0.9782608695652175,0.961395263671875,0.0,-0.017240397135416696,True
PHI@NJD,NJD team total,over,1.5,fanduel,-800,0.8888888888888888,0.8419265747070312,0.0,-0.052832603454589844,True
PHI@NJD,NJD team total,over,2.5,fanduel,-235,0.7014925373134329,0.6521682739257812,0.0,-0.07031331163771615,False
PHI@NJD,NJD team total,over,4.5,fanduel,260,0.2777777777777778,0.2190399169921875,0.0,-0.211456298828125,True
PHI@NJD,NJD team total,over,5.5,fanduel,660,0.13157894736842105,0.0871429443359375,0.0,-0.337713623046875,True
PHI@NJD,NJD team total,over,6.5,fanduel,1700,0.05555555555555555,0.0274200439453125,0.0,-0.506439208984375,True
PHI@NJD,NJD team total,over,7.5,fanduel,5000,0.0196078431372549,0.00702667236328125,0.0,-0.6416397094726562,True
PHI@NJD,NJD team total,under,3.5,draftkings,-150,0.6000000000000001,0.5746917724609375,0.0,-0.04218037923177087,False
PHI@NJD,NJD team total,under,0.5,draftkings,1300,0.07142857142857142,0.038604736328125,0.0,-0.45953369140625,True
PHI@NJD,NJD team total,under,1.5,draftkings,390,0.2040816326530612,0.15807342529296875,0.0,-0.22544021606445308,True
PHI@NJD,NJD team total,under,2.5,draftkings,155,0.3921568627450981,0.34783172607421875,0.0,-0.11302909851074228,False
PHI@NJD,NJD team total,under,4.5,draftkings,-370,0.7872340425531915,0.7809600830078125,0.0,-0.007969624287373356,True
PHI@NJD,NJD team total,under,5.5,draftkings,-1150,0.92,0.9128570556640625,0.0,-0.007764069930366935,True
PHI@NJD,NJD team total,under,3.5,fanduel,-138,0.5798319327731092,0.5746917724609375,0.0,-0.008864914161571535,False
PHI@NJD,NJD team total,under,0.5,fanduel,1750,0.05405405405405406,0.038604736328125,0.0,-0.2858123779296875,True
PHI@NJD,NJD team total,under,1.5,fanduel,480,0.1724137931034483,0.15807342529296875,0.0,-0.08317413330078127,True
PHI@NJD,NJD team total,under,4.5,fanduel,-360,0.782608695652174,0.7809600830078125,0.0,-0.002106560601128571,True
PHI@NJD,NJD team total,under,5.5,fanduel,-1200,0.9230769230769231,0.9128570556640625,0.0,-0.011071523030598995,True
PHI@NJD,NJD team total,under,6.5,fanduel,-4500,0.9782608695652175,0.9725799560546875,0.0,-0.005807156032986205,True
EDM@VAN,EDM puck line,-1.5,-1.5,draftkings,110,0.47619047619047616,0.4362640380859375,0.0,-0.08384552001953116,False
EDM@VAN,EDM puck line,-3.5,-3.5,draftkings,400,0.2,0.1486053466796875,0.0,-0.2569732666015625,True
EDM@VAN,EDM puck line,-2.5,-2.5,draftkings,170,0.37037037037037035,0.30755615234375,0.0,-0.16959838867187493,False
EDM@VAN,EDM puck line,+1.5,1.5,draftkings,-600,0.8571428571428571,0.8258819580078125,0.0,-0.03647104899088538,True
EDM@VAN,EDM puck line,+2.5,2.5,draftkings,-1300,0.9285714285714286,0.8974533081054688,0.0,-0.03351182204026448,True
EDM@VAN,EDM puck line,+3.5,3.5,draftkings,-8000,0.9876543209876544,0.9649658203125,0.0,-0.02297210693359375,True
EDM@VAN,EDM puck line,-1.5,-1.5,fanduel,116,0.4629629629629629,0.4362640380859375,0.0,-0.057669677734374925,False
EDM@VAN,EDM puck line,-6.5,-6.5,fanduel,5000,0.0196078431372549,0.0080108642578125,0.0,-0.5914459228515625,True
EDM@VAN,EDM puck line,-5.5,-5.5,fanduel,2300,0.041666666666666664,0.02513885498046875,0.0,-0.39666748046875,True
EDM@VAN,EDM puck line,-4.5,-4.5,fanduel,1100,0.08333333333333333,0.06594085693359375,0.0,-0.208709716796875,True
EDM@VAN,EDM puck line,-3.5,-3.5,fanduel,490,0.1694915254237288,0.1486053466796875,0.0,-0.12322845458984366,True
EDM@VAN,EDM puck line,-2.5,-2.5,fanduel,188,0.3472222222222222,0.30755615234375,0.0,-0.11423828125000002,False
EDM@VAN,EDM puck line,+1.5,1.5,fanduel,-600,0.8571428571428571,0.8258819580078125,0.0,-0.03647104899088538,True
EDM@VAN,EDM puck line,+2.5,2.5,fanduel,-1200,0.9230769230769231,0.8974533081054688,0.0,-0.027758916219075558,True
EDM@VAN,EDM puck line,+3.5,3.5,fanduel,-4500,0.9782608695652175,0.9649658203125,0.0,-0.01359049479166674,True
EDM@VAN,EDM puck line,+4.5,4.5,fanduel,-20000,0.9950248756218907,0.9881439208984375,0.0,-0.00691535949707045,True
EDM@VAN,EDM puck line,+5.5,5.5,fanduel,-50000,0.998003992015968,0.996826171875,0.0,-0.0011801757812499591,True
EDM@VAN,VAN puck line,+1.5,1.5,draftkings,-130,0.5652173913043479,0.5637359619140625,0.0,-0.002620990459735628,False
EDM@VAN,VAN puck line,-3.5,-3.5,draftkings,1400,0.06666666666666667,0.0350341796875,0.0,-0.4744873046875,True
EDM@VAN,VAN puck line,-2.5,-2.5,draftkings,650,0.13333333333333333,0.10254669189453125,0.0,-0.23089981079101562,True
EDM@VAN,VAN puck line,-1.5,-1.5,draftkings,370,0.2127659574468085,0.1741180419921875,0.0,-0.18164520263671868,True
EDM@VAN,VAN puck line,+2.5,2.5,draftkings,-230,0.696969696969697,0.69244384765625,0.0,-0.006493609884510865,False
EDM@VAN,VAN puck line,+3.5,3.5,draftkings,-650,0.8666666666666667,0.8513946533203125,0.0,-0.01762155386117792,True
EDM@VAN,VAN puck line,+1.5,1.5,fanduel,-144,0.5901639344262295,0.5637359619140625,0.0,-0.044780731201171875,False
EDM@VAN,VAN puck line,-4.5,-4.5,fanduel,5000,0.0196078431372549,0.0118560791015625,0.0,-0.3953399658203125,True
EDM@VAN,VAN puck line,-3.5,-3.5,fanduel,1750,0.05405405405405406,0.0350341796875,0.0,-0.35186767578125,True
EDM@VAN,VAN puck line,-2.5,-2.5,fanduel,670,0.12987012987012986,0.10254669189453125,0.0,-0.2103904724121094,True
EDM@VAN,VAN puck line,-1.5,-1.5,fanduel,380,0.20833333333333334,0.1741180419921875,0.0,-0.16423339843750007,True
EDM@VAN,VAN puck line,+2.5,2.5,fanduel,-250,0.7142857142857143,0.69244384765625,0.0,-0.03057861328125011,False
EDM@VAN,VAN puck line,+3.5,3.5,fanduel,-800,0.8888888888888888,0.8513946533203125,0.0,-0.04218101501464844,True
EDM@VAN,VAN puck line,+4.5,4.5,fanduel,-2400,0.96,0.9340591430664062,0.0,-0.027021725972493416,True
EDM@VAN,VAN puck line,+5.5,5.5,fanduel,-6000,0.9836065573770493,0.9748611450195312,0.0,-0.008891169230143325,True
EDM@VAN,VAN puck line,+6.5,6.5,fanduel,-20000,0.9950248756218907,0.9919891357421875,0.0,-0.003050918579101669,True
EDM@VAN,Game total,over,6.5,draftkings,-115,0.5348837209302326,0.54876708984375,0.0,0.025955863620923836,False
EDM@VAN,Game total,over,3.5,draftkings,-1200,0.9230769230769231,0.9130935668945312,0.0,-0.010815302530924553,True
EDM@VAN,Game total,over,4.5,draftkings,-600,0.8571428571428571,0.8535919189453125,0.0,-0.004142761230468639,True
EDM@VAN,Game total,over,5.5,draftkings,-200,0.6666666666666666,0.6614303588867188,0.0,-0.007854461669921875,False
EDM@VAN,Game total,over,7.5,draftkings,190,0.3448275862068966,0.33026123046875,0.0,-0.04224243164062502,False
EDM@VAN,Game total,over,8.5,draftkings,290,0.25641025641025644,0.2382965087890625,0.0,-0.07064361572265632,True
EDM@VAN,Game total,over,9.5,draftkings,600,0.14285714285714285,0.11014556884765625,0.0,-0.22898101806640625,True
EDM@VAN,Game total,over,6.5,fanduel,-112,0.5283018867924528,0.54876708984375,0.0,0.038737705775669706,False
EDM@VAN,Game total,over,2.5,fanduel,-8000,0.9876543209876544,0.9841995239257812,0.0,-0.0034979820251465066,True
EDM@VAN,Game total,over,3.0,fanduel,-10000,0.9900990099009901,0.9130935668945312,0.07110595703125,-0.006669540405273455,True
EDM@VAN,Game total,over,3.5,fanduel,-1300,0.9285714285714286,0.9130935668945312,0.0,-0.016668466421274064,True
EDM@VAN,Game total,over,4.0,fanduel,-1050,0.9130434782608695,0.8535919189453125,0.05950164794921875,-0.005611964634486544,True
EDM@VAN,Game total,over,4.5,fanduel,-600,0.8571428571428571,0.8535919189453125,0.0,-0.004142761230468639,True
EDM@VAN,Game total,over,5.0,fanduel,-400,0.8,0.6614303588867188,0.19216156005859375,0.018949508666992188,False
EDM@VAN,Game total,over,5.5,fanduel,-186,0.6503496503496503,0.6614303588867188,0.0,0.017038078718287997,False
EDM@VAN,Game total,over,6.0,fanduel,-150,0.6000000000000001,0.54876708984375,0.11266326904296875,0.02727508544921875,False
EDM@VAN,Game total,over,7.0,fanduel,154,0.39370078740157477,0.33026123046875,0.218505859375,0.05736938476562514,False
EDM@VAN,Game total,over,7.5,fanduel,215,0.31746031746031744,0.33026123046875,0.0,0.04032287597656237,False
EDM@VAN,Game total,over,8.0,fanduel,310,0.24390243902439027,0.2382965087890625,0.0919647216796875,0.0689804077148437,True
EDM@VAN,Game total,over,8.5,fanduel,340,0.22727272727272727,0.2382965087890625,0.0,0.048504638671875044,True
EDM@VAN,Game total,over,9.5,fanduel,760,0.11627906976744186,0.11014556884765625,0.0,-0.05274810791015627,True
EDM@VAN,Game total,over,10.5,fanduel,1160,0.07936507936507936,0.0699310302734375,0.0,-0.11886901855468757,True
EDM@VAN,Game total,over,11.5,fanduel,2600,0.037037037037037035,0.025390625,0.0,-0.314453125,True
EDM@VAN,Game total,over,12.5,fanduel,4600,0.02127659574468085,0.01413726806640625,0.0,-0.33554840087890625,True
EDM@VAN,Game total,under,6.5,draftkings,-105,0.5121951219512195,0.45123291015625,0.0,-0.11902146112351197,False
EDM@VAN,Game total,under,3.5,draftkings,625,0.13793103448275862,0.08690643310546875,0.0,-0.36992835998535156,True
EDM@VAN,Game total,under,4.5,draftkings,370,0.2127659574468085,0.1464080810546875,0.0,-0.31188201904296875,True
EDM@VAN,Game total,under,5.5,draftkings,150,0.4,0.33856964111328125,0.0,-0.15357589721679688,False
EDM@VAN,Game total,under,7.5,draftkings,-260,0.7222222222222222,0.66973876953125,0.0,-0.07266939603365385,False
EDM@VAN,Game total,under,8.5,draftkings,-430,0.8113207547169812,0.7617034912109375,0.0,-0.06115616199582119,True
EDM@VAN,Game total,under,9.5,draftkings,-1150,0.92,0.8898544311523438,0.0,-0.03276692266049597,True
EDM@VAN,Game total,under,6.5,fanduel,-108,0.5192307692307692,0.45123291015625,0.0,-0.13095883969907407,False
EDM@VAN,Game total,under,2.5,fanduel,3100,0.03125,0.01580047607421875,0.0,-0.494384765625,True
EDM@VAN,Game total,under,3.0,fanduel,2500,0.038461538461538464,0.01580047607421875,0.07110595703125,-0.5180816650390625,True
EDM@VAN,Game total,under,3.5,fanduel,690,0.12658227848101264,0.08690643310546875,0.0,-0.3134391784667968,True
EDM@VAN,Game total,under,4.0,fanduel,630,0.136986301369863,0.08690643310546875,0.05950164794921875,-0.30608139038085935,True
EDM@VAN,Game total,under,4.5,fanduel,390,0.2040816326530612,0.1464080810546875,0.0,-0.28260040283203125,True
EDM@VAN,Game total,under,5.0,fanduel,300,0.25,0.1464080810546875,0.19216156005859375,-0.22220611572265625,True
EDM@VAN,Game total,under,5.5,fanduel,146,0.4065040650406504,0.33856964111328125,0.0,-0.16711868286132814,False
EDM@VAN,Game total,under,6.0,fanduel,122,0.4504504504504505,0.33856964111328125,0.11266326904296875,-0.13571212768554697,False
EDM@VAN,Game total,under,7.0,fanduel,-192,0.6575342465753424,0.45123291015625,0.218505859375,-0.09524408976236975,False
EDM@VAN,Game total,under,7.5,fanduel,-290,0.7435897435897436,0.66973876953125,0.0,-0.0993168271821121,False
EDM@VAN,Game total,under,8.0,fanduel,-420,0.8076923076923077,0.66973876953125,0.0919647216796875,-0.07883489699590773,False
EDM@VAN,Game total,under,8.5,fanduel,-550,0.8461538461538461,0.7617034912109375,0.0,-0.09980496493252833,True
EDM@VAN,Game total,under,9.5,fanduel,-1450,0.935483870967742,0.8898544311523438,0.0,-0.048776297733701623,True
EDM@VAN,Game total,under,10.5,fanduel,-2400,0.96,0.9300689697265625,0.0,-0.031178156534830692,True
EDM@VAN,Game total,under,11.5,fanduel,-6000,0.9836065573770493,0.974609375,0.0,-0.009147135416666674,True
EDM@VAN,Game total,under,12.5,fanduel,-8000,0.9876543209876544,0.9858627319335938,0.0,-0.001813983917236417,True
EDM@VAN,EDM team total,over,3.5,draftkings,-145,0.5918367346938775,0.5737991333007812,0.0,-0.030477326491783363,False
EDM@VAN,EDM team total,over,0.5,draftkings,-15000,0.9933774834437087,0.9813995361328125,0.0,-0.012057800292968768,True
EDM@VAN,EDM team total,over,1.5,draftkings,-1150,0.92,0.90960693359375,0.0,-0.011296811311141353,True
EDM@VAN,EDM team total,over,2.5,draftkings,-350,0.7777777777777779,0.7707748413085938,0.0,-0.00900377546037956,True
EDM@VAN,EDM team total,over,4.5,draftkings,155,0.3921568627450981,0.355926513671875,0.0,-0.09238739013671882,False
EDM@VAN,EDM team total,over,5.5,draftkings,360,0.2173913043478261,0.17513275146484375,0.0,-0.19438934326171886,True
EDM@VAN,EDM team total,over,3.5,fanduel,-132,0.5689655172413793,0.5737991333007812,0.0,0.008495446407433604,False
EDM@VAN,EDM team total,over,0.5,fanduel,-6000,0.9836065573770493,0.9813995361328125,0.0,-0.0022438049316406694,True
EDM@VAN,EDM team total,over,1.5,fanduel,-1200,0.9230769230769231,0.90960693359375,0.0,-0.01459248860677087,True
EDM@VAN,EDM team total,over,2.5,fanduel,-350,0.7777777777777779,0.7707748413085938,0.0,-0.00900377546037956,True
EDM@VAN,EDM team total,over,4.5,fanduel,180,0.35714285714285715,0.355926513671875,0.0,-0.0034057617187500666,False
EDM@VAN,EDM team total,over,5.5,fanduel,420,0.1923076923076923,0.17513275146484375,0.0,-0.0893096923828125,True
EDM@VAN,EDM team total,over,6.5,fanduel,1100,0.08333333333333333,0.0691070556640625,0.0,-0.17071533203125,True
EDM@VAN,EDM team total,over,7.5,fanduel,2500,0.038461538461538464,0.0225067138671875,0.0,-0.414825439453125,True
EDM@VAN,EDM team total,under,3.5,draftkings,105,0.48780487804878053,0.42620086669921875,0.0,-0.1262882232666016,False
EDM@VAN,EDM team total,under,0.5,draftkings,1800,0.05263157894736842,0.0186004638671875,0.0,-0.6465911865234375,True
EDM@VAN,EDM team total,under,1.5,draftkings,600,0.14285714285714285,0.09039306640625,0.0,-0.36724853515625,True
EDM@VAN,EDM team total,under,2.5,draftkings,245,0.2898550724637681,0.22922515869140625,0.0,-0.20917320251464844,True
EDM@VAN,EDM team total,under,4.5,draftkings,-210,0.6774193548387096,0.644073486328125,0.0,-0.049224853515625,False
EDM@VAN,EDM team total,under,5.5,draftkings,-575,0.851851851851852,0.8248672485351562,0.0,-0.03167757780655578,True
EDM@VAN,EDM team total,under,3.5,fanduel,104,0.49019607843137253,0.42620086669921875,0.0,-0.13055023193359372,False
EDM@VAN,EDM team total,under,0.5,fanduel,2400,0.04,0.0186004638671875,0.0,-0.5349884033203125,True
EDM@VAN,EDM team total,under,1.5,fanduel,680,0.12820512820512822,0.09039306640625,0.0,-0.29493408203125004,True
EDM@VAN,EDM team total,under,4.5,fanduel,-235,0.7014925373134329,0.644073486328125,0.0,-0.08185268970246018,False
EDM@VAN,EDM team total,under,5.5,fanduel,-650,0.8666666666666667,0.8248672485351562,0.0,-0.048230097844050523,True
EDM@VAN,EDM team total,under,6.5,fanduel,-2000,0.9523809523809523,0.9308929443359375,0.0,-0.022562408447265536,True
EDM@VAN,EDM team total,under,7.5,fanduel,-6000,0.9836065573770493,0.9774932861328125,0.0,-0.006215159098307388,True
EDM@VAN,VAN team total,over,2.5,draftkings,-130,0.5652173913043479,0.5529861450195312,0.0,-0.021639897273137088,False
EDM@VAN,VAN team total,over,0.5,draftkings,-2200,0.9565217391304348,0.94158935546875,0.0,-0.015611128373579586,True
EDM@VAN,VAN team total,over,1.5,draftkings,-370,0.7872340425531915,0.7790985107421875,0.0,-0.01033432419235647,True
EDM@VAN,VAN team total,over,3.5,draftkings,190,0.3448275862068966,0.33899688720703125,0.0,-0.016909027099609397,False
EDM@VAN,VAN team total,over,4.5,draftkings,430,0.18867924528301888,0.1719818115234375,0.0,-0.08849639892578132,True
EDM@VAN,VAN team total,over,5.5,draftkings,1000,0.09090909090909091,0.0702972412109375,0.0,-0.2267303466796875,True
EDM@VAN,VAN team total,over,2.5,fanduel,-122,0.5495495495495495,0.5529861450195312,0.0,0.006253477002753582,False
EDM@VAN,VAN team total,over,0.5,fanduel,-2400,0.96,0.94158935546875,0.0,-0.01917775472005201,True
EDM@VAN,VAN team total,over,1.5,fanduel,-380,0.7916666666666667,0.7790985107421875,0.0,-0.01587556537828949,True
EDM@VAN,VAN team total,over,3.5,fanduel,200,0.3333333333333333,0.33899688720703125,0.0,0.01699066162109375,False
EDM@VAN,VAN team total,over,4.5,fanduel,460,0.17857142857142858,0.1719818115234375,0.0,-0.03690185546875002,True
EDM@VAN,VAN team total,over,5.5,fanduel,1160,0.07936507936507936,0.0702972412109375,0.0,-0.11425476074218754,True
EDM@VAN,VAN team total,over,6.5,fanduel,2800,0.034482758620689655,0.02227783203125,0.0,-0.35394287109375,True
EDM@VAN,VAN team total,under,2.5,draftkings,-110,0.5238095238095238,0.44701385498046875,0.0,-0.1466099132191051,False
EDM@VAN,VAN team total,under,0.5,draftkings,900,0.1,0.05841064453125,0.0,-0.4158935546875,True
EDM@VAN,VAN team total,under,1.5,draftkings,255,0.28169014084507044,0.2209014892578125,0.0,-0.21579971313476565,True
EDM@VAN,VAN team total,under,3.5,draftkings,-260,0.7222222222222222,0.6610031127929688,0.0,-0.08476492074819719,False
EDM@VAN,VAN team total,under,4.5,draftkings,-725,0.8787878787878788,0.8280181884765625,0.0,-0.0577724062163254,True
EDM@VAN,VAN team total,under,5.5,draftkings,-2800,0.9655172413793103,0.9297027587890625,0.0,-0.03709357125418522,True
EDM@VAN,VAN team total,under,2.5,fanduel,-104,0.5098039215686274,0.44701385498046875,0.0,-0.12316513061523426,False
EDM@VAN,VAN team total,under,0.5,fanduel,1100,0.08333333333333333,0.05841064453125,0.0,-0.299072265625,True
EDM@VAN,VAN team total,under,1.5,fanduel,270,0.27027027027027023,0.2209014892578125,0.0,-0.18266448974609373,True
EDM@VAN,VAN team total,under,3.5,fanduel,-270,0.7297297297297298,0.6610031127929688,0.0,-0.09418091950593177,False
EDM@VAN,VAN team total,under,4.5,fanduel,-750,0.8823529411764706,0.8280181884765625,0.0,-0.06157938639322924,True
EDM@VAN,VAN team total,under,5.5,fanduel,-2400,0.96,0.9297027587890625,0.0,-0.03155962626139319,True
EDM@VAN,VAN team total,under,6.5,fanduel,-8000,0.9876543209876544,0.97772216796875,0.0,-0.01005630493164067,True
CHI@UTA,CHI puck line,+1.5,1.5,draftkings,-135,0.574468085106383,0.57000732421875,0.0,-0.00776502821180558,False
CHI@UTA,CHI puck line,-3.5,-3.5,draftkings,1500,0.0625,0.03293609619140625,0.0,-0.4730224609375,True
CHI@UTA,CHI puck line,-2.5,-2.5,draftkings,675,0.12903225806451613,0.09943389892578125,0.0,-0.2293872833251953,True
CHI@UTA,CHI puck line,-1.5,-1.5,draftkings,370,0.2127659574468085,0.1727142333984375,0.0,-0.1882431030273437,True
CHI@UTA,CHI puck line,+2.5,2.5,draftkings,-245,0.7101449275362319,0.7013702392578125,0.0,-0.012356193698182416,False
CHI@UTA,CHI puck line,+3.5,3.5,draftkings,-675,0.8709677419354839,0.8612289428710938,0.0,-0.01118158411096648,True
CHI@UTA,CHI puck line,+1.5,1.5,fanduel,-138,0.5798319327731092,0.57000732421875,0.0,-0.016943890115489024,False
CHI@UTA,CHI puck line,-4.5,-4.5,fanduel,6500,0.015151515151515152,0.01062774658203125,0.0,-0.2985687255859375,True
CHI@UTA,CHI puck line,-3.5,-3.5,fanduel,2000,0.047619047619047616,0.03293609619140625,0.0,-0.30834197998046875,True
CHI@UTA,CHI puck line,-2.5,-2.5,fanduel,740,0.11904761904761904,0.09943389892578125,0.0,-0.1647552490234374,True
CHI@UTA,CHI puck line,-1.5,-1.5,fanduel,410,0.19607843137254904,0.1727142333984375,0.0,-0.11915740966796884,True
CHI@UTA,CHI puck line,+2.5,2.5,fanduel,-240,0.7058823529411764,0.7013702392578125,0.0,-0.006392161051432255,False
CHI@UTA,CHI puck line,+3.5,3.5,fanduel,-800,0.8888888888888888,0.8612289428710938,0.0,-0.03111743927001953,True
CHI@UTA,CHI puck line,+4.5,4.5,fanduel,-2400,0.96,0.9400177001953125,0.0,-0.0208148956298827,True
CHI@UTA,CHI puck line,+5.5,5.5,fanduel,-6000,0.9836065573770493,0.9785079956054688,0.0,-0.005183537801106808,True
CHI@UTA,CHI puck line,+6.5,6.5,fanduel,-20000,0.9950248756218907,0.99359130859375,0.0,-0.0014407348632813344,True
CHI@UTA,UTA puck line,-1.5,-1.5,draftkings,114,0.4672897196261683,0.42999267578125,0.0,-0.07981567382812516,False
CHI@UTA,UTA puck line,-3.5,-3.5,draftkings,410,0.19607843137254904,0.13877105712890625,0.0,-0.29226760864257817,True
CHI@UTA,UTA puck line,-2.5,-2.5,draftkings,180,0.35714285714285715,0.2986297607421875,0.0,-0.16383666992187507,False
CHI@UTA,UTA puck line,+1.5,1.5,draftkings,-600,0.8571428571428571,0.8272857666015625,0.0,-0.03483327229817701,True
CHI@UTA,UTA puck line,+2.5,2.5,draftkings,-1350,0.9310344827586208,0.9005661010742188,0.0,-0.03272529884620956,True
CHI@UTA,UTA puck line,+3.5,3.5,draftkings,-9000,0.989010989010989,0.9670639038085938,0.0,-0.022190941704644085,True
CHI@UTA,UTA puck line,-1.5,-1.5,fanduel,112,0.4716981132075471,0.42999267578125,0.0,-0.08841552734374991,False
CHI@UTA,UTA puck line,-6.5,-6.5,fanduel,6000,0.01639344262295082,0.00640869140625,0.0,-0.60906982421875,True
CHI@UTA,UTA puck line,-5.5,-5.5,fanduel,2500,0.038461538461538464,0.02149200439453125,0.0,-0.4412078857421875,True
CHI@UTA,UTA puck line,-4.5,-4.5,fanduel,1160,0.07936507936507936,0.0599822998046875,0.0,-0.24422302246093752,True
CHI@UTA,UTA puck line,-3.5,-3.5,fanduel,480,0.1724137931034483,0.13877105712890625,0.0,-0.19512786865234377,True
CHI@UTA,UTA puck line,-2.5,-2.5,fanduel,182,0.35460992907801414,0.2986297607421875,0.0,-0.15786407470703112,False
CHI@UTA,UTA puck line,+1.5,1.5,fanduel,-650,0.8666666666666667,0.8272857666015625,0.0,-0.04543950007512032,True
CHI@UTA,UTA puck line,+2.5,2.5,fanduel,-1450,0.935483870967742,0.9005661010742188,0.0,-0.037325891955145574,True
CHI@UTA,UTA puck line,+3.5,3.5,fanduel,-5000,0.9803921568627451,0.9670639038085938,0.0,-0.01359481811523433,True
CHI@UTA,UTA puck line,+4.5,4.5,fanduel,-20000,0.9950248756218907,0.9893722534179688,0.0,-0.005680885314941486,True
CHI@UTA,UTA puck line,+5.5,5.5,fanduel,-50000,0.998003992015968,0.9969482421875,0.0,-0.0010578613281250204,True
CHI@UTA,Game total,over,6.5,draftkings,110,0.47619047619047616,0.48382568359375,0.0,0.016033935546875044,False
CHI@UTA,Game total,over,3.5,draftkings,-935,0.9033816425120773,0.8880233764648438,0.0,-0.017000861346402885,True
CHI@UTA,Game total,over,4.5,draftkings,-475,0.8260869565217391,0.8146743774414062,0.0,-0.013815227307771405,True
CHI@UTA,Game total,over,5.5,draftkings,-155,0.607843137254902,0.5992584228515625,0.0,-0.014123239824848866,False
CHI@UTA,Game total,over,7.5,draftkings,235,0.29850746268656714,0.27136993408203125,0.0,-0.09091072082519525,False
CHI@UTA,Game total,over,8.5,draftkings,360,0.2173913043478261,0.18886566162109375,0.0,-0.13121795654296886,True
CHI@UTA,Game total,over,9.5,draftkings,750,0.11764705882352941,0.08052825927734375,0.0,-0.3155097961425781,True
CHI@UTA,Game total,over,6.5,fanduel,110,0.47619047619047616,0.48382568359375,0.0,0.016033935546875044,False
CHI@UTA,Game total,over,2.5,fanduel,-6000,0.9836065573770493,0.9787521362304688,0.0,-0.0049353281656902,True
CHI@UTA,Game total,over,3.0,fanduel,-8000,0.9876543209876544,0.8880233764648438,0.090728759765625,-0.010147571563720703,True
CHI@UTA,Game total,over,3.5,fanduel,-950,0.9047619047619049,0.8880233764648438,0.0,-0.01850047864412019,True
CHI@UTA,Game total,over,4.0,fanduel,-800,0.8888888888888888,0.8146743774414062,0.0733489990234375,-0.010142326354980469,True
CHI@UTA,Game total,over,4.5,fanduel,-450,0.8181818181818181,0.8146743774414062,0.0,-0.004286872016058929,True
CHI@UTA,Game total,over,5.0,fanduel,-300,0.75,0.5992584228515625,0.21541595458984375,0.01442718505859375,False
CHI@UTA,Game total,over,5.5,fanduel,-150,0.6000000000000001,0.5992584228515625,0.0,-0.001235961914062611,False
CHI@UTA,Game total,over,6.0,fanduel,-115,0.5348837209302326,0.48382568359375,0.1154327392578125,0.019976408585258065,False
CHI@UTA,Game total,over,7.0,fanduel,194,0.3401360544217687,0.27136993408203125,0.21245574951171875,0.010283355712890518,False
CHI@UTA,Game total,over,7.5,fanduel,250,0.2857142857142857,0.27136993408203125,0.0,-0.050205230712890625,False
CHI@UTA,Game total,over,8.0,fanduel,360,0.2173913043478261,0.18886566162109375,0.0825042724609375,-0.04871368408203136,True
CHI@UTA,Game total,over,8.5,fanduel,390,0.2040816326530612,0.18886566162109375,0.0,-0.07455825805664051,True
CHI@UTA,Game total,over,9.5,fanduel,900,0.1,0.08052825927734375,0.0,-0.1947174072265625,True
CHI@UTA,Game total,over,10.5,fanduel,1460,0.06410256410256411,0.0487518310546875,0.0,-0.239471435546875,True
CHI@UTA,Game total,over,11.5,fanduel,3600,0.02702702702702703,0.0163116455078125,0.0,-0.3964691162109375,True
CHI@UTA,Game total,over,12.5,fanduel,6500,0.015151515151515152,0.00803375244140625,0.0,-0.4697723388671875,True
CHI@UTA,Game total,under,6.5,draftkings,-130,0.5652173913043479,0.51617431640625,0.0,-0.08676851712740385,False
CHI@UTA,Game total,under,3.5,draftkings,520,0.16129032258064516,0.11197662353515625,0.0,-0.3057449340820312,True
CHI@UTA,Game total,under,4.5,draftkings,310,0.24390243902439027,0.18532562255859375,0.0,-0.2401649475097657,True
CHI@UTA,Game total,under,5.5,draftkings,115,0.46511627906976744,0.4007415771484375,0.0,-0.13840560913085942,False
CHI@UTA,Game total,under,7.5,draftkings,-335,0.7701149425287357,0.7286300659179688,0.0,-0.053868421867712235,False
CHI@UTA,Game total,under,8.5,draftkings,-575,0.851851851851852,0.8111343383789062,0.0,-0.04779882016389281,True
CHI@UTA,Game total,under,9.5,draftkings,-1600,0.9411764705882353,0.9194717407226562,0.0,-0.023061275482177734,True
CHI@UTA,Game total,under,6.5,fanduel,-134,0.5726495726495727,0.51617431640625,0.0,-0.0986209698577426,False
CHI@UTA,Game total,under,2.5,fanduel,2300,0.041666666666666664,0.02124786376953125,0.0,-0.49005126953125,True
CHI@UTA,Game total,under,3.0,fanduel,1800,0.05263157894736842,0.02124786376953125,0.090728759765625,-0.5055618286132812,True
CHI@UTA,Game total,under,3.5,fanduel,560,0.15151515151515152,0.11197662353515625,0.0,-0.26095428466796877,True
CHI@UTA,Game total,under,4.0,fanduel,520,0.16129032258064516,0.11197662353515625,0.0733489990234375,-0.23239593505859368,True
CHI@UTA,Game total,under,4.5,fanduel,310,0.24390243902439027,0.18532562255859375,0.0,-0.2401649475097657,True
CHI@UTA,Game total,under,5.0,fanduel,235,0.29850746268656714,0.18532562255859375,0.21541595458984375,-0.16374320983886714,True
CHI@UTA,Game total,under,5.5,fanduel,120,0.45454545454545453,0.4007415771484375,0.0,-0.11836853027343741,False
CHI@UTA,Game total,under,6.0,fanduel,-105,0.5121951219512195,0.4007415771484375,0.1154327392578125,-0.10216703869047616,False
CHI@UTA,Game total,under,7.0,fanduel,-245,0.7101449275362319,0.51617431640625,0.21245574951171875,-0.060686539630500635,False
CHI@UTA,Game total,under,7.5,fanduel,-350,0.7777777777777779,0.7286300659179688,0.0,-0.06318991524832596,False
CHI@UTA,Game total,under,8.0,fanduel,-500,0.8333333333333334,0.7286300659179688,0.0825042724609375,-0.04313964843750007,False
CHI@UTA,Game total,under,8.5,fanduel,-600,0.8571428571428571,0.8111343383789062,0.0,-0.053676605224609264,True
CHI@UTA,Game total,under,9.5,fanduel,-1800,0.9473684210526315,0.9194717407226562,0.0,-0.029446495903862835,True
CHI@UTA,Game total,under,10.5,fanduel,-3500,0.9722222222222223,0.9512481689453125,0.0,-0.021573311941964435,True
CHI@UTA,Game total,under,11.5,fanduel,-8000,0.9876543209876544,0.9836883544921875,0.0,-0.004015541076660245,True
CHI@UTA,CHI team total,over,2.5,draftkings,-120,0.5454545454545454,0.5138397216796875,0.0,-0.05796051025390614,False
CHI@UTA,CHI team total,over,0.5,draftkings,-2000,0.9523809523809523,0.9300918579101562,0.0,-0.02340354919433585,True
CHI@UTA,CHI team total,over,1.5,draftkings,-340,0.7727272727272727,0.7476272583007812,0.0,-0.032482371610753624,False
CHI@UTA,CHI team total,over,3.5,draftkings,215,0.31746031746031744,0.29795074462890625,0.0,-0.061455154418945335,False
CHI@UTA,CHI team total,over,4.5,draftkings,530,0.15873015873015872,0.14205169677734375,0.0,-0.1050743103027344,True
CHI@UTA,CHI team total,over,5.5,draftkings,1200,0.07692307692307693,0.0539703369140625,0.0,-0.2983856201171875,True
CHI@UTA,CHI team total,over,2.5,fanduel,-106,0.5145631067961165,0.5138397216796875,0.0,-0.0014058239055129151,False
CHI@UTA,CHI team total,over,0.5,fanduel,-1600,0.9411764705882353,0.9300918579101562,0.0,-0.011777400970458984,True
CHI@UTA,CHI team total,over,1.5,fanduel,-320,0.7619047619047619,0.7476272583007812,0.0,-0.01873922348022461,False
CHI@UTA,CHI team total,over,3.5,fanduel,230,0.30303030303030304,0.29795074462890625,0.0,-0.01676254272460942,False
CHI@UTA,CHI team total,over,4.5,fanduel,580,0.14705882352941177,0.14205169677734375,0.0,-0.03404846191406252,True
CHI@UTA,CHI team total,over,5.5,fanduel,1400,0.06666666666666667,0.0539703369140625,0.0,-0.1904449462890625,True
CHI@UTA,CHI team total,over,6.5,fanduel,4000,0.024390243902439025,0.0155029296875,0.0,-0.3643798828125,True
CHI@UTA,CHI team total,under,2.5,draftkings,-120,0.5454545454545454,0.4861602783203125,0.0,-0.10870615641276038,False
CHI@UTA,CHI team total,under,0.5,draftkings,850,0.10526315789473684,0.06990814208984375,0.0,-0.3358726501464844,True
CHI@UTA,CHI team total,under,1.5,draftkings,240,0.29411764705882354,0.25237274169921875,0.0,-0.14193267822265632,False
CHI@UTA,CHI team total,under,3.5,draftkings,-300,0.75,0.7020492553710938,0.0,-0.063934326171875,False
CHI@UTA,CHI team total,under,4.5,draftkings,-950,0.9047619047619049,0.8579483032226562,0.0,-0.05174134906969585,True
CHI@UTA,CHI team total,under,5.5,draftkings,-4500,0.9782608695652175,0.9460296630859375,0.0,-0.032947455512152835,True
CHI@UTA,CHI team total,under,2.5,fanduel,-122,0.5495495495495495,0.4861602783203125,0.0,-0.11534769026959524,False
CHI@UTA,CHI team total,under,0.5,fanduel,880,0.1020408163265306,0.06990814208984375,0.0,-0.3149002075195312,True
CHI@UTA,CHI team total,under,1.5,fanduel,230,0.30303030303030304,0.25237274169921875,0.0,-0.16716995239257815,False
CHI@UTA,CHI team total,under,3.5,fanduel,-320,0.7619047619047619,0.7020492553710938,0.0,-0.07856035232543945,False
CHI@UTA,CHI team total,under,4.5,fanduel,-1000,0.9090909090909091,0.8579483032226562,0.0,-0.0562568664550781,True
CHI@UTA,CHI team total,under,5.5,fanduel,-3500,0.9722222222222223,0.9460296630859375,0.0,-0.02694091796875009,True
CHI@UTA,CHI team total,under,6.5,fanduel,-8000,0.9876543209876544,0.9844970703125,0.0,-0.00319671630859375,True
CHI@UTA,UTA team total,over,3.5,draftkings,-130,0.5652173913043479,0.5306777954101562,0.0,-0.061108515812800523,False
CHI@UTA,UTA team total,over,0.5,draftkings,-9000,0.989010989010989,0.9765472412109375,0.0,-0.012602233886718772,True
CHI@UTA,UTA team total,over,1.5,draftkings,-900,0.8999999999999999,0.8928756713867188,0.0,-0.00791592068142355,True
CHI@UTA,UTA team total,over,2.5,draftkings,-290,0.7435897435897436,0.7398147583007812,0.0,-0.005076704354121775,False
CHI@UTA,UTA team total,over,4.5,draftkings,180,0.35714285714285715,0.310699462890625,0.0,-0.13004150390625002,False
CHI@UTA,UTA team total,over,5.5,draftkings,410,0.19607843137254904,0.14333343505859375,0.0,-0.2689994812011719,True
CHI@UTA,UTA team total,over,3.5,fanduel,-118,0.5412844036697247,0.5306777954101562,0.0,-0.01959525932699946,False
CHI@UTA,UTA team total,over,0.5,fanduel,-6000,0.9836065573770493,0.9765472412109375,0.0,-0.007176971435546964,True
CHI@UTA,UTA team total,over,1.5,fanduel,-1100,0.9166666666666667,0.8928756713867188,0.0,-0.025953813032670525,True
CHI@UTA,UTA team total,over,2.5,fanduel,-320,0.7619047619047619,0.7398147583007812,0.0,-0.02899312973022461,False
CHI@UTA,UTA team total,over,4.5,fanduel,200,0.3333333333333333,0.310699462890625,0.0,-0.067901611328125,False
CHI@UTA,UTA team total,over,5.5,fanduel,480,0.1724137931034483,0.14333343505859375,0.0,-0.16866607666015632,True
CHI@UTA,UTA team total,over,6.5,fanduel,1220,0.07575757575757576,0.052825927734375,0.0,-0.3026977539062501,True
CHI@UTA,UTA team total,over,7.5,fanduel,3100,0.03125,0.0155487060546875,0.0,-0.50244140625,True
CHI@UTA,UTA team total,under,3.5,draftkings,-110,0.5238095238095238,0.46932220458984375,0.0,-0.10402124578302552,False
CHI@UTA,UTA team total,under,0.5,draftkings,1500,0.0625,0.0234527587890625,0.0,-0.624755859375,True
CHI@UTA,UTA team total,under,1.5,draftkings,500,0.16666666666666666,0.10712432861328125,0.0,-0.3572540283203125,True
CHI@UTA,UTA team total,under,2.5,draftkings,210,0.3225806451612903,0.26018524169921875,0.0,-0.19342575073242185,False
CHI@UTA,UTA team total,under,4.5,draftkings,-245,0.7101449275362319,0.689300537109375,0.0,-0.029352304886798408,False
CHI@UTA,UTA team total,under,5.5,draftkings,-675,0.8709677419354839,0.8566665649414062,0.0,-0.0164198698820891,True
CHI@UTA,UTA team total,under,3.5,fanduel,-108,0.5192307692307692,0.46932220458984375,0.0,-0.09612019856770826,False
CHI@UTA,UTA team total,under,0.5,fanduel,2400,0.04,0.0234527587890625,0.0,-0.4136810302734375,True
CHI@UTA,UTA team total,under,1.5,fanduel,610,0.14084507042253522,0.10712432861328125,0.0,-0.2394172668457032,True
CHI@UTA,UTA team total,under,4.5,fanduel,-270,0.7297297297297298,0.689300537109375,0.0,-0.05540296766493069,False
CHI@UTA,UTA team total,under,5.5,fanduel,-800,0.8888888888888888,0.8566665649414062,0.0,-0.03625011444091797,True
CHI@UTA,UTA team total,under,6.5,fanduel,-2400,0.96,0.947174072265625,0.0,-0.013360341389973884,True
CHI@UTA,UTA team total,under,7.5,fanduel,-8000,0.9876543209876544,0.9844512939453125,0.0,-0.0032430648803711826,True
MIN@NSH,MIN puck line,-1.5,-1.5,draftkings,170,0.37037037037037035,0.354736328125,0.0,-0.04221191406249991,False
MIN@NSH,MIN puck line,-3.5,-3.5,draftkings,625,0.13793103448275862,0.09975433349609375,0.0,-0.2767810821533203,True
MIN@NSH,MIN puck line,-2.5,-2.5,draftkings,265,0.273972602739726,0.234588623046875,0.0,-0.14375152587890627,True
MIN@NSH,MIN puck line,+1.5,1.5,draftkings,-375,0.7894736842105263,0.7723159790039062,0.0,-0.021733093261718794,True
MIN@NSH,MIN puck line,+2.5,2.5,draftkings,-800,0.8888888888888888,0.8626861572265625,0.0,-0.029478073120117188,True
MIN@NSH,MIN puck line,+3.5,3.5,draftkings,-2800,0.9655172413793103,0.949432373046875,0.0,-0.016659327915736544,True
MIN@NSH,MIN puck line,-1.5,-1.5,fanduel,172,0.36764705882352944,0.354736328125,0.0,-0.035117187500000036,False
MIN@NSH,MIN puck line,-5.5,-5.5,fanduel,4900,0.02,0.0136871337890625,0.0,-0.315643310546875,True
MIN@NSH,MIN puck line,-4.5,-4.5,fanduel,1750,0.05405405405405406,0.039703369140625,0.0,-0.2654876708984375,True
MIN@NSH,MIN puck line,-3.5,-3.5,fanduel,720,0.12195121951219513,0.09975433349609375,0.0,-0.18201446533203136,True
MIN@NSH,MIN puck line,-2.5,-2.5,fanduel,260,0.2777777777777778,0.234588623046875,0.0,-0.15548095703124998,True
MIN@NSH,MIN puck line,+1.5,1.5,fanduel,-450,0.8181818181818181,0.7723159790039062,0.0,-0.05605824788411451,True
MIN@NSH,MIN puck line,+2.5,2.5,fanduel,-800,0.8888888888888888,0.8626861572265625,0.0,-0.029478073120117188,True
MIN@NSH,MIN puck line,+3.5,3.5,fanduel,-3000,0.9677419354838709,0.949432373046875,0.0,-0.018919881184895737,True
MIN@NSH,MIN puck line,+4.5,4.5,fanduel,-8000,0.9876543209876544,0.9822616577148438,0.0,-0.0054600715637207475,True
MIN@NSH,MIN puck line,+5.5,5.5,fanduel,-50000,0.998003992015968,0.9947967529296875,0.0,-0.003213653564453134,True
MIN@NSH,NSH puck line,+1.5,1.5,draftkings,-205,0.6721311475409836,0.645263671875,0.0,-0.03997356135670738,False
MIN@NSH,NSH puck line,-3.5,-3.5,draftkings,1000,0.09090909090909091,0.050567626953125,0.0,-0.443756103515625,True
MIN@NSH,NSH puck line,-2.5,-2.5,draftkings,460,0.17857142857142858,0.1373138427734375,0.0,-0.2310424804687501,True
MIN@NSH,NSH puck line,-1.5,-1.5,draftkings,260,0.2777777777777778,0.22768402099609375,0.0,-0.18033752441406248,True
MIN@NSH,NSH puck line,+2.5,2.5,draftkings,-385,0.7938144329896907,0.765411376953125,0.0,-0.035780473188920414,True
MIN@NSH,NSH puck line,+3.5,3.5,draftkings,-1200,0.9230769230769231,0.9002456665039062,0.0,-0.024733861287434933,True
MIN@NSH,NSH puck line,+1.5,1.5,fanduel,-215,0.6825396825396826,0.645263671875,0.0,-0.05461369004360472,False
MIN@NSH,NSH puck line,-4.5,-4.5,fanduel,3800,0.02564102564102564,0.01773834228515625,0.0,-0.30820465087890625,True
MIN@NSH,NSH puck line,-3.5,-3.5,fanduel,1380,0.06756756756756756,0.050567626953125,0.0,-0.25159912109374993,True
MIN@NSH,NSH puck line,-2.5,-2.5,fanduel,500,0.16666666666666666,0.1373138427734375,0.0,-0.176116943359375,True
MIN@NSH,NSH puck line,-1.5,-1.5,fanduel,300,0.25,0.22768402099609375,0.0,-0.089263916015625,True
MIN@NSH,NSH puck line,+2.5,2.5,fanduel,-360,0.782608695652174,0.765411376953125,0.0,-0.02197435167100703,True
MIN@NSH,NSH puck line,+3.5,3.5,fanduel,-1300,0.9285714285714286,0.9002456665039062,0.0,-0.030504666841947192,True
MIN@NSH,NSH puck line,+4.5,4.5,fanduel,-4500,0.9782608695652175,0.960296630859375,0.0,-0.018363444010416785,True
MIN@NSH,NSH puck line,+5.5,5.5,fanduel,-20000,0.9950248756218907,0.9863128662109375,0.0,-0.008755569458007928,True
MIN@NSH,NSH puck line,+6.5,6.5,fanduel,-50000,0.998003992015968,0.9962310791015625,0.0,-0.0017764587402343546,True
MIN@NSH,Game total,over,6.5,draftkings,110,0.47619047619047616,0.48567962646484375,0.0,0.01992721557617183,False
MIN@NSH,Game total,over,3.5,draftkings,-850,0.8947368421052632,0.8879013061523438,0.0,-0.007639716653262796,True
MIN@NSH,Game total,over,4.5,draftkings,-440,0.8148148148148148,0.817291259765625,0.0,0.0030392733487216717,True
MIN@NSH,Game total,over,5.5,draftkings,-150,0.6000000000000001,0.5998077392578125,0.0,-0.000320434570312611,False
MIN@NSH,Game total,over,7.5,draftkings,245,0.2898550724637681,0.271453857421875,0.0,-0.06348419189453125,False
MIN@NSH,Game total,over,8.5,draftkings,370,0.2127659574468085,0.1903228759765625,0.0,-0.10548248291015616,True
MIN@NSH,Game total,over,9.5,draftkings,850,0.10526315789473684,0.08139801025390625,0.0,-0.22671890258789062,True
MIN@NSH,Game total,over,6.5,fanduel,108,0.4807692307692307,0.48567962646484375,0.0,0.010213623046875009,False
MIN@NSH,Game total,over,2.5,fanduel,-6000,0.9836065573770493,0.97869873046875,0.0,-0.004989624023437611,True
MIN@NSH,Game total,over,3.0,fanduel,-8000,0.9876543209876544,0.8879013061523438,0.09079742431640625,-0.010202503204345792,True
MIN@NSH,Game total,over,3.5,fanduel,-950,0.9047619047619049,0.8879013061523438,0.0,-0.01863539846319917,True
MIN@NSH,Game total,over,4.0,fanduel,-800,0.8888888888888888,0.817291259765625,0.07061004638671875,-0.009937286376953125,True
MIN@NSH,Game total,over,4.5,fanduel,-480,0.8275862068965518,0.817291259765625,0.0,-0.012439727783203236,True
MIN@NSH,Game total,over,5.0,fanduel,-310,0.7560975609756098,0.5998077392578125,0.2174835205078125,0.010777627268145018,False
MIN@NSH,Game total,over,5.5,fanduel,-152,0.6031746031746031,0.5998077392578125,0.0,-0.005581905967310785,False
MIN@NSH,Game total,over,6.0,fanduel,-118,0.5412844036697247,0.48567962646484375,0.11412811279296875,0.011400643041578284,False
MIN@NSH,Game total,over,7.0,fanduel,186,0.34965034965034963,0.271453857421875,0.21422576904296875,-0.009416198730468617,False
MIN@NSH,Game total,over,7.5,fanduel,250,0.2857142857142857,0.271453857421875,0.0,-0.0499114990234375,False
MIN@NSH,Game total,over,8.0,fanduel,350,0.2222222222222222,0.1903228759765625,0.0811309814453125,-0.06241607666015625,True
MIN@NSH,Game total,over,8.5,fanduel,380,0.20833333333333334,0.1903228759765625,0.0,-0.08645019531250009,True
MIN@NSH,Game total,over,9.5,fanduel,900,0.1,0.08139801025390625,0.0,-0.1860198974609375,True
MIN@NSH,Game total,over,10.5,fanduel,1400,0.06666666666666667,0.05029296875,0.0,-0.24560546875,True
MIN@NSH,Game total,over,11.5,fanduel,3600,0.02702702702702703,0.0165863037109375,0.0,-0.3863067626953125,True
MIN@NSH,Game total,over,12.5,fanduel,6000,0.01639344262295082,0.00894927978515625,0.0,-0.45409393310546875,True
MIN@NSH,Game total,under,6.5,draftkings,-130,0.5652173913043479,0.5143203735351562,0.0,-0.09004856989933896,False
MIN@NSH,Game total,under,3.5,draftkings,480,0.1724137931034483,0.11209869384765625,0.0,-0.3498275756835938,True
MIN@NSH,Game total,under,4.5,draftkings,295,0.2531645569620253,0.182708740234375,0.0,-0.2783004760742187,True
MIN@NSH,Game total,under,5.5,draftkings,110,0.47619047619047616,0.4001922607421875,0.0,-0.15959625244140618,False
MIN@NSH,Game total,under,7.5,draftkings,-350,0.7777777777777779,0.728546142578125,0.0,-0.0632978166852679,False
MIN@NSH,Game total,under,8.5,draftkings,-600,0.8571428571428571,0.8096771240234375,0.0,-0.05537668863932288,True
MIN@NSH,Game total,under,9.5,draftkings,-2000,0.9523809523809523,0.9186019897460938,0.0,-0.035467910766601496,True
MIN@NSH,Game total,under,6.5,fanduel,-132,0.5689655172413793,0.5143203735351562,0.0,-0.09604297984730115,False
MIN@NSH,Game total,under,2.5,fanduel,2300,0.041666666666666664,0.02130126953125,0.0,-0.48876953125,True
MIN@NSH,Game total,under,3.0,fanduel,1800,0.05263157894736842,0.02130126953125,0.09079742431640625,-0.5044784545898438,True
MIN@NSH,Game total,under,3.5,fanduel,560,0.15151515151515152,0.11209869384765625,0.0,-0.26014862060546884,True
MIN@NSH,Game total,under,4.0,fanduel,520,0.16129032258064516,0.11209869384765625,0.07061004638671875,-0.23437805175781246,True
MIN@NSH,Game total,under,4.5,fanduel,320,0.23809523809523808,0.182708740234375,0.0,-0.23262329101562496,True
MIN@NSH,Game total,under,5.0,fanduel,240,0.29411764705882354,0.182708740234375,0.2174835205078125,-0.16130676269531252,True
MIN@NSH,Game total,under,5.5,fanduel,120,0.45454545454545453,0.4001922607421875,0.0,-0.11957702636718748,False
MIN@NSH,Game total,under,6.0,fanduel,-104,0.5098039215686274,0.4001922607421875,0.11412811279296875,-0.10087937575120187,False
MIN@NSH,Game total,under,7.0,fanduel,-235,0.7014925373134329,0.5143203735351562,0.21422576904296875,-0.052594124002659615,False
MIN@NSH,Game total,under,7.5,fanduel,-350,0.7777777777777779,0.728546142578125,0.0,-0.0632978166852679,False
MIN@NSH,Game total,under,8.0,fanduel,-480,0.8275862068965518,0.728546142578125,0.0811309814453125,-0.038542429606119866,False
MIN@NSH,Game total,under,8.5,fanduel,-600,0.8571428571428571,0.8096771240234375,0.0,-0.05537668863932288,True
MIN@NSH,Game total,under,9.5,fanduel,-1800,0.9473684210526315,0.9186019897460938,0.0,-0.030364566379123215,True
MIN@NSH,Game total,under,10.5,fanduel,-3500,0.9722222222222223,0.94970703125,0.0,-0.023158482142857206,True
MIN@NSH,Game total,under,11.5,fanduel,-8000,0.9876543209876544,0.9834136962890625,0.0,-0.004293632507324285,True
MIN@NSH,MIN team total,over,3.5,draftkings,110,0.47619047619047616,0.47100067138671875,0.0,-0.010898590087890625,False
MIN@NSH,MIN team total,over,0.5,draftkings,-6000,0.9836065573770493,0.9684906005859375,0.0,-0.015367889404296897,True
MIN@NSH,MIN team total,over,1.5,draftkings,-650,0.8666666666666667,0.8636932373046875,0.0,-0.0034308800330529188,True
MIN@NSH,MIN team total,over,2.5,draftkings,-215,0.6825396825396826,0.687042236328125,0.0,0.006596764852834225,False
MIN@NSH,MIN team total,over,4.5,draftkings,250,0.2857142857142857,0.261627197265625,0.0,-0.0843048095703125,False
MIN@NSH,MIN team total,over,5.5,draftkings,600,0.14285714285714285,0.11466217041015625,0.0,-0.19736480712890625,True
MIN@NSH,MIN team total,over,3.5,fanduel,108,0.4807692307692307,0.47100067138671875,0.0,-0.020318603515624978,False
MIN@NSH,MIN team total,over,0.5,fanduel,-4500,0.9782608695652175,0.9684906005859375,0.0,-0.009987386067708437,True
MIN@NSH,MIN team total,over,1.5,fanduel,-800,0.8888888888888888,0.8636932373046875,0.0,-0.028345108032226562,True
MIN@NSH,MIN team total,over,2.5,fanduel,-235,0.7014925373134329,0.687042236328125,0.0,-0.020599365234375,False
MIN@NSH,MIN team total,over,4.5,fanduel,250,0.2857142857142857,0.261627197265625,0.0,-0.0843048095703125,False
MIN@NSH,MIN team total,over,5.5,fanduel,640,0.13513513513513511,0.11466217041015625,0.0,-0.1514999389648437,True
MIN@NSH,MIN team total,over,6.5,fanduel,1550,0.06060606060606061,0.039886474609375,0.0,-0.3418731689453125,True
MIN@NSH,MIN team total,over,7.5,fanduel,4900,0.02,0.01074981689453125,0.0,-0.4625091552734375,True
MIN@NSH,MIN team total,under,3.5,draftkings,-150,0.6000000000000001,0.5289993286132812,0.0,-0.11833445231119799,False
MIN@NSH,MIN team total,under,0.5,draftkings,1300,0.07142857142857142,0.0315093994140625,0.0,-0.558868408203125,True
MIN@NSH,MIN team total,under,1.5,draftkings,400,0.2,0.1363067626953125,0.0,-0.3184661865234375,True
MIN@NSH,MIN team total,under,2.5,draftkings,160,0.3846153846153846,0.312957763671875,0.0,-0.186309814453125,False
MIN@NSH,MIN team total,under,4.5,draftkings,-360,0.782608695652174,0.738372802734375,0.0,-0.05652364095052087,False
MIN@NSH,MIN team total,under,5.5,draftkings,-1150,0.92,0.8853378295898438,0.0,-0.03767627218495251,True
MIN@NSH,MIN team total,under,3.5,fanduel,-136,0.576271186440678,0.5289993286132812,0.0,-0.08203057681812953,False
MIN@NSH,MIN team total,under,0.5,fanduel,1800,0.05263157894736842,0.0315093994140625,0.0,-0.4013214111328125,True
MIN@NSH,MIN team total,under,1.5,fanduel,480,0.1724137931034483,0.1363067626953125,0.0,-0.20942077636718748,True
MIN@NSH,MIN team total,under,4.5,fanduel,-360,0.782608695652174,0.738372802734375,0.0,-0.05652364095052087,False
MIN@NSH,MIN team total,under,5.5,fanduel,-1250,0.9259259259259258,0.8853378295898438,0.0,-0.04383514404296873,True
MIN@NSH,MIN team total,under,6.5,fanduel,-3500,0.9722222222222223,0.960113525390625,0.0,-0.012454659598214346,True
MIN@NSH,MIN team total,under,7.5,fanduel,-8000,0.9876543209876544,0.9892501831054688,0.0,0.0016158103942871538,True
MIN@NSH,NSH team total,over,2.5,draftkings,-145,0.5918367346938775,0.5772857666015625,0.0,-0.024586118500808163,False
MIN@NSH,NSH team total,over,0.5,draftkings,-2800,0.9655172413793103,0.947021484375,0.0,-0.01915631975446419,True
MIN@NSH,NSH team total,over,1.5,draftkings,-430,0.8113207547169812,0.794464111328125,0.0,-0.02077679301417157,True
MIN@NSH,NSH team total,over,3.5,draftkings,160,0.3846153846153846,0.35887908935546875,0.0,-0.06691436767578118,False
MIN@NSH,NSH team total,over,4.5,draftkings,370,0.2127659574468085,0.1825408935546875,0.0,-0.14205780029296877,True
MIN@NSH,NSH team total,over,5.5,draftkings,900,0.1,0.07320404052734375,0.0,-0.2679595947265625,True
MIN@NSH,NSH team total,over,2.5,fanduel,-142,0.5867768595041323,0.5772857666015625,0.0,-0.016174961143816002,False
MIN@NSH,NSH team total,over,0.5,fanduel,-2400,0.96,0.947021484375,0.0,-0.013519287109374889,True
MIN@NSH,NSH team total,over,1.5,fanduel,-430,0.8113207547169812,0.794464111328125,0.0,-0.02077679301417157,True
MIN@NSH,NSH team total,over,3.5,fanduel,168,0.373134328358209,0.35887908935546875,0.0,-0.03820404052734383,False
MIN@NSH,NSH team total,over,4.5,fanduel,400,0.2,0.1825408935546875,0.0,-0.0872955322265625,True
MIN@NSH,NSH team total,over,5.5,fanduel,1000,0.09090909090909091,0.07320404052734375,0.0,-0.19475555419921875,True
MIN@NSH,NSH team total,over,6.5,fanduel,2500,0.038461538461538464,0.02233123779296875,0.0,-0.4193878173828125,True
MIN@NSH,NSH team total,under,2.5,draftkings,105,0.48780487804878053,0.4227142333984375,0.0,-0.1334358215332032,False
MIN@NSH,NSH team total,under,0.5,draftkings,1000,0.09090909090909091,0.052978515625,0.0,-0.417236328125,True
MIN@NSH,NSH team total,under,1.5,draftkings,290,0.25641025641025644,0.205535888671875,0.0,-0.1984100341796875,True
MIN@NSH,NSH team total,under,3.5,draftkings,-215,0.6825396825396826,0.6411209106445312,0.0,-0.0606833169626636,False
MIN@NSH,NSH team total,under,4.5,draftkings,-600,0.8571428571428571,0.8174591064453125,0.0,-0.04629770914713538,True
MIN@NSH,NSH team total,under,5.5,draftkings,-2200,0.9565217391304348,0.9267959594726562,0.0,-0.0310769514604049,True
MIN@NSH,NSH team total,under,2.5,fanduel,112,0.4716981132075471,0.4227142333984375,0.0,-0.10384582519531249,False
MIN@NSH,NSH team total,under,0.5,fanduel,1140,0.08064516129032258,0.052978515625,0.0,-0.34306640624999996,True
MIN@NSH,NSH team total,under,1.5,fanduel,290,0.25641025641025644,0.205535888671875,0.0,-0.1984100341796875,True
MIN@NSH,NSH team total,under,3.5,fanduel,-215,0.6825396825396826,0.6411209106445312,0.0,-0.0606833169626636,False
MIN@NSH,NSH team total,under,4.5,fanduel,-650,0.8666666666666667,0.8174591064453125,0.0,-0.05677795410156261,True
MIN@NSH,NSH team total,under,5.5,fanduel,-2000,0.9523809523809523,0.9267959594726562,0.0,-0.026864242553710893,True
MIN@NSH,NSH team total,under,6.5,fanduel,-6000,0.9836065573770493,0.9776687622070312,0.0,-0.0060367584228516735,True
FLA@SJS,FLA puck line,-1.5,-1.5,draftkings,164,0.37878787878787884,0.35543060302734375,0.0,-0.061663208007812664,False
FLA@SJS,FLA puck line,-3.5,-3.5,draftkings,600,0.14285714285714285,0.10390472412109375,0.0,-0.27266693115234375,True
FLA@SJS,FLA puck line,-2.5,-2.5,draftkings,255,0.28169014084507044,0.23705291748046875,0.0,-0.15846214294433603,True
FLA@SJS,FLA puck line,+1.5,1.5,draftkings,-385,0.7938144329896907,0.7702560424804688,0.0,-0.0296774529791497,True
FLA@SJS,FLA puck line,+2.5,2.5,draftkings,-750,0.8823529411764706,0.8597793579101562,0.0,-0.025583394368489554,True
FLA@SJS,FLA puck line,+3.5,3.5,draftkings,-2800,0.9655172413793103,0.9474105834960938,0.0,-0.018753324236188473,True
FLA@SJS,FLA puck line,-1.5,-1.5,fanduel,154,0.39370078740157477,0.35543060302734375,0.0,-0.0972062683105469,False
FLA@SJS,FLA puck line,-5.5,-5.5,fanduel,3600,0.02702702702702703,0.01474761962890625,0.0,-0.45433807373046875,True
FLA@SJS,FLA puck line,-4.5,-4.5,fanduel,1500,0.0625,0.04276275634765625,0.0,-0.3157958984375,True
FLA@SJS,FLA puck line,-3.5,-3.5,fanduel,680,0.12820512820512822,0.10390472412109375,0.0,-0.18954315185546877,True
FLA@SJS,FLA puck line,-2.5,-2.5,fanduel,250,0.2857142857142857,0.23705291748046875,0.0,-0.17031478881835938,True
FLA@SJS,FLA puck line,+1.5,1.5,fanduel,-400,0.8,0.7702560424804688,0.0,-0.03717994689941406,True
FLA@SJS,FLA puck line,+2.5,2.5,fanduel,-800,0.8888888888888888,0.8597793579101562,0.0,-0.03274822235107422,True
FLA@SJS,FLA puck line,+3.5,3.5,fanduel,-3000,0.9677419354838709,0.9474105834960938,0.0,-0.021009063720702992,True
FLA@SJS,FLA puck line,+4.5,4.5,fanduel,-8000,0.9876543209876544,0.9810028076171875,0.0,-0.006734657287597701,True
FLA@SJS,FLA puck line,+5.5,5.5,fanduel,-20000,0.9950248756218907,0.9941864013671875,0.0,-0.0008426666259766513,True
FLA@SJS,FLA puck line,+6.5,6.5,fanduel,-50000,0.998003992015968,0.9984207153320312,0.0,0.00041755676269539244,True
FLA@SJS,SJS puck line,+1.5,1.5,draftkings,-198,0.6644295302013422,0.6445693969726562,0.0,-0.02989050354620415,False
FLA@SJS,SJS puck line,-3.5,-3.5,draftkings,1000,0.09090909090909091,0.05258941650390625,0.0,-0.42151641845703125,True
FLA@SJS,SJS puck line,-2.5,-2.5,draftkings,440,0.18518518518518517,0.14022064208984375,0.0,-0.2428085327148437,True
FLA@SJS,SJS puck line,-1.5,-1.5,draftkings,265,0.273972602739726,0.22974395751953125,0.0,-0.16143455505371096,True
FLA@SJS,SJS puck line,+2.5,2.5,draftkings,-370,0.7872340425531915,0.7629470825195312,0.0,-0.030851003286000878,True
FLA@SJS,SJS puck line,+3.5,3.5,draftkings,-1150,0.92,0.8960952758789062,0.0,-0.025983395783797603,True
FLA@SJS,SJS puck line,+1.5,1.5,fanduel,-192,0.6575342465753424,0.6445693969726562,0.0,-0.019717375437418472,False
FLA@SJS,SJS puck line,-4.5,-4.5,fanduel,3200,0.030303030303030304,0.0189971923828125,0.0,-0.3730926513671875,True
FLA@SJS,SJS puck line,-3.5,-3.5,fanduel,1300,0.07142857142857142,0.05258941650390625,0.0,-0.2637481689453125,True
FLA@SJS,SJS puck line,-2.5,-2.5,fanduel,480,0.1724137931034483,0.14022064208984375,0.0,-0.18672027587890627,True
FLA@SJS,SJS puck line,-1.5,-1.5,fanduel,280,0.2631578947368421,0.22974395751953125,0.0,-0.1269729614257813,True
FLA@SJS,SJS puck line,+2.5,2.5,fanduel,-360,0.782608695652174,0.7629470825195312,0.0,-0.025123172336154576,True
FLA@SJS,SJS puck line,+3.5,3.5,fanduel,-1200,0.9230769230769231,0.8960952758789062,0.0,-0.029230117797851674,True
FLA@SJS,SJS puck line,+4.5,4.5,fanduel,-3500,0.9722222222222223,0.9572372436523438,0.0,-0.015413120814732229,True
FLA@SJS,SJS puck line,+5.5,5.5,fanduel,-8000,0.9876543209876544,0.9852523803710938,0.0,-0.002431964874267667,True
FLA@SJS,SJS puck line,+6.5,6.5,fanduel,-50000,0.998003992015968,0.9955596923828125,0.0,-0.002449188232421906,True
FLA@SJS,Game total,over,6.5,draftkings,-105,0.5121951219512195,0.5290985107421875,0.0,0.03300185430617564,False
FLA@SJS,Game total,over,3.5,draftkings,-1000,0.9090909090909091,0.9054336547851562,0.0,-0.004022979736328036,True
FLA@SJS,Game total,over,4.5,draftkings,-525,0.84,0.8423538208007812,0.0,0.002802167619977647,True
FLA@SJS,Game total,over,5.5,draftkings,-175,0.6363636363636364,0.639984130859375,0.0,0.005689348493303603,False
FLA@SJS,Game total,over,7.5,draftkings,215,0.31746031746031744,0.30951690673828125,0.0,-0.02502174377441413,False
FLA@SJS,Game total,over,8.5,draftkings,330,0.23255813953488372,0.22443389892578125,0.0,-0.03493423461914069,True
FLA@SJS,Game total,over,9.5,draftkings,750,0.11764705882352941,0.10158538818359375,0.0,-0.13652420043945312,True
FLA@SJS,Game total,over,6.5,fanduel,-105,0.5121951219512195,0.5290985107421875,0.0,0.03300185430617564,False
FLA@SJS,Game total,over,2.5,fanduel,-6000,0.9836065573770493,0.9823684692382812,0.0,-0.0012587229410807588,True
FLA@SJS,Game total,over,3.0,fanduel,-8000,0.9876543209876544,0.9054336547851562,0.076934814453125,-0.006313610076904341,True
FLA@SJS,Game total,over,3.5,fanduel,-1250,0.9259259259259258,0.9054336547851562,0.0,-0.022131652832031223,True
FLA@SJS,Game total,over,4.0,fanduel,-950,0.9047619047619049,0.8423538208007812,0.063079833984375,-0.005897521972656361,True
FLA@SJS,Game total,over,4.5,fanduel,-600,0.8571428571428571,0.8423538208007812,0.0,-0.017253875732421764,True
FLA@SJS,Game total,over,5.0,fanduel,-375,0.7894736842105263,0.639984130859375,0.20236968994140625,0.013016255696614465,False
FLA@SJS,Game total,over,5.5,fanduel,-172,0.6323529411764706,0.639984130859375,0.0,0.012067927870639705,False
FLA@SJS,Game total,over,6.0,fanduel,-138,0.5798319327731092,0.5290985107421875,0.1108856201171875,0.023388848788496563,False
FLA@SJS,Game total,over,7.0,fanduel,160,0.3846153846153846,0.30951690673828125,0.21958160400390625,0.024325561523437678,False
FLA@SJS,Game total,over,7.5,fanduel,215,0.31746031746031744,0.30951690673828125,0.0,-0.02502174377441413,False
FLA@SJS,Game total,over,8.0,fanduel,310,0.24390243902439027,0.22443389892578125,0.0850830078125,0.005261993408202992,True
FLA@SJS,Game total,over,8.5,fanduel,340,0.22727272727272727,0.22443389892578125,0.0,-0.012490844726562367,True
FLA@SJS,Game total,over,9.5,fanduel,790,0.11235955056179775,0.10158538818359375,0.0,-0.09589004516601562,True
FLA@SJS,Game total,over,10.5,fanduel,1300,0.07142857142857142,0.06423187255859375,0.0,-0.1007537841796875,True
FLA@SJS,Game total,over,11.5,fanduel,2900,0.03333333333333333,0.022613525390625,0.0,-0.32159423828125,True
FLA@SJS,Game total,over,12.5,fanduel,5500,0.017857142857142856,0.0127105712890625,0.0,-0.2882080078125,True
FLA@SJS,Game total,under,6.5,draftkings,-115,0.5348837209302326,0.4709014892578125,0.0,-0.11961895486582885,False
FLA@SJS,Game total,under,3.5,draftkings,550,0.15384615384615385,0.09456634521484375,0.0,-0.3853187561035156,True
FLA@SJS,Game total,under,4.5,draftkings,340,0.22727272727272727,0.15764617919921875,0.0,-0.3063568115234374,True
FLA@SJS,Game total,under,5.5,draftkings,135,0.425531914893617,0.360015869140625,0.0,-0.15396270751953123,False
FLA@SJS,Game total,under,7.5,draftkings,-300,0.75,0.6904830932617188,0.0,-0.07935587565104174,False
FLA@SJS,Game total,under,8.5,draftkings,-505,0.8347107438016529,0.7755661010742188,0.0,-0.07085645316851019,True
FLA@SJS,Game total,under,9.5,draftkings,-1600,0.9411764705882353,0.8984146118164062,0.0,-0.04543447494506836,True
FLA@SJS,Game total,under,6.5,fanduel,-115,0.5348837209302326,0.4709014892578125,0.0,-0.11961895486582885,False
FLA@SJS,Game total,under,2.5,fanduel,2300,0.041666666666666664,0.01763153076171875,0.0,-0.57684326171875,True
FLA@SJS,Game total,under,3.0,fanduel,1800,0.05263157894736842,0.01763153076171875,0.076934814453125,-0.5880661010742188,True
FLA@SJS,Game total,under,3.5,fanduel,620,0.1388888888888889,0.09456634521484375,0.0,-0.319122314453125,True
FLA@SJS,Game total,under,4.0,fanduel,590,0.14492753623188406,0.09456634521484375,0.063079833984375,-0.2844123840332031,True
FLA@SJS,Game total,under,4.5,fanduel,370,0.2127659574468085,0.15764617919921875,0.0,-0.25906295776367183,True
FLA@SJS,Game total,under,5.0,fanduel,285,0.2597402597402597,0.15764617919921875,0.20236968994140625,-0.19069252014160154,True
FLA@SJS,Game total,under,5.5,fanduel,134,0.4273504273504274,0.360015869140625,0.0,-0.1575628662109375,False
FLA@SJS,Game total,under,6.0,fanduel,112,0.4716981132075471,0.360015869140625,0.1108856201171875,-0.1258807373046874,False
FLA@SJS,Game total,under,7.0,fanduel,-200,0.6666666666666666,0.4709014892578125,0.21958160400390625,-0.074066162109375,False
FLA@SJS,Game total,under,7.5,fanduel,-300,0.75,0.6904830932617188,0.0,-0.07935587565104174,False
FLA@SJS,Game total,under,8.0,fanduel,-420,0.8076923076923077,0.6904830932617188,0.0850830078125,-0.06003316243489576,False
FLA@SJS,Game total,under,8.5,fanduel,-550,0.8461538461538461,0.7755661010742188,0.0,-0.08342188054865052,True
FLA@SJS,Game total,under,9.5,fanduel,-1450,0.935483870967742,0.8984146118164062,0.0,-0.03962575978246241,True
FLA@SJS,Game total,under,10.5,fanduel,-3000,0.9677419354838709,0.9357681274414062,0.0,-0.03303960164388009,True
FLA@SJS,Game total,under,11.5,fanduel,-8000,0.9876543209876544,0.977386474609375,0.0,-0.010396194458007879,True
FLA@SJS,FLA team total,over,3.5,draftkings,-105,0.5121951219512195,0.4981689453125,0.0,-0.02738444010416674,False
FLA@SJS,FLA team total,over,0.5,draftkings,-8000,0.9876543209876544,0.972320556640625,0.0,-0.015525436401367276,True
FLA@SJS,FLA team total,over,1.5,draftkings,-750,0.8823529411764706,0.8775711059570312,0.0,-0.005419413248697991,True
FLA@SJS,FLA team total,over,2.5,draftkings,-240,0.7058823529411764,0.7103424072265625,0.0,0.006318410237630356,False
FLA@SJS,FLA team total,over,4.5,draftkings,225,0.3076923076923077,0.28907012939453125,0.0,-0.06052207946777344,False
FLA@SJS,FLA team total,over,5.5,draftkings,520,0.16129032258064516,0.13321685791015625,0.0,-0.17405548095703127,True
FLA@SJS,FLA team total,over,3.5,fanduel,-102,0.504950495049505,0.4981689453125,0.0,-0.013430127910539214,False
FLA@SJS,FLA team total,over,0.5,fanduel,-4500,0.9782608695652175,0.972320556640625,0.0,-0.006072319878472343,True
FLA@SJS,FLA team total,over,1.5,fanduel,-800,0.8888888888888888,0.8775711059570312,0.0,-0.012732505798339844,True
FLA@SJS,FLA team total,over,2.5,fanduel,-260,0.7222222222222222,0.7103424072265625,0.0,-0.016448974609375,False
FLA@SJS,FLA team total,over,4.5,fanduel,225,0.3076923076923077,0.28907012939453125,0.0,-0.06052207946777344,False
FLA@SJS,FLA team total,over,5.5,fanduel,560,0.15151515151515152,0.13321685791015625,0.0,-0.12076873779296882,True
FLA@SJS,FLA team total,over,6.5,fanduel,1400,0.06666666666666667,0.0478363037109375,0.0,-0.2824554443359375,True
FLA@SJS,FLA team total,over,7.5,fanduel,4000,0.024390243902439025,0.01401519775390625,0.0,-0.42537689208984375,True
FLA@SJS,FLA team total,under,3.5,draftkings,-135,0.574468085106383,0.5018310546875,0.0,-0.12644223813657407,False
FLA@SJS,FLA team total,under,0.5,draftkings,1400,0.06666666666666667,0.027679443359375,0.0,-0.584808349609375,True
FLA@SJS,FLA team total,under,1.5,draftkings,440,0.18518518518518517,0.12242889404296875,0.0,-0.33888397216796873,True
FLA@SJS,FLA team total,under,2.5,draftkings,175,0.36363636363636365,0.2896575927734375,0.0,-0.20344161987304688,False
FLA@SJS,FLA team total,under,4.5,draftkings,-320,0.7619047619047619,0.7109298706054688,0.0,-0.06690454483032227,False
FLA@SJS,FLA team total,under,5.5,draftkings,-935,0.9033816425120773,0.8667831420898438,0.0,-0.04051277854225854,True
FLA@SJS,FLA team total,under,3.5,fanduel,-124,0.5535714285714286,0.5018310546875,0.0,-0.09346648185483875,False
FLA@SJS,FLA team total,under,0.5,fanduel,1800,0.05263157894736842,0.027679443359375,0.0,-0.474090576171875,True
FLA@SJS,FLA team total,under,1.5,fanduel,490,0.1694915254237288,0.12242889404296875,0.0,-0.27766952514648435,True
FLA@SJS,FLA team total,under,4.5,fanduel,-320,0.7619047619047619,0.7109298706054688,0.0,-0.06690454483032227,False
FLA@SJS,FLA team total,under,5.5,fanduel,-1000,0.9090909090909091,0.8667831420898438,0.0,-0.04653854370117183,True
FLA@SJS,FLA team total,under,6.5,fanduel,-3500,0.9722222222222223,0.9521636962890625,0.0,-0.02063162667410723,True
FLA@SJS,FLA team total,under,7.5,fanduel,-8000,0.9876543209876544,0.9859848022460938,0.0,-0.0016903877258300781,True
FLA@SJS,SJS team total,over,2.5,draftkings,-165,0.6226415094339623,0.60601806640625,0.0,-0.026698256983901603,False
FLA@SJS,SJS team total,over,0.5,draftkings,-3500,0.9722222222222223,0.9521026611328125,0.0,-0.020694405691964346,True
FLA@SJS,SJS team total,over,1.5,draftkings,-475,0.8260869565217391,0.8120346069335938,0.0,-0.017010738975123396,True
FLA@SJS,SJS team total,over,3.5,draftkings,150,0.4,0.387969970703125,0.0,-0.0300750732421875,False
FLA@SJS,SJS team total,over,4.5,draftkings,340,0.22727272727272727,0.2047576904296875,0.0,-0.09906616210937491,True
FLA@SJS,SJS team total,over,5.5,draftkings,750,0.11764705882352941,0.08542633056640625,0.0,-0.2738761901855469,True
FLA@SJS,SJS team total,over,2.5,fanduel,-146,0.5934959349593496,0.60601806640625,0.0,0.021098933807791154,False
FLA@SJS,SJS team total,over,0.5,fanduel,-3000,0.9677419354838709,0.9521026611328125,0.0,-0.016160583496093617,True
FLA@SJS,SJS team total,over,1.5,fanduel,-480,0.8275862068965518,0.8120346069335938,0.0,-0.01879151662190759,True
FLA@SJS,SJS team total,over,3.5,fanduel,160,0.3846153846153846,0.387969970703125,0.0,0.008721923828125089,False
FLA@SJS,SJS team total,over,4.5,fanduel,370,0.2127659574468085,0.2047576904296875,0.0,-0.037638854980468706,True
FLA@SJS,SJS team total,over,5.5,fanduel,900,0.1,0.08542633056640625,0.0,-0.1457366943359375,True
FLA@SJS,SJS team total,over,6.5,fanduel,2100,0.045454545454545456,0.02814483642578125,0.0,-0.3808135986328125,True
FLA@SJS,SJS team total,under,2.5,draftkings,125,0.4444444444444444,0.39398193359375,0.0,-0.1135406494140625,False
FLA@SJS,SJS team total,under,0.5,draftkings,1100,0.08333333333333333,0.0478973388671875,0.0,-0.42523193359375,True
FLA@SJS,SJS team total,under,1.5,draftkings,310,0.24390243902439027,0.18796539306640625,0.0,-0.2293418884277344,True
FLA@SJS,SJS team total,under,3.5,draftkings,-200,0.6666666666666666,0.612030029296875,0.0,-0.0819549560546875,False
FLA@SJS,SJS team total,under,4.5,draftkings,-525,0.84,0.7952423095703125,0.0,-0.053282964797247034,True
FLA@SJS,SJS team total,under,5.5,draftkings,-1600,0.9411764705882353,0.9145736694335938,0.0,-0.02826547622680664,True
FLA@SJS,SJS team total,under,2.5,fanduel,114,0.4672897196261683,0.39398193359375,0.0,-0.15687866210937518,False
FLA@SJS,SJS team total,under,0.5,fanduel,1280,0.07246376811594203,0.0478973388671875,0.0,-0.33901672363281243,True
FLA@SJS,SJS team total,under,1.5,fanduel,320,0.23809523809523808,0.18796539306640625,0.0,-0.21054534912109368,True
FLA@SJS,SJS team total,under,3.5,fanduel,-210,0.6774193548387096,0.612030029296875,0.0,-0.096527099609375,False
FLA@SJS,SJS team total,under,4.5,fanduel,-600,0.8571428571428571,0.7952423095703125,0.0,-0.07221730550130201,True
FLA@SJS,SJS team total,under,5.5,fanduel,-1800,0.9473684210526315,0.9145736694335938,0.0,-0.034616682264539955,True
FLA@SJS,SJS team total,under,6.5,fanduel,-5000,0.9803921568627451,0.9718551635742188,0.0,-0.008707733154296848,True
BUF@CBJ,BUF puck line,-1.5,-1.5,draftkings,220,0.3125,0.3031768798828125,0.0,-0.029833984374999956,False
BUF@CBJ,BUF puck line,-3.5,-3.5,draftkings,800,0.1111111111111111,0.07694244384765625,0.0,-0.30751800537109375,True
BUF@CBJ,BUF puck line,-2.5,-2.5,draftkings,340,0.22727272727272727,0.19427490234375,0.0,-0.14519042968749996,True
BUF@CBJ,BUF puck line,+1.5,1.5,draftkings,-270,0.7297297297297298,0.726654052734375,0.0,-0.004214816623263951,False
BUF@CBJ,BUF puck line,+2.5,2.5,draftkings,-505,0.8347107438016529,0.8288345336914062,0.0,-0.0070398160726717895,True
BUF@CBJ,BUF puck line,+3.5,3.5,draftkings,-1600,0.9411764705882353,0.9339065551757812,0.0,-0.007724285125732422,True
BUF@CBJ,BUF puck line,-1.5,-1.5,fanduel,220,0.3125,0.3031768798828125,0.0,-0.029833984374999956,False
BUF@CBJ,BUF puck line,-5.5,-5.5,fanduel,6000,0.01639344262295082,0.00940704345703125,0.0,-0.42617034912109375,True
BUF@CBJ,BUF puck line,-4.5,-4.5,fanduel,2200,0.043478260869565216,0.02864837646484375,0.0,-0.34108734130859375,True
BUF@CBJ,BUF puck line,-3.5,-3.5,fanduel,960,0.09433962264150944,0.07694244384765625,0.0,-0.18441009521484375,True
BUF@CBJ,BUF puck line,-2.5,-2.5,fanduel,350,0.2222222222222222,0.19427490234375,0.0,-0.125762939453125,True
BUF@CBJ,BUF puck line,+1.5,1.5,fanduel,-310,0.7560975609756098,0.726654052734375,0.0,-0.038941414125504115,False
BUF@CBJ,BUF puck line,+2.5,2.5,fanduel,-600,0.8571428571428571,0.8288345336914062,0.0,-0.033026377360026005,True
BUF@CBJ,BUF puck line,+3.5,3.5,fanduel,-2000,0.9523809523809523,0.9339065551757812,0.0,-0.0193981170654296,True
BUF@CBJ,BUF puck line,+4.5,4.5,fanduel,-6000,0.9836065573770493,0.9759445190429688,0.0,-0.007789738972981852,True
BUF@CBJ,BUF puck line,+5.5,5.5,fanduel,-20000,0.9950248756218907,0.9925918579101562,0.0,-0.0024451828002930442,True
BUF@CBJ,BUF puck line,+6.5,6.5,fanduel,-50000,0.998003992015968,0.9980392456054688,0.0,3.532409667972303e-05,True
BUF@CBJ,CBJ puck line,+1.5,1.5,draftkings,-270,0.7297297297297298,0.6968231201171875,0.0,-0.04509424280237273,False
BUF@CBJ,CBJ puck line,-3.5,-3.5,draftkings,750,0.11764705882352941,0.06609344482421875,0.0,-0.4382057189941406,True
BUF@CBJ,CBJ puck line,-2.5,-2.5,draftkings,330,0.23255813953488372,0.17116546630859375,0.0,-0.2639884948730469,True
BUF@CBJ,CBJ puck line,-1.5,-1.5,draftkings,195,0.3389830508474576,0.273345947265625,0.0,-0.1936294555664062,False
BUF@CBJ,CBJ puck line,+2.5,2.5,draftkings,-525,0.84,0.80572509765625,0.0,-0.04080345517113093,True
BUF@CBJ,CBJ puck line,+3.5,3.5,draftkings,-1800,0.9473684210526315,0.9230575561523438,0.0,-0.025661468505859375,True
BUF@CBJ,CBJ puck line,+1.5,1.5,fanduel,-280,0.7368421052631579,0.6968231201171875,0.0,-0.05431147984095974,False
BUF@CBJ,CBJ puck line,-5.5,-5.5,fanduel,6500,0.015151515151515152,0.00740814208984375,0.0,-0.5110626220703125,True
BUF@CBJ,CBJ puck line,-4.5,-4.5,fanduel,2500,0.038461538461538464,0.02405548095703125,0.0,-0.3745574951171875,True
BUF@CBJ,CBJ puck line,-3.5,-3.5,fanduel,1040,0.08771929824561403,0.06609344482421875,0.0,-0.24653472900390627,True
BUF@CBJ,CBJ puck line,-2.5,-2.5,fanduel,380,0.20833333333333334,0.17116546630859375,0.0,-0.17840576171875,True
BUF@CBJ,CBJ puck line,-1.5,-1.5,fanduel,220,0.3125,0.273345947265625,0.0,-0.12529296874999996,False
BUF@CBJ,CBJ puck line,+2.5,2.5,fanduel,-550,0.8461538461538461,0.80572509765625,0.0,-0.047779430042613535,True
BUF@CBJ,CBJ puck line,+3.5,3.5,fanduel,-2000,0.9523809523809523,0.9230575561523438,0.0,-0.030789566040039018,True
BUF@CBJ,CBJ puck line,+4.5,4.5,fanduel,-6000,0.9836065573770493,0.9713516235351562,0.0,-0.012459182739257835,True
BUF@CBJ,CBJ puck line,+5.5,5.5,fanduel,-20000,0.9950248756218907,0.9905929565429688,0.0,-0.004454078674316464,True
BUF@CBJ,CBJ puck line,+6.5,6.5,fanduel,-50000,0.998003992015968,0.9976272583007812,0.0,-0.0003774871826172088,True
BUF@CBJ,Game total,over,6.5,draftkings,114,0.4672897196261683,0.48178863525390625,0.0,0.03102767944335927,False
BUF@CBJ,Game total,over,3.5,draftkings,-850,0.8947368421052632,0.886016845703125,0.0,-0.009745878331801405,True
BUF@CBJ,Game total,over,4.5,draftkings,-440,0.8148148148148148,0.8136672973632812,0.0,-0.001408316872336668,True
BUF@CBJ,Game total,over,5.5,draftkings,-150,0.6000000000000001,0.5935745239257812,0.0,-0.01070912679036462,False
BUF@CBJ,Game total,over,7.5,draftkings,240,0.29411764705882354,0.26738739013671875,0.0,-0.09088287353515623,False
BUF@CBJ,Game total,over,8.5,draftkings,370,0.2127659574468085,0.18811798095703125,0.0,-0.11584548950195306,True
BUF@CBJ,Game total,over,9.5,draftkings,800,0.1111111111111111,0.07867431640625,0.0,-0.29193115234375,True
BUF@CBJ,Game total,over,6.5,fanduel,110,0.47619047619047616,0.48178863525390625,0.0,0.01175613403320308,False
BUF@CBJ,Game total,over,2.5,fanduel,-5000,0.9803921568627451,0.9777679443359375,0.0,-0.0026766967773437234,True
BUF@CBJ,Game total,over,3.0,fanduel,-6000,0.9836065573770493,0.886016845703125,0.0917510986328125,-0.0074651082356771425,True
BUF@CBJ,Game total,over,3.5,fanduel,-850,0.8947368421052632,0.886016845703125,0.0,-0.009745878331801405,True
BUF@CBJ,Game total,over,4.0,fanduel,-700,0.875,0.8136672973632812,0.07234954833984375,0.0022550310407365437,True
BUF@CBJ,Game total,over,4.5,fanduel,-450,0.8181818181818181,0.8136672973632812,0.0,-0.005517747667100559,True
BUF@CBJ,Game total,over,5.0,fanduel,-290,0.7435897435897436,0.5935745239257812,0.2200927734375,0.018348167682516126,False
BUF@CBJ,Game total,over,5.5,fanduel,-144,0.5901639344262295,0.5935745239257812,0.0,0.005779054429795982,False
BUF@CBJ,Game total,over,6.0,fanduel,-114,0.5327102803738317,0.48178863525390625,0.111785888671875,0.016196133797628853,False
BUF@CBJ,Game total,over,7.0,fanduel,198,0.33557046979865773,0.26738739013671875,0.2144012451171875,0.011215667724609357,False
BUF@CBJ,Game total,over,7.5,fanduel,260,0.2777777777777778,0.26738739013671875,0.0,-0.03740539550781252,False
BUF@CBJ,Game total,over,8.0,fanduel,370,0.2127659574468085,0.18811798095703125,0.0792694091796875,-0.03657608032226556,True
BUF@CBJ,Game total,over,8.5,fanduel,410,0.19607843137254904,0.18811798095703125,0.0,-0.04059829711914065,True
BUF@CBJ,Game total,over,9.5,fanduel,960,0.09433962264150944,0.07867431640625,0.0,-0.16605224609375002,True
BUF@CBJ,Game total,over,10.5,fanduel,1550,0.06060606060606061,0.04875946044921875,0.0,-0.19546890258789062,True
BUF@CBJ,Game total,over,11.5,fanduel,4300,0.022727272727272728,0.01573944091796875,0.0,-0.307464599609375,True
BUF@CBJ,Game total,under,6.5,draftkings,-135,0.574468085106383,0.5182113647460938,0.0,-0.09792836507161462,False
BUF@CBJ,Game total,under,3.5,draftkings,480,0.1724137931034483,0.113983154296875,0.0,-0.338897705078125,True
BUF@CBJ,Game total,under,4.5,draftkings,295,0.2531645569620253,0.18633270263671875,0.0,-0.2639858245849609,True
BUF@CBJ,Game total,under,5.5,draftkings,110,0.47619047619047616,0.40642547607421875,0.0,-0.14650650024414058,False
BUF@CBJ,Game total,under,7.5,draftkings,-340,0.7727272727272727,0.7326126098632812,0.0,-0.051913093118106546,False
BUF@CBJ,Game total,under,8.5,draftkings,-600,0.8571428571428571,0.8118820190429688,0.0,-0.052804311116536384,True
BUF@CBJ,Game total,under,9.5,draftkings,-1800,0.9473684210526315,0.92132568359375,0.0,-0.02748955620659721,True
BUF@CBJ,Game total,under,6.5,fanduel,-134,0.5726495726495727,0.5182113647460938,0.0,-0.09506373618965724,False
BUF@CBJ,Game total,under,2.5,fanduel,2000,0.047619047619047616,0.0222320556640625,0.0,-0.5331268310546875,True
BUF@CBJ,Game total,under,3.0,fanduel,1600,0.058823529411764705,0.0222320556640625,0.0917510986328125,-0.530303955078125,True
BUF@CBJ,Game total,under,3.5,fanduel,520,0.16129032258064516,0.113983154296875,0.0,-0.293304443359375,True
BUF@CBJ,Game total,under,4.0,fanduel,490,0.1694915254237288,0.113983154296875,0.07234954833984375,-0.25514984130859375,True
BUF@CBJ,Game total,under,4.5,fanduel,300,0.25,0.18633270263671875,0.0,-0.254669189453125,True
BUF@CBJ,Game total,under,5.0,fanduel,225,0.3076923076923077,0.18633270263671875,0.2200927734375,-0.17432594299316406,True
BUF@CBJ,Game total,under,5.5,fanduel,114,0.4672897196261683,0.40642547607421875,0.0,-0.13024948120117197,False
BUF@CBJ,Game total,under,6.0,fanduel,-106,0.5145631067961165,0.40642547607421875,0.111785888671875,-0.09836837480653005,False
BUF@CBJ,Game total,under,7.0,fanduel,-250,0.7142857142857143,0.5182113647460938,0.2144012451171875,-0.06010284423828127,False
BUF@CBJ,Game total,under,7.5,fanduel,-360,0.782608695652174,0.7326126098632812,0.0,-0.06388388739691853,False
BUF@CBJ,Game total,under,8.0,fanduel,-520,0.8387096774193549,0.7326126098632812,0.0792694091796875,-0.047230940598707916,False
BUF@CBJ,Game total,under,8.5,fanduel,-650,0.8666666666666667,0.8118820190429688,0.0,-0.06321305495042073,True
BUF@CBJ,Game total,under,9.5,fanduel,-2000,0.9523809523809523,0.92132568359375,0.0,-0.0326080322265625,True
BUF@CBJ,Game total,under,10.5,fanduel,-3500,0.9722222222222223,0.9512405395507812,0.0,-0.021581159319196574,True
BUF@CBJ,Game total,under,11.5,fanduel,-8000,0.9876543209876544,0.9842605590820312,0.0,-0.003436183929443448,True
BUF@CBJ,BUF team total,over,3.5,draftkings,140,0.4166666666666667,0.4235076904296875,0.0,0.01641845703125,False
BUF@CBJ,BUF team total,over,0.5,draftkings,-3500,0.9722222222222223,0.9608154296875,0.0,-0.011732700892857273,True
BUF@CBJ,BUF team total,over,1.5,draftkings,-525,0.84,0.8360671997070312,0.0,-0.00468190511067712,True
BUF@CBJ,BUF team total,over,2.5,draftkings,-175,0.6363636363636364,0.64361572265625,0.0,0.011396135602678603,False
BUF@CBJ,BUF team total,over,4.5,draftkings,310,0.24390243902439027,0.2266693115234375,0.0,-0.07065582275390636,True
BUF@CBJ,BUF team total,over,5.5,draftkings,750,0.11764705882352941,0.09513092041015625,0.0,-0.19138717651367188,True
BUF@CBJ,BUF team total,over,3.5,fanduel,136,0.42372881355932196,0.4235076904296875,0.0,-0.0005218505859373446,False
BUF@CBJ,BUF team total,over,0.5,fanduel,-3500,0.9722222222222223,0.9608154296875,0.0,-0.011732700892857273,True
BUF@CBJ,BUF team total,over,1.5,fanduel,-600,0.8571428571428571,0.8360671997070312,0.0,-0.024588267008463505,True
BUF@CBJ,BUF team total,over,2.5,fanduel,-182,0.6453900709219857,0.64361572265625,0.0,-0.00274926489526095,False
BUF@CBJ,BUF team total,over,4.5,fanduel,330,0.23255813953488372,0.2266693115234375,0.0,-0.02532196044921875,True
BUF@CBJ,BUF team total,over,5.5,fanduel,800,0.1111111111111111,0.09513092041015625,0.0,-0.14382171630859375,True
BUF@CBJ,BUF team total,over,6.5,fanduel,2000,0.047619047619047616,0.03105926513671875,0.0,-0.34775543212890625,True
BUF@CBJ,BUF team total,over,7.5,fanduel,6500,0.015151515151515152,0.0081329345703125,0.0,-0.463226318359375,True
BUF@CBJ,BUF team total,under,3.5,draftkings,-180,0.6428571428571428,0.5764923095703125,0.0,-0.10323418511284721,False
BUF@CBJ,BUF team total,under,0.5,draftkings,1100,0.08333333333333333,0.0391845703125,0.0,-0.52978515625,True
BUF@CBJ,BUF team total,under,1.5,draftkings,340,0.22727272727272727,0.16393280029296875,0.0,-0.2786956787109375,True
BUF@CBJ,BUF team total,under,2.5,draftkings,135,0.425531914893617,0.35638427734375,0.0,-0.16249694824218752,False
BUF@CBJ,BUF team total,under,4.5,draftkings,-475,0.8260869565217391,0.7733306884765625,0.0,-0.06386285079152965,True
BUF@CBJ,BUF team total,under,5.5,draftkings,-1600,0.9411764705882353,0.9048690795898438,0.0,-0.038576602935791016,True
BUF@CBJ,BUF team total,under,3.5,fanduel,-174,0.635036496350365,0.5764923095703125,0.0,-0.09219027113640443,False
BUF@CBJ,BUF team total,under,0.5,fanduel,1480,0.06329113924050632,0.0391845703125,0.0,-0.3808837890625,True
BUF@CBJ,BUF team total,under,1.5,fanduel,360,0.2173913043478261,0.16393280029296875,0.0,-0.24590911865234377,True
BUF@CBJ,BUF team total,under,4.5,fanduel,-480,0.8275862068965518,0.7733306884765625,0.0,-0.06555875142415368,True
BUF@CBJ,BUF team total,under,5.5,fanduel,-1450,0.935483870967742,0.9048690795898438,0.0,-0.0327261563005119,True
BUF@CBJ,BUF team total,under,6.5,fanduel,-5000,0.9803921568627451,0.9689407348632812,0.0,-0.011680450439453094,True
BUF@CBJ,CBJ team total,over,2.5,draftkings,-175,0.6363636363636364,0.6201553344726562,0.0,-0.025470188685825956,False
BUF@CBJ,CBJ team total,over,0.5,draftkings,-4500,0.9782608695652175,0.954620361328125,0.0,-0.024165852864583393,True
BUF@CBJ,CBJ team total,over,1.5,draftkings,-525,0.84,0.8218460083007812,0.0,-0.021611894880022353,True
BUF@CBJ,CBJ team total,over,3.5,draftkings,130,0.4347826086956522,0.39958953857421875,0.0,-0.08094406127929699,False
BUF@CBJ,CBJ team total,over,4.5,draftkings,285,0.2597402597402597,0.20941162109375,0.0,-0.19376525878906248,True
BUF@CBJ,CBJ team total,over,5.5,draftkings,675,0.12903225806451613,0.0855865478515625,0.0,-0.3367042541503906,True
BUF@CBJ,CBJ team total,over,2.5,fanduel,-164,0.6212121212121212,0.6201553344726562,0.0,-0.0017011688976752426,False
BUF@CBJ,CBJ team total,over,0.5,fanduel,-3000,0.9677419354838709,0.954620361328125,0.0,-0.013558959960937367,True
BUF@CBJ,CBJ team total,over,1.5,fanduel,-550,0.8461538461538461,0.8218460083007812,0.0,-0.02872744473544031,True
BUF@CBJ,CBJ team total,over,3.5,fanduel,146,0.4065040650406504,0.39958953857421875,0.0,-0.017009735107421875,False
BUF@CBJ,CBJ team total,over,4.5,fanduel,330,0.23255813953488372,0.20941162109375,0.0,-0.09953002929687504,True
BUF@CBJ,CBJ team total,over,5.5,fanduel,840,0.10638297872340426,0.0855865478515625,0.0,-0.19548645019531252,True
BUF@CBJ,CBJ team total,over,6.5,fanduel,2300,0.041666666666666664,0.02756500244140625,0.0,-0.33843994140625,True
BUF@CBJ,CBJ team total,under,2.5,draftkings,135,0.425531914893617,0.37984466552734375,0.0,-0.1073650360107421,False
BUF@CBJ,CBJ team total,under,0.5,draftkings,1200,0.07692307692307693,0.045379638671875,0.0,-0.410064697265625,True
BUF@CBJ,CBJ team total,under,1.5,draftkings,340,0.22727272727272727,0.17815399169921875,0.0,-0.21612243652343743,True
BUF@CBJ,CBJ team total,under,3.5,draftkings,-170,0.6296296296296295,0.6004104614257812,0.0,-0.04640691420611209,False
BUF@CBJ,CBJ team total,under,4.5,draftkings,-425,0.8095238095238095,0.79058837890625,0.0,-0.02339082605698528,True
BUF@CBJ,CBJ team total,under,5.5,draftkings,-1350,0.9310344827586208,0.9144134521484375,0.0,-0.01785221806278947,True
BUF@CBJ,CBJ team total,under,2.5,fanduel,128,0.43859649122807015,0.37984466552734375,0.0,-0.13395416259765613,False
BUF@CBJ,CBJ team total,under,0.5,fanduel,1400,0.06666666666666667,0.045379638671875,0.0,-0.319305419921875,True
BUF@CBJ,CBJ team total,under,1.5,fanduel,350,0.2222222222222222,0.17815399169921875,0.0,-0.19830703735351562,True
BUF@CBJ,CBJ team total,under,3.5,fanduel,-186,0.6503496503496503,0.6004104614257812,0.0,-0.0767882152270245,False
BUF@CBJ,CBJ team total,under,4.5,fanduel,-480,0.8275862068965518,0.79058837890625,0.0,-0.04470570882161462,True
BUF@CBJ,CBJ team total,under,5.5,fanduel,-1600,0.9411764705882353,0.9144134521484375,0.0,-0.028435707092285156,True
BUF@CBJ,CBJ team total,under,6.5,fanduel,-6000,0.9836065573770493,0.9724349975585938,0.0,-0.011357752482096362,True
